micsanc1,sourceanc1,micsanc4,sourceanc4,micsbcg,sourcebcg,micsdelivery,sourcedelivery,micsfp,sourcefp,micsimr,sourceimr,micsnmr,sourcenmr,micspenta1,sourcepenta1,micspenta3,sourcepenta3,micspnc1,sourcepnc1,micsstill,sourcestill,year,x,country,source_file,anc1volume,anc4volume,deliveryvolume,opdvolume,pnc1volume,fp_oralvolume,anc1mics,anc4mics,bcgmics,deliverymics,fpmics,penta3mics,anc1dhs,anc4dhs,bcgdhs,deliverydhs,fpdhs,penta3dhs,dhis_livebirth,anc4hmis,deliveryhmis,wppCBR,wppIMR,wppModernUsers,wppU5MR,wpplivebirth,wppmCPR,wpptotpop,wpptotu1pop,wpptotu5pop,wppwomenrepage,iso3,IndicatorId,IndicatorName,IndicatorShortName,Source,SourceYear,Author,LocationId,Location,Iso2,Iso3,TimeId,Time,VariantId,Variant,SexId,Sex,AgeId,AgeStart,AgeEnd,Age,CategoryId,Category,EstimateTypeId,EstimateType,EstimateMethodId,EstimateMethod,Value,indicatortype,source,province,coverage,denominator_source,datasource,change,years,group,lastsource
,,,,31.0,WUENIC,,,,,,,45.5339000236466,UN_IGME,42.0,WUENIC,19.0,WUENIC,,,,,1990.0,,Somalia,MICS,,,,,,,,,,,,,,,,,,,,,,,,,,,,,,,,,,,,,,,,,,,,,,,,,,,,,,,,,,,,,,,,,,,,,
,,,,31.0,WUENIC,,,,,,,45.0626539035016,UN_IGME,44.0,WUENIC,20.0,WUENIC,,,,,1991.0,,Somalia,MICS,,,,,,,,,,,,,,,,,,,,,,,,,,,,,,,,,,,,,,,,,,,,,,,,,,,,,,,,,,,,,,,,,,,,,
,,,,37.0,WUENIC,,,,,,,44.7876975332596,UN_IGME,45.0,WUENIC,21.0,WUENIC,,,,,1992.0,,Somalia,MICS,,,,,,,,,,,,,,,,,,,,,,,,,,,,,,,,,,,,,,,,,,,,,,,,,,,,,,,,,,,,,,,,,,,,,
,,,,42.0,WUENIC,,,,,,,44.6505780743916,UN_IGME,46.0,WUENIC,22.0,WUENIC,,,,,1993.0,,Somalia,MICS,,,,,,,,,,,,,,,,,,,,,,,,,,,,,,,,,,,,,,,,,,,,,,,,,,,,,,,,,,,,,,,,,,,,,
,,,,48.0,WUENIC,,,,,,,44.5446599426624,UN_IGME,47.0,WUENIC,23.0,WUENIC,,,,,1994.0,,Somalia,MICS,,,,,,,,,,,,,,,,,,,,,,,,,,,,,,,,,,,,,,,,,,,,,,,,,,,,,,,,,,,,,,,,,,,,,
,,,,46.0,WUENIC,,,,,,,44.3880006121285,UN_IGME,46.0,WUENIC,22.0,WUENIC,,,,,1995.0,,Somalia,MICS,,,,,,,,,,,,,,,,,,,,,,,,,,,,,,,,,,,,,,,,,,,,,,,,,,,,,,,,,,,,,,,,,,,,,
,,,,43.0,WUENIC,,,,,,,44.2655853605325,UN_IGME,45.0,WUENIC,21.0,WUENIC,,,,,1996.0,,Somalia,MICS,,,,,,,,,,,,,,,,,,,,,,,,,,,,,,,,,,,,,,,,,,,,,,,,,,,,,,,,,,,,,,,,,,,,,
,,,,37.0,WUENIC,,,,,,,44.1734843838126,UN_IGME,42.0,WUENIC,19.0,WUENIC,,,,,1997.0,,Somalia,MICS,,,,,,,,,,,,,,,,,,,,,,,,,,,,,,,,,,,,,,,,,,,,,,,,,,,,,,,,,,,,,,,,,,,,,
,,,,54.0,WUENIC,,,,,,,44.2385187097112,UN_IGME,51.0,WUENIC,33.0,WUENIC,,,,,1998.0,,Somalia,MICS,,,,,,,,,,,,,,,,,,,,,,,,,,,,,,,,,,,,,,,,,,,,,,,,,,,,,,,,,,,,,,,,,,,,,
,,,,71.0,WUENIC,,,,,,,44.4312424942589,UN_IGME,59.0,WUENIC,36.0,WUENIC,,,,,1999.0,,Somalia,MICS,,,,,,,,,,,,,,,,,,,,,,,,,,,,,,,,,,,,,,,,,,,,,,,,,,,,,,,,,,,,,,,,,,,,,
32.3,Multiple Indicator Cluster Survey 2000,,,69.0,WUENIC,,,,,,,44.6783669894478,UN_IGME,57.0,WUENIC,33.0,WUENIC,,,,,2000.0,,Somalia,MICS,,,,,,,,,,,,,,,,,,,,,,,,,,,,,,,,,,,,,,,,,,,,,,,,,,,,,,,,,,,,,,,,,,,,,
,,,,70.0,WUENIC,,,,,,,44.9493259923449,UN_IGME,57.0,WUENIC,33.0,WUENIC,,,,,2001.0,,Somalia,MICS,,,,,,,,,,,,,,,,,,,,,,,,,,,,,,,,,,,,,,,,,,,,,,,,,,,,,,,,,,,,,,,,,,,,,
,,,,60.0,WUENIC,8.8,Other NS 2002,,,,,45.3181960173649,UN_IGME,60.0,WUENIC,40.0,WUENIC,,,,,2002.0,,Somalia,MICS,,,,,,,,,,,,,,,,,,,,,,,,,,,,,,,,,,,,,,,,,,,,,,,,,,,,,,,,,,,,,,,,,,,,,
,,,,65.0,WUENIC,,,,,,,45.6183246831949,UN_IGME,65.0,WUENIC,40.0,WUENIC,,,,,2003.0,,Somalia,MICS,,,,,,,,,,,,,,,,,,,,,,,,,,,,,,,,,,,,,,,,,,,,,,,,,,,,,,,,,,,,,,,,,,,,,
,,,,50.0,WUENIC,,,,,,,45.7428127382046,UN_IGME,50.0,WUENIC,30.0,WUENIC,,,,,2004.0,,Somalia,MICS,,,,,,,,,,,,,,,,,,,,,,,,,,,,,,,,,,,,,,,,,,,,,,,,,,,,,,,,,,,,,,,,,,,,,
,,,,50.0,WUENIC,,,,,,,45.8579729929825,UN_IGME,50.0,WUENIC,35.0,WUENIC,,,,,2005.0,,Somalia,MICS,,,,,,,,,,,,,,,,,,,,,,,,,,,,,,,,,,,,,,,,,,,,,,,,,,,,,,,,,,,,,,,,,,,,,
26.1,Multiple Indicator Cluster Survey 2006,6.3,Multiple Indicator Cluster Survey 2006,40.0,WUENIC,9.4,Multiple Indicator Cluster Survey 2006,,,,,45.8566548661746,UN_IGME,40.0,WUENIC,26.0,WUENIC,,,,,2006.0,,Somalia,MICS,,,,,,,,,,,,,,,,,,,,,,,,,,,,,,,,,,,,,,,,,,,,,,,,,,,,,,,,,,,,,,,,,,,,,
,,,,38.0,WUENIC,,,,,,,45.5323905182664,UN_IGME,59.0,WUENIC,40.0,WUENIC,,,,,2007.0,,Somalia,MICS,,,,,,,,,,,,,,,,,,,,,,,,,,,,,,,,,,,,,,,,,,,,,,,,,,,,,,,,,,,,,,,,,,,,,
,,,,36.0,WUENIC,,,,,,,44.9512708718601,UN_IGME,40.0,WUENIC,31.0,WUENIC,,,,,2008.0,,Somalia,MICS,,,,,,,,,,,,,,,,,,,,,,,,,,,,,,,,,,,,,,,,,,,,,,,,,,,,,,,,,,,,,,,,,,,,,
,,,,29.0,WUENIC,,,,,,,44.2609677135536,UN_IGME,52.0,WUENIC,42.0,WUENIC,,,,,2009.0,,Somalia,MICS,,,,,,,,,,,,,,,,,,,,,,,,,,,,,,,,,,,,,,,,,,,,,,,,,,,,,,,,,,,,,,,,,,,,,
,,,,41.0,WUENIC,,,,,,,43.6388648670509,UN_IGME,55.0,WUENIC,45.0,WUENIC,,,,,2010.0,,Somalia,MICS,,,,,,,,,,,,,,,,,,,,,,,,,,,,,,,,,,,,,,,,,,,,,,,,,,,,,,,,,,,,,,,,,,,,,
,,,,39.0,WUENIC,,,,,,,42.8612313002966,UN_IGME,52.0,WUENIC,41.0,WUENIC,,,,,2011.0,,Somalia,MICS,,,,,,,,,,,,,,,,,,,,,,,,,,,,,,,,,,,,,,,,,,,,,,,,,,,,,,,,,,,,,,,,,,,,,
,,,,37.0,WUENIC,,,,,,,42.3697623245837,UN_IGME,52.0,WUENIC,42.0,WUENIC,,,,,2012.0,,Somalia,MICS,,,,,,,,,,,,,,,,,,,,,,,,,,,,,,,,,,,,,,,,,,,,,,,,,,,,,,,,,,,,,,,,,,,,,
,,,,37.0,WUENIC,,,,,,,41.6239949793963,UN_IGME,52.0,WUENIC,42.0,WUENIC,,,,,2013.0,,Somalia,MICS,,,,,,,,,,,,,,,,,,,,,,,,,,,,,,,,,,,,,,,,,,,,,,,,,,,,,,,,,,,,,,,,,,,,,
,,,,37.0,WUENIC,,,,,,,40.7645302544551,UN_IGME,52.0,WUENIC,42.0,WUENIC,,,,,2014.0,,Somalia,MICS,,,,,,,,,,,,,,,,,,,,,,,,,,,,,,,,,,,,,,,,,,,,,,,,,,,,,,,,,,,,,,,,,,,,,
,,,,37.0,WUENIC,,,,,,,39.9522633329485,UN_IGME,52.0,WUENIC,42.0,WUENIC,,,,,2015.0,,Somalia,MICS,,,,,,,,,,,,,,,,,,,,,,,,,,,,,,,,,,,,,,,,,,,,,,,,,,,,,,,,,,,,,,,,,,,,,
,,,,37.0,WUENIC,,,,,,,39.3398068939767,UN_IGME,52.0,WUENIC,42.0,WUENIC,,,,,2016.0,,Somalia,MICS,,,,,,,,,,,,,,,,,,,,,,,,,,,,,,,,,,,,,,,,,,,,,,,,,,,,,,,,,,,,,,,,,,,,,
,,,,37.0,WUENIC,,,,,,,38.7148980466764,UN_IGME,52.0,WUENIC,42.0,WUENIC,,,,,2017.0,,Somalia,MICS,,,,,,,,,,,,,,,,,,,,,,,,,,,,,,,,,,,,,,,,,,,,,,,,,,,,,,,,,,,,,,,,,,,,,
,,,,37.0,WUENIC,,,,,,,38.116920059904,UN_IGME,52.0,WUENIC,42.0,WUENIC,,,,,2018.0,,Somalia,MICS,,,,,,,,,,,,,,,,,,,,,,,,,,,,,,,,,,,,,,,,,,,,,,,,,,,,,,,,,,,,,,,,,,,,,
31.1,Directorate of National Statistics; Federal Government of Somalia. The Somali Health and Demographic Survey 2020.,24.4,Directorate of National Statistics; Federal Government of Somalia. The Somali Health and Demographic Survey 2020.,37.0,WUENIC,20.7,Directorate of National Statistics; Federal Government of Somalia. The Somali Health and Demographic Survey 2020.,,,,,37.4453881763558,UN_IGME,52.0,WUENIC,42.0,WUENIC,10.5,Directorate of National Statistics; Federal Government of Somalia. The Somali Health and Demographic Survey 2020.,,,2019.0,,Somalia,MICS,,,,,,,,,,,,,,,,,,,,,,,,,,,,,,,,,,,,,,,,,,,,,,,,,,,,,,,,,,,,,,,,,,,,,
,,,,37.0,WUENIC,,,,,,,36.785355132987,UN_IGME,52.0,WUENIC,42.0,WUENIC,,,,,2020.0,,Somalia,MICS,,,,,,,,,,,,,,,,,,,,,,,,,,,,,,,,,,,,,,,,,,,,,,,,,,,,,,,,,,,,,,,,,,,,,
,,,,37.0,WUENIC,,,,,,,,,52.0,WUENIC,42.0,WUENIC,,,,,2021.0,,Somalia,MICS,,,,,,,,,,,,,,,,,,,,,,,,,,,,,,,,,,,,,,,,,,,,,,,,,,,,,,,,,,,,,,,,,,,,,
,,,,,,,,,,,,,,,,,,,,,,2017.0,,Somalia,MICS_surveys,0.0,0.0,0.0,3174358.0,0.0,0.0,,,,,,,,,,,,,,,,,,,,,,,,,,,,,,,,,,,,,,,,,,,,,,,,,,,,,,,,,,,,,,,
,,,,,,,,,,,,,,,,,,,,,,2018.0,,Somalia,MICS_surveys,580684.0,134510.0,172121.0,4557237.0,143350.0,0.0,,,,,,,,,,,,,,,,,,,,,,,,,,,,,,,,,,,,,,,,,,,,,,,,,,,,,,,,,,,,,,,
,,,,,,,,,,,,,,,,,,,,,,2019.0,,Somalia,MICS_surveys,576883.0,149771.0,181569.0,4807181.0,160626.0,0.0,,,,,,,,,,,,,,,,,,,,,,,,,,,,,,,,,,,,,,,,,,,,,,,,,,,,,,,,,,,,,,,
,,,,,,,,,,,,,,,,,,,,,,2020.0,,Somalia,MICS_surveys,590036.0,173216.0,198007.0,5185150.0,179427.0,0.0,,,,,,,,,,,,,,,,,,,,,,,,,,,,,,,,,,,,,,,,,,,,,,,,,,,,,,,,,,,,,,,
,,,,,,,,,,,,,,,,,,,,,,2021.0,,Somalia,MICS_surveys,608913.0,191714.0,210588.0,5305491.0,196769.0,0.0,,,,,,,,,,,,,,,,,,,,,,,,,,,,,,,,,,,,,,,,,,,,,,,,,,,,,,,,,,,,,,,
,,,,,,,,,,,,,,,,,,,,,,2022.0,,Somalia,MICS_surveys,50540.0,16481.0,16968.0,1172614.0,16291.0,0.0,,,,,,,,,,,,,,,,,,,,,,,,,,,,,,,,,,,,,,,,,,,,,,,,,,,,,,,,,,,,,,,
,,,,,,,,,,,,,,,,,,,,,,1980.0,,Somalia,UNWPP_WPP,,,,,,,,,,,,,,,,,,,,,,47.314,119.84591,61.0,201.55379,277302.0,0.0,5892224.0,252228.0,1077453.5,1330241.0,SOM,,,,,,,,,,,,,,,,,,,,,,,,,,,,,,,,,,,,,
,,,,,,,,,,,,,,,,,,,,,,1981.0,,Somalia,UNWPP_WPP,,,,,,,,,,,,,,,,,,,,,,47.738,118.99769,74.0,199.94205,291329.0,0.0,5934938.0,256133.0,1097231.0,1338501.0,SOM,,,,,,,,,,,,,,,,,,,,,,,,,,,,,,,,,,,,,
,,,,,,,,,,,,,,,,,,,,,,1982.0,,Somalia,UNWPP_WPP,,,,,,,,,,,,,,,,,,,,,,48.024,118.18069,85.0,198.39139,285754.0,0.0,5951805.0,258916.0,1112081.0,1340439.0,SOM,,,,,,,,,,,,,,,,,,,,,,,,,,,,,,,,,,,,,
,,,,,,,,,,,,,,,,,,,,,,1983.0,,Somalia,UNWPP_WPP,,,,,,,,,,,,,,,,,,,,,,48.255,116.57546,104.0,195.34828,296252.0,0.0,6142513.0,268765.0,1157524.5,1381066.0,SOM,,,,,,,,,,,,,,,,,,,,,,,,,,,,,,,,,,,,,
,,,,,,,,,,,,,,,,,,,,,,1984.0,,Somalia,UNWPP_WPP,,,,,,,,,,,,,,,,,,,,,,48.461,115.18754,125.0,192.71982,307257.0,0.0,6369020.0,280180.0,1208728.5,1428766.0,SOM,,,,,,,,,,,,,,,,,,,,,,,,,,,,,,,,,,,,,
,,,,,,,,,,,,,,,,,,,,,,1985.0,,Somalia,UNWPP_WPP,,,,,,,,,,,,,,,,,,,,,,48.711,114.82024,151.0,192.69223,321553.0,0.0,6630637.0,293203.0,1266585.5,1483243.0,SOM,,,,,,,,,,,,,,,,,,,,,,,,,,,,,,,,,,,,,
,,,,,,,,,,,,,,,,,,,,,,1986.0,,Somalia,UNWPP_WPP,,,,,,,,,,,,,,,,,,,,,,48.871,114.13521,183.0,191.49174,335893.0,0.0,6908579.0,306862.0,1327253.5,1540172.0,SOM,,,,,,,,,,,,,,,,,,,,,,,,,,,,,,,,,,,,,
,,,,,,,,,,,,,,,,,,,,,,1987.0,,Somalia,UNWPP_WPP,,,,,,,,,,,,,,,,,,,,,,48.999,113.13612,220.0,188.8009,351249.0,0.0,7158004.0,319017.0,1381941.5,1589347.0,SOM,,,,,,,,,,,,,,,,,,,,,,,,,,,,,,,,,,,,,
,,,,,,,,,,,,,,,,,,,,,,1988.0,,Somalia,UNWPP_WPP,,,,,,,,,,,,,,,,,,,,,,49.057,115.77873,262.0,196.7626,361541.0,0.0,7160461.0,319757.0,1388923.0,1584735.0,SOM,,,,,,,,,,,,,,,,,,,,,,,,,,,,,,,,,,,,,
,,,,,,,,,,,,,,,,,,,,,,1989.0,,Somalia,UNWPP_WPP,,,,,,,,,,,,,,,,,,,,,,49.159,110.10142,296.0,183.02266,352491.0,0.0,7035378.0,315129.0,1371465.0,1552641.0,SOM,,,,,,,,,,,,,,,,,,,,,,,,,,,,,,,,,,,,,
,,,,,,,,,,,,,,,,,,,,,,1990.0,,Somalia,UNWPP_WPP,,,,,,,,,,,,,,,,,,,,,,49.008,108.28466,343.0,179.6148,349163.0,0.0,6999096.0,313986.0,1370216.5,1539913.0,SOM,,,,,,,,,,,,,,,,,,,,,,,,,,,,,,,,,,,,,
,,,,,,,,,,,,,,,,,,,,,,1991.0,,Somalia,UNWPP_WPP,,,,,,,,,,,,,,,,,,,,,,49.4,237.35564,391.0,418.69293,346465.0,0.0,6732702.0,289806.0,1289722.0,1490899.0,SOM,,,,,,,,,,,,,,,,,,,,,,,,,,,,,,,,,,,,,
,,,,,,,,,,,,,,,,,,,,,,1992.0,,Somalia,UNWPP_WPP,,,,,,,,,,,,,,,,,,,,,,50.214,236.31493,421.0,417.29083,327368.0,0.0,6428142.0,267680.0,1175817.0,1444982.0,SOM,,,,,,,,,,,,,,,,,,,,,,,,,,,,,,,,,,,,,
,,,,,,,,,,,,,,,,,,,,,,1993.0,,Somalia,UNWPP_WPP,,,,,,,,,,,,,,,,,,,,,,50.438,104.62293,482.0,172.89249,327630.0,0.1,6620729.0,292330.0,1195136.5,1495740.0,SOM,,,,,,,,,,,,,,,,,,,,,,,,,,,,,,,,,,,,,
,,,,,,,,,,,,,,,,,,,,,,1994.0,,Somalia,UNWPP_WPP,,,,,,,,,,,,,,,,,,,,,,50.262,105.10856,592.0,174.33142,351181.0,0.1,6959829.0,320112.0,1278792.5,1567567.0,SOM,,,,,,,,,,,,,,,,,,,,,,,,,,,,,,,,,,,,,
,,,,,,,,,,,,,,,,,,,,,,1995.0,,Somalia,UNWPP_WPP,,,,,,,,,,,,,,,,,,,,,,50.145,104.47749,695.0,172.58707,360026.0,0.1,7210930.0,331198.0,1360047.0,1619715.0,SOM,,,,,,,,,,,,,,,,,,,,,,,,,,,,,,,,,,,,,
,,,,,,,,,,,,,,,,,,,,,,1996.0,,Somalia,UNWPP_WPP,,,,,,,,,,,,,,,,,,,,,,50.1,104.77114,816.0,173.39609,375622.0,0.1,7472450.0,342707.0,1455540.0,1674435.0,SOM,,,,,,,,,,,,,,,,,,,,,,,,,,,,,,,,,,,,,
,,,,,,,,,,,,,,,,,,,,,,1997.0,,Somalia,UNWPP_WPP,,,,,,,,,,,,,,,,,,,,,,50.345,106.81825,951.0,177.02806,388239.0,0.1,7734313.0,355228.0,1543415.5,1729200.0,SOM,,,,,,,,,,,,,,,,,,,,,,,,,,,,,,,,,,,,,
,,,,,,,,,,,,,,,,,,,,,,1998.0,,Somalia,UNWPP_WPP,,,,,,,,,,,,,,,,,,,,,,50.194,104.57112,1120.0,172.83617,403112.0,0.1,8056862.0,370374.0,1619611.0,1797257.0,SOM,,,,,,,,,,,,,,,,,,,,,,,,,,,,,,,,,,,,,
,,,,,,,,,,,,,,,,,,,,,,1999.0,,Somalia,UNWPP_WPP,,,,,,,,,,,,,,,,,,,,,,50.067,104.73361,1319.0,173.33543,418943.0,0.1,8384479.0,384585.0,1684747.0,1865982.0,SOM,,,,,,,,,,,,,,,,,,,,,,,,,,,,,,,,,,,,,
,,,,,,,,,,,,,,,,,,,,,,2000.0,,Somalia,UNWPP_WPP,,,,,,,,,,,,,,,,,,,,,,49.901,104.5523,1545.0,172.85368,433978.0,0.1,8721465.0,398898.0,1751213.5,1935316.0,SOM,,,,,,,,,,,,,,,,,,,,,,,,,,,,,,,,,,,,,
,,,,,,,,,,,,,,,,,,,,,,2001.0,,Somalia,UNWPP_WPP,,,,,,,,,,,,,,,,,,,,,,49.72,104.44117,1801.0,172.49335,450098.0,0.1,9070747.0,413484.0,1819696.5,2006185.0,SOM,,,,,,,,,,,,,,,,,,,,,,,,,,,,,,,,,,,,,
,,,,,,,,,,,,,,,,,,,,,,2002.0,,Somalia,UNWPP_WPP,,,,,,,,,,,,,,,,,,,,,,49.688,104.44091,2102.0,172.5163,467423.0,0.2,9411103.0,428119.0,1885003.0,2074725.0,SOM,,,,,,,,,,,,,,,,,,,,,,,,,,,,,,,,,,,,,
,,,,,,,,,,,,,,,,,,,,,,2003.0,,Somalia,UNWPP_WPP,,,,,,,,,,,,,,,,,,,,,,49.446,104.54056,2433.0,172.74924,481788.0,0.2,9758281.0,442684.0,1949861.5,2143850.0,SOM,,,,,,,,,,,,,,,,,,,,,,,,,,,,,,,,,,,,,
,,,,,,,,,,,,,,,,,,,,,,2004.0,,Somalia,UNWPP_WPP,,,,,,,,,,,,,,,,,,,,,,49.232,104.56247,2819.0,172.82524,497780.0,0.2,10117355.0,456897.0,2015839.0,2212836.0,SOM,,,,,,,,,,,,,,,,,,,,,,,,,,,,,,,,,,,,,
,,,,,,,,,,,,,,,,,,,,,,2005.0,,Somalia,UNWPP_WPP,,,,,,,,,,,,,,,,,,,,,,48.972,104.40671,3237.0,172.40121,512853.0,0.2,10467292.0,470476.0,2078861.0,2273701.0,SOM,,,,,,,,,,,,,,,,,,,,,,,,,,,,,,,,,,,,,
,,,,,,,,,,,,,,,,,,,,,,2006.0,,Somalia,UNWPP_WPP,,,,,,,,,,,,,,,,,,,,,,48.739,104.12516,3682.0,171.90567,527402.0,0.3,10784973.0,482418.0,2134577.5,2322178.0,SOM,,,,,,,,,,,,,,,,,,,,,,,,,,,,,,,,,,,,,
,,,,,,,,,,,,,,,,,,,,,,2007.0,,Somalia,UNWPP_WPP,,,,,,,,,,,,,,,,,,,,,,48.466,103.50658,4165.0,171.17325,538760.0,0.3,11118092.0,494928.0,2192073.0,2378688.0,SOM,,,,,,,,,,,,,,,,,,,,,,,,,,,,,,,,,,,,,
,,,,,,,,,,,,,,,,,,,,,,2008.0,,Somalia,UNWPP_WPP,,,,,,,,,,,,,,,,,,,,,,48.242,101.31442,4711.0,166.75711,554707.0,0.3,11444870.0,507297.0,2247907.5,2445941.0,SOM,,,,,,,,,,,,,,,,,,,,,,,,,,,,,,,,,,,,,
,,,,,,,,,,,,,,,,,,,,,,2009.0,,Somalia,UNWPP_WPP,,,,,,,,,,,,,,,,,,,,,,47.946,98.74512,5287.0,161.87991,564972.0,0.3,11730037.0,517789.0,2296234.0,2510519.0,SOM,,,,,,,,,,,,,,,,,,,,,,,,,,,,,,,,,,,,,
,,,,,,,,,,,,,,,,,,,,,,2010.0,,Somalia,UNWPP_WPP,,,,,,,,,,,,,,,,,,,,,,47.696,102.49805,5944.0,169.81264,575837.0,0.4,12026650.0,527790.0,2345182.5,2579161.0,SOM,,,,,,,,,,,,,,,,,,,,,,,,,,,,,,,,,,,,,
,,,,,,,,,,,,,,,,,,,,,,2011.0,,Somalia,UNWPP_WPP,,,,,,,,,,,,,,,,,,,,,,47.53,100.04734,6712.0,165.42705,588550.0,0.4,12216838.0,533729.0,2372162.5,2626101.0,SOM,,,,,,,,,,,,,,,,,,,,,,,,,,,,,,,,,,,,,
,,,,,,,,,,,,,,,,,,,,,,2012.0,,Somalia,UNWPP_WPP,,,,,,,,,,,,,,,,,,,,,,47.282,91.44493,7418.0,148.4842,589585.0,0.5,12440327.0,542621.0,2409105.5,2679962.0,SOM,,,,,,,,,,,,,,,,,,,,,,,,,,,,,,,,,,,,,
,,,,,,,,,,,,,,,,,,,,,,2013.0,,Somalia,UNWPP_WPP,,,,,,,,,,,,,,,,,,,,,,46.995,88.69093,8490.0,143.49896,603666.0,0.5,12852485.0,558914.0,2485652.5,2774394.0,SOM,,,,,,,,,,,,,,,,,,,,,,,,,,,,,,,,,,,,,
,,,,,,,,,,,,,,,,,,,,,,2014.0,,Somalia,UNWPP_WPP,,,,,,,,,,,,,,,,,,,,,,46.747,86.1417,9797.0,138.84753,622191.0,0.6,13309235.0,576167.0,2571794.5,2878803.0,SOM,,,,,,,,,,,,,,,,,,,,,,,,,,,,,,,,,,,,,
,,,,,,,,,,,,,,,,,,,,,,2015.0,,Somalia,UNWPP_WPP,,,,,,,,,,,,,,,,,,,,,,46.474,83.89323,11329.0,134.74211,640231.0,0.6,13763907.0,593185.0,2658321.5,2983127.0,SOM,,,,,,,,,,,,,,,,,,,,,,,,,,,,,,,,,,,,,
,,,,,,,,,,,,,,,,,,,,,,2016.0,,Somalia,UNWPP_WPP,,,,,,,,,,,,,,,,,,,,,,46.156,81.97885,13134.0,131.51906,657011.0,0.7,14292847.0,612713.0,2756745.5,3104111.0,SOM,,,,,,,,,,,,,,,,,,,,,,,,,,,,,,,,,,,,,
,,,,,,,,,,,,,,,,,,,,,,2017.0,,Somalia,UNWPP_WPP,,,,,,,,,,,,,,,,,,,,,,45.457,79.83305,15551.0,127.768425,674938.0,0.8,14864221.0,630873.0,2857082.5,3235799.0,SOM,,,,,,,,,,,,,,,,,,,,,,,,,,,,,,,,,,,,,
,,,,,,,,,,,,,,,,,,,,,,2018.0,,Somalia,UNWPP_WPP,,,,,,,,,,,,,,,,,,,,,,44.992,77.24406,18431.0,122.869,692627.0,0.9,15411094.0,646621.0,2947104.0,3363553.0,SOM,,,,,,,,,,,,,,,,,,,,,,,,,,,,,,,,,,,,,
,,,,,,,,,,,,,,,,,,,,,,2019.0,,Somalia,UNWPP_WPP,,,,,,,,,,,,,,,,,,,,,,44.564,75.03903,21993.0,118.89597,711293.0,1.0,15981301.0,664788.0,3038211.0,3497047.0,SOM,,,,,,,,,,,,,,,,,,,,,,,,,,,,,,,,,,,,,
,,,,,,,,,,,,,,,,,,,,,,2020.0,,Somalia,UNWPP_WPP,,,,,,,,,,,,,,,,,,,,,,44.007,72.94605,26583.0,114.999855,728149.0,1.2,16537016.0,681262.0,3123197.0,3629292.0,SOM,,,,,,,,,,,,,,,,,,,,,,,,,,,,,,,,,,,,,
,,,,,,,,,,,,,,,,,,,,,,2021.0,,Somalia,UNWPP_WPP,,,,,,,,,,,,,,,,,,,,,,43.561,71.19745,32119.0,111.850716,743932.0,1.4,17065580.0,696080.0,3200131.0,3758194.0,SOM,,,,,,,,,,,,,,,,,,,,,,,,,,,,,,,,,,,,,
,,,,,,,,,,,,,,,,,,,,,,2022.0,,Somalia,UNWPP_WPP,,,,,,,,,,,,,,,,,,,,,,43.086,66.16501,38839.0,104.46204,759044.0,1.6,17597512.0,711721.0,3277527.5,3889376.0,SOM,,,,,,,,,,,,,,,,,,,,,,,,,,,,,,,,,,,,,
,,,,,,,,,,,,,,,,,,,,,,2023.0,,Somalia,UNWPP_WPP,,,,,,,,,,,,,,,,,,,,,,42.649,64.29345,46621.0,101.85326,774627.0,1.9,18143380.0,727486.0,3356724.0,4024794.0,SOM,,,,,,,,,,,,,,,,,,,,,,,,,,,,,,,,,,,,,
,,,,,,,,,,,,,,,,,,,,,,,,,UNWPP_portal_apr2023,,,,,,,,,,,,,,,,,,,,,,,,,,,,,,,,,2.0,Contraceptive prevalence: Any modern method (Percent),CP Modern,Estimates and Projections of Family Planning Indicators,2022.0,United Nations Population Division,706.0,Somalia,SO,SOM,31.0,1980.0,4.0,Median,2.0,Female,31.0,15.0,49.0,15-49,100.0,Married or in a union women,1.0,Model-based Estimates,3.0,Projection,0.0,,,,,,,,,,
,,,,,,,,,,,,,,,,,,,,,,,,,UNWPP_portal_apr2023,,,,,,,,,,,,,,,,,,,,,,,,,,,,,,,,,2.0,Contraceptive prevalence: Any modern method (Percent),CP Modern,Estimates and Projections of Family Planning Indicators,2022.0,United Nations Population Division,706.0,Somalia,SO,SOM,32.0,1981.0,4.0,Median,2.0,Female,31.0,15.0,49.0,15-49,100.0,Married or in a union women,1.0,Model-based Estimates,3.0,Projection,0.0,,,,,,,,,,
,,,,,,,,,,,,,,,,,,,,,,,,,UNWPP_portal_apr2023,,,,,,,,,,,,,,,,,,,,,,,,,,,,,,,,,2.0,Contraceptive prevalence: Any modern method (Percent),CP Modern,Estimates and Projections of Family Planning Indicators,2022.0,United Nations Population Division,706.0,Somalia,SO,SOM,33.0,1982.0,4.0,Median,2.0,Female,31.0,15.0,49.0,15-49,100.0,Married or in a union women,1.0,Model-based Estimates,3.0,Projection,0.0,,,,,,,,,,
,,,,,,,,,,,,,,,,,,,,,,,,,UNWPP_portal_apr2023,,,,,,,,,,,,,,,,,,,,,,,,,,,,,,,,,2.0,Contraceptive prevalence: Any modern method (Percent),CP Modern,Estimates and Projections of Family Planning Indicators,2022.0,United Nations Population Division,706.0,Somalia,SO,SOM,34.0,1983.0,4.0,Median,2.0,Female,31.0,15.0,49.0,15-49,100.0,Married or in a union women,1.0,Model-based Estimates,3.0,Projection,0.0,,,,,,,,,,
,,,,,,,,,,,,,,,,,,,,,,,,,UNWPP_portal_apr2023,,,,,,,,,,,,,,,,,,,,,,,,,,,,,,,,,2.0,Contraceptive prevalence: Any modern method (Percent),CP Modern,Estimates and Projections of Family Planning Indicators,2022.0,United Nations Population Division,706.0,Somalia,SO,SOM,35.0,1984.0,4.0,Median,2.0,Female,31.0,15.0,49.0,15-49,100.0,Married or in a union women,1.0,Model-based Estimates,3.0,Projection,0.0,,,,,,,,,,
,,,,,,,,,,,,,,,,,,,,,,,,,UNWPP_portal_apr2023,,,,,,,,,,,,,,,,,,,,,,,,,,,,,,,,,2.0,Contraceptive prevalence: Any modern method (Percent),CP Modern,Estimates and Projections of Family Planning Indicators,2022.0,United Nations Population Division,706.0,Somalia,SO,SOM,36.0,1985.0,4.0,Median,2.0,Female,31.0,15.0,49.0,15-49,100.0,Married or in a union women,1.0,Model-based Estimates,3.0,Projection,0.0,,,,,,,,,,
,,,,,,,,,,,,,,,,,,,,,,,,,UNWPP_portal_apr2023,,,,,,,,,,,,,,,,,,,,,,,,,,,,,,,,,2.0,Contraceptive prevalence: Any modern method (Percent),CP Modern,Estimates and Projections of Family Planning Indicators,2022.0,United Nations Population Division,706.0,Somalia,SO,SOM,37.0,1986.0,4.0,Median,2.0,Female,31.0,15.0,49.0,15-49,100.0,Married or in a union women,1.0,Model-based Estimates,3.0,Projection,0.0,,,,,,,,,,
,,,,,,,,,,,,,,,,,,,,,,,,,UNWPP_portal_apr2023,,,,,,,,,,,,,,,,,,,,,,,,,,,,,,,,,2.0,Contraceptive prevalence: Any modern method (Percent),CP Modern,Estimates and Projections of Family Planning Indicators,2022.0,United Nations Population Division,706.0,Somalia,SO,SOM,38.0,1987.0,4.0,Median,2.0,Female,31.0,15.0,49.0,15-49,100.0,Married or in a union women,1.0,Model-based Estimates,3.0,Projection,0.0,,,,,,,,,,
,,,,,,,,,,,,,,,,,,,,,,,,,UNWPP_portal_apr2023,,,,,,,,,,,,,,,,,,,,,,,,,,,,,,,,,2.0,Contraceptive prevalence: Any modern method (Percent),CP Modern,Estimates and Projections of Family Planning Indicators,2022.0,United Nations Population Division,706.0,Somalia,SO,SOM,39.0,1988.0,4.0,Median,2.0,Female,31.0,15.0,49.0,15-49,100.0,Married or in a union women,1.0,Model-based Estimates,3.0,Projection,0.0,,,,,,,,,,
,,,,,,,,,,,,,,,,,,,,,,,,,UNWPP_portal_apr2023,,,,,,,,,,,,,,,,,,,,,,,,,,,,,,,,,2.0,Contraceptive prevalence: Any modern method (Percent),CP Modern,Estimates and Projections of Family Planning Indicators,2022.0,United Nations Population Division,706.0,Somalia,SO,SOM,40.0,1989.0,4.0,Median,2.0,Female,31.0,15.0,49.0,15-49,100.0,Married or in a union women,1.0,Model-based Estimates,3.0,Projection,0.0,,,,,,,,,,
,,,,,,,,,,,,,,,,,,,,,,,,,UNWPP_portal_apr2023,,,,,,,,,,,,,,,,,,,,,,,,,,,,,,,,,2.0,Contraceptive prevalence: Any modern method (Percent),CP Modern,Estimates and Projections of Family Planning Indicators,2022.0,United Nations Population Division,706.0,Somalia,SO,SOM,41.0,1990.0,4.0,Median,2.0,Female,31.0,15.0,49.0,15-49,100.0,Married or in a union women,1.0,Model-based Estimates,3.0,Projection,0.0,,,,,,,,,,
,,,,,,,,,,,,,,,,,,,,,,,,,UNWPP_portal_apr2023,,,,,,,,,,,,,,,,,,,,,,,,,,,,,,,,,2.0,Contraceptive prevalence: Any modern method (Percent),CP Modern,Estimates and Projections of Family Planning Indicators,2022.0,United Nations Population Division,706.0,Somalia,SO,SOM,42.0,1991.0,4.0,Median,2.0,Female,31.0,15.0,49.0,15-49,100.0,Married or in a union women,1.0,Model-based Estimates,3.0,Projection,0.0,,,,,,,,,,
,,,,,,,,,,,,,,,,,,,,,,,,,UNWPP_portal_apr2023,,,,,,,,,,,,,,,,,,,,,,,,,,,,,,,,,2.0,Contraceptive prevalence: Any modern method (Percent),CP Modern,Estimates and Projections of Family Planning Indicators,2022.0,United Nations Population Division,706.0,Somalia,SO,SOM,43.0,1992.0,4.0,Median,2.0,Female,31.0,15.0,49.0,15-49,100.0,Married or in a union women,1.0,Model-based Estimates,3.0,Projection,0.0,,,,,,,,,,
,,,,,,,,,,,,,,,,,,,,,,,,,UNWPP_portal_apr2023,,,,,,,,,,,,,,,,,,,,,,,,,,,,,,,,,2.0,Contraceptive prevalence: Any modern method (Percent),CP Modern,Estimates and Projections of Family Planning Indicators,2022.0,United Nations Population Division,706.0,Somalia,SO,SOM,44.0,1993.0,4.0,Median,2.0,Female,31.0,15.0,49.0,15-49,100.0,Married or in a union women,1.0,Model-based Estimates,3.0,Projection,0.1,,,,,,,,,,
,,,,,,,,,,,,,,,,,,,,,,,,,UNWPP_portal_apr2023,,,,,,,,,,,,,,,,,,,,,,,,,,,,,,,,,2.0,Contraceptive prevalence: Any modern method (Percent),CP Modern,Estimates and Projections of Family Planning Indicators,2022.0,United Nations Population Division,706.0,Somalia,SO,SOM,45.0,1994.0,4.0,Median,2.0,Female,31.0,15.0,49.0,15-49,100.0,Married or in a union women,1.0,Model-based Estimates,3.0,Projection,0.1,,,,,,,,,,
,,,,,,,,,,,,,,,,,,,,,,,,,UNWPP_portal_apr2023,,,,,,,,,,,,,,,,,,,,,,,,,,,,,,,,,2.0,Contraceptive prevalence: Any modern method (Percent),CP Modern,Estimates and Projections of Family Planning Indicators,2022.0,United Nations Population Division,706.0,Somalia,SO,SOM,46.0,1995.0,4.0,Median,2.0,Female,31.0,15.0,49.0,15-49,100.0,Married or in a union women,1.0,Model-based Estimates,3.0,Projection,0.1,,,,,,,,,,
,,,,,,,,,,,,,,,,,,,,,,,,,UNWPP_portal_apr2023,,,,,,,,,,,,,,,,,,,,,,,,,,,,,,,,,2.0,Contraceptive prevalence: Any modern method (Percent),CP Modern,Estimates and Projections of Family Planning Indicators,2022.0,United Nations Population Division,706.0,Somalia,SO,SOM,47.0,1996.0,4.0,Median,2.0,Female,31.0,15.0,49.0,15-49,100.0,Married or in a union women,1.0,Model-based Estimates,3.0,Projection,0.1,,,,,,,,,,
,,,,,,,,,,,,,,,,,,,,,,,,,UNWPP_portal_apr2023,,,,,,,,,,,,,,,,,,,,,,,,,,,,,,,,,2.0,Contraceptive prevalence: Any modern method (Percent),CP Modern,Estimates and Projections of Family Planning Indicators,2022.0,United Nations Population Division,706.0,Somalia,SO,SOM,48.0,1997.0,4.0,Median,2.0,Female,31.0,15.0,49.0,15-49,100.0,Married or in a union women,1.0,Model-based Estimates,3.0,Projection,0.1,,,,,,,,,,
,,,,,,,,,,,,,,,,,,,,,,,,,UNWPP_portal_apr2023,,,,,,,,,,,,,,,,,,,,,,,,,,,,,,,,,2.0,Contraceptive prevalence: Any modern method (Percent),CP Modern,Estimates and Projections of Family Planning Indicators,2022.0,United Nations Population Division,706.0,Somalia,SO,SOM,49.0,1998.0,4.0,Median,2.0,Female,31.0,15.0,49.0,15-49,100.0,Married or in a union women,1.0,Model-based Estimates,3.0,Projection,0.1,,,,,,,,,,
,,,,,,,,,,,,,,,,,,,,,,,,,UNWPP_portal_apr2023,,,,,,,,,,,,,,,,,,,,,,,,,,,,,,,,,2.0,Contraceptive prevalence: Any modern method (Percent),CP Modern,Estimates and Projections of Family Planning Indicators,2022.0,United Nations Population Division,706.0,Somalia,SO,SOM,50.0,1999.0,4.0,Median,2.0,Female,31.0,15.0,49.0,15-49,100.0,Married or in a union women,1.0,Model-based Estimates,2.0,Interpolation,0.1,,,,,,,,,,
,,,,,,,,,,,,,,,,,,,,,,,,,UNWPP_portal_apr2023,,,,,,,,,,,,,,,,,,,,,,,,,,,,,,,,,2.0,Contraceptive prevalence: Any modern method (Percent),CP Modern,Estimates and Projections of Family Planning Indicators,2022.0,United Nations Population Division,706.0,Somalia,SO,SOM,51.0,2000.0,4.0,Median,2.0,Female,31.0,15.0,49.0,15-49,100.0,Married or in a union women,1.0,Model-based Estimates,2.0,Interpolation,0.1,,,,,,,,,,
,,,,,,,,,,,,,,,,,,,,,,,,,UNWPP_portal_apr2023,,,,,,,,,,,,,,,,,,,,,,,,,,,,,,,,,2.0,Contraceptive prevalence: Any modern method (Percent),CP Modern,Estimates and Projections of Family Planning Indicators,2022.0,United Nations Population Division,706.0,Somalia,SO,SOM,52.0,2001.0,4.0,Median,2.0,Female,31.0,15.0,49.0,15-49,100.0,Married or in a union women,1.0,Model-based Estimates,2.0,Interpolation,0.1,,,,,,,,,,
,,,,,,,,,,,,,,,,,,,,,,,,,UNWPP_portal_apr2023,,,,,,,,,,,,,,,,,,,,,,,,,,,,,,,,,2.0,Contraceptive prevalence: Any modern method (Percent),CP Modern,Estimates and Projections of Family Planning Indicators,2022.0,United Nations Population Division,706.0,Somalia,SO,SOM,53.0,2002.0,4.0,Median,2.0,Female,31.0,15.0,49.0,15-49,100.0,Married or in a union women,1.0,Model-based Estimates,2.0,Interpolation,0.2,,,,,,,,,,
,,,,,,,,,,,,,,,,,,,,,,,,,UNWPP_portal_apr2023,,,,,,,,,,,,,,,,,,,,,,,,,,,,,,,,,2.0,Contraceptive prevalence: Any modern method (Percent),CP Modern,Estimates and Projections of Family Planning Indicators,2022.0,United Nations Population Division,706.0,Somalia,SO,SOM,54.0,2003.0,4.0,Median,2.0,Female,31.0,15.0,49.0,15-49,100.0,Married or in a union women,1.0,Model-based Estimates,2.0,Interpolation,0.2,,,,,,,,,,
,,,,,,,,,,,,,,,,,,,,,,,,,UNWPP_portal_apr2023,,,,,,,,,,,,,,,,,,,,,,,,,,,,,,,,,2.0,Contraceptive prevalence: Any modern method (Percent),CP Modern,Estimates and Projections of Family Planning Indicators,2022.0,United Nations Population Division,706.0,Somalia,SO,SOM,55.0,2004.0,4.0,Median,2.0,Female,31.0,15.0,49.0,15-49,100.0,Married or in a union women,1.0,Model-based Estimates,2.0,Interpolation,0.2,,,,,,,,,,
,,,,,,,,,,,,,,,,,,,,,,,,,UNWPP_portal_apr2023,,,,,,,,,,,,,,,,,,,,,,,,,,,,,,,,,2.0,Contraceptive prevalence: Any modern method (Percent),CP Modern,Estimates and Projections of Family Planning Indicators,2022.0,United Nations Population Division,706.0,Somalia,SO,SOM,56.0,2005.0,4.0,Median,2.0,Female,31.0,15.0,49.0,15-49,100.0,Married or in a union women,1.0,Model-based Estimates,2.0,Interpolation,0.2,,,,,,,,,,
,,,,,,,,,,,,,,,,,,,,,,,,,UNWPP_portal_apr2023,,,,,,,,,,,,,,,,,,,,,,,,,,,,,,,,,2.0,Contraceptive prevalence: Any modern method (Percent),CP Modern,Estimates and Projections of Family Planning Indicators,2022.0,United Nations Population Division,706.0,Somalia,SO,SOM,57.0,2006.0,4.0,Median,2.0,Female,31.0,15.0,49.0,15-49,100.0,Married or in a union women,1.0,Model-based Estimates,2.0,Interpolation,0.3,,,,,,,,,,
,,,,,,,,,,,,,,,,,,,,,,,,,UNWPP_portal_apr2023,,,,,,,,,,,,,,,,,,,,,,,,,,,,,,,,,2.0,Contraceptive prevalence: Any modern method (Percent),CP Modern,Estimates and Projections of Family Planning Indicators,2022.0,United Nations Population Division,706.0,Somalia,SO,SOM,58.0,2007.0,4.0,Median,2.0,Female,31.0,15.0,49.0,15-49,100.0,Married or in a union women,1.0,Model-based Estimates,2.0,Interpolation,0.3,,,,,,,,,,
,,,,,,,,,,,,,,,,,,,,,,,,,UNWPP_portal_apr2023,,,,,,,,,,,,,,,,,,,,,,,,,,,,,,,,,2.0,Contraceptive prevalence: Any modern method (Percent),CP Modern,Estimates and Projections of Family Planning Indicators,2022.0,United Nations Population Division,706.0,Somalia,SO,SOM,59.0,2008.0,4.0,Median,2.0,Female,31.0,15.0,49.0,15-49,100.0,Married or in a union women,1.0,Model-based Estimates,2.0,Interpolation,0.3,,,,,,,,,,
,,,,,,,,,,,,,,,,,,,,,,,,,UNWPP_portal_apr2023,,,,,,,,,,,,,,,,,,,,,,,,,,,,,,,,,2.0,Contraceptive prevalence: Any modern method (Percent),CP Modern,Estimates and Projections of Family Planning Indicators,2022.0,United Nations Population Division,706.0,Somalia,SO,SOM,60.0,2009.0,4.0,Median,2.0,Female,31.0,15.0,49.0,15-49,100.0,Married or in a union women,1.0,Model-based Estimates,2.0,Interpolation,0.3,,,,,,,,,,
,,,,,,,,,,,,,,,,,,,,,,,,,UNWPP_portal_apr2023,,,,,,,,,,,,,,,,,,,,,,,,,,,,,,,,,2.0,Contraceptive prevalence: Any modern method (Percent),CP Modern,Estimates and Projections of Family Planning Indicators,2022.0,United Nations Population Division,706.0,Somalia,SO,SOM,61.0,2010.0,4.0,Median,2.0,Female,31.0,15.0,49.0,15-49,100.0,Married or in a union women,1.0,Model-based Estimates,2.0,Interpolation,0.4,,,,,,,,,,
,,,,,,,,,,,,,,,,,,,,,,,,,UNWPP_portal_apr2023,,,,,,,,,,,,,,,,,,,,,,,,,,,,,,,,,2.0,Contraceptive prevalence: Any modern method (Percent),CP Modern,Estimates and Projections of Family Planning Indicators,2022.0,United Nations Population Division,706.0,Somalia,SO,SOM,62.0,2011.0,4.0,Median,2.0,Female,31.0,15.0,49.0,15-49,100.0,Married or in a union women,1.0,Model-based Estimates,2.0,Interpolation,0.4,,,,,,,,,,
,,,,,,,,,,,,,,,,,,,,,,,,,UNWPP_portal_apr2023,,,,,,,,,,,,,,,,,,,,,,,,,,,,,,,,,2.0,Contraceptive prevalence: Any modern method (Percent),CP Modern,Estimates and Projections of Family Planning Indicators,2022.0,United Nations Population Division,706.0,Somalia,SO,SOM,63.0,2012.0,4.0,Median,2.0,Female,31.0,15.0,49.0,15-49,100.0,Married or in a union women,1.0,Model-based Estimates,2.0,Interpolation,0.5,,,,,,,,,,
,,,,,,,,,,,,,,,,,,,,,,,,,UNWPP_portal_apr2023,,,,,,,,,,,,,,,,,,,,,,,,,,,,,,,,,2.0,Contraceptive prevalence: Any modern method (Percent),CP Modern,Estimates and Projections of Family Planning Indicators,2022.0,United Nations Population Division,706.0,Somalia,SO,SOM,64.0,2013.0,4.0,Median,2.0,Female,31.0,15.0,49.0,15-49,100.0,Married or in a union women,1.0,Model-based Estimates,2.0,Interpolation,0.5,,,,,,,,,,
,,,,,,,,,,,,,,,,,,,,,,,,,UNWPP_portal_apr2023,,,,,,,,,,,,,,,,,,,,,,,,,,,,,,,,,2.0,Contraceptive prevalence: Any modern method (Percent),CP Modern,Estimates and Projections of Family Planning Indicators,2022.0,United Nations Population Division,706.0,Somalia,SO,SOM,65.0,2014.0,4.0,Median,2.0,Female,31.0,15.0,49.0,15-49,100.0,Married or in a union women,1.0,Model-based Estimates,2.0,Interpolation,0.6,,,,,,,,,,
,,,,,,,,,,,,,,,,,,,,,,,,,UNWPP_portal_apr2023,,,,,,,,,,,,,,,,,,,,,,,,,,,,,,,,,2.0,Contraceptive prevalence: Any modern method (Percent),CP Modern,Estimates and Projections of Family Planning Indicators,2022.0,United Nations Population Division,706.0,Somalia,SO,SOM,66.0,2015.0,4.0,Median,2.0,Female,31.0,15.0,49.0,15-49,100.0,Married or in a union women,1.0,Model-based Estimates,2.0,Interpolation,0.6,,,,,,,,,,
,,,,,,,,,,,,,,,,,,,,,,,,,UNWPP_portal_apr2023,,,,,,,,,,,,,,,,,,,,,,,,,,,,,,,,,2.0,Contraceptive prevalence: Any modern method (Percent),CP Modern,Estimates and Projections of Family Planning Indicators,2022.0,United Nations Population Division,706.0,Somalia,SO,SOM,67.0,2016.0,4.0,Median,2.0,Female,31.0,15.0,49.0,15-49,100.0,Married or in a union women,1.0,Model-based Estimates,2.0,Interpolation,0.7,,,,,,,,,,
,,,,,,,,,,,,,,,,,,,,,,,,,UNWPP_portal_apr2023,,,,,,,,,,,,,,,,,,,,,,,,,,,,,,,,,2.0,Contraceptive prevalence: Any modern method (Percent),CP Modern,Estimates and Projections of Family Planning Indicators,2022.0,United Nations Population Division,706.0,Somalia,SO,SOM,68.0,2017.0,4.0,Median,2.0,Female,31.0,15.0,49.0,15-49,100.0,Married or in a union women,1.0,Model-based Estimates,2.0,Interpolation,0.8,,,,,,,,,,
,,,,,,,,,,,,,,,,,,,,,,,,,UNWPP_portal_apr2023,,,,,,,,,,,,,,,,,,,,,,,,,,,,,,,,,2.0,Contraceptive prevalence: Any modern method (Percent),CP Modern,Estimates and Projections of Family Planning Indicators,2022.0,United Nations Population Division,706.0,Somalia,SO,SOM,69.0,2018.0,4.0,Median,2.0,Female,31.0,15.0,49.0,15-49,100.0,Married or in a union women,1.0,Model-based Estimates,2.0,Interpolation,0.9,,,,,,,,,,
,,,,,,,,,,,,,,,,,,,,,,,,,UNWPP_portal_apr2023,,,,,,,,,,,,,,,,,,,,,,,,,,,,,,,,,2.0,Contraceptive prevalence: Any modern method (Percent),CP Modern,Estimates and Projections of Family Planning Indicators,2022.0,United Nations Population Division,706.0,Somalia,SO,SOM,70.0,2019.0,4.0,Median,2.0,Female,31.0,15.0,49.0,15-49,100.0,Married or in a union women,1.0,Model-based Estimates,2.0,Interpolation,1.0,,,,,,,,,,
,,,,,,,,,,,,,,,,,,,,,,,,,UNWPP_portal_apr2023,,,,,,,,,,,,,,,,,,,,,,,,,,,,,,,,,2.0,Contraceptive prevalence: Any modern method (Percent),CP Modern,Estimates and Projections of Family Planning Indicators,2022.0,United Nations Population Division,706.0,Somalia,SO,SOM,71.0,2020.0,4.0,Median,2.0,Female,31.0,15.0,49.0,15-49,100.0,Married or in a union women,1.0,Model-based Estimates,3.0,Projection,1.2,,,,,,,,,,
,,,,,,,,,,,,,,,,,,,,,,,,,UNWPP_portal_apr2023,,,,,,,,,,,,,,,,,,,,,,,,,,,,,,,,,2.0,Contraceptive prevalence: Any modern method (Percent),CP Modern,Estimates and Projections of Family Planning Indicators,2022.0,United Nations Population Division,706.0,Somalia,SO,SOM,72.0,2021.0,4.0,Median,2.0,Female,31.0,15.0,49.0,15-49,100.0,Married or in a union women,1.0,Model-based Estimates,3.0,Projection,1.4,,,,,,,,,,
,,,,,,,,,,,,,,,,,,,,,,,,,UNWPP_portal_apr2023,,,,,,,,,,,,,,,,,,,,,,,,,,,,,,,,,2.0,Contraceptive prevalence: Any modern method (Percent),CP Modern,Estimates and Projections of Family Planning Indicators,2022.0,United Nations Population Division,706.0,Somalia,SO,SOM,73.0,2022.0,4.0,Median,2.0,Female,31.0,15.0,49.0,15-49,100.0,Married or in a union women,1.0,Model-based Estimates,3.0,Projection,1.6,,,,,,,,,,
,,,,,,,,,,,,,,,,,,,,,,,,,UNWPP_portal_apr2023,,,,,,,,,,,,,,,,,,,,,,,,,,,,,,,,,2.0,Contraceptive prevalence: Any modern method (Percent),CP Modern,Estimates and Projections of Family Planning Indicators,2022.0,United Nations Population Division,706.0,Somalia,SO,SOM,74.0,2023.0,4.0,Median,2.0,Female,31.0,15.0,49.0,15-49,100.0,Married or in a union women,1.0,Model-based Estimates,3.0,Projection,1.9,,,,,,,,,,
,,,,,,,,,,,,,,,,,,,,,,,,,UNWPP_portal_apr2023,,,,,,,,,,,,,,,,,,,,,,,,,,,,,,,,,10.0,Contraceptive prevalence: Any modern method (Number),Users of modern methods,Estimates and Projections of Family Planning Indicators,2022.0,United Nations Population Division,706.0,Somalia,SO,SOM,31.0,1980.0,4.0,Median,2.0,Female,31.0,15.0,49.0,15-49,100.0,Married or in a union women,1.0,Model-based Estimates,3.0,Projection,61.0,,,,,,,,,,
,,,,,,,,,,,,,,,,,,,,,,,,,UNWPP_portal_apr2023,,,,,,,,,,,,,,,,,,,,,,,,,,,,,,,,,10.0,Contraceptive prevalence: Any modern method (Number),Users of modern methods,Estimates and Projections of Family Planning Indicators,2022.0,United Nations Population Division,706.0,Somalia,SO,SOM,32.0,1981.0,4.0,Median,2.0,Female,31.0,15.0,49.0,15-49,100.0,Married or in a union women,1.0,Model-based Estimates,3.0,Projection,74.0,,,,,,,,,,
,,,,,,,,,,,,,,,,,,,,,,,,,UNWPP_portal_apr2023,,,,,,,,,,,,,,,,,,,,,,,,,,,,,,,,,10.0,Contraceptive prevalence: Any modern method (Number),Users of modern methods,Estimates and Projections of Family Planning Indicators,2022.0,United Nations Population Division,706.0,Somalia,SO,SOM,33.0,1982.0,4.0,Median,2.0,Female,31.0,15.0,49.0,15-49,100.0,Married or in a union women,1.0,Model-based Estimates,3.0,Projection,85.0,,,,,,,,,,
,,,,,,,,,,,,,,,,,,,,,,,,,UNWPP_portal_apr2023,,,,,,,,,,,,,,,,,,,,,,,,,,,,,,,,,10.0,Contraceptive prevalence: Any modern method (Number),Users of modern methods,Estimates and Projections of Family Planning Indicators,2022.0,United Nations Population Division,706.0,Somalia,SO,SOM,34.0,1983.0,4.0,Median,2.0,Female,31.0,15.0,49.0,15-49,100.0,Married or in a union women,1.0,Model-based Estimates,3.0,Projection,104.0,,,,,,,,,,
,,,,,,,,,,,,,,,,,,,,,,,,,UNWPP_portal_apr2023,,,,,,,,,,,,,,,,,,,,,,,,,,,,,,,,,10.0,Contraceptive prevalence: Any modern method (Number),Users of modern methods,Estimates and Projections of Family Planning Indicators,2022.0,United Nations Population Division,706.0,Somalia,SO,SOM,35.0,1984.0,4.0,Median,2.0,Female,31.0,15.0,49.0,15-49,100.0,Married or in a union women,1.0,Model-based Estimates,3.0,Projection,125.0,,,,,,,,,,
,,,,,,,,,,,,,,,,,,,,,,,,,UNWPP_portal_apr2023,,,,,,,,,,,,,,,,,,,,,,,,,,,,,,,,,10.0,Contraceptive prevalence: Any modern method (Number),Users of modern methods,Estimates and Projections of Family Planning Indicators,2022.0,United Nations Population Division,706.0,Somalia,SO,SOM,36.0,1985.0,4.0,Median,2.0,Female,31.0,15.0,49.0,15-49,100.0,Married or in a union women,1.0,Model-based Estimates,3.0,Projection,151.0,,,,,,,,,,
,,,,,,,,,,,,,,,,,,,,,,,,,UNWPP_portal_apr2023,,,,,,,,,,,,,,,,,,,,,,,,,,,,,,,,,10.0,Contraceptive prevalence: Any modern method (Number),Users of modern methods,Estimates and Projections of Family Planning Indicators,2022.0,United Nations Population Division,706.0,Somalia,SO,SOM,37.0,1986.0,4.0,Median,2.0,Female,31.0,15.0,49.0,15-49,100.0,Married or in a union women,1.0,Model-based Estimates,3.0,Projection,183.0,,,,,,,,,,
,,,,,,,,,,,,,,,,,,,,,,,,,UNWPP_portal_apr2023,,,,,,,,,,,,,,,,,,,,,,,,,,,,,,,,,10.0,Contraceptive prevalence: Any modern method (Number),Users of modern methods,Estimates and Projections of Family Planning Indicators,2022.0,United Nations Population Division,706.0,Somalia,SO,SOM,38.0,1987.0,4.0,Median,2.0,Female,31.0,15.0,49.0,15-49,100.0,Married or in a union women,1.0,Model-based Estimates,3.0,Projection,220.0,,,,,,,,,,
,,,,,,,,,,,,,,,,,,,,,,,,,UNWPP_portal_apr2023,,,,,,,,,,,,,,,,,,,,,,,,,,,,,,,,,10.0,Contraceptive prevalence: Any modern method (Number),Users of modern methods,Estimates and Projections of Family Planning Indicators,2022.0,United Nations Population Division,706.0,Somalia,SO,SOM,39.0,1988.0,4.0,Median,2.0,Female,31.0,15.0,49.0,15-49,100.0,Married or in a union women,1.0,Model-based Estimates,3.0,Projection,262.0,,,,,,,,,,
,,,,,,,,,,,,,,,,,,,,,,,,,UNWPP_portal_apr2023,,,,,,,,,,,,,,,,,,,,,,,,,,,,,,,,,10.0,Contraceptive prevalence: Any modern method (Number),Users of modern methods,Estimates and Projections of Family Planning Indicators,2022.0,United Nations Population Division,706.0,Somalia,SO,SOM,40.0,1989.0,4.0,Median,2.0,Female,31.0,15.0,49.0,15-49,100.0,Married or in a union women,1.0,Model-based Estimates,3.0,Projection,296.0,,,,,,,,,,
,,,,,,,,,,,,,,,,,,,,,,,,,UNWPP_portal_apr2023,,,,,,,,,,,,,,,,,,,,,,,,,,,,,,,,,10.0,Contraceptive prevalence: Any modern method (Number),Users of modern methods,Estimates and Projections of Family Planning Indicators,2022.0,United Nations Population Division,706.0,Somalia,SO,SOM,41.0,1990.0,4.0,Median,2.0,Female,31.0,15.0,49.0,15-49,100.0,Married or in a union women,1.0,Model-based Estimates,3.0,Projection,343.0,,,,,,,,,,
,,,,,,,,,,,,,,,,,,,,,,,,,UNWPP_portal_apr2023,,,,,,,,,,,,,,,,,,,,,,,,,,,,,,,,,10.0,Contraceptive prevalence: Any modern method (Number),Users of modern methods,Estimates and Projections of Family Planning Indicators,2022.0,United Nations Population Division,706.0,Somalia,SO,SOM,42.0,1991.0,4.0,Median,2.0,Female,31.0,15.0,49.0,15-49,100.0,Married or in a union women,1.0,Model-based Estimates,3.0,Projection,391.0,,,,,,,,,,
,,,,,,,,,,,,,,,,,,,,,,,,,UNWPP_portal_apr2023,,,,,,,,,,,,,,,,,,,,,,,,,,,,,,,,,10.0,Contraceptive prevalence: Any modern method (Number),Users of modern methods,Estimates and Projections of Family Planning Indicators,2022.0,United Nations Population Division,706.0,Somalia,SO,SOM,43.0,1992.0,4.0,Median,2.0,Female,31.0,15.0,49.0,15-49,100.0,Married or in a union women,1.0,Model-based Estimates,3.0,Projection,421.0,,,,,,,,,,
,,,,,,,,,,,,,,,,,,,,,,,,,UNWPP_portal_apr2023,,,,,,,,,,,,,,,,,,,,,,,,,,,,,,,,,10.0,Contraceptive prevalence: Any modern method (Number),Users of modern methods,Estimates and Projections of Family Planning Indicators,2022.0,United Nations Population Division,706.0,Somalia,SO,SOM,44.0,1993.0,4.0,Median,2.0,Female,31.0,15.0,49.0,15-49,100.0,Married or in a union women,1.0,Model-based Estimates,3.0,Projection,482.0,,,,,,,,,,
,,,,,,,,,,,,,,,,,,,,,,,,,UNWPP_portal_apr2023,,,,,,,,,,,,,,,,,,,,,,,,,,,,,,,,,10.0,Contraceptive prevalence: Any modern method (Number),Users of modern methods,Estimates and Projections of Family Planning Indicators,2022.0,United Nations Population Division,706.0,Somalia,SO,SOM,45.0,1994.0,4.0,Median,2.0,Female,31.0,15.0,49.0,15-49,100.0,Married or in a union women,1.0,Model-based Estimates,3.0,Projection,592.0,,,,,,,,,,
,,,,,,,,,,,,,,,,,,,,,,,,,UNWPP_portal_apr2023,,,,,,,,,,,,,,,,,,,,,,,,,,,,,,,,,10.0,Contraceptive prevalence: Any modern method (Number),Users of modern methods,Estimates and Projections of Family Planning Indicators,2022.0,United Nations Population Division,706.0,Somalia,SO,SOM,46.0,1995.0,4.0,Median,2.0,Female,31.0,15.0,49.0,15-49,100.0,Married or in a union women,1.0,Model-based Estimates,3.0,Projection,695.0,,,,,,,,,,
,,,,,,,,,,,,,,,,,,,,,,,,,UNWPP_portal_apr2023,,,,,,,,,,,,,,,,,,,,,,,,,,,,,,,,,10.0,Contraceptive prevalence: Any modern method (Number),Users of modern methods,Estimates and Projections of Family Planning Indicators,2022.0,United Nations Population Division,706.0,Somalia,SO,SOM,47.0,1996.0,4.0,Median,2.0,Female,31.0,15.0,49.0,15-49,100.0,Married or in a union women,1.0,Model-based Estimates,3.0,Projection,816.0,,,,,,,,,,
,,,,,,,,,,,,,,,,,,,,,,,,,UNWPP_portal_apr2023,,,,,,,,,,,,,,,,,,,,,,,,,,,,,,,,,10.0,Contraceptive prevalence: Any modern method (Number),Users of modern methods,Estimates and Projections of Family Planning Indicators,2022.0,United Nations Population Division,706.0,Somalia,SO,SOM,48.0,1997.0,4.0,Median,2.0,Female,31.0,15.0,49.0,15-49,100.0,Married or in a union women,1.0,Model-based Estimates,3.0,Projection,951.0,,,,,,,,,,
,,,,,,,,,,,,,,,,,,,,,,,,,UNWPP_portal_apr2023,,,,,,,,,,,,,,,,,,,,,,,,,,,,,,,,,10.0,Contraceptive prevalence: Any modern method (Number),Users of modern methods,Estimates and Projections of Family Planning Indicators,2022.0,United Nations Population Division,706.0,Somalia,SO,SOM,49.0,1998.0,4.0,Median,2.0,Female,31.0,15.0,49.0,15-49,100.0,Married or in a union women,1.0,Model-based Estimates,3.0,Projection,1120.0,,,,,,,,,,
,,,,,,,,,,,,,,,,,,,,,,,,,UNWPP_portal_apr2023,,,,,,,,,,,,,,,,,,,,,,,,,,,,,,,,,10.0,Contraceptive prevalence: Any modern method (Number),Users of modern methods,Estimates and Projections of Family Planning Indicators,2022.0,United Nations Population Division,706.0,Somalia,SO,SOM,50.0,1999.0,4.0,Median,2.0,Female,31.0,15.0,49.0,15-49,100.0,Married or in a union women,1.0,Model-based Estimates,2.0,Interpolation,1319.0,,,,,,,,,,
,,,,,,,,,,,,,,,,,,,,,,,,,UNWPP_portal_apr2023,,,,,,,,,,,,,,,,,,,,,,,,,,,,,,,,,10.0,Contraceptive prevalence: Any modern method (Number),Users of modern methods,Estimates and Projections of Family Planning Indicators,2022.0,United Nations Population Division,706.0,Somalia,SO,SOM,51.0,2000.0,4.0,Median,2.0,Female,31.0,15.0,49.0,15-49,100.0,Married or in a union women,1.0,Model-based Estimates,2.0,Interpolation,1545.0,,,,,,,,,,
,,,,,,,,,,,,,,,,,,,,,,,,,UNWPP_portal_apr2023,,,,,,,,,,,,,,,,,,,,,,,,,,,,,,,,,10.0,Contraceptive prevalence: Any modern method (Number),Users of modern methods,Estimates and Projections of Family Planning Indicators,2022.0,United Nations Population Division,706.0,Somalia,SO,SOM,52.0,2001.0,4.0,Median,2.0,Female,31.0,15.0,49.0,15-49,100.0,Married or in a union women,1.0,Model-based Estimates,2.0,Interpolation,1801.0,,,,,,,,,,
,,,,,,,,,,,,,,,,,,,,,,,,,UNWPP_portal_apr2023,,,,,,,,,,,,,,,,,,,,,,,,,,,,,,,,,10.0,Contraceptive prevalence: Any modern method (Number),Users of modern methods,Estimates and Projections of Family Planning Indicators,2022.0,United Nations Population Division,706.0,Somalia,SO,SOM,53.0,2002.0,4.0,Median,2.0,Female,31.0,15.0,49.0,15-49,100.0,Married or in a union women,1.0,Model-based Estimates,2.0,Interpolation,2102.0,,,,,,,,,,
,,,,,,,,,,,,,,,,,,,,,,,,,UNWPP_portal_apr2023,,,,,,,,,,,,,,,,,,,,,,,,,,,,,,,,,10.0,Contraceptive prevalence: Any modern method (Number),Users of modern methods,Estimates and Projections of Family Planning Indicators,2022.0,United Nations Population Division,706.0,Somalia,SO,SOM,54.0,2003.0,4.0,Median,2.0,Female,31.0,15.0,49.0,15-49,100.0,Married or in a union women,1.0,Model-based Estimates,2.0,Interpolation,2433.0,,,,,,,,,,
,,,,,,,,,,,,,,,,,,,,,,,,,UNWPP_portal_apr2023,,,,,,,,,,,,,,,,,,,,,,,,,,,,,,,,,10.0,Contraceptive prevalence: Any modern method (Number),Users of modern methods,Estimates and Projections of Family Planning Indicators,2022.0,United Nations Population Division,706.0,Somalia,SO,SOM,55.0,2004.0,4.0,Median,2.0,Female,31.0,15.0,49.0,15-49,100.0,Married or in a union women,1.0,Model-based Estimates,2.0,Interpolation,2819.0,,,,,,,,,,
,,,,,,,,,,,,,,,,,,,,,,,,,UNWPP_portal_apr2023,,,,,,,,,,,,,,,,,,,,,,,,,,,,,,,,,10.0,Contraceptive prevalence: Any modern method (Number),Users of modern methods,Estimates and Projections of Family Planning Indicators,2022.0,United Nations Population Division,706.0,Somalia,SO,SOM,56.0,2005.0,4.0,Median,2.0,Female,31.0,15.0,49.0,15-49,100.0,Married or in a union women,1.0,Model-based Estimates,2.0,Interpolation,3237.0,,,,,,,,,,
,,,,,,,,,,,,,,,,,,,,,,,,,UNWPP_portal_apr2023,,,,,,,,,,,,,,,,,,,,,,,,,,,,,,,,,10.0,Contraceptive prevalence: Any modern method (Number),Users of modern methods,Estimates and Projections of Family Planning Indicators,2022.0,United Nations Population Division,706.0,Somalia,SO,SOM,57.0,2006.0,4.0,Median,2.0,Female,31.0,15.0,49.0,15-49,100.0,Married or in a union women,1.0,Model-based Estimates,2.0,Interpolation,3682.0,,,,,,,,,,
,,,,,,,,,,,,,,,,,,,,,,,,,UNWPP_portal_apr2023,,,,,,,,,,,,,,,,,,,,,,,,,,,,,,,,,10.0,Contraceptive prevalence: Any modern method (Number),Users of modern methods,Estimates and Projections of Family Planning Indicators,2022.0,United Nations Population Division,706.0,Somalia,SO,SOM,58.0,2007.0,4.0,Median,2.0,Female,31.0,15.0,49.0,15-49,100.0,Married or in a union women,1.0,Model-based Estimates,2.0,Interpolation,4165.0,,,,,,,,,,
,,,,,,,,,,,,,,,,,,,,,,,,,UNWPP_portal_apr2023,,,,,,,,,,,,,,,,,,,,,,,,,,,,,,,,,10.0,Contraceptive prevalence: Any modern method (Number),Users of modern methods,Estimates and Projections of Family Planning Indicators,2022.0,United Nations Population Division,706.0,Somalia,SO,SOM,59.0,2008.0,4.0,Median,2.0,Female,31.0,15.0,49.0,15-49,100.0,Married or in a union women,1.0,Model-based Estimates,2.0,Interpolation,4711.0,,,,,,,,,,
,,,,,,,,,,,,,,,,,,,,,,,,,UNWPP_portal_apr2023,,,,,,,,,,,,,,,,,,,,,,,,,,,,,,,,,10.0,Contraceptive prevalence: Any modern method (Number),Users of modern methods,Estimates and Projections of Family Planning Indicators,2022.0,United Nations Population Division,706.0,Somalia,SO,SOM,60.0,2009.0,4.0,Median,2.0,Female,31.0,15.0,49.0,15-49,100.0,Married or in a union women,1.0,Model-based Estimates,2.0,Interpolation,5287.0,,,,,,,,,,
,,,,,,,,,,,,,,,,,,,,,,,,,UNWPP_portal_apr2023,,,,,,,,,,,,,,,,,,,,,,,,,,,,,,,,,10.0,Contraceptive prevalence: Any modern method (Number),Users of modern methods,Estimates and Projections of Family Planning Indicators,2022.0,United Nations Population Division,706.0,Somalia,SO,SOM,61.0,2010.0,4.0,Median,2.0,Female,31.0,15.0,49.0,15-49,100.0,Married or in a union women,1.0,Model-based Estimates,2.0,Interpolation,5944.0,,,,,,,,,,
,,,,,,,,,,,,,,,,,,,,,,,,,UNWPP_portal_apr2023,,,,,,,,,,,,,,,,,,,,,,,,,,,,,,,,,10.0,Contraceptive prevalence: Any modern method (Number),Users of modern methods,Estimates and Projections of Family Planning Indicators,2022.0,United Nations Population Division,706.0,Somalia,SO,SOM,62.0,2011.0,4.0,Median,2.0,Female,31.0,15.0,49.0,15-49,100.0,Married or in a union women,1.0,Model-based Estimates,2.0,Interpolation,6712.0,,,,,,,,,,
,,,,,,,,,,,,,,,,,,,,,,,,,UNWPP_portal_apr2023,,,,,,,,,,,,,,,,,,,,,,,,,,,,,,,,,10.0,Contraceptive prevalence: Any modern method (Number),Users of modern methods,Estimates and Projections of Family Planning Indicators,2022.0,United Nations Population Division,706.0,Somalia,SO,SOM,63.0,2012.0,4.0,Median,2.0,Female,31.0,15.0,49.0,15-49,100.0,Married or in a union women,1.0,Model-based Estimates,2.0,Interpolation,7418.0,,,,,,,,,,
,,,,,,,,,,,,,,,,,,,,,,,,,UNWPP_portal_apr2023,,,,,,,,,,,,,,,,,,,,,,,,,,,,,,,,,10.0,Contraceptive prevalence: Any modern method (Number),Users of modern methods,Estimates and Projections of Family Planning Indicators,2022.0,United Nations Population Division,706.0,Somalia,SO,SOM,64.0,2013.0,4.0,Median,2.0,Female,31.0,15.0,49.0,15-49,100.0,Married or in a union women,1.0,Model-based Estimates,2.0,Interpolation,8490.0,,,,,,,,,,
,,,,,,,,,,,,,,,,,,,,,,,,,UNWPP_portal_apr2023,,,,,,,,,,,,,,,,,,,,,,,,,,,,,,,,,10.0,Contraceptive prevalence: Any modern method (Number),Users of modern methods,Estimates and Projections of Family Planning Indicators,2022.0,United Nations Population Division,706.0,Somalia,SO,SOM,65.0,2014.0,4.0,Median,2.0,Female,31.0,15.0,49.0,15-49,100.0,Married or in a union women,1.0,Model-based Estimates,2.0,Interpolation,9797.0,,,,,,,,,,
,,,,,,,,,,,,,,,,,,,,,,,,,UNWPP_portal_apr2023,,,,,,,,,,,,,,,,,,,,,,,,,,,,,,,,,10.0,Contraceptive prevalence: Any modern method (Number),Users of modern methods,Estimates and Projections of Family Planning Indicators,2022.0,United Nations Population Division,706.0,Somalia,SO,SOM,66.0,2015.0,4.0,Median,2.0,Female,31.0,15.0,49.0,15-49,100.0,Married or in a union women,1.0,Model-based Estimates,2.0,Interpolation,11329.0,,,,,,,,,,
,,,,,,,,,,,,,,,,,,,,,,,,,UNWPP_portal_apr2023,,,,,,,,,,,,,,,,,,,,,,,,,,,,,,,,,10.0,Contraceptive prevalence: Any modern method (Number),Users of modern methods,Estimates and Projections of Family Planning Indicators,2022.0,United Nations Population Division,706.0,Somalia,SO,SOM,67.0,2016.0,4.0,Median,2.0,Female,31.0,15.0,49.0,15-49,100.0,Married or in a union women,1.0,Model-based Estimates,2.0,Interpolation,13134.0,,,,,,,,,,
,,,,,,,,,,,,,,,,,,,,,,,,,UNWPP_portal_apr2023,,,,,,,,,,,,,,,,,,,,,,,,,,,,,,,,,10.0,Contraceptive prevalence: Any modern method (Number),Users of modern methods,Estimates and Projections of Family Planning Indicators,2022.0,United Nations Population Division,706.0,Somalia,SO,SOM,68.0,2017.0,4.0,Median,2.0,Female,31.0,15.0,49.0,15-49,100.0,Married or in a union women,1.0,Model-based Estimates,2.0,Interpolation,15551.0,,,,,,,,,,
,,,,,,,,,,,,,,,,,,,,,,,,,UNWPP_portal_apr2023,,,,,,,,,,,,,,,,,,,,,,,,,,,,,,,,,10.0,Contraceptive prevalence: Any modern method (Number),Users of modern methods,Estimates and Projections of Family Planning Indicators,2022.0,United Nations Population Division,706.0,Somalia,SO,SOM,69.0,2018.0,4.0,Median,2.0,Female,31.0,15.0,49.0,15-49,100.0,Married or in a union women,1.0,Model-based Estimates,2.0,Interpolation,18431.0,,,,,,,,,,
,,,,,,,,,,,,,,,,,,,,,,,,,UNWPP_portal_apr2023,,,,,,,,,,,,,,,,,,,,,,,,,,,,,,,,,10.0,Contraceptive prevalence: Any modern method (Number),Users of modern methods,Estimates and Projections of Family Planning Indicators,2022.0,United Nations Population Division,706.0,Somalia,SO,SOM,70.0,2019.0,4.0,Median,2.0,Female,31.0,15.0,49.0,15-49,100.0,Married or in a union women,1.0,Model-based Estimates,2.0,Interpolation,21993.0,,,,,,,,,,
,,,,,,,,,,,,,,,,,,,,,,,,,UNWPP_portal_apr2023,,,,,,,,,,,,,,,,,,,,,,,,,,,,,,,,,10.0,Contraceptive prevalence: Any modern method (Number),Users of modern methods,Estimates and Projections of Family Planning Indicators,2022.0,United Nations Population Division,706.0,Somalia,SO,SOM,71.0,2020.0,4.0,Median,2.0,Female,31.0,15.0,49.0,15-49,100.0,Married or in a union women,1.0,Model-based Estimates,3.0,Projection,26583.0,,,,,,,,,,
,,,,,,,,,,,,,,,,,,,,,,,,,UNWPP_portal_apr2023,,,,,,,,,,,,,,,,,,,,,,,,,,,,,,,,,10.0,Contraceptive prevalence: Any modern method (Number),Users of modern methods,Estimates and Projections of Family Planning Indicators,2022.0,United Nations Population Division,706.0,Somalia,SO,SOM,72.0,2021.0,4.0,Median,2.0,Female,31.0,15.0,49.0,15-49,100.0,Married or in a union women,1.0,Model-based Estimates,3.0,Projection,32119.0,,,,,,,,,,
,,,,,,,,,,,,,,,,,,,,,,,,,UNWPP_portal_apr2023,,,,,,,,,,,,,,,,,,,,,,,,,,,,,,,,,10.0,Contraceptive prevalence: Any modern method (Number),Users of modern methods,Estimates and Projections of Family Planning Indicators,2022.0,United Nations Population Division,706.0,Somalia,SO,SOM,73.0,2022.0,4.0,Median,2.0,Female,31.0,15.0,49.0,15-49,100.0,Married or in a union women,1.0,Model-based Estimates,3.0,Projection,38839.0,,,,,,,,,,
,,,,,,,,,,,,,,,,,,,,,,,,,UNWPP_portal_apr2023,,,,,,,,,,,,,,,,,,,,,,,,,,,,,,,,,10.0,Contraceptive prevalence: Any modern method (Number),Users of modern methods,Estimates and Projections of Family Planning Indicators,2022.0,United Nations Population Division,706.0,Somalia,SO,SOM,74.0,2023.0,4.0,Median,2.0,Female,31.0,15.0,49.0,15-49,100.0,Married or in a union women,1.0,Model-based Estimates,3.0,Projection,46621.0,,,,,,,,,,
,,,,,,,,,,,,,,,,,,,,,,,,,UNWPP_portal_apr2023,,,,,,,,,,,,,,,,,,,,,,,,,,,,,,,,,22.0,Infant mortality rate (IMR),Infant mortality rate (IMR),World Population Prospects,2022.0,United Nations Population Division,706.0,Somalia,SO,SOM,31.0,1980.0,4.0,Median,3.0,Both sexes,188.0,0.0,-1.0,Total,0.0,Not applicable,1.0,Model-based Estimates,2.0,Interpolation,119.84591,,,,,,,,,,
,,,,,,,,,,,,,,,,,,,,,,,,,UNWPP_portal_apr2023,,,,,,,,,,,,,,,,,,,,,,,,,,,,,,,,,22.0,Infant mortality rate (IMR),Infant mortality rate (IMR),World Population Prospects,2022.0,United Nations Population Division,706.0,Somalia,SO,SOM,32.0,1981.0,4.0,Median,3.0,Both sexes,188.0,0.0,-1.0,Total,0.0,Not applicable,1.0,Model-based Estimates,2.0,Interpolation,118.99769,,,,,,,,,,
,,,,,,,,,,,,,,,,,,,,,,,,,UNWPP_portal_apr2023,,,,,,,,,,,,,,,,,,,,,,,,,,,,,,,,,22.0,Infant mortality rate (IMR),Infant mortality rate (IMR),World Population Prospects,2022.0,United Nations Population Division,706.0,Somalia,SO,SOM,33.0,1982.0,4.0,Median,3.0,Both sexes,188.0,0.0,-1.0,Total,0.0,Not applicable,1.0,Model-based Estimates,2.0,Interpolation,118.18069,,,,,,,,,,
,,,,,,,,,,,,,,,,,,,,,,,,,UNWPP_portal_apr2023,,,,,,,,,,,,,,,,,,,,,,,,,,,,,,,,,22.0,Infant mortality rate (IMR),Infant mortality rate (IMR),World Population Prospects,2022.0,United Nations Population Division,706.0,Somalia,SO,SOM,34.0,1983.0,4.0,Median,3.0,Both sexes,188.0,0.0,-1.0,Total,0.0,Not applicable,1.0,Model-based Estimates,2.0,Interpolation,116.57546,,,,,,,,,,
,,,,,,,,,,,,,,,,,,,,,,,,,UNWPP_portal_apr2023,,,,,,,,,,,,,,,,,,,,,,,,,,,,,,,,,22.0,Infant mortality rate (IMR),Infant mortality rate (IMR),World Population Prospects,2022.0,United Nations Population Division,706.0,Somalia,SO,SOM,35.0,1984.0,4.0,Median,3.0,Both sexes,188.0,0.0,-1.0,Total,0.0,Not applicable,1.0,Model-based Estimates,2.0,Interpolation,115.18754,,,,,,,,,,
,,,,,,,,,,,,,,,,,,,,,,,,,UNWPP_portal_apr2023,,,,,,,,,,,,,,,,,,,,,,,,,,,,,,,,,22.0,Infant mortality rate (IMR),Infant mortality rate (IMR),World Population Prospects,2022.0,United Nations Population Division,706.0,Somalia,SO,SOM,36.0,1985.0,4.0,Median,3.0,Both sexes,188.0,0.0,-1.0,Total,0.0,Not applicable,1.0,Model-based Estimates,2.0,Interpolation,114.82024,,,,,,,,,,
,,,,,,,,,,,,,,,,,,,,,,,,,UNWPP_portal_apr2023,,,,,,,,,,,,,,,,,,,,,,,,,,,,,,,,,22.0,Infant mortality rate (IMR),Infant mortality rate (IMR),World Population Prospects,2022.0,United Nations Population Division,706.0,Somalia,SO,SOM,37.0,1986.0,4.0,Median,3.0,Both sexes,188.0,0.0,-1.0,Total,0.0,Not applicable,1.0,Model-based Estimates,2.0,Interpolation,114.13521,,,,,,,,,,
,,,,,,,,,,,,,,,,,,,,,,,,,UNWPP_portal_apr2023,,,,,,,,,,,,,,,,,,,,,,,,,,,,,,,,,22.0,Infant mortality rate (IMR),Infant mortality rate (IMR),World Population Prospects,2022.0,United Nations Population Division,706.0,Somalia,SO,SOM,38.0,1987.0,4.0,Median,3.0,Both sexes,188.0,0.0,-1.0,Total,0.0,Not applicable,1.0,Model-based Estimates,2.0,Interpolation,113.13612,,,,,,,,,,
,,,,,,,,,,,,,,,,,,,,,,,,,UNWPP_portal_apr2023,,,,,,,,,,,,,,,,,,,,,,,,,,,,,,,,,22.0,Infant mortality rate (IMR),Infant mortality rate (IMR),World Population Prospects,2022.0,United Nations Population Division,706.0,Somalia,SO,SOM,39.0,1988.0,4.0,Median,3.0,Both sexes,188.0,0.0,-1.0,Total,0.0,Not applicable,1.0,Model-based Estimates,2.0,Interpolation,115.77873,,,,,,,,,,
,,,,,,,,,,,,,,,,,,,,,,,,,UNWPP_portal_apr2023,,,,,,,,,,,,,,,,,,,,,,,,,,,,,,,,,22.0,Infant mortality rate (IMR),Infant mortality rate (IMR),World Population Prospects,2022.0,United Nations Population Division,706.0,Somalia,SO,SOM,40.0,1989.0,4.0,Median,3.0,Both sexes,188.0,0.0,-1.0,Total,0.0,Not applicable,1.0,Model-based Estimates,2.0,Interpolation,110.10142,,,,,,,,,,
,,,,,,,,,,,,,,,,,,,,,,,,,UNWPP_portal_apr2023,,,,,,,,,,,,,,,,,,,,,,,,,,,,,,,,,22.0,Infant mortality rate (IMR),Infant mortality rate (IMR),World Population Prospects,2022.0,United Nations Population Division,706.0,Somalia,SO,SOM,41.0,1990.0,4.0,Median,3.0,Both sexes,188.0,0.0,-1.0,Total,0.0,Not applicable,1.0,Model-based Estimates,2.0,Interpolation,108.28466,,,,,,,,,,
,,,,,,,,,,,,,,,,,,,,,,,,,UNWPP_portal_apr2023,,,,,,,,,,,,,,,,,,,,,,,,,,,,,,,,,22.0,Infant mortality rate (IMR),Infant mortality rate (IMR),World Population Prospects,2022.0,United Nations Population Division,706.0,Somalia,SO,SOM,42.0,1991.0,4.0,Median,3.0,Both sexes,188.0,0.0,-1.0,Total,0.0,Not applicable,1.0,Model-based Estimates,2.0,Interpolation,237.35563,,,,,,,,,,
,,,,,,,,,,,,,,,,,,,,,,,,,UNWPP_portal_apr2023,,,,,,,,,,,,,,,,,,,,,,,,,,,,,,,,,22.0,Infant mortality rate (IMR),Infant mortality rate (IMR),World Population Prospects,2022.0,United Nations Population Division,706.0,Somalia,SO,SOM,43.0,1992.0,4.0,Median,3.0,Both sexes,188.0,0.0,-1.0,Total,0.0,Not applicable,1.0,Model-based Estimates,2.0,Interpolation,236.31493,,,,,,,,,,
,,,,,,,,,,,,,,,,,,,,,,,,,UNWPP_portal_apr2023,,,,,,,,,,,,,,,,,,,,,,,,,,,,,,,,,22.0,Infant mortality rate (IMR),Infant mortality rate (IMR),World Population Prospects,2022.0,United Nations Population Division,706.0,Somalia,SO,SOM,44.0,1993.0,4.0,Median,3.0,Both sexes,188.0,0.0,-1.0,Total,0.0,Not applicable,1.0,Model-based Estimates,2.0,Interpolation,104.62293,,,,,,,,,,
,,,,,,,,,,,,,,,,,,,,,,,,,UNWPP_portal_apr2023,,,,,,,,,,,,,,,,,,,,,,,,,,,,,,,,,22.0,Infant mortality rate (IMR),Infant mortality rate (IMR),World Population Prospects,2022.0,United Nations Population Division,706.0,Somalia,SO,SOM,45.0,1994.0,4.0,Median,3.0,Both sexes,188.0,0.0,-1.0,Total,0.0,Not applicable,1.0,Model-based Estimates,2.0,Interpolation,105.10856,,,,,,,,,,
,,,,,,,,,,,,,,,,,,,,,,,,,UNWPP_portal_apr2023,,,,,,,,,,,,,,,,,,,,,,,,,,,,,,,,,22.0,Infant mortality rate (IMR),Infant mortality rate (IMR),World Population Prospects,2022.0,United Nations Population Division,706.0,Somalia,SO,SOM,46.0,1995.0,4.0,Median,3.0,Both sexes,188.0,0.0,-1.0,Total,0.0,Not applicable,1.0,Model-based Estimates,2.0,Interpolation,104.47749,,,,,,,,,,
,,,,,,,,,,,,,,,,,,,,,,,,,UNWPP_portal_apr2023,,,,,,,,,,,,,,,,,,,,,,,,,,,,,,,,,22.0,Infant mortality rate (IMR),Infant mortality rate (IMR),World Population Prospects,2022.0,United Nations Population Division,706.0,Somalia,SO,SOM,47.0,1996.0,4.0,Median,3.0,Both sexes,188.0,0.0,-1.0,Total,0.0,Not applicable,1.0,Model-based Estimates,2.0,Interpolation,104.77114,,,,,,,,,,
,,,,,,,,,,,,,,,,,,,,,,,,,UNWPP_portal_apr2023,,,,,,,,,,,,,,,,,,,,,,,,,,,,,,,,,22.0,Infant mortality rate (IMR),Infant mortality rate (IMR),World Population Prospects,2022.0,United Nations Population Division,706.0,Somalia,SO,SOM,48.0,1997.0,4.0,Median,3.0,Both sexes,188.0,0.0,-1.0,Total,0.0,Not applicable,1.0,Model-based Estimates,2.0,Interpolation,106.81825,,,,,,,,,,
,,,,,,,,,,,,,,,,,,,,,,,,,UNWPP_portal_apr2023,,,,,,,,,,,,,,,,,,,,,,,,,,,,,,,,,22.0,Infant mortality rate (IMR),Infant mortality rate (IMR),World Population Prospects,2022.0,United Nations Population Division,706.0,Somalia,SO,SOM,49.0,1998.0,4.0,Median,3.0,Both sexes,188.0,0.0,-1.0,Total,0.0,Not applicable,1.0,Model-based Estimates,2.0,Interpolation,104.57112,,,,,,,,,,
,,,,,,,,,,,,,,,,,,,,,,,,,UNWPP_portal_apr2023,,,,,,,,,,,,,,,,,,,,,,,,,,,,,,,,,22.0,Infant mortality rate (IMR),Infant mortality rate (IMR),World Population Prospects,2022.0,United Nations Population Division,706.0,Somalia,SO,SOM,50.0,1999.0,4.0,Median,3.0,Both sexes,188.0,0.0,-1.0,Total,0.0,Not applicable,1.0,Model-based Estimates,2.0,Interpolation,104.73361,,,,,,,,,,
,,,,,,,,,,,,,,,,,,,,,,,,,UNWPP_portal_apr2023,,,,,,,,,,,,,,,,,,,,,,,,,,,,,,,,,22.0,Infant mortality rate (IMR),Infant mortality rate (IMR),World Population Prospects,2022.0,United Nations Population Division,706.0,Somalia,SO,SOM,51.0,2000.0,4.0,Median,3.0,Both sexes,188.0,0.0,-1.0,Total,0.0,Not applicable,1.0,Model-based Estimates,2.0,Interpolation,104.5523,,,,,,,,,,
,,,,,,,,,,,,,,,,,,,,,,,,,UNWPP_portal_apr2023,,,,,,,,,,,,,,,,,,,,,,,,,,,,,,,,,22.0,Infant mortality rate (IMR),Infant mortality rate (IMR),World Population Prospects,2022.0,United Nations Population Division,706.0,Somalia,SO,SOM,52.0,2001.0,4.0,Median,3.0,Both sexes,188.0,0.0,-1.0,Total,0.0,Not applicable,1.0,Model-based Estimates,2.0,Interpolation,104.44117,,,,,,,,,,
,,,,,,,,,,,,,,,,,,,,,,,,,UNWPP_portal_apr2023,,,,,,,,,,,,,,,,,,,,,,,,,,,,,,,,,22.0,Infant mortality rate (IMR),Infant mortality rate (IMR),World Population Prospects,2022.0,United Nations Population Division,706.0,Somalia,SO,SOM,53.0,2002.0,4.0,Median,3.0,Both sexes,188.0,0.0,-1.0,Total,0.0,Not applicable,1.0,Model-based Estimates,2.0,Interpolation,104.44091,,,,,,,,,,
,,,,,,,,,,,,,,,,,,,,,,,,,UNWPP_portal_apr2023,,,,,,,,,,,,,,,,,,,,,,,,,,,,,,,,,22.0,Infant mortality rate (IMR),Infant mortality rate (IMR),World Population Prospects,2022.0,United Nations Population Division,706.0,Somalia,SO,SOM,54.0,2003.0,4.0,Median,3.0,Both sexes,188.0,0.0,-1.0,Total,0.0,Not applicable,1.0,Model-based Estimates,2.0,Interpolation,104.54056,,,,,,,,,,
,,,,,,,,,,,,,,,,,,,,,,,,,UNWPP_portal_apr2023,,,,,,,,,,,,,,,,,,,,,,,,,,,,,,,,,22.0,Infant mortality rate (IMR),Infant mortality rate (IMR),World Population Prospects,2022.0,United Nations Population Division,706.0,Somalia,SO,SOM,55.0,2004.0,4.0,Median,3.0,Both sexes,188.0,0.0,-1.0,Total,0.0,Not applicable,1.0,Model-based Estimates,2.0,Interpolation,104.56247,,,,,,,,,,
,,,,,,,,,,,,,,,,,,,,,,,,,UNWPP_portal_apr2023,,,,,,,,,,,,,,,,,,,,,,,,,,,,,,,,,22.0,Infant mortality rate (IMR),Infant mortality rate (IMR),World Population Prospects,2022.0,United Nations Population Division,706.0,Somalia,SO,SOM,56.0,2005.0,4.0,Median,3.0,Both sexes,188.0,0.0,-1.0,Total,0.0,Not applicable,1.0,Model-based Estimates,2.0,Interpolation,104.40671,,,,,,,,,,
,,,,,,,,,,,,,,,,,,,,,,,,,UNWPP_portal_apr2023,,,,,,,,,,,,,,,,,,,,,,,,,,,,,,,,,22.0,Infant mortality rate (IMR),Infant mortality rate (IMR),World Population Prospects,2022.0,United Nations Population Division,706.0,Somalia,SO,SOM,57.0,2006.0,4.0,Median,3.0,Both sexes,188.0,0.0,-1.0,Total,0.0,Not applicable,1.0,Model-based Estimates,2.0,Interpolation,104.12516,,,,,,,,,,
,,,,,,,,,,,,,,,,,,,,,,,,,UNWPP_portal_apr2023,,,,,,,,,,,,,,,,,,,,,,,,,,,,,,,,,22.0,Infant mortality rate (IMR),Infant mortality rate (IMR),World Population Prospects,2022.0,United Nations Population Division,706.0,Somalia,SO,SOM,58.0,2007.0,4.0,Median,3.0,Both sexes,188.0,0.0,-1.0,Total,0.0,Not applicable,1.0,Model-based Estimates,2.0,Interpolation,103.50658,,,,,,,,,,
,,,,,,,,,,,,,,,,,,,,,,,,,UNWPP_portal_apr2023,,,,,,,,,,,,,,,,,,,,,,,,,,,,,,,,,22.0,Infant mortality rate (IMR),Infant mortality rate (IMR),World Population Prospects,2022.0,United Nations Population Division,706.0,Somalia,SO,SOM,59.0,2008.0,4.0,Median,3.0,Both sexes,188.0,0.0,-1.0,Total,0.0,Not applicable,1.0,Model-based Estimates,2.0,Interpolation,101.31442,,,,,,,,,,
,,,,,,,,,,,,,,,,,,,,,,,,,UNWPP_portal_apr2023,,,,,,,,,,,,,,,,,,,,,,,,,,,,,,,,,22.0,Infant mortality rate (IMR),Infant mortality rate (IMR),World Population Prospects,2022.0,United Nations Population Division,706.0,Somalia,SO,SOM,60.0,2009.0,4.0,Median,3.0,Both sexes,188.0,0.0,-1.0,Total,0.0,Not applicable,1.0,Model-based Estimates,2.0,Interpolation,98.74512,,,,,,,,,,
,,,,,,,,,,,,,,,,,,,,,,,,,UNWPP_portal_apr2023,,,,,,,,,,,,,,,,,,,,,,,,,,,,,,,,,22.0,Infant mortality rate (IMR),Infant mortality rate (IMR),World Population Prospects,2022.0,United Nations Population Division,706.0,Somalia,SO,SOM,61.0,2010.0,4.0,Median,3.0,Both sexes,188.0,0.0,-1.0,Total,0.0,Not applicable,1.0,Model-based Estimates,2.0,Interpolation,102.49805,,,,,,,,,,
,,,,,,,,,,,,,,,,,,,,,,,,,UNWPP_portal_apr2023,,,,,,,,,,,,,,,,,,,,,,,,,,,,,,,,,22.0,Infant mortality rate (IMR),Infant mortality rate (IMR),World Population Prospects,2022.0,United Nations Population Division,706.0,Somalia,SO,SOM,62.0,2011.0,4.0,Median,3.0,Both sexes,188.0,0.0,-1.0,Total,0.0,Not applicable,1.0,Model-based Estimates,2.0,Interpolation,100.04734,,,,,,,,,,
,,,,,,,,,,,,,,,,,,,,,,,,,UNWPP_portal_apr2023,,,,,,,,,,,,,,,,,,,,,,,,,,,,,,,,,22.0,Infant mortality rate (IMR),Infant mortality rate (IMR),World Population Prospects,2022.0,United Nations Population Division,706.0,Somalia,SO,SOM,63.0,2012.0,4.0,Median,3.0,Both sexes,188.0,0.0,-1.0,Total,0.0,Not applicable,1.0,Model-based Estimates,2.0,Interpolation,91.44493,,,,,,,,,,
,,,,,,,,,,,,,,,,,,,,,,,,,UNWPP_portal_apr2023,,,,,,,,,,,,,,,,,,,,,,,,,,,,,,,,,22.0,Infant mortality rate (IMR),Infant mortality rate (IMR),World Population Prospects,2022.0,United Nations Population Division,706.0,Somalia,SO,SOM,64.0,2013.0,4.0,Median,3.0,Both sexes,188.0,0.0,-1.0,Total,0.0,Not applicable,1.0,Model-based Estimates,2.0,Interpolation,88.69093,,,,,,,,,,
,,,,,,,,,,,,,,,,,,,,,,,,,UNWPP_portal_apr2023,,,,,,,,,,,,,,,,,,,,,,,,,,,,,,,,,22.0,Infant mortality rate (IMR),Infant mortality rate (IMR),World Population Prospects,2022.0,United Nations Population Division,706.0,Somalia,SO,SOM,65.0,2014.0,4.0,Median,3.0,Both sexes,188.0,0.0,-1.0,Total,0.0,Not applicable,1.0,Model-based Estimates,2.0,Interpolation,86.1417,,,,,,,,,,
,,,,,,,,,,,,,,,,,,,,,,,,,UNWPP_portal_apr2023,,,,,,,,,,,,,,,,,,,,,,,,,,,,,,,,,22.0,Infant mortality rate (IMR),Infant mortality rate (IMR),World Population Prospects,2022.0,United Nations Population Division,706.0,Somalia,SO,SOM,66.0,2015.0,4.0,Median,3.0,Both sexes,188.0,0.0,-1.0,Total,0.0,Not applicable,1.0,Model-based Estimates,2.0,Interpolation,83.89323,,,,,,,,,,
,,,,,,,,,,,,,,,,,,,,,,,,,UNWPP_portal_apr2023,,,,,,,,,,,,,,,,,,,,,,,,,,,,,,,,,22.0,Infant mortality rate (IMR),Infant mortality rate (IMR),World Population Prospects,2022.0,United Nations Population Division,706.0,Somalia,SO,SOM,67.0,2016.0,4.0,Median,3.0,Both sexes,188.0,0.0,-1.0,Total,0.0,Not applicable,1.0,Model-based Estimates,2.0,Interpolation,81.97885,,,,,,,,,,
,,,,,,,,,,,,,,,,,,,,,,,,,UNWPP_portal_apr2023,,,,,,,,,,,,,,,,,,,,,,,,,,,,,,,,,22.0,Infant mortality rate (IMR),Infant mortality rate (IMR),World Population Prospects,2022.0,United Nations Population Division,706.0,Somalia,SO,SOM,68.0,2017.0,4.0,Median,3.0,Both sexes,188.0,0.0,-1.0,Total,0.0,Not applicable,1.0,Model-based Estimates,2.0,Interpolation,79.83305,,,,,,,,,,
,,,,,,,,,,,,,,,,,,,,,,,,,UNWPP_portal_apr2023,,,,,,,,,,,,,,,,,,,,,,,,,,,,,,,,,22.0,Infant mortality rate (IMR),Infant mortality rate (IMR),World Population Prospects,2022.0,United Nations Population Division,706.0,Somalia,SO,SOM,69.0,2018.0,4.0,Median,3.0,Both sexes,188.0,0.0,-1.0,Total,0.0,Not applicable,1.0,Model-based Estimates,2.0,Interpolation,77.24406,,,,,,,,,,
,,,,,,,,,,,,,,,,,,,,,,,,,UNWPP_portal_apr2023,,,,,,,,,,,,,,,,,,,,,,,,,,,,,,,,,22.0,Infant mortality rate (IMR),Infant mortality rate (IMR),World Population Prospects,2022.0,United Nations Population Division,706.0,Somalia,SO,SOM,70.0,2019.0,4.0,Median,3.0,Both sexes,188.0,0.0,-1.0,Total,0.0,Not applicable,1.0,Model-based Estimates,2.0,Interpolation,75.03903,,,,,,,,,,
,,,,,,,,,,,,,,,,,,,,,,,,,UNWPP_portal_apr2023,,,,,,,,,,,,,,,,,,,,,,,,,,,,,,,,,22.0,Infant mortality rate (IMR),Infant mortality rate (IMR),World Population Prospects,2022.0,United Nations Population Division,706.0,Somalia,SO,SOM,71.0,2020.0,4.0,Median,3.0,Both sexes,188.0,0.0,-1.0,Total,0.0,Not applicable,1.0,Model-based Estimates,2.0,Interpolation,72.94605,,,,,,,,,,
,,,,,,,,,,,,,,,,,,,,,,,,,UNWPP_portal_apr2023,,,,,,,,,,,,,,,,,,,,,,,,,,,,,,,,,22.0,Infant mortality rate (IMR),Infant mortality rate (IMR),World Population Prospects,2022.0,United Nations Population Division,706.0,Somalia,SO,SOM,72.0,2021.0,4.0,Median,3.0,Both sexes,188.0,0.0,-1.0,Total,0.0,Not applicable,1.0,Model-based Estimates,2.0,Interpolation,71.19745,,,,,,,,,,
,,,,,,,,,,,,,,,,,,,,,,,,,UNWPP_portal_apr2023,,,,,,,,,,,,,,,,,,,,,,,,,,,,,,,,,22.0,Infant mortality rate (IMR),Infant mortality rate (IMR),World Population Prospects,2022.0,United Nations Population Division,706.0,Somalia,SO,SOM,73.0,2022.0,4.0,Median,3.0,Both sexes,188.0,0.0,-1.0,Total,0.0,Not applicable,1.0,Model-based Estimates,2.0,Interpolation,66.16501,,,,,,,,,,
,,,,,,,,,,,,,,,,,,,,,,,,,UNWPP_portal_apr2023,,,,,,,,,,,,,,,,,,,,,,,,,,,,,,,,,22.0,Infant mortality rate (IMR),Infant mortality rate (IMR),World Population Prospects,2022.0,United Nations Population Division,706.0,Somalia,SO,SOM,74.0,2023.0,4.0,Median,3.0,Both sexes,188.0,0.0,-1.0,Total,0.0,Not applicable,1.0,Model-based Estimates,3.0,Projection,64.29345,,,,,,,,,,
,,,,,,,,,,,,,,,,,,,,,,,,,UNWPP_portal_apr2023,,,,,,,,,,,,,,,,,,,,,,,,,,,,,,,,,24.0,Under-five mortality rate (U5MR),Under-five mortality rate (U5MR),World Population Prospects,2022.0,United Nations Population Division,706.0,Somalia,SO,SOM,31.0,1980.0,4.0,Median,3.0,Both sexes,188.0,0.0,-1.0,Total,0.0,Not applicable,1.0,Model-based Estimates,2.0,Interpolation,201.553793,,,,,,,,,,
,,,,,,,,,,,,,,,,,,,,,,,,,UNWPP_portal_apr2023,,,,,,,,,,,,,,,,,,,,,,,,,,,,,,,,,24.0,Under-five mortality rate (U5MR),Under-five mortality rate (U5MR),World Population Prospects,2022.0,United Nations Population Division,706.0,Somalia,SO,SOM,32.0,1981.0,4.0,Median,3.0,Both sexes,188.0,0.0,-1.0,Total,0.0,Not applicable,1.0,Model-based Estimates,2.0,Interpolation,199.9420462,,,,,,,,,,
,,,,,,,,,,,,,,,,,,,,,,,,,UNWPP_portal_apr2023,,,,,,,,,,,,,,,,,,,,,,,,,,,,,,,,,24.0,Under-five mortality rate (U5MR),Under-five mortality rate (U5MR),World Population Prospects,2022.0,United Nations Population Division,706.0,Somalia,SO,SOM,33.0,1982.0,4.0,Median,3.0,Both sexes,188.0,0.0,-1.0,Total,0.0,Not applicable,1.0,Model-based Estimates,2.0,Interpolation,198.3913861,,,,,,,,,,
,,,,,,,,,,,,,,,,,,,,,,,,,UNWPP_portal_apr2023,,,,,,,,,,,,,,,,,,,,,,,,,,,,,,,,,24.0,Under-five mortality rate (U5MR),Under-five mortality rate (U5MR),World Population Prospects,2022.0,United Nations Population Division,706.0,Somalia,SO,SOM,34.0,1983.0,4.0,Median,3.0,Both sexes,188.0,0.0,-1.0,Total,0.0,Not applicable,1.0,Model-based Estimates,2.0,Interpolation,195.3482856,,,,,,,,,,
,,,,,,,,,,,,,,,,,,,,,,,,,UNWPP_portal_apr2023,,,,,,,,,,,,,,,,,,,,,,,,,,,,,,,,,24.0,Under-five mortality rate (U5MR),Under-five mortality rate (U5MR),World Population Prospects,2022.0,United Nations Population Division,706.0,Somalia,SO,SOM,35.0,1984.0,4.0,Median,3.0,Both sexes,188.0,0.0,-1.0,Total,0.0,Not applicable,1.0,Model-based Estimates,2.0,Interpolation,192.7198176,,,,,,,,,,
,,,,,,,,,,,,,,,,,,,,,,,,,UNWPP_portal_apr2023,,,,,,,,,,,,,,,,,,,,,,,,,,,,,,,,,24.0,Under-five mortality rate (U5MR),Under-five mortality rate (U5MR),World Population Prospects,2022.0,United Nations Population Division,706.0,Somalia,SO,SOM,36.0,1985.0,4.0,Median,3.0,Both sexes,188.0,0.0,-1.0,Total,0.0,Not applicable,1.0,Model-based Estimates,2.0,Interpolation,192.6922264,,,,,,,,,,
,,,,,,,,,,,,,,,,,,,,,,,,,UNWPP_portal_apr2023,,,,,,,,,,,,,,,,,,,,,,,,,,,,,,,,,24.0,Under-five mortality rate (U5MR),Under-five mortality rate (U5MR),World Population Prospects,2022.0,United Nations Population Division,706.0,Somalia,SO,SOM,37.0,1986.0,4.0,Median,3.0,Both sexes,188.0,0.0,-1.0,Total,0.0,Not applicable,1.0,Model-based Estimates,2.0,Interpolation,191.4917455,,,,,,,,,,
,,,,,,,,,,,,,,,,,,,,,,,,,UNWPP_portal_apr2023,,,,,,,,,,,,,,,,,,,,,,,,,,,,,,,,,24.0,Under-five mortality rate (U5MR),Under-five mortality rate (U5MR),World Population Prospects,2022.0,United Nations Population Division,706.0,Somalia,SO,SOM,38.0,1987.0,4.0,Median,3.0,Both sexes,188.0,0.0,-1.0,Total,0.0,Not applicable,1.0,Model-based Estimates,2.0,Interpolation,188.8009062,,,,,,,,,,
,,,,,,,,,,,,,,,,,,,,,,,,,UNWPP_portal_apr2023,,,,,,,,,,,,,,,,,,,,,,,,,,,,,,,,,24.0,Under-five mortality rate (U5MR),Under-five mortality rate (U5MR),World Population Prospects,2022.0,United Nations Population Division,706.0,Somalia,SO,SOM,39.0,1988.0,4.0,Median,3.0,Both sexes,188.0,0.0,-1.0,Total,0.0,Not applicable,1.0,Model-based Estimates,2.0,Interpolation,196.7626038,,,,,,,,,,
,,,,,,,,,,,,,,,,,,,,,,,,,UNWPP_portal_apr2023,,,,,,,,,,,,,,,,,,,,,,,,,,,,,,,,,24.0,Under-five mortality rate (U5MR),Under-five mortality rate (U5MR),World Population Prospects,2022.0,United Nations Population Division,706.0,Somalia,SO,SOM,40.0,1989.0,4.0,Median,3.0,Both sexes,188.0,0.0,-1.0,Total,0.0,Not applicable,1.0,Model-based Estimates,2.0,Interpolation,183.0226647,,,,,,,,,,
,,,,,,,,,,,,,,,,,,,,,,,,,UNWPP_portal_apr2023,,,,,,,,,,,,,,,,,,,,,,,,,,,,,,,,,24.0,Under-five mortality rate (U5MR),Under-five mortality rate (U5MR),World Population Prospects,2022.0,United Nations Population Division,706.0,Somalia,SO,SOM,41.0,1990.0,4.0,Median,3.0,Both sexes,188.0,0.0,-1.0,Total,0.0,Not applicable,1.0,Model-based Estimates,2.0,Interpolation,179.6148035,,,,,,,,,,
,,,,,,,,,,,,,,,,,,,,,,,,,UNWPP_portal_apr2023,,,,,,,,,,,,,,,,,,,,,,,,,,,,,,,,,24.0,Under-five mortality rate (U5MR),Under-five mortality rate (U5MR),World Population Prospects,2022.0,United Nations Population Division,706.0,Somalia,SO,SOM,42.0,1991.0,4.0,Median,3.0,Both sexes,188.0,0.0,-1.0,Total,0.0,Not applicable,1.0,Model-based Estimates,2.0,Interpolation,418.6929313,,,,,,,,,,
,,,,,,,,,,,,,,,,,,,,,,,,,UNWPP_portal_apr2023,,,,,,,,,,,,,,,,,,,,,,,,,,,,,,,,,24.0,Under-five mortality rate (U5MR),Under-five mortality rate (U5MR),World Population Prospects,2022.0,United Nations Population Division,706.0,Somalia,SO,SOM,43.0,1992.0,4.0,Median,3.0,Both sexes,188.0,0.0,-1.0,Total,0.0,Not applicable,1.0,Model-based Estimates,2.0,Interpolation,417.290819,,,,,,,,,,
,,,,,,,,,,,,,,,,,,,,,,,,,UNWPP_portal_apr2023,,,,,,,,,,,,,,,,,,,,,,,,,,,,,,,,,24.0,Under-five mortality rate (U5MR),Under-five mortality rate (U5MR),World Population Prospects,2022.0,United Nations Population Division,706.0,Somalia,SO,SOM,44.0,1993.0,4.0,Median,3.0,Both sexes,188.0,0.0,-1.0,Total,0.0,Not applicable,1.0,Model-based Estimates,2.0,Interpolation,172.892492,,,,,,,,,,
,,,,,,,,,,,,,,,,,,,,,,,,,UNWPP_portal_apr2023,,,,,,,,,,,,,,,,,,,,,,,,,,,,,,,,,24.0,Under-five mortality rate (U5MR),Under-five mortality rate (U5MR),World Population Prospects,2022.0,United Nations Population Division,706.0,Somalia,SO,SOM,45.0,1994.0,4.0,Median,3.0,Both sexes,188.0,0.0,-1.0,Total,0.0,Not applicable,1.0,Model-based Estimates,2.0,Interpolation,174.3314207,,,,,,,,,,
,,,,,,,,,,,,,,,,,,,,,,,,,UNWPP_portal_apr2023,,,,,,,,,,,,,,,,,,,,,,,,,,,,,,,,,24.0,Under-five mortality rate (U5MR),Under-five mortality rate (U5MR),World Population Prospects,2022.0,United Nations Population Division,706.0,Somalia,SO,SOM,46.0,1995.0,4.0,Median,3.0,Both sexes,188.0,0.0,-1.0,Total,0.0,Not applicable,1.0,Model-based Estimates,2.0,Interpolation,172.5870738,,,,,,,,,,
,,,,,,,,,,,,,,,,,,,,,,,,,UNWPP_portal_apr2023,,,,,,,,,,,,,,,,,,,,,,,,,,,,,,,,,24.0,Under-five mortality rate (U5MR),Under-five mortality rate (U5MR),World Population Prospects,2022.0,United Nations Population Division,706.0,Somalia,SO,SOM,47.0,1996.0,4.0,Median,3.0,Both sexes,188.0,0.0,-1.0,Total,0.0,Not applicable,1.0,Model-based Estimates,2.0,Interpolation,173.396088,,,,,,,,,,
,,,,,,,,,,,,,,,,,,,,,,,,,UNWPP_portal_apr2023,,,,,,,,,,,,,,,,,,,,,,,,,,,,,,,,,24.0,Under-five mortality rate (U5MR),Under-five mortality rate (U5MR),World Population Prospects,2022.0,United Nations Population Division,706.0,Somalia,SO,SOM,48.0,1997.0,4.0,Median,3.0,Both sexes,188.0,0.0,-1.0,Total,0.0,Not applicable,1.0,Model-based Estimates,2.0,Interpolation,177.0280655,,,,,,,,,,
,,,,,,,,,,,,,,,,,,,,,,,,,UNWPP_portal_apr2023,,,,,,,,,,,,,,,,,,,,,,,,,,,,,,,,,24.0,Under-five mortality rate (U5MR),Under-five mortality rate (U5MR),World Population Prospects,2022.0,United Nations Population Division,706.0,Somalia,SO,SOM,49.0,1998.0,4.0,Median,3.0,Both sexes,188.0,0.0,-1.0,Total,0.0,Not applicable,1.0,Model-based Estimates,2.0,Interpolation,172.8361704,,,,,,,,,,
,,,,,,,,,,,,,,,,,,,,,,,,,UNWPP_portal_apr2023,,,,,,,,,,,,,,,,,,,,,,,,,,,,,,,,,24.0,Under-five mortality rate (U5MR),Under-five mortality rate (U5MR),World Population Prospects,2022.0,United Nations Population Division,706.0,Somalia,SO,SOM,50.0,1999.0,4.0,Median,3.0,Both sexes,188.0,0.0,-1.0,Total,0.0,Not applicable,1.0,Model-based Estimates,2.0,Interpolation,173.3354319,,,,,,,,,,
,,,,,,,,,,,,,,,,,,,,,,,,,UNWPP_portal_apr2023,,,,,,,,,,,,,,,,,,,,,,,,,,,,,,,,,24.0,Under-five mortality rate (U5MR),Under-five mortality rate (U5MR),World Population Prospects,2022.0,United Nations Population Division,706.0,Somalia,SO,SOM,51.0,2000.0,4.0,Median,3.0,Both sexes,188.0,0.0,-1.0,Total,0.0,Not applicable,1.0,Model-based Estimates,2.0,Interpolation,172.8536774,,,,,,,,,,
,,,,,,,,,,,,,,,,,,,,,,,,,UNWPP_portal_apr2023,,,,,,,,,,,,,,,,,,,,,,,,,,,,,,,,,24.0,Under-five mortality rate (U5MR),Under-five mortality rate (U5MR),World Population Prospects,2022.0,United Nations Population Division,706.0,Somalia,SO,SOM,52.0,2001.0,4.0,Median,3.0,Both sexes,188.0,0.0,-1.0,Total,0.0,Not applicable,1.0,Model-based Estimates,2.0,Interpolation,172.4933428,,,,,,,,,,
,,,,,,,,,,,,,,,,,,,,,,,,,UNWPP_portal_apr2023,,,,,,,,,,,,,,,,,,,,,,,,,,,,,,,,,24.0,Under-five mortality rate (U5MR),Under-five mortality rate (U5MR),World Population Prospects,2022.0,United Nations Population Division,706.0,Somalia,SO,SOM,53.0,2002.0,4.0,Median,3.0,Both sexes,188.0,0.0,-1.0,Total,0.0,Not applicable,1.0,Model-based Estimates,2.0,Interpolation,172.5162929,,,,,,,,,,
,,,,,,,,,,,,,,,,,,,,,,,,,UNWPP_portal_apr2023,,,,,,,,,,,,,,,,,,,,,,,,,,,,,,,,,24.0,Under-five mortality rate (U5MR),Under-five mortality rate (U5MR),World Population Prospects,2022.0,United Nations Population Division,706.0,Somalia,SO,SOM,54.0,2003.0,4.0,Median,3.0,Both sexes,188.0,0.0,-1.0,Total,0.0,Not applicable,1.0,Model-based Estimates,2.0,Interpolation,172.7492414,,,,,,,,,,
,,,,,,,,,,,,,,,,,,,,,,,,,UNWPP_portal_apr2023,,,,,,,,,,,,,,,,,,,,,,,,,,,,,,,,,24.0,Under-five mortality rate (U5MR),Under-five mortality rate (U5MR),World Population Prospects,2022.0,United Nations Population Division,706.0,Somalia,SO,SOM,55.0,2004.0,4.0,Median,3.0,Both sexes,188.0,0.0,-1.0,Total,0.0,Not applicable,1.0,Model-based Estimates,2.0,Interpolation,172.8252424,,,,,,,,,,
,,,,,,,,,,,,,,,,,,,,,,,,,UNWPP_portal_apr2023,,,,,,,,,,,,,,,,,,,,,,,,,,,,,,,,,24.0,Under-five mortality rate (U5MR),Under-five mortality rate (U5MR),World Population Prospects,2022.0,United Nations Population Division,706.0,Somalia,SO,SOM,56.0,2005.0,4.0,Median,3.0,Both sexes,188.0,0.0,-1.0,Total,0.0,Not applicable,1.0,Model-based Estimates,2.0,Interpolation,172.4012182,,,,,,,,,,
,,,,,,,,,,,,,,,,,,,,,,,,,UNWPP_portal_apr2023,,,,,,,,,,,,,,,,,,,,,,,,,,,,,,,,,24.0,Under-five mortality rate (U5MR),Under-five mortality rate (U5MR),World Population Prospects,2022.0,United Nations Population Division,706.0,Somalia,SO,SOM,57.0,2006.0,4.0,Median,3.0,Both sexes,188.0,0.0,-1.0,Total,0.0,Not applicable,1.0,Model-based Estimates,2.0,Interpolation,171.9056685,,,,,,,,,,
,,,,,,,,,,,,,,,,,,,,,,,,,UNWPP_portal_apr2023,,,,,,,,,,,,,,,,,,,,,,,,,,,,,,,,,24.0,Under-five mortality rate (U5MR),Under-five mortality rate (U5MR),World Population Prospects,2022.0,United Nations Population Division,706.0,Somalia,SO,SOM,58.0,2007.0,4.0,Median,3.0,Both sexes,188.0,0.0,-1.0,Total,0.0,Not applicable,1.0,Model-based Estimates,2.0,Interpolation,171.1732436,,,,,,,,,,
,,,,,,,,,,,,,,,,,,,,,,,,,UNWPP_portal_apr2023,,,,,,,,,,,,,,,,,,,,,,,,,,,,,,,,,24.0,Under-five mortality rate (U5MR),Under-five mortality rate (U5MR),World Population Prospects,2022.0,United Nations Population Division,706.0,Somalia,SO,SOM,59.0,2008.0,4.0,Median,3.0,Both sexes,188.0,0.0,-1.0,Total,0.0,Not applicable,1.0,Model-based Estimates,2.0,Interpolation,166.7571084,,,,,,,,,,
,,,,,,,,,,,,,,,,,,,,,,,,,UNWPP_portal_apr2023,,,,,,,,,,,,,,,,,,,,,,,,,,,,,,,,,24.0,Under-five mortality rate (U5MR),Under-five mortality rate (U5MR),World Population Prospects,2022.0,United Nations Population Division,706.0,Somalia,SO,SOM,60.0,2009.0,4.0,Median,3.0,Both sexes,188.0,0.0,-1.0,Total,0.0,Not applicable,1.0,Model-based Estimates,2.0,Interpolation,161.879906,,,,,,,,,,
,,,,,,,,,,,,,,,,,,,,,,,,,UNWPP_portal_apr2023,,,,,,,,,,,,,,,,,,,,,,,,,,,,,,,,,24.0,Under-five mortality rate (U5MR),Under-five mortality rate (U5MR),World Population Prospects,2022.0,United Nations Population Division,706.0,Somalia,SO,SOM,61.0,2010.0,4.0,Median,3.0,Both sexes,188.0,0.0,-1.0,Total,0.0,Not applicable,1.0,Model-based Estimates,2.0,Interpolation,169.8126403,,,,,,,,,,
,,,,,,,,,,,,,,,,,,,,,,,,,UNWPP_portal_apr2023,,,,,,,,,,,,,,,,,,,,,,,,,,,,,,,,,24.0,Under-five mortality rate (U5MR),Under-five mortality rate (U5MR),World Population Prospects,2022.0,United Nations Population Division,706.0,Somalia,SO,SOM,62.0,2011.0,4.0,Median,3.0,Both sexes,188.0,0.0,-1.0,Total,0.0,Not applicable,1.0,Model-based Estimates,2.0,Interpolation,165.4270531,,,,,,,,,,
,,,,,,,,,,,,,,,,,,,,,,,,,UNWPP_portal_apr2023,,,,,,,,,,,,,,,,,,,,,,,,,,,,,,,,,24.0,Under-five mortality rate (U5MR),Under-five mortality rate (U5MR),World Population Prospects,2022.0,United Nations Population Division,706.0,Somalia,SO,SOM,63.0,2012.0,4.0,Median,3.0,Both sexes,188.0,0.0,-1.0,Total,0.0,Not applicable,1.0,Model-based Estimates,2.0,Interpolation,148.4842017,,,,,,,,,,
,,,,,,,,,,,,,,,,,,,,,,,,,UNWPP_portal_apr2023,,,,,,,,,,,,,,,,,,,,,,,,,,,,,,,,,24.0,Under-five mortality rate (U5MR),Under-five mortality rate (U5MR),World Population Prospects,2022.0,United Nations Population Division,706.0,Somalia,SO,SOM,64.0,2013.0,4.0,Median,3.0,Both sexes,188.0,0.0,-1.0,Total,0.0,Not applicable,1.0,Model-based Estimates,2.0,Interpolation,143.4989621,,,,,,,,,,
,,,,,,,,,,,,,,,,,,,,,,,,,UNWPP_portal_apr2023,,,,,,,,,,,,,,,,,,,,,,,,,,,,,,,,,24.0,Under-five mortality rate (U5MR),Under-five mortality rate (U5MR),World Population Prospects,2022.0,United Nations Population Division,706.0,Somalia,SO,SOM,65.0,2014.0,4.0,Median,3.0,Both sexes,188.0,0.0,-1.0,Total,0.0,Not applicable,1.0,Model-based Estimates,2.0,Interpolation,138.8475374,,,,,,,,,,
,,,,,,,,,,,,,,,,,,,,,,,,,UNWPP_portal_apr2023,,,,,,,,,,,,,,,,,,,,,,,,,,,,,,,,,24.0,Under-five mortality rate (U5MR),Under-five mortality rate (U5MR),World Population Prospects,2022.0,United Nations Population Division,706.0,Somalia,SO,SOM,66.0,2015.0,4.0,Median,3.0,Both sexes,188.0,0.0,-1.0,Total,0.0,Not applicable,1.0,Model-based Estimates,2.0,Interpolation,134.7421074,,,,,,,,,,
,,,,,,,,,,,,,,,,,,,,,,,,,UNWPP_portal_apr2023,,,,,,,,,,,,,,,,,,,,,,,,,,,,,,,,,24.0,Under-five mortality rate (U5MR),Under-five mortality rate (U5MR),World Population Prospects,2022.0,United Nations Population Division,706.0,Somalia,SO,SOM,67.0,2016.0,4.0,Median,3.0,Both sexes,188.0,0.0,-1.0,Total,0.0,Not applicable,1.0,Model-based Estimates,2.0,Interpolation,131.5190628,,,,,,,,,,
,,,,,,,,,,,,,,,,,,,,,,,,,UNWPP_portal_apr2023,,,,,,,,,,,,,,,,,,,,,,,,,,,,,,,,,24.0,Under-five mortality rate (U5MR),Under-five mortality rate (U5MR),World Population Prospects,2022.0,United Nations Population Division,706.0,Somalia,SO,SOM,68.0,2017.0,4.0,Median,3.0,Both sexes,188.0,0.0,-1.0,Total,0.0,Not applicable,1.0,Model-based Estimates,2.0,Interpolation,127.7684235,,,,,,,,,,
,,,,,,,,,,,,,,,,,,,,,,,,,UNWPP_portal_apr2023,,,,,,,,,,,,,,,,,,,,,,,,,,,,,,,,,24.0,Under-five mortality rate (U5MR),Under-five mortality rate (U5MR),World Population Prospects,2022.0,United Nations Population Division,706.0,Somalia,SO,SOM,69.0,2018.0,4.0,Median,3.0,Both sexes,188.0,0.0,-1.0,Total,0.0,Not applicable,1.0,Model-based Estimates,2.0,Interpolation,122.8689998,,,,,,,,,,
,,,,,,,,,,,,,,,,,,,,,,,,,UNWPP_portal_apr2023,,,,,,,,,,,,,,,,,,,,,,,,,,,,,,,,,24.0,Under-five mortality rate (U5MR),Under-five mortality rate (U5MR),World Population Prospects,2022.0,United Nations Population Division,706.0,Somalia,SO,SOM,70.0,2019.0,4.0,Median,3.0,Both sexes,188.0,0.0,-1.0,Total,0.0,Not applicable,1.0,Model-based Estimates,2.0,Interpolation,118.8959761,,,,,,,,,,
,,,,,,,,,,,,,,,,,,,,,,,,,UNWPP_portal_apr2023,,,,,,,,,,,,,,,,,,,,,,,,,,,,,,,,,24.0,Under-five mortality rate (U5MR),Under-five mortality rate (U5MR),World Population Prospects,2022.0,United Nations Population Division,706.0,Somalia,SO,SOM,71.0,2020.0,4.0,Median,3.0,Both sexes,188.0,0.0,-1.0,Total,0.0,Not applicable,1.0,Model-based Estimates,2.0,Interpolation,114.9998541,,,,,,,,,,
,,,,,,,,,,,,,,,,,,,,,,,,,UNWPP_portal_apr2023,,,,,,,,,,,,,,,,,,,,,,,,,,,,,,,,,24.0,Under-five mortality rate (U5MR),Under-five mortality rate (U5MR),World Population Prospects,2022.0,United Nations Population Division,706.0,Somalia,SO,SOM,72.0,2021.0,4.0,Median,3.0,Both sexes,188.0,0.0,-1.0,Total,0.0,Not applicable,1.0,Model-based Estimates,2.0,Interpolation,111.8507179,,,,,,,,,,
,,,,,,,,,,,,,,,,,,,,,,,,,UNWPP_portal_apr2023,,,,,,,,,,,,,,,,,,,,,,,,,,,,,,,,,24.0,Under-five mortality rate (U5MR),Under-five mortality rate (U5MR),World Population Prospects,2022.0,United Nations Population Division,706.0,Somalia,SO,SOM,73.0,2022.0,4.0,Median,3.0,Both sexes,188.0,0.0,-1.0,Total,0.0,Not applicable,1.0,Model-based Estimates,2.0,Interpolation,104.4620418,,,,,,,,,,
,,,,,,,,,,,,,,,,,,,,,,,,,UNWPP_portal_apr2023,,,,,,,,,,,,,,,,,,,,,,,,,,,,,,,,,24.0,Under-five mortality rate (U5MR),Under-five mortality rate (U5MR),World Population Prospects,2022.0,United Nations Population Division,706.0,Somalia,SO,SOM,74.0,2023.0,4.0,Median,3.0,Both sexes,188.0,0.0,-1.0,Total,0.0,Not applicable,1.0,Model-based Estimates,3.0,Projection,101.8532577,,,,,,,,,,
,,,,,,,,,,,,,,,,,,,,,,,,,UNWPP_portal_apr2023,,,,,,,,,,,,,,,,,,,,,,,,,,,,,,,,,41.0,Female population of reproductive age (15-49 years),Female population of reproductive age (15-49 years),World Population Prospects,2022.0,United Nations Population Division,706.0,Somalia,SO,SOM,31.0,1980.0,4.0,Median,2.0,Female,31.0,15.0,49.0,15-49,99.0,All women,1.0,Model-based Estimates,2.0,Interpolation,1330241.0,,,,,,,,,,
,,,,,,,,,,,,,,,,,,,,,,,,,UNWPP_portal_apr2023,,,,,,,,,,,,,,,,,,,,,,,,,,,,,,,,,41.0,Female population of reproductive age (15-49 years),Female population of reproductive age (15-49 years),World Population Prospects,2022.0,United Nations Population Division,706.0,Somalia,SO,SOM,32.0,1981.0,4.0,Median,2.0,Female,31.0,15.0,49.0,15-49,99.0,All women,1.0,Model-based Estimates,2.0,Interpolation,1338501.0,,,,,,,,,,
,,,,,,,,,,,,,,,,,,,,,,,,,UNWPP_portal_apr2023,,,,,,,,,,,,,,,,,,,,,,,,,,,,,,,,,41.0,Female population of reproductive age (15-49 years),Female population of reproductive age (15-49 years),World Population Prospects,2022.0,United Nations Population Division,706.0,Somalia,SO,SOM,33.0,1982.0,4.0,Median,2.0,Female,31.0,15.0,49.0,15-49,99.0,All women,1.0,Model-based Estimates,2.0,Interpolation,1340439.0,,,,,,,,,,
,,,,,,,,,,,,,,,,,,,,,,,,,UNWPP_portal_apr2023,,,,,,,,,,,,,,,,,,,,,,,,,,,,,,,,,41.0,Female population of reproductive age (15-49 years),Female population of reproductive age (15-49 years),World Population Prospects,2022.0,United Nations Population Division,706.0,Somalia,SO,SOM,34.0,1983.0,4.0,Median,2.0,Female,31.0,15.0,49.0,15-49,99.0,All women,1.0,Model-based Estimates,2.0,Interpolation,1381066.0,,,,,,,,,,
,,,,,,,,,,,,,,,,,,,,,,,,,UNWPP_portal_apr2023,,,,,,,,,,,,,,,,,,,,,,,,,,,,,,,,,41.0,Female population of reproductive age (15-49 years),Female population of reproductive age (15-49 years),World Population Prospects,2022.0,United Nations Population Division,706.0,Somalia,SO,SOM,35.0,1984.0,4.0,Median,2.0,Female,31.0,15.0,49.0,15-49,99.0,All women,1.0,Model-based Estimates,2.0,Interpolation,1428766.0,,,,,,,,,,
,,,,,,,,,,,,,,,,,,,,,,,,,UNWPP_portal_apr2023,,,,,,,,,,,,,,,,,,,,,,,,,,,,,,,,,41.0,Female population of reproductive age (15-49 years),Female population of reproductive age (15-49 years),World Population Prospects,2022.0,United Nations Population Division,706.0,Somalia,SO,SOM,36.0,1985.0,4.0,Median,2.0,Female,31.0,15.0,49.0,15-49,99.0,All women,1.0,Model-based Estimates,2.0,Interpolation,1483243.0,,,,,,,,,,
,,,,,,,,,,,,,,,,,,,,,,,,,UNWPP_portal_apr2023,,,,,,,,,,,,,,,,,,,,,,,,,,,,,,,,,41.0,Female population of reproductive age (15-49 years),Female population of reproductive age (15-49 years),World Population Prospects,2022.0,United Nations Population Division,706.0,Somalia,SO,SOM,37.0,1986.0,4.0,Median,2.0,Female,31.0,15.0,49.0,15-49,99.0,All women,1.0,Model-based Estimates,2.0,Interpolation,1540172.0,,,,,,,,,,
,,,,,,,,,,,,,,,,,,,,,,,,,UNWPP_portal_apr2023,,,,,,,,,,,,,,,,,,,,,,,,,,,,,,,,,41.0,Female population of reproductive age (15-49 years),Female population of reproductive age (15-49 years),World Population Prospects,2022.0,United Nations Population Division,706.0,Somalia,SO,SOM,38.0,1987.0,4.0,Median,2.0,Female,31.0,15.0,49.0,15-49,99.0,All women,1.0,Model-based Estimates,2.0,Interpolation,1589347.0,,,,,,,,,,
,,,,,,,,,,,,,,,,,,,,,,,,,UNWPP_portal_apr2023,,,,,,,,,,,,,,,,,,,,,,,,,,,,,,,,,41.0,Female population of reproductive age (15-49 years),Female population of reproductive age (15-49 years),World Population Prospects,2022.0,United Nations Population Division,706.0,Somalia,SO,SOM,39.0,1988.0,4.0,Median,2.0,Female,31.0,15.0,49.0,15-49,99.0,All women,1.0,Model-based Estimates,2.0,Interpolation,1584735.0,,,,,,,,,,
,,,,,,,,,,,,,,,,,,,,,,,,,UNWPP_portal_apr2023,,,,,,,,,,,,,,,,,,,,,,,,,,,,,,,,,41.0,Female population of reproductive age (15-49 years),Female population of reproductive age (15-49 years),World Population Prospects,2022.0,United Nations Population Division,706.0,Somalia,SO,SOM,40.0,1989.0,4.0,Median,2.0,Female,31.0,15.0,49.0,15-49,99.0,All women,1.0,Model-based Estimates,2.0,Interpolation,1552641.0,,,,,,,,,,
,,,,,,,,,,,,,,,,,,,,,,,,,UNWPP_portal_apr2023,,,,,,,,,,,,,,,,,,,,,,,,,,,,,,,,,41.0,Female population of reproductive age (15-49 years),Female population of reproductive age (15-49 years),World Population Prospects,2022.0,United Nations Population Division,706.0,Somalia,SO,SOM,41.0,1990.0,4.0,Median,2.0,Female,31.0,15.0,49.0,15-49,99.0,All women,1.0,Model-based Estimates,2.0,Interpolation,1539913.0,,,,,,,,,,
,,,,,,,,,,,,,,,,,,,,,,,,,UNWPP_portal_apr2023,,,,,,,,,,,,,,,,,,,,,,,,,,,,,,,,,41.0,Female population of reproductive age (15-49 years),Female population of reproductive age (15-49 years),World Population Prospects,2022.0,United Nations Population Division,706.0,Somalia,SO,SOM,42.0,1991.0,4.0,Median,2.0,Female,31.0,15.0,49.0,15-49,99.0,All women,1.0,Model-based Estimates,2.0,Interpolation,1490899.0,,,,,,,,,,
,,,,,,,,,,,,,,,,,,,,,,,,,UNWPP_portal_apr2023,,,,,,,,,,,,,,,,,,,,,,,,,,,,,,,,,41.0,Female population of reproductive age (15-49 years),Female population of reproductive age (15-49 years),World Population Prospects,2022.0,United Nations Population Division,706.0,Somalia,SO,SOM,43.0,1992.0,4.0,Median,2.0,Female,31.0,15.0,49.0,15-49,99.0,All women,1.0,Model-based Estimates,2.0,Interpolation,1444982.0,,,,,,,,,,
,,,,,,,,,,,,,,,,,,,,,,,,,UNWPP_portal_apr2023,,,,,,,,,,,,,,,,,,,,,,,,,,,,,,,,,41.0,Female population of reproductive age (15-49 years),Female population of reproductive age (15-49 years),World Population Prospects,2022.0,United Nations Population Division,706.0,Somalia,SO,SOM,44.0,1993.0,4.0,Median,2.0,Female,31.0,15.0,49.0,15-49,99.0,All women,1.0,Model-based Estimates,2.0,Interpolation,1495740.0,,,,,,,,,,
,,,,,,,,,,,,,,,,,,,,,,,,,UNWPP_portal_apr2023,,,,,,,,,,,,,,,,,,,,,,,,,,,,,,,,,41.0,Female population of reproductive age (15-49 years),Female population of reproductive age (15-49 years),World Population Prospects,2022.0,United Nations Population Division,706.0,Somalia,SO,SOM,45.0,1994.0,4.0,Median,2.0,Female,31.0,15.0,49.0,15-49,99.0,All women,1.0,Model-based Estimates,2.0,Interpolation,1567567.0,,,,,,,,,,
,,,,,,,,,,,,,,,,,,,,,,,,,UNWPP_portal_apr2023,,,,,,,,,,,,,,,,,,,,,,,,,,,,,,,,,41.0,Female population of reproductive age (15-49 years),Female population of reproductive age (15-49 years),World Population Prospects,2022.0,United Nations Population Division,706.0,Somalia,SO,SOM,46.0,1995.0,4.0,Median,2.0,Female,31.0,15.0,49.0,15-49,99.0,All women,1.0,Model-based Estimates,2.0,Interpolation,1619715.0,,,,,,,,,,
,,,,,,,,,,,,,,,,,,,,,,,,,UNWPP_portal_apr2023,,,,,,,,,,,,,,,,,,,,,,,,,,,,,,,,,41.0,Female population of reproductive age (15-49 years),Female population of reproductive age (15-49 years),World Population Prospects,2022.0,United Nations Population Division,706.0,Somalia,SO,SOM,47.0,1996.0,4.0,Median,2.0,Female,31.0,15.0,49.0,15-49,99.0,All women,1.0,Model-based Estimates,2.0,Interpolation,1674435.0,,,,,,,,,,
,,,,,,,,,,,,,,,,,,,,,,,,,UNWPP_portal_apr2023,,,,,,,,,,,,,,,,,,,,,,,,,,,,,,,,,41.0,Female population of reproductive age (15-49 years),Female population of reproductive age (15-49 years),World Population Prospects,2022.0,United Nations Population Division,706.0,Somalia,SO,SOM,48.0,1997.0,4.0,Median,2.0,Female,31.0,15.0,49.0,15-49,99.0,All women,1.0,Model-based Estimates,2.0,Interpolation,1729200.0,,,,,,,,,,
,,,,,,,,,,,,,,,,,,,,,,,,,UNWPP_portal_apr2023,,,,,,,,,,,,,,,,,,,,,,,,,,,,,,,,,41.0,Female population of reproductive age (15-49 years),Female population of reproductive age (15-49 years),World Population Prospects,2022.0,United Nations Population Division,706.0,Somalia,SO,SOM,49.0,1998.0,4.0,Median,2.0,Female,31.0,15.0,49.0,15-49,99.0,All women,1.0,Model-based Estimates,2.0,Interpolation,1797257.0,,,,,,,,,,
,,,,,,,,,,,,,,,,,,,,,,,,,UNWPP_portal_apr2023,,,,,,,,,,,,,,,,,,,,,,,,,,,,,,,,,41.0,Female population of reproductive age (15-49 years),Female population of reproductive age (15-49 years),World Population Prospects,2022.0,United Nations Population Division,706.0,Somalia,SO,SOM,50.0,1999.0,4.0,Median,2.0,Female,31.0,15.0,49.0,15-49,99.0,All women,1.0,Model-based Estimates,2.0,Interpolation,1865982.0,,,,,,,,,,
,,,,,,,,,,,,,,,,,,,,,,,,,UNWPP_portal_apr2023,,,,,,,,,,,,,,,,,,,,,,,,,,,,,,,,,41.0,Female population of reproductive age (15-49 years),Female population of reproductive age (15-49 years),World Population Prospects,2022.0,United Nations Population Division,706.0,Somalia,SO,SOM,51.0,2000.0,4.0,Median,2.0,Female,31.0,15.0,49.0,15-49,99.0,All women,1.0,Model-based Estimates,2.0,Interpolation,1935316.0,,,,,,,,,,
,,,,,,,,,,,,,,,,,,,,,,,,,UNWPP_portal_apr2023,,,,,,,,,,,,,,,,,,,,,,,,,,,,,,,,,41.0,Female population of reproductive age (15-49 years),Female population of reproductive age (15-49 years),World Population Prospects,2022.0,United Nations Population Division,706.0,Somalia,SO,SOM,52.0,2001.0,4.0,Median,2.0,Female,31.0,15.0,49.0,15-49,99.0,All women,1.0,Model-based Estimates,2.0,Interpolation,2006185.0,,,,,,,,,,
,,,,,,,,,,,,,,,,,,,,,,,,,UNWPP_portal_apr2023,,,,,,,,,,,,,,,,,,,,,,,,,,,,,,,,,41.0,Female population of reproductive age (15-49 years),Female population of reproductive age (15-49 years),World Population Prospects,2022.0,United Nations Population Division,706.0,Somalia,SO,SOM,53.0,2002.0,4.0,Median,2.0,Female,31.0,15.0,49.0,15-49,99.0,All women,1.0,Model-based Estimates,2.0,Interpolation,2074725.0,,,,,,,,,,
,,,,,,,,,,,,,,,,,,,,,,,,,UNWPP_portal_apr2023,,,,,,,,,,,,,,,,,,,,,,,,,,,,,,,,,41.0,Female population of reproductive age (15-49 years),Female population of reproductive age (15-49 years),World Population Prospects,2022.0,United Nations Population Division,706.0,Somalia,SO,SOM,54.0,2003.0,4.0,Median,2.0,Female,31.0,15.0,49.0,15-49,99.0,All women,1.0,Model-based Estimates,2.0,Interpolation,2143850.0,,,,,,,,,,
,,,,,,,,,,,,,,,,,,,,,,,,,UNWPP_portal_apr2023,,,,,,,,,,,,,,,,,,,,,,,,,,,,,,,,,41.0,Female population of reproductive age (15-49 years),Female population of reproductive age (15-49 years),World Population Prospects,2022.0,United Nations Population Division,706.0,Somalia,SO,SOM,55.0,2004.0,4.0,Median,2.0,Female,31.0,15.0,49.0,15-49,99.0,All women,1.0,Model-based Estimates,2.0,Interpolation,2212836.0,,,,,,,,,,
,,,,,,,,,,,,,,,,,,,,,,,,,UNWPP_portal_apr2023,,,,,,,,,,,,,,,,,,,,,,,,,,,,,,,,,41.0,Female population of reproductive age (15-49 years),Female population of reproductive age (15-49 years),World Population Prospects,2022.0,United Nations Population Division,706.0,Somalia,SO,SOM,56.0,2005.0,4.0,Median,2.0,Female,31.0,15.0,49.0,15-49,99.0,All women,1.0,Model-based Estimates,2.0,Interpolation,2273701.0,,,,,,,,,,
,,,,,,,,,,,,,,,,,,,,,,,,,UNWPP_portal_apr2023,,,,,,,,,,,,,,,,,,,,,,,,,,,,,,,,,41.0,Female population of reproductive age (15-49 years),Female population of reproductive age (15-49 years),World Population Prospects,2022.0,United Nations Population Division,706.0,Somalia,SO,SOM,57.0,2006.0,4.0,Median,2.0,Female,31.0,15.0,49.0,15-49,99.0,All women,1.0,Model-based Estimates,2.0,Interpolation,2322178.0,,,,,,,,,,
,,,,,,,,,,,,,,,,,,,,,,,,,UNWPP_portal_apr2023,,,,,,,,,,,,,,,,,,,,,,,,,,,,,,,,,41.0,Female population of reproductive age (15-49 years),Female population of reproductive age (15-49 years),World Population Prospects,2022.0,United Nations Population Division,706.0,Somalia,SO,SOM,58.0,2007.0,4.0,Median,2.0,Female,31.0,15.0,49.0,15-49,99.0,All women,1.0,Model-based Estimates,2.0,Interpolation,2378688.0,,,,,,,,,,
,,,,,,,,,,,,,,,,,,,,,,,,,UNWPP_portal_apr2023,,,,,,,,,,,,,,,,,,,,,,,,,,,,,,,,,41.0,Female population of reproductive age (15-49 years),Female population of reproductive age (15-49 years),World Population Prospects,2022.0,United Nations Population Division,706.0,Somalia,SO,SOM,59.0,2008.0,4.0,Median,2.0,Female,31.0,15.0,49.0,15-49,99.0,All women,1.0,Model-based Estimates,2.0,Interpolation,2445941.0,,,,,,,,,,
,,,,,,,,,,,,,,,,,,,,,,,,,UNWPP_portal_apr2023,,,,,,,,,,,,,,,,,,,,,,,,,,,,,,,,,41.0,Female population of reproductive age (15-49 years),Female population of reproductive age (15-49 years),World Population Prospects,2022.0,United Nations Population Division,706.0,Somalia,SO,SOM,60.0,2009.0,4.0,Median,2.0,Female,31.0,15.0,49.0,15-49,99.0,All women,1.0,Model-based Estimates,2.0,Interpolation,2510519.0,,,,,,,,,,
,,,,,,,,,,,,,,,,,,,,,,,,,UNWPP_portal_apr2023,,,,,,,,,,,,,,,,,,,,,,,,,,,,,,,,,41.0,Female population of reproductive age (15-49 years),Female population of reproductive age (15-49 years),World Population Prospects,2022.0,United Nations Population Division,706.0,Somalia,SO,SOM,61.0,2010.0,4.0,Median,2.0,Female,31.0,15.0,49.0,15-49,99.0,All women,1.0,Model-based Estimates,2.0,Interpolation,2579161.0,,,,,,,,,,
,,,,,,,,,,,,,,,,,,,,,,,,,UNWPP_portal_apr2023,,,,,,,,,,,,,,,,,,,,,,,,,,,,,,,,,41.0,Female population of reproductive age (15-49 years),Female population of reproductive age (15-49 years),World Population Prospects,2022.0,United Nations Population Division,706.0,Somalia,SO,SOM,62.0,2011.0,4.0,Median,2.0,Female,31.0,15.0,49.0,15-49,99.0,All women,1.0,Model-based Estimates,2.0,Interpolation,2626101.0,,,,,,,,,,
,,,,,,,,,,,,,,,,,,,,,,,,,UNWPP_portal_apr2023,,,,,,,,,,,,,,,,,,,,,,,,,,,,,,,,,41.0,Female population of reproductive age (15-49 years),Female population of reproductive age (15-49 years),World Population Prospects,2022.0,United Nations Population Division,706.0,Somalia,SO,SOM,63.0,2012.0,4.0,Median,2.0,Female,31.0,15.0,49.0,15-49,99.0,All women,1.0,Model-based Estimates,2.0,Interpolation,2679962.0,,,,,,,,,,
,,,,,,,,,,,,,,,,,,,,,,,,,UNWPP_portal_apr2023,,,,,,,,,,,,,,,,,,,,,,,,,,,,,,,,,41.0,Female population of reproductive age (15-49 years),Female population of reproductive age (15-49 years),World Population Prospects,2022.0,United Nations Population Division,706.0,Somalia,SO,SOM,64.0,2013.0,4.0,Median,2.0,Female,31.0,15.0,49.0,15-49,99.0,All women,1.0,Model-based Estimates,2.0,Interpolation,2774394.0,,,,,,,,,,
,,,,,,,,,,,,,,,,,,,,,,,,,UNWPP_portal_apr2023,,,,,,,,,,,,,,,,,,,,,,,,,,,,,,,,,41.0,Female population of reproductive age (15-49 years),Female population of reproductive age (15-49 years),World Population Prospects,2022.0,United Nations Population Division,706.0,Somalia,SO,SOM,65.0,2014.0,4.0,Median,2.0,Female,31.0,15.0,49.0,15-49,99.0,All women,1.0,Model-based Estimates,2.0,Interpolation,2878803.0,,,,,,,,,,
,,,,,,,,,,,,,,,,,,,,,,,,,UNWPP_portal_apr2023,,,,,,,,,,,,,,,,,,,,,,,,,,,,,,,,,41.0,Female population of reproductive age (15-49 years),Female population of reproductive age (15-49 years),World Population Prospects,2022.0,United Nations Population Division,706.0,Somalia,SO,SOM,66.0,2015.0,4.0,Median,2.0,Female,31.0,15.0,49.0,15-49,99.0,All women,1.0,Model-based Estimates,2.0,Interpolation,2983127.0,,,,,,,,,,
,,,,,,,,,,,,,,,,,,,,,,,,,UNWPP_portal_apr2023,,,,,,,,,,,,,,,,,,,,,,,,,,,,,,,,,41.0,Female population of reproductive age (15-49 years),Female population of reproductive age (15-49 years),World Population Prospects,2022.0,United Nations Population Division,706.0,Somalia,SO,SOM,67.0,2016.0,4.0,Median,2.0,Female,31.0,15.0,49.0,15-49,99.0,All women,1.0,Model-based Estimates,2.0,Interpolation,3104111.0,,,,,,,,,,
,,,,,,,,,,,,,,,,,,,,,,,,,UNWPP_portal_apr2023,,,,,,,,,,,,,,,,,,,,,,,,,,,,,,,,,41.0,Female population of reproductive age (15-49 years),Female population of reproductive age (15-49 years),World Population Prospects,2022.0,United Nations Population Division,706.0,Somalia,SO,SOM,68.0,2017.0,4.0,Median,2.0,Female,31.0,15.0,49.0,15-49,99.0,All women,1.0,Model-based Estimates,2.0,Interpolation,3235799.0,,,,,,,,,,
,,,,,,,,,,,,,,,,,,,,,,,,,UNWPP_portal_apr2023,,,,,,,,,,,,,,,,,,,,,,,,,,,,,,,,,41.0,Female population of reproductive age (15-49 years),Female population of reproductive age (15-49 years),World Population Prospects,2022.0,United Nations Population Division,706.0,Somalia,SO,SOM,69.0,2018.0,4.0,Median,2.0,Female,31.0,15.0,49.0,15-49,99.0,All women,1.0,Model-based Estimates,2.0,Interpolation,3363553.0,,,,,,,,,,
,,,,,,,,,,,,,,,,,,,,,,,,,UNWPP_portal_apr2023,,,,,,,,,,,,,,,,,,,,,,,,,,,,,,,,,41.0,Female population of reproductive age (15-49 years),Female population of reproductive age (15-49 years),World Population Prospects,2022.0,United Nations Population Division,706.0,Somalia,SO,SOM,70.0,2019.0,4.0,Median,2.0,Female,31.0,15.0,49.0,15-49,99.0,All women,1.0,Model-based Estimates,2.0,Interpolation,3497047.0,,,,,,,,,,
,,,,,,,,,,,,,,,,,,,,,,,,,UNWPP_portal_apr2023,,,,,,,,,,,,,,,,,,,,,,,,,,,,,,,,,41.0,Female population of reproductive age (15-49 years),Female population of reproductive age (15-49 years),World Population Prospects,2022.0,United Nations Population Division,706.0,Somalia,SO,SOM,71.0,2020.0,4.0,Median,2.0,Female,31.0,15.0,49.0,15-49,99.0,All women,1.0,Model-based Estimates,2.0,Interpolation,3629292.0,,,,,,,,,,
,,,,,,,,,,,,,,,,,,,,,,,,,UNWPP_portal_apr2023,,,,,,,,,,,,,,,,,,,,,,,,,,,,,,,,,41.0,Female population of reproductive age (15-49 years),Female population of reproductive age (15-49 years),World Population Prospects,2022.0,United Nations Population Division,706.0,Somalia,SO,SOM,72.0,2021.0,4.0,Median,2.0,Female,31.0,15.0,49.0,15-49,99.0,All women,1.0,Model-based Estimates,2.0,Interpolation,3758194.0,,,,,,,,,,
,,,,,,,,,,,,,,,,,,,,,,,,,UNWPP_portal_apr2023,,,,,,,,,,,,,,,,,,,,,,,,,,,,,,,,,41.0,Female population of reproductive age (15-49 years),Female population of reproductive age (15-49 years),World Population Prospects,2022.0,United Nations Population Division,706.0,Somalia,SO,SOM,73.0,2022.0,4.0,Median,2.0,Female,31.0,15.0,49.0,15-49,99.0,All women,1.0,Model-based Estimates,2.0,Interpolation,3889376.0,,,,,,,,,,
,,,,,,,,,,,,,,,,,,,,,,,,,UNWPP_portal_apr2023,,,,,,,,,,,,,,,,,,,,,,,,,,,,,,,,,41.0,Female population of reproductive age (15-49 years),Female population of reproductive age (15-49 years),World Population Prospects,2022.0,United Nations Population Division,706.0,Somalia,SO,SOM,74.0,2023.0,4.0,Median,2.0,Female,31.0,15.0,49.0,15-49,99.0,All women,1.0,Model-based Estimates,3.0,Projection,4024794.0,,,,,,,,,,
,,,,,,,,,,,,,,,,,,,,,,,,,UNWPP_portal_apr2023,,,,,,,,,,,,,,,,,,,,,,,,,,,,,,,,,46.0,Population by 5-year age groups and sex,Annual population by 5-year age groups and by sex,World Population Prospects,2022.0,United Nations Population Division,706.0,Somalia,SO,SOM,31.0,1980.0,4.0,Median,3.0,Both sexes,7.0,0.0,4.0,0-4,0.0,Not applicable,1.0,Model-based Estimates,2.0,Interpolation,1077453.5,,,,,,,,,,
,,,,,,,,,,,,,,,,,,,,,,,,,UNWPP_portal_apr2023,,,,,,,,,,,,,,,,,,,,,,,,,,,,,,,,,46.0,Population by 5-year age groups and sex,Annual population by 5-year age groups and by sex,World Population Prospects,2022.0,United Nations Population Division,706.0,Somalia,SO,SOM,32.0,1981.0,4.0,Median,3.0,Both sexes,7.0,0.0,4.0,0-4,0.0,Not applicable,1.0,Model-based Estimates,2.0,Interpolation,1097231.0,,,,,,,,,,
,,,,,,,,,,,,,,,,,,,,,,,,,UNWPP_portal_apr2023,,,,,,,,,,,,,,,,,,,,,,,,,,,,,,,,,46.0,Population by 5-year age groups and sex,Annual population by 5-year age groups and by sex,World Population Prospects,2022.0,United Nations Population Division,706.0,Somalia,SO,SOM,33.0,1982.0,4.0,Median,3.0,Both sexes,7.0,0.0,4.0,0-4,0.0,Not applicable,1.0,Model-based Estimates,2.0,Interpolation,1112081.0,,,,,,,,,,
,,,,,,,,,,,,,,,,,,,,,,,,,UNWPP_portal_apr2023,,,,,,,,,,,,,,,,,,,,,,,,,,,,,,,,,46.0,Population by 5-year age groups and sex,Annual population by 5-year age groups and by sex,World Population Prospects,2022.0,United Nations Population Division,706.0,Somalia,SO,SOM,34.0,1983.0,4.0,Median,3.0,Both sexes,7.0,0.0,4.0,0-4,0.0,Not applicable,1.0,Model-based Estimates,2.0,Interpolation,1157524.5,,,,,,,,,,
,,,,,,,,,,,,,,,,,,,,,,,,,UNWPP_portal_apr2023,,,,,,,,,,,,,,,,,,,,,,,,,,,,,,,,,46.0,Population by 5-year age groups and sex,Annual population by 5-year age groups and by sex,World Population Prospects,2022.0,United Nations Population Division,706.0,Somalia,SO,SOM,35.0,1984.0,4.0,Median,3.0,Both sexes,7.0,0.0,4.0,0-4,0.0,Not applicable,1.0,Model-based Estimates,2.0,Interpolation,1208728.5,,,,,,,,,,
,,,,,,,,,,,,,,,,,,,,,,,,,UNWPP_portal_apr2023,,,,,,,,,,,,,,,,,,,,,,,,,,,,,,,,,46.0,Population by 5-year age groups and sex,Annual population by 5-year age groups and by sex,World Population Prospects,2022.0,United Nations Population Division,706.0,Somalia,SO,SOM,36.0,1985.0,4.0,Median,3.0,Both sexes,7.0,0.0,4.0,0-4,0.0,Not applicable,1.0,Model-based Estimates,2.0,Interpolation,1266585.5,,,,,,,,,,
,,,,,,,,,,,,,,,,,,,,,,,,,UNWPP_portal_apr2023,,,,,,,,,,,,,,,,,,,,,,,,,,,,,,,,,46.0,Population by 5-year age groups and sex,Annual population by 5-year age groups and by sex,World Population Prospects,2022.0,United Nations Population Division,706.0,Somalia,SO,SOM,37.0,1986.0,4.0,Median,3.0,Both sexes,7.0,0.0,4.0,0-4,0.0,Not applicable,1.0,Model-based Estimates,2.0,Interpolation,1327253.5,,,,,,,,,,
,,,,,,,,,,,,,,,,,,,,,,,,,UNWPP_portal_apr2023,,,,,,,,,,,,,,,,,,,,,,,,,,,,,,,,,46.0,Population by 5-year age groups and sex,Annual population by 5-year age groups and by sex,World Population Prospects,2022.0,United Nations Population Division,706.0,Somalia,SO,SOM,38.0,1987.0,4.0,Median,3.0,Both sexes,7.0,0.0,4.0,0-4,0.0,Not applicable,1.0,Model-based Estimates,2.0,Interpolation,1381941.5,,,,,,,,,,
,,,,,,,,,,,,,,,,,,,,,,,,,UNWPP_portal_apr2023,,,,,,,,,,,,,,,,,,,,,,,,,,,,,,,,,46.0,Population by 5-year age groups and sex,Annual population by 5-year age groups and by sex,World Population Prospects,2022.0,United Nations Population Division,706.0,Somalia,SO,SOM,39.0,1988.0,4.0,Median,3.0,Both sexes,7.0,0.0,4.0,0-4,0.0,Not applicable,1.0,Model-based Estimates,2.0,Interpolation,1388923.0,,,,,,,,,,
,,,,,,,,,,,,,,,,,,,,,,,,,UNWPP_portal_apr2023,,,,,,,,,,,,,,,,,,,,,,,,,,,,,,,,,46.0,Population by 5-year age groups and sex,Annual population by 5-year age groups and by sex,World Population Prospects,2022.0,United Nations Population Division,706.0,Somalia,SO,SOM,40.0,1989.0,4.0,Median,3.0,Both sexes,7.0,0.0,4.0,0-4,0.0,Not applicable,1.0,Model-based Estimates,2.0,Interpolation,1371465.0,,,,,,,,,,
,,,,,,,,,,,,,,,,,,,,,,,,,UNWPP_portal_apr2023,,,,,,,,,,,,,,,,,,,,,,,,,,,,,,,,,46.0,Population by 5-year age groups and sex,Annual population by 5-year age groups and by sex,World Population Prospects,2022.0,United Nations Population Division,706.0,Somalia,SO,SOM,41.0,1990.0,4.0,Median,3.0,Both sexes,7.0,0.0,4.0,0-4,0.0,Not applicable,1.0,Model-based Estimates,2.0,Interpolation,1370216.5,,,,,,,,,,
,,,,,,,,,,,,,,,,,,,,,,,,,UNWPP_portal_apr2023,,,,,,,,,,,,,,,,,,,,,,,,,,,,,,,,,46.0,Population by 5-year age groups and sex,Annual population by 5-year age groups and by sex,World Population Prospects,2022.0,United Nations Population Division,706.0,Somalia,SO,SOM,42.0,1991.0,4.0,Median,3.0,Both sexes,7.0,0.0,4.0,0-4,0.0,Not applicable,1.0,Model-based Estimates,2.0,Interpolation,1289722.0,,,,,,,,,,
,,,,,,,,,,,,,,,,,,,,,,,,,UNWPP_portal_apr2023,,,,,,,,,,,,,,,,,,,,,,,,,,,,,,,,,46.0,Population by 5-year age groups and sex,Annual population by 5-year age groups and by sex,World Population Prospects,2022.0,United Nations Population Division,706.0,Somalia,SO,SOM,43.0,1992.0,4.0,Median,3.0,Both sexes,7.0,0.0,4.0,0-4,0.0,Not applicable,1.0,Model-based Estimates,2.0,Interpolation,1175817.0,,,,,,,,,,
,,,,,,,,,,,,,,,,,,,,,,,,,UNWPP_portal_apr2023,,,,,,,,,,,,,,,,,,,,,,,,,,,,,,,,,46.0,Population by 5-year age groups and sex,Annual population by 5-year age groups and by sex,World Population Prospects,2022.0,United Nations Population Division,706.0,Somalia,SO,SOM,44.0,1993.0,4.0,Median,3.0,Both sexes,7.0,0.0,4.0,0-4,0.0,Not applicable,1.0,Model-based Estimates,2.0,Interpolation,1195136.5,,,,,,,,,,
,,,,,,,,,,,,,,,,,,,,,,,,,UNWPP_portal_apr2023,,,,,,,,,,,,,,,,,,,,,,,,,,,,,,,,,46.0,Population by 5-year age groups and sex,Annual population by 5-year age groups and by sex,World Population Prospects,2022.0,United Nations Population Division,706.0,Somalia,SO,SOM,45.0,1994.0,4.0,Median,3.0,Both sexes,7.0,0.0,4.0,0-4,0.0,Not applicable,1.0,Model-based Estimates,2.0,Interpolation,1278792.5,,,,,,,,,,
,,,,,,,,,,,,,,,,,,,,,,,,,UNWPP_portal_apr2023,,,,,,,,,,,,,,,,,,,,,,,,,,,,,,,,,46.0,Population by 5-year age groups and sex,Annual population by 5-year age groups and by sex,World Population Prospects,2022.0,United Nations Population Division,706.0,Somalia,SO,SOM,46.0,1995.0,4.0,Median,3.0,Both sexes,7.0,0.0,4.0,0-4,0.0,Not applicable,1.0,Model-based Estimates,2.0,Interpolation,1360047.0,,,,,,,,,,
,,,,,,,,,,,,,,,,,,,,,,,,,UNWPP_portal_apr2023,,,,,,,,,,,,,,,,,,,,,,,,,,,,,,,,,46.0,Population by 5-year age groups and sex,Annual population by 5-year age groups and by sex,World Population Prospects,2022.0,United Nations Population Division,706.0,Somalia,SO,SOM,47.0,1996.0,4.0,Median,3.0,Both sexes,7.0,0.0,4.0,0-4,0.0,Not applicable,1.0,Model-based Estimates,2.0,Interpolation,1455540.0,,,,,,,,,,
,,,,,,,,,,,,,,,,,,,,,,,,,UNWPP_portal_apr2023,,,,,,,,,,,,,,,,,,,,,,,,,,,,,,,,,46.0,Population by 5-year age groups and sex,Annual population by 5-year age groups and by sex,World Population Prospects,2022.0,United Nations Population Division,706.0,Somalia,SO,SOM,48.0,1997.0,4.0,Median,3.0,Both sexes,7.0,0.0,4.0,0-4,0.0,Not applicable,1.0,Model-based Estimates,2.0,Interpolation,1543415.5,,,,,,,,,,
,,,,,,,,,,,,,,,,,,,,,,,,,UNWPP_portal_apr2023,,,,,,,,,,,,,,,,,,,,,,,,,,,,,,,,,46.0,Population by 5-year age groups and sex,Annual population by 5-year age groups and by sex,World Population Prospects,2022.0,United Nations Population Division,706.0,Somalia,SO,SOM,49.0,1998.0,4.0,Median,3.0,Both sexes,7.0,0.0,4.0,0-4,0.0,Not applicable,1.0,Model-based Estimates,2.0,Interpolation,1619611.0,,,,,,,,,,
,,,,,,,,,,,,,,,,,,,,,,,,,UNWPP_portal_apr2023,,,,,,,,,,,,,,,,,,,,,,,,,,,,,,,,,46.0,Population by 5-year age groups and sex,Annual population by 5-year age groups and by sex,World Population Prospects,2022.0,United Nations Population Division,706.0,Somalia,SO,SOM,50.0,1999.0,4.0,Median,3.0,Both sexes,7.0,0.0,4.0,0-4,0.0,Not applicable,1.0,Model-based Estimates,2.0,Interpolation,1684747.0,,,,,,,,,,
,,,,,,,,,,,,,,,,,,,,,,,,,UNWPP_portal_apr2023,,,,,,,,,,,,,,,,,,,,,,,,,,,,,,,,,46.0,Population by 5-year age groups and sex,Annual population by 5-year age groups and by sex,World Population Prospects,2022.0,United Nations Population Division,706.0,Somalia,SO,SOM,51.0,2000.0,4.0,Median,3.0,Both sexes,7.0,0.0,4.0,0-4,0.0,Not applicable,1.0,Model-based Estimates,2.0,Interpolation,1751213.5,,,,,,,,,,
,,,,,,,,,,,,,,,,,,,,,,,,,UNWPP_portal_apr2023,,,,,,,,,,,,,,,,,,,,,,,,,,,,,,,,,46.0,Population by 5-year age groups and sex,Annual population by 5-year age groups and by sex,World Population Prospects,2022.0,United Nations Population Division,706.0,Somalia,SO,SOM,52.0,2001.0,4.0,Median,3.0,Both sexes,7.0,0.0,4.0,0-4,0.0,Not applicable,1.0,Model-based Estimates,2.0,Interpolation,1819696.5,,,,,,,,,,
,,,,,,,,,,,,,,,,,,,,,,,,,UNWPP_portal_apr2023,,,,,,,,,,,,,,,,,,,,,,,,,,,,,,,,,46.0,Population by 5-year age groups and sex,Annual population by 5-year age groups and by sex,World Population Prospects,2022.0,United Nations Population Division,706.0,Somalia,SO,SOM,53.0,2002.0,4.0,Median,3.0,Both sexes,7.0,0.0,4.0,0-4,0.0,Not applicable,1.0,Model-based Estimates,2.0,Interpolation,1885003.0,,,,,,,,,,
,,,,,,,,,,,,,,,,,,,,,,,,,UNWPP_portal_apr2023,,,,,,,,,,,,,,,,,,,,,,,,,,,,,,,,,46.0,Population by 5-year age groups and sex,Annual population by 5-year age groups and by sex,World Population Prospects,2022.0,United Nations Population Division,706.0,Somalia,SO,SOM,54.0,2003.0,4.0,Median,3.0,Both sexes,7.0,0.0,4.0,0-4,0.0,Not applicable,1.0,Model-based Estimates,2.0,Interpolation,1949861.5,,,,,,,,,,
,,,,,,,,,,,,,,,,,,,,,,,,,UNWPP_portal_apr2023,,,,,,,,,,,,,,,,,,,,,,,,,,,,,,,,,46.0,Population by 5-year age groups and sex,Annual population by 5-year age groups and by sex,World Population Prospects,2022.0,United Nations Population Division,706.0,Somalia,SO,SOM,55.0,2004.0,4.0,Median,3.0,Both sexes,7.0,0.0,4.0,0-4,0.0,Not applicable,1.0,Model-based Estimates,2.0,Interpolation,2015839.0,,,,,,,,,,
,,,,,,,,,,,,,,,,,,,,,,,,,UNWPP_portal_apr2023,,,,,,,,,,,,,,,,,,,,,,,,,,,,,,,,,46.0,Population by 5-year age groups and sex,Annual population by 5-year age groups and by sex,World Population Prospects,2022.0,United Nations Population Division,706.0,Somalia,SO,SOM,56.0,2005.0,4.0,Median,3.0,Both sexes,7.0,0.0,4.0,0-4,0.0,Not applicable,1.0,Model-based Estimates,2.0,Interpolation,2078861.0,,,,,,,,,,
,,,,,,,,,,,,,,,,,,,,,,,,,UNWPP_portal_apr2023,,,,,,,,,,,,,,,,,,,,,,,,,,,,,,,,,46.0,Population by 5-year age groups and sex,Annual population by 5-year age groups and by sex,World Population Prospects,2022.0,United Nations Population Division,706.0,Somalia,SO,SOM,57.0,2006.0,4.0,Median,3.0,Both sexes,7.0,0.0,4.0,0-4,0.0,Not applicable,1.0,Model-based Estimates,2.0,Interpolation,2134577.5,,,,,,,,,,
,,,,,,,,,,,,,,,,,,,,,,,,,UNWPP_portal_apr2023,,,,,,,,,,,,,,,,,,,,,,,,,,,,,,,,,46.0,Population by 5-year age groups and sex,Annual population by 5-year age groups and by sex,World Population Prospects,2022.0,United Nations Population Division,706.0,Somalia,SO,SOM,58.0,2007.0,4.0,Median,3.0,Both sexes,7.0,0.0,4.0,0-4,0.0,Not applicable,1.0,Model-based Estimates,2.0,Interpolation,2192073.0,,,,,,,,,,
,,,,,,,,,,,,,,,,,,,,,,,,,UNWPP_portal_apr2023,,,,,,,,,,,,,,,,,,,,,,,,,,,,,,,,,46.0,Population by 5-year age groups and sex,Annual population by 5-year age groups and by sex,World Population Prospects,2022.0,United Nations Population Division,706.0,Somalia,SO,SOM,59.0,2008.0,4.0,Median,3.0,Both sexes,7.0,0.0,4.0,0-4,0.0,Not applicable,1.0,Model-based Estimates,2.0,Interpolation,2247907.5,,,,,,,,,,
,,,,,,,,,,,,,,,,,,,,,,,,,UNWPP_portal_apr2023,,,,,,,,,,,,,,,,,,,,,,,,,,,,,,,,,46.0,Population by 5-year age groups and sex,Annual population by 5-year age groups and by sex,World Population Prospects,2022.0,United Nations Population Division,706.0,Somalia,SO,SOM,60.0,2009.0,4.0,Median,3.0,Both sexes,7.0,0.0,4.0,0-4,0.0,Not applicable,1.0,Model-based Estimates,2.0,Interpolation,2296234.0,,,,,,,,,,
,,,,,,,,,,,,,,,,,,,,,,,,,UNWPP_portal_apr2023,,,,,,,,,,,,,,,,,,,,,,,,,,,,,,,,,46.0,Population by 5-year age groups and sex,Annual population by 5-year age groups and by sex,World Population Prospects,2022.0,United Nations Population Division,706.0,Somalia,SO,SOM,61.0,2010.0,4.0,Median,3.0,Both sexes,7.0,0.0,4.0,0-4,0.0,Not applicable,1.0,Model-based Estimates,2.0,Interpolation,2345182.5,,,,,,,,,,
,,,,,,,,,,,,,,,,,,,,,,,,,UNWPP_portal_apr2023,,,,,,,,,,,,,,,,,,,,,,,,,,,,,,,,,46.0,Population by 5-year age groups and sex,Annual population by 5-year age groups and by sex,World Population Prospects,2022.0,United Nations Population Division,706.0,Somalia,SO,SOM,62.0,2011.0,4.0,Median,3.0,Both sexes,7.0,0.0,4.0,0-4,0.0,Not applicable,1.0,Model-based Estimates,2.0,Interpolation,2372162.5,,,,,,,,,,
,,,,,,,,,,,,,,,,,,,,,,,,,UNWPP_portal_apr2023,,,,,,,,,,,,,,,,,,,,,,,,,,,,,,,,,46.0,Population by 5-year age groups and sex,Annual population by 5-year age groups and by sex,World Population Prospects,2022.0,United Nations Population Division,706.0,Somalia,SO,SOM,63.0,2012.0,4.0,Median,3.0,Both sexes,7.0,0.0,4.0,0-4,0.0,Not applicable,1.0,Model-based Estimates,2.0,Interpolation,2409105.5,,,,,,,,,,
,,,,,,,,,,,,,,,,,,,,,,,,,UNWPP_portal_apr2023,,,,,,,,,,,,,,,,,,,,,,,,,,,,,,,,,46.0,Population by 5-year age groups and sex,Annual population by 5-year age groups and by sex,World Population Prospects,2022.0,United Nations Population Division,706.0,Somalia,SO,SOM,64.0,2013.0,4.0,Median,3.0,Both sexes,7.0,0.0,4.0,0-4,0.0,Not applicable,1.0,Model-based Estimates,2.0,Interpolation,2485652.5,,,,,,,,,,
,,,,,,,,,,,,,,,,,,,,,,,,,UNWPP_portal_apr2023,,,,,,,,,,,,,,,,,,,,,,,,,,,,,,,,,46.0,Population by 5-year age groups and sex,Annual population by 5-year age groups and by sex,World Population Prospects,2022.0,United Nations Population Division,706.0,Somalia,SO,SOM,65.0,2014.0,4.0,Median,3.0,Both sexes,7.0,0.0,4.0,0-4,0.0,Not applicable,1.0,Model-based Estimates,2.0,Interpolation,2571794.5,,,,,,,,,,
,,,,,,,,,,,,,,,,,,,,,,,,,UNWPP_portal_apr2023,,,,,,,,,,,,,,,,,,,,,,,,,,,,,,,,,46.0,Population by 5-year age groups and sex,Annual population by 5-year age groups and by sex,World Population Prospects,2022.0,United Nations Population Division,706.0,Somalia,SO,SOM,66.0,2015.0,4.0,Median,3.0,Both sexes,7.0,0.0,4.0,0-4,0.0,Not applicable,1.0,Model-based Estimates,2.0,Interpolation,2658321.5,,,,,,,,,,
,,,,,,,,,,,,,,,,,,,,,,,,,UNWPP_portal_apr2023,,,,,,,,,,,,,,,,,,,,,,,,,,,,,,,,,46.0,Population by 5-year age groups and sex,Annual population by 5-year age groups and by sex,World Population Prospects,2022.0,United Nations Population Division,706.0,Somalia,SO,SOM,67.0,2016.0,4.0,Median,3.0,Both sexes,7.0,0.0,4.0,0-4,0.0,Not applicable,1.0,Model-based Estimates,2.0,Interpolation,2756745.5,,,,,,,,,,
,,,,,,,,,,,,,,,,,,,,,,,,,UNWPP_portal_apr2023,,,,,,,,,,,,,,,,,,,,,,,,,,,,,,,,,46.0,Population by 5-year age groups and sex,Annual population by 5-year age groups and by sex,World Population Prospects,2022.0,United Nations Population Division,706.0,Somalia,SO,SOM,68.0,2017.0,4.0,Median,3.0,Both sexes,7.0,0.0,4.0,0-4,0.0,Not applicable,1.0,Model-based Estimates,2.0,Interpolation,2857082.5,,,,,,,,,,
,,,,,,,,,,,,,,,,,,,,,,,,,UNWPP_portal_apr2023,,,,,,,,,,,,,,,,,,,,,,,,,,,,,,,,,46.0,Population by 5-year age groups and sex,Annual population by 5-year age groups and by sex,World Population Prospects,2022.0,United Nations Population Division,706.0,Somalia,SO,SOM,69.0,2018.0,4.0,Median,3.0,Both sexes,7.0,0.0,4.0,0-4,0.0,Not applicable,1.0,Model-based Estimates,2.0,Interpolation,2947104.0,,,,,,,,,,
,,,,,,,,,,,,,,,,,,,,,,,,,UNWPP_portal_apr2023,,,,,,,,,,,,,,,,,,,,,,,,,,,,,,,,,46.0,Population by 5-year age groups and sex,Annual population by 5-year age groups and by sex,World Population Prospects,2022.0,United Nations Population Division,706.0,Somalia,SO,SOM,70.0,2019.0,4.0,Median,3.0,Both sexes,7.0,0.0,4.0,0-4,0.0,Not applicable,1.0,Model-based Estimates,2.0,Interpolation,3038211.0,,,,,,,,,,
,,,,,,,,,,,,,,,,,,,,,,,,,UNWPP_portal_apr2023,,,,,,,,,,,,,,,,,,,,,,,,,,,,,,,,,46.0,Population by 5-year age groups and sex,Annual population by 5-year age groups and by sex,World Population Prospects,2022.0,United Nations Population Division,706.0,Somalia,SO,SOM,71.0,2020.0,4.0,Median,3.0,Both sexes,7.0,0.0,4.0,0-4,0.0,Not applicable,1.0,Model-based Estimates,2.0,Interpolation,3123197.0,,,,,,,,,,
,,,,,,,,,,,,,,,,,,,,,,,,,UNWPP_portal_apr2023,,,,,,,,,,,,,,,,,,,,,,,,,,,,,,,,,46.0,Population by 5-year age groups and sex,Annual population by 5-year age groups and by sex,World Population Prospects,2022.0,United Nations Population Division,706.0,Somalia,SO,SOM,72.0,2021.0,4.0,Median,3.0,Both sexes,7.0,0.0,4.0,0-4,0.0,Not applicable,1.0,Model-based Estimates,2.0,Interpolation,3200131.0,,,,,,,,,,
,,,,,,,,,,,,,,,,,,,,,,,,,UNWPP_portal_apr2023,,,,,,,,,,,,,,,,,,,,,,,,,,,,,,,,,46.0,Population by 5-year age groups and sex,Annual population by 5-year age groups and by sex,World Population Prospects,2022.0,United Nations Population Division,706.0,Somalia,SO,SOM,73.0,2022.0,4.0,Median,3.0,Both sexes,7.0,0.0,4.0,0-4,0.0,Not applicable,1.0,Model-based Estimates,2.0,Interpolation,3277527.5,,,,,,,,,,
,,,,,,,,,,,,,,,,,,,,,,,,,UNWPP_portal_apr2023,,,,,,,,,,,,,,,,,,,,,,,,,,,,,,,,,46.0,Population by 5-year age groups and sex,Annual population by 5-year age groups and by sex,World Population Prospects,2022.0,United Nations Population Division,706.0,Somalia,SO,SOM,74.0,2023.0,4.0,Median,3.0,Both sexes,7.0,0.0,4.0,0-4,0.0,Not applicable,1.0,Model-based Estimates,3.0,Projection,3356724.0,,,,,,,,,,
,,,,,,,,,,,,,,,,,,,,,,,,,UNWPP_portal_apr2023,,,,,,,,,,,,,,,,,,,,,,,,,,,,,,,,,47.0,Population by 1-year age groups and sex,Annual population by 1-year age groups and by sex,World Population Prospects,2022.0,United Nations Population Division,706.0,Somalia,SO,SOM,31.0,1980.0,4.0,Median,3.0,Both sexes,42.0,0.0,1.0,0,0.0,Not applicable,1.0,Model-based Estimates,2.0,Interpolation,252228.0,,,,,,,,,,
,,,,,,,,,,,,,,,,,,,,,,,,,UNWPP_portal_apr2023,,,,,,,,,,,,,,,,,,,,,,,,,,,,,,,,,47.0,Population by 1-year age groups and sex,Annual population by 1-year age groups and by sex,World Population Prospects,2022.0,United Nations Population Division,706.0,Somalia,SO,SOM,32.0,1981.0,4.0,Median,3.0,Both sexes,42.0,0.0,1.0,0,0.0,Not applicable,1.0,Model-based Estimates,2.0,Interpolation,256133.0,,,,,,,,,,
,,,,,,,,,,,,,,,,,,,,,,,,,UNWPP_portal_apr2023,,,,,,,,,,,,,,,,,,,,,,,,,,,,,,,,,47.0,Population by 1-year age groups and sex,Annual population by 1-year age groups and by sex,World Population Prospects,2022.0,United Nations Population Division,706.0,Somalia,SO,SOM,33.0,1982.0,4.0,Median,3.0,Both sexes,42.0,0.0,1.0,0,0.0,Not applicable,1.0,Model-based Estimates,2.0,Interpolation,258916.0,,,,,,,,,,
,,,,,,,,,,,,,,,,,,,,,,,,,UNWPP_portal_apr2023,,,,,,,,,,,,,,,,,,,,,,,,,,,,,,,,,47.0,Population by 1-year age groups and sex,Annual population by 1-year age groups and by sex,World Population Prospects,2022.0,United Nations Population Division,706.0,Somalia,SO,SOM,34.0,1983.0,4.0,Median,3.0,Both sexes,42.0,0.0,1.0,0,0.0,Not applicable,1.0,Model-based Estimates,2.0,Interpolation,268765.0,,,,,,,,,,
,,,,,,,,,,,,,,,,,,,,,,,,,UNWPP_portal_apr2023,,,,,,,,,,,,,,,,,,,,,,,,,,,,,,,,,47.0,Population by 1-year age groups and sex,Annual population by 1-year age groups and by sex,World Population Prospects,2022.0,United Nations Population Division,706.0,Somalia,SO,SOM,35.0,1984.0,4.0,Median,3.0,Both sexes,42.0,0.0,1.0,0,0.0,Not applicable,1.0,Model-based Estimates,2.0,Interpolation,280180.0,,,,,,,,,,
,,,,,,,,,,,,,,,,,,,,,,,,,UNWPP_portal_apr2023,,,,,,,,,,,,,,,,,,,,,,,,,,,,,,,,,47.0,Population by 1-year age groups and sex,Annual population by 1-year age groups and by sex,World Population Prospects,2022.0,United Nations Population Division,706.0,Somalia,SO,SOM,36.0,1985.0,4.0,Median,3.0,Both sexes,42.0,0.0,1.0,0,0.0,Not applicable,1.0,Model-based Estimates,2.0,Interpolation,293203.0,,,,,,,,,,
,,,,,,,,,,,,,,,,,,,,,,,,,UNWPP_portal_apr2023,,,,,,,,,,,,,,,,,,,,,,,,,,,,,,,,,47.0,Population by 1-year age groups and sex,Annual population by 1-year age groups and by sex,World Population Prospects,2022.0,United Nations Population Division,706.0,Somalia,SO,SOM,37.0,1986.0,4.0,Median,3.0,Both sexes,42.0,0.0,1.0,0,0.0,Not applicable,1.0,Model-based Estimates,2.0,Interpolation,306862.0,,,,,,,,,,
,,,,,,,,,,,,,,,,,,,,,,,,,UNWPP_portal_apr2023,,,,,,,,,,,,,,,,,,,,,,,,,,,,,,,,,47.0,Population by 1-year age groups and sex,Annual population by 1-year age groups and by sex,World Population Prospects,2022.0,United Nations Population Division,706.0,Somalia,SO,SOM,38.0,1987.0,4.0,Median,3.0,Both sexes,42.0,0.0,1.0,0,0.0,Not applicable,1.0,Model-based Estimates,2.0,Interpolation,319017.0,,,,,,,,,,
,,,,,,,,,,,,,,,,,,,,,,,,,UNWPP_portal_apr2023,,,,,,,,,,,,,,,,,,,,,,,,,,,,,,,,,47.0,Population by 1-year age groups and sex,Annual population by 1-year age groups and by sex,World Population Prospects,2022.0,United Nations Population Division,706.0,Somalia,SO,SOM,39.0,1988.0,4.0,Median,3.0,Both sexes,42.0,0.0,1.0,0,0.0,Not applicable,1.0,Model-based Estimates,2.0,Interpolation,319757.0,,,,,,,,,,
,,,,,,,,,,,,,,,,,,,,,,,,,UNWPP_portal_apr2023,,,,,,,,,,,,,,,,,,,,,,,,,,,,,,,,,47.0,Population by 1-year age groups and sex,Annual population by 1-year age groups and by sex,World Population Prospects,2022.0,United Nations Population Division,706.0,Somalia,SO,SOM,40.0,1989.0,4.0,Median,3.0,Both sexes,42.0,0.0,1.0,0,0.0,Not applicable,1.0,Model-based Estimates,2.0,Interpolation,315129.0,,,,,,,,,,
,,,,,,,,,,,,,,,,,,,,,,,,,UNWPP_portal_apr2023,,,,,,,,,,,,,,,,,,,,,,,,,,,,,,,,,47.0,Population by 1-year age groups and sex,Annual population by 1-year age groups and by sex,World Population Prospects,2022.0,United Nations Population Division,706.0,Somalia,SO,SOM,41.0,1990.0,4.0,Median,3.0,Both sexes,42.0,0.0,1.0,0,0.0,Not applicable,1.0,Model-based Estimates,2.0,Interpolation,313986.0,,,,,,,,,,
,,,,,,,,,,,,,,,,,,,,,,,,,UNWPP_portal_apr2023,,,,,,,,,,,,,,,,,,,,,,,,,,,,,,,,,47.0,Population by 1-year age groups and sex,Annual population by 1-year age groups and by sex,World Population Prospects,2022.0,United Nations Population Division,706.0,Somalia,SO,SOM,42.0,1991.0,4.0,Median,3.0,Both sexes,42.0,0.0,1.0,0,0.0,Not applicable,1.0,Model-based Estimates,2.0,Interpolation,289806.0,,,,,,,,,,
,,,,,,,,,,,,,,,,,,,,,,,,,UNWPP_portal_apr2023,,,,,,,,,,,,,,,,,,,,,,,,,,,,,,,,,47.0,Population by 1-year age groups and sex,Annual population by 1-year age groups and by sex,World Population Prospects,2022.0,United Nations Population Division,706.0,Somalia,SO,SOM,43.0,1992.0,4.0,Median,3.0,Both sexes,42.0,0.0,1.0,0,0.0,Not applicable,1.0,Model-based Estimates,2.0,Interpolation,267680.0,,,,,,,,,,
,,,,,,,,,,,,,,,,,,,,,,,,,UNWPP_portal_apr2023,,,,,,,,,,,,,,,,,,,,,,,,,,,,,,,,,47.0,Population by 1-year age groups and sex,Annual population by 1-year age groups and by sex,World Population Prospects,2022.0,United Nations Population Division,706.0,Somalia,SO,SOM,44.0,1993.0,4.0,Median,3.0,Both sexes,42.0,0.0,1.0,0,0.0,Not applicable,1.0,Model-based Estimates,2.0,Interpolation,292330.0,,,,,,,,,,
,,,,,,,,,,,,,,,,,,,,,,,,,UNWPP_portal_apr2023,,,,,,,,,,,,,,,,,,,,,,,,,,,,,,,,,47.0,Population by 1-year age groups and sex,Annual population by 1-year age groups and by sex,World Population Prospects,2022.0,United Nations Population Division,706.0,Somalia,SO,SOM,45.0,1994.0,4.0,Median,3.0,Both sexes,42.0,0.0,1.0,0,0.0,Not applicable,1.0,Model-based Estimates,2.0,Interpolation,320112.0,,,,,,,,,,
,,,,,,,,,,,,,,,,,,,,,,,,,UNWPP_portal_apr2023,,,,,,,,,,,,,,,,,,,,,,,,,,,,,,,,,47.0,Population by 1-year age groups and sex,Annual population by 1-year age groups and by sex,World Population Prospects,2022.0,United Nations Population Division,706.0,Somalia,SO,SOM,46.0,1995.0,4.0,Median,3.0,Both sexes,42.0,0.0,1.0,0,0.0,Not applicable,1.0,Model-based Estimates,2.0,Interpolation,331198.0,,,,,,,,,,
,,,,,,,,,,,,,,,,,,,,,,,,,UNWPP_portal_apr2023,,,,,,,,,,,,,,,,,,,,,,,,,,,,,,,,,47.0,Population by 1-year age groups and sex,Annual population by 1-year age groups and by sex,World Population Prospects,2022.0,United Nations Population Division,706.0,Somalia,SO,SOM,47.0,1996.0,4.0,Median,3.0,Both sexes,42.0,0.0,1.0,0,0.0,Not applicable,1.0,Model-based Estimates,2.0,Interpolation,342707.0,,,,,,,,,,
,,,,,,,,,,,,,,,,,,,,,,,,,UNWPP_portal_apr2023,,,,,,,,,,,,,,,,,,,,,,,,,,,,,,,,,47.0,Population by 1-year age groups and sex,Annual population by 1-year age groups and by sex,World Population Prospects,2022.0,United Nations Population Division,706.0,Somalia,SO,SOM,48.0,1997.0,4.0,Median,3.0,Both sexes,42.0,0.0,1.0,0,0.0,Not applicable,1.0,Model-based Estimates,2.0,Interpolation,355228.0,,,,,,,,,,
,,,,,,,,,,,,,,,,,,,,,,,,,UNWPP_portal_apr2023,,,,,,,,,,,,,,,,,,,,,,,,,,,,,,,,,47.0,Population by 1-year age groups and sex,Annual population by 1-year age groups and by sex,World Population Prospects,2022.0,United Nations Population Division,706.0,Somalia,SO,SOM,49.0,1998.0,4.0,Median,3.0,Both sexes,42.0,0.0,1.0,0,0.0,Not applicable,1.0,Model-based Estimates,2.0,Interpolation,370374.0,,,,,,,,,,
,,,,,,,,,,,,,,,,,,,,,,,,,UNWPP_portal_apr2023,,,,,,,,,,,,,,,,,,,,,,,,,,,,,,,,,47.0,Population by 1-year age groups and sex,Annual population by 1-year age groups and by sex,World Population Prospects,2022.0,United Nations Population Division,706.0,Somalia,SO,SOM,50.0,1999.0,4.0,Median,3.0,Both sexes,42.0,0.0,1.0,0,0.0,Not applicable,1.0,Model-based Estimates,2.0,Interpolation,384585.0,,,,,,,,,,
,,,,,,,,,,,,,,,,,,,,,,,,,UNWPP_portal_apr2023,,,,,,,,,,,,,,,,,,,,,,,,,,,,,,,,,47.0,Population by 1-year age groups and sex,Annual population by 1-year age groups and by sex,World Population Prospects,2022.0,United Nations Population Division,706.0,Somalia,SO,SOM,51.0,2000.0,4.0,Median,3.0,Both sexes,42.0,0.0,1.0,0,0.0,Not applicable,1.0,Model-based Estimates,2.0,Interpolation,398898.0,,,,,,,,,,
,,,,,,,,,,,,,,,,,,,,,,,,,UNWPP_portal_apr2023,,,,,,,,,,,,,,,,,,,,,,,,,,,,,,,,,47.0,Population by 1-year age groups and sex,Annual population by 1-year age groups and by sex,World Population Prospects,2022.0,United Nations Population Division,706.0,Somalia,SO,SOM,52.0,2001.0,4.0,Median,3.0,Both sexes,42.0,0.0,1.0,0,0.0,Not applicable,1.0,Model-based Estimates,2.0,Interpolation,413484.0,,,,,,,,,,
,,,,,,,,,,,,,,,,,,,,,,,,,UNWPP_portal_apr2023,,,,,,,,,,,,,,,,,,,,,,,,,,,,,,,,,47.0,Population by 1-year age groups and sex,Annual population by 1-year age groups and by sex,World Population Prospects,2022.0,United Nations Population Division,706.0,Somalia,SO,SOM,53.0,2002.0,4.0,Median,3.0,Both sexes,42.0,0.0,1.0,0,0.0,Not applicable,1.0,Model-based Estimates,2.0,Interpolation,428119.0,,,,,,,,,,
,,,,,,,,,,,,,,,,,,,,,,,,,UNWPP_portal_apr2023,,,,,,,,,,,,,,,,,,,,,,,,,,,,,,,,,47.0,Population by 1-year age groups and sex,Annual population by 1-year age groups and by sex,World Population Prospects,2022.0,United Nations Population Division,706.0,Somalia,SO,SOM,54.0,2003.0,4.0,Median,3.0,Both sexes,42.0,0.0,1.0,0,0.0,Not applicable,1.0,Model-based Estimates,2.0,Interpolation,442684.0,,,,,,,,,,
,,,,,,,,,,,,,,,,,,,,,,,,,UNWPP_portal_apr2023,,,,,,,,,,,,,,,,,,,,,,,,,,,,,,,,,47.0,Population by 1-year age groups and sex,Annual population by 1-year age groups and by sex,World Population Prospects,2022.0,United Nations Population Division,706.0,Somalia,SO,SOM,55.0,2004.0,4.0,Median,3.0,Both sexes,42.0,0.0,1.0,0,0.0,Not applicable,1.0,Model-based Estimates,2.0,Interpolation,456897.0,,,,,,,,,,
,,,,,,,,,,,,,,,,,,,,,,,,,UNWPP_portal_apr2023,,,,,,,,,,,,,,,,,,,,,,,,,,,,,,,,,47.0,Population by 1-year age groups and sex,Annual population by 1-year age groups and by sex,World Population Prospects,2022.0,United Nations Population Division,706.0,Somalia,SO,SOM,56.0,2005.0,4.0,Median,3.0,Both sexes,42.0,0.0,1.0,0,0.0,Not applicable,1.0,Model-based Estimates,2.0,Interpolation,470476.0,,,,,,,,,,
,,,,,,,,,,,,,,,,,,,,,,,,,UNWPP_portal_apr2023,,,,,,,,,,,,,,,,,,,,,,,,,,,,,,,,,47.0,Population by 1-year age groups and sex,Annual population by 1-year age groups and by sex,World Population Prospects,2022.0,United Nations Population Division,706.0,Somalia,SO,SOM,57.0,2006.0,4.0,Median,3.0,Both sexes,42.0,0.0,1.0,0,0.0,Not applicable,1.0,Model-based Estimates,2.0,Interpolation,482418.0,,,,,,,,,,
,,,,,,,,,,,,,,,,,,,,,,,,,UNWPP_portal_apr2023,,,,,,,,,,,,,,,,,,,,,,,,,,,,,,,,,47.0,Population by 1-year age groups and sex,Annual population by 1-year age groups and by sex,World Population Prospects,2022.0,United Nations Population Division,706.0,Somalia,SO,SOM,58.0,2007.0,4.0,Median,3.0,Both sexes,42.0,0.0,1.0,0,0.0,Not applicable,1.0,Model-based Estimates,2.0,Interpolation,494928.0,,,,,,,,,,
,,,,,,,,,,,,,,,,,,,,,,,,,UNWPP_portal_apr2023,,,,,,,,,,,,,,,,,,,,,,,,,,,,,,,,,47.0,Population by 1-year age groups and sex,Annual population by 1-year age groups and by sex,World Population Prospects,2022.0,United Nations Population Division,706.0,Somalia,SO,SOM,59.0,2008.0,4.0,Median,3.0,Both sexes,42.0,0.0,1.0,0,0.0,Not applicable,1.0,Model-based Estimates,2.0,Interpolation,507297.0,,,,,,,,,,
,,,,,,,,,,,,,,,,,,,,,,,,,UNWPP_portal_apr2023,,,,,,,,,,,,,,,,,,,,,,,,,,,,,,,,,47.0,Population by 1-year age groups and sex,Annual population by 1-year age groups and by sex,World Population Prospects,2022.0,United Nations Population Division,706.0,Somalia,SO,SOM,60.0,2009.0,4.0,Median,3.0,Both sexes,42.0,0.0,1.0,0,0.0,Not applicable,1.0,Model-based Estimates,2.0,Interpolation,517789.0,,,,,,,,,,
,,,,,,,,,,,,,,,,,,,,,,,,,UNWPP_portal_apr2023,,,,,,,,,,,,,,,,,,,,,,,,,,,,,,,,,47.0,Population by 1-year age groups and sex,Annual population by 1-year age groups and by sex,World Population Prospects,2022.0,United Nations Population Division,706.0,Somalia,SO,SOM,61.0,2010.0,4.0,Median,3.0,Both sexes,42.0,0.0,1.0,0,0.0,Not applicable,1.0,Model-based Estimates,2.0,Interpolation,527790.0,,,,,,,,,,
,,,,,,,,,,,,,,,,,,,,,,,,,UNWPP_portal_apr2023,,,,,,,,,,,,,,,,,,,,,,,,,,,,,,,,,47.0,Population by 1-year age groups and sex,Annual population by 1-year age groups and by sex,World Population Prospects,2022.0,United Nations Population Division,706.0,Somalia,SO,SOM,62.0,2011.0,4.0,Median,3.0,Both sexes,42.0,0.0,1.0,0,0.0,Not applicable,1.0,Model-based Estimates,2.0,Interpolation,533729.0,,,,,,,,,,
,,,,,,,,,,,,,,,,,,,,,,,,,UNWPP_portal_apr2023,,,,,,,,,,,,,,,,,,,,,,,,,,,,,,,,,47.0,Population by 1-year age groups and sex,Annual population by 1-year age groups and by sex,World Population Prospects,2022.0,United Nations Population Division,706.0,Somalia,SO,SOM,63.0,2012.0,4.0,Median,3.0,Both sexes,42.0,0.0,1.0,0,0.0,Not applicable,1.0,Model-based Estimates,2.0,Interpolation,542621.0,,,,,,,,,,
,,,,,,,,,,,,,,,,,,,,,,,,,UNWPP_portal_apr2023,,,,,,,,,,,,,,,,,,,,,,,,,,,,,,,,,47.0,Population by 1-year age groups and sex,Annual population by 1-year age groups and by sex,World Population Prospects,2022.0,United Nations Population Division,706.0,Somalia,SO,SOM,64.0,2013.0,4.0,Median,3.0,Both sexes,42.0,0.0,1.0,0,0.0,Not applicable,1.0,Model-based Estimates,2.0,Interpolation,558914.0,,,,,,,,,,
,,,,,,,,,,,,,,,,,,,,,,,,,UNWPP_portal_apr2023,,,,,,,,,,,,,,,,,,,,,,,,,,,,,,,,,47.0,Population by 1-year age groups and sex,Annual population by 1-year age groups and by sex,World Population Prospects,2022.0,United Nations Population Division,706.0,Somalia,SO,SOM,65.0,2014.0,4.0,Median,3.0,Both sexes,42.0,0.0,1.0,0,0.0,Not applicable,1.0,Model-based Estimates,2.0,Interpolation,576167.0,,,,,,,,,,
,,,,,,,,,,,,,,,,,,,,,,,,,UNWPP_portal_apr2023,,,,,,,,,,,,,,,,,,,,,,,,,,,,,,,,,47.0,Population by 1-year age groups and sex,Annual population by 1-year age groups and by sex,World Population Prospects,2022.0,United Nations Population Division,706.0,Somalia,SO,SOM,66.0,2015.0,4.0,Median,3.0,Both sexes,42.0,0.0,1.0,0,0.0,Not applicable,1.0,Model-based Estimates,2.0,Interpolation,593185.0,,,,,,,,,,
,,,,,,,,,,,,,,,,,,,,,,,,,UNWPP_portal_apr2023,,,,,,,,,,,,,,,,,,,,,,,,,,,,,,,,,47.0,Population by 1-year age groups and sex,Annual population by 1-year age groups and by sex,World Population Prospects,2022.0,United Nations Population Division,706.0,Somalia,SO,SOM,67.0,2016.0,4.0,Median,3.0,Both sexes,42.0,0.0,1.0,0,0.0,Not applicable,1.0,Model-based Estimates,2.0,Interpolation,612713.0,,,,,,,,,,
,,,,,,,,,,,,,,,,,,,,,,,,,UNWPP_portal_apr2023,,,,,,,,,,,,,,,,,,,,,,,,,,,,,,,,,47.0,Population by 1-year age groups and sex,Annual population by 1-year age groups and by sex,World Population Prospects,2022.0,United Nations Population Division,706.0,Somalia,SO,SOM,68.0,2017.0,4.0,Median,3.0,Both sexes,42.0,0.0,1.0,0,0.0,Not applicable,1.0,Model-based Estimates,2.0,Interpolation,630873.0,,,,,,,,,,
,,,,,,,,,,,,,,,,,,,,,,,,,UNWPP_portal_apr2023,,,,,,,,,,,,,,,,,,,,,,,,,,,,,,,,,47.0,Population by 1-year age groups and sex,Annual population by 1-year age groups and by sex,World Population Prospects,2022.0,United Nations Population Division,706.0,Somalia,SO,SOM,69.0,2018.0,4.0,Median,3.0,Both sexes,42.0,0.0,1.0,0,0.0,Not applicable,1.0,Model-based Estimates,2.0,Interpolation,646621.0,,,,,,,,,,
,,,,,,,,,,,,,,,,,,,,,,,,,UNWPP_portal_apr2023,,,,,,,,,,,,,,,,,,,,,,,,,,,,,,,,,47.0,Population by 1-year age groups and sex,Annual population by 1-year age groups and by sex,World Population Prospects,2022.0,United Nations Population Division,706.0,Somalia,SO,SOM,70.0,2019.0,4.0,Median,3.0,Both sexes,42.0,0.0,1.0,0,0.0,Not applicable,1.0,Model-based Estimates,2.0,Interpolation,664788.0,,,,,,,,,,
,,,,,,,,,,,,,,,,,,,,,,,,,UNWPP_portal_apr2023,,,,,,,,,,,,,,,,,,,,,,,,,,,,,,,,,47.0,Population by 1-year age groups and sex,Annual population by 1-year age groups and by sex,World Population Prospects,2022.0,United Nations Population Division,706.0,Somalia,SO,SOM,71.0,2020.0,4.0,Median,3.0,Both sexes,42.0,0.0,1.0,0,0.0,Not applicable,1.0,Model-based Estimates,2.0,Interpolation,681262.0,,,,,,,,,,
,,,,,,,,,,,,,,,,,,,,,,,,,UNWPP_portal_apr2023,,,,,,,,,,,,,,,,,,,,,,,,,,,,,,,,,47.0,Population by 1-year age groups and sex,Annual population by 1-year age groups and by sex,World Population Prospects,2022.0,United Nations Population Division,706.0,Somalia,SO,SOM,72.0,2021.0,4.0,Median,3.0,Both sexes,42.0,0.0,1.0,0,0.0,Not applicable,1.0,Model-based Estimates,2.0,Interpolation,696080.0,,,,,,,,,,
,,,,,,,,,,,,,,,,,,,,,,,,,UNWPP_portal_apr2023,,,,,,,,,,,,,,,,,,,,,,,,,,,,,,,,,47.0,Population by 1-year age groups and sex,Annual population by 1-year age groups and by sex,World Population Prospects,2022.0,United Nations Population Division,706.0,Somalia,SO,SOM,73.0,2022.0,4.0,Median,3.0,Both sexes,42.0,0.0,1.0,0,0.0,Not applicable,1.0,Model-based Estimates,2.0,Interpolation,711721.0,,,,,,,,,,
,,,,,,,,,,,,,,,,,,,,,,,,,UNWPP_portal_apr2023,,,,,,,,,,,,,,,,,,,,,,,,,,,,,,,,,47.0,Population by 1-year age groups and sex,Annual population by 1-year age groups and by sex,World Population Prospects,2022.0,United Nations Population Division,706.0,Somalia,SO,SOM,74.0,2023.0,4.0,Median,3.0,Both sexes,42.0,0.0,1.0,0,0.0,Not applicable,1.0,Model-based Estimates,3.0,Projection,727486.0,,,,,,,,,,
,,,,,,,,,,,,,,,,,,,,,,,,,UNWPP_portal_apr2023,,,,,,,,,,,,,,,,,,,,,,,,,,,,,,,,,49.0,Total population by sex,Total population by sex,World Population Prospects,2022.0,United Nations Population Division,706.0,Somalia,SO,SOM,31.0,1980.0,4.0,Median,3.0,Both sexes,188.0,0.0,-1.0,Total,0.0,Not applicable,1.0,Model-based Estimates,2.0,Interpolation,5892224.0,,,,,,,,,,
,,,,,,,,,,,,,,,,,,,,,,,,,UNWPP_portal_apr2023,,,,,,,,,,,,,,,,,,,,,,,,,,,,,,,,,49.0,Total population by sex,Total population by sex,World Population Prospects,2022.0,United Nations Population Division,706.0,Somalia,SO,SOM,32.0,1981.0,4.0,Median,3.0,Both sexes,188.0,0.0,-1.0,Total,0.0,Not applicable,1.0,Model-based Estimates,2.0,Interpolation,5934938.0,,,,,,,,,,
,,,,,,,,,,,,,,,,,,,,,,,,,UNWPP_portal_apr2023,,,,,,,,,,,,,,,,,,,,,,,,,,,,,,,,,49.0,Total population by sex,Total population by sex,World Population Prospects,2022.0,United Nations Population Division,706.0,Somalia,SO,SOM,33.0,1982.0,4.0,Median,3.0,Both sexes,188.0,0.0,-1.0,Total,0.0,Not applicable,1.0,Model-based Estimates,2.0,Interpolation,5951805.0,,,,,,,,,,
,,,,,,,,,,,,,,,,,,,,,,,,,UNWPP_portal_apr2023,,,,,,,,,,,,,,,,,,,,,,,,,,,,,,,,,49.0,Total population by sex,Total population by sex,World Population Prospects,2022.0,United Nations Population Division,706.0,Somalia,SO,SOM,34.0,1983.0,4.0,Median,3.0,Both sexes,188.0,0.0,-1.0,Total,0.0,Not applicable,1.0,Model-based Estimates,2.0,Interpolation,6142513.0,,,,,,,,,,
,,,,,,,,,,,,,,,,,,,,,,,,,UNWPP_portal_apr2023,,,,,,,,,,,,,,,,,,,,,,,,,,,,,,,,,49.0,Total population by sex,Total population by sex,World Population Prospects,2022.0,United Nations Population Division,706.0,Somalia,SO,SOM,35.0,1984.0,4.0,Median,3.0,Both sexes,188.0,0.0,-1.0,Total,0.0,Not applicable,1.0,Model-based Estimates,2.0,Interpolation,6369020.0,,,,,,,,,,
,,,,,,,,,,,,,,,,,,,,,,,,,UNWPP_portal_apr2023,,,,,,,,,,,,,,,,,,,,,,,,,,,,,,,,,49.0,Total population by sex,Total population by sex,World Population Prospects,2022.0,United Nations Population Division,706.0,Somalia,SO,SOM,36.0,1985.0,4.0,Median,3.0,Both sexes,188.0,0.0,-1.0,Total,0.0,Not applicable,1.0,Model-based Estimates,2.0,Interpolation,6630637.0,,,,,,,,,,
,,,,,,,,,,,,,,,,,,,,,,,,,UNWPP_portal_apr2023,,,,,,,,,,,,,,,,,,,,,,,,,,,,,,,,,49.0,Total population by sex,Total population by sex,World Population Prospects,2022.0,United Nations Population Division,706.0,Somalia,SO,SOM,37.0,1986.0,4.0,Median,3.0,Both sexes,188.0,0.0,-1.0,Total,0.0,Not applicable,1.0,Model-based Estimates,2.0,Interpolation,6908579.0,,,,,,,,,,
,,,,,,,,,,,,,,,,,,,,,,,,,UNWPP_portal_apr2023,,,,,,,,,,,,,,,,,,,,,,,,,,,,,,,,,49.0,Total population by sex,Total population by sex,World Population Prospects,2022.0,United Nations Population Division,706.0,Somalia,SO,SOM,38.0,1987.0,4.0,Median,3.0,Both sexes,188.0,0.0,-1.0,Total,0.0,Not applicable,1.0,Model-based Estimates,2.0,Interpolation,7158004.0,,,,,,,,,,
,,,,,,,,,,,,,,,,,,,,,,,,,UNWPP_portal_apr2023,,,,,,,,,,,,,,,,,,,,,,,,,,,,,,,,,49.0,Total population by sex,Total population by sex,World Population Prospects,2022.0,United Nations Population Division,706.0,Somalia,SO,SOM,39.0,1988.0,4.0,Median,3.0,Both sexes,188.0,0.0,-1.0,Total,0.0,Not applicable,1.0,Model-based Estimates,2.0,Interpolation,7160461.0,,,,,,,,,,
,,,,,,,,,,,,,,,,,,,,,,,,,UNWPP_portal_apr2023,,,,,,,,,,,,,,,,,,,,,,,,,,,,,,,,,49.0,Total population by sex,Total population by sex,World Population Prospects,2022.0,United Nations Population Division,706.0,Somalia,SO,SOM,40.0,1989.0,4.0,Median,3.0,Both sexes,188.0,0.0,-1.0,Total,0.0,Not applicable,1.0,Model-based Estimates,2.0,Interpolation,7035378.0,,,,,,,,,,
,,,,,,,,,,,,,,,,,,,,,,,,,UNWPP_portal_apr2023,,,,,,,,,,,,,,,,,,,,,,,,,,,,,,,,,49.0,Total population by sex,Total population by sex,World Population Prospects,2022.0,United Nations Population Division,706.0,Somalia,SO,SOM,41.0,1990.0,4.0,Median,3.0,Both sexes,188.0,0.0,-1.0,Total,0.0,Not applicable,1.0,Model-based Estimates,2.0,Interpolation,6999096.0,,,,,,,,,,
,,,,,,,,,,,,,,,,,,,,,,,,,UNWPP_portal_apr2023,,,,,,,,,,,,,,,,,,,,,,,,,,,,,,,,,49.0,Total population by sex,Total population by sex,World Population Prospects,2022.0,United Nations Population Division,706.0,Somalia,SO,SOM,42.0,1991.0,4.0,Median,3.0,Both sexes,188.0,0.0,-1.0,Total,0.0,Not applicable,1.0,Model-based Estimates,2.0,Interpolation,6732702.0,,,,,,,,,,
,,,,,,,,,,,,,,,,,,,,,,,,,UNWPP_portal_apr2023,,,,,,,,,,,,,,,,,,,,,,,,,,,,,,,,,49.0,Total population by sex,Total population by sex,World Population Prospects,2022.0,United Nations Population Division,706.0,Somalia,SO,SOM,43.0,1992.0,4.0,Median,3.0,Both sexes,188.0,0.0,-1.0,Total,0.0,Not applicable,1.0,Model-based Estimates,2.0,Interpolation,6428142.0,,,,,,,,,,
,,,,,,,,,,,,,,,,,,,,,,,,,UNWPP_portal_apr2023,,,,,,,,,,,,,,,,,,,,,,,,,,,,,,,,,49.0,Total population by sex,Total population by sex,World Population Prospects,2022.0,United Nations Population Division,706.0,Somalia,SO,SOM,44.0,1993.0,4.0,Median,3.0,Both sexes,188.0,0.0,-1.0,Total,0.0,Not applicable,1.0,Model-based Estimates,2.0,Interpolation,6620729.0,,,,,,,,,,
,,,,,,,,,,,,,,,,,,,,,,,,,UNWPP_portal_apr2023,,,,,,,,,,,,,,,,,,,,,,,,,,,,,,,,,49.0,Total population by sex,Total population by sex,World Population Prospects,2022.0,United Nations Population Division,706.0,Somalia,SO,SOM,45.0,1994.0,4.0,Median,3.0,Both sexes,188.0,0.0,-1.0,Total,0.0,Not applicable,1.0,Model-based Estimates,2.0,Interpolation,6959829.0,,,,,,,,,,
,,,,,,,,,,,,,,,,,,,,,,,,,UNWPP_portal_apr2023,,,,,,,,,,,,,,,,,,,,,,,,,,,,,,,,,49.0,Total population by sex,Total population by sex,World Population Prospects,2022.0,United Nations Population Division,706.0,Somalia,SO,SOM,46.0,1995.0,4.0,Median,3.0,Both sexes,188.0,0.0,-1.0,Total,0.0,Not applicable,1.0,Model-based Estimates,2.0,Interpolation,7210930.0,,,,,,,,,,
,,,,,,,,,,,,,,,,,,,,,,,,,UNWPP_portal_apr2023,,,,,,,,,,,,,,,,,,,,,,,,,,,,,,,,,49.0,Total population by sex,Total population by sex,World Population Prospects,2022.0,United Nations Population Division,706.0,Somalia,SO,SOM,47.0,1996.0,4.0,Median,3.0,Both sexes,188.0,0.0,-1.0,Total,0.0,Not applicable,1.0,Model-based Estimates,2.0,Interpolation,7472450.0,,,,,,,,,,
,,,,,,,,,,,,,,,,,,,,,,,,,UNWPP_portal_apr2023,,,,,,,,,,,,,,,,,,,,,,,,,,,,,,,,,49.0,Total population by sex,Total population by sex,World Population Prospects,2022.0,United Nations Population Division,706.0,Somalia,SO,SOM,48.0,1997.0,4.0,Median,3.0,Both sexes,188.0,0.0,-1.0,Total,0.0,Not applicable,1.0,Model-based Estimates,2.0,Interpolation,7734313.0,,,,,,,,,,
,,,,,,,,,,,,,,,,,,,,,,,,,UNWPP_portal_apr2023,,,,,,,,,,,,,,,,,,,,,,,,,,,,,,,,,49.0,Total population by sex,Total population by sex,World Population Prospects,2022.0,United Nations Population Division,706.0,Somalia,SO,SOM,49.0,1998.0,4.0,Median,3.0,Both sexes,188.0,0.0,-1.0,Total,0.0,Not applicable,1.0,Model-based Estimates,2.0,Interpolation,8056862.0,,,,,,,,,,
,,,,,,,,,,,,,,,,,,,,,,,,,UNWPP_portal_apr2023,,,,,,,,,,,,,,,,,,,,,,,,,,,,,,,,,49.0,Total population by sex,Total population by sex,World Population Prospects,2022.0,United Nations Population Division,706.0,Somalia,SO,SOM,50.0,1999.0,4.0,Median,3.0,Both sexes,188.0,0.0,-1.0,Total,0.0,Not applicable,1.0,Model-based Estimates,2.0,Interpolation,8384479.0,,,,,,,,,,
,,,,,,,,,,,,,,,,,,,,,,,,,UNWPP_portal_apr2023,,,,,,,,,,,,,,,,,,,,,,,,,,,,,,,,,49.0,Total population by sex,Total population by sex,World Population Prospects,2022.0,United Nations Population Division,706.0,Somalia,SO,SOM,51.0,2000.0,4.0,Median,3.0,Both sexes,188.0,0.0,-1.0,Total,0.0,Not applicable,1.0,Model-based Estimates,2.0,Interpolation,8721465.0,,,,,,,,,,
,,,,,,,,,,,,,,,,,,,,,,,,,UNWPP_portal_apr2023,,,,,,,,,,,,,,,,,,,,,,,,,,,,,,,,,49.0,Total population by sex,Total population by sex,World Population Prospects,2022.0,United Nations Population Division,706.0,Somalia,SO,SOM,52.0,2001.0,4.0,Median,3.0,Both sexes,188.0,0.0,-1.0,Total,0.0,Not applicable,1.0,Model-based Estimates,2.0,Interpolation,9070747.0,,,,,,,,,,
,,,,,,,,,,,,,,,,,,,,,,,,,UNWPP_portal_apr2023,,,,,,,,,,,,,,,,,,,,,,,,,,,,,,,,,49.0,Total population by sex,Total population by sex,World Population Prospects,2022.0,United Nations Population Division,706.0,Somalia,SO,SOM,53.0,2002.0,4.0,Median,3.0,Both sexes,188.0,0.0,-1.0,Total,0.0,Not applicable,1.0,Model-based Estimates,2.0,Interpolation,9411103.0,,,,,,,,,,
,,,,,,,,,,,,,,,,,,,,,,,,,UNWPP_portal_apr2023,,,,,,,,,,,,,,,,,,,,,,,,,,,,,,,,,49.0,Total population by sex,Total population by sex,World Population Prospects,2022.0,United Nations Population Division,706.0,Somalia,SO,SOM,54.0,2003.0,4.0,Median,3.0,Both sexes,188.0,0.0,-1.0,Total,0.0,Not applicable,1.0,Model-based Estimates,2.0,Interpolation,9758281.0,,,,,,,,,,
,,,,,,,,,,,,,,,,,,,,,,,,,UNWPP_portal_apr2023,,,,,,,,,,,,,,,,,,,,,,,,,,,,,,,,,49.0,Total population by sex,Total population by sex,World Population Prospects,2022.0,United Nations Population Division,706.0,Somalia,SO,SOM,55.0,2004.0,4.0,Median,3.0,Both sexes,188.0,0.0,-1.0,Total,0.0,Not applicable,1.0,Model-based Estimates,2.0,Interpolation,10117355.0,,,,,,,,,,
,,,,,,,,,,,,,,,,,,,,,,,,,UNWPP_portal_apr2023,,,,,,,,,,,,,,,,,,,,,,,,,,,,,,,,,49.0,Total population by sex,Total population by sex,World Population Prospects,2022.0,United Nations Population Division,706.0,Somalia,SO,SOM,56.0,2005.0,4.0,Median,3.0,Both sexes,188.0,0.0,-1.0,Total,0.0,Not applicable,1.0,Model-based Estimates,2.0,Interpolation,10467292.0,,,,,,,,,,
,,,,,,,,,,,,,,,,,,,,,,,,,UNWPP_portal_apr2023,,,,,,,,,,,,,,,,,,,,,,,,,,,,,,,,,49.0,Total population by sex,Total population by sex,World Population Prospects,2022.0,United Nations Population Division,706.0,Somalia,SO,SOM,57.0,2006.0,4.0,Median,3.0,Both sexes,188.0,0.0,-1.0,Total,0.0,Not applicable,1.0,Model-based Estimates,2.0,Interpolation,10784973.0,,,,,,,,,,
,,,,,,,,,,,,,,,,,,,,,,,,,UNWPP_portal_apr2023,,,,,,,,,,,,,,,,,,,,,,,,,,,,,,,,,49.0,Total population by sex,Total population by sex,World Population Prospects,2022.0,United Nations Population Division,706.0,Somalia,SO,SOM,58.0,2007.0,4.0,Median,3.0,Both sexes,188.0,0.0,-1.0,Total,0.0,Not applicable,1.0,Model-based Estimates,2.0,Interpolation,11118092.0,,,,,,,,,,
,,,,,,,,,,,,,,,,,,,,,,,,,UNWPP_portal_apr2023,,,,,,,,,,,,,,,,,,,,,,,,,,,,,,,,,49.0,Total population by sex,Total population by sex,World Population Prospects,2022.0,United Nations Population Division,706.0,Somalia,SO,SOM,59.0,2008.0,4.0,Median,3.0,Both sexes,188.0,0.0,-1.0,Total,0.0,Not applicable,1.0,Model-based Estimates,2.0,Interpolation,11444870.0,,,,,,,,,,
,,,,,,,,,,,,,,,,,,,,,,,,,UNWPP_portal_apr2023,,,,,,,,,,,,,,,,,,,,,,,,,,,,,,,,,49.0,Total population by sex,Total population by sex,World Population Prospects,2022.0,United Nations Population Division,706.0,Somalia,SO,SOM,60.0,2009.0,4.0,Median,3.0,Both sexes,188.0,0.0,-1.0,Total,0.0,Not applicable,1.0,Model-based Estimates,2.0,Interpolation,11730037.0,,,,,,,,,,
,,,,,,,,,,,,,,,,,,,,,,,,,UNWPP_portal_apr2023,,,,,,,,,,,,,,,,,,,,,,,,,,,,,,,,,49.0,Total population by sex,Total population by sex,World Population Prospects,2022.0,United Nations Population Division,706.0,Somalia,SO,SOM,61.0,2010.0,4.0,Median,3.0,Both sexes,188.0,0.0,-1.0,Total,0.0,Not applicable,1.0,Model-based Estimates,2.0,Interpolation,12026650.0,,,,,,,,,,
,,,,,,,,,,,,,,,,,,,,,,,,,UNWPP_portal_apr2023,,,,,,,,,,,,,,,,,,,,,,,,,,,,,,,,,49.0,Total population by sex,Total population by sex,World Population Prospects,2022.0,United Nations Population Division,706.0,Somalia,SO,SOM,62.0,2011.0,4.0,Median,3.0,Both sexes,188.0,0.0,-1.0,Total,0.0,Not applicable,1.0,Model-based Estimates,2.0,Interpolation,12216838.0,,,,,,,,,,
,,,,,,,,,,,,,,,,,,,,,,,,,UNWPP_portal_apr2023,,,,,,,,,,,,,,,,,,,,,,,,,,,,,,,,,49.0,Total population by sex,Total population by sex,World Population Prospects,2022.0,United Nations Population Division,706.0,Somalia,SO,SOM,63.0,2012.0,4.0,Median,3.0,Both sexes,188.0,0.0,-1.0,Total,0.0,Not applicable,1.0,Model-based Estimates,2.0,Interpolation,12440327.0,,,,,,,,,,
,,,,,,,,,,,,,,,,,,,,,,,,,UNWPP_portal_apr2023,,,,,,,,,,,,,,,,,,,,,,,,,,,,,,,,,49.0,Total population by sex,Total population by sex,World Population Prospects,2022.0,United Nations Population Division,706.0,Somalia,SO,SOM,64.0,2013.0,4.0,Median,3.0,Both sexes,188.0,0.0,-1.0,Total,0.0,Not applicable,1.0,Model-based Estimates,2.0,Interpolation,12852485.0,,,,,,,,,,
,,,,,,,,,,,,,,,,,,,,,,,,,UNWPP_portal_apr2023,,,,,,,,,,,,,,,,,,,,,,,,,,,,,,,,,49.0,Total population by sex,Total population by sex,World Population Prospects,2022.0,United Nations Population Division,706.0,Somalia,SO,SOM,65.0,2014.0,4.0,Median,3.0,Both sexes,188.0,0.0,-1.0,Total,0.0,Not applicable,1.0,Model-based Estimates,2.0,Interpolation,13309235.0,,,,,,,,,,
,,,,,,,,,,,,,,,,,,,,,,,,,UNWPP_portal_apr2023,,,,,,,,,,,,,,,,,,,,,,,,,,,,,,,,,49.0,Total population by sex,Total population by sex,World Population Prospects,2022.0,United Nations Population Division,706.0,Somalia,SO,SOM,66.0,2015.0,4.0,Median,3.0,Both sexes,188.0,0.0,-1.0,Total,0.0,Not applicable,1.0,Model-based Estimates,2.0,Interpolation,13763907.0,,,,,,,,,,
,,,,,,,,,,,,,,,,,,,,,,,,,UNWPP_portal_apr2023,,,,,,,,,,,,,,,,,,,,,,,,,,,,,,,,,49.0,Total population by sex,Total population by sex,World Population Prospects,2022.0,United Nations Population Division,706.0,Somalia,SO,SOM,67.0,2016.0,4.0,Median,3.0,Both sexes,188.0,0.0,-1.0,Total,0.0,Not applicable,1.0,Model-based Estimates,2.0,Interpolation,14292847.0,,,,,,,,,,
,,,,,,,,,,,,,,,,,,,,,,,,,UNWPP_portal_apr2023,,,,,,,,,,,,,,,,,,,,,,,,,,,,,,,,,49.0,Total population by sex,Total population by sex,World Population Prospects,2022.0,United Nations Population Division,706.0,Somalia,SO,SOM,68.0,2017.0,4.0,Median,3.0,Both sexes,188.0,0.0,-1.0,Total,0.0,Not applicable,1.0,Model-based Estimates,2.0,Interpolation,14864221.0,,,,,,,,,,
,,,,,,,,,,,,,,,,,,,,,,,,,UNWPP_portal_apr2023,,,,,,,,,,,,,,,,,,,,,,,,,,,,,,,,,49.0,Total population by sex,Total population by sex,World Population Prospects,2022.0,United Nations Population Division,706.0,Somalia,SO,SOM,69.0,2018.0,4.0,Median,3.0,Both sexes,188.0,0.0,-1.0,Total,0.0,Not applicable,1.0,Model-based Estimates,2.0,Interpolation,15411094.0,,,,,,,,,,
,,,,,,,,,,,,,,,,,,,,,,,,,UNWPP_portal_apr2023,,,,,,,,,,,,,,,,,,,,,,,,,,,,,,,,,49.0,Total population by sex,Total population by sex,World Population Prospects,2022.0,United Nations Population Division,706.0,Somalia,SO,SOM,70.0,2019.0,4.0,Median,3.0,Both sexes,188.0,0.0,-1.0,Total,0.0,Not applicable,1.0,Model-based Estimates,2.0,Interpolation,15981301.0,,,,,,,,,,
,,,,,,,,,,,,,,,,,,,,,,,,,UNWPP_portal_apr2023,,,,,,,,,,,,,,,,,,,,,,,,,,,,,,,,,49.0,Total population by sex,Total population by sex,World Population Prospects,2022.0,United Nations Population Division,706.0,Somalia,SO,SOM,71.0,2020.0,4.0,Median,3.0,Both sexes,188.0,0.0,-1.0,Total,0.0,Not applicable,1.0,Model-based Estimates,2.0,Interpolation,16537016.0,,,,,,,,,,
,,,,,,,,,,,,,,,,,,,,,,,,,UNWPP_portal_apr2023,,,,,,,,,,,,,,,,,,,,,,,,,,,,,,,,,49.0,Total population by sex,Total population by sex,World Population Prospects,2022.0,United Nations Population Division,706.0,Somalia,SO,SOM,72.0,2021.0,4.0,Median,3.0,Both sexes,188.0,0.0,-1.0,Total,0.0,Not applicable,1.0,Model-based Estimates,2.0,Interpolation,17065581.0,,,,,,,,,,
,,,,,,,,,,,,,,,,,,,,,,,,,UNWPP_portal_apr2023,,,,,,,,,,,,,,,,,,,,,,,,,,,,,,,,,49.0,Total population by sex,Total population by sex,World Population Prospects,2022.0,United Nations Population Division,706.0,Somalia,SO,SOM,73.0,2022.0,4.0,Median,3.0,Both sexes,188.0,0.0,-1.0,Total,0.0,Not applicable,1.0,Model-based Estimates,2.0,Interpolation,17597511.0,,,,,,,,,,
,,,,,,,,,,,,,,,,,,,,,,,,,UNWPP_portal_apr2023,,,,,,,,,,,,,,,,,,,,,,,,,,,,,,,,,49.0,Total population by sex,Total population by sex,World Population Prospects,2022.0,United Nations Population Division,706.0,Somalia,SO,SOM,74.0,2023.0,4.0,Median,3.0,Both sexes,188.0,0.0,-1.0,Total,0.0,Not applicable,1.0,Model-based Estimates,3.0,Projection,18143379.0,,,,,,,,,,
,,,,,,,,,,,,,,,,,,,,,,,,,UNWPP_portal_apr2023,,,,,,,,,,,,,,,,,,,,,,,,,,,,,,,,,55.0,Crude birth rate,"Crude birth rate (births per 1,000 population)",World Population Prospects,2022.0,United Nations Population Division,706.0,Somalia,SO,SOM,31.0,1980.0,4.0,Median,3.0,Both sexes,188.0,0.0,-1.0,Total,0.0,Not applicable,1.0,Model-based Estimates,2.0,Interpolation,47.314,,,,,,,,,,
,,,,,,,,,,,,,,,,,,,,,,,,,UNWPP_portal_apr2023,,,,,,,,,,,,,,,,,,,,,,,,,,,,,,,,,55.0,Crude birth rate,"Crude birth rate (births per 1,000 population)",World Population Prospects,2022.0,United Nations Population Division,706.0,Somalia,SO,SOM,32.0,1981.0,4.0,Median,3.0,Both sexes,188.0,0.0,-1.0,Total,0.0,Not applicable,1.0,Model-based Estimates,2.0,Interpolation,47.738,,,,,,,,,,
,,,,,,,,,,,,,,,,,,,,,,,,,UNWPP_portal_apr2023,,,,,,,,,,,,,,,,,,,,,,,,,,,,,,,,,55.0,Crude birth rate,"Crude birth rate (births per 1,000 population)",World Population Prospects,2022.0,United Nations Population Division,706.0,Somalia,SO,SOM,33.0,1982.0,4.0,Median,3.0,Both sexes,188.0,0.0,-1.0,Total,0.0,Not applicable,1.0,Model-based Estimates,2.0,Interpolation,48.024,,,,,,,,,,
,,,,,,,,,,,,,,,,,,,,,,,,,UNWPP_portal_apr2023,,,,,,,,,,,,,,,,,,,,,,,,,,,,,,,,,55.0,Crude birth rate,"Crude birth rate (births per 1,000 population)",World Population Prospects,2022.0,United Nations Population Division,706.0,Somalia,SO,SOM,34.0,1983.0,4.0,Median,3.0,Both sexes,188.0,0.0,-1.0,Total,0.0,Not applicable,1.0,Model-based Estimates,2.0,Interpolation,48.255,,,,,,,,,,
,,,,,,,,,,,,,,,,,,,,,,,,,UNWPP_portal_apr2023,,,,,,,,,,,,,,,,,,,,,,,,,,,,,,,,,55.0,Crude birth rate,"Crude birth rate (births per 1,000 population)",World Population Prospects,2022.0,United Nations Population Division,706.0,Somalia,SO,SOM,35.0,1984.0,4.0,Median,3.0,Both sexes,188.0,0.0,-1.0,Total,0.0,Not applicable,1.0,Model-based Estimates,2.0,Interpolation,48.461,,,,,,,,,,
,,,,,,,,,,,,,,,,,,,,,,,,,UNWPP_portal_apr2023,,,,,,,,,,,,,,,,,,,,,,,,,,,,,,,,,55.0,Crude birth rate,"Crude birth rate (births per 1,000 population)",World Population Prospects,2022.0,United Nations Population Division,706.0,Somalia,SO,SOM,36.0,1985.0,4.0,Median,3.0,Both sexes,188.0,0.0,-1.0,Total,0.0,Not applicable,1.0,Model-based Estimates,2.0,Interpolation,48.711,,,,,,,,,,
,,,,,,,,,,,,,,,,,,,,,,,,,UNWPP_portal_apr2023,,,,,,,,,,,,,,,,,,,,,,,,,,,,,,,,,55.0,Crude birth rate,"Crude birth rate (births per 1,000 population)",World Population Prospects,2022.0,United Nations Population Division,706.0,Somalia,SO,SOM,37.0,1986.0,4.0,Median,3.0,Both sexes,188.0,0.0,-1.0,Total,0.0,Not applicable,1.0,Model-based Estimates,2.0,Interpolation,48.871,,,,,,,,,,
,,,,,,,,,,,,,,,,,,,,,,,,,UNWPP_portal_apr2023,,,,,,,,,,,,,,,,,,,,,,,,,,,,,,,,,55.0,Crude birth rate,"Crude birth rate (births per 1,000 population)",World Population Prospects,2022.0,United Nations Population Division,706.0,Somalia,SO,SOM,38.0,1987.0,4.0,Median,3.0,Both sexes,188.0,0.0,-1.0,Total,0.0,Not applicable,1.0,Model-based Estimates,2.0,Interpolation,48.999,,,,,,,,,,
,,,,,,,,,,,,,,,,,,,,,,,,,UNWPP_portal_apr2023,,,,,,,,,,,,,,,,,,,,,,,,,,,,,,,,,55.0,Crude birth rate,"Crude birth rate (births per 1,000 population)",World Population Prospects,2022.0,United Nations Population Division,706.0,Somalia,SO,SOM,39.0,1988.0,4.0,Median,3.0,Both sexes,188.0,0.0,-1.0,Total,0.0,Not applicable,1.0,Model-based Estimates,2.0,Interpolation,49.057,,,,,,,,,,
,,,,,,,,,,,,,,,,,,,,,,,,,UNWPP_portal_apr2023,,,,,,,,,,,,,,,,,,,,,,,,,,,,,,,,,55.0,Crude birth rate,"Crude birth rate (births per 1,000 population)",World Population Prospects,2022.0,United Nations Population Division,706.0,Somalia,SO,SOM,40.0,1989.0,4.0,Median,3.0,Both sexes,188.0,0.0,-1.0,Total,0.0,Not applicable,1.0,Model-based Estimates,2.0,Interpolation,49.159,,,,,,,,,,
,,,,,,,,,,,,,,,,,,,,,,,,,UNWPP_portal_apr2023,,,,,,,,,,,,,,,,,,,,,,,,,,,,,,,,,55.0,Crude birth rate,"Crude birth rate (births per 1,000 population)",World Population Prospects,2022.0,United Nations Population Division,706.0,Somalia,SO,SOM,41.0,1990.0,4.0,Median,3.0,Both sexes,188.0,0.0,-1.0,Total,0.0,Not applicable,1.0,Model-based Estimates,2.0,Interpolation,49.008,,,,,,,,,,
,,,,,,,,,,,,,,,,,,,,,,,,,UNWPP_portal_apr2023,,,,,,,,,,,,,,,,,,,,,,,,,,,,,,,,,55.0,Crude birth rate,"Crude birth rate (births per 1,000 population)",World Population Prospects,2022.0,United Nations Population Division,706.0,Somalia,SO,SOM,42.0,1991.0,4.0,Median,3.0,Both sexes,188.0,0.0,-1.0,Total,0.0,Not applicable,1.0,Model-based Estimates,2.0,Interpolation,49.4,,,,,,,,,,
,,,,,,,,,,,,,,,,,,,,,,,,,UNWPP_portal_apr2023,,,,,,,,,,,,,,,,,,,,,,,,,,,,,,,,,55.0,Crude birth rate,"Crude birth rate (births per 1,000 population)",World Population Prospects,2022.0,United Nations Population Division,706.0,Somalia,SO,SOM,43.0,1992.0,4.0,Median,3.0,Both sexes,188.0,0.0,-1.0,Total,0.0,Not applicable,1.0,Model-based Estimates,2.0,Interpolation,50.214,,,,,,,,,,
,,,,,,,,,,,,,,,,,,,,,,,,,UNWPP_portal_apr2023,,,,,,,,,,,,,,,,,,,,,,,,,,,,,,,,,55.0,Crude birth rate,"Crude birth rate (births per 1,000 population)",World Population Prospects,2022.0,United Nations Population Division,706.0,Somalia,SO,SOM,44.0,1993.0,4.0,Median,3.0,Both sexes,188.0,0.0,-1.0,Total,0.0,Not applicable,1.0,Model-based Estimates,2.0,Interpolation,50.438,,,,,,,,,,
,,,,,,,,,,,,,,,,,,,,,,,,,UNWPP_portal_apr2023,,,,,,,,,,,,,,,,,,,,,,,,,,,,,,,,,55.0,Crude birth rate,"Crude birth rate (births per 1,000 population)",World Population Prospects,2022.0,United Nations Population Division,706.0,Somalia,SO,SOM,45.0,1994.0,4.0,Median,3.0,Both sexes,188.0,0.0,-1.0,Total,0.0,Not applicable,1.0,Model-based Estimates,2.0,Interpolation,50.262,,,,,,,,,,
,,,,,,,,,,,,,,,,,,,,,,,,,UNWPP_portal_apr2023,,,,,,,,,,,,,,,,,,,,,,,,,,,,,,,,,55.0,Crude birth rate,"Crude birth rate (births per 1,000 population)",World Population Prospects,2022.0,United Nations Population Division,706.0,Somalia,SO,SOM,46.0,1995.0,4.0,Median,3.0,Both sexes,188.0,0.0,-1.0,Total,0.0,Not applicable,1.0,Model-based Estimates,2.0,Interpolation,50.145,,,,,,,,,,
,,,,,,,,,,,,,,,,,,,,,,,,,UNWPP_portal_apr2023,,,,,,,,,,,,,,,,,,,,,,,,,,,,,,,,,55.0,Crude birth rate,"Crude birth rate (births per 1,000 population)",World Population Prospects,2022.0,United Nations Population Division,706.0,Somalia,SO,SOM,47.0,1996.0,4.0,Median,3.0,Both sexes,188.0,0.0,-1.0,Total,0.0,Not applicable,1.0,Model-based Estimates,2.0,Interpolation,50.1,,,,,,,,,,
,,,,,,,,,,,,,,,,,,,,,,,,,UNWPP_portal_apr2023,,,,,,,,,,,,,,,,,,,,,,,,,,,,,,,,,55.0,Crude birth rate,"Crude birth rate (births per 1,000 population)",World Population Prospects,2022.0,United Nations Population Division,706.0,Somalia,SO,SOM,48.0,1997.0,4.0,Median,3.0,Both sexes,188.0,0.0,-1.0,Total,0.0,Not applicable,1.0,Model-based Estimates,2.0,Interpolation,50.345,,,,,,,,,,
,,,,,,,,,,,,,,,,,,,,,,,,,UNWPP_portal_apr2023,,,,,,,,,,,,,,,,,,,,,,,,,,,,,,,,,55.0,Crude birth rate,"Crude birth rate (births per 1,000 population)",World Population Prospects,2022.0,United Nations Population Division,706.0,Somalia,SO,SOM,49.0,1998.0,4.0,Median,3.0,Both sexes,188.0,0.0,-1.0,Total,0.0,Not applicable,1.0,Model-based Estimates,2.0,Interpolation,50.194,,,,,,,,,,
,,,,,,,,,,,,,,,,,,,,,,,,,UNWPP_portal_apr2023,,,,,,,,,,,,,,,,,,,,,,,,,,,,,,,,,55.0,Crude birth rate,"Crude birth rate (births per 1,000 population)",World Population Prospects,2022.0,United Nations Population Division,706.0,Somalia,SO,SOM,50.0,1999.0,4.0,Median,3.0,Both sexes,188.0,0.0,-1.0,Total,0.0,Not applicable,1.0,Model-based Estimates,2.0,Interpolation,50.067,,,,,,,,,,
,,,,,,,,,,,,,,,,,,,,,,,,,UNWPP_portal_apr2023,,,,,,,,,,,,,,,,,,,,,,,,,,,,,,,,,55.0,Crude birth rate,"Crude birth rate (births per 1,000 population)",World Population Prospects,2022.0,United Nations Population Division,706.0,Somalia,SO,SOM,51.0,2000.0,4.0,Median,3.0,Both sexes,188.0,0.0,-1.0,Total,0.0,Not applicable,1.0,Model-based Estimates,2.0,Interpolation,49.901,,,,,,,,,,
,,,,,,,,,,,,,,,,,,,,,,,,,UNWPP_portal_apr2023,,,,,,,,,,,,,,,,,,,,,,,,,,,,,,,,,55.0,Crude birth rate,"Crude birth rate (births per 1,000 population)",World Population Prospects,2022.0,United Nations Population Division,706.0,Somalia,SO,SOM,52.0,2001.0,4.0,Median,3.0,Both sexes,188.0,0.0,-1.0,Total,0.0,Not applicable,1.0,Model-based Estimates,2.0,Interpolation,49.72,,,,,,,,,,
,,,,,,,,,,,,,,,,,,,,,,,,,UNWPP_portal_apr2023,,,,,,,,,,,,,,,,,,,,,,,,,,,,,,,,,55.0,Crude birth rate,"Crude birth rate (births per 1,000 population)",World Population Prospects,2022.0,United Nations Population Division,706.0,Somalia,SO,SOM,53.0,2002.0,4.0,Median,3.0,Both sexes,188.0,0.0,-1.0,Total,0.0,Not applicable,1.0,Model-based Estimates,2.0,Interpolation,49.688,,,,,,,,,,
,,,,,,,,,,,,,,,,,,,,,,,,,UNWPP_portal_apr2023,,,,,,,,,,,,,,,,,,,,,,,,,,,,,,,,,55.0,Crude birth rate,"Crude birth rate (births per 1,000 population)",World Population Prospects,2022.0,United Nations Population Division,706.0,Somalia,SO,SOM,54.0,2003.0,4.0,Median,3.0,Both sexes,188.0,0.0,-1.0,Total,0.0,Not applicable,1.0,Model-based Estimates,2.0,Interpolation,49.446,,,,,,,,,,
,,,,,,,,,,,,,,,,,,,,,,,,,UNWPP_portal_apr2023,,,,,,,,,,,,,,,,,,,,,,,,,,,,,,,,,55.0,Crude birth rate,"Crude birth rate (births per 1,000 population)",World Population Prospects,2022.0,United Nations Population Division,706.0,Somalia,SO,SOM,55.0,2004.0,4.0,Median,3.0,Both sexes,188.0,0.0,-1.0,Total,0.0,Not applicable,1.0,Model-based Estimates,2.0,Interpolation,49.232,,,,,,,,,,
,,,,,,,,,,,,,,,,,,,,,,,,,UNWPP_portal_apr2023,,,,,,,,,,,,,,,,,,,,,,,,,,,,,,,,,55.0,Crude birth rate,"Crude birth rate (births per 1,000 population)",World Population Prospects,2022.0,United Nations Population Division,706.0,Somalia,SO,SOM,56.0,2005.0,4.0,Median,3.0,Both sexes,188.0,0.0,-1.0,Total,0.0,Not applicable,1.0,Model-based Estimates,2.0,Interpolation,48.972,,,,,,,,,,
,,,,,,,,,,,,,,,,,,,,,,,,,UNWPP_portal_apr2023,,,,,,,,,,,,,,,,,,,,,,,,,,,,,,,,,55.0,Crude birth rate,"Crude birth rate (births per 1,000 population)",World Population Prospects,2022.0,United Nations Population Division,706.0,Somalia,SO,SOM,57.0,2006.0,4.0,Median,3.0,Both sexes,188.0,0.0,-1.0,Total,0.0,Not applicable,1.0,Model-based Estimates,2.0,Interpolation,48.739,,,,,,,,,,
,,,,,,,,,,,,,,,,,,,,,,,,,UNWPP_portal_apr2023,,,,,,,,,,,,,,,,,,,,,,,,,,,,,,,,,55.0,Crude birth rate,"Crude birth rate (births per 1,000 population)",World Population Prospects,2022.0,United Nations Population Division,706.0,Somalia,SO,SOM,58.0,2007.0,4.0,Median,3.0,Both sexes,188.0,0.0,-1.0,Total,0.0,Not applicable,1.0,Model-based Estimates,2.0,Interpolation,48.466,,,,,,,,,,
,,,,,,,,,,,,,,,,,,,,,,,,,UNWPP_portal_apr2023,,,,,,,,,,,,,,,,,,,,,,,,,,,,,,,,,55.0,Crude birth rate,"Crude birth rate (births per 1,000 population)",World Population Prospects,2022.0,United Nations Population Division,706.0,Somalia,SO,SOM,59.0,2008.0,4.0,Median,3.0,Both sexes,188.0,0.0,-1.0,Total,0.0,Not applicable,1.0,Model-based Estimates,2.0,Interpolation,48.242,,,,,,,,,,
,,,,,,,,,,,,,,,,,,,,,,,,,UNWPP_portal_apr2023,,,,,,,,,,,,,,,,,,,,,,,,,,,,,,,,,55.0,Crude birth rate,"Crude birth rate (births per 1,000 population)",World Population Prospects,2022.0,United Nations Population Division,706.0,Somalia,SO,SOM,60.0,2009.0,4.0,Median,3.0,Both sexes,188.0,0.0,-1.0,Total,0.0,Not applicable,1.0,Model-based Estimates,2.0,Interpolation,47.946,,,,,,,,,,
,,,,,,,,,,,,,,,,,,,,,,,,,UNWPP_portal_apr2023,,,,,,,,,,,,,,,,,,,,,,,,,,,,,,,,,55.0,Crude birth rate,"Crude birth rate (births per 1,000 population)",World Population Prospects,2022.0,United Nations Population Division,706.0,Somalia,SO,SOM,61.0,2010.0,4.0,Median,3.0,Both sexes,188.0,0.0,-1.0,Total,0.0,Not applicable,1.0,Model-based Estimates,2.0,Interpolation,47.696,,,,,,,,,,
,,,,,,,,,,,,,,,,,,,,,,,,,UNWPP_portal_apr2023,,,,,,,,,,,,,,,,,,,,,,,,,,,,,,,,,55.0,Crude birth rate,"Crude birth rate (births per 1,000 population)",World Population Prospects,2022.0,United Nations Population Division,706.0,Somalia,SO,SOM,62.0,2011.0,4.0,Median,3.0,Both sexes,188.0,0.0,-1.0,Total,0.0,Not applicable,1.0,Model-based Estimates,2.0,Interpolation,47.53,,,,,,,,,,
,,,,,,,,,,,,,,,,,,,,,,,,,UNWPP_portal_apr2023,,,,,,,,,,,,,,,,,,,,,,,,,,,,,,,,,55.0,Crude birth rate,"Crude birth rate (births per 1,000 population)",World Population Prospects,2022.0,United Nations Population Division,706.0,Somalia,SO,SOM,63.0,2012.0,4.0,Median,3.0,Both sexes,188.0,0.0,-1.0,Total,0.0,Not applicable,1.0,Model-based Estimates,2.0,Interpolation,47.282,,,,,,,,,,
,,,,,,,,,,,,,,,,,,,,,,,,,UNWPP_portal_apr2023,,,,,,,,,,,,,,,,,,,,,,,,,,,,,,,,,55.0,Crude birth rate,"Crude birth rate (births per 1,000 population)",World Population Prospects,2022.0,United Nations Population Division,706.0,Somalia,SO,SOM,64.0,2013.0,4.0,Median,3.0,Both sexes,188.0,0.0,-1.0,Total,0.0,Not applicable,1.0,Model-based Estimates,2.0,Interpolation,46.995,,,,,,,,,,
,,,,,,,,,,,,,,,,,,,,,,,,,UNWPP_portal_apr2023,,,,,,,,,,,,,,,,,,,,,,,,,,,,,,,,,55.0,Crude birth rate,"Crude birth rate (births per 1,000 population)",World Population Prospects,2022.0,United Nations Population Division,706.0,Somalia,SO,SOM,65.0,2014.0,4.0,Median,3.0,Both sexes,188.0,0.0,-1.0,Total,0.0,Not applicable,1.0,Model-based Estimates,2.0,Interpolation,46.747,,,,,,,,,,
,,,,,,,,,,,,,,,,,,,,,,,,,UNWPP_portal_apr2023,,,,,,,,,,,,,,,,,,,,,,,,,,,,,,,,,55.0,Crude birth rate,"Crude birth rate (births per 1,000 population)",World Population Prospects,2022.0,United Nations Population Division,706.0,Somalia,SO,SOM,66.0,2015.0,4.0,Median,3.0,Both sexes,188.0,0.0,-1.0,Total,0.0,Not applicable,1.0,Model-based Estimates,2.0,Interpolation,46.474,,,,,,,,,,
,,,,,,,,,,,,,,,,,,,,,,,,,UNWPP_portal_apr2023,,,,,,,,,,,,,,,,,,,,,,,,,,,,,,,,,55.0,Crude birth rate,"Crude birth rate (births per 1,000 population)",World Population Prospects,2022.0,United Nations Population Division,706.0,Somalia,SO,SOM,67.0,2016.0,4.0,Median,3.0,Both sexes,188.0,0.0,-1.0,Total,0.0,Not applicable,1.0,Model-based Estimates,2.0,Interpolation,46.156,,,,,,,,,,
,,,,,,,,,,,,,,,,,,,,,,,,,UNWPP_portal_apr2023,,,,,,,,,,,,,,,,,,,,,,,,,,,,,,,,,55.0,Crude birth rate,"Crude birth rate (births per 1,000 population)",World Population Prospects,2022.0,United Nations Population Division,706.0,Somalia,SO,SOM,68.0,2017.0,4.0,Median,3.0,Both sexes,188.0,0.0,-1.0,Total,0.0,Not applicable,1.0,Model-based Estimates,2.0,Interpolation,45.457,,,,,,,,,,
,,,,,,,,,,,,,,,,,,,,,,,,,UNWPP_portal_apr2023,,,,,,,,,,,,,,,,,,,,,,,,,,,,,,,,,55.0,Crude birth rate,"Crude birth rate (births per 1,000 population)",World Population Prospects,2022.0,United Nations Population Division,706.0,Somalia,SO,SOM,69.0,2018.0,4.0,Median,3.0,Both sexes,188.0,0.0,-1.0,Total,0.0,Not applicable,1.0,Model-based Estimates,2.0,Interpolation,44.992,,,,,,,,,,
,,,,,,,,,,,,,,,,,,,,,,,,,UNWPP_portal_apr2023,,,,,,,,,,,,,,,,,,,,,,,,,,,,,,,,,55.0,Crude birth rate,"Crude birth rate (births per 1,000 population)",World Population Prospects,2022.0,United Nations Population Division,706.0,Somalia,SO,SOM,70.0,2019.0,4.0,Median,3.0,Both sexes,188.0,0.0,-1.0,Total,0.0,Not applicable,1.0,Model-based Estimates,2.0,Interpolation,44.564,,,,,,,,,,
,,,,,,,,,,,,,,,,,,,,,,,,,UNWPP_portal_apr2023,,,,,,,,,,,,,,,,,,,,,,,,,,,,,,,,,55.0,Crude birth rate,"Crude birth rate (births per 1,000 population)",World Population Prospects,2022.0,United Nations Population Division,706.0,Somalia,SO,SOM,71.0,2020.0,4.0,Median,3.0,Both sexes,188.0,0.0,-1.0,Total,0.0,Not applicable,1.0,Model-based Estimates,2.0,Interpolation,44.007,,,,,,,,,,
,,,,,,,,,,,,,,,,,,,,,,,,,UNWPP_portal_apr2023,,,,,,,,,,,,,,,,,,,,,,,,,,,,,,,,,55.0,Crude birth rate,"Crude birth rate (births per 1,000 population)",World Population Prospects,2022.0,United Nations Population Division,706.0,Somalia,SO,SOM,72.0,2021.0,4.0,Median,3.0,Both sexes,188.0,0.0,-1.0,Total,0.0,Not applicable,1.0,Model-based Estimates,2.0,Interpolation,43.561,,,,,,,,,,
,,,,,,,,,,,,,,,,,,,,,,,,,UNWPP_portal_apr2023,,,,,,,,,,,,,,,,,,,,,,,,,,,,,,,,,55.0,Crude birth rate,"Crude birth rate (births per 1,000 population)",World Population Prospects,2022.0,United Nations Population Division,706.0,Somalia,SO,SOM,73.0,2022.0,4.0,Median,3.0,Both sexes,188.0,0.0,-1.0,Total,0.0,Not applicable,1.0,Model-based Estimates,2.0,Interpolation,43.086,,,,,,,,,,
,,,,,,,,,,,,,,,,,,,,,,,,,UNWPP_portal_apr2023,,,,,,,,,,,,,,,,,,,,,,,,,,,,,,,,,55.0,Crude birth rate,"Crude birth rate (births per 1,000 population)",World Population Prospects,2022.0,United Nations Population Division,706.0,Somalia,SO,SOM,74.0,2023.0,4.0,Median,3.0,Both sexes,188.0,0.0,-1.0,Total,0.0,Not applicable,1.0,Model-based Estimates,3.0,Projection,42.649,,,,,,,,,,
,,,,,,,,,,,,,,,,,,,,,,,,,UNWPP_portal_apr2023,,,,,,,,,,,,,,,,,,,,,,,,,,,,,,,,,57.0,Total births by sex,Total number of live births by sex,World Population Prospects,2022.0,United Nations Population Division,706.0,Somalia,SO,SOM,31.0,1980.0,4.0,Median,3.0,Both sexes,188.0,0.0,-1.0,Total,0.0,Not applicable,1.0,Model-based Estimates,2.0,Interpolation,277302.0,,,,,,,,,,
,,,,,,,,,,,,,,,,,,,,,,,,,UNWPP_portal_apr2023,,,,,,,,,,,,,,,,,,,,,,,,,,,,,,,,,57.0,Total births by sex,Total number of live births by sex,World Population Prospects,2022.0,United Nations Population Division,706.0,Somalia,SO,SOM,32.0,1981.0,4.0,Median,3.0,Both sexes,188.0,0.0,-1.0,Total,0.0,Not applicable,1.0,Model-based Estimates,2.0,Interpolation,291329.0,,,,,,,,,,
,,,,,,,,,,,,,,,,,,,,,,,,,UNWPP_portal_apr2023,,,,,,,,,,,,,,,,,,,,,,,,,,,,,,,,,57.0,Total births by sex,Total number of live births by sex,World Population Prospects,2022.0,United Nations Population Division,706.0,Somalia,SO,SOM,33.0,1982.0,4.0,Median,3.0,Both sexes,188.0,0.0,-1.0,Total,0.0,Not applicable,1.0,Model-based Estimates,2.0,Interpolation,285754.0,,,,,,,,,,
,,,,,,,,,,,,,,,,,,,,,,,,,UNWPP_portal_apr2023,,,,,,,,,,,,,,,,,,,,,,,,,,,,,,,,,57.0,Total births by sex,Total number of live births by sex,World Population Prospects,2022.0,United Nations Population Division,706.0,Somalia,SO,SOM,34.0,1983.0,4.0,Median,3.0,Both sexes,188.0,0.0,-1.0,Total,0.0,Not applicable,1.0,Model-based Estimates,2.0,Interpolation,296252.0,,,,,,,,,,
,,,,,,,,,,,,,,,,,,,,,,,,,UNWPP_portal_apr2023,,,,,,,,,,,,,,,,,,,,,,,,,,,,,,,,,57.0,Total births by sex,Total number of live births by sex,World Population Prospects,2022.0,United Nations Population Division,706.0,Somalia,SO,SOM,35.0,1984.0,4.0,Median,3.0,Both sexes,188.0,0.0,-1.0,Total,0.0,Not applicable,1.0,Model-based Estimates,2.0,Interpolation,307257.0,,,,,,,,,,
,,,,,,,,,,,,,,,,,,,,,,,,,UNWPP_portal_apr2023,,,,,,,,,,,,,,,,,,,,,,,,,,,,,,,,,57.0,Total births by sex,Total number of live births by sex,World Population Prospects,2022.0,United Nations Population Division,706.0,Somalia,SO,SOM,36.0,1985.0,4.0,Median,3.0,Both sexes,188.0,0.0,-1.0,Total,0.0,Not applicable,1.0,Model-based Estimates,2.0,Interpolation,321553.0,,,,,,,,,,
,,,,,,,,,,,,,,,,,,,,,,,,,UNWPP_portal_apr2023,,,,,,,,,,,,,,,,,,,,,,,,,,,,,,,,,57.0,Total births by sex,Total number of live births by sex,World Population Prospects,2022.0,United Nations Population Division,706.0,Somalia,SO,SOM,37.0,1986.0,4.0,Median,3.0,Both sexes,188.0,0.0,-1.0,Total,0.0,Not applicable,1.0,Model-based Estimates,2.0,Interpolation,335893.0,,,,,,,,,,
,,,,,,,,,,,,,,,,,,,,,,,,,UNWPP_portal_apr2023,,,,,,,,,,,,,,,,,,,,,,,,,,,,,,,,,57.0,Total births by sex,Total number of live births by sex,World Population Prospects,2022.0,United Nations Population Division,706.0,Somalia,SO,SOM,38.0,1987.0,4.0,Median,3.0,Both sexes,188.0,0.0,-1.0,Total,0.0,Not applicable,1.0,Model-based Estimates,2.0,Interpolation,351249.0,,,,,,,,,,
,,,,,,,,,,,,,,,,,,,,,,,,,UNWPP_portal_apr2023,,,,,,,,,,,,,,,,,,,,,,,,,,,,,,,,,57.0,Total births by sex,Total number of live births by sex,World Population Prospects,2022.0,United Nations Population Division,706.0,Somalia,SO,SOM,39.0,1988.0,4.0,Median,3.0,Both sexes,188.0,0.0,-1.0,Total,0.0,Not applicable,1.0,Model-based Estimates,2.0,Interpolation,361541.0,,,,,,,,,,
,,,,,,,,,,,,,,,,,,,,,,,,,UNWPP_portal_apr2023,,,,,,,,,,,,,,,,,,,,,,,,,,,,,,,,,57.0,Total births by sex,Total number of live births by sex,World Population Prospects,2022.0,United Nations Population Division,706.0,Somalia,SO,SOM,40.0,1989.0,4.0,Median,3.0,Both sexes,188.0,0.0,-1.0,Total,0.0,Not applicable,1.0,Model-based Estimates,2.0,Interpolation,352491.0,,,,,,,,,,
,,,,,,,,,,,,,,,,,,,,,,,,,UNWPP_portal_apr2023,,,,,,,,,,,,,,,,,,,,,,,,,,,,,,,,,57.0,Total births by sex,Total number of live births by sex,World Population Prospects,2022.0,United Nations Population Division,706.0,Somalia,SO,SOM,41.0,1990.0,4.0,Median,3.0,Both sexes,188.0,0.0,-1.0,Total,0.0,Not applicable,1.0,Model-based Estimates,2.0,Interpolation,349163.0,,,,,,,,,,
,,,,,,,,,,,,,,,,,,,,,,,,,UNWPP_portal_apr2023,,,,,,,,,,,,,,,,,,,,,,,,,,,,,,,,,57.0,Total births by sex,Total number of live births by sex,World Population Prospects,2022.0,United Nations Population Division,706.0,Somalia,SO,SOM,42.0,1991.0,4.0,Median,3.0,Both sexes,188.0,0.0,-1.0,Total,0.0,Not applicable,1.0,Model-based Estimates,2.0,Interpolation,346465.0,,,,,,,,,,
,,,,,,,,,,,,,,,,,,,,,,,,,UNWPP_portal_apr2023,,,,,,,,,,,,,,,,,,,,,,,,,,,,,,,,,57.0,Total births by sex,Total number of live births by sex,World Population Prospects,2022.0,United Nations Population Division,706.0,Somalia,SO,SOM,43.0,1992.0,4.0,Median,3.0,Both sexes,188.0,0.0,-1.0,Total,0.0,Not applicable,1.0,Model-based Estimates,2.0,Interpolation,327368.0,,,,,,,,,,
,,,,,,,,,,,,,,,,,,,,,,,,,UNWPP_portal_apr2023,,,,,,,,,,,,,,,,,,,,,,,,,,,,,,,,,57.0,Total births by sex,Total number of live births by sex,World Population Prospects,2022.0,United Nations Population Division,706.0,Somalia,SO,SOM,44.0,1993.0,4.0,Median,3.0,Both sexes,188.0,0.0,-1.0,Total,0.0,Not applicable,1.0,Model-based Estimates,2.0,Interpolation,327630.0,,,,,,,,,,
,,,,,,,,,,,,,,,,,,,,,,,,,UNWPP_portal_apr2023,,,,,,,,,,,,,,,,,,,,,,,,,,,,,,,,,57.0,Total births by sex,Total number of live births by sex,World Population Prospects,2022.0,United Nations Population Division,706.0,Somalia,SO,SOM,45.0,1994.0,4.0,Median,3.0,Both sexes,188.0,0.0,-1.0,Total,0.0,Not applicable,1.0,Model-based Estimates,2.0,Interpolation,351181.0,,,,,,,,,,
,,,,,,,,,,,,,,,,,,,,,,,,,UNWPP_portal_apr2023,,,,,,,,,,,,,,,,,,,,,,,,,,,,,,,,,57.0,Total births by sex,Total number of live births by sex,World Population Prospects,2022.0,United Nations Population Division,706.0,Somalia,SO,SOM,46.0,1995.0,4.0,Median,3.0,Both sexes,188.0,0.0,-1.0,Total,0.0,Not applicable,1.0,Model-based Estimates,2.0,Interpolation,360026.0,,,,,,,,,,
,,,,,,,,,,,,,,,,,,,,,,,,,UNWPP_portal_apr2023,,,,,,,,,,,,,,,,,,,,,,,,,,,,,,,,,57.0,Total births by sex,Total number of live births by sex,World Population Prospects,2022.0,United Nations Population Division,706.0,Somalia,SO,SOM,47.0,1996.0,4.0,Median,3.0,Both sexes,188.0,0.0,-1.0,Total,0.0,Not applicable,1.0,Model-based Estimates,2.0,Interpolation,375622.0,,,,,,,,,,
,,,,,,,,,,,,,,,,,,,,,,,,,UNWPP_portal_apr2023,,,,,,,,,,,,,,,,,,,,,,,,,,,,,,,,,57.0,Total births by sex,Total number of live births by sex,World Population Prospects,2022.0,United Nations Population Division,706.0,Somalia,SO,SOM,48.0,1997.0,4.0,Median,3.0,Both sexes,188.0,0.0,-1.0,Total,0.0,Not applicable,1.0,Model-based Estimates,2.0,Interpolation,388239.0,,,,,,,,,,
,,,,,,,,,,,,,,,,,,,,,,,,,UNWPP_portal_apr2023,,,,,,,,,,,,,,,,,,,,,,,,,,,,,,,,,57.0,Total births by sex,Total number of live births by sex,World Population Prospects,2022.0,United Nations Population Division,706.0,Somalia,SO,SOM,49.0,1998.0,4.0,Median,3.0,Both sexes,188.0,0.0,-1.0,Total,0.0,Not applicable,1.0,Model-based Estimates,2.0,Interpolation,403112.0,,,,,,,,,,
,,,,,,,,,,,,,,,,,,,,,,,,,UNWPP_portal_apr2023,,,,,,,,,,,,,,,,,,,,,,,,,,,,,,,,,57.0,Total births by sex,Total number of live births by sex,World Population Prospects,2022.0,United Nations Population Division,706.0,Somalia,SO,SOM,50.0,1999.0,4.0,Median,3.0,Both sexes,188.0,0.0,-1.0,Total,0.0,Not applicable,1.0,Model-based Estimates,2.0,Interpolation,418943.0,,,,,,,,,,
,,,,,,,,,,,,,,,,,,,,,,,,,UNWPP_portal_apr2023,,,,,,,,,,,,,,,,,,,,,,,,,,,,,,,,,57.0,Total births by sex,Total number of live births by sex,World Population Prospects,2022.0,United Nations Population Division,706.0,Somalia,SO,SOM,51.0,2000.0,4.0,Median,3.0,Both sexes,188.0,0.0,-1.0,Total,0.0,Not applicable,1.0,Model-based Estimates,2.0,Interpolation,433978.0,,,,,,,,,,
,,,,,,,,,,,,,,,,,,,,,,,,,UNWPP_portal_apr2023,,,,,,,,,,,,,,,,,,,,,,,,,,,,,,,,,57.0,Total births by sex,Total number of live births by sex,World Population Prospects,2022.0,United Nations Population Division,706.0,Somalia,SO,SOM,52.0,2001.0,4.0,Median,3.0,Both sexes,188.0,0.0,-1.0,Total,0.0,Not applicable,1.0,Model-based Estimates,2.0,Interpolation,450098.0,,,,,,,,,,
,,,,,,,,,,,,,,,,,,,,,,,,,UNWPP_portal_apr2023,,,,,,,,,,,,,,,,,,,,,,,,,,,,,,,,,57.0,Total births by sex,Total number of live births by sex,World Population Prospects,2022.0,United Nations Population Division,706.0,Somalia,SO,SOM,53.0,2002.0,4.0,Median,3.0,Both sexes,188.0,0.0,-1.0,Total,0.0,Not applicable,1.0,Model-based Estimates,2.0,Interpolation,467423.0,,,,,,,,,,
,,,,,,,,,,,,,,,,,,,,,,,,,UNWPP_portal_apr2023,,,,,,,,,,,,,,,,,,,,,,,,,,,,,,,,,57.0,Total births by sex,Total number of live births by sex,World Population Prospects,2022.0,United Nations Population Division,706.0,Somalia,SO,SOM,54.0,2003.0,4.0,Median,3.0,Both sexes,188.0,0.0,-1.0,Total,0.0,Not applicable,1.0,Model-based Estimates,2.0,Interpolation,481788.0,,,,,,,,,,
,,,,,,,,,,,,,,,,,,,,,,,,,UNWPP_portal_apr2023,,,,,,,,,,,,,,,,,,,,,,,,,,,,,,,,,57.0,Total births by sex,Total number of live births by sex,World Population Prospects,2022.0,United Nations Population Division,706.0,Somalia,SO,SOM,55.0,2004.0,4.0,Median,3.0,Both sexes,188.0,0.0,-1.0,Total,0.0,Not applicable,1.0,Model-based Estimates,2.0,Interpolation,497780.0,,,,,,,,,,
,,,,,,,,,,,,,,,,,,,,,,,,,UNWPP_portal_apr2023,,,,,,,,,,,,,,,,,,,,,,,,,,,,,,,,,57.0,Total births by sex,Total number of live births by sex,World Population Prospects,2022.0,United Nations Population Division,706.0,Somalia,SO,SOM,56.0,2005.0,4.0,Median,3.0,Both sexes,188.0,0.0,-1.0,Total,0.0,Not applicable,1.0,Model-based Estimates,2.0,Interpolation,512853.0,,,,,,,,,,
,,,,,,,,,,,,,,,,,,,,,,,,,UNWPP_portal_apr2023,,,,,,,,,,,,,,,,,,,,,,,,,,,,,,,,,57.0,Total births by sex,Total number of live births by sex,World Population Prospects,2022.0,United Nations Population Division,706.0,Somalia,SO,SOM,57.0,2006.0,4.0,Median,3.0,Both sexes,188.0,0.0,-1.0,Total,0.0,Not applicable,1.0,Model-based Estimates,2.0,Interpolation,527402.0,,,,,,,,,,
,,,,,,,,,,,,,,,,,,,,,,,,,UNWPP_portal_apr2023,,,,,,,,,,,,,,,,,,,,,,,,,,,,,,,,,57.0,Total births by sex,Total number of live births by sex,World Population Prospects,2022.0,United Nations Population Division,706.0,Somalia,SO,SOM,58.0,2007.0,4.0,Median,3.0,Both sexes,188.0,0.0,-1.0,Total,0.0,Not applicable,1.0,Model-based Estimates,2.0,Interpolation,538760.0,,,,,,,,,,
,,,,,,,,,,,,,,,,,,,,,,,,,UNWPP_portal_apr2023,,,,,,,,,,,,,,,,,,,,,,,,,,,,,,,,,57.0,Total births by sex,Total number of live births by sex,World Population Prospects,2022.0,United Nations Population Division,706.0,Somalia,SO,SOM,59.0,2008.0,4.0,Median,3.0,Both sexes,188.0,0.0,-1.0,Total,0.0,Not applicable,1.0,Model-based Estimates,2.0,Interpolation,554707.0,,,,,,,,,,
,,,,,,,,,,,,,,,,,,,,,,,,,UNWPP_portal_apr2023,,,,,,,,,,,,,,,,,,,,,,,,,,,,,,,,,57.0,Total births by sex,Total number of live births by sex,World Population Prospects,2022.0,United Nations Population Division,706.0,Somalia,SO,SOM,60.0,2009.0,4.0,Median,3.0,Both sexes,188.0,0.0,-1.0,Total,0.0,Not applicable,1.0,Model-based Estimates,2.0,Interpolation,564972.0,,,,,,,,,,
,,,,,,,,,,,,,,,,,,,,,,,,,UNWPP_portal_apr2023,,,,,,,,,,,,,,,,,,,,,,,,,,,,,,,,,57.0,Total births by sex,Total number of live births by sex,World Population Prospects,2022.0,United Nations Population Division,706.0,Somalia,SO,SOM,61.0,2010.0,4.0,Median,3.0,Both sexes,188.0,0.0,-1.0,Total,0.0,Not applicable,1.0,Model-based Estimates,2.0,Interpolation,575837.0,,,,,,,,,,
,,,,,,,,,,,,,,,,,,,,,,,,,UNWPP_portal_apr2023,,,,,,,,,,,,,,,,,,,,,,,,,,,,,,,,,57.0,Total births by sex,Total number of live births by sex,World Population Prospects,2022.0,United Nations Population Division,706.0,Somalia,SO,SOM,62.0,2011.0,4.0,Median,3.0,Both sexes,188.0,0.0,-1.0,Total,0.0,Not applicable,1.0,Model-based Estimates,2.0,Interpolation,588550.0,,,,,,,,,,
,,,,,,,,,,,,,,,,,,,,,,,,,UNWPP_portal_apr2023,,,,,,,,,,,,,,,,,,,,,,,,,,,,,,,,,57.0,Total births by sex,Total number of live births by sex,World Population Prospects,2022.0,United Nations Population Division,706.0,Somalia,SO,SOM,63.0,2012.0,4.0,Median,3.0,Both sexes,188.0,0.0,-1.0,Total,0.0,Not applicable,1.0,Model-based Estimates,2.0,Interpolation,589585.0,,,,,,,,,,
,,,,,,,,,,,,,,,,,,,,,,,,,UNWPP_portal_apr2023,,,,,,,,,,,,,,,,,,,,,,,,,,,,,,,,,57.0,Total births by sex,Total number of live births by sex,World Population Prospects,2022.0,United Nations Population Division,706.0,Somalia,SO,SOM,64.0,2013.0,4.0,Median,3.0,Both sexes,188.0,0.0,-1.0,Total,0.0,Not applicable,1.0,Model-based Estimates,2.0,Interpolation,603666.0,,,,,,,,,,
,,,,,,,,,,,,,,,,,,,,,,,,,UNWPP_portal_apr2023,,,,,,,,,,,,,,,,,,,,,,,,,,,,,,,,,57.0,Total births by sex,Total number of live births by sex,World Population Prospects,2022.0,United Nations Population Division,706.0,Somalia,SO,SOM,65.0,2014.0,4.0,Median,3.0,Both sexes,188.0,0.0,-1.0,Total,0.0,Not applicable,1.0,Model-based Estimates,2.0,Interpolation,622191.0,,,,,,,,,,
,,,,,,,,,,,,,,,,,,,,,,,,,UNWPP_portal_apr2023,,,,,,,,,,,,,,,,,,,,,,,,,,,,,,,,,57.0,Total births by sex,Total number of live births by sex,World Population Prospects,2022.0,United Nations Population Division,706.0,Somalia,SO,SOM,66.0,2015.0,4.0,Median,3.0,Both sexes,188.0,0.0,-1.0,Total,0.0,Not applicable,1.0,Model-based Estimates,2.0,Interpolation,640231.0,,,,,,,,,,
,,,,,,,,,,,,,,,,,,,,,,,,,UNWPP_portal_apr2023,,,,,,,,,,,,,,,,,,,,,,,,,,,,,,,,,57.0,Total births by sex,Total number of live births by sex,World Population Prospects,2022.0,United Nations Population Division,706.0,Somalia,SO,SOM,67.0,2016.0,4.0,Median,3.0,Both sexes,188.0,0.0,-1.0,Total,0.0,Not applicable,1.0,Model-based Estimates,2.0,Interpolation,657011.0,,,,,,,,,,
,,,,,,,,,,,,,,,,,,,,,,,,,UNWPP_portal_apr2023,,,,,,,,,,,,,,,,,,,,,,,,,,,,,,,,,57.0,Total births by sex,Total number of live births by sex,World Population Prospects,2022.0,United Nations Population Division,706.0,Somalia,SO,SOM,68.0,2017.0,4.0,Median,3.0,Both sexes,188.0,0.0,-1.0,Total,0.0,Not applicable,1.0,Model-based Estimates,2.0,Interpolation,674938.0,,,,,,,,,,
,,,,,,,,,,,,,,,,,,,,,,,,,UNWPP_portal_apr2023,,,,,,,,,,,,,,,,,,,,,,,,,,,,,,,,,57.0,Total births by sex,Total number of live births by sex,World Population Prospects,2022.0,United Nations Population Division,706.0,Somalia,SO,SOM,69.0,2018.0,4.0,Median,3.0,Both sexes,188.0,0.0,-1.0,Total,0.0,Not applicable,1.0,Model-based Estimates,2.0,Interpolation,692627.0,,,,,,,,,,
,,,,,,,,,,,,,,,,,,,,,,,,,UNWPP_portal_apr2023,,,,,,,,,,,,,,,,,,,,,,,,,,,,,,,,,57.0,Total births by sex,Total number of live births by sex,World Population Prospects,2022.0,United Nations Population Division,706.0,Somalia,SO,SOM,70.0,2019.0,4.0,Median,3.0,Both sexes,188.0,0.0,-1.0,Total,0.0,Not applicable,1.0,Model-based Estimates,2.0,Interpolation,711293.0,,,,,,,,,,
,,,,,,,,,,,,,,,,,,,,,,,,,UNWPP_portal_apr2023,,,,,,,,,,,,,,,,,,,,,,,,,,,,,,,,,57.0,Total births by sex,Total number of live births by sex,World Population Prospects,2022.0,United Nations Population Division,706.0,Somalia,SO,SOM,71.0,2020.0,4.0,Median,3.0,Both sexes,188.0,0.0,-1.0,Total,0.0,Not applicable,1.0,Model-based Estimates,2.0,Interpolation,728149.0,,,,,,,,,,
,,,,,,,,,,,,,,,,,,,,,,,,,UNWPP_portal_apr2023,,,,,,,,,,,,,,,,,,,,,,,,,,,,,,,,,57.0,Total births by sex,Total number of live births by sex,World Population Prospects,2022.0,United Nations Population Division,706.0,Somalia,SO,SOM,72.0,2021.0,4.0,Median,3.0,Both sexes,188.0,0.0,-1.0,Total,0.0,Not applicable,1.0,Model-based Estimates,2.0,Interpolation,743932.0,,,,,,,,,,
,,,,,,,,,,,,,,,,,,,,,,,,,UNWPP_portal_apr2023,,,,,,,,,,,,,,,,,,,,,,,,,,,,,,,,,57.0,Total births by sex,Total number of live births by sex,World Population Prospects,2022.0,United Nations Population Division,706.0,Somalia,SO,SOM,73.0,2022.0,4.0,Median,3.0,Both sexes,188.0,0.0,-1.0,Total,0.0,Not applicable,1.0,Model-based Estimates,2.0,Interpolation,759044.0,,,,,,,,,,
,,,,,,,,,,,,,,,,,,,,,,,,,UNWPP_portal_apr2023,,,,,,,,,,,,,,,,,,,,,,,,,,,,,,,,,57.0,Total births by sex,Total number of live births by sex,World Population Prospects,2022.0,United Nations Population Division,706.0,Somalia,SO,SOM,74.0,2023.0,4.0,Median,3.0,Both sexes,188.0,0.0,-1.0,Total,0.0,Not applicable,1.0,Model-based Estimates,3.0,Projection,774627.0,,,,,,,,,,
,,,,,,,,,,,,,,,,,,,,,,,,,UNWPP_portal_may2023,,,,,,,,,,,,,,,,,,,,,,,,,,,,,,,,,41.0,Female population of reproductive age (15-49 years),Female population of reproductive age (15-49 years),World Population Prospects,2022.0,United Nations Population Division,706.0,Somalia,SO,SOM,31.0,1980.0,4.0,Median,2.0,Female,31.0,15.0,49.0,15-49,99.0,All women,1.0,Model-based Estimates,2.0,Interpolation,1330241.0,,,,,,,,,,
,,,,,,,,,,,,,,,,,,,,,,,,,UNWPP_portal_may2023,,,,,,,,,,,,,,,,,,,,,,,,,,,,,,,,,41.0,Female population of reproductive age (15-49 years),Female population of reproductive age (15-49 years),World Population Prospects,2022.0,United Nations Population Division,706.0,Somalia,SO,SOM,32.0,1981.0,4.0,Median,2.0,Female,31.0,15.0,49.0,15-49,99.0,All women,1.0,Model-based Estimates,2.0,Interpolation,1338501.0,,,,,,,,,,
,,,,,,,,,,,,,,,,,,,,,,,,,UNWPP_portal_may2023,,,,,,,,,,,,,,,,,,,,,,,,,,,,,,,,,41.0,Female population of reproductive age (15-49 years),Female population of reproductive age (15-49 years),World Population Prospects,2022.0,United Nations Population Division,706.0,Somalia,SO,SOM,33.0,1982.0,4.0,Median,2.0,Female,31.0,15.0,49.0,15-49,99.0,All women,1.0,Model-based Estimates,2.0,Interpolation,1340439.0,,,,,,,,,,
,,,,,,,,,,,,,,,,,,,,,,,,,UNWPP_portal_may2023,,,,,,,,,,,,,,,,,,,,,,,,,,,,,,,,,41.0,Female population of reproductive age (15-49 years),Female population of reproductive age (15-49 years),World Population Prospects,2022.0,United Nations Population Division,706.0,Somalia,SO,SOM,34.0,1983.0,4.0,Median,2.0,Female,31.0,15.0,49.0,15-49,99.0,All women,1.0,Model-based Estimates,2.0,Interpolation,1381066.0,,,,,,,,,,
,,,,,,,,,,,,,,,,,,,,,,,,,UNWPP_portal_may2023,,,,,,,,,,,,,,,,,,,,,,,,,,,,,,,,,41.0,Female population of reproductive age (15-49 years),Female population of reproductive age (15-49 years),World Population Prospects,2022.0,United Nations Population Division,706.0,Somalia,SO,SOM,35.0,1984.0,4.0,Median,2.0,Female,31.0,15.0,49.0,15-49,99.0,All women,1.0,Model-based Estimates,2.0,Interpolation,1428766.0,,,,,,,,,,
,,,,,,,,,,,,,,,,,,,,,,,,,UNWPP_portal_may2023,,,,,,,,,,,,,,,,,,,,,,,,,,,,,,,,,41.0,Female population of reproductive age (15-49 years),Female population of reproductive age (15-49 years),World Population Prospects,2022.0,United Nations Population Division,706.0,Somalia,SO,SOM,36.0,1985.0,4.0,Median,2.0,Female,31.0,15.0,49.0,15-49,99.0,All women,1.0,Model-based Estimates,2.0,Interpolation,1483243.0,,,,,,,,,,
,,,,,,,,,,,,,,,,,,,,,,,,,UNWPP_portal_may2023,,,,,,,,,,,,,,,,,,,,,,,,,,,,,,,,,41.0,Female population of reproductive age (15-49 years),Female population of reproductive age (15-49 years),World Population Prospects,2022.0,United Nations Population Division,706.0,Somalia,SO,SOM,37.0,1986.0,4.0,Median,2.0,Female,31.0,15.0,49.0,15-49,99.0,All women,1.0,Model-based Estimates,2.0,Interpolation,1540172.0,,,,,,,,,,
,,,,,,,,,,,,,,,,,,,,,,,,,UNWPP_portal_may2023,,,,,,,,,,,,,,,,,,,,,,,,,,,,,,,,,41.0,Female population of reproductive age (15-49 years),Female population of reproductive age (15-49 years),World Population Prospects,2022.0,United Nations Population Division,706.0,Somalia,SO,SOM,38.0,1987.0,4.0,Median,2.0,Female,31.0,15.0,49.0,15-49,99.0,All women,1.0,Model-based Estimates,2.0,Interpolation,1589347.0,,,,,,,,,,
,,,,,,,,,,,,,,,,,,,,,,,,,UNWPP_portal_may2023,,,,,,,,,,,,,,,,,,,,,,,,,,,,,,,,,41.0,Female population of reproductive age (15-49 years),Female population of reproductive age (15-49 years),World Population Prospects,2022.0,United Nations Population Division,706.0,Somalia,SO,SOM,39.0,1988.0,4.0,Median,2.0,Female,31.0,15.0,49.0,15-49,99.0,All women,1.0,Model-based Estimates,2.0,Interpolation,1584735.0,,,,,,,,,,
,,,,,,,,,,,,,,,,,,,,,,,,,UNWPP_portal_may2023,,,,,,,,,,,,,,,,,,,,,,,,,,,,,,,,,41.0,Female population of reproductive age (15-49 years),Female population of reproductive age (15-49 years),World Population Prospects,2022.0,United Nations Population Division,706.0,Somalia,SO,SOM,40.0,1989.0,4.0,Median,2.0,Female,31.0,15.0,49.0,15-49,99.0,All women,1.0,Model-based Estimates,2.0,Interpolation,1552641.0,,,,,,,,,,
,,,,,,,,,,,,,,,,,,,,,,,,,UNWPP_portal_may2023,,,,,,,,,,,,,,,,,,,,,,,,,,,,,,,,,41.0,Female population of reproductive age (15-49 years),Female population of reproductive age (15-49 years),World Population Prospects,2022.0,United Nations Population Division,706.0,Somalia,SO,SOM,41.0,1990.0,4.0,Median,2.0,Female,31.0,15.0,49.0,15-49,99.0,All women,1.0,Model-based Estimates,2.0,Interpolation,1539913.0,,,,,,,,,,
,,,,,,,,,,,,,,,,,,,,,,,,,UNWPP_portal_may2023,,,,,,,,,,,,,,,,,,,,,,,,,,,,,,,,,41.0,Female population of reproductive age (15-49 years),Female population of reproductive age (15-49 years),World Population Prospects,2022.0,United Nations Population Division,706.0,Somalia,SO,SOM,42.0,1991.0,4.0,Median,2.0,Female,31.0,15.0,49.0,15-49,99.0,All women,1.0,Model-based Estimates,2.0,Interpolation,1490899.0,,,,,,,,,,
,,,,,,,,,,,,,,,,,,,,,,,,,UNWPP_portal_may2023,,,,,,,,,,,,,,,,,,,,,,,,,,,,,,,,,41.0,Female population of reproductive age (15-49 years),Female population of reproductive age (15-49 years),World Population Prospects,2022.0,United Nations Population Division,706.0,Somalia,SO,SOM,43.0,1992.0,4.0,Median,2.0,Female,31.0,15.0,49.0,15-49,99.0,All women,1.0,Model-based Estimates,2.0,Interpolation,1444982.0,,,,,,,,,,
,,,,,,,,,,,,,,,,,,,,,,,,,UNWPP_portal_may2023,,,,,,,,,,,,,,,,,,,,,,,,,,,,,,,,,41.0,Female population of reproductive age (15-49 years),Female population of reproductive age (15-49 years),World Population Prospects,2022.0,United Nations Population Division,706.0,Somalia,SO,SOM,44.0,1993.0,4.0,Median,2.0,Female,31.0,15.0,49.0,15-49,99.0,All women,1.0,Model-based Estimates,2.0,Interpolation,1495740.0,,,,,,,,,,
,,,,,,,,,,,,,,,,,,,,,,,,,UNWPP_portal_may2023,,,,,,,,,,,,,,,,,,,,,,,,,,,,,,,,,41.0,Female population of reproductive age (15-49 years),Female population of reproductive age (15-49 years),World Population Prospects,2022.0,United Nations Population Division,706.0,Somalia,SO,SOM,45.0,1994.0,4.0,Median,2.0,Female,31.0,15.0,49.0,15-49,99.0,All women,1.0,Model-based Estimates,2.0,Interpolation,1567567.0,,,,,,,,,,
,,,,,,,,,,,,,,,,,,,,,,,,,UNWPP_portal_may2023,,,,,,,,,,,,,,,,,,,,,,,,,,,,,,,,,41.0,Female population of reproductive age (15-49 years),Female population of reproductive age (15-49 years),World Population Prospects,2022.0,United Nations Population Division,706.0,Somalia,SO,SOM,46.0,1995.0,4.0,Median,2.0,Female,31.0,15.0,49.0,15-49,99.0,All women,1.0,Model-based Estimates,2.0,Interpolation,1619715.0,,,,,,,,,,
,,,,,,,,,,,,,,,,,,,,,,,,,UNWPP_portal_may2023,,,,,,,,,,,,,,,,,,,,,,,,,,,,,,,,,41.0,Female population of reproductive age (15-49 years),Female population of reproductive age (15-49 years),World Population Prospects,2022.0,United Nations Population Division,706.0,Somalia,SO,SOM,47.0,1996.0,4.0,Median,2.0,Female,31.0,15.0,49.0,15-49,99.0,All women,1.0,Model-based Estimates,2.0,Interpolation,1674435.0,,,,,,,,,,
,,,,,,,,,,,,,,,,,,,,,,,,,UNWPP_portal_may2023,,,,,,,,,,,,,,,,,,,,,,,,,,,,,,,,,41.0,Female population of reproductive age (15-49 years),Female population of reproductive age (15-49 years),World Population Prospects,2022.0,United Nations Population Division,706.0,Somalia,SO,SOM,48.0,1997.0,4.0,Median,2.0,Female,31.0,15.0,49.0,15-49,99.0,All women,1.0,Model-based Estimates,2.0,Interpolation,1729200.0,,,,,,,,,,
,,,,,,,,,,,,,,,,,,,,,,,,,UNWPP_portal_may2023,,,,,,,,,,,,,,,,,,,,,,,,,,,,,,,,,41.0,Female population of reproductive age (15-49 years),Female population of reproductive age (15-49 years),World Population Prospects,2022.0,United Nations Population Division,706.0,Somalia,SO,SOM,49.0,1998.0,4.0,Median,2.0,Female,31.0,15.0,49.0,15-49,99.0,All women,1.0,Model-based Estimates,2.0,Interpolation,1797257.0,,,,,,,,,,
,,,,,,,,,,,,,,,,,,,,,,,,,UNWPP_portal_may2023,,,,,,,,,,,,,,,,,,,,,,,,,,,,,,,,,41.0,Female population of reproductive age (15-49 years),Female population of reproductive age (15-49 years),World Population Prospects,2022.0,United Nations Population Division,706.0,Somalia,SO,SOM,50.0,1999.0,4.0,Median,2.0,Female,31.0,15.0,49.0,15-49,99.0,All women,1.0,Model-based Estimates,2.0,Interpolation,1865982.0,,,,,,,,,,
,,,,,,,,,,,,,,,,,,,,,,,,,UNWPP_portal_may2023,,,,,,,,,,,,,,,,,,,,,,,,,,,,,,,,,41.0,Female population of reproductive age (15-49 years),Female population of reproductive age (15-49 years),World Population Prospects,2022.0,United Nations Population Division,706.0,Somalia,SO,SOM,51.0,2000.0,4.0,Median,2.0,Female,31.0,15.0,49.0,15-49,99.0,All women,1.0,Model-based Estimates,2.0,Interpolation,1935316.0,,,,,,,,,,
,,,,,,,,,,,,,,,,,,,,,,,,,UNWPP_portal_may2023,,,,,,,,,,,,,,,,,,,,,,,,,,,,,,,,,41.0,Female population of reproductive age (15-49 years),Female population of reproductive age (15-49 years),World Population Prospects,2022.0,United Nations Population Division,706.0,Somalia,SO,SOM,52.0,2001.0,4.0,Median,2.0,Female,31.0,15.0,49.0,15-49,99.0,All women,1.0,Model-based Estimates,2.0,Interpolation,2006185.0,,,,,,,,,,
,,,,,,,,,,,,,,,,,,,,,,,,,UNWPP_portal_may2023,,,,,,,,,,,,,,,,,,,,,,,,,,,,,,,,,41.0,Female population of reproductive age (15-49 years),Female population of reproductive age (15-49 years),World Population Prospects,2022.0,United Nations Population Division,706.0,Somalia,SO,SOM,53.0,2002.0,4.0,Median,2.0,Female,31.0,15.0,49.0,15-49,99.0,All women,1.0,Model-based Estimates,2.0,Interpolation,2074725.0,,,,,,,,,,
,,,,,,,,,,,,,,,,,,,,,,,,,UNWPP_portal_may2023,,,,,,,,,,,,,,,,,,,,,,,,,,,,,,,,,41.0,Female population of reproductive age (15-49 years),Female population of reproductive age (15-49 years),World Population Prospects,2022.0,United Nations Population Division,706.0,Somalia,SO,SOM,54.0,2003.0,4.0,Median,2.0,Female,31.0,15.0,49.0,15-49,99.0,All women,1.0,Model-based Estimates,2.0,Interpolation,2143850.0,,,,,,,,,,
,,,,,,,,,,,,,,,,,,,,,,,,,UNWPP_portal_may2023,,,,,,,,,,,,,,,,,,,,,,,,,,,,,,,,,41.0,Female population of reproductive age (15-49 years),Female population of reproductive age (15-49 years),World Population Prospects,2022.0,United Nations Population Division,706.0,Somalia,SO,SOM,55.0,2004.0,4.0,Median,2.0,Female,31.0,15.0,49.0,15-49,99.0,All women,1.0,Model-based Estimates,2.0,Interpolation,2212836.0,,,,,,,,,,
,,,,,,,,,,,,,,,,,,,,,,,,,UNWPP_portal_may2023,,,,,,,,,,,,,,,,,,,,,,,,,,,,,,,,,41.0,Female population of reproductive age (15-49 years),Female population of reproductive age (15-49 years),World Population Prospects,2022.0,United Nations Population Division,706.0,Somalia,SO,SOM,56.0,2005.0,4.0,Median,2.0,Female,31.0,15.0,49.0,15-49,99.0,All women,1.0,Model-based Estimates,2.0,Interpolation,2273701.0,,,,,,,,,,
,,,,,,,,,,,,,,,,,,,,,,,,,UNWPP_portal_may2023,,,,,,,,,,,,,,,,,,,,,,,,,,,,,,,,,41.0,Female population of reproductive age (15-49 years),Female population of reproductive age (15-49 years),World Population Prospects,2022.0,United Nations Population Division,706.0,Somalia,SO,SOM,57.0,2006.0,4.0,Median,2.0,Female,31.0,15.0,49.0,15-49,99.0,All women,1.0,Model-based Estimates,2.0,Interpolation,2322178.0,,,,,,,,,,
,,,,,,,,,,,,,,,,,,,,,,,,,UNWPP_portal_may2023,,,,,,,,,,,,,,,,,,,,,,,,,,,,,,,,,41.0,Female population of reproductive age (15-49 years),Female population of reproductive age (15-49 years),World Population Prospects,2022.0,United Nations Population Division,706.0,Somalia,SO,SOM,58.0,2007.0,4.0,Median,2.0,Female,31.0,15.0,49.0,15-49,99.0,All women,1.0,Model-based Estimates,2.0,Interpolation,2378688.0,,,,,,,,,,
,,,,,,,,,,,,,,,,,,,,,,,,,UNWPP_portal_may2023,,,,,,,,,,,,,,,,,,,,,,,,,,,,,,,,,41.0,Female population of reproductive age (15-49 years),Female population of reproductive age (15-49 years),World Population Prospects,2022.0,United Nations Population Division,706.0,Somalia,SO,SOM,59.0,2008.0,4.0,Median,2.0,Female,31.0,15.0,49.0,15-49,99.0,All women,1.0,Model-based Estimates,2.0,Interpolation,2445941.0,,,,,,,,,,
,,,,,,,,,,,,,,,,,,,,,,,,,UNWPP_portal_may2023,,,,,,,,,,,,,,,,,,,,,,,,,,,,,,,,,41.0,Female population of reproductive age (15-49 years),Female population of reproductive age (15-49 years),World Population Prospects,2022.0,United Nations Population Division,706.0,Somalia,SO,SOM,60.0,2009.0,4.0,Median,2.0,Female,31.0,15.0,49.0,15-49,99.0,All women,1.0,Model-based Estimates,2.0,Interpolation,2510519.0,,,,,,,,,,
,,,,,,,,,,,,,,,,,,,,,,,,,UNWPP_portal_may2023,,,,,,,,,,,,,,,,,,,,,,,,,,,,,,,,,41.0,Female population of reproductive age (15-49 years),Female population of reproductive age (15-49 years),World Population Prospects,2022.0,United Nations Population Division,706.0,Somalia,SO,SOM,61.0,2010.0,4.0,Median,2.0,Female,31.0,15.0,49.0,15-49,99.0,All women,1.0,Model-based Estimates,2.0,Interpolation,2579161.0,,,,,,,,,,
,,,,,,,,,,,,,,,,,,,,,,,,,UNWPP_portal_may2023,,,,,,,,,,,,,,,,,,,,,,,,,,,,,,,,,41.0,Female population of reproductive age (15-49 years),Female population of reproductive age (15-49 years),World Population Prospects,2022.0,United Nations Population Division,706.0,Somalia,SO,SOM,62.0,2011.0,4.0,Median,2.0,Female,31.0,15.0,49.0,15-49,99.0,All women,1.0,Model-based Estimates,2.0,Interpolation,2626101.0,,,,,,,,,,
,,,,,,,,,,,,,,,,,,,,,,,,,UNWPP_portal_may2023,,,,,,,,,,,,,,,,,,,,,,,,,,,,,,,,,41.0,Female population of reproductive age (15-49 years),Female population of reproductive age (15-49 years),World Population Prospects,2022.0,United Nations Population Division,706.0,Somalia,SO,SOM,63.0,2012.0,4.0,Median,2.0,Female,31.0,15.0,49.0,15-49,99.0,All women,1.0,Model-based Estimates,2.0,Interpolation,2679962.0,,,,,,,,,,
,,,,,,,,,,,,,,,,,,,,,,,,,UNWPP_portal_may2023,,,,,,,,,,,,,,,,,,,,,,,,,,,,,,,,,41.0,Female population of reproductive age (15-49 years),Female population of reproductive age (15-49 years),World Population Prospects,2022.0,United Nations Population Division,706.0,Somalia,SO,SOM,64.0,2013.0,4.0,Median,2.0,Female,31.0,15.0,49.0,15-49,99.0,All women,1.0,Model-based Estimates,2.0,Interpolation,2774394.0,,,,,,,,,,
,,,,,,,,,,,,,,,,,,,,,,,,,UNWPP_portal_may2023,,,,,,,,,,,,,,,,,,,,,,,,,,,,,,,,,41.0,Female population of reproductive age (15-49 years),Female population of reproductive age (15-49 years),World Population Prospects,2022.0,United Nations Population Division,706.0,Somalia,SO,SOM,65.0,2014.0,4.0,Median,2.0,Female,31.0,15.0,49.0,15-49,99.0,All women,1.0,Model-based Estimates,2.0,Interpolation,2878803.0,,,,,,,,,,
,,,,,,,,,,,,,,,,,,,,,,,,,UNWPP_portal_may2023,,,,,,,,,,,,,,,,,,,,,,,,,,,,,,,,,41.0,Female population of reproductive age (15-49 years),Female population of reproductive age (15-49 years),World Population Prospects,2022.0,United Nations Population Division,706.0,Somalia,SO,SOM,66.0,2015.0,4.0,Median,2.0,Female,31.0,15.0,49.0,15-49,99.0,All women,1.0,Model-based Estimates,2.0,Interpolation,2983127.0,,,,,,,,,,
,,,,,,,,,,,,,,,,,,,,,,,,,UNWPP_portal_may2023,,,,,,,,,,,,,,,,,,,,,,,,,,,,,,,,,41.0,Female population of reproductive age (15-49 years),Female population of reproductive age (15-49 years),World Population Prospects,2022.0,United Nations Population Division,706.0,Somalia,SO,SOM,67.0,2016.0,4.0,Median,2.0,Female,31.0,15.0,49.0,15-49,99.0,All women,1.0,Model-based Estimates,2.0,Interpolation,3104111.0,,,,,,,,,,
,,,,,,,,,,,,,,,,,,,,,,,,,UNWPP_portal_may2023,,,,,,,,,,,,,,,,,,,,,,,,,,,,,,,,,41.0,Female population of reproductive age (15-49 years),Female population of reproductive age (15-49 years),World Population Prospects,2022.0,United Nations Population Division,706.0,Somalia,SO,SOM,68.0,2017.0,4.0,Median,2.0,Female,31.0,15.0,49.0,15-49,99.0,All women,1.0,Model-based Estimates,2.0,Interpolation,3235799.0,,,,,,,,,,
,,,,,,,,,,,,,,,,,,,,,,,,,UNWPP_portal_may2023,,,,,,,,,,,,,,,,,,,,,,,,,,,,,,,,,41.0,Female population of reproductive age (15-49 years),Female population of reproductive age (15-49 years),World Population Prospects,2022.0,United Nations Population Division,706.0,Somalia,SO,SOM,69.0,2018.0,4.0,Median,2.0,Female,31.0,15.0,49.0,15-49,99.0,All women,1.0,Model-based Estimates,2.0,Interpolation,3363553.0,,,,,,,,,,
,,,,,,,,,,,,,,,,,,,,,,,,,UNWPP_portal_may2023,,,,,,,,,,,,,,,,,,,,,,,,,,,,,,,,,41.0,Female population of reproductive age (15-49 years),Female population of reproductive age (15-49 years),World Population Prospects,2022.0,United Nations Population Division,706.0,Somalia,SO,SOM,70.0,2019.0,4.0,Median,2.0,Female,31.0,15.0,49.0,15-49,99.0,All women,1.0,Model-based Estimates,2.0,Interpolation,3497047.0,,,,,,,,,,
,,,,,,,,,,,,,,,,,,,,,,,,,UNWPP_portal_may2023,,,,,,,,,,,,,,,,,,,,,,,,,,,,,,,,,41.0,Female population of reproductive age (15-49 years),Female population of reproductive age (15-49 years),World Population Prospects,2022.0,United Nations Population Division,706.0,Somalia,SO,SOM,71.0,2020.0,4.0,Median,2.0,Female,31.0,15.0,49.0,15-49,99.0,All women,1.0,Model-based Estimates,2.0,Interpolation,3629292.0,,,,,,,,,,
,,,,,,,,,,,,,,,,,,,,,,,,,UNWPP_portal_may2023,,,,,,,,,,,,,,,,,,,,,,,,,,,,,,,,,41.0,Female population of reproductive age (15-49 years),Female population of reproductive age (15-49 years),World Population Prospects,2022.0,United Nations Population Division,706.0,Somalia,SO,SOM,72.0,2021.0,4.0,Median,2.0,Female,31.0,15.0,49.0,15-49,99.0,All women,1.0,Model-based Estimates,2.0,Interpolation,3758194.0,,,,,,,,,,
,,,,,,,,,,,,,,,,,,,,,,,,,UNWPP_portal_may2023,,,,,,,,,,,,,,,,,,,,,,,,,,,,,,,,,41.0,Female population of reproductive age (15-49 years),Female population of reproductive age (15-49 years),World Population Prospects,2022.0,United Nations Population Division,706.0,Somalia,SO,SOM,73.0,2022.0,4.0,Median,2.0,Female,31.0,15.0,49.0,15-49,99.0,All women,1.0,Model-based Estimates,2.0,Interpolation,3889376.0,,,,,,,,,,
,,,,,,,,,,,,,,,,,,,,,,,,,UNWPP_portal_may2023,,,,,,,,,,,,,,,,,,,,,,,,,,,,,,,,,41.0,Female population of reproductive age (15-49 years),Female population of reproductive age (15-49 years),World Population Prospects,2022.0,United Nations Population Division,706.0,Somalia,SO,SOM,74.0,2023.0,4.0,Median,2.0,Female,31.0,15.0,49.0,15-49,99.0,All women,1.0,Model-based Estimates,3.0,Projection,4024794.0,,,,,,,,,,
,,,,,,,,,,,,,,,,,,,,,,,,,UNWPP_portal_may2023,,,,,,,,,,,,,,,,,,,,,,,,,,,,,,,,,41.0,Female population of reproductive age (15-49 years),Female population of reproductive age (15-49 years),World Population Prospects,2022.0,United Nations Population Division,706.0,Somalia,SO,SOM,75.0,2024.0,4.0,Median,2.0,Female,31.0,15.0,49.0,15-49,99.0,All women,1.0,Model-based Estimates,3.0,Projection,4165601.0,,,,,,,,,,
,,,,,,,,,,,,,,,,,,,,,,,,,UNWPP_portal_may2023,,,,,,,,,,,,,,,,,,,,,,,,,,,,,,,,,41.0,Female population of reproductive age (15-49 years),Female population of reproductive age (15-49 years),World Population Prospects,2022.0,United Nations Population Division,706.0,Somalia,SO,SOM,76.0,2025.0,4.0,Median,2.0,Female,31.0,15.0,49.0,15-49,99.0,All women,1.0,Model-based Estimates,3.0,Projection,4311132.0,,,,,,,,,,
,,,,,,,,,,,,,,,,,,,,,,,,,UNWPP_portal_may2023,,,,,,,,,,,,,,,,,,,,,,,,,,,,,,,,,41.0,Female population of reproductive age (15-49 years),Female population of reproductive age (15-49 years),World Population Prospects,2022.0,United Nations Population Division,706.0,Somalia,SO,SOM,77.0,2026.0,4.0,Median,2.0,Female,31.0,15.0,49.0,15-49,99.0,All women,1.0,Model-based Estimates,3.0,Projection,4462293.0,,,,,,,,,,
,,,,,,,,,,,,,,,,,,,,,,,,,UNWPP_portal_may2023,,,,,,,,,,,,,,,,,,,,,,,,,,,,,,,,,41.0,Female population of reproductive age (15-49 years),Female population of reproductive age (15-49 years),World Population Prospects,2022.0,United Nations Population Division,706.0,Somalia,SO,SOM,78.0,2027.0,4.0,Median,2.0,Female,31.0,15.0,49.0,15-49,99.0,All women,1.0,Model-based Estimates,3.0,Projection,4619600.0,,,,,,,,,,
,,,,,,,,,,,,,,,,,,,,,,,,,UNWPP_portal_may2023,,,,,,,,,,,,,,,,,,,,,,,,,,,,,,,,,41.0,Female population of reproductive age (15-49 years),Female population of reproductive age (15-49 years),World Population Prospects,2022.0,United Nations Population Division,706.0,Somalia,SO,SOM,79.0,2028.0,4.0,Median,2.0,Female,31.0,15.0,49.0,15-49,99.0,All women,1.0,Model-based Estimates,3.0,Projection,4782056.0,,,,,,,,,,
,,,,,,,,,,,,,,,,,,,,,,,,,UNWPP_portal_may2023,,,,,,,,,,,,,,,,,,,,,,,,,,,,,,,,,41.0,Female population of reproductive age (15-49 years),Female population of reproductive age (15-49 years),World Population Prospects,2022.0,United Nations Population Division,706.0,Somalia,SO,SOM,80.0,2029.0,4.0,Median,2.0,Female,31.0,15.0,49.0,15-49,99.0,All women,1.0,Model-based Estimates,3.0,Projection,4949576.0,,,,,,,,,,
,,,,,,,,,,,,,,,,,,,,,,,,,UNWPP_portal_may2023,,,,,,,,,,,,,,,,,,,,,,,,,,,,,,,,,41.0,Female population of reproductive age (15-49 years),Female population of reproductive age (15-49 years),World Population Prospects,2022.0,United Nations Population Division,706.0,Somalia,SO,SOM,81.0,2030.0,4.0,Median,2.0,Female,31.0,15.0,49.0,15-49,99.0,All women,1.0,Model-based Estimates,3.0,Projection,5122679.0,,,,,,,,,,
,,,,,,,,,,,,,,,,,,,,,,,,,UNWPP_portal_may2023,,,,,,,,,,,,,,,,,,,,,,,,,,,,,,,,,46.0,Population by 5-year age groups and sex,Annual population by 5-year age groups and by sex,World Population Prospects,2022.0,United Nations Population Division,706.0,Somalia,SO,SOM,31.0,1980.0,4.0,Median,3.0,Both sexes,7.0,0.0,4.0,0-4,0.0,Not applicable,1.0,Model-based Estimates,2.0,Interpolation,1077453.5,,,,,,,,,,
,,,,,,,,,,,,,,,,,,,,,,,,,UNWPP_portal_may2023,,,,,,,,,,,,,,,,,,,,,,,,,,,,,,,,,46.0,Population by 5-year age groups and sex,Annual population by 5-year age groups and by sex,World Population Prospects,2022.0,United Nations Population Division,706.0,Somalia,SO,SOM,32.0,1981.0,4.0,Median,3.0,Both sexes,7.0,0.0,4.0,0-4,0.0,Not applicable,1.0,Model-based Estimates,2.0,Interpolation,1097231.0,,,,,,,,,,
,,,,,,,,,,,,,,,,,,,,,,,,,UNWPP_portal_may2023,,,,,,,,,,,,,,,,,,,,,,,,,,,,,,,,,46.0,Population by 5-year age groups and sex,Annual population by 5-year age groups and by sex,World Population Prospects,2022.0,United Nations Population Division,706.0,Somalia,SO,SOM,33.0,1982.0,4.0,Median,3.0,Both sexes,7.0,0.0,4.0,0-4,0.0,Not applicable,1.0,Model-based Estimates,2.0,Interpolation,1112081.0,,,,,,,,,,
,,,,,,,,,,,,,,,,,,,,,,,,,UNWPP_portal_may2023,,,,,,,,,,,,,,,,,,,,,,,,,,,,,,,,,46.0,Population by 5-year age groups and sex,Annual population by 5-year age groups and by sex,World Population Prospects,2022.0,United Nations Population Division,706.0,Somalia,SO,SOM,34.0,1983.0,4.0,Median,3.0,Both sexes,7.0,0.0,4.0,0-4,0.0,Not applicable,1.0,Model-based Estimates,2.0,Interpolation,1157524.5,,,,,,,,,,
,,,,,,,,,,,,,,,,,,,,,,,,,UNWPP_portal_may2023,,,,,,,,,,,,,,,,,,,,,,,,,,,,,,,,,46.0,Population by 5-year age groups and sex,Annual population by 5-year age groups and by sex,World Population Prospects,2022.0,United Nations Population Division,706.0,Somalia,SO,SOM,35.0,1984.0,4.0,Median,3.0,Both sexes,7.0,0.0,4.0,0-4,0.0,Not applicable,1.0,Model-based Estimates,2.0,Interpolation,1208728.5,,,,,,,,,,
,,,,,,,,,,,,,,,,,,,,,,,,,UNWPP_portal_may2023,,,,,,,,,,,,,,,,,,,,,,,,,,,,,,,,,46.0,Population by 5-year age groups and sex,Annual population by 5-year age groups and by sex,World Population Prospects,2022.0,United Nations Population Division,706.0,Somalia,SO,SOM,36.0,1985.0,4.0,Median,3.0,Both sexes,7.0,0.0,4.0,0-4,0.0,Not applicable,1.0,Model-based Estimates,2.0,Interpolation,1266585.5,,,,,,,,,,
,,,,,,,,,,,,,,,,,,,,,,,,,UNWPP_portal_may2023,,,,,,,,,,,,,,,,,,,,,,,,,,,,,,,,,46.0,Population by 5-year age groups and sex,Annual population by 5-year age groups and by sex,World Population Prospects,2022.0,United Nations Population Division,706.0,Somalia,SO,SOM,37.0,1986.0,4.0,Median,3.0,Both sexes,7.0,0.0,4.0,0-4,0.0,Not applicable,1.0,Model-based Estimates,2.0,Interpolation,1327253.5,,,,,,,,,,
,,,,,,,,,,,,,,,,,,,,,,,,,UNWPP_portal_may2023,,,,,,,,,,,,,,,,,,,,,,,,,,,,,,,,,46.0,Population by 5-year age groups and sex,Annual population by 5-year age groups and by sex,World Population Prospects,2022.0,United Nations Population Division,706.0,Somalia,SO,SOM,38.0,1987.0,4.0,Median,3.0,Both sexes,7.0,0.0,4.0,0-4,0.0,Not applicable,1.0,Model-based Estimates,2.0,Interpolation,1381941.5,,,,,,,,,,
,,,,,,,,,,,,,,,,,,,,,,,,,UNWPP_portal_may2023,,,,,,,,,,,,,,,,,,,,,,,,,,,,,,,,,46.0,Population by 5-year age groups and sex,Annual population by 5-year age groups and by sex,World Population Prospects,2022.0,United Nations Population Division,706.0,Somalia,SO,SOM,39.0,1988.0,4.0,Median,3.0,Both sexes,7.0,0.0,4.0,0-4,0.0,Not applicable,1.0,Model-based Estimates,2.0,Interpolation,1388923.0,,,,,,,,,,
,,,,,,,,,,,,,,,,,,,,,,,,,UNWPP_portal_may2023,,,,,,,,,,,,,,,,,,,,,,,,,,,,,,,,,46.0,Population by 5-year age groups and sex,Annual population by 5-year age groups and by sex,World Population Prospects,2022.0,United Nations Population Division,706.0,Somalia,SO,SOM,40.0,1989.0,4.0,Median,3.0,Both sexes,7.0,0.0,4.0,0-4,0.0,Not applicable,1.0,Model-based Estimates,2.0,Interpolation,1371465.0,,,,,,,,,,
,,,,,,,,,,,,,,,,,,,,,,,,,UNWPP_portal_may2023,,,,,,,,,,,,,,,,,,,,,,,,,,,,,,,,,46.0,Population by 5-year age groups and sex,Annual population by 5-year age groups and by sex,World Population Prospects,2022.0,United Nations Population Division,706.0,Somalia,SO,SOM,41.0,1990.0,4.0,Median,3.0,Both sexes,7.0,0.0,4.0,0-4,0.0,Not applicable,1.0,Model-based Estimates,2.0,Interpolation,1370216.5,,,,,,,,,,
,,,,,,,,,,,,,,,,,,,,,,,,,UNWPP_portal_may2023,,,,,,,,,,,,,,,,,,,,,,,,,,,,,,,,,46.0,Population by 5-year age groups and sex,Annual population by 5-year age groups and by sex,World Population Prospects,2022.0,United Nations Population Division,706.0,Somalia,SO,SOM,42.0,1991.0,4.0,Median,3.0,Both sexes,7.0,0.0,4.0,0-4,0.0,Not applicable,1.0,Model-based Estimates,2.0,Interpolation,1289722.0,,,,,,,,,,
,,,,,,,,,,,,,,,,,,,,,,,,,UNWPP_portal_may2023,,,,,,,,,,,,,,,,,,,,,,,,,,,,,,,,,46.0,Population by 5-year age groups and sex,Annual population by 5-year age groups and by sex,World Population Prospects,2022.0,United Nations Population Division,706.0,Somalia,SO,SOM,43.0,1992.0,4.0,Median,3.0,Both sexes,7.0,0.0,4.0,0-4,0.0,Not applicable,1.0,Model-based Estimates,2.0,Interpolation,1175817.0,,,,,,,,,,
,,,,,,,,,,,,,,,,,,,,,,,,,UNWPP_portal_may2023,,,,,,,,,,,,,,,,,,,,,,,,,,,,,,,,,46.0,Population by 5-year age groups and sex,Annual population by 5-year age groups and by sex,World Population Prospects,2022.0,United Nations Population Division,706.0,Somalia,SO,SOM,44.0,1993.0,4.0,Median,3.0,Both sexes,7.0,0.0,4.0,0-4,0.0,Not applicable,1.0,Model-based Estimates,2.0,Interpolation,1195136.5,,,,,,,,,,
,,,,,,,,,,,,,,,,,,,,,,,,,UNWPP_portal_may2023,,,,,,,,,,,,,,,,,,,,,,,,,,,,,,,,,46.0,Population by 5-year age groups and sex,Annual population by 5-year age groups and by sex,World Population Prospects,2022.0,United Nations Population Division,706.0,Somalia,SO,SOM,45.0,1994.0,4.0,Median,3.0,Both sexes,7.0,0.0,4.0,0-4,0.0,Not applicable,1.0,Model-based Estimates,2.0,Interpolation,1278792.5,,,,,,,,,,
,,,,,,,,,,,,,,,,,,,,,,,,,UNWPP_portal_may2023,,,,,,,,,,,,,,,,,,,,,,,,,,,,,,,,,46.0,Population by 5-year age groups and sex,Annual population by 5-year age groups and by sex,World Population Prospects,2022.0,United Nations Population Division,706.0,Somalia,SO,SOM,46.0,1995.0,4.0,Median,3.0,Both sexes,7.0,0.0,4.0,0-4,0.0,Not applicable,1.0,Model-based Estimates,2.0,Interpolation,1360047.0,,,,,,,,,,
,,,,,,,,,,,,,,,,,,,,,,,,,UNWPP_portal_may2023,,,,,,,,,,,,,,,,,,,,,,,,,,,,,,,,,46.0,Population by 5-year age groups and sex,Annual population by 5-year age groups and by sex,World Population Prospects,2022.0,United Nations Population Division,706.0,Somalia,SO,SOM,47.0,1996.0,4.0,Median,3.0,Both sexes,7.0,0.0,4.0,0-4,0.0,Not applicable,1.0,Model-based Estimates,2.0,Interpolation,1455540.0,,,,,,,,,,
,,,,,,,,,,,,,,,,,,,,,,,,,UNWPP_portal_may2023,,,,,,,,,,,,,,,,,,,,,,,,,,,,,,,,,46.0,Population by 5-year age groups and sex,Annual population by 5-year age groups and by sex,World Population Prospects,2022.0,United Nations Population Division,706.0,Somalia,SO,SOM,48.0,1997.0,4.0,Median,3.0,Both sexes,7.0,0.0,4.0,0-4,0.0,Not applicable,1.0,Model-based Estimates,2.0,Interpolation,1543415.5,,,,,,,,,,
,,,,,,,,,,,,,,,,,,,,,,,,,UNWPP_portal_may2023,,,,,,,,,,,,,,,,,,,,,,,,,,,,,,,,,46.0,Population by 5-year age groups and sex,Annual population by 5-year age groups and by sex,World Population Prospects,2022.0,United Nations Population Division,706.0,Somalia,SO,SOM,49.0,1998.0,4.0,Median,3.0,Both sexes,7.0,0.0,4.0,0-4,0.0,Not applicable,1.0,Model-based Estimates,2.0,Interpolation,1619611.0,,,,,,,,,,
,,,,,,,,,,,,,,,,,,,,,,,,,UNWPP_portal_may2023,,,,,,,,,,,,,,,,,,,,,,,,,,,,,,,,,46.0,Population by 5-year age groups and sex,Annual population by 5-year age groups and by sex,World Population Prospects,2022.0,United Nations Population Division,706.0,Somalia,SO,SOM,50.0,1999.0,4.0,Median,3.0,Both sexes,7.0,0.0,4.0,0-4,0.0,Not applicable,1.0,Model-based Estimates,2.0,Interpolation,1684747.0,,,,,,,,,,
,,,,,,,,,,,,,,,,,,,,,,,,,UNWPP_portal_may2023,,,,,,,,,,,,,,,,,,,,,,,,,,,,,,,,,46.0,Population by 5-year age groups and sex,Annual population by 5-year age groups and by sex,World Population Prospects,2022.0,United Nations Population Division,706.0,Somalia,SO,SOM,51.0,2000.0,4.0,Median,3.0,Both sexes,7.0,0.0,4.0,0-4,0.0,Not applicable,1.0,Model-based Estimates,2.0,Interpolation,1751213.5,,,,,,,,,,
,,,,,,,,,,,,,,,,,,,,,,,,,UNWPP_portal_may2023,,,,,,,,,,,,,,,,,,,,,,,,,,,,,,,,,46.0,Population by 5-year age groups and sex,Annual population by 5-year age groups and by sex,World Population Prospects,2022.0,United Nations Population Division,706.0,Somalia,SO,SOM,52.0,2001.0,4.0,Median,3.0,Both sexes,7.0,0.0,4.0,0-4,0.0,Not applicable,1.0,Model-based Estimates,2.0,Interpolation,1819696.5,,,,,,,,,,
,,,,,,,,,,,,,,,,,,,,,,,,,UNWPP_portal_may2023,,,,,,,,,,,,,,,,,,,,,,,,,,,,,,,,,46.0,Population by 5-year age groups and sex,Annual population by 5-year age groups and by sex,World Population Prospects,2022.0,United Nations Population Division,706.0,Somalia,SO,SOM,53.0,2002.0,4.0,Median,3.0,Both sexes,7.0,0.0,4.0,0-4,0.0,Not applicable,1.0,Model-based Estimates,2.0,Interpolation,1885003.0,,,,,,,,,,
,,,,,,,,,,,,,,,,,,,,,,,,,UNWPP_portal_may2023,,,,,,,,,,,,,,,,,,,,,,,,,,,,,,,,,46.0,Population by 5-year age groups and sex,Annual population by 5-year age groups and by sex,World Population Prospects,2022.0,United Nations Population Division,706.0,Somalia,SO,SOM,54.0,2003.0,4.0,Median,3.0,Both sexes,7.0,0.0,4.0,0-4,0.0,Not applicable,1.0,Model-based Estimates,2.0,Interpolation,1949861.5,,,,,,,,,,
,,,,,,,,,,,,,,,,,,,,,,,,,UNWPP_portal_may2023,,,,,,,,,,,,,,,,,,,,,,,,,,,,,,,,,46.0,Population by 5-year age groups and sex,Annual population by 5-year age groups and by sex,World Population Prospects,2022.0,United Nations Population Division,706.0,Somalia,SO,SOM,55.0,2004.0,4.0,Median,3.0,Both sexes,7.0,0.0,4.0,0-4,0.0,Not applicable,1.0,Model-based Estimates,2.0,Interpolation,2015839.0,,,,,,,,,,
,,,,,,,,,,,,,,,,,,,,,,,,,UNWPP_portal_may2023,,,,,,,,,,,,,,,,,,,,,,,,,,,,,,,,,46.0,Population by 5-year age groups and sex,Annual population by 5-year age groups and by sex,World Population Prospects,2022.0,United Nations Population Division,706.0,Somalia,SO,SOM,56.0,2005.0,4.0,Median,3.0,Both sexes,7.0,0.0,4.0,0-4,0.0,Not applicable,1.0,Model-based Estimates,2.0,Interpolation,2078861.0,,,,,,,,,,
,,,,,,,,,,,,,,,,,,,,,,,,,UNWPP_portal_may2023,,,,,,,,,,,,,,,,,,,,,,,,,,,,,,,,,46.0,Population by 5-year age groups and sex,Annual population by 5-year age groups and by sex,World Population Prospects,2022.0,United Nations Population Division,706.0,Somalia,SO,SOM,57.0,2006.0,4.0,Median,3.0,Both sexes,7.0,0.0,4.0,0-4,0.0,Not applicable,1.0,Model-based Estimates,2.0,Interpolation,2134577.5,,,,,,,,,,
,,,,,,,,,,,,,,,,,,,,,,,,,UNWPP_portal_may2023,,,,,,,,,,,,,,,,,,,,,,,,,,,,,,,,,46.0,Population by 5-year age groups and sex,Annual population by 5-year age groups and by sex,World Population Prospects,2022.0,United Nations Population Division,706.0,Somalia,SO,SOM,58.0,2007.0,4.0,Median,3.0,Both sexes,7.0,0.0,4.0,0-4,0.0,Not applicable,1.0,Model-based Estimates,2.0,Interpolation,2192073.0,,,,,,,,,,
,,,,,,,,,,,,,,,,,,,,,,,,,UNWPP_portal_may2023,,,,,,,,,,,,,,,,,,,,,,,,,,,,,,,,,46.0,Population by 5-year age groups and sex,Annual population by 5-year age groups and by sex,World Population Prospects,2022.0,United Nations Population Division,706.0,Somalia,SO,SOM,59.0,2008.0,4.0,Median,3.0,Both sexes,7.0,0.0,4.0,0-4,0.0,Not applicable,1.0,Model-based Estimates,2.0,Interpolation,2247907.5,,,,,,,,,,
,,,,,,,,,,,,,,,,,,,,,,,,,UNWPP_portal_may2023,,,,,,,,,,,,,,,,,,,,,,,,,,,,,,,,,46.0,Population by 5-year age groups and sex,Annual population by 5-year age groups and by sex,World Population Prospects,2022.0,United Nations Population Division,706.0,Somalia,SO,SOM,60.0,2009.0,4.0,Median,3.0,Both sexes,7.0,0.0,4.0,0-4,0.0,Not applicable,1.0,Model-based Estimates,2.0,Interpolation,2296234.0,,,,,,,,,,
,,,,,,,,,,,,,,,,,,,,,,,,,UNWPP_portal_may2023,,,,,,,,,,,,,,,,,,,,,,,,,,,,,,,,,46.0,Population by 5-year age groups and sex,Annual population by 5-year age groups and by sex,World Population Prospects,2022.0,United Nations Population Division,706.0,Somalia,SO,SOM,61.0,2010.0,4.0,Median,3.0,Both sexes,7.0,0.0,4.0,0-4,0.0,Not applicable,1.0,Model-based Estimates,2.0,Interpolation,2345182.5,,,,,,,,,,
,,,,,,,,,,,,,,,,,,,,,,,,,UNWPP_portal_may2023,,,,,,,,,,,,,,,,,,,,,,,,,,,,,,,,,46.0,Population by 5-year age groups and sex,Annual population by 5-year age groups and by sex,World Population Prospects,2022.0,United Nations Population Division,706.0,Somalia,SO,SOM,62.0,2011.0,4.0,Median,3.0,Both sexes,7.0,0.0,4.0,0-4,0.0,Not applicable,1.0,Model-based Estimates,2.0,Interpolation,2372162.5,,,,,,,,,,
,,,,,,,,,,,,,,,,,,,,,,,,,UNWPP_portal_may2023,,,,,,,,,,,,,,,,,,,,,,,,,,,,,,,,,46.0,Population by 5-year age groups and sex,Annual population by 5-year age groups and by sex,World Population Prospects,2022.0,United Nations Population Division,706.0,Somalia,SO,SOM,63.0,2012.0,4.0,Median,3.0,Both sexes,7.0,0.0,4.0,0-4,0.0,Not applicable,1.0,Model-based Estimates,2.0,Interpolation,2409105.5,,,,,,,,,,
,,,,,,,,,,,,,,,,,,,,,,,,,UNWPP_portal_may2023,,,,,,,,,,,,,,,,,,,,,,,,,,,,,,,,,46.0,Population by 5-year age groups and sex,Annual population by 5-year age groups and by sex,World Population Prospects,2022.0,United Nations Population Division,706.0,Somalia,SO,SOM,64.0,2013.0,4.0,Median,3.0,Both sexes,7.0,0.0,4.0,0-4,0.0,Not applicable,1.0,Model-based Estimates,2.0,Interpolation,2485652.5,,,,,,,,,,
,,,,,,,,,,,,,,,,,,,,,,,,,UNWPP_portal_may2023,,,,,,,,,,,,,,,,,,,,,,,,,,,,,,,,,46.0,Population by 5-year age groups and sex,Annual population by 5-year age groups and by sex,World Population Prospects,2022.0,United Nations Population Division,706.0,Somalia,SO,SOM,65.0,2014.0,4.0,Median,3.0,Both sexes,7.0,0.0,4.0,0-4,0.0,Not applicable,1.0,Model-based Estimates,2.0,Interpolation,2571794.5,,,,,,,,,,
,,,,,,,,,,,,,,,,,,,,,,,,,UNWPP_portal_may2023,,,,,,,,,,,,,,,,,,,,,,,,,,,,,,,,,46.0,Population by 5-year age groups and sex,Annual population by 5-year age groups and by sex,World Population Prospects,2022.0,United Nations Population Division,706.0,Somalia,SO,SOM,66.0,2015.0,4.0,Median,3.0,Both sexes,7.0,0.0,4.0,0-4,0.0,Not applicable,1.0,Model-based Estimates,2.0,Interpolation,2658321.5,,,,,,,,,,
,,,,,,,,,,,,,,,,,,,,,,,,,UNWPP_portal_may2023,,,,,,,,,,,,,,,,,,,,,,,,,,,,,,,,,46.0,Population by 5-year age groups and sex,Annual population by 5-year age groups and by sex,World Population Prospects,2022.0,United Nations Population Division,706.0,Somalia,SO,SOM,67.0,2016.0,4.0,Median,3.0,Both sexes,7.0,0.0,4.0,0-4,0.0,Not applicable,1.0,Model-based Estimates,2.0,Interpolation,2756745.5,,,,,,,,,,
,,,,,,,,,,,,,,,,,,,,,,,,,UNWPP_portal_may2023,,,,,,,,,,,,,,,,,,,,,,,,,,,,,,,,,46.0,Population by 5-year age groups and sex,Annual population by 5-year age groups and by sex,World Population Prospects,2022.0,United Nations Population Division,706.0,Somalia,SO,SOM,68.0,2017.0,4.0,Median,3.0,Both sexes,7.0,0.0,4.0,0-4,0.0,Not applicable,1.0,Model-based Estimates,2.0,Interpolation,2857082.5,,,,,,,,,,
,,,,,,,,,,,,,,,,,,,,,,,,,UNWPP_portal_may2023,,,,,,,,,,,,,,,,,,,,,,,,,,,,,,,,,46.0,Population by 5-year age groups and sex,Annual population by 5-year age groups and by sex,World Population Prospects,2022.0,United Nations Population Division,706.0,Somalia,SO,SOM,69.0,2018.0,4.0,Median,3.0,Both sexes,7.0,0.0,4.0,0-4,0.0,Not applicable,1.0,Model-based Estimates,2.0,Interpolation,2947104.0,,,,,,,,,,
,,,,,,,,,,,,,,,,,,,,,,,,,UNWPP_portal_may2023,,,,,,,,,,,,,,,,,,,,,,,,,,,,,,,,,46.0,Population by 5-year age groups and sex,Annual population by 5-year age groups and by sex,World Population Prospects,2022.0,United Nations Population Division,706.0,Somalia,SO,SOM,70.0,2019.0,4.0,Median,3.0,Both sexes,7.0,0.0,4.0,0-4,0.0,Not applicable,1.0,Model-based Estimates,2.0,Interpolation,3038211.0,,,,,,,,,,
,,,,,,,,,,,,,,,,,,,,,,,,,UNWPP_portal_may2023,,,,,,,,,,,,,,,,,,,,,,,,,,,,,,,,,46.0,Population by 5-year age groups and sex,Annual population by 5-year age groups and by sex,World Population Prospects,2022.0,United Nations Population Division,706.0,Somalia,SO,SOM,71.0,2020.0,4.0,Median,3.0,Both sexes,7.0,0.0,4.0,0-4,0.0,Not applicable,1.0,Model-based Estimates,2.0,Interpolation,3123197.0,,,,,,,,,,
,,,,,,,,,,,,,,,,,,,,,,,,,UNWPP_portal_may2023,,,,,,,,,,,,,,,,,,,,,,,,,,,,,,,,,46.0,Population by 5-year age groups and sex,Annual population by 5-year age groups and by sex,World Population Prospects,2022.0,United Nations Population Division,706.0,Somalia,SO,SOM,72.0,2021.0,4.0,Median,3.0,Both sexes,7.0,0.0,4.0,0-4,0.0,Not applicable,1.0,Model-based Estimates,2.0,Interpolation,3200131.0,,,,,,,,,,
,,,,,,,,,,,,,,,,,,,,,,,,,UNWPP_portal_may2023,,,,,,,,,,,,,,,,,,,,,,,,,,,,,,,,,46.0,Population by 5-year age groups and sex,Annual population by 5-year age groups and by sex,World Population Prospects,2022.0,United Nations Population Division,706.0,Somalia,SO,SOM,73.0,2022.0,4.0,Median,3.0,Both sexes,7.0,0.0,4.0,0-4,0.0,Not applicable,1.0,Model-based Estimates,2.0,Interpolation,3277527.5,,,,,,,,,,
,,,,,,,,,,,,,,,,,,,,,,,,,UNWPP_portal_may2023,,,,,,,,,,,,,,,,,,,,,,,,,,,,,,,,,46.0,Population by 5-year age groups and sex,Annual population by 5-year age groups and by sex,World Population Prospects,2022.0,United Nations Population Division,706.0,Somalia,SO,SOM,74.0,2023.0,4.0,Median,3.0,Both sexes,7.0,0.0,4.0,0-4,0.0,Not applicable,1.0,Model-based Estimates,3.0,Projection,3356724.0,,,,,,,,,,
,,,,,,,,,,,,,,,,,,,,,,,,,UNWPP_portal_may2023,,,,,,,,,,,,,,,,,,,,,,,,,,,,,,,,,46.0,Population by 5-year age groups and sex,Annual population by 5-year age groups and by sex,World Population Prospects,2022.0,United Nations Population Division,706.0,Somalia,SO,SOM,75.0,2024.0,4.0,Median,3.0,Both sexes,7.0,0.0,4.0,0-4,0.0,Not applicable,1.0,Model-based Estimates,3.0,Projection,3433016.5,,,,,,,,,,
,,,,,,,,,,,,,,,,,,,,,,,,,UNWPP_portal_may2023,,,,,,,,,,,,,,,,,,,,,,,,,,,,,,,,,46.0,Population by 5-year age groups and sex,Annual population by 5-year age groups and by sex,World Population Prospects,2022.0,United Nations Population Division,706.0,Somalia,SO,SOM,76.0,2025.0,4.0,Median,3.0,Both sexes,7.0,0.0,4.0,0-4,0.0,Not applicable,1.0,Model-based Estimates,3.0,Projection,3503774.0,,,,,,,,,,
,,,,,,,,,,,,,,,,,,,,,,,,,UNWPP_portal_may2023,,,,,,,,,,,,,,,,,,,,,,,,,,,,,,,,,46.0,Population by 5-year age groups and sex,Annual population by 5-year age groups and by sex,World Population Prospects,2022.0,United Nations Population Division,706.0,Somalia,SO,SOM,77.0,2026.0,4.0,Median,3.0,Both sexes,7.0,0.0,4.0,0-4,0.0,Not applicable,1.0,Model-based Estimates,3.0,Projection,3571160.5,,,,,,,,,,
,,,,,,,,,,,,,,,,,,,,,,,,,UNWPP_portal_may2023,,,,,,,,,,,,,,,,,,,,,,,,,,,,,,,,,46.0,Population by 5-year age groups and sex,Annual population by 5-year age groups and by sex,World Population Prospects,2022.0,United Nations Population Division,706.0,Somalia,SO,SOM,78.0,2027.0,4.0,Median,3.0,Both sexes,7.0,0.0,4.0,0-4,0.0,Not applicable,1.0,Model-based Estimates,3.0,Projection,3637460.0,,,,,,,,,,
,,,,,,,,,,,,,,,,,,,,,,,,,UNWPP_portal_may2023,,,,,,,,,,,,,,,,,,,,,,,,,,,,,,,,,46.0,Population by 5-year age groups and sex,Annual population by 5-year age groups and by sex,World Population Prospects,2022.0,United Nations Population Division,706.0,Somalia,SO,SOM,79.0,2028.0,4.0,Median,3.0,Both sexes,7.0,0.0,4.0,0-4,0.0,Not applicable,1.0,Model-based Estimates,3.0,Projection,3702464.5,,,,,,,,,,
,,,,,,,,,,,,,,,,,,,,,,,,,UNWPP_portal_may2023,,,,,,,,,,,,,,,,,,,,,,,,,,,,,,,,,46.0,Population by 5-year age groups and sex,Annual population by 5-year age groups and by sex,World Population Prospects,2022.0,United Nations Population Division,706.0,Somalia,SO,SOM,80.0,2029.0,4.0,Median,3.0,Both sexes,7.0,0.0,4.0,0-4,0.0,Not applicable,1.0,Model-based Estimates,3.0,Projection,3768953.5,,,,,,,,,,
,,,,,,,,,,,,,,,,,,,,,,,,,UNWPP_portal_may2023,,,,,,,,,,,,,,,,,,,,,,,,,,,,,,,,,46.0,Population by 5-year age groups and sex,Annual population by 5-year age groups and by sex,World Population Prospects,2022.0,United Nations Population Division,706.0,Somalia,SO,SOM,81.0,2030.0,4.0,Median,3.0,Both sexes,7.0,0.0,4.0,0-4,0.0,Not applicable,1.0,Model-based Estimates,3.0,Projection,3836816.5,,,,,,,,,,
,,,,,,,,,,,,,,,,,,,,,,,,,UNWPP_portal_may2023,,,,,,,,,,,,,,,,,,,,,,,,,,,,,,,,,47.0,Population by 1-year age groups and sex,Annual population by 1-year age groups and by sex,World Population Prospects,2022.0,United Nations Population Division,706.0,Somalia,SO,SOM,31.0,1980.0,4.0,Median,3.0,Both sexes,42.0,0.0,1.0,0,0.0,Not applicable,1.0,Model-based Estimates,2.0,Interpolation,252228.0,,,,,,,,,,
,,,,,,,,,,,,,,,,,,,,,,,,,UNWPP_portal_may2023,,,,,,,,,,,,,,,,,,,,,,,,,,,,,,,,,47.0,Population by 1-year age groups and sex,Annual population by 1-year age groups and by sex,World Population Prospects,2022.0,United Nations Population Division,706.0,Somalia,SO,SOM,32.0,1981.0,4.0,Median,3.0,Both sexes,42.0,0.0,1.0,0,0.0,Not applicable,1.0,Model-based Estimates,2.0,Interpolation,256133.0,,,,,,,,,,
,,,,,,,,,,,,,,,,,,,,,,,,,UNWPP_portal_may2023,,,,,,,,,,,,,,,,,,,,,,,,,,,,,,,,,47.0,Population by 1-year age groups and sex,Annual population by 1-year age groups and by sex,World Population Prospects,2022.0,United Nations Population Division,706.0,Somalia,SO,SOM,33.0,1982.0,4.0,Median,3.0,Both sexes,42.0,0.0,1.0,0,0.0,Not applicable,1.0,Model-based Estimates,2.0,Interpolation,258916.0,,,,,,,,,,
,,,,,,,,,,,,,,,,,,,,,,,,,UNWPP_portal_may2023,,,,,,,,,,,,,,,,,,,,,,,,,,,,,,,,,47.0,Population by 1-year age groups and sex,Annual population by 1-year age groups and by sex,World Population Prospects,2022.0,United Nations Population Division,706.0,Somalia,SO,SOM,34.0,1983.0,4.0,Median,3.0,Both sexes,42.0,0.0,1.0,0,0.0,Not applicable,1.0,Model-based Estimates,2.0,Interpolation,268765.0,,,,,,,,,,
,,,,,,,,,,,,,,,,,,,,,,,,,UNWPP_portal_may2023,,,,,,,,,,,,,,,,,,,,,,,,,,,,,,,,,47.0,Population by 1-year age groups and sex,Annual population by 1-year age groups and by sex,World Population Prospects,2022.0,United Nations Population Division,706.0,Somalia,SO,SOM,35.0,1984.0,4.0,Median,3.0,Both sexes,42.0,0.0,1.0,0,0.0,Not applicable,1.0,Model-based Estimates,2.0,Interpolation,280180.0,,,,,,,,,,
,,,,,,,,,,,,,,,,,,,,,,,,,UNWPP_portal_may2023,,,,,,,,,,,,,,,,,,,,,,,,,,,,,,,,,47.0,Population by 1-year age groups and sex,Annual population by 1-year age groups and by sex,World Population Prospects,2022.0,United Nations Population Division,706.0,Somalia,SO,SOM,36.0,1985.0,4.0,Median,3.0,Both sexes,42.0,0.0,1.0,0,0.0,Not applicable,1.0,Model-based Estimates,2.0,Interpolation,293203.0,,,,,,,,,,
,,,,,,,,,,,,,,,,,,,,,,,,,UNWPP_portal_may2023,,,,,,,,,,,,,,,,,,,,,,,,,,,,,,,,,47.0,Population by 1-year age groups and sex,Annual population by 1-year age groups and by sex,World Population Prospects,2022.0,United Nations Population Division,706.0,Somalia,SO,SOM,37.0,1986.0,4.0,Median,3.0,Both sexes,42.0,0.0,1.0,0,0.0,Not applicable,1.0,Model-based Estimates,2.0,Interpolation,306862.0,,,,,,,,,,
,,,,,,,,,,,,,,,,,,,,,,,,,UNWPP_portal_may2023,,,,,,,,,,,,,,,,,,,,,,,,,,,,,,,,,47.0,Population by 1-year age groups and sex,Annual population by 1-year age groups and by sex,World Population Prospects,2022.0,United Nations Population Division,706.0,Somalia,SO,SOM,38.0,1987.0,4.0,Median,3.0,Both sexes,42.0,0.0,1.0,0,0.0,Not applicable,1.0,Model-based Estimates,2.0,Interpolation,319017.0,,,,,,,,,,
,,,,,,,,,,,,,,,,,,,,,,,,,UNWPP_portal_may2023,,,,,,,,,,,,,,,,,,,,,,,,,,,,,,,,,47.0,Population by 1-year age groups and sex,Annual population by 1-year age groups and by sex,World Population Prospects,2022.0,United Nations Population Division,706.0,Somalia,SO,SOM,39.0,1988.0,4.0,Median,3.0,Both sexes,42.0,0.0,1.0,0,0.0,Not applicable,1.0,Model-based Estimates,2.0,Interpolation,319757.0,,,,,,,,,,
,,,,,,,,,,,,,,,,,,,,,,,,,UNWPP_portal_may2023,,,,,,,,,,,,,,,,,,,,,,,,,,,,,,,,,47.0,Population by 1-year age groups and sex,Annual population by 1-year age groups and by sex,World Population Prospects,2022.0,United Nations Population Division,706.0,Somalia,SO,SOM,40.0,1989.0,4.0,Median,3.0,Both sexes,42.0,0.0,1.0,0,0.0,Not applicable,1.0,Model-based Estimates,2.0,Interpolation,315129.0,,,,,,,,,,
,,,,,,,,,,,,,,,,,,,,,,,,,UNWPP_portal_may2023,,,,,,,,,,,,,,,,,,,,,,,,,,,,,,,,,47.0,Population by 1-year age groups and sex,Annual population by 1-year age groups and by sex,World Population Prospects,2022.0,United Nations Population Division,706.0,Somalia,SO,SOM,41.0,1990.0,4.0,Median,3.0,Both sexes,42.0,0.0,1.0,0,0.0,Not applicable,1.0,Model-based Estimates,2.0,Interpolation,313986.0,,,,,,,,,,
,,,,,,,,,,,,,,,,,,,,,,,,,UNWPP_portal_may2023,,,,,,,,,,,,,,,,,,,,,,,,,,,,,,,,,47.0,Population by 1-year age groups and sex,Annual population by 1-year age groups and by sex,World Population Prospects,2022.0,United Nations Population Division,706.0,Somalia,SO,SOM,42.0,1991.0,4.0,Median,3.0,Both sexes,42.0,0.0,1.0,0,0.0,Not applicable,1.0,Model-based Estimates,2.0,Interpolation,289806.0,,,,,,,,,,
,,,,,,,,,,,,,,,,,,,,,,,,,UNWPP_portal_may2023,,,,,,,,,,,,,,,,,,,,,,,,,,,,,,,,,47.0,Population by 1-year age groups and sex,Annual population by 1-year age groups and by sex,World Population Prospects,2022.0,United Nations Population Division,706.0,Somalia,SO,SOM,43.0,1992.0,4.0,Median,3.0,Both sexes,42.0,0.0,1.0,0,0.0,Not applicable,1.0,Model-based Estimates,2.0,Interpolation,267680.0,,,,,,,,,,
,,,,,,,,,,,,,,,,,,,,,,,,,UNWPP_portal_may2023,,,,,,,,,,,,,,,,,,,,,,,,,,,,,,,,,47.0,Population by 1-year age groups and sex,Annual population by 1-year age groups and by sex,World Population Prospects,2022.0,United Nations Population Division,706.0,Somalia,SO,SOM,44.0,1993.0,4.0,Median,3.0,Both sexes,42.0,0.0,1.0,0,0.0,Not applicable,1.0,Model-based Estimates,2.0,Interpolation,292330.0,,,,,,,,,,
,,,,,,,,,,,,,,,,,,,,,,,,,UNWPP_portal_may2023,,,,,,,,,,,,,,,,,,,,,,,,,,,,,,,,,47.0,Population by 1-year age groups and sex,Annual population by 1-year age groups and by sex,World Population Prospects,2022.0,United Nations Population Division,706.0,Somalia,SO,SOM,45.0,1994.0,4.0,Median,3.0,Both sexes,42.0,0.0,1.0,0,0.0,Not applicable,1.0,Model-based Estimates,2.0,Interpolation,320112.0,,,,,,,,,,
,,,,,,,,,,,,,,,,,,,,,,,,,UNWPP_portal_may2023,,,,,,,,,,,,,,,,,,,,,,,,,,,,,,,,,47.0,Population by 1-year age groups and sex,Annual population by 1-year age groups and by sex,World Population Prospects,2022.0,United Nations Population Division,706.0,Somalia,SO,SOM,46.0,1995.0,4.0,Median,3.0,Both sexes,42.0,0.0,1.0,0,0.0,Not applicable,1.0,Model-based Estimates,2.0,Interpolation,331198.0,,,,,,,,,,
,,,,,,,,,,,,,,,,,,,,,,,,,UNWPP_portal_may2023,,,,,,,,,,,,,,,,,,,,,,,,,,,,,,,,,47.0,Population by 1-year age groups and sex,Annual population by 1-year age groups and by sex,World Population Prospects,2022.0,United Nations Population Division,706.0,Somalia,SO,SOM,47.0,1996.0,4.0,Median,3.0,Both sexes,42.0,0.0,1.0,0,0.0,Not applicable,1.0,Model-based Estimates,2.0,Interpolation,342707.0,,,,,,,,,,
,,,,,,,,,,,,,,,,,,,,,,,,,UNWPP_portal_may2023,,,,,,,,,,,,,,,,,,,,,,,,,,,,,,,,,47.0,Population by 1-year age groups and sex,Annual population by 1-year age groups and by sex,World Population Prospects,2022.0,United Nations Population Division,706.0,Somalia,SO,SOM,48.0,1997.0,4.0,Median,3.0,Both sexes,42.0,0.0,1.0,0,0.0,Not applicable,1.0,Model-based Estimates,2.0,Interpolation,355228.0,,,,,,,,,,
,,,,,,,,,,,,,,,,,,,,,,,,,UNWPP_portal_may2023,,,,,,,,,,,,,,,,,,,,,,,,,,,,,,,,,47.0,Population by 1-year age groups and sex,Annual population by 1-year age groups and by sex,World Population Prospects,2022.0,United Nations Population Division,706.0,Somalia,SO,SOM,49.0,1998.0,4.0,Median,3.0,Both sexes,42.0,0.0,1.0,0,0.0,Not applicable,1.0,Model-based Estimates,2.0,Interpolation,370374.0,,,,,,,,,,
,,,,,,,,,,,,,,,,,,,,,,,,,UNWPP_portal_may2023,,,,,,,,,,,,,,,,,,,,,,,,,,,,,,,,,47.0,Population by 1-year age groups and sex,Annual population by 1-year age groups and by sex,World Population Prospects,2022.0,United Nations Population Division,706.0,Somalia,SO,SOM,50.0,1999.0,4.0,Median,3.0,Both sexes,42.0,0.0,1.0,0,0.0,Not applicable,1.0,Model-based Estimates,2.0,Interpolation,384585.0,,,,,,,,,,
,,,,,,,,,,,,,,,,,,,,,,,,,UNWPP_portal_may2023,,,,,,,,,,,,,,,,,,,,,,,,,,,,,,,,,47.0,Population by 1-year age groups and sex,Annual population by 1-year age groups and by sex,World Population Prospects,2022.0,United Nations Population Division,706.0,Somalia,SO,SOM,51.0,2000.0,4.0,Median,3.0,Both sexes,42.0,0.0,1.0,0,0.0,Not applicable,1.0,Model-based Estimates,2.0,Interpolation,398898.0,,,,,,,,,,
,,,,,,,,,,,,,,,,,,,,,,,,,UNWPP_portal_may2023,,,,,,,,,,,,,,,,,,,,,,,,,,,,,,,,,47.0,Population by 1-year age groups and sex,Annual population by 1-year age groups and by sex,World Population Prospects,2022.0,United Nations Population Division,706.0,Somalia,SO,SOM,52.0,2001.0,4.0,Median,3.0,Both sexes,42.0,0.0,1.0,0,0.0,Not applicable,1.0,Model-based Estimates,2.0,Interpolation,413484.0,,,,,,,,,,
,,,,,,,,,,,,,,,,,,,,,,,,,UNWPP_portal_may2023,,,,,,,,,,,,,,,,,,,,,,,,,,,,,,,,,47.0,Population by 1-year age groups and sex,Annual population by 1-year age groups and by sex,World Population Prospects,2022.0,United Nations Population Division,706.0,Somalia,SO,SOM,53.0,2002.0,4.0,Median,3.0,Both sexes,42.0,0.0,1.0,0,0.0,Not applicable,1.0,Model-based Estimates,2.0,Interpolation,428119.0,,,,,,,,,,
,,,,,,,,,,,,,,,,,,,,,,,,,UNWPP_portal_may2023,,,,,,,,,,,,,,,,,,,,,,,,,,,,,,,,,47.0,Population by 1-year age groups and sex,Annual population by 1-year age groups and by sex,World Population Prospects,2022.0,United Nations Population Division,706.0,Somalia,SO,SOM,54.0,2003.0,4.0,Median,3.0,Both sexes,42.0,0.0,1.0,0,0.0,Not applicable,1.0,Model-based Estimates,2.0,Interpolation,442684.0,,,,,,,,,,
,,,,,,,,,,,,,,,,,,,,,,,,,UNWPP_portal_may2023,,,,,,,,,,,,,,,,,,,,,,,,,,,,,,,,,47.0,Population by 1-year age groups and sex,Annual population by 1-year age groups and by sex,World Population Prospects,2022.0,United Nations Population Division,706.0,Somalia,SO,SOM,55.0,2004.0,4.0,Median,3.0,Both sexes,42.0,0.0,1.0,0,0.0,Not applicable,1.0,Model-based Estimates,2.0,Interpolation,456897.0,,,,,,,,,,
,,,,,,,,,,,,,,,,,,,,,,,,,UNWPP_portal_may2023,,,,,,,,,,,,,,,,,,,,,,,,,,,,,,,,,47.0,Population by 1-year age groups and sex,Annual population by 1-year age groups and by sex,World Population Prospects,2022.0,United Nations Population Division,706.0,Somalia,SO,SOM,56.0,2005.0,4.0,Median,3.0,Both sexes,42.0,0.0,1.0,0,0.0,Not applicable,1.0,Model-based Estimates,2.0,Interpolation,470476.0,,,,,,,,,,
,,,,,,,,,,,,,,,,,,,,,,,,,UNWPP_portal_may2023,,,,,,,,,,,,,,,,,,,,,,,,,,,,,,,,,47.0,Population by 1-year age groups and sex,Annual population by 1-year age groups and by sex,World Population Prospects,2022.0,United Nations Population Division,706.0,Somalia,SO,SOM,57.0,2006.0,4.0,Median,3.0,Both sexes,42.0,0.0,1.0,0,0.0,Not applicable,1.0,Model-based Estimates,2.0,Interpolation,482418.0,,,,,,,,,,
,,,,,,,,,,,,,,,,,,,,,,,,,UNWPP_portal_may2023,,,,,,,,,,,,,,,,,,,,,,,,,,,,,,,,,47.0,Population by 1-year age groups and sex,Annual population by 1-year age groups and by sex,World Population Prospects,2022.0,United Nations Population Division,706.0,Somalia,SO,SOM,58.0,2007.0,4.0,Median,3.0,Both sexes,42.0,0.0,1.0,0,0.0,Not applicable,1.0,Model-based Estimates,2.0,Interpolation,494928.0,,,,,,,,,,
,,,,,,,,,,,,,,,,,,,,,,,,,UNWPP_portal_may2023,,,,,,,,,,,,,,,,,,,,,,,,,,,,,,,,,47.0,Population by 1-year age groups and sex,Annual population by 1-year age groups and by sex,World Population Prospects,2022.0,United Nations Population Division,706.0,Somalia,SO,SOM,59.0,2008.0,4.0,Median,3.0,Both sexes,42.0,0.0,1.0,0,0.0,Not applicable,1.0,Model-based Estimates,2.0,Interpolation,507297.0,,,,,,,,,,
,,,,,,,,,,,,,,,,,,,,,,,,,UNWPP_portal_may2023,,,,,,,,,,,,,,,,,,,,,,,,,,,,,,,,,47.0,Population by 1-year age groups and sex,Annual population by 1-year age groups and by sex,World Population Prospects,2022.0,United Nations Population Division,706.0,Somalia,SO,SOM,60.0,2009.0,4.0,Median,3.0,Both sexes,42.0,0.0,1.0,0,0.0,Not applicable,1.0,Model-based Estimates,2.0,Interpolation,517789.0,,,,,,,,,,
,,,,,,,,,,,,,,,,,,,,,,,,,UNWPP_portal_may2023,,,,,,,,,,,,,,,,,,,,,,,,,,,,,,,,,47.0,Population by 1-year age groups and sex,Annual population by 1-year age groups and by sex,World Population Prospects,2022.0,United Nations Population Division,706.0,Somalia,SO,SOM,61.0,2010.0,4.0,Median,3.0,Both sexes,42.0,0.0,1.0,0,0.0,Not applicable,1.0,Model-based Estimates,2.0,Interpolation,527790.0,,,,,,,,,,
,,,,,,,,,,,,,,,,,,,,,,,,,UNWPP_portal_may2023,,,,,,,,,,,,,,,,,,,,,,,,,,,,,,,,,47.0,Population by 1-year age groups and sex,Annual population by 1-year age groups and by sex,World Population Prospects,2022.0,United Nations Population Division,706.0,Somalia,SO,SOM,62.0,2011.0,4.0,Median,3.0,Both sexes,42.0,0.0,1.0,0,0.0,Not applicable,1.0,Model-based Estimates,2.0,Interpolation,533729.0,,,,,,,,,,
,,,,,,,,,,,,,,,,,,,,,,,,,UNWPP_portal_may2023,,,,,,,,,,,,,,,,,,,,,,,,,,,,,,,,,47.0,Population by 1-year age groups and sex,Annual population by 1-year age groups and by sex,World Population Prospects,2022.0,United Nations Population Division,706.0,Somalia,SO,SOM,63.0,2012.0,4.0,Median,3.0,Both sexes,42.0,0.0,1.0,0,0.0,Not applicable,1.0,Model-based Estimates,2.0,Interpolation,542621.0,,,,,,,,,,
,,,,,,,,,,,,,,,,,,,,,,,,,UNWPP_portal_may2023,,,,,,,,,,,,,,,,,,,,,,,,,,,,,,,,,47.0,Population by 1-year age groups and sex,Annual population by 1-year age groups and by sex,World Population Prospects,2022.0,United Nations Population Division,706.0,Somalia,SO,SOM,64.0,2013.0,4.0,Median,3.0,Both sexes,42.0,0.0,1.0,0,0.0,Not applicable,1.0,Model-based Estimates,2.0,Interpolation,558914.0,,,,,,,,,,
,,,,,,,,,,,,,,,,,,,,,,,,,UNWPP_portal_may2023,,,,,,,,,,,,,,,,,,,,,,,,,,,,,,,,,47.0,Population by 1-year age groups and sex,Annual population by 1-year age groups and by sex,World Population Prospects,2022.0,United Nations Population Division,706.0,Somalia,SO,SOM,65.0,2014.0,4.0,Median,3.0,Both sexes,42.0,0.0,1.0,0,0.0,Not applicable,1.0,Model-based Estimates,2.0,Interpolation,576167.0,,,,,,,,,,
,,,,,,,,,,,,,,,,,,,,,,,,,UNWPP_portal_may2023,,,,,,,,,,,,,,,,,,,,,,,,,,,,,,,,,47.0,Population by 1-year age groups and sex,Annual population by 1-year age groups and by sex,World Population Prospects,2022.0,United Nations Population Division,706.0,Somalia,SO,SOM,66.0,2015.0,4.0,Median,3.0,Both sexes,42.0,0.0,1.0,0,0.0,Not applicable,1.0,Model-based Estimates,2.0,Interpolation,593185.0,,,,,,,,,,
,,,,,,,,,,,,,,,,,,,,,,,,,UNWPP_portal_may2023,,,,,,,,,,,,,,,,,,,,,,,,,,,,,,,,,47.0,Population by 1-year age groups and sex,Annual population by 1-year age groups and by sex,World Population Prospects,2022.0,United Nations Population Division,706.0,Somalia,SO,SOM,67.0,2016.0,4.0,Median,3.0,Both sexes,42.0,0.0,1.0,0,0.0,Not applicable,1.0,Model-based Estimates,2.0,Interpolation,612713.0,,,,,,,,,,
,,,,,,,,,,,,,,,,,,,,,,,,,UNWPP_portal_may2023,,,,,,,,,,,,,,,,,,,,,,,,,,,,,,,,,47.0,Population by 1-year age groups and sex,Annual population by 1-year age groups and by sex,World Population Prospects,2022.0,United Nations Population Division,706.0,Somalia,SO,SOM,68.0,2017.0,4.0,Median,3.0,Both sexes,42.0,0.0,1.0,0,0.0,Not applicable,1.0,Model-based Estimates,2.0,Interpolation,630873.0,,,,,,,,,,
,,,,,,,,,,,,,,,,,,,,,,,,,UNWPP_portal_may2023,,,,,,,,,,,,,,,,,,,,,,,,,,,,,,,,,47.0,Population by 1-year age groups and sex,Annual population by 1-year age groups and by sex,World Population Prospects,2022.0,United Nations Population Division,706.0,Somalia,SO,SOM,69.0,2018.0,4.0,Median,3.0,Both sexes,42.0,0.0,1.0,0,0.0,Not applicable,1.0,Model-based Estimates,2.0,Interpolation,646621.0,,,,,,,,,,
,,,,,,,,,,,,,,,,,,,,,,,,,UNWPP_portal_may2023,,,,,,,,,,,,,,,,,,,,,,,,,,,,,,,,,47.0,Population by 1-year age groups and sex,Annual population by 1-year age groups and by sex,World Population Prospects,2022.0,United Nations Population Division,706.0,Somalia,SO,SOM,70.0,2019.0,4.0,Median,3.0,Both sexes,42.0,0.0,1.0,0,0.0,Not applicable,1.0,Model-based Estimates,2.0,Interpolation,664788.0,,,,,,,,,,
,,,,,,,,,,,,,,,,,,,,,,,,,UNWPP_portal_may2023,,,,,,,,,,,,,,,,,,,,,,,,,,,,,,,,,47.0,Population by 1-year age groups and sex,Annual population by 1-year age groups and by sex,World Population Prospects,2022.0,United Nations Population Division,706.0,Somalia,SO,SOM,71.0,2020.0,4.0,Median,3.0,Both sexes,42.0,0.0,1.0,0,0.0,Not applicable,1.0,Model-based Estimates,2.0,Interpolation,681262.0,,,,,,,,,,
,,,,,,,,,,,,,,,,,,,,,,,,,UNWPP_portal_may2023,,,,,,,,,,,,,,,,,,,,,,,,,,,,,,,,,47.0,Population by 1-year age groups and sex,Annual population by 1-year age groups and by sex,World Population Prospects,2022.0,United Nations Population Division,706.0,Somalia,SO,SOM,72.0,2021.0,4.0,Median,3.0,Both sexes,42.0,0.0,1.0,0,0.0,Not applicable,1.0,Model-based Estimates,2.0,Interpolation,696080.0,,,,,,,,,,
,,,,,,,,,,,,,,,,,,,,,,,,,UNWPP_portal_may2023,,,,,,,,,,,,,,,,,,,,,,,,,,,,,,,,,47.0,Population by 1-year age groups and sex,Annual population by 1-year age groups and by sex,World Population Prospects,2022.0,United Nations Population Division,706.0,Somalia,SO,SOM,73.0,2022.0,4.0,Median,3.0,Both sexes,42.0,0.0,1.0,0,0.0,Not applicable,1.0,Model-based Estimates,2.0,Interpolation,711721.0,,,,,,,,,,
,,,,,,,,,,,,,,,,,,,,,,,,,UNWPP_portal_may2023,,,,,,,,,,,,,,,,,,,,,,,,,,,,,,,,,47.0,Population by 1-year age groups and sex,Annual population by 1-year age groups and by sex,World Population Prospects,2022.0,United Nations Population Division,706.0,Somalia,SO,SOM,74.0,2023.0,4.0,Median,3.0,Both sexes,42.0,0.0,1.0,0,0.0,Not applicable,1.0,Model-based Estimates,3.0,Projection,727486.0,,,,,,,,,,
,,,,,,,,,,,,,,,,,,,,,,,,,UNWPP_portal_may2023,,,,,,,,,,,,,,,,,,,,,,,,,,,,,,,,,47.0,Population by 1-year age groups and sex,Annual population by 1-year age groups and by sex,World Population Prospects,2022.0,United Nations Population Division,706.0,Somalia,SO,SOM,75.0,2024.0,4.0,Median,3.0,Both sexes,42.0,0.0,1.0,0,0.0,Not applicable,1.0,Model-based Estimates,3.0,Projection,741485.0,,,,,,,,,,
,,,,,,,,,,,,,,,,,,,,,,,,,UNWPP_portal_may2023,,,,,,,,,,,,,,,,,,,,,,,,,,,,,,,,,47.0,Population by 1-year age groups and sex,Annual population by 1-year age groups and by sex,World Population Prospects,2022.0,United Nations Population Division,706.0,Somalia,SO,SOM,76.0,2025.0,4.0,Median,3.0,Both sexes,42.0,0.0,1.0,0,0.0,Not applicable,1.0,Model-based Estimates,3.0,Projection,753896.0,,,,,,,,,,
,,,,,,,,,,,,,,,,,,,,,,,,,UNWPP_portal_may2023,,,,,,,,,,,,,,,,,,,,,,,,,,,,,,,,,47.0,Population by 1-year age groups and sex,Annual population by 1-year age groups and by sex,World Population Prospects,2022.0,United Nations Population Division,706.0,Somalia,SO,SOM,77.0,2026.0,4.0,Median,3.0,Both sexes,42.0,0.0,1.0,0,0.0,Not applicable,1.0,Model-based Estimates,3.0,Projection,767228.0,,,,,,,,,,
,,,,,,,,,,,,,,,,,,,,,,,,,UNWPP_portal_may2023,,,,,,,,,,,,,,,,,,,,,,,,,,,,,,,,,47.0,Population by 1-year age groups and sex,Annual population by 1-year age groups and by sex,World Population Prospects,2022.0,United Nations Population Division,706.0,Somalia,SO,SOM,78.0,2027.0,4.0,Median,3.0,Both sexes,42.0,0.0,1.0,0,0.0,Not applicable,1.0,Model-based Estimates,3.0,Projection,781608.0,,,,,,,,,,
,,,,,,,,,,,,,,,,,,,,,,,,,UNWPP_portal_may2023,,,,,,,,,,,,,,,,,,,,,,,,,,,,,,,,,47.0,Population by 1-year age groups and sex,Annual population by 1-year age groups and by sex,World Population Prospects,2022.0,United Nations Population Division,706.0,Somalia,SO,SOM,79.0,2028.0,4.0,Median,3.0,Both sexes,42.0,0.0,1.0,0,0.0,Not applicable,1.0,Model-based Estimates,3.0,Projection,794884.0,,,,,,,,,,
,,,,,,,,,,,,,,,,,,,,,,,,,UNWPP_portal_may2023,,,,,,,,,,,,,,,,,,,,,,,,,,,,,,,,,47.0,Population by 1-year age groups and sex,Annual population by 1-year age groups and by sex,World Population Prospects,2022.0,United Nations Population Division,706.0,Somalia,SO,SOM,80.0,2029.0,4.0,Median,3.0,Both sexes,42.0,0.0,1.0,0,0.0,Not applicable,1.0,Model-based Estimates,3.0,Projection,808599.0,,,,,,,,,,
,,,,,,,,,,,,,,,,,,,,,,,,,UNWPP_portal_may2023,,,,,,,,,,,,,,,,,,,,,,,,,,,,,,,,,47.0,Population by 1-year age groups and sex,Annual population by 1-year age groups and by sex,World Population Prospects,2022.0,United Nations Population Division,706.0,Somalia,SO,SOM,81.0,2030.0,4.0,Median,3.0,Both sexes,42.0,0.0,1.0,0,0.0,Not applicable,1.0,Model-based Estimates,3.0,Projection,821480.0,,,,,,,,,,
,,,,,,,,,,,,,,,,,,,,,,2018.0,,Somalia,somalia_surveys_province,,,,,,,,,,,,,,,,,,,,,,,,,,,,,,,,,,,,,,,,,,,,,,,,,,,,,,,,,,,,ANC1,cov,Ayn Region,133.70626831054688,delivery,,18.091873,5.0,3325.0,
,,,,,,,,,,,,,,,,,,,,,,2018.0,,Somalia,somalia_surveys_province,,,,,,,,,,,,,,,,,,,,,,,,,,,,,,,,,,,,,,,,,,,,,,,,,,,,,,,,,,,,ANC1,volIM,Ayn Region,2745.999990940094,delivery,,4363.25,5.0,3325.0,
,,,,,,,,,,,,,,,,,,,,,,2019.0,,Somalia,somalia_surveys_province,,,,,,,,,,,,,,,,,,,,,,,,,,,,,,,,,,,,,,,,,,,,,,,,,,,,,,,,,,,,ANC1,cov,Ayn Region,173.3198699951172,delivery,,18.091873,5.0,3325.0,
,,,,,,,,,,,,,,,,,,,,,,2019.0,,Somalia,somalia_surveys_province,,,,,,,,,,,,,,,,,,,,,,,,,,,,,,,,,,,,,,,,,,,,,,,,,,,,,,,,,,,,ANC1,volIM,Ayn Region,4377.666667938232,delivery,,4363.25,5.0,3325.0,
,,,,,,,,,,,,,,,,,,,,,,2020.0,,Somalia,somalia_surveys_province,,,,,,,,,,,,,,,,,,,,,,,,,,,,,,,,,,,,,,,,,,,,,,,,,,,,,,,,,,,,ANC1,volIM,Ayn Region,5678.3333377838135,delivery,,4363.25,5.0,3325.0,
,,,,,,,,,,,,,,,,,,,,,,2020.0,,Somalia,somalia_surveys_province,,,,,,,,,,,,,,,,,,,,,,,,,,,,,,,,,,,,,,,,,,,,,,,,,,,,,,,,,,,,ANC1,cov,Ayn Region,190.30543518066406,delivery,,18.091873,5.0,3325.0,
,,,,,,,,,,,,,,,,,,,,,,2021.0,,Somalia,somalia_surveys_province,,,,,,,,,,,,,,,,,,,,,,,,,,,,,,,,,,,,,,,,,,,,,,,,,,,,,,,,,,,,ANC1,cov,Ayn Region,241.428466796875,delivery,,18.091873,5.0,3325.0,
,,,,,,,,,,,,,,,,,,,,,,2021.0,,Somalia,somalia_surveys_province,,,,,,,,,,,,,,,,,,,,,,,,,,,,,,,,,,,,,,,,,,,,,,,,,,,,,,,,,,,,ANC1,volIM,Ayn Region,8604.666637420654,delivery,,4363.25,5.0,3325.0,
,,,,,,,,,,,,,,,,,,,,,,2022.0,,Somalia,somalia_surveys_province,,,,,,,,,,,,,,,,,,,,,,,,,,,,,,,,,,,,,,,,,,,,,,,,,,,,,,,,,,,,ANC1,volIM,Ayn Region,8992.250057220459,delivery,,4363.25,5.0,3325.0,
,,,,,,,,,,,,,,,,,,,,,,2022.0,,Somalia,somalia_surveys_province,,,,,,,,,,,,,,,,,,,,,,,,,,,,,,,,,,,,,,,,,,,,,,,,,,,,,,,,,,,,ANC1,cov,Ayn Region,166.5504150390625,delivery,,18.091873,5.0,3325.0,
,,,,,,,,,,,,,,,,,,,,,,2023.0,,Somalia,somalia_surveys_province,,,,,,,,,,,,,,,,,,,,,,,,,,,,,,,,,,,,,,,,,,,,,,,,,,,,,,,,,,,,ANC1,cov,Ayn Region,151.7981414794922,delivery,,18.091873,5.0,3325.0,
,,,,,,,,,,,,,,,,,,,,,,2023.0,,Somalia,somalia_surveys_province,,,,,,,,,,,,,,,,,,,,,,,,,,,,,,,,,,,,,,,,,,,,,,,,,,,,,,,,,,,,ANC1,volIM,Ayn Region,7109.249961853027,delivery,,4363.25,5.0,3325.0,
,,,,,,,,,,,,,,,,,,,,,,2018.0,,Somalia,somalia_surveys_province,,,,,,,,,,,,,,,,,,,,,,,,,,,,,,,,,,,,,,,,,,,,,,,,,,,,,,,,,,,,ANC4,volIM,Ayn Region,632.0,delivery,,1111.0,5.0,3326.0,
,,,,,,,,,,,,,,,,,,,,,,2018.0,,Somalia,somalia_surveys_province,,,,,,,,,,,,,,,,,,,,,,,,,,,,,,,,,,,,,,,,,,,,,,,,,,,,,,,,,,,,ANC4,cov,Ayn Region,30.772891998291016,delivery,,6.4439964,5.0,3326.0,
,,,,,,,,,,,,,,,,,,,,,,2019.0,,Somalia,somalia_surveys_province,,,,,,,,,,,,,,,,,,,,,,,,,,,,,,,,,,,,,,,,,,,,,,,,,,,,,,,,,,,,ANC4,cov,Ayn Region,47.94571304321289,delivery,,6.4439964,5.0,3326.0,
,,,,,,,,,,,,,,,,,,,,,,2019.0,,Somalia,somalia_surveys_province,,,,,,,,,,,,,,,,,,,,,,,,,,,,,,,,,,,,,,,,,,,,,,,,,,,,,,,,,,,,ANC4,volIM,Ayn Region,1211.000001192093,delivery,,1111.0,5.0,3326.0,
,,,,,,,,,,,,,,,,,,,,,,2020.0,,Somalia,somalia_surveys_province,,,,,,,,,,,,,,,,,,,,,,,,,,,,,,,,,,,,,,,,,,,,,,,,,,,,,,,,,,,,ANC4,volIM,Ayn Region,1653.999984741211,delivery,,1111.0,5.0,3326.0,
,,,,,,,,,,,,,,,,,,,,,,2020.0,,Somalia,somalia_surveys_province,,,,,,,,,,,,,,,,,,,,,,,,,,,,,,,,,,,,,,,,,,,,,,,,,,,,,,,,,,,,ANC4,cov,Ayn Region,55.432674407958984,delivery,,6.4439964,5.0,3326.0,
,,,,,,,,,,,,,,,,,,,,,,2021.0,,Somalia,somalia_surveys_province,,,,,,,,,,,,,,,,,,,,,,,,,,,,,,,,,,,,,,,,,,,,,,,,,,,,,,,,,,,,ANC4,volIM,Ayn Region,2531.4999895095825,delivery,,1111.0,5.0,3326.0,
,,,,,,,,,,,,,,,,,,,,,,2021.0,,Somalia,somalia_surveys_province,,,,,,,,,,,,,,,,,,,,,,,,,,,,,,,,,,,,,,,,,,,,,,,,,,,,,,,,,,,,ANC4,cov,Ayn Region,71.02845001220703,delivery,,6.4439964,5.0,3326.0,
,,,,,,,,,,,,,,,,,,,,,,2022.0,,Somalia,somalia_surveys_province,,,,,,,,,,,,,,,,,,,,,,,,,,,,,,,,,,,,,,,,,,,,,,,,,,,,,,,,,,,,ANC4,volIM,Ayn Region,3120.999994277954,delivery,,1111.0,5.0,3326.0,
,,,,,,,,,,,,,,,,,,,,,,2022.0,,Somalia,somalia_surveys_province,,,,,,,,,,,,,,,,,,,,,,,,,,,,,,,,,,,,,,,,,,,,,,,,,,,,,,,,,,,,ANC4,cov,Ayn Region,57.805755615234375,delivery,,6.4439964,5.0,3326.0,
,,,,,,,,,,,,,,,,,,,,,,2023.0,,Somalia,somalia_surveys_province,,,,,,,,,,,,,,,,,,,,,,,,,,,,,,,,,,,,,,,,,,,,,,,,,,,,,,,,,,,,ANC4,volIM,Ayn Region,1743.0000038146973,delivery,,1111.0,5.0,3326.0,
,,,,,,,,,,,,,,,,,,,,,,2023.0,,Somalia,somalia_surveys_province,,,,,,,,,,,,,,,,,,,,,,,,,,,,,,,,,,,,,,,,,,,,,,,,,,,,,,,,,,,,ANC4,cov,Ayn Region,37.216888427734375,delivery,,6.4439964,5.0,3326.0,
,,,,,,,,,,,,,,,,,,,,,,2018.0,,Somalia,somalia_surveys_province,,,,,,,,,,,,,,,,,,,,,,,,,,,,,,,,,,,,,,,,,,,,,,,,,,,,,,,,,,,,BCG,cov,Ayn Region,25.257570266723633,anc1,,21.50146,5.0,3327.0,
,,,,,,,,,,,,,,,,,,,,,,2018.0,,Somalia,somalia_surveys_province,,,,,,,,,,,,,,,,,,,,,,,,,,,,,,,,,,,,,,,,,,,,,,,,,,,,,,,,,,,,BCG,volIM,Ayn Region,956.0,anc1,,3626.0,5.0,3327.0,
,,,,,,,,,,,,,,,,,,,,,,2019.0,,Somalia,somalia_surveys_province,,,,,,,,,,,,,,,,,,,,,,,,,,,,,,,,,,,,,,,,,,,,,,,,,,,,,,,,,,,,BCG,volIM,Ayn Region,1730.0,anc1,,3626.0,5.0,3327.0,
,,,,,,,,,,,,,,,,,,,,,,2019.0,,Somalia,somalia_surveys_province,,,,,,,,,,,,,,,,,,,,,,,,,,,,,,,,,,,,,,,,,,,,,,,,,,,,,,,,,,,,BCG,cov,Ayn Region,28.670654296875,anc1,,21.50146,5.0,3327.0,
,,,,,,,,,,,,,,,,,,,,,,2020.0,,Somalia,somalia_surveys_province,,,,,,,,,,,,,,,,,,,,,,,,,,,,,,,,,,,,,,,,,,,,,,,,,,,,,,,,,,,,BCG,volIM,Ayn Region,1407.9999961853027,anc1,,3626.0,5.0,3327.0,
,,,,,,,,,,,,,,,,,,,,,,2020.0,,Somalia,somalia_surveys_province,,,,,,,,,,,,,,,,,,,,,,,,,,,,,,,,,,,,,,,,,,,,,,,,,,,,,,,,,,,,BCG,cov,Ayn Region,17.989370346069336,anc1,,21.50146,5.0,3327.0,
,,,,,,,,,,,,,,,,,,,,,,2021.0,,Somalia,somalia_surveys_province,,,,,,,,,,,,,,,,,,,,,,,,,,,,,,,,,,,,,,,,,,,,,,,,,,,,,,,,,,,,BCG,cov,Ayn Region,22.579313278198242,anc1,,21.50146,5.0,3327.0,
,,,,,,,,,,,,,,,,,,,,,,2021.0,,Somalia,somalia_surveys_province,,,,,,,,,,,,,,,,,,,,,,,,,,,,,,,,,,,,,,,,,,,,,,,,,,,,,,,,,,,,BCG,volIM,Ayn Region,2677.999988555908,anc1,,3626.0,5.0,3327.0,
,,,,,,,,,,,,,,,,,,,,,,2022.0,,Somalia,somalia_surveys_province,,,,,,,,,,,,,,,,,,,,,,,,,,,,,,,,,,,,,,,,,,,,,,,,,,,,,,,,,,,,BCG,cov,Ayn Region,30.876232147216797,anc1,,21.50146,5.0,3327.0,
,,,,,,,,,,,,,,,,,,,,,,2022.0,,Somalia,somalia_surveys_province,,,,,,,,,,,,,,,,,,,,,,,,,,,,,,,,,,,,,,,,,,,,,,,,,,,,,,,,,,,,BCG,volIM,Ayn Region,3827.0000133514404,anc1,,3626.0,5.0,3327.0,
,,,,,,,,,,,,,,,,,,,,,,2023.0,,Somalia,somalia_surveys_province,,,,,,,,,,,,,,,,,,,,,,,,,,,,,,,,,,,,,,,,,,,,,,,,,,,,,,,,,,,,BCG,cov,Ayn Region,46.759029388427734,anc1,,21.50146,5.0,3327.0,
,,,,,,,,,,,,,,,,,,,,,,2023.0,,Somalia,somalia_surveys_province,,,,,,,,,,,,,,,,,,,,,,,,,,,,,,,,,,,,,,,,,,,,,,,,,,,,,,,,,,,,BCG,volIM,Ayn Region,4582.000030517578,anc1,,3626.0,5.0,3327.0,
,,,,,,,,,,,,,,,,,,,,,,2018.0,,Somalia,somalia_surveys_province,,,,,,,,,,,,,,,,,,,,,,,,,,,,,,,,,,,,,,,,,,,,,,,,,,,,,,,,,,,,Institutional Delivery,cov,Ayn Region,36.8427619934082,anc1,,-4.391056,5.0,3328.0,
,,,,,,,,,,,,,,,,,,,,,,2018.0,,Somalia,somalia_surveys_province,,,,,,,,,,,,,,,,,,,,,,,,,,,,,,,,,,,,,,,,,,,,,,,,,,,,,,,,,,,,Institutional Delivery,volIM,Ayn Region,1394.5000023841858,anc1,,1785.5,5.0,3328.0,
,,,,,,,,,,,,,,,,,,,,,,2019.0,,Somalia,somalia_surveys_province,,,,,,,,,,,,,,,,,,,,,,,,,,,,,,,,,,,,,,,,,,,,,,,,,,,,,,,,,,,,Institutional Delivery,cov,Ayn Region,28.42206382751465,anc1,,-4.391056,5.0,3328.0,
,,,,,,,,,,,,,,,,,,,,,,2019.0,,Somalia,somalia_surveys_province,,,,,,,,,,,,,,,,,,,,,,,,,,,,,,,,,,,,,,,,,,,,,,,,,,,,,,,,,,,,Institutional Delivery,volIM,Ayn Region,1715.0000066757202,anc1,,1785.5,5.0,3328.0,
,,,,,,,,,,,,,,,,,,,,,,2020.0,,Somalia,somalia_surveys_province,,,,,,,,,,,,,,,,,,,,,,,,,,,,,,,,,,,,,,,,,,,,,,,,,,,,,,,,,,,,Institutional Delivery,cov,Ayn Region,25.885272979736328,anc1,,-4.391056,5.0,3328.0,
,,,,,,,,,,,,,,,,,,,,,,2020.0,,Somalia,somalia_surveys_province,,,,,,,,,,,,,,,,,,,,,,,,,,,,,,,,,,,,,,,,,,,,,,,,,,,,,,,,,,,,Institutional Delivery,volIM,Ayn Region,2026.0000038146973,anc1,,1785.5,5.0,3328.0,
,,,,,,,,,,,,,,,,,,,,,,2021.0,,Somalia,somalia_surveys_province,,,,,,,,,,,,,,,,,,,,,,,,,,,,,,,,,,,,,,,,,,,,,,,,,,,,,,,,,,,,Institutional Delivery,cov,Ayn Region,20.404008865356445,anc1,,-4.391056,5.0,3328.0,
,,,,,,,,,,,,,,,,,,,,,,2021.0,,Somalia,somalia_surveys_province,,,,,,,,,,,,,,,,,,,,,,,,,,,,,,,,,,,,,,,,,,,,,,,,,,,,,,,,,,,,Institutional Delivery,volIM,Ayn Region,2420.0000019073486,anc1,,1785.5,5.0,3328.0,
,,,,,,,,,,,,,,,,,,,,,,2022.0,,Somalia,somalia_surveys_province,,,,,,,,,,,,,,,,,,,,,,,,,,,,,,,,,,,,,,,,,,,,,,,,,,,,,,,,,,,,Institutional Delivery,cov,Ayn Region,29.57728385925293,anc1,,-4.391056,5.0,3328.0,
,,,,,,,,,,,,,,,,,,,,,,2022.0,,Somalia,somalia_surveys_province,,,,,,,,,,,,,,,,,,,,,,,,,,,,,,,,,,,,,,,,,,,,,,,,,,,,,,,,,,,,Institutional Delivery,volIM,Ayn Region,3666.0000133514404,anc1,,1785.5,5.0,3328.0,
,,,,,,,,,,,,,,,,,,,,,,2023.0,,Somalia,somalia_surveys_province,,,,,,,,,,,,,,,,,,,,,,,,,,,,,,,,,,,,,,,,,,,,,,,,,,,,,,,,,,,,Institutional Delivery,cov,Ayn Region,32.45170593261719,anc1,,-4.391056,5.0,3328.0,
,,,,,,,,,,,,,,,,,,,,,,2023.0,,Somalia,somalia_surveys_province,,,,,,,,,,,,,,,,,,,,,,,,,,,,,,,,,,,,,,,,,,,,,,,,,,,,,,,,,,,,Institutional Delivery,volIM,Ayn Region,3180.000011444092,anc1,,1785.5,5.0,3328.0,
,,,,,,,,,,,,,,,,,,,,,,2018.0,,Somalia,somalia_surveys_province,,,,,,,,,,,,,,,,,,,,,,,,,,,,,,,,,,,,,,,,,,,,,,,,,,,,,,,,,,,,OPD,volIM,Ayn Region,24339.999992370605,,,36436.0,5.0,3329.0,
,,,,,,,,,,,,,,,,,,,,,,2019.0,,Somalia,somalia_surveys_province,,,,,,,,,,,,,,,,,,,,,,,,,,,,,,,,,,,,,,,,,,,,,,,,,,,,,,,,,,,,OPD,volIM,Ayn Region,61349.00012207031,,,36436.0,5.0,3329.0,
,,,,,,,,,,,,,,,,,,,,,,2020.0,,Somalia,somalia_surveys_province,,,,,,,,,,,,,,,,,,,,,,,,,,,,,,,,,,,,,,,,,,,,,,,,,,,,,,,,,,,,OPD,volIM,Ayn Region,53872.0,,,36436.0,5.0,3329.0,
,,,,,,,,,,,,,,,,,,,,,,2021.0,,Somalia,somalia_surveys_province,,,,,,,,,,,,,,,,,,,,,,,,,,,,,,,,,,,,,,,,,,,,,,,,,,,,,,,,,,,,OPD,volIM,Ayn Region,64478.000061035156,,,36436.0,5.0,3329.0,
,,,,,,,,,,,,,,,,,,,,,,2022.0,,Somalia,somalia_surveys_province,,,,,,,,,,,,,,,,,,,,,,,,,,,,,,,,,,,,,,,,,,,,,,,,,,,,,,,,,,,,OPD,volIM,Ayn Region,80497.0002746582,,,36436.0,5.0,3329.0,
,,,,,,,,,,,,,,,,,,,,,,2023.0,,Somalia,somalia_surveys_province,,,,,,,,,,,,,,,,,,,,,,,,,,,,,,,,,,,,,,,,,,,,,,,,,,,,,,,,,,,,OPD,volIM,Ayn Region,60775.99951171875,,,36436.0,5.0,3329.0,
,,,,,,,,,,,,,,,,,,,,,,2018.0,,Somalia,somalia_surveys_province,,,,,,,,,,,,,,,,,,,,,,,,,,,,,,,,,,,,,,,,,,,,,,,,,,,,,,,,,,,,PNC1,volIM,Ayn Region,1879.999994277954,,,6407.0,5.0,3330.0,
,,,,,,,,,,,,,,,,,,,,,,2019.0,,Somalia,somalia_surveys_province,,,,,,,,,,,,,,,,,,,,,,,,,,,,,,,,,,,,,,,,,,,,,,,,,,,,,,,,,,,,PNC1,volIM,Ayn Region,3553.00000667572,,,6407.0,5.0,3330.0,
,,,,,,,,,,,,,,,,,,,,,,2020.0,,Somalia,somalia_surveys_province,,,,,,,,,,,,,,,,,,,,,,,,,,,,,,,,,,,,,,,,,,,,,,,,,,,,,,,,,,,,PNC1,volIM,Ayn Region,4520.999994277954,,,6407.0,5.0,3330.0,
,,,,,,,,,,,,,,,,,,,,,,2021.0,,Somalia,somalia_surveys_province,,,,,,,,,,,,,,,,,,,,,,,,,,,,,,,,,,,,,,,,,,,,,,,,,,,,,,,,,,,,PNC1,volIM,Ayn Region,6364.9999923706055,,,6407.0,5.0,3330.0,
,,,,,,,,,,,,,,,,,,,,,,2022.0,,Somalia,somalia_surveys_province,,,,,,,,,,,,,,,,,,,,,,,,,,,,,,,,,,,,,,,,,,,,,,,,,,,,,,,,,,,,PNC1,volIM,Ayn Region,9509.750022888184,,,6407.0,5.0,3330.0,
,,,,,,,,,,,,,,,,,,,,,,2023.0,,Somalia,somalia_surveys_province,,,,,,,,,,,,,,,,,,,,,,,,,,,,,,,,,,,,,,,,,,,,,,,,,,,,,,,,,,,,PNC1,volIM,Ayn Region,8286.999908447266,,,6407.0,5.0,3330.0,
,,,,,,,,,,,,,,,,,,,,,,2018.0,,Somalia,somalia_surveys_province,,,,,,,,,,,,,,,,,,,,,,,,,,,,,,,,,,,,,,,,,,,,,,,,,,,,,,,,,,,,Penta 1,volIM,Ayn Region,2047.0,anc1,,3240.0,5.0,3331.0,
,,,,,,,,,,,,,,,,,,,,,,2018.0,,Somalia,somalia_surveys_province,,,,,,,,,,,,,,,,,,,,,,,,,,,,,,,,,,,,,,,,,,,,,,,,,,,,,,,,,,,,Penta 1,cov,Ayn Region,56.16636276245117,anc1,,-0.1332779,5.0,3331.0,
,,,,,,,,,,,,,,,,,,,,,,2019.0,,Somalia,somalia_surveys_province,,,,,,,,,,,,,,,,,,,,,,,,,,,,,,,,,,,,,,,,,,,,,,,,,,,,,,,,,,,,Penta 1,volIM,Ayn Region,4183.0,anc1,,3240.0,5.0,3331.0,
,,,,,,,,,,,,,,,,,,,,,,2019.0,,Somalia,somalia_surveys_province,,,,,,,,,,,,,,,,,,,,,,,,,,,,,,,,,,,,,,,,,,,,,,,,,,,,,,,,,,,,Penta 1,cov,Ayn Region,71.99530792236328,anc1,,-0.1332779,5.0,3331.0,
,,,,,,,,,,,,,,,,,,,,,,2020.0,,Somalia,somalia_surveys_province,,,,,,,,,,,,,,,,,,,,,,,,,,,,,,,,,,,,,,,,,,,,,,,,,,,,,,,,,,,,Penta 1,volIM,Ayn Region,3379.9999923706055,anc1,,3240.0,5.0,3331.0,
,,,,,,,,,,,,,,,,,,,,,,2020.0,,Somalia,somalia_surveys_province,,,,,,,,,,,,,,,,,,,,,,,,,,,,,,,,,,,,,,,,,,,,,,,,,,,,,,,,,,,,Penta 1,cov,Ayn Region,44.849212646484375,anc1,,-0.1332779,5.0,3331.0,
,,,,,,,,,,,,,,,,,,,,,,2021.0,,Somalia,somalia_surveys_province,,,,,,,,,,,,,,,,,,,,,,,,,,,,,,,,,,,,,,,,,,,,,,,,,,,,,,,,,,,,Penta 1,volIM,Ayn Region,6072.499988555908,anc1,,3240.0,5.0,3331.0,
,,,,,,,,,,,,,,,,,,,,,,2021.0,,Somalia,somalia_surveys_province,,,,,,,,,,,,,,,,,,,,,,,,,,,,,,,,,,,,,,,,,,,,,,,,,,,,,,,,,,,,Penta 1,cov,Ayn Region,53.173160552978516,anc1,,-0.1332779,5.0,3331.0,
,,,,,,,,,,,,,,,,,,,,,,2022.0,,Somalia,somalia_surveys_province,,,,,,,,,,,,,,,,,,,,,,,,,,,,,,,,,,,,,,,,,,,,,,,,,,,,,,,,,,,,Penta 1,volIM,Ayn Region,6792.000001907349,anc1,,3240.0,5.0,3331.0,
,,,,,,,,,,,,,,,,,,,,,,2022.0,,Somalia,somalia_surveys_province,,,,,,,,,,,,,,,,,,,,,,,,,,,,,,,,,,,,,,,,,,,,,,,,,,,,,,,,,,,,Penta 1,cov,Ayn Region,56.90996170043945,anc1,,-0.1332779,5.0,3331.0,
,,,,,,,,,,,,,,,,,,,,,,2023.0,,Somalia,somalia_surveys_province,,,,,,,,,,,,,,,,,,,,,,,,,,,,,,,,,,,,,,,,,,,,,,,,,,,,,,,,,,,,Penta 1,cov,Ayn Region,56.033084869384766,anc1,,-0.1332779,5.0,3331.0,
,,,,,,,,,,,,,,,,,,,,,,2023.0,,Somalia,somalia_surveys_province,,,,,,,,,,,,,,,,,,,,,,,,,,,,,,,,,,,,,,,,,,,,,,,,,,,,,,,,,,,,Penta 1,volIM,Ayn Region,5286.999969482422,anc1,,3240.0,5.0,3331.0,
,,,,,,,,,,,,,,,,,,,,,,2018.0,,Somalia,somalia_surveys_province,,,,,,,,,,,,,,,,,,,,,,,,,,,,,,,,,,,,,,,,,,,,,,,,,,,,,,,,,,,,Penta 3,volIM,Ayn Region,1745.0,anc1,,2720.0,5.0,3332.0,
,,,,,,,,,,,,,,,,,,,,,,2018.0,,Somalia,somalia_surveys_province,,,,,,,,,,,,,,,,,,,,,,,,,,,,,,,,,,,,,,,,,,,,,,,,,,,,,,,,,,,,Penta 3,cov,Ayn Region,47.879974365234375,anc1,,-0.55867386,5.0,3332.0,
,,,,,,,,,,,,,,,,,,,,,,2019.0,,Somalia,somalia_surveys_province,,,,,,,,,,,,,,,,,,,,,,,,,,,,,,,,,,,,,,,,,,,,,,,,,,,,,,,,,,,,Penta 3,volIM,Ayn Region,3914.0,anc1,,2720.0,5.0,3332.0,
,,,,,,,,,,,,,,,,,,,,,,2019.0,,Somalia,somalia_surveys_province,,,,,,,,,,,,,,,,,,,,,,,,,,,,,,,,,,,,,,,,,,,,,,,,,,,,,,,,,,,,Penta 3,cov,Ayn Region,67.36544036865234,anc1,,-0.55867386,5.0,3332.0,
,,,,,,,,,,,,,,,,,,,,,,2020.0,,Somalia,somalia_surveys_province,,,,,,,,,,,,,,,,,,,,,,,,,,,,,,,,,,,,,,,,,,,,,,,,,,,,,,,,,,,,Penta 3,volIM,Ayn Region,2972.9999923706055,anc1,,2720.0,5.0,3332.0,
,,,,,,,,,,,,,,,,,,,,,,2020.0,,Somalia,somalia_surveys_province,,,,,,,,,,,,,,,,,,,,,,,,,,,,,,,,,,,,,,,,,,,,,,,,,,,,,,,,,,,,Penta 3,cov,Ayn Region,39.44873046875,anc1,,-0.55867386,5.0,3332.0,
,,,,,,,,,,,,,,,,,,,,,,2021.0,,Somalia,somalia_surveys_province,,,,,,,,,,,,,,,,,,,,,,,,,,,,,,,,,,,,,,,,,,,,,,,,,,,,,,,,,,,,Penta 3,cov,Ayn Region,51.43501663208008,anc1,,-0.55867386,5.0,3332.0,
,,,,,,,,,,,,,,,,,,,,,,2021.0,,Somalia,somalia_surveys_province,,,,,,,,,,,,,,,,,,,,,,,,,,,,,,,,,,,,,,,,,,,,,,,,,,,,,,,,,,,,Penta 3,volIM,Ayn Region,5874.000026702881,anc1,,2720.0,5.0,3332.0,
,,,,,,,,,,,,,,,,,,,,,,2022.0,,Somalia,somalia_surveys_province,,,,,,,,,,,,,,,,,,,,,,,,,,,,,,,,,,,,,,,,,,,,,,,,,,,,,,,,,,,,Penta 3,cov,Ayn Region,48.09528732299805,anc1,,-0.55867386,5.0,3332.0,
,,,,,,,,,,,,,,,,,,,,,,2022.0,,Somalia,somalia_surveys_province,,,,,,,,,,,,,,,,,,,,,,,,,,,,,,,,,,,,,,,,,,,,,,,,,,,,,,,,,,,,Penta 3,volIM,Ayn Region,5740.000011444092,anc1,,2720.0,5.0,3332.0,
,,,,,,,,,,,,,,,,,,,,,,2023.0,,Somalia,somalia_surveys_province,,,,,,,,,,,,,,,,,,,,,,,,,,,,,,,,,,,,,,,,,,,,,,,,,,,,,,,,,,,,Penta 3,volIM,Ayn Region,4464.999969482422,anc1,,2720.0,5.0,3332.0,
,,,,,,,,,,,,,,,,,,,,,,2023.0,,Somalia,somalia_surveys_province,,,,,,,,,,,,,,,,,,,,,,,,,,,,,,,,,,,,,,,,,,,,,,,,,,,,,,,,,,,,Penta 3,cov,Ayn Region,47.3213005065918,anc1,,-0.55867386,5.0,3332.0,
,,,,,,,,,,,,,,,,,,,,,,2018.0,,Somalia,somalia_surveys_province,,,,,,,,,,,,,,,,,,,,,,,,,,,,,,,,,,,,,,,,,,,,,,,,,,,,,,,,,,,,ANC1,volIM,Bakool Region,14978.666625976562,delivery,,4678.8,5.0,3333.0,
,,,,,,,,,,,,,,,,,,,,,,2018.0,,Somalia,somalia_surveys_province,,,,,,,,,,,,,,,,,,,,,,,,,,,,,,,,,,,,,,,,,,,,,,,,,,,,,,,,,,,,ANC1,cov,Bakool Region,560.6678466796875,delivery,,-106.3649,5.0,3333.0,
,,,,,,,,,,,,,,,,,,,,,,2019.0,,Somalia,somalia_surveys_province,,,,,,,,,,,,,,,,,,,,,,,,,,,,,,,,,,,,,,,,,,,,,,,,,,,,,,,,,,,,ANC1,volIM,Bakool Region,19301.166633605957,delivery,,4678.8,5.0,3333.0,
,,,,,,,,,,,,,,,,,,,,,,2019.0,,Somalia,somalia_surveys_province,,,,,,,,,,,,,,,,,,,,,,,,,,,,,,,,,,,,,,,,,,,,,,,,,,,,,,,,,,,,ANC1,cov,Bakool Region,422.6214904785156,delivery,,-106.3649,5.0,3333.0,
,,,,,,,,,,,,,,,,,,,,,,2020.0,,Somalia,somalia_surveys_province,,,,,,,,,,,,,,,,,,,,,,,,,,,,,,,,,,,,,,,,,,,,,,,,,,,,,,,,,,,,ANC1,cov,Bakool Region,230.82565307617188,delivery,,-106.3649,5.0,3333.0,
,,,,,,,,,,,,,,,,,,,,,,2020.0,,Somalia,somalia_surveys_province,,,,,,,,,,,,,,,,,,,,,,,,,,,,,,,,,,,,,,,,,,,,,,,,,,,,,,,,,,,,ANC1,volIM,Bakool Region,21511.999969482422,delivery,,4678.8,5.0,3333.0,
,,,,,,,,,,,,,,,,,,,,,,2021.0,,Somalia,somalia_surveys_province,,,,,,,,,,,,,,,,,,,,,,,,,,,,,,,,,,,,,,,,,,,,,,,,,,,,,,,,,,,,ANC1,cov,Bakool Region,237.2927703857422,delivery,,-106.3649,5.0,3333.0,
,,,,,,,,,,,,,,,,,,,,,,2021.0,,Somalia,somalia_surveys_province,,,,,,,,,,,,,,,,,,,,,,,,,,,,,,,,,,,,,,,,,,,,,,,,,,,,,,,,,,,,ANC1,volIM,Bakool Region,18931.000061035156,delivery,,4678.8,5.0,3333.0,
,,,,,,,,,,,,,,,,,,,,,,2022.0,,Somalia,somalia_surveys_province,,,,,,,,,,,,,,,,,,,,,,,,,,,,,,,,,,,,,,,,,,,,,,,,,,,,,,,,,,,,ANC1,cov,Bakool Region,296.0325927734375,delivery,,-106.3649,5.0,3333.0,
,,,,,,,,,,,,,,,,,,,,,,2022.0,,Somalia,somalia_surveys_province,,,,,,,,,,,,,,,,,,,,,,,,,,,,,,,,,,,,,,,,,,,,,,,,,,,,,,,,,,,,ANC1,volIM,Bakool Region,20731.000007629395,delivery,,4678.8,5.0,3333.0,
,,,,,,,,,,,,,,,,,,,,,,2023.0,,Somalia,somalia_surveys_province,,,,,,,,,,,,,,,,,,,,,,,,,,,,,,,,,,,,,,,,,,,,,,,,,,,,,,,,,,,,ANC1,volIM,Bakool Region,19657.46661376953,delivery,,4678.8,5.0,3333.0,
,,,,,,,,,,,,,,,,,,,,,,2023.0,,Somalia,somalia_surveys_province,,,,,,,,,,,,,,,,,,,,,,,,,,,,,,,,,,,,,,,,,,,,,,,,,,,,,,,,,,,,ANC1,cov,Bakool Region,454.3029479980469,delivery,,-106.3649,5.0,3333.0,
,,,,,,,,,,,,,,,,,,,,,,2018.0,,Somalia,somalia_surveys_province,,,,,,,,,,,,,,,,,,,,,,,,,,,,,,,,,,,,,,,,,,,,,,,,,,,,,,,,,,,,ANC4,volIM,Bakool Region,4360.500015258789,delivery,,692.5,5.0,3334.0,
,,,,,,,,,,,,,,,,,,,,,,2018.0,,Somalia,somalia_surveys_province,,,,,,,,,,,,,,,,,,,,,,,,,,,,,,,,,,,,,,,,,,,,,,,,,,,,,,,,,,,,ANC4,cov,Bakool Region,163.21827697753906,delivery,,-46.43859,5.0,3334.0,
,,,,,,,,,,,,,,,,,,,,,,2019.0,,Somalia,somalia_surveys_province,,,,,,,,,,,,,,,,,,,,,,,,,,,,,,,,,,,,,,,,,,,,,,,,,,,,,,,,,,,,ANC4,cov,Bakool Region,83.29300689697266,delivery,,-46.43859,5.0,3334.0,
,,,,,,,,,,,,,,,,,,,,,,2019.0,,Somalia,somalia_surveys_province,,,,,,,,,,,,,,,,,,,,,,,,,,,,,,,,,,,,,,,,,,,,,,,,,,,,,,,,,,,,ANC4,volIM,Bakool Region,3803.9999923706055,delivery,,692.5,5.0,3334.0,
,,,,,,,,,,,,,,,,,,,,,,2020.0,,Somalia,somalia_surveys_province,,,,,,,,,,,,,,,,,,,,,,,,,,,,,,,,,,,,,,,,,,,,,,,,,,,,,,,,,,,,ANC4,volIM,Bakool Region,4679.500005722046,delivery,,692.5,5.0,3334.0,
,,,,,,,,,,,,,,,,,,,,,,2020.0,,Somalia,somalia_surveys_province,,,,,,,,,,,,,,,,,,,,,,,,,,,,,,,,,,,,,,,,,,,,,,,,,,,,,,,,,,,,ANC4,cov,Bakool Region,50.211448669433594,delivery,,-46.43859,5.0,3334.0,
,,,,,,,,,,,,,,,,,,,,,,2021.0,,Somalia,somalia_surveys_province,,,,,,,,,,,,,,,,,,,,,,,,,,,,,,,,,,,,,,,,,,,,,,,,,,,,,,,,,,,,ANC4,cov,Bakool Region,63.813716888427734,delivery,,-46.43859,5.0,3334.0,
,,,,,,,,,,,,,,,,,,,,,,2021.0,,Somalia,somalia_surveys_province,,,,,,,,,,,,,,,,,,,,,,,,,,,,,,,,,,,,,,,,,,,,,,,,,,,,,,,,,,,,ANC4,volIM,Bakool Region,5090.99999332428,delivery,,692.5,5.0,3334.0,
,,,,,,,,,,,,,,,,,,,,,,2022.0,,Somalia,somalia_surveys_province,,,,,,,,,,,,,,,,,,,,,,,,,,,,,,,,,,,,,,,,,,,,,,,,,,,,,,,,,,,,ANC4,cov,Bakool Region,97.41615295410156,delivery,,-46.43859,5.0,3334.0,
,,,,,,,,,,,,,,,,,,,,,,2022.0,,Somalia,somalia_surveys_province,,,,,,,,,,,,,,,,,,,,,,,,,,,,,,,,,,,,,,,,,,,,,,,,,,,,,,,,,,,,ANC4,volIM,Bakool Region,6821.999997138977,delivery,,692.5,5.0,3334.0,
,,,,,,,,,,,,,,,,,,,,,,2023.0,,Somalia,somalia_surveys_province,,,,,,,,,,,,,,,,,,,,,,,,,,,,,,,,,,,,,,,,,,,,,,,,,,,,,,,,,,,,ANC4,volIM,Bakool Region,5052.999981880188,delivery,,692.5,5.0,3334.0,
,,,,,,,,,,,,,,,,,,,,,,2023.0,,Somalia,somalia_surveys_province,,,,,,,,,,,,,,,,,,,,,,,,,,,,,,,,,,,,,,,,,,,,,,,,,,,,,,,,,,,,ANC4,cov,Bakool Region,116.7796859741211,delivery,,-46.43859,5.0,3334.0,
,,,,,,,,,,,,,,,,,,,,,,2018.0,,Somalia,somalia_surveys_province,,,,,,,,,,,,,,,,,,,,,,,,,,,,,,,,,,,,,,,,,,,,,,,,,,,,,,,,,,,,BCG,volIM,Bakool Region,5684.999988555908,anc1,,3737.4004,5.0,3335.0,
,,,,,,,,,,,,,,,,,,,,,,2018.0,,Somalia,somalia_surveys_province,,,,,,,,,,,,,,,,,,,,,,,,,,,,,,,,,,,,,,,,,,,,,,,,,,,,,,,,,,,,BCG,cov,Bakool Region,27.53540802001953,anc1,,7.2396774,5.0,3335.0,
,,,,,,,,,,,,,,,,,,,,,,2019.0,,Somalia,somalia_surveys_province,,,,,,,,,,,,,,,,,,,,,,,,,,,,,,,,,,,,,,,,,,,,,,,,,,,,,,,,,,,,BCG,cov,Bakool Region,32.79563522338867,anc1,,7.2396774,5.0,3335.0,
,,,,,,,,,,,,,,,,,,,,,,2019.0,,Somalia,somalia_surveys_province,,,,,,,,,,,,,,,,,,,,,,,,,,,,,,,,,,,,,,,,,,,,,,,,,,,,,,,,,,,,BCG,volIM,Bakool Region,8724.999961853027,anc1,,3737.4004,5.0,3335.0,
,,,,,,,,,,,,,,,,,,,,,,2020.0,,Somalia,somalia_surveys_province,,,,,,,,,,,,,,,,,,,,,,,,,,,,,,,,,,,,,,,,,,,,,,,,,,,,,,,,,,,,BCG,volIM,Bakool Region,7229.499990463257,anc1,,3737.4004,5.0,3335.0,
,,,,,,,,,,,,,,,,,,,,,,2020.0,,Somalia,somalia_surveys_province,,,,,,,,,,,,,,,,,,,,,,,,,,,,,,,,,,,,,,,,,,,,,,,,,,,,,,,,,,,,BCG,cov,Bakool Region,24.381568908691406,anc1,,7.2396774,5.0,3335.0,
,,,,,,,,,,,,,,,,,,,,,,2021.0,,Somalia,somalia_surveys_province,,,,,,,,,,,,,,,,,,,,,,,,,,,,,,,,,,,,,,,,,,,,,,,,,,,,,,,,,,,,BCG,volIM,Bakool Region,9163.5,anc1,,3737.4004,5.0,3335.0,
,,,,,,,,,,,,,,,,,,,,,,2021.0,,Somalia,somalia_surveys_province,,,,,,,,,,,,,,,,,,,,,,,,,,,,,,,,,,,,,,,,,,,,,,,,,,,,,,,,,,,,BCG,cov,Bakool Region,35.117374420166016,anc1,,7.2396774,5.0,3335.0,
,,,,,,,,,,,,,,,,,,,,,,2022.0,,Somalia,somalia_surveys_province,,,,,,,,,,,,,,,,,,,,,,,,,,,,,,,,,,,,,,,,,,,,,,,,,,,,,,,,,,,,BCG,volIM,Bakool Region,12898.000015258789,anc1,,3737.4004,5.0,3335.0,
,,,,,,,,,,,,,,,,,,,,,,2022.0,,Somalia,somalia_surveys_province,,,,,,,,,,,,,,,,,,,,,,,,,,,,,,,,,,,,,,,,,,,,,,,,,,,,,,,,,,,,BCG,cov,Bakool Region,45.13737487792969,anc1,,7.2396774,5.0,3335.0,
,,,,,,,,,,,,,,,,,,,,,,2023.0,,Somalia,somalia_surveys_province,,,,,,,,,,,,,,,,,,,,,,,,,,,,,,,,,,,,,,,,,,,,,,,,,,,,,,,,,,,,BCG,cov,Bakool Region,34.77508544921875,anc1,,7.2396774,5.0,3335.0,
,,,,,,,,,,,,,,,,,,,,,,2023.0,,Somalia,somalia_surveys_province,,,,,,,,,,,,,,,,,,,,,,,,,,,,,,,,,,,,,,,,,,,,,,,,,,,,,,,,,,,,BCG,volIM,Bakool Region,9422.39998626709,anc1,,3737.4004,5.0,3335.0,
,,,,,,,,,,,,,,,,,,,,,,2018.0,,Somalia,somalia_surveys_province,,,,,,,,,,,,,,,,,,,,,,,,,,,,,,,,,,,,,,,,,,,,,,,,,,,,,,,,,,,,Institutional Delivery,volIM,Bakool Region,1814.0000076293945,anc1,,1124.0,5.0,3336.0,
,,,,,,,,,,,,,,,,,,,,,,2018.0,,Somalia,somalia_surveys_province,,,,,,,,,,,,,,,,,,,,,,,,,,,,,,,,,,,,,,,,,,,,,,,,,,,,,,,,,,,,Institutional Delivery,cov,Bakool Region,8.786144256591797,anc1,,2.0570803,5.0,3336.0,
,,,,,,,,,,,,,,,,,,,,,,2019.0,,Somalia,somalia_surveys_province,,,,,,,,,,,,,,,,,,,,,,,,,,,,,,,,,,,,,,,,,,,,,,,,,,,,,,,,,,,,Institutional Delivery,cov,Bakool Region,11.656076431274414,anc1,,2.0570803,5.0,3336.0,
,,,,,,,,,,,,,,,,,,,,,,2019.0,,Somalia,somalia_surveys_province,,,,,,,,,,,,,,,,,,,,,,,,,,,,,,,,,,,,,,,,,,,,,,,,,,,,,,,,,,,,Institutional Delivery,volIM,Bakool Region,3100.9999980926514,anc1,,1124.0,5.0,3336.0,
,,,,,,,,,,,,,,,,,,,,,,2020.0,,Somalia,somalia_surveys_province,,,,,,,,,,,,,,,,,,,,,,,,,,,,,,,,,,,,,,,,,,,,,,,,,,,,,,,,,,,,Institutional Delivery,volIM,Bakool Region,6327.999998092651,anc1,,1124.0,5.0,3336.0,
,,,,,,,,,,,,,,,,,,,,,,2020.0,,Somalia,somalia_surveys_province,,,,,,,,,,,,,,,,,,,,,,,,,,,,,,,,,,,,,,,,,,,,,,,,,,,,,,,,,,,,Institutional Delivery,cov,Bakool Region,21.341249465942383,anc1,,2.0570803,5.0,3336.0,
,,,,,,,,,,,,,,,,,,,,,,2021.0,,Somalia,somalia_surveys_province,,,,,,,,,,,,,,,,,,,,,,,,,,,,,,,,,,,,,,,,,,,,,,,,,,,,,,,,,,,,Institutional Delivery,cov,Bakool Region,20.759624481201172,anc1,,2.0570803,5.0,3336.0,
,,,,,,,,,,,,,,,,,,,,,,2021.0,,Somalia,somalia_surveys_province,,,,,,,,,,,,,,,,,,,,,,,,,,,,,,,,,,,,,,,,,,,,,,,,,,,,,,,,,,,,Institutional Delivery,volIM,Bakool Region,5416.999984741211,anc1,,1124.0,5.0,3336.0,
,,,,,,,,,,,,,,,,,,,,,,2022.0,,Somalia,somalia_surveys_province,,,,,,,,,,,,,,,,,,,,,,,,,,,,,,,,,,,,,,,,,,,,,,,,,,,,,,,,,,,,Institutional Delivery,volIM,Bakool Region,4755.000004768372,anc1,,1124.0,5.0,3336.0,
,,,,,,,,,,,,,,,,,,,,,,2022.0,,Somalia,somalia_surveys_province,,,,,,,,,,,,,,,,,,,,,,,,,,,,,,,,,,,,,,,,,,,,,,,,,,,,,,,,,,,,Institutional Delivery,cov,Bakool Region,16.640426635742188,anc1,,2.0570803,5.0,3336.0,
,,,,,,,,,,,,,,,,,,,,,,2023.0,,Somalia,somalia_surveys_province,,,,,,,,,,,,,,,,,,,,,,,,,,,,,,,,,,,,,,,,,,,,,,,,,,,,,,,,,,,,Institutional Delivery,volIM,Bakool Region,2937.9999980926514,anc1,,1124.0,5.0,3336.0,
,,,,,,,,,,,,,,,,,,,,,,2023.0,,Somalia,somalia_surveys_province,,,,,,,,,,,,,,,,,,,,,,,,,,,,,,,,,,,,,,,,,,,,,,,,,,,,,,,,,,,,Institutional Delivery,cov,Bakool Region,10.84322452545166,anc1,,2.0570803,5.0,3336.0,
,,,,,,,,,,,,,,,,,,,,,,2018.0,,Somalia,somalia_surveys_province,,,,,,,,,,,,,,,,,,,,,,,,,,,,,,,,,,,,,,,,,,,,,,,,,,,,,,,,,,,,OPD,volIM,Bakool Region,167875.0001220703,,,-17379.406,5.0,3337.0,
,,,,,,,,,,,,,,,,,,,,,,2019.0,,Somalia,somalia_surveys_province,,,,,,,,,,,,,,,,,,,,,,,,,,,,,,,,,,,,,,,,,,,,,,,,,,,,,,,,,,,,OPD,volIM,Bakool Region,162580.99975585938,,,-17379.406,5.0,3337.0,
,,,,,,,,,,,,,,,,,,,,,,2020.0,,Somalia,somalia_surveys_province,,,,,,,,,,,,,,,,,,,,,,,,,,,,,,,,,,,,,,,,,,,,,,,,,,,,,,,,,,,,OPD,volIM,Bakool Region,219713.16564941406,,,-17379.406,5.0,3337.0,
,,,,,,,,,,,,,,,,,,,,,,2021.0,,Somalia,somalia_surveys_province,,,,,,,,,,,,,,,,,,,,,,,,,,,,,,,,,,,,,,,,,,,,,,,,,,,,,,,,,,,,OPD,volIM,Bakool Region,212338.00073242188,,,-17379.406,5.0,3337.0,
,,,,,,,,,,,,,,,,,,,,,,2022.0,,Somalia,somalia_surveys_province,,,,,,,,,,,,,,,,,,,,,,,,,,,,,,,,,,,,,,,,,,,,,,,,,,,,,,,,,,,,OPD,volIM,Bakool Region,212763.3335571289,,,-17379.406,5.0,3337.0,
,,,,,,,,,,,,,,,,,,,,,,2023.0,,Somalia,somalia_surveys_province,,,,,,,,,,,,,,,,,,,,,,,,,,,,,,,,,,,,,,,,,,,,,,,,,,,,,,,,,,,,OPD,volIM,Bakool Region,150495.59954833984,,,-17379.406,5.0,3337.0,
,,,,,,,,,,,,,,,,,,,,,,2018.0,,Somalia,somalia_surveys_province,,,,,,,,,,,,,,,,,,,,,,,,,,,,,,,,,,,,,,,,,,,,,,,,,,,,,,,,,,,,PNC1,volIM,Bakool Region,13373.999988555908,,,1939.0,5.0,3338.0,
,,,,,,,,,,,,,,,,,,,,,,2019.0,,Somalia,somalia_surveys_province,,,,,,,,,,,,,,,,,,,,,,,,,,,,,,,,,,,,,,,,,,,,,,,,,,,,,,,,,,,,PNC1,volIM,Bakool Region,20887.00001525879,,,1939.0,5.0,3338.0,
,,,,,,,,,,,,,,,,,,,,,,2020.0,,Somalia,somalia_surveys_province,,,,,,,,,,,,,,,,,,,,,,,,,,,,,,,,,,,,,,,,,,,,,,,,,,,,,,,,,,,,PNC1,volIM,Bakool Region,22964.66667985916,,,1939.0,5.0,3338.0,
,,,,,,,,,,,,,,,,,,,,,,2021.0,,Somalia,somalia_surveys_province,,,,,,,,,,,,,,,,,,,,,,,,,,,,,,,,,,,,,,,,,,,,,,,,,,,,,,,,,,,,PNC1,volIM,Bakool Region,18045.333359718323,,,1939.0,5.0,3338.0,
,,,,,,,,,,,,,,,,,,,,,,2022.0,,Somalia,somalia_surveys_province,,,,,,,,,,,,,,,,,,,,,,,,,,,,,,,,,,,,,,,,,,,,,,,,,,,,,,,,,,,,PNC1,volIM,Bakool Region,16058.166680335999,,,1939.0,5.0,3338.0,
,,,,,,,,,,,,,,,,,,,,,,2023.0,,Somalia,somalia_surveys_province,,,,,,,,,,,,,,,,,,,,,,,,,,,,,,,,,,,,,,,,,,,,,,,,,,,,,,,,,,,,PNC1,volIM,Bakool Region,15313.000030517578,,,1939.0,5.0,3338.0,
,,,,,,,,,,,,,,,,,,,,,,2018.0,,Somalia,somalia_surveys_province,,,,,,,,,,,,,,,,,,,,,,,,,,,,,,,,,,,,,,,,,,,,,,,,,,,,,,,,,,,,Penta 1,volIM,Bakool Region,7025.5000076293945,anc1,,3090.2998,5.0,3339.0,
,,,,,,,,,,,,,,,,,,,,,,2018.0,,Somalia,somalia_surveys_province,,,,,,,,,,,,,,,,,,,,,,,,,,,,,,,,,,,,,,,,,,,,,,,,,,,,,,,,,,,,Penta 1,cov,Bakool Region,35.339717864990234,anc1,,3.433487,5.0,3339.0,
,,,,,,,,,,,,,,,,,,,,,,2019.0,,Somalia,somalia_surveys_province,,,,,,,,,,,,,,,,,,,,,,,,,,,,,,,,,,,,,,,,,,,,,,,,,,,,,,,,,,,,Penta 1,volIM,Bakool Region,9548.0,anc1,,3090.2998,5.0,3339.0,
,,,,,,,,,,,,,,,,,,,,,,2019.0,,Somalia,somalia_surveys_province,,,,,,,,,,,,,,,,,,,,,,,,,,,,,,,,,,,,,,,,,,,,,,,,,,,,,,,,,,,,Penta 1,cov,Bakool Region,37.27244186401367,anc1,,3.433487,5.0,3339.0,
,,,,,,,,,,,,,,,,,,,,,,2020.0,,Somalia,somalia_surveys_province,,,,,,,,,,,,,,,,,,,,,,,,,,,,,,,,,,,,,,,,,,,,,,,,,,,,,,,,,,,,Penta 1,volIM,Bakool Region,7663.000001907349,anc1,,3090.2998,5.0,3339.0,
,,,,,,,,,,,,,,,,,,,,,,2020.0,,Somalia,somalia_surveys_province,,,,,,,,,,,,,,,,,,,,,,,,,,,,,,,,,,,,,,,,,,,,,,,,,,,,,,,,,,,,Penta 1,cov,Bakool Region,26.839662551879883,anc1,,3.433487,5.0,3339.0,
,,,,,,,,,,,,,,,,,,,,,,2021.0,,Somalia,somalia_surveys_province,,,,,,,,,,,,,,,,,,,,,,,,,,,,,,,,,,,,,,,,,,,,,,,,,,,,,,,,,,,,Penta 1,volIM,Bakool Region,9238.000007629395,anc1,,3090.2998,5.0,3339.0,
,,,,,,,,,,,,,,,,,,,,,,2021.0,,Somalia,somalia_surveys_province,,,,,,,,,,,,,,,,,,,,,,,,,,,,,,,,,,,,,,,,,,,,,,,,,,,,,,,,,,,,Penta 1,cov,Bakool Region,36.76744079589844,anc1,,3.433487,5.0,3339.0,
,,,,,,,,,,,,,,,,,,,,,,2022.0,,Somalia,somalia_surveys_province,,,,,,,,,,,,,,,,,,,,,,,,,,,,,,,,,,,,,,,,,,,,,,,,,,,,,,,,,,,,Penta 1,volIM,Bakool Region,13922.33332824707,anc1,,3090.2998,5.0,3339.0,
,,,,,,,,,,,,,,,,,,,,,,2022.0,,Somalia,somalia_surveys_province,,,,,,,,,,,,,,,,,,,,,,,,,,,,,,,,,,,,,,,,,,,,,,,,,,,,,,,,,,,,Penta 1,cov,Bakool Region,50.60002899169922,anc1,,3.433487,5.0,3339.0,
,,,,,,,,,,,,,,,,,,,,,,2023.0,,Somalia,somalia_surveys_province,,,,,,,,,,,,,,,,,,,,,,,,,,,,,,,,,,,,,,,,,,,,,,,,,,,,,,,,,,,,Penta 1,volIM,Bakool Region,10115.800033569336,anc1,,3090.2998,5.0,3339.0,
,,,,,,,,,,,,,,,,,,,,,,2023.0,,Somalia,somalia_surveys_province,,,,,,,,,,,,,,,,,,,,,,,,,,,,,,,,,,,,,,,,,,,,,,,,,,,,,,,,,,,,Penta 1,cov,Bakool Region,38.7732048034668,anc1,,3.433487,5.0,3339.0,
,,,,,,,,,,,,,,,,,,,,,,2018.0,,Somalia,somalia_surveys_province,,,,,,,,,,,,,,,,,,,,,,,,,,,,,,,,,,,,,,,,,,,,,,,,,,,,,,,,,,,,Penta 3,volIM,Bakool Region,5853.999996185303,anc1,,1830.1997,5.0,3340.0,
,,,,,,,,,,,,,,,,,,,,,,2018.0,,Somalia,somalia_surveys_province,,,,,,,,,,,,,,,,,,,,,,,,,,,,,,,,,,,,,,,,,,,,,,,,,,,,,,,,,,,,Penta 3,cov,Bakool Region,29.44683074951172,anc1,,0.00620842,5.0,3340.0,
,,,,,,,,,,,,,,,,,,,,,,2019.0,,Somalia,somalia_surveys_province,,,,,,,,,,,,,,,,,,,,,,,,,,,,,,,,,,,,,,,,,,,,,,,,,,,,,,,,,,,,Penta 3,volIM,Bakool Region,6553.999973297119,anc1,,1830.1997,5.0,3340.0,
,,,,,,,,,,,,,,,,,,,,,,2019.0,,Somalia,somalia_surveys_province,,,,,,,,,,,,,,,,,,,,,,,,,,,,,,,,,,,,,,,,,,,,,,,,,,,,,,,,,,,,Penta 3,cov,Bakool Region,25.58479118347168,anc1,,0.00620842,5.0,3340.0,
,,,,,,,,,,,,,,,,,,,,,,2020.0,,Somalia,somalia_surveys_province,,,,,,,,,,,,,,,,,,,,,,,,,,,,,,,,,,,,,,,,,,,,,,,,,,,,,,,,,,,,Penta 3,cov,Bakool Region,24.232635498046875,anc1,,0.00620842,5.0,3340.0,
,,,,,,,,,,,,,,,,,,,,,,2020.0,,Somalia,somalia_surveys_province,,,,,,,,,,,,,,,,,,,,,,,,,,,,,,,,,,,,,,,,,,,,,,,,,,,,,,,,,,,,Penta 3,volIM,Bakool Region,6918.666663169861,anc1,,1830.1997,5.0,3340.0,
,,,,,,,,,,,,,,,,,,,,,,2021.0,,Somalia,somalia_surveys_province,,,,,,,,,,,,,,,,,,,,,,,,,,,,,,,,,,,,,,,,,,,,,,,,,,,,,,,,,,,,Penta 3,volIM,Bakool Region,6840.499994277954,anc1,,1830.1997,5.0,3340.0,
,,,,,,,,,,,,,,,,,,,,,,2021.0,,Somalia,somalia_surveys_province,,,,,,,,,,,,,,,,,,,,,,,,,,,,,,,,,,,,,,,,,,,,,,,,,,,,,,,,,,,,Penta 3,cov,Bakool Region,27.225339889526367,anc1,,0.00620842,5.0,3340.0,
,,,,,,,,,,,,,,,,,,,,,,2022.0,,Somalia,somalia_surveys_province,,,,,,,,,,,,,,,,,,,,,,,,,,,,,,,,,,,,,,,,,,,,,,,,,,,,,,,,,,,,Penta 3,volIM,Bakool Region,10893.483367919922,anc1,,1830.1997,5.0,3340.0,
,,,,,,,,,,,,,,,,,,,,,,2022.0,,Somalia,somalia_surveys_province,,,,,,,,,,,,,,,,,,,,,,,,,,,,,,,,,,,,,,,,,,,,,,,,,,,,,,,,,,,,Penta 3,cov,Bakool Region,39.59182357788086,anc1,,0.00620842,5.0,3340.0,
,,,,,,,,,,,,,,,,,,,,,,2023.0,,Somalia,somalia_surveys_province,,,,,,,,,,,,,,,,,,,,,,,,,,,,,,,,,,,,,,,,,,,,,,,,,,,,,,,,,,,,Penta 3,volIM,Bakool Region,7684.199913024902,anc1,,1830.1997,5.0,3340.0,
,,,,,,,,,,,,,,,,,,,,,,2023.0,,Somalia,somalia_surveys_province,,,,,,,,,,,,,,,,,,,,,,,,,,,,,,,,,,,,,,,,,,,,,,,,,,,,,,,,,,,,Penta 3,cov,Bakool Region,29.453039169311523,anc1,,0.00620842,5.0,3340.0,
,,,,,,,,,,,,,,,,,,,,,,2018.0,,Somalia,somalia_surveys_province,,,,,,,,,,,,,,,,,,,,,,,,,,,,,,,,,,,,,,,,,,,,,,,,,,,,,,,,,,,,ANC1,cov,Bari,66.37020111083984,delivery,,-6.3459053,5.0,3341.0,
,,,,,,,,,,,,,,,,,,,,,,2018.0,,Somalia,somalia_surveys_province,,,,,,,,,,,,,,,,,,,,,,,,,,,,,,,,,,,,,,,,,,,,,,,,,,,,,,,,,,,,ANC1,volIM,Bari,8676.999975204468,delivery,,4339.167,5.0,3341.0,
,,,,,,,,,,,,,,,,,,,,,,2019.0,,Somalia,somalia_surveys_province,,,,,,,,,,,,,,,,,,,,,,,,,,,,,,,,,,,,,,,,,,,,,,,,,,,,,,,,,,,,ANC1,volIM,Bari,9282.400020599365,delivery,,4339.167,5.0,3341.0,
,,,,,,,,,,,,,,,,,,,,,,2019.0,,Somalia,somalia_surveys_province,,,,,,,,,,,,,,,,,,,,,,,,,,,,,,,,,,,,,,,,,,,,,,,,,,,,,,,,,,,,ANC1,cov,Bari,67.5246353149414,delivery,,-6.3459053,5.0,3341.0,
,,,,,,,,,,,,,,,,,,,,,,2020.0,,Somalia,somalia_surveys_province,,,,,,,,,,,,,,,,,,,,,,,,,,,,,,,,,,,,,,,,,,,,,,,,,,,,,,,,,,,,ANC1,volIM,Bari,11320.500034332275,delivery,,4339.167,5.0,3341.0,
,,,,,,,,,,,,,,,,,,,,,,2020.0,,Somalia,somalia_surveys_province,,,,,,,,,,,,,,,,,,,,,,,,,,,,,,,,,,,,,,,,,,,,,,,,,,,,,,,,,,,,ANC1,cov,Bari,59.29203796386719,delivery,,-6.3459053,5.0,3341.0,
,,,,,,,,,,,,,,,,,,,,,,2021.0,,Somalia,somalia_surveys_province,,,,,,,,,,,,,,,,,,,,,,,,,,,,,,,,,,,,,,,,,,,,,,,,,,,,,,,,,,,,ANC1,cov,Bari,53.7315788269043,delivery,,-6.3459053,5.0,3341.0,
,,,,,,,,,,,,,,,,,,,,,,2021.0,,Somalia,somalia_surveys_province,,,,,,,,,,,,,,,,,,,,,,,,,,,,,,,,,,,,,,,,,,,,,,,,,,,,,,,,,,,,ANC1,volIM,Bari,12290.999965667725,delivery,,4339.167,5.0,3341.0,
,,,,,,,,,,,,,,,,,,,,,,2022.0,,Somalia,somalia_surveys_province,,,,,,,,,,,,,,,,,,,,,,,,,,,,,,,,,,,,,,,,,,,,,,,,,,,,,,,,,,,,ANC1,volIM,Bari,17230.99994277954,delivery,,4339.167,5.0,3341.0,
,,,,,,,,,,,,,,,,,,,,,,2022.0,,Somalia,somalia_surveys_province,,,,,,,,,,,,,,,,,,,,,,,,,,,,,,,,,,,,,,,,,,,,,,,,,,,,,,,,,,,,ANC1,cov,Bari,51.80592346191406,delivery,,-6.3459053,5.0,3341.0,
,,,,,,,,,,,,,,,,,,,,,,2023.0,,Somalia,somalia_surveys_province,,,,,,,,,,,,,,,,,,,,,,,,,,,,,,,,,,,,,,,,,,,,,,,,,,,,,,,,,,,,ANC1,cov,Bari,60.024295806884766,delivery,,-6.3459053,5.0,3341.0,
,,,,,,,,,,,,,,,,,,,,,,2023.0,,Somalia,somalia_surveys_province,,,,,,,,,,,,,,,,,,,,,,,,,,,,,,,,,,,,,,,,,,,,,,,,,,,,,,,,,,,,ANC1,volIM,Bari,13016.16665649414,delivery,,4339.167,5.0,3341.0,
,,,,,,,,,,,,,,,,,,,,,,2018.0,,Somalia,somalia_surveys_province,,,,,,,,,,,,,,,,,,,,,,,,,,,,,,,,,,,,,,,,,,,,,,,,,,,,,,,,,,,,ANC4,volIM,Bari,2945.999999523163,delivery,,4336.0,5.0,3342.0,
,,,,,,,,,,,,,,,,,,,,,,2018.0,,Somalia,somalia_surveys_province,,,,,,,,,,,,,,,,,,,,,,,,,,,,,,,,,,,,,,,,,,,,,,,,,,,,,,,,,,,,ANC4,cov,Bari,22.533897399902344,delivery,,11.04718,5.0,3342.0,
,,,,,,,,,,,,,,,,,,,,,,2019.0,,Somalia,somalia_surveys_province,,,,,,,,,,,,,,,,,,,,,,,,,,,,,,,,,,,,,,,,,,,,,,,,,,,,,,,,,,,,ANC4,volIM,Bari,4527.0,delivery,,4336.0,5.0,3342.0,
,,,,,,,,,,,,,,,,,,,,,,2019.0,,Somalia,somalia_surveys_province,,,,,,,,,,,,,,,,,,,,,,,,,,,,,,,,,,,,,,,,,,,,,,,,,,,,,,,,,,,,ANC4,cov,Bari,32.93157196044922,delivery,,11.04718,5.0,3342.0,
,,,,,,,,,,,,,,,,,,,,,,2020.0,,Somalia,somalia_surveys_province,,,,,,,,,,,,,,,,,,,,,,,,,,,,,,,,,,,,,,,,,,,,,,,,,,,,,,,,,,,,ANC4,cov,Bari,33.22197723388672,delivery,,11.04718,5.0,3342.0,
,,,,,,,,,,,,,,,,,,,,,,2020.0,,Somalia,somalia_surveys_province,,,,,,,,,,,,,,,,,,,,,,,,,,,,,,,,,,,,,,,,,,,,,,,,,,,,,,,,,,,,ANC4,volIM,Bari,6343.000016212463,delivery,,4336.0,5.0,3342.0,
,,,,,,,,,,,,,,,,,,,,,,2021.0,,Somalia,somalia_surveys_province,,,,,,,,,,,,,,,,,,,,,,,,,,,,,,,,,,,,,,,,,,,,,,,,,,,,,,,,,,,,ANC4,volIM,Bari,7773.9999833106995,delivery,,4336.0,5.0,3342.0,
,,,,,,,,,,,,,,,,,,,,,,2021.0,,Somalia,somalia_surveys_province,,,,,,,,,,,,,,,,,,,,,,,,,,,,,,,,,,,,,,,,,,,,,,,,,,,,,,,,,,,,ANC4,cov,Bari,33.9849739074707,delivery,,11.04718,5.0,3342.0,
,,,,,,,,,,,,,,,,,,,,,,2022.0,,Somalia,somalia_surveys_province,,,,,,,,,,,,,,,,,,,,,,,,,,,,,,,,,,,,,,,,,,,,,,,,,,,,,,,,,,,,ANC4,volIM,Bari,9724.200031757355,delivery,,4336.0,5.0,3342.0,
,,,,,,,,,,,,,,,,,,,,,,2022.0,,Somalia,somalia_surveys_province,,,,,,,,,,,,,,,,,,,,,,,,,,,,,,,,,,,,,,,,,,,,,,,,,,,,,,,,,,,,ANC4,cov,Bari,29.236328125,delivery,,11.04718,5.0,3342.0,
,,,,,,,,,,,,,,,,,,,,,,2023.0,,Somalia,somalia_surveys_province,,,,,,,,,,,,,,,,,,,,,,,,,,,,,,,,,,,,,,,,,,,,,,,,,,,,,,,,,,,,ANC4,volIM,Bari,7282.000019073486,delivery,,4336.0,5.0,3342.0,
,,,,,,,,,,,,,,,,,,,,,,2023.0,,Somalia,somalia_surveys_province,,,,,,,,,,,,,,,,,,,,,,,,,,,,,,,,,,,,,,,,,,,,,,,,,,,,,,,,,,,,ANC4,cov,Bari,33.581077575683594,delivery,,11.04718,5.0,3342.0,
,,,,,,,,,,,,,,,,,,,,,,2018.0,,Somalia,somalia_surveys_province,,,,,,,,,,,,,,,,,,,,,,,,,,,,,,,,,,,,,,,,,,,,,,,,,,,,,,,,,,,,BCG,volIM,Bari,12698.499990463257,anc1,,1483.5,5.0,3343.0,
,,,,,,,,,,,,,,,,,,,,,,2018.0,,Somalia,somalia_surveys_province,,,,,,,,,,,,,,,,,,,,,,,,,,,,,,,,,,,,,,,,,,,,,,,,,,,,,,,,,,,,BCG,cov,Bari,106.17371368408203,anc1,,-27.126137,5.0,3343.0,
,,,,,,,,,,,,,,,,,,,,,,2019.0,,Somalia,somalia_surveys_province,,,,,,,,,,,,,,,,,,,,,,,,,,,,,,,,,,,,,,,,,,,,,,,,,,,,,,,,,,,,BCG,cov,Bari,101.51953125,anc1,,-27.126137,5.0,3343.0,
,,,,,,,,,,,,,,,,,,,,,,2019.0,,Somalia,somalia_surveys_province,,,,,,,,,,,,,,,,,,,,,,,,,,,,,,,,,,,,,,,,,,,,,,,,,,,,,,,,,,,,BCG,volIM,Bari,12989.000000953674,anc1,,1483.5,5.0,3343.0,
,,,,,,,,,,,,,,,,,,,,,,2020.0,,Somalia,somalia_surveys_province,,,,,,,,,,,,,,,,,,,,,,,,,,,,,,,,,,,,,,,,,,,,,,,,,,,,,,,,,,,,BCG,volIM,Bari,15135.00002193451,anc1,,1483.5,5.0,3343.0,
,,,,,,,,,,,,,,,,,,,,,,2020.0,,Somalia,somalia_surveys_province,,,,,,,,,,,,,,,,,,,,,,,,,,,,,,,,,,,,,,,,,,,,,,,,,,,,,,,,,,,,BCG,cov,Bari,96.99536895751953,anc1,,-27.126137,5.0,3343.0,
,,,,,,,,,,,,,,,,,,,,,,2021.0,,Somalia,somalia_surveys_province,,,,,,,,,,,,,,,,,,,,,,,,,,,,,,,,,,,,,,,,,,,,,,,,,,,,,,,,,,,,BCG,volIM,Bari,19389.99999809265,anc1,,1483.5,5.0,3343.0,
,,,,,,,,,,,,,,,,,,,,,,2021.0,,Somalia,somalia_surveys_province,,,,,,,,,,,,,,,,,,,,,,,,,,,,,,,,,,,,,,,,,,,,,,,,,,,,,,,,,,,,BCG,cov,Bari,114.4523696899414,anc1,,-27.126137,5.0,3343.0,
,,,,,,,,,,,,,,,,,,,,,,2022.0,,Somalia,somalia_surveys_province,,,,,,,,,,,,,,,,,,,,,,,,,,,,,,,,,,,,,,,,,,,,,,,,,,,,,,,,,,,,BCG,volIM,Bari,24747.499906539917,anc1,,1483.5,5.0,3343.0,
,,,,,,,,,,,,,,,,,,,,,,2022.0,,Somalia,somalia_surveys_province,,,,,,,,,,,,,,,,,,,,,,,,,,,,,,,,,,,,,,,,,,,,,,,,,,,,,,,,,,,,BCG,cov,Bari,104.19696044921875,anc1,,-27.126137,5.0,3343.0,
,,,,,,,,,,,,,,,,,,,,,,2023.0,,Somalia,somalia_surveys_province,,,,,,,,,,,,,,,,,,,,,,,,,,,,,,,,,,,,,,,,,,,,,,,,,,,,,,,,,,,,BCG,volIM,Bari,14182.000057220459,anc1,,1483.5,5.0,3343.0,
,,,,,,,,,,,,,,,,,,,,,,2023.0,,Somalia,somalia_surveys_province,,,,,,,,,,,,,,,,,,,,,,,,,,,,,,,,,,,,,,,,,,,,,,,,,,,,,,,,,,,,BCG,cov,Bari,79.04757690429688,anc1,,-27.126137,5.0,3343.0,
,,,,,,,,,,,,,,,,,,,,,,2018.0,,Somalia,somalia_surveys_province,,,,,,,,,,,,,,,,,,,,,,,,,,,,,,,,,,,,,,,,,,,,,,,,,,,,,,,,,,,,Institutional Delivery,volIM,Bari,8876.999994277954,anc1,,5847.0,5.0,3344.0,
,,,,,,,,,,,,,,,,,,,,,,2018.0,,Somalia,somalia_surveys_province,,,,,,,,,,,,,,,,,,,,,,,,,,,,,,,,,,,,,,,,,,,,,,,,,,,,,,,,,,,,Institutional Delivery,cov,Bari,74.22168731689453,anc1,,7.8468857,5.0,3344.0,
,,,,,,,,,,,,,,,,,,,,,,2019.0,,Somalia,somalia_surveys_province,,,,,,,,,,,,,,,,,,,,,,,,,,,,,,,,,,,,,,,,,,,,,,,,,,,,,,,,,,,,Institutional Delivery,cov,Bari,72.95275115966797,anc1,,7.8468857,5.0,3344.0,
,,,,,,,,,,,,,,,,,,,,,,2019.0,,Somalia,somalia_surveys_province,,,,,,,,,,,,,,,,,,,,,,,,,,,,,,,,,,,,,,,,,,,,,,,,,,,,,,,,,,,,Institutional Delivery,volIM,Bari,9333.999982833862,anc1,,5847.0,5.0,3344.0,
,,,,,,,,,,,,,,,,,,,,,,2020.0,,Somalia,somalia_surveys_province,,,,,,,,,,,,,,,,,,,,,,,,,,,,,,,,,,,,,,,,,,,,,,,,,,,,,,,,,,,,Institutional Delivery,volIM,Bari,12964.000005722046,anc1,,5847.0,5.0,3344.0,
,,,,,,,,,,,,,,,,,,,,,,2020.0,,Somalia,somalia_surveys_province,,,,,,,,,,,,,,,,,,,,,,,,,,,,,,,,,,,,,,,,,,,,,,,,,,,,,,,,,,,,Institutional Delivery,cov,Bari,83.08212280273438,anc1,,7.8468857,5.0,3344.0,
,,,,,,,,,,,,,,,,,,,,,,2021.0,,Somalia,somalia_surveys_province,,,,,,,,,,,,,,,,,,,,,,,,,,,,,,,,,,,,,,,,,,,,,,,,,,,,,,,,,,,,Institutional Delivery,cov,Bari,91.67994689941406,anc1,,7.8468857,5.0,3344.0,
,,,,,,,,,,,,,,,,,,,,,,2021.0,,Somalia,somalia_surveys_province,,,,,,,,,,,,,,,,,,,,,,,,,,,,,,,,,,,,,,,,,,,,,,,,,,,,,,,,,,,,Institutional Delivery,volIM,Bari,15531.999982833862,anc1,,5847.0,5.0,3344.0,
,,,,,,,,,,,,,,,,,,,,,,2022.0,,Somalia,somalia_surveys_province,,,,,,,,,,,,,,,,,,,,,,,,,,,,,,,,,,,,,,,,,,,,,,,,,,,,,,,,,,,,Institutional Delivery,volIM,Bari,22583.99994659424,anc1,,5847.0,5.0,3344.0,
,,,,,,,,,,,,,,,,,,,,,,2022.0,,Somalia,somalia_surveys_province,,,,,,,,,,,,,,,,,,,,,,,,,,,,,,,,,,,,,,,,,,,,,,,,,,,,,,,,,,,,Institutional Delivery,cov,Bari,95.08775329589844,anc1,,7.8468857,5.0,3344.0,
,,,,,,,,,,,,,,,,,,,,,,2023.0,,Somalia,somalia_surveys_province,,,,,,,,,,,,,,,,,,,,,,,,,,,,,,,,,,,,,,,,,,,,,,,,,,,,,,,,,,,,Institutional Delivery,volIM,Bari,14723.999992370605,anc1,,5847.0,5.0,3344.0,
,,,,,,,,,,,,,,,,,,,,,,2023.0,,Somalia,somalia_surveys_province,,,,,,,,,,,,,,,,,,,,,,,,,,,,,,,,,,,,,,,,,,,,,,,,,,,,,,,,,,,,Institutional Delivery,cov,Bari,82.06857299804688,anc1,,7.8468857,5.0,3344.0,
,,,,,,,,,,,,,,,,,,,,,,2018.0,,Somalia,somalia_surveys_province,,,,,,,,,,,,,,,,,,,,,,,,,,,,,,,,,,,,,,,,,,,,,,,,,,,,,,,,,,,,OPD,volIM,Bari,149815.5,,,32457.5,5.0,3345.0,
,,,,,,,,,,,,,,,,,,,,,,2019.0,,Somalia,somalia_surveys_province,,,,,,,,,,,,,,,,,,,,,,,,,,,,,,,,,,,,,,,,,,,,,,,,,,,,,,,,,,,,OPD,volIM,Bari,159073.00006103516,,,32457.5,5.0,3345.0,
,,,,,,,,,,,,,,,,,,,,,,2020.0,,Somalia,somalia_surveys_province,,,,,,,,,,,,,,,,,,,,,,,,,,,,,,,,,,,,,,,,,,,,,,,,,,,,,,,,,,,,OPD,volIM,Bari,220457.9998474121,,,32457.5,5.0,3345.0,
,,,,,,,,,,,,,,,,,,,,,,2021.0,,Somalia,somalia_surveys_province,,,,,,,,,,,,,,,,,,,,,,,,,,,,,,,,,,,,,,,,,,,,,,,,,,,,,,,,,,,,OPD,volIM,Bari,224595.99969482422,,,32457.5,5.0,3345.0,
,,,,,,,,,,,,,,,,,,,,,,2022.0,,Somalia,somalia_surveys_province,,,,,,,,,,,,,,,,,,,,,,,,,,,,,,,,,,,,,,,,,,,,,,,,,,,,,,,,,,,,OPD,volIM,Bari,283539.9993286133,,,32457.5,5.0,3345.0,
,,,,,,,,,,,,,,,,,,,,,,2023.0,,Somalia,somalia_surveys_province,,,,,,,,,,,,,,,,,,,,,,,,,,,,,,,,,,,,,,,,,,,,,,,,,,,,,,,,,,,,OPD,volIM,Bari,182273.0004272461,,,32457.5,5.0,3345.0,
,,,,,,,,,,,,,,,,,,,,,,2018.0,,Somalia,somalia_surveys_province,,,,,,,,,,,,,,,,,,,,,,,,,,,,,,,,,,,,,,,,,,,,,,,,,,,,,,,,,,,,PNC1,volIM,Bari,3841.999990463257,,,12815.834,5.0,3346.0,
,,,,,,,,,,,,,,,,,,,,,,2019.0,,Somalia,somalia_surveys_province,,,,,,,,,,,,,,,,,,,,,,,,,,,,,,,,,,,,,,,,,,,,,,,,,,,,,,,,,,,,PNC1,volIM,Bari,4719.000006198883,,,12815.834,5.0,3346.0,
,,,,,,,,,,,,,,,,,,,,,,2020.0,,Somalia,somalia_surveys_province,,,,,,,,,,,,,,,,,,,,,,,,,,,,,,,,,,,,,,,,,,,,,,,,,,,,,,,,,,,,PNC1,volIM,Bari,7117.000008583069,,,12815.834,5.0,3346.0,
,,,,,,,,,,,,,,,,,,,,,,2021.0,,Somalia,somalia_surveys_province,,,,,,,,,,,,,,,,,,,,,,,,,,,,,,,,,,,,,,,,,,,,,,,,,,,,,,,,,,,,PNC1,volIM,Bari,11795.999980926514,,,12815.834,5.0,3346.0,
,,,,,,,,,,,,,,,,,,,,,,2022.0,,Somalia,somalia_surveys_province,,,,,,,,,,,,,,,,,,,,,,,,,,,,,,,,,,,,,,,,,,,,,,,,,,,,,,,,,,,,PNC1,volIM,Bari,24359.333351135254,,,12815.834,5.0,3346.0,
,,,,,,,,,,,,,,,,,,,,,,2023.0,,Somalia,somalia_surveys_province,,,,,,,,,,,,,,,,,,,,,,,,,,,,,,,,,,,,,,,,,,,,,,,,,,,,,,,,,,,,PNC1,volIM,Bari,16657.83334350586,,,12815.834,5.0,3346.0,
,,,,,,,,,,,,,,,,,,,,,,2018.0,,Somalia,somalia_surveys_province,,,,,,,,,,,,,,,,,,,,,,,,,,,,,,,,,,,,,,,,,,,,,,,,,,,,,,,,,,,,Penta 1,cov,Bari,133.6121368408203,delivery,,-64.22107,5.0,3347.0,
,,,,,,,,,,,,,,,,,,,,,,2018.0,,Somalia,somalia_surveys_province,,,,,,,,,,,,,,,,,,,,,,,,,,,,,,,,,,,,,,,,,,,,,,,,,,,,,,,,,,,,Penta 1,volIM,Bari,16348.500015258789,delivery,,-2265.5,5.0,3347.0,
,,,,,,,,,,,,,,,,,,,,,,2019.0,,Somalia,somalia_surveys_province,,,,,,,,,,,,,,,,,,,,,,,,,,,,,,,,,,,,,,,,,,,,,,,,,,,,,,,,,,,,Penta 1,volIM,Bari,14890.500015258789,delivery,,-2265.5,5.0,3347.0,
,,,,,,,,,,,,,,,,,,,,,,2019.0,,Somalia,somalia_surveys_province,,,,,,,,,,,,,,,,,,,,,,,,,,,,,,,,,,,,,,,,,,,,,,,,,,,,,,,,,,,,Penta 1,cov,Bari,115.7379150390625,delivery,,-64.22107,5.0,3347.0,
,,,,,,,,,,,,,,,,,,,,,,2020.0,,Somalia,somalia_surveys_province,,,,,,,,,,,,,,,,,,,,,,,,,,,,,,,,,,,,,,,,,,,,,,,,,,,,,,,,,,,,Penta 1,cov,Bari,83.07035827636719,delivery,,-64.22107,5.0,3347.0,
,,,,,,,,,,,,,,,,,,,,,,2020.0,,Somalia,somalia_surveys_province,,,,,,,,,,,,,,,,,,,,,,,,,,,,,,,,,,,,,,,,,,,,,,,,,,,,,,,,,,,,Penta 1,volIM,Bari,14843.999961853027,delivery,,-2265.5,5.0,3347.0,
,,,,,,,,,,,,,,,,,,,,,,2021.0,,Somalia,somalia_surveys_province,,,,,,,,,,,,,,,,,,,,,,,,,,,,,,,,,,,,,,,,,,,,,,,,,,,,,,,,,,,,Penta 1,volIM,Bari,19756.833297729492,delivery,,-2265.5,5.0,3347.0,
,,,,,,,,,,,,,,,,,,,,,,2021.0,,Somalia,somalia_surveys_province,,,,,,,,,,,,,,,,,,,,,,,,,,,,,,,,,,,,,,,,,,,,,,,,,,,,,,,,,,,,Penta 1,cov,Bari,92.28351593017578,delivery,,-64.22107,5.0,3347.0,
,,,,,,,,,,,,,,,,,,,,,,2022.0,,Somalia,somalia_surveys_province,,,,,,,,,,,,,,,,,,,,,,,,,,,,,,,,,,,,,,,,,,,,,,,,,,,,,,,,,,,,Penta 1,cov,Bari,76.689208984375,delivery,,-64.22107,5.0,3347.0,
,,,,,,,,,,,,,,,,,,,,,,2022.0,,Somalia,somalia_surveys_province,,,,,,,,,,,,,,,,,,,,,,,,,,,,,,,,,,,,,,,,,,,,,,,,,,,,,,,,,,,,Penta 1,volIM,Bari,23872.666635513306,delivery,,-2265.5,5.0,3347.0,
,,,,,,,,,,,,,,,,,,,,,,2023.0,,Somalia,somalia_surveys_province,,,,,,,,,,,,,,,,,,,,,,,,,,,,,,,,,,,,,,,,,,,,,,,,,,,,,,,,,,,,Penta 1,cov,Bari,69.39106750488281,delivery,,-64.22107,5.0,3347.0,
,,,,,,,,,,,,,,,,,,,,,,2023.0,,Somalia,somalia_surveys_province,,,,,,,,,,,,,,,,,,,,,,,,,,,,,,,,,,,,,,,,,,,,,,,,,,,,,,,,,,,,Penta 1,volIM,Bari,14083.000042915344,delivery,,-2265.5,5.0,3347.0,
,,,,,,,,,,,,,,,,,,,,,,2018.0,,Somalia,somalia_surveys_province,,,,,,,,,,,,,,,,,,,,,,,,,,,,,,,,,,,,,,,,,,,,,,,,,,,,,,,,,,,,Penta 3,cov,Bari,128.70440673828125,delivery,,-62.614624,5.0,3348.0,
,,,,,,,,,,,,,,,,,,,,,,2018.0,,Somalia,somalia_surveys_province,,,,,,,,,,,,,,,,,,,,,,,,,,,,,,,,,,,,,,,,,,,,,,,,,,,,,,,,,,,,Penta 3,volIM,Bari,15748.000104904175,delivery,,-2335.0,5.0,3348.0,
,,,,,,,,,,,,,,,,,,,,,,2019.0,,Somalia,somalia_surveys_province,,,,,,,,,,,,,,,,,,,,,,,,,,,,,,,,,,,,,,,,,,,,,,,,,,,,,,,,,,,,Penta 3,volIM,Bari,13454.00002670288,delivery,,-2335.0,5.0,3348.0,
,,,,,,,,,,,,,,,,,,,,,,2019.0,,Somalia,somalia_surveys_province,,,,,,,,,,,,,,,,,,,,,,,,,,,,,,,,,,,,,,,,,,,,,,,,,,,,,,,,,,,,Penta 3,cov,Bari,104.57257080078125,delivery,,-62.614624,5.0,3348.0,
,,,,,,,,,,,,,,,,,,,,,,2020.0,,Somalia,somalia_surveys_province,,,,,,,,,,,,,,,,,,,,,,,,,,,,,,,,,,,,,,,,,,,,,,,,,,,,,,,,,,,,Penta 3,volIM,Bari,14051.000024795532,delivery,,-2335.0,5.0,3348.0,
,,,,,,,,,,,,,,,,,,,,,,2020.0,,Somalia,somalia_surveys_province,,,,,,,,,,,,,,,,,,,,,,,,,,,,,,,,,,,,,,,,,,,,,,,,,,,,,,,,,,,,Penta 3,cov,Bari,78.63255310058594,delivery,,-62.614624,5.0,3348.0,
,,,,,,,,,,,,,,,,,,,,,,2021.0,,Somalia,somalia_surveys_province,,,,,,,,,,,,,,,,,,,,,,,,,,,,,,,,,,,,,,,,,,,,,,,,,,,,,,,,,,,,Penta 3,cov,Bari,88.36534881591797,delivery,,-62.614624,5.0,3348.0,
,,,,,,,,,,,,,,,,,,,,,,2021.0,,Somalia,somalia_surveys_province,,,,,,,,,,,,,,,,,,,,,,,,,,,,,,,,,,,,,,,,,,,,,,,,,,,,,,,,,,,,Penta 3,volIM,Bari,18917.99998664856,delivery,,-2335.0,5.0,3348.0,
,,,,,,,,,,,,,,,,,,,,,,2022.0,,Somalia,somalia_surveys_province,,,,,,,,,,,,,,,,,,,,,,,,,,,,,,,,,,,,,,,,,,,,,,,,,,,,,,,,,,,,Penta 3,volIM,Bari,22597.199986457825,delivery,,-2335.0,5.0,3348.0,
,,,,,,,,,,,,,,,,,,,,,,2022.0,,Somalia,somalia_surveys_province,,,,,,,,,,,,,,,,,,,,,,,,,,,,,,,,,,,,,,,,,,,,,,,,,,,,,,,,,,,,Penta 3,cov,Bari,72.59186553955078,delivery,,-62.614624,5.0,3348.0,
,,,,,,,,,,,,,,,,,,,,,,2023.0,,Somalia,somalia_surveys_province,,,,,,,,,,,,,,,,,,,,,,,,,,,,,,,,,,,,,,,,,,,,,,,,,,,,,,,,,,,,Penta 3,volIM,Bari,13412.999982833862,delivery,,-2335.0,5.0,3348.0,
,,,,,,,,,,,,,,,,,,,,,,2023.0,,Somalia,somalia_surveys_province,,,,,,,,,,,,,,,,,,,,,,,,,,,,,,,,,,,,,,,,,,,,,,,,,,,,,,,,,,,,Penta 3,cov,Bari,66.08978271484375,delivery,,-62.614624,5.0,3348.0,
,,,,,,,,,,,,,,,,,,,,,,2018.0,,Somalia,somalia_surveys_province,,,,,,,,,,,,,,,,,,,,,,,,,,,,,,,,,,,,,,,,,,,,,,,,,,,,,,,,,,,,ANC1,cov,Bari Region,145.39866638183594,delivery,,-31.684883,5.0,3349.0,
,,,,,,,,,,,,,,,,,,,,,,2018.0,,Somalia,somalia_surveys_province,,,,,,,,,,,,,,,,,,,,,,,,,,,,,,,,,,,,,,,,,,,,,,,,,,,,,,,,,,,,ANC1,volIM,Bari Region,19267.99994659424,delivery,,-6659.0,5.0,3349.0,
,,,,,,,,,,,,,,,,,,,,,,2019.0,,Somalia,somalia_surveys_province,,,,,,,,,,,,,,,,,,,,,,,,,,,,,,,,,,,,,,,,,,,,,,,,,,,,,,,,,,,,ANC1,cov,Bari Region,164.5907440185547,delivery,,-31.684883,5.0,3349.0,
,,,,,,,,,,,,,,,,,,,,,,2019.0,,Somalia,somalia_surveys_province,,,,,,,,,,,,,,,,,,,,,,,,,,,,,,,,,,,,,,,,,,,,,,,,,,,,,,,,,,,,ANC1,volIM,Bari Region,20584.7501373291,delivery,,-6659.0,5.0,3349.0,
,,,,,,,,,,,,,,,,,,,,,,2020.0,,Somalia,somalia_surveys_province,,,,,,,,,,,,,,,,,,,,,,,,,,,,,,,,,,,,,,,,,,,,,,,,,,,,,,,,,,,,ANC1,volIM,Bari Region,19160.000061035156,delivery,,-6659.0,5.0,3349.0,
,,,,,,,,,,,,,,,,,,,,,,2020.0,,Somalia,somalia_surveys_province,,,,,,,,,,,,,,,,,,,,,,,,,,,,,,,,,,,,,,,,,,,,,,,,,,,,,,,,,,,,ANC1,cov,Bari Region,151.18698120117188,delivery,,-31.684883,5.0,3349.0,
,,,,,,,,,,,,,,,,,,,,,,2021.0,,Somalia,somalia_surveys_province,,,,,,,,,,,,,,,,,,,,,,,,,,,,,,,,,,,,,,,,,,,,,,,,,,,,,,,,,,,,ANC1,cov,Bari Region,130.13601684570312,delivery,,-31.684883,5.0,3349.0,
,,,,,,,,,,,,,,,,,,,,,,2021.0,,Somalia,somalia_surveys_province,,,,,,,,,,,,,,,,,,,,,,,,,,,,,,,,,,,,,,,,,,,,,,,,,,,,,,,,,,,,ANC1,volIM,Bari Region,19161.999961853027,delivery,,-6659.0,5.0,3349.0,
,,,,,,,,,,,,,,,,,,,,,,2022.0,,Somalia,somalia_surveys_province,,,,,,,,,,,,,,,,,,,,,,,,,,,,,,,,,,,,,,,,,,,,,,,,,,,,,,,,,,,,ANC1,cov,Bari Region,114.68777465820312,delivery,,-31.684883,5.0,3349.0,
,,,,,,,,,,,,,,,,,,,,,,2022.0,,Somalia,somalia_surveys_province,,,,,,,,,,,,,,,,,,,,,,,,,,,,,,,,,,,,,,,,,,,,,,,,,,,,,,,,,,,,ANC1,volIM,Bari Region,20659.000049591064,delivery,,-6659.0,5.0,3349.0,
,,,,,,,,,,,,,,,,,,,,,,2023.0,,Somalia,somalia_surveys_province,,,,,,,,,,,,,,,,,,,,,,,,,,,,,,,,,,,,,,,,,,,,,,,,,,,,,,,,,,,,ANC1,volIM,Bari Region,12608.999965667725,delivery,,-6659.0,5.0,3349.0,
,,,,,,,,,,,,,,,,,,,,,,2023.0,,Somalia,somalia_surveys_province,,,,,,,,,,,,,,,,,,,,,,,,,,,,,,,,,,,,,,,,,,,,,,,,,,,,,,,,,,,,ANC1,cov,Bari Region,113.71378326416016,delivery,,-31.684883,5.0,3349.0,
,,,,,,,,,,,,,,,,,,,,,,2018.0,,Somalia,somalia_surveys_province,,,,,,,,,,,,,,,,,,,,,,,,,,,,,,,,,,,,,,,,,,,,,,,,,,,,,,,,,,,,ANC4,volIM,Bari Region,8787.000022888184,delivery,,-2231.0,5.0,3350.0,
,,,,,,,,,,,,,,,,,,,,,,2018.0,,Somalia,somalia_surveys_province,,,,,,,,,,,,,,,,,,,,,,,,,,,,,,,,,,,,,,,,,,,,,,,,,,,,,,,,,,,,ANC4,cov,Bari Region,66.30776977539062,delivery,,-7.1827316,5.0,3350.0,
,,,,,,,,,,,,,,,,,,,,,,2019.0,,Somalia,somalia_surveys_province,,,,,,,,,,,,,,,,,,,,,,,,,,,,,,,,,,,,,,,,,,,,,,,,,,,,,,,,,,,,ANC4,volIM,Bari Region,8192.99997806549,delivery,,-2231.0,5.0,3350.0,
,,,,,,,,,,,,,,,,,,,,,,2019.0,,Somalia,somalia_surveys_province,,,,,,,,,,,,,,,,,,,,,,,,,,,,,,,,,,,,,,,,,,,,,,,,,,,,,,,,,,,,ANC4,cov,Bari Region,65.50926971435547,delivery,,-7.1827316,5.0,3350.0,
,,,,,,,,,,,,,,,,,,,,,,2020.0,,Somalia,somalia_surveys_province,,,,,,,,,,,,,,,,,,,,,,,,,,,,,,,,,,,,,,,,,,,,,,,,,,,,,,,,,,,,ANC4,volIM,Bari Region,8920.666672706604,delivery,,-2231.0,5.0,3350.0,
,,,,,,,,,,,,,,,,,,,,,,2020.0,,Somalia,somalia_surveys_province,,,,,,,,,,,,,,,,,,,,,,,,,,,,,,,,,,,,,,,,,,,,,,,,,,,,,,,,,,,,ANC4,cov,Bari Region,70.3908462524414,delivery,,-7.1827316,5.0,3350.0,
,,,,,,,,,,,,,,,,,,,,,,2021.0,,Somalia,somalia_surveys_province,,,,,,,,,,,,,,,,,,,,,,,,,,,,,,,,,,,,,,,,,,,,,,,,,,,,,,,,,,,,ANC4,volIM,Bari Region,10690.44448852539,delivery,,-2231.0,5.0,3350.0,
,,,,,,,,,,,,,,,,,,,,,,2021.0,,Somalia,somalia_surveys_province,,,,,,,,,,,,,,,,,,,,,,,,,,,,,,,,,,,,,,,,,,,,,,,,,,,,,,,,,,,,ANC4,cov,Bari Region,72.6026382446289,delivery,,-7.1827316,5.0,3350.0,
,,,,,,,,,,,,,,,,,,,,,,2022.0,,Somalia,somalia_surveys_province,,,,,,,,,,,,,,,,,,,,,,,,,,,,,,,,,,,,,,,,,,,,,,,,,,,,,,,,,,,,ANC4,volIM,Bari Region,11980.999955177307,delivery,,-2231.0,5.0,3350.0,
,,,,,,,,,,,,,,,,,,,,,,2022.0,,Somalia,somalia_surveys_province,,,,,,,,,,,,,,,,,,,,,,,,,,,,,,,,,,,,,,,,,,,,,,,,,,,,,,,,,,,,ANC4,cov,Bari Region,66.51213836669922,delivery,,-7.1827316,5.0,3350.0,
,,,,,,,,,,,,,,,,,,,,,,2023.0,,Somalia,somalia_surveys_province,,,,,,,,,,,,,,,,,,,,,,,,,,,,,,,,,,,,,,,,,,,,,,,,,,,,,,,,,,,,ANC4,volIM,Bari Region,6556.000023365021,delivery,,-2231.0,5.0,3350.0,
,,,,,,,,,,,,,,,,,,,,,,2023.0,,Somalia,somalia_surveys_province,,,,,,,,,,,,,,,,,,,,,,,,,,,,,,,,,,,,,,,,,,,,,,,,,,,,,,,,,,,,ANC4,cov,Bari Region,59.125038146972656,delivery,,-7.1827316,5.0,3350.0,
,,,,,,,,,,,,,,,,,,,,,,2018.0,,Somalia,somalia_surveys_province,,,,,,,,,,,,,,,,,,,,,,,,,,,,,,,,,,,,,,,,,,,,,,,,,,,,,,,,,,,,BCG,cov,Bari Region,69.96984100341797,anc1,,10.163109,5.0,3351.0,
,,,,,,,,,,,,,,,,,,,,,,2018.0,,Somalia,somalia_surveys_province,,,,,,,,,,,,,,,,,,,,,,,,,,,,,,,,,,,,,,,,,,,,,,,,,,,,,,,,,,,,BCG,volIM,Bari Region,18582.892864227295,anc1,,-4655.8926,5.0,3351.0,
,,,,,,,,,,,,,,,,,,,,,,2019.0,,Somalia,somalia_surveys_province,,,,,,,,,,,,,,,,,,,,,,,,,,,,,,,,,,,,,,,,,,,,,,,,,,,,,,,,,,,,BCG,volIM,Bari Region,17958.000012397766,anc1,,-4655.8926,5.0,3351.0,
,,,,,,,,,,,,,,,,,,,,,,2019.0,,Somalia,somalia_surveys_province,,,,,,,,,,,,,,,,,,,,,,,,,,,,,,,,,,,,,,,,,,,,,,,,,,,,,,,,,,,,BCG,cov,Bari Region,63.29166793823242,anc1,,10.163109,5.0,3351.0,
,,,,,,,,,,,,,,,,,,,,,,2020.0,,Somalia,somalia_surveys_province,,,,,,,,,,,,,,,,,,,,,,,,,,,,,,,,,,,,,,,,,,,,,,,,,,,,,,,,,,,,BCG,volIM,Bari Region,19245.749990463257,anc1,,-4655.8926,5.0,3351.0,
,,,,,,,,,,,,,,,,,,,,,,2020.0,,Somalia,somalia_surveys_province,,,,,,,,,,,,,,,,,,,,,,,,,,,,,,,,,,,,,,,,,,,,,,,,,,,,,,,,,,,,BCG,cov,Bari Region,72.87415313720703,anc1,,10.163109,5.0,3351.0,
,,,,,,,,,,,,,,,,,,,,,,2021.0,,Somalia,somalia_surveys_province,,,,,,,,,,,,,,,,,,,,,,,,,,,,,,,,,,,,,,,,,,,,,,,,,,,,,,,,,,,,BCG,volIM,Bari Region,24962.222311019897,anc1,,-4655.8926,5.0,3351.0,
,,,,,,,,,,,,,,,,,,,,,,2021.0,,Somalia,somalia_surveys_province,,,,,,,,,,,,,,,,,,,,,,,,,,,,,,,,,,,,,,,,,,,,,,,,,,,,,,,,,,,,BCG,cov,Bari Region,94.5097427368164,anc1,,10.163109,5.0,3351.0,
,,,,,,,,,,,,,,,,,,,,,,2022.0,,Somalia,somalia_surveys_province,,,,,,,,,,,,,,,,,,,,,,,,,,,,,,,,,,,,,,,,,,,,,,,,,,,,,,,,,,,,BCG,volIM,Bari Region,23774.55552482605,anc1,,-4655.8926,5.0,3351.0,
,,,,,,,,,,,,,,,,,,,,,,2022.0,,Somalia,somalia_surveys_province,,,,,,,,,,,,,,,,,,,,,,,,,,,,,,,,,,,,,,,,,,,,,,,,,,,,,,,,,,,,BCG,cov,Bari Region,83.49054718017578,anc1,,10.163109,5.0,3351.0,
,,,,,,,,,,,,,,,,,,,,,,2023.0,,Somalia,somalia_surveys_province,,,,,,,,,,,,,,,,,,,,,,,,,,,,,,,,,,,,,,,,,,,,,,,,,,,,,,,,,,,,BCG,cov,Bari Region,80.13294982910156,anc1,,10.163109,5.0,3351.0,
,,,,,,,,,,,,,,,,,,,,,,2023.0,,Somalia,somalia_surveys_province,,,,,,,,,,,,,,,,,,,,,,,,,,,,,,,,,,,,,,,,,,,,,,,,,,,,,,,,,,,,BCG,volIM,Bari Region,13926.99991607666,anc1,,-4655.8926,5.0,3351.0,
,,,,,,,,,,,,,,,,,,,,,,2018.0,,Somalia,somalia_surveys_province,,,,,,,,,,,,,,,,,,,,,,,,,,,,,,,,,,,,,,,,,,,,,,,,,,,,,,,,,,,,Institutional Delivery,volIM,Bari Region,8998.00001335144,anc1,,-1469.0,5.0,3352.0,
,,,,,,,,,,,,,,,,,,,,,,2018.0,,Somalia,somalia_surveys_province,,,,,,,,,,,,,,,,,,,,,,,,,,,,,,,,,,,,,,,,,,,,,,,,,,,,,,,,,,,,Institutional Delivery,cov,Bari Region,33.880008697509766,anc1,,9.440231,5.0,3352.0,
,,,,,,,,,,,,,,,,,,,,,,2019.0,,Somalia,somalia_surveys_province,,,,,,,,,,,,,,,,,,,,,,,,,,,,,,,,,,,,,,,,,,,,,,,,,,,,,,,,,,,,Institutional Delivery,volIM,Bari Region,8492.0,anc1,,-1469.0,5.0,3352.0,
,,,,,,,,,,,,,,,,,,,,,,2019.0,,Somalia,somalia_surveys_province,,,,,,,,,,,,,,,,,,,,,,,,,,,,,,,,,,,,,,,,,,,,,,,,,,,,,,,,,,,,Institutional Delivery,cov,Bari Region,29.9294376373291,anc1,,9.440231,5.0,3352.0,
,,,,,,,,,,,,,,,,,,,,,,2020.0,,Somalia,somalia_surveys_province,,,,,,,,,,,,,,,,,,,,,,,,,,,,,,,,,,,,,,,,,,,,,,,,,,,,,,,,,,,,Institutional Delivery,cov,Bari Region,32.582889556884766,anc1,,9.440231,5.0,3352.0,
,,,,,,,,,,,,,,,,,,,,,,2020.0,,Somalia,somalia_surveys_province,,,,,,,,,,,,,,,,,,,,,,,,,,,,,,,,,,,,,,,,,,,,,,,,,,,,,,,,,,,,Institutional Delivery,volIM,Bari Region,8605.000038146973,anc1,,-1469.0,5.0,3352.0,
,,,,,,,,,,,,,,,,,,,,,,2021.0,,Somalia,somalia_surveys_province,,,,,,,,,,,,,,,,,,,,,,,,,,,,,,,,,,,,,,,,,,,,,,,,,,,,,,,,,,,,Institutional Delivery,cov,Bari Region,37.853538513183594,anc1,,9.440231,5.0,3352.0,
,,,,,,,,,,,,,,,,,,,,,,2021.0,,Somalia,somalia_surveys_province,,,,,,,,,,,,,,,,,,,,,,,,,,,,,,,,,,,,,,,,,,,,,,,,,,,,,,,,,,,,Institutional Delivery,volIM,Bari Region,9997.99997329712,anc1,,-1469.0,5.0,3352.0,
,,,,,,,,,,,,,,,,,,,,,,2022.0,,Somalia,somalia_surveys_province,,,,,,,,,,,,,,,,,,,,,,,,,,,,,,,,,,,,,,,,,,,,,,,,,,,,,,,,,,,,Institutional Delivery,volIM,Bari Region,12231.000022888184,anc1,,-1469.0,5.0,3352.0,
,,,,,,,,,,,,,,,,,,,,,,2022.0,,Somalia,somalia_surveys_province,,,,,,,,,,,,,,,,,,,,,,,,,,,,,,,,,,,,,,,,,,,,,,,,,,,,,,,,,,,,Institutional Delivery,cov,Bari Region,42.95234298706055,anc1,,9.440231,5.0,3352.0,
,,,,,,,,,,,,,,,,,,,,,,2023.0,,Somalia,somalia_surveys_province,,,,,,,,,,,,,,,,,,,,,,,,,,,,,,,,,,,,,,,,,,,,,,,,,,,,,,,,,,,,Institutional Delivery,volIM,Bari Region,7528.9999923706055,anc1,,-1469.0,5.0,3352.0,
,,,,,,,,,,,,,,,,,,,,,,2023.0,,Somalia,somalia_surveys_province,,,,,,,,,,,,,,,,,,,,,,,,,,,,,,,,,,,,,,,,,,,,,,,,,,,,,,,,,,,,Institutional Delivery,cov,Bari Region,43.32024002075195,anc1,,9.440231,5.0,3352.0,
,,,,,,,,,,,,,,,,,,,,,,2018.0,,Somalia,somalia_surveys_province,,,,,,,,,,,,,,,,,,,,,,,,,,,,,,,,,,,,,,,,,,,,,,,,,,,,,,,,,,,,OPD,volIM,Bari Region,220812.66625976562,,,-53115.17,5.0,3353.0,
,,,,,,,,,,,,,,,,,,,,,,2019.0,,Somalia,somalia_surveys_province,,,,,,,,,,,,,,,,,,,,,,,,,,,,,,,,,,,,,,,,,,,,,,,,,,,,,,,,,,,,OPD,volIM,Bari Region,238542.7091064453,,,-53115.17,5.0,3353.0,
,,,,,,,,,,,,,,,,,,,,,,2020.0,,Somalia,somalia_surveys_province,,,,,,,,,,,,,,,,,,,,,,,,,,,,,,,,,,,,,,,,,,,,,,,,,,,,,,,,,,,,OPD,volIM,Bari Region,252705.00048828125,,,-53115.17,5.0,3353.0,
,,,,,,,,,,,,,,,,,,,,,,2021.0,,Somalia,somalia_surveys_province,,,,,,,,,,,,,,,,,,,,,,,,,,,,,,,,,,,,,,,,,,,,,,,,,,,,,,,,,,,,OPD,volIM,Bari Region,252912.9990234375,,,-53115.17,5.0,3353.0,
,,,,,,,,,,,,,,,,,,,,,,2022.0,,Somalia,somalia_surveys_province,,,,,,,,,,,,,,,,,,,,,,,,,,,,,,,,,,,,,,,,,,,,,,,,,,,,,,,,,,,,OPD,volIM,Bari Region,264108.58291625977,,,-53115.17,5.0,3353.0,
,,,,,,,,,,,,,,,,,,,,,,2023.0,,Somalia,somalia_surveys_province,,,,,,,,,,,,,,,,,,,,,,,,,,,,,,,,,,,,,,,,,,,,,,,,,,,,,,,,,,,,OPD,volIM,Bari Region,167697.49828338623,,,-53115.17,5.0,3353.0,
,,,,,,,,,,,,,,,,,,,,,,2018.0,,Somalia,somalia_surveys_province,,,,,,,,,,,,,,,,,,,,,,,,,,,,,,,,,,,,,,,,,,,,,,,,,,,,,,,,,,,,PNC1,volIM,Bari Region,9891.83334159851,,,1982.167,5.0,3354.0,
,,,,,,,,,,,,,,,,,,,,,,2019.0,,Somalia,somalia_surveys_province,,,,,,,,,,,,,,,,,,,,,,,,,,,,,,,,,,,,,,,,,,,,,,,,,,,,,,,,,,,,PNC1,volIM,Bari Region,10025.000034332275,,,1982.167,5.0,3354.0,
,,,,,,,,,,,,,,,,,,,,,,2020.0,,Somalia,somalia_surveys_province,,,,,,,,,,,,,,,,,,,,,,,,,,,,,,,,,,,,,,,,,,,,,,,,,,,,,,,,,,,,PNC1,volIM,Bari Region,9387.99997329712,,,1982.167,5.0,3354.0,
,,,,,,,,,,,,,,,,,,,,,,2021.0,,Somalia,somalia_surveys_province,,,,,,,,,,,,,,,,,,,,,,,,,,,,,,,,,,,,,,,,,,,,,,,,,,,,,,,,,,,,PNC1,volIM,Bari Region,12089.000045776367,,,1982.167,5.0,3354.0,
,,,,,,,,,,,,,,,,,,,,,,2022.0,,Somalia,somalia_surveys_province,,,,,,,,,,,,,,,,,,,,,,,,,,,,,,,,,,,,,,,,,,,,,,,,,,,,,,,,,,,,PNC1,volIM,Bari Region,18280.730155944824,,,1982.167,5.0,3354.0,
,,,,,,,,,,,,,,,,,,,,,,2023.0,,Somalia,somalia_surveys_province,,,,,,,,,,,,,,,,,,,,,,,,,,,,,,,,,,,,,,,,,,,,,,,,,,,,,,,,,,,,PNC1,volIM,Bari Region,11874.000038146973,,,1982.167,5.0,3354.0,
,,,,,,,,,,,,,,,,,,,,,,2018.0,,Somalia,somalia_surveys_province,,,,,,,,,,,,,,,,,,,,,,,,,,,,,,,,,,,,,,,,,,,,,,,,,,,,,,,,,,,,Penta 1,cov,Bari Region,89.01770782470703,anc1,,12.823708,5.0,3355.0,
,,,,,,,,,,,,,,,,,,,,,,2018.0,,Somalia,somalia_surveys_province,,,,,,,,,,,,,,,,,,,,,,,,,,,,,,,,,,,,,,,,,,,,,,,,,,,,,,,,,,,,Penta 1,volIM,Bari Region,22764.285759925842,anc1,,-5721.285,5.0,3355.0,
,,,,,,,,,,,,,,,,,,,,,,2019.0,,Somalia,somalia_surveys_province,,,,,,,,,,,,,,,,,,,,,,,,,,,,,,,,,,,,,,,,,,,,,,,,,,,,,,,,,,,,Penta 1,cov,Bari Region,81.0494155883789,anc1,,12.823708,5.0,3355.0,
,,,,,,,,,,,,,,,,,,,,,,2019.0,,Somalia,somalia_surveys_province,,,,,,,,,,,,,,,,,,,,,,,,,,,,,,,,,,,,,,,,,,,,,,,,,,,,,,,,,,,,Penta 1,volIM,Bari Region,22143.000098228455,anc1,,-5721.285,5.0,3355.0,
,,,,,,,,,,,,,,,,,,,,,,2020.0,,Somalia,somalia_surveys_province,,,,,,,,,,,,,,,,,,,,,,,,,,,,,,,,,,,,,,,,,,,,,,,,,,,,,,,,,,,,Penta 1,volIM,Bari Region,23290.37501144409,anc1,,-5721.285,5.0,3355.0,
,,,,,,,,,,,,,,,,,,,,,,2020.0,,Somalia,somalia_surveys_province,,,,,,,,,,,,,,,,,,,,,,,,,,,,,,,,,,,,,,,,,,,,,,,,,,,,,,,,,,,,Penta 1,cov,Bari Region,91.58830261230469,anc1,,12.823708,5.0,3355.0,
,,,,,,,,,,,,,,,,,,,,,,2021.0,,Somalia,somalia_surveys_province,,,,,,,,,,,,,,,,,,,,,,,,,,,,,,,,,,,,,,,,,,,,,,,,,,,,,,,,,,,,Penta 1,volIM,Bari Region,28187.999954223633,anc1,,-5721.285,5.0,3355.0,
,,,,,,,,,,,,,,,,,,,,,,2021.0,,Somalia,somalia_surveys_province,,,,,,,,,,,,,,,,,,,,,,,,,,,,,,,,,,,,,,,,,,,,,,,,,,,,,,,,,,,,Penta 1,cov,Bari Region,110.83641052246094,anc1,,12.823708,5.0,3355.0,
,,,,,,,,,,,,,,,,,,,,,,2022.0,,Somalia,somalia_surveys_province,,,,,,,,,,,,,,,,,,,,,,,,,,,,,,,,,,,,,,,,,,,,,,,,,,,,,,,,,,,,Penta 1,cov,Bari Region,100.28478240966797,anc1,,12.823708,5.0,3355.0,
,,,,,,,,,,,,,,,,,,,,,,2022.0,,Somalia,somalia_surveys_province,,,,,,,,,,,,,,,,,,,,,,,,,,,,,,,,,,,,,,,,,,,,,,,,,,,,,,,,,,,,Penta 1,volIM,Bari Region,27496.999784469604,anc1,,-5721.285,5.0,3355.0,
,,,,,,,,,,,,,,,,,,,,,,2023.0,,Somalia,somalia_surveys_province,,,,,,,,,,,,,,,,,,,,,,,,,,,,,,,,,,,,,,,,,,,,,,,,,,,,,,,,,,,,Penta 1,cov,Bari Region,101.84141540527344,anc1,,12.823708,5.0,3355.0,
,,,,,,,,,,,,,,,,,,,,,,2023.0,,Somalia,somalia_surveys_province,,,,,,,,,,,,,,,,,,,,,,,,,,,,,,,,,,,,,,,,,,,,,,,,,,,,,,,,,,,,Penta 1,volIM,Bari Region,17042.99997138977,anc1,,-5721.285,5.0,3355.0,
,,,,,,,,,,,,,,,,,,,,,,2018.0,,Somalia,somalia_surveys_province,,,,,,,,,,,,,,,,,,,,,,,,,,,,,,,,,,,,,,,,,,,,,,,,,,,,,,,,,,,,Penta 3,volIM,Bari Region,21019.999935150146,anc1,,-4584.0,5.0,3356.0,
,,,,,,,,,,,,,,,,,,,,,,2018.0,,Somalia,somalia_surveys_province,,,,,,,,,,,,,,,,,,,,,,,,,,,,,,,,,,,,,,,,,,,,,,,,,,,,,,,,,,,,Penta 3,cov,Bari Region,82.19683074951172,anc1,,16.017426,5.0,3356.0,
,,,,,,,,,,,,,,,,,,,,,,2019.0,,Somalia,somalia_surveys_province,,,,,,,,,,,,,,,,,,,,,,,,,,,,,,,,,,,,,,,,,,,,,,,,,,,,,,,,,,,,Penta 3,cov,Bari Region,77.02310943603516,anc1,,16.017426,5.0,3356.0,
,,,,,,,,,,,,,,,,,,,,,,2019.0,,Somalia,somalia_surveys_province,,,,,,,,,,,,,,,,,,,,,,,,,,,,,,,,,,,,,,,,,,,,,,,,,,,,,,,,,,,,Penta 3,volIM,Bari Region,21043.000150680542,anc1,,-4584.0,5.0,3356.0,
,,,,,,,,,,,,,,,,,,,,,,2020.0,,Somalia,somalia_surveys_province,,,,,,,,,,,,,,,,,,,,,,,,,,,,,,,,,,,,,,,,,,,,,,,,,,,,,,,,,,,,Penta 3,volIM,Bari Region,21929.000093460083,anc1,,-4584.0,5.0,3356.0,
,,,,,,,,,,,,,,,,,,,,,,2020.0,,Somalia,somalia_surveys_province,,,,,,,,,,,,,,,,,,,,,,,,,,,,,,,,,,,,,,,,,,,,,,,,,,,,,,,,,,,,Penta 3,cov,Bari Region,86.23475646972656,anc1,,16.017426,5.0,3356.0,
,,,,,,,,,,,,,,,,,,,,,,2021.0,,Somalia,somalia_surveys_province,,,,,,,,,,,,,,,,,,,,,,,,,,,,,,,,,,,,,,,,,,,,,,,,,,,,,,,,,,,,Penta 3,volIM,Bari Region,27241.99998474121,anc1,,-4584.0,5.0,3356.0,
,,,,,,,,,,,,,,,,,,,,,,2021.0,,Somalia,somalia_surveys_province,,,,,,,,,,,,,,,,,,,,,,,,,,,,,,,,,,,,,,,,,,,,,,,,,,,,,,,,,,,,Penta 3,cov,Bari Region,107.11669921875,anc1,,16.017426,5.0,3356.0,
,,,,,,,,,,,,,,,,,,,,,,2022.0,,Somalia,somalia_surveys_province,,,,,,,,,,,,,,,,,,,,,,,,,,,,,,,,,,,,,,,,,,,,,,,,,,,,,,,,,,,,Penta 3,volIM,Bari Region,26600.999849319458,anc1,,-4584.0,5.0,3356.0,
,,,,,,,,,,,,,,,,,,,,,,2022.0,,Somalia,somalia_surveys_province,,,,,,,,,,,,,,,,,,,,,,,,,,,,,,,,,,,,,,,,,,,,,,,,,,,,,,,,,,,,Penta 3,cov,Bari Region,97.01696014404297,anc1,,16.017426,5.0,3356.0,
,,,,,,,,,,,,,,,,,,,,,,2023.0,,Somalia,somalia_surveys_province,,,,,,,,,,,,,,,,,,,,,,,,,,,,,,,,,,,,,,,,,,,,,,,,,,,,,,,,,,,,Penta 3,cov,Bari Region,98.2142562866211,anc1,,16.017426,5.0,3356.0,
,,,,,,,,,,,,,,,,,,,,,,2023.0,,Somalia,somalia_surveys_province,,,,,,,,,,,,,,,,,,,,,,,,,,,,,,,,,,,,,,,,,,,,,,,,,,,,,,,,,,,,Penta 3,volIM,Bari Region,16436.00018310547,anc1,,-4584.0,5.0,3356.0,
,,,,,,,,,,,,,,,,,,,,,,2018.0,,Somalia,somalia_surveys_province,,,,,,,,,,,,,,,,,,,,,,,,,,,,,,,,,,,,,,,,,,,,,,,,,,,,,,,,,,,,ANC1,volIM,Bay Region,46614.95721435547,delivery,,14273.277,5.0,3357.0,
,,,,,,,,,,,,,,,,,,,,,,2018.0,,Somalia,somalia_surveys_province,,,,,,,,,,,,,,,,,,,,,,,,,,,,,,,,,,,,,,,,,,,,,,,,,,,,,,,,,,,,ANC1,cov,Bay Region,336.8620300292969,delivery,,-30.3443,5.0,3357.0,
,,,,,,,,,,,,,,,,,,,,,,2019.0,,Somalia,somalia_surveys_province,,,,,,,,,,,,,,,,,,,,,,,,,,,,,,,,,,,,,,,,,,,,,,,,,,,,,,,,,,,,ANC1,cov,Bay Region,279.0391540527344,delivery,,-30.3443,5.0,3357.0,
,,,,,,,,,,,,,,,,,,,,,,2019.0,,Somalia,somalia_surveys_province,,,,,,,,,,,,,,,,,,,,,,,,,,,,,,,,,,,,,,,,,,,,,,,,,,,,,,,,,,,,ANC1,volIM,Bay Region,47851.722595214844,delivery,,14273.277,5.0,3357.0,
,,,,,,,,,,,,,,,,,,,,,,2020.0,,Somalia,somalia_surveys_province,,,,,,,,,,,,,,,,,,,,,,,,,,,,,,,,,,,,,,,,,,,,,,,,,,,,,,,,,,,,ANC1,cov,Bay Region,308.59893798828125,delivery,,-30.3443,5.0,3357.0,
,,,,,,,,,,,,,,,,,,,,,,2020.0,,Somalia,somalia_surveys_province,,,,,,,,,,,,,,,,,,,,,,,,,,,,,,,,,,,,,,,,,,,,,,,,,,,,,,,,,,,,ANC1,volIM,Bay Region,50203.000007629395,delivery,,14273.277,5.0,3357.0,
,,,,,,,,,,,,,,,,,,,,,,2021.0,,Somalia,somalia_surveys_province,,,,,,,,,,,,,,,,,,,,,,,,,,,,,,,,,,,,,,,,,,,,,,,,,,,,,,,,,,,,ANC1,cov,Bay Region,275.2821044921875,delivery,,-30.3443,5.0,3357.0,
,,,,,,,,,,,,,,,,,,,,,,2021.0,,Somalia,somalia_surveys_province,,,,,,,,,,,,,,,,,,,,,,,,,,,,,,,,,,,,,,,,,,,,,,,,,,,,,,,,,,,,ANC1,volIM,Bay Region,49258.87496185303,delivery,,14273.277,5.0,3357.0,
,,,,,,,,,,,,,,,,,,,,,,2022.0,,Somalia,somalia_surveys_province,,,,,,,,,,,,,,,,,,,,,,,,,,,,,,,,,,,,,,,,,,,,,,,,,,,,,,,,,,,,ANC1,cov,Bay Region,319.4462585449219,delivery,,-30.3443,5.0,3357.0,
,,,,,,,,,,,,,,,,,,,,,,2022.0,,Somalia,somalia_surveys_province,,,,,,,,,,,,,,,,,,,,,,,,,,,,,,,,,,,,,,,,,,,,,,,,,,,,,,,,,,,,ANC1,volIM,Bay Region,73051.57279586792,delivery,,14273.277,5.0,3357.0,
,,,,,,,,,,,,,,,,,,,,,,2023.0,,Somalia,somalia_surveys_province,,,,,,,,,,,,,,,,,,,,,,,,,,,,,,,,,,,,,,,,,,,,,,,,,,,,,,,,,,,,ANC1,cov,Bay Region,306.5177307128906,delivery,,-30.3443,5.0,3357.0,
,,,,,,,,,,,,,,,,,,,,,,2023.0,,Somalia,somalia_surveys_province,,,,,,,,,,,,,,,,,,,,,,,,,,,,,,,,,,,,,,,,,,,,,,,,,,,,,,,,,,,,ANC1,volIM,Bay Region,60888.23458099365,delivery,,14273.277,5.0,3357.0,
,,,,,,,,,,,,,,,,,,,,,,2018.0,,Somalia,somalia_surveys_province,,,,,,,,,,,,,,,,,,,,,,,,,,,,,,,,,,,,,,,,,,,,,,,,,,,,,,,,,,,,ANC4,cov,Bay Region,52.35661697387695,delivery,,31.288967,5.0,3358.0,
,,,,,,,,,,,,,,,,,,,,,,2018.0,,Somalia,somalia_surveys_province,,,,,,,,,,,,,,,,,,,,,,,,,,,,,,,,,,,,,,,,,,,,,,,,,,,,,,,,,,,,ANC4,volIM,Bay Region,7245.106955528259,delivery,,9370.674,5.0,3358.0,
,,,,,,,,,,,,,,,,,,,,,,2019.0,,Somalia,somalia_surveys_province,,,,,,,,,,,,,,,,,,,,,,,,,,,,,,,,,,,,,,,,,,,,,,,,,,,,,,,,,,,,ANC4,volIM,Bay Region,10376.145730018616,delivery,,9370.674,5.0,3358.0,
,,,,,,,,,,,,,,,,,,,,,,2019.0,,Somalia,somalia_surveys_province,,,,,,,,,,,,,,,,,,,,,,,,,,,,,,,,,,,,,,,,,,,,,,,,,,,,,,,,,,,,ANC4,cov,Bay Region,60.5067253112793,delivery,,31.288967,5.0,3358.0,
,,,,,,,,,,,,,,,,,,,,,,2020.0,,Somalia,somalia_surveys_province,,,,,,,,,,,,,,,,,,,,,,,,,,,,,,,,,,,,,,,,,,,,,,,,,,,,,,,,,,,,ANC4,volIM,Bay Region,13508.958366394043,delivery,,9370.674,5.0,3358.0,
,,,,,,,,,,,,,,,,,,,,,,2020.0,,Somalia,somalia_surveys_province,,,,,,,,,,,,,,,,,,,,,,,,,,,,,,,,,,,,,,,,,,,,,,,,,,,,,,,,,,,,ANC4,cov,Bay Region,83.03985595703125,delivery,,31.288967,5.0,3358.0,
,,,,,,,,,,,,,,,,,,,,,,2021.0,,Somalia,somalia_surveys_province,,,,,,,,,,,,,,,,,,,,,,,,,,,,,,,,,,,,,,,,,,,,,,,,,,,,,,,,,,,,ANC4,volIM,Bay Region,14020.00002861023,delivery,,9370.674,5.0,3358.0,
,,,,,,,,,,,,,,,,,,,,,,2021.0,,Somalia,somalia_surveys_province,,,,,,,,,,,,,,,,,,,,,,,,,,,,,,,,,,,,,,,,,,,,,,,,,,,,,,,,,,,,ANC4,cov,Bay Region,78.35045623779297,delivery,,31.288967,5.0,3358.0,
,,,,,,,,,,,,,,,,,,,,,,2022.0,,Somalia,somalia_surveys_province,,,,,,,,,,,,,,,,,,,,,,,,,,,,,,,,,,,,,,,,,,,,,,,,,,,,,,,,,,,,ANC4,cov,Bay Region,95.32675170898438,delivery,,31.288967,5.0,3358.0,
,,,,,,,,,,,,,,,,,,,,,,2022.0,,Somalia,somalia_surveys_province,,,,,,,,,,,,,,,,,,,,,,,,,,,,,,,,,,,,,,,,,,,,,,,,,,,,,,,,,,,,ANC4,volIM,Bay Region,21799.49981880188,delivery,,9370.674,5.0,3358.0,
,,,,,,,,,,,,,,,,,,,,,,2023.0,,Somalia,somalia_surveys_province,,,,,,,,,,,,,,,,,,,,,,,,,,,,,,,,,,,,,,,,,,,,,,,,,,,,,,,,,,,,ANC4,volIM,Bay Region,16615.78197479248,delivery,,9370.674,5.0,3358.0,
,,,,,,,,,,,,,,,,,,,,,,2023.0,,Somalia,somalia_surveys_province,,,,,,,,,,,,,,,,,,,,,,,,,,,,,,,,,,,,,,,,,,,,,,,,,,,,,,,,,,,,ANC4,cov,Bay Region,83.64558410644531,delivery,,31.288967,5.0,3358.0,
,,,,,,,,,,,,,,,,,,,,,,2018.0,,Somalia,somalia_surveys_province,,,,,,,,,,,,,,,,,,,,,,,,,,,,,,,,,,,,,,,,,,,,,,,,,,,,,,,,,,,,BCG,cov,Bay Region,32.87107849121094,anc1,,1.1896706,5.0,3359.0,
,,,,,,,,,,,,,,,,,,,,,,2018.0,,Somalia,somalia_surveys_province,,,,,,,,,,,,,,,,,,,,,,,,,,,,,,,,,,,,,,,,,,,,,,,,,,,,,,,,,,,,BCG,volIM,Bay Region,21120.541702270508,anc1,,7465.459,5.0,3359.0,
,,,,,,,,,,,,,,,,,,,,,,2019.0,,Somalia,somalia_surveys_province,,,,,,,,,,,,,,,,,,,,,,,,,,,,,,,,,,,,,,,,,,,,,,,,,,,,,,,,,,,,BCG,cov,Bay Region,34.95460510253906,anc1,,1.1896706,5.0,3359.0,
,,,,,,,,,,,,,,,,,,,,,,2019.0,,Somalia,somalia_surveys_province,,,,,,,,,,,,,,,,,,,,,,,,,,,,,,,,,,,,,,,,,,,,,,,,,,,,,,,,,,,,BCG,volIM,Bay Region,23055.14275741577,anc1,,7465.459,5.0,3359.0,
,,,,,,,,,,,,,,,,,,,,,,2020.0,,Somalia,somalia_surveys_province,,,,,,,,,,,,,,,,,,,,,,,,,,,,,,,,,,,,,,,,,,,,,,,,,,,,,,,,,,,,BCG,cov,Bay Region,31.551347732543945,anc1,,1.1896706,5.0,3359.0,
,,,,,,,,,,,,,,,,,,,,,,2020.0,,Somalia,somalia_surveys_province,,,,,,,,,,,,,,,,,,,,,,,,,,,,,,,,,,,,,,,,,,,,,,,,,,,,,,,,,,,,BCG,volIM,Bay Region,21833.000087738037,anc1,,7465.459,5.0,3359.0,
,,,,,,,,,,,,,,,,,,,,,,2021.0,,Somalia,somalia_surveys_province,,,,,,,,,,,,,,,,,,,,,,,,,,,,,,,,,,,,,,,,,,,,,,,,,,,,,,,,,,,,BCG,cov,Bay Region,39.295066833496094,anc1,,1.1896706,5.0,3359.0,
,,,,,,,,,,,,,,,,,,,,,,2021.0,,Somalia,somalia_surveys_province,,,,,,,,,,,,,,,,,,,,,,,,,,,,,,,,,,,,,,,,,,,,,,,,,,,,,,,,,,,,BCG,volIM,Bay Region,26680.153728485107,anc1,,7465.459,5.0,3359.0,
,,,,,,,,,,,,,,,,,,,,,,2022.0,,Somalia,somalia_surveys_province,,,,,,,,,,,,,,,,,,,,,,,,,,,,,,,,,,,,,,,,,,,,,,,,,,,,,,,,,,,,BCG,volIM,Bay Region,37783.8334236145,anc1,,7465.459,5.0,3359.0,
,,,,,,,,,,,,,,,,,,,,,,2022.0,,Somalia,somalia_surveys_province,,,,,,,,,,,,,,,,,,,,,,,,,,,,,,,,,,,,,,,,,,,,,,,,,,,,,,,,,,,,BCG,cov,Bay Region,37.524131774902344,anc1,,1.1896706,5.0,3359.0,
,,,,,,,,,,,,,,,,,,,,,,2023.0,,Somalia,somalia_surveys_province,,,,,,,,,,,,,,,,,,,,,,,,,,,,,,,,,,,,,,,,,,,,,,,,,,,,,,,,,,,,BCG,volIM,Bay Region,28586.00006866455,anc1,,7465.459,5.0,3359.0,
,,,,,,,,,,,,,,,,,,,,,,2023.0,,Somalia,somalia_surveys_province,,,,,,,,,,,,,,,,,,,,,,,,,,,,,,,,,,,,,,,,,,,,,,,,,,,,,,,,,,,,BCG,cov,Bay Region,34.06074905395508,anc1,,1.1896706,5.0,3359.0,
,,,,,,,,,,,,,,,,,,,,,,2018.0,,Somalia,somalia_surveys_province,,,,,,,,,,,,,,,,,,,,,,,,,,,,,,,,,,,,,,,,,,,,,,,,,,,,,,,,,,,,Institutional Delivery,volIM,Bay Region,9395.999970436096,anc1,,4092.0,5.0,3360.0,
,,,,,,,,,,,,,,,,,,,,,,2018.0,,Somalia,somalia_surveys_province,,,,,,,,,,,,,,,,,,,,,,,,,,,,,,,,,,,,,,,,,,,,,,,,,,,,,,,,,,,,Institutional Delivery,cov,Bay Region,14.623518943786621,anc1,,1.4476824,5.0,3360.0,
,,,,,,,,,,,,,,,,,,,,,,2019.0,,Somalia,somalia_surveys_province,,,,,,,,,,,,,,,,,,,,,,,,,,,,,,,,,,,,,,,,,,,,,,,,,,,,,,,,,,,,Institutional Delivery,volIM,Bay Region,11644.0,anc1,,4092.0,5.0,3360.0,
,,,,,,,,,,,,,,,,,,,,,,2019.0,,Somalia,somalia_surveys_province,,,,,,,,,,,,,,,,,,,,,,,,,,,,,,,,,,,,,,,,,,,,,,,,,,,,,,,,,,,,Institutional Delivery,cov,Bay Region,17.653823852539062,anc1,,1.4476824,5.0,3360.0,
,,,,,,,,,,,,,,,,,,,,,,2020.0,,Somalia,somalia_surveys_province,,,,,,,,,,,,,,,,,,,,,,,,,,,,,,,,,,,,,,,,,,,,,,,,,,,,,,,,,,,,Institutional Delivery,cov,Bay Region,15.962817192077637,anc1,,1.4476824,5.0,3360.0,
,,,,,,,,,,,,,,,,,,,,,,2020.0,,Somalia,somalia_surveys_province,,,,,,,,,,,,,,,,,,,,,,,,,,,,,,,,,,,,,,,,,,,,,,,,,,,,,,,,,,,,Institutional Delivery,volIM,Bay Region,11045.999984741211,anc1,,4092.0,5.0,3360.0,
,,,,,,,,,,,,,,,,,,,,,,2021.0,,Somalia,somalia_surveys_province,,,,,,,,,,,,,,,,,,,,,,,,,,,,,,,,,,,,,,,,,,,,,,,,,,,,,,,,,,,,Institutional Delivery,cov,Bay Region,17.894763946533203,anc1,,1.4476824,5.0,3360.0,
,,,,,,,,,,,,,,,,,,,,,,2021.0,,Somalia,somalia_surveys_province,,,,,,,,,,,,,,,,,,,,,,,,,,,,,,,,,,,,,,,,,,,,,,,,,,,,,,,,,,,,Institutional Delivery,volIM,Bay Region,12150.000003814697,anc1,,4092.0,5.0,3360.0,
,,,,,,,,,,,,,,,,,,,,,,2022.0,,Somalia,somalia_surveys_province,,,,,,,,,,,,,,,,,,,,,,,,,,,,,,,,,,,,,,,,,,,,,,,,,,,,,,,,,,,,Institutional Delivery,cov,Bay Region,15.42077350616455,anc1,,1.4476824,5.0,3360.0,
,,,,,,,,,,,,,,,,,,,,,,2022.0,,Somalia,somalia_surveys_province,,,,,,,,,,,,,,,,,,,,,,,,,,,,,,,,,,,,,,,,,,,,,,,,,,,,,,,,,,,,Institutional Delivery,volIM,Bay Region,15527.499908447266,anc1,,4092.0,5.0,3360.0,
,,,,,,,,,,,,,,,,,,,,,,2023.0,,Somalia,somalia_surveys_province,,,,,,,,,,,,,,,,,,,,,,,,,,,,,,,,,,,,,,,,,,,,,,,,,,,,,,,,,,,,Institutional Delivery,cov,Bay Region,16.07120132446289,anc1,,1.4476824,5.0,3360.0,
,,,,,,,,,,,,,,,,,,,,,,2023.0,,Somalia,somalia_surveys_province,,,,,,,,,,,,,,,,,,,,,,,,,,,,,,,,,,,,,,,,,,,,,,,,,,,,,,,,,,,,Institutional Delivery,volIM,Bay Region,13487.999972343445,anc1,,4092.0,5.0,3360.0,
,,,,,,,,,,,,,,,,,,,,,,2018.0,,Somalia,somalia_surveys_province,,,,,,,,,,,,,,,,,,,,,,,,,,,,,,,,,,,,,,,,,,,,,,,,,,,,,,,,,,,,OPD,volIM,Bay Region,443013.4705810547,,,-13107.031,5.0,3361.0,
,,,,,,,,,,,,,,,,,,,,,,2019.0,,Somalia,somalia_surveys_province,,,,,,,,,,,,,,,,,,,,,,,,,,,,,,,,,,,,,,,,,,,,,,,,,,,,,,,,,,,,OPD,volIM,Bay Region,448835.04638671875,,,-13107.031,5.0,3361.0,
,,,,,,,,,,,,,,,,,,,,,,2020.0,,Somalia,somalia_surveys_province,,,,,,,,,,,,,,,,,,,,,,,,,,,,,,,,,,,,,,,,,,,,,,,,,,,,,,,,,,,,OPD,volIM,Bay Region,440034.5960083008,,,-13107.031,5.0,3361.0,
,,,,,,,,,,,,,,,,,,,,,,2021.0,,Somalia,somalia_surveys_province,,,,,,,,,,,,,,,,,,,,,,,,,,,,,,,,,,,,,,,,,,,,,,,,,,,,,,,,,,,,OPD,volIM,Bay Region,454777.7593383789,,,-13107.031,5.0,3361.0,
,,,,,,,,,,,,,,,,,,,,,,2022.0,,Somalia,somalia_surveys_province,,,,,,,,,,,,,,,,,,,,,,,,,,,,,,,,,,,,,,,,,,,,,,,,,,,,,,,,,,,,OPD,volIM,Bay Region,596682.1262207031,,,-13107.031,5.0,3361.0,
,,,,,,,,,,,,,,,,,,,,,,2023.0,,Somalia,somalia_surveys_province,,,,,,,,,,,,,,,,,,,,,,,,,,,,,,,,,,,,,,,,,,,,,,,,,,,,,,,,,,,,OPD,volIM,Bay Region,429906.4486694336,,,-13107.031,5.0,3361.0,
,,,,,,,,,,,,,,,,,,,,,,2018.0,,Somalia,somalia_surveys_province,,,,,,,,,,,,,,,,,,,,,,,,,,,,,,,,,,,,,,,,,,,,,,,,,,,,,,,,,,,,PNC1,volIM,Bay Region,32879.79495429993,,,3364.082,5.0,3362.0,
,,,,,,,,,,,,,,,,,,,,,,2019.0,,Somalia,somalia_surveys_province,,,,,,,,,,,,,,,,,,,,,,,,,,,,,,,,,,,,,,,,,,,,,,,,,,,,,,,,,,,,PNC1,volIM,Bay Region,15744.194072723389,,,3364.082,5.0,3362.0,
,,,,,,,,,,,,,,,,,,,,,,2020.0,,Somalia,somalia_surveys_province,,,,,,,,,,,,,,,,,,,,,,,,,,,,,,,,,,,,,,,,,,,,,,,,,,,,,,,,,,,,PNC1,volIM,Bay Region,18235.8260307312,,,3364.082,5.0,3362.0,
,,,,,,,,,,,,,,,,,,,,,,2021.0,,Somalia,somalia_surveys_province,,,,,,,,,,,,,,,,,,,,,,,,,,,,,,,,,,,,,,,,,,,,,,,,,,,,,,,,,,,,PNC1,volIM,Bay Region,15998.251976013184,,,3364.082,5.0,3362.0,
,,,,,,,,,,,,,,,,,,,,,,2022.0,,Somalia,somalia_surveys_province,,,,,,,,,,,,,,,,,,,,,,,,,,,,,,,,,,,,,,,,,,,,,,,,,,,,,,,,,,,,PNC1,volIM,Bay Region,37430.89239883423,,,3364.082,5.0,3362.0,
,,,,,,,,,,,,,,,,,,,,,,2023.0,,Somalia,somalia_surveys_province,,,,,,,,,,,,,,,,,,,,,,,,,,,,,,,,,,,,,,,,,,,,,,,,,,,,,,,,,,,,PNC1,volIM,Bay Region,36243.87893676758,,,3364.082,5.0,3362.0,
,,,,,,,,,,,,,,,,,,,,,,2018.0,,Somalia,somalia_surveys_province,,,,,,,,,,,,,,,,,,,,,,,,,,,,,,,,,,,,,,,,,,,,,,,,,,,,,,,,,,,,Penta 1,volIM,Bay Region,23301.658588409424,anc1,,5672.7207,5.0,3363.0,
,,,,,,,,,,,,,,,,,,,,,,2018.0,,Somalia,somalia_surveys_province,,,,,,,,,,,,,,,,,,,,,,,,,,,,,,,,,,,,,,,,,,,,,,,,,,,,,,,,,,,,Penta 1,cov,Bay Region,37.663490295410156,anc1,,-1.8093147,5.0,3363.0,
,,,,,,,,,,,,,,,,,,,,,,2019.0,,Somalia,somalia_surveys_province,,,,,,,,,,,,,,,,,,,,,,,,,,,,,,,,,,,,,,,,,,,,,,,,,,,,,,,,,,,,Penta 1,cov,Bay Region,38.088294982910156,anc1,,-1.8093147,5.0,3363.0,
,,,,,,,,,,,,,,,,,,,,,,2019.0,,Somalia,somalia_surveys_province,,,,,,,,,,,,,,,,,,,,,,,,,,,,,,,,,,,,,,,,,,,,,,,,,,,,,,,,,,,,Penta 1,volIM,Bay Region,24189.67858505249,anc1,,5672.7207,5.0,3363.0,
,,,,,,,,,,,,,,,,,,,,,,2020.0,,Somalia,somalia_surveys_province,,,,,,,,,,,,,,,,,,,,,,,,,,,,,,,,,,,,,,,,,,,,,,,,,,,,,,,,,,,,Penta 1,volIM,Bay Region,24144.42149734497,anc1,,5672.7207,5.0,3363.0,
,,,,,,,,,,,,,,,,,,,,,,2020.0,,Somalia,somalia_surveys_province,,,,,,,,,,,,,,,,,,,,,,,,,,,,,,,,,,,,,,,,,,,,,,,,,,,,,,,,,,,,Penta 1,cov,Bay Region,36.236488342285156,anc1,,-1.8093147,5.0,3363.0,
,,,,,,,,,,,,,,,,,,,,,,2021.0,,Somalia,somalia_surveys_province,,,,,,,,,,,,,,,,,,,,,,,,,,,,,,,,,,,,,,,,,,,,,,,,,,,,,,,,,,,,Penta 1,volIM,Bay Region,28391.559700012207,anc1,,5672.7207,5.0,3363.0,
,,,,,,,,,,,,,,,,,,,,,,2021.0,,Somalia,somalia_surveys_province,,,,,,,,,,,,,,,,,,,,,,,,,,,,,,,,,,,,,,,,,,,,,,,,,,,,,,,,,,,,Penta 1,cov,Bay Region,43.42739486694336,anc1,,-1.8093147,5.0,3363.0,
,,,,,,,,,,,,,,,,,,,,,,2022.0,,Somalia,somalia_surveys_province,,,,,,,,,,,,,,,,,,,,,,,,,,,,,,,,,,,,,,,,,,,,,,,,,,,,,,,,,,,,Penta 1,volIM,Bay Region,37183.21643829346,anc1,,5672.7207,5.0,3363.0,
,,,,,,,,,,,,,,,,,,,,,,2022.0,,Somalia,somalia_surveys_province,,,,,,,,,,,,,,,,,,,,,,,,,,,,,,,,,,,,,,,,,,,,,,,,,,,,,,,,,,,,Penta 1,cov,Bay Region,38.350975036621094,anc1,,-1.8093147,5.0,3363.0,
,,,,,,,,,,,,,,,,,,,,,,2023.0,,Somalia,somalia_surveys_province,,,,,,,,,,,,,,,,,,,,,,,,,,,,,,,,,,,,,,,,,,,,,,,,,,,,,,,,,,,,Penta 1,volIM,Bay Region,28974.37921142578,anc1,,5672.7207,5.0,3363.0,
,,,,,,,,,,,,,,,,,,,,,,2023.0,,Somalia,somalia_surveys_province,,,,,,,,,,,,,,,,,,,,,,,,,,,,,,,,,,,,,,,,,,,,,,,,,,,,,,,,,,,,Penta 1,cov,Bay Region,35.85417556762695,anc1,,-1.8093147,5.0,3363.0,
,,,,,,,,,,,,,,,,,,,,,,2018.0,,Somalia,somalia_surveys_province,,,,,,,,,,,,,,,,,,,,,,,,,,,,,,,,,,,,,,,,,,,,,,,,,,,,,,,,,,,,Penta 3,cov,Bay Region,31.150550842285156,anc1,,0.6332035,5.0,3364.0,
,,,,,,,,,,,,,,,,,,,,,,2018.0,,Somalia,somalia_surveys_province,,,,,,,,,,,,,,,,,,,,,,,,,,,,,,,,,,,,,,,,,,,,,,,,,,,,,,,,,,,,Penta 3,volIM,Bay Region,19272.230754852295,anc1,,6412.7695,5.0,3364.0,
,,,,,,,,,,,,,,,,,,,,,,2019.0,,Somalia,somalia_surveys_province,,,,,,,,,,,,,,,,,,,,,,,,,,,,,,,,,,,,,,,,,,,,,,,,,,,,,,,,,,,,Penta 3,cov,Bay Region,32.799827575683594,anc1,,0.6332035,5.0,3364.0,
,,,,,,,,,,,,,,,,,,,,,,2019.0,,Somalia,somalia_surveys_province,,,,,,,,,,,,,,,,,,,,,,,,,,,,,,,,,,,,,,,,,,,,,,,,,,,,,,,,,,,,Penta 3,volIM,Bay Region,20830.99998855591,anc1,,6412.7695,5.0,3364.0,
,,,,,,,,,,,,,,,,,,,,,,2020.0,,Somalia,somalia_surveys_province,,,,,,,,,,,,,,,,,,,,,,,,,,,,,,,,,,,,,,,,,,,,,,,,,,,,,,,,,,,,Penta 3,volIM,Bay Region,20807.160480499268,anc1,,6412.7695,5.0,3364.0,
,,,,,,,,,,,,,,,,,,,,,,2020.0,,Somalia,somalia_surveys_province,,,,,,,,,,,,,,,,,,,,,,,,,,,,,,,,,,,,,,,,,,,,,,,,,,,,,,,,,,,,Penta 3,cov,Bay Region,31.227853775024414,anc1,,0.6332035,5.0,3364.0,
,,,,,,,,,,,,,,,,,,,,,,2021.0,,Somalia,somalia_surveys_province,,,,,,,,,,,,,,,,,,,,,,,,,,,,,,,,,,,,,,,,,,,,,,,,,,,,,,,,,,,,Penta 3,cov,Bay Region,36.93246078491211,anc1,,0.6332035,5.0,3364.0,
,,,,,,,,,,,,,,,,,,,,,,2021.0,,Somalia,somalia_surveys_province,,,,,,,,,,,,,,,,,,,,,,,,,,,,,,,,,,,,,,,,,,,,,,,,,,,,,,,,,,,,Penta 3,volIM,Bay Region,24145.361083984375,anc1,,6412.7695,5.0,3364.0,
,,,,,,,,,,,,,,,,,,,,,,2022.0,,Somalia,somalia_surveys_province,,,,,,,,,,,,,,,,,,,,,,,,,,,,,,,,,,,,,,,,,,,,,,,,,,,,,,,,,,,,Penta 3,volIM,Bay Region,29015.80514907837,anc1,,6412.7695,5.0,3364.0,
,,,,,,,,,,,,,,,,,,,,,,2022.0,,Somalia,somalia_surveys_province,,,,,,,,,,,,,,,,,,,,,,,,,,,,,,,,,,,,,,,,,,,,,,,,,,,,,,,,,,,,Penta 3,cov,Bay Region,29.927061080932617,anc1,,0.6332035,5.0,3364.0,
,,,,,,,,,,,,,,,,,,,,,,2023.0,,Somalia,somalia_surveys_province,,,,,,,,,,,,,,,,,,,,,,,,,,,,,,,,,,,,,,,,,,,,,,,,,,,,,,,,,,,,Penta 3,cov,Bay Region,31.783754348754883,anc1,,0.6332035,5.0,3364.0,
,,,,,,,,,,,,,,,,,,,,,,2023.0,,Somalia,somalia_surveys_province,,,,,,,,,,,,,,,,,,,,,,,,,,,,,,,,,,,,,,,,,,,,,,,,,,,,,,,,,,,,Penta 3,volIM,Bay Region,25684.999908447266,anc1,,6412.7695,5.0,3364.0,
,,,,,,,,,,,,,,,,,,,,,,2018.0,,Somalia,somalia_surveys_province,,,,,,,,,,,,,,,,,,,,,,,,,,,,,,,,,,,,,,,,,,,,,,,,,,,,,,,,,,,,ANC1,cov,Benadir Region,205.61415100097656,delivery,,-31.26471,5.0,3365.0,
,,,,,,,,,,,,,,,,,,,,,,2018.0,,Somalia,somalia_surveys_province,,,,,,,,,,,,,,,,,,,,,,,,,,,,,,,,,,,,,,,,,,,,,,,,,,,,,,,,,,,,ANC1,volIM,Benadir Region,124473.78324890137,delivery,,-52921.18,5.0,3365.0,
,,,,,,,,,,,,,,,,,,,,,,2019.0,,Somalia,somalia_surveys_province,,,,,,,,,,,,,,,,,,,,,,,,,,,,,,,,,,,,,,,,,,,,,,,,,,,,,,,,,,,,ANC1,cov,Benadir Region,207.52713012695312,delivery,,-31.26471,5.0,3365.0,
,,,,,,,,,,,,,,,,,,,,,,2019.0,,Somalia,somalia_surveys_province,,,,,,,,,,,,,,,,,,,,,,,,,,,,,,,,,,,,,,,,,,,,,,,,,,,,,,,,,,,,ANC1,volIM,Benadir Region,132511.72429656982,delivery,,-52921.18,5.0,3365.0,
,,,,,,,,,,,,,,,,,,,,,,2020.0,,Somalia,somalia_surveys_province,,,,,,,,,,,,,,,,,,,,,,,,,,,,,,,,,,,,,,,,,,,,,,,,,,,,,,,,,,,,ANC1,cov,Benadir Region,204.86642456054688,delivery,,-31.26471,5.0,3365.0,
,,,,,,,,,,,,,,,,,,,,,,2020.0,,Somalia,somalia_surveys_province,,,,,,,,,,,,,,,,,,,,,,,,,,,,,,,,,,,,,,,,,,,,,,,,,,,,,,,,,,,,ANC1,volIM,Benadir Region,136044.57111358643,delivery,,-52921.18,5.0,3365.0,
,,,,,,,,,,,,,,,,,,,,,,2021.0,,Somalia,somalia_surveys_province,,,,,,,,,,,,,,,,,,,,,,,,,,,,,,,,,,,,,,,,,,,,,,,,,,,,,,,,,,,,ANC1,cov,Benadir Region,189.9618682861328,delivery,,-31.26471,5.0,3365.0,
,,,,,,,,,,,,,,,,,,,,,,2021.0,,Somalia,somalia_surveys_province,,,,,,,,,,,,,,,,,,,,,,,,,,,,,,,,,,,,,,,,,,,,,,,,,,,,,,,,,,,,ANC1,volIM,Benadir Region,126132.99983978271,delivery,,-52921.18,5.0,3365.0,
,,,,,,,,,,,,,,,,,,,,,,2022.0,,Somalia,somalia_surveys_province,,,,,,,,,,,,,,,,,,,,,,,,,,,,,,,,,,,,,,,,,,,,,,,,,,,,,,,,,,,,ANC1,cov,Benadir Region,167.19232177734375,delivery,,-31.26471,5.0,3365.0,
,,,,,,,,,,,,,,,,,,,,,,2022.0,,Somalia,somalia_surveys_province,,,,,,,,,,,,,,,,,,,,,,,,,,,,,,,,,,,,,,,,,,,,,,,,,,,,,,,,,,,,ANC1,volIM,Benadir Region,107699.92316055298,delivery,,-52921.18,5.0,3365.0,
,,,,,,,,,,,,,,,,,,,,,,2023.0,,Somalia,somalia_surveys_province,,,,,,,,,,,,,,,,,,,,,,,,,,,,,,,,,,,,,,,,,,,,,,,,,,,,,,,,,,,,ANC1,cov,Benadir Region,174.3494415283203,delivery,,-31.26471,5.0,3365.0,
,,,,,,,,,,,,,,,,,,,,,,2023.0,,Somalia,somalia_surveys_province,,,,,,,,,,,,,,,,,,,,,,,,,,,,,,,,,,,,,,,,,,,,,,,,,,,,,,,,,,,,ANC1,volIM,Benadir Region,71552.59955978394,delivery,,-52921.18,5.0,3365.0,
,,,,,,,,,,,,,,,,,,,,,,2018.0,,Somalia,somalia_surveys_province,,,,,,,,,,,,,,,,,,,,,,,,,,,,,,,,,,,,,,,,,,,,,,,,,,,,,,,,,,,,ANC4,volIM,Benadir Region,26538.369495868683,delivery,,-9557.568,5.0,3366.0,
,,,,,,,,,,,,,,,,,,,,,,2018.0,,Somalia,somalia_surveys_province,,,,,,,,,,,,,,,,,,,,,,,,,,,,,,,,,,,,,,,,,,,,,,,,,,,,,,,,,,,,ANC4,cov,Benadir Region,43.837860107421875,delivery,,-2.4614067,5.0,3366.0,
,,,,,,,,,,,,,,,,,,,,,,2019.0,,Somalia,somalia_surveys_province,,,,,,,,,,,,,,,,,,,,,,,,,,,,,,,,,,,,,,,,,,,,,,,,,,,,,,,,,,,,ANC4,cov,Benadir Region,42.55910873413086,delivery,,-2.4614067,5.0,3366.0,
,,,,,,,,,,,,,,,,,,,,,,2019.0,,Somalia,somalia_surveys_province,,,,,,,,,,,,,,,,,,,,,,,,,,,,,,,,,,,,,,,,,,,,,,,,,,,,,,,,,,,,ANC4,volIM,Benadir Region,27175.15003633499,delivery,,-9557.568,5.0,3366.0,
,,,,,,,,,,,,,,,,,,,,,,2020.0,,Somalia,somalia_surveys_province,,,,,,,,,,,,,,,,,,,,,,,,,,,,,,,,,,,,,,,,,,,,,,,,,,,,,,,,,,,,ANC4,cov,Benadir Region,42.23834991455078,delivery,,-2.4614067,5.0,3366.0,
,,,,,,,,,,,,,,,,,,,,,,2020.0,,Somalia,somalia_surveys_province,,,,,,,,,,,,,,,,,,,,,,,,,,,,,,,,,,,,,,,,,,,,,,,,,,,,,,,,,,,,ANC4,volIM,Benadir Region,28048.99996471405,delivery,,-9557.568,5.0,3366.0,
,,,,,,,,,,,,,,,,,,,,,,2021.0,,Somalia,somalia_surveys_province,,,,,,,,,,,,,,,,,,,,,,,,,,,,,,,,,,,,,,,,,,,,,,,,,,,,,,,,,,,,ANC4,cov,Benadir Region,44.14252853393555,delivery,,-2.4614067,5.0,3366.0,
,,,,,,,,,,,,,,,,,,,,,,2021.0,,Somalia,somalia_surveys_province,,,,,,,,,,,,,,,,,,,,,,,,,,,,,,,,,,,,,,,,,,,,,,,,,,,,,,,,,,,,ANC4,volIM,Benadir Region,29310.249981880188,delivery,,-9557.568,5.0,3366.0,
,,,,,,,,,,,,,,,,,,,,,,2022.0,,Somalia,somalia_surveys_province,,,,,,,,,,,,,,,,,,,,,,,,,,,,,,,,,,,,,,,,,,,,,,,,,,,,,,,,,,,,ANC4,volIM,Benadir Region,27144.000084877014,delivery,,-9557.568,5.0,3366.0,
,,,,,,,,,,,,,,,,,,,,,,2022.0,,Somalia,somalia_surveys_province,,,,,,,,,,,,,,,,,,,,,,,,,,,,,,,,,,,,,,,,,,,,,,,,,,,,,,,,,,,,ANC4,cov,Benadir Region,42.138084411621094,delivery,,-2.4614067,5.0,3366.0,
,,,,,,,,,,,,,,,,,,,,,,2023.0,,Somalia,somalia_surveys_province,,,,,,,,,,,,,,,,,,,,,,,,,,,,,,,,,,,,,,,,,,,,,,,,,,,,,,,,,,,,ANC4,volIM,Benadir Region,16980.799967765808,delivery,,-9557.568,5.0,3366.0,
,,,,,,,,,,,,,,,,,,,,,,2023.0,,Somalia,somalia_surveys_province,,,,,,,,,,,,,,,,,,,,,,,,,,,,,,,,,,,,,,,,,,,,,,,,,,,,,,,,,,,,ANC4,cov,Benadir Region,41.3764533996582,delivery,,-2.4614067,5.0,3366.0,
,,,,,,,,,,,,,,,,,,,,,,2018.0,,Somalia,somalia_surveys_province,,,,,,,,,,,,,,,,,,,,,,,,,,,,,,,,,,,,,,,,,,,,,,,,,,,,,,,,,,,,BCG,cov,Benadir Region,50.20683288574219,anc1,,21.83245,5.0,3367.0,
,,,,,,,,,,,,,,,,,,,,,,2018.0,,Somalia,somalia_surveys_province,,,,,,,,,,,,,,,,,,,,,,,,,,,,,,,,,,,,,,,,,,,,,,,,,,,,,,,,,,,,BCG,volIM,Benadir Region,86140.32497787476,anc1,,-15090.898,5.0,3367.0,
,,,,,,,,,,,,,,,,,,,,,,2019.0,,Somalia,somalia_surveys_province,,,,,,,,,,,,,,,,,,,,,,,,,,,,,,,,,,,,,,,,,,,,,,,,,,,,,,,,,,,,BCG,volIM,Benadir Region,100197.25567245483,anc1,,-15090.898,5.0,3367.0,
,,,,,,,,,,,,,,,,,,,,,,2019.0,,Somalia,somalia_surveys_province,,,,,,,,,,,,,,,,,,,,,,,,,,,,,,,,,,,,,,,,,,,,,,,,,,,,,,,,,,,,BCG,cov,Benadir Region,54.857460021972656,anc1,,21.83245,5.0,3367.0,
,,,,,,,,,,,,,,,,,,,,,,2020.0,,Somalia,somalia_surveys_province,,,,,,,,,,,,,,,,,,,,,,,,,,,,,,,,,,,,,,,,,,,,,,,,,,,,,,,,,,,,BCG,cov,Benadir Region,51.00265121459961,anc1,,21.83245,5.0,3367.0,
,,,,,,,,,,,,,,,,,,,,,,2020.0,,Somalia,somalia_surveys_province,,,,,,,,,,,,,,,,,,,,,,,,,,,,,,,,,,,,,,,,,,,,,,,,,,,,,,,,,,,,BCG,volIM,Benadir Region,95640.045627594,anc1,,-15090.898,5.0,3367.0,
,,,,,,,,,,,,,,,,,,,,,,2021.0,,Somalia,somalia_surveys_province,,,,,,,,,,,,,,,,,,,,,,,,,,,,,,,,,,,,,,,,,,,,,,,,,,,,,,,,,,,,BCG,volIM,Benadir Region,97006.00004959106,anc1,,-15090.898,5.0,3367.0,
,,,,,,,,,,,,,,,,,,,,,,2021.0,,Somalia,somalia_surveys_province,,,,,,,,,,,,,,,,,,,,,,,,,,,,,,,,,,,,,,,,,,,,,,,,,,,,,,,,,,,,BCG,cov,Benadir Region,55.7961311340332,anc1,,21.83245,5.0,3367.0,
,,,,,,,,,,,,,,,,,,,,,,2022.0,,Somalia,somalia_surveys_province,,,,,,,,,,,,,,,,,,,,,,,,,,,,,,,,,,,,,,,,,,,,,,,,,,,,,,,,,,,,BCG,volIM,Benadir Region,107556.66101264954,anc1,,-15090.898,5.0,3367.0,
,,,,,,,,,,,,,,,,,,,,,,2022.0,,Somalia,somalia_surveys_province,,,,,,,,,,,,,,,,,,,,,,,,,,,,,,,,,,,,,,,,,,,,,,,,,,,,,,,,,,,,BCG,cov,Benadir Region,72.45295715332031,anc1,,21.83245,5.0,3367.0,
,,,,,,,,,,,,,,,,,,,,,,2023.0,,Somalia,somalia_surveys_province,,,,,,,,,,,,,,,,,,,,,,,,,,,,,,,,,,,,,,,,,,,,,,,,,,,,,,,,,,,,BCG,cov,Benadir Region,72.0392837524414,anc1,,21.83245,5.0,3367.0,
,,,,,,,,,,,,,,,,,,,,,,2023.0,,Somalia,somalia_surveys_province,,,,,,,,,,,,,,,,,,,,,,,,,,,,,,,,,,,,,,,,,,,,,,,,,,,,,,,,,,,,BCG,volIM,Benadir Region,71049.43198776245,anc1,,-15090.898,5.0,3367.0,
,,,,,,,,,,,,,,,,,,,,,,2018.0,,Somalia,somalia_surveys_province,,,,,,,,,,,,,,,,,,,,,,,,,,,,,,,,,,,,,,,,,,,,,,,,,,,,,,,,,,,,Institutional Delivery,cov,Benadir Region,23.958023071289062,anc1,,4.2962036,5.0,3368.0,
,,,,,,,,,,,,,,,,,,,,,,2018.0,,Somalia,somalia_surveys_province,,,,,,,,,,,,,,,,,,,,,,,,,,,,,,,,,,,,,,,,,,,,,,,,,,,,,,,,,,,,Institutional Delivery,volIM,Benadir Region,41104.99997925758,anc1,,-13239.0,5.0,3368.0,
,,,,,,,,,,,,,,,,,,,,,,2019.0,,Somalia,somalia_surveys_province,,,,,,,,,,,,,,,,,,,,,,,,,,,,,,,,,,,,,,,,,,,,,,,,,,,,,,,,,,,,Institutional Delivery,cov,Benadir Region,23.737178802490234,anc1,,4.2962036,5.0,3368.0,
,,,,,,,,,,,,,,,,,,,,,,2019.0,,Somalia,somalia_surveys_province,,,,,,,,,,,,,,,,,,,,,,,,,,,,,,,,,,,,,,,,,,,,,,,,,,,,,,,,,,,,Institutional Delivery,volIM,Benadir Region,43355.99997854233,anc1,,-13239.0,5.0,3368.0,
,,,,,,,,,,,,,,,,,,,,,,2020.0,,Somalia,somalia_surveys_province,,,,,,,,,,,,,,,,,,,,,,,,,,,,,,,,,,,,,,,,,,,,,,,,,,,,,,,,,,,,Institutional Delivery,volIM,Benadir Region,45089.99997329712,anc1,,-13239.0,5.0,3368.0,
,,,,,,,,,,,,,,,,,,,,,,2020.0,,Somalia,somalia_surveys_province,,,,,,,,,,,,,,,,,,,,,,,,,,,,,,,,,,,,,,,,,,,,,,,,,,,,,,,,,,,,Institutional Delivery,cov,Benadir Region,24.045467376708984,anc1,,4.2962036,5.0,3368.0,
,,,,,,,,,,,,,,,,,,,,,,2021.0,,Somalia,somalia_surveys_province,,,,,,,,,,,,,,,,,,,,,,,,,,,,,,,,,,,,,,,,,,,,,,,,,,,,,,,,,,,,Institutional Delivery,volIM,Benadir Region,45085.00000619888,anc1,,-13239.0,5.0,3368.0,
,,,,,,,,,,,,,,,,,,,,,,2021.0,,Somalia,somalia_surveys_province,,,,,,,,,,,,,,,,,,,,,,,,,,,,,,,,,,,,,,,,,,,,,,,,,,,,,,,,,,,,Institutional Delivery,cov,Benadir Region,25.932092666625977,anc1,,4.2962036,5.0,3368.0,
,,,,,,,,,,,,,,,,,,,,,,2022.0,,Somalia,somalia_surveys_province,,,,,,,,,,,,,,,,,,,,,,,,,,,,,,,,,,,,,,,,,,,,,,,,,,,,,,,,,,,,Institutional Delivery,cov,Benadir Region,29.46372413635254,anc1,,4.2962036,5.0,3368.0,
,,,,,,,,,,,,,,,,,,,,,,2022.0,,Somalia,somalia_surveys_province,,,,,,,,,,,,,,,,,,,,,,,,,,,,,,,,,,,,,,,,,,,,,,,,,,,,,,,,,,,,Institutional Delivery,volIM,Benadir Region,43739.00003814697,anc1,,-13239.0,5.0,3368.0,
,,,,,,,,,,,,,,,,,,,,,,2023.0,,Somalia,somalia_surveys_province,,,,,,,,,,,,,,,,,,,,,,,,,,,,,,,,,,,,,,,,,,,,,,,,,,,,,,,,,,,,Institutional Delivery,volIM,Benadir Region,27866.000007629395,anc1,,-13239.0,5.0,3368.0,
,,,,,,,,,,,,,,,,,,,,,,2023.0,,Somalia,somalia_surveys_province,,,,,,,,,,,,,,,,,,,,,,,,,,,,,,,,,,,,,,,,,,,,,,,,,,,,,,,,,,,,Institutional Delivery,cov,Benadir Region,28.254226684570312,anc1,,4.2962036,5.0,3368.0,
,,,,,,,,,,,,,,,,,,,,,,2018.0,,Somalia,somalia_surveys_province,,,,,,,,,,,,,,,,,,,,,,,,,,,,,,,,,,,,,,,,,,,,,,,,,,,,,,,,,,,,OPD,volIM,Benadir Region,1145773.1991577148,,,-483894.5,5.0,3369.0,
,,,,,,,,,,,,,,,,,,,,,,2019.0,,Somalia,somalia_surveys_province,,,,,,,,,,,,,,,,,,,,,,,,,,,,,,,,,,,,,,,,,,,,,,,,,,,,,,,,,,,,OPD,volIM,Benadir Region,1171308.1569824219,,,-483894.5,5.0,3369.0,
,,,,,,,,,,,,,,,,,,,,,,2020.0,,Somalia,somalia_surveys_province,,,,,,,,,,,,,,,,,,,,,,,,,,,,,,,,,,,,,,,,,,,,,,,,,,,,,,,,,,,,OPD,volIM,Benadir Region,1254493.0838012695,,,-483894.5,5.0,3369.0,
,,,,,,,,,,,,,,,,,,,,,,2021.0,,Somalia,somalia_surveys_province,,,,,,,,,,,,,,,,,,,,,,,,,,,,,,,,,,,,,,,,,,,,,,,,,,,,,,,,,,,,OPD,volIM,Benadir Region,1188021.4983825684,,,-483894.5,5.0,3369.0,
,,,,,,,,,,,,,,,,,,,,,,2022.0,,Somalia,somalia_surveys_province,,,,,,,,,,,,,,,,,,,,,,,,,,,,,,,,,,,,,,,,,,,,,,,,,,,,,,,,,,,,OPD,volIM,Benadir Region,1066774.473953247,,,-483894.5,5.0,3369.0,
,,,,,,,,,,,,,,,,,,,,,,2023.0,,Somalia,somalia_surveys_province,,,,,,,,,,,,,,,,,,,,,,,,,,,,,,,,,,,,,,,,,,,,,,,,,,,,,,,,,,,,OPD,volIM,Benadir Region,661878.7503662109,,,-483894.5,5.0,3369.0,
,,,,,,,,,,,,,,,,,,,,,,2018.0,,Somalia,somalia_surveys_province,,,,,,,,,,,,,,,,,,,,,,,,,,,,,,,,,,,,,,,,,,,,,,,,,,,,,,,,,,,,PNC1,volIM,Benadir Region,39086.84596431255,,,-7565.881,5.0,3370.0,
,,,,,,,,,,,,,,,,,,,,,,2019.0,,Somalia,somalia_surveys_province,,,,,,,,,,,,,,,,,,,,,,,,,,,,,,,,,,,,,,,,,,,,,,,,,,,,,,,,,,,,PNC1,volIM,Benadir Region,37210.538643836975,,,-7565.881,5.0,3370.0,
,,,,,,,,,,,,,,,,,,,,,,2020.0,,Somalia,somalia_surveys_province,,,,,,,,,,,,,,,,,,,,,,,,,,,,,,,,,,,,,,,,,,,,,,,,,,,,,,,,,,,,PNC1,volIM,Benadir Region,44278.000007629395,,,-7565.881,5.0,3370.0,
,,,,,,,,,,,,,,,,,,,,,,2021.0,,Somalia,somalia_surveys_province,,,,,,,,,,,,,,,,,,,,,,,,,,,,,,,,,,,,,,,,,,,,,,,,,,,,,,,,,,,,PNC1,volIM,Benadir Region,42434.000133514404,,,-7565.881,5.0,3370.0,
,,,,,,,,,,,,,,,,,,,,,,2022.0,,Somalia,somalia_surveys_province,,,,,,,,,,,,,,,,,,,,,,,,,,,,,,,,,,,,,,,,,,,,,,,,,,,,,,,,,,,,PNC1,volIM,Benadir Region,49816.95004081726,,,-7565.881,5.0,3370.0,
,,,,,,,,,,,,,,,,,,,,,,2023.0,,Somalia,somalia_surveys_province,,,,,,,,,,,,,,,,,,,,,,,,,,,,,,,,,,,,,,,,,,,,,,,,,,,,,,,,,,,,PNC1,volIM,Benadir Region,31520.966632843018,,,-7565.881,5.0,3370.0,
,,,,,,,,,,,,,,,,,,,,,,2018.0,,Somalia,somalia_surveys_province,,,,,,,,,,,,,,,,,,,,,,,,,,,,,,,,,,,,,,,,,,,,,,,,,,,,,,,,,,,,Penta 1,volIM,Benadir Region,90555.69993209839,anc1,,-32295.992,5.0,3371.0,
,,,,,,,,,,,,,,,,,,,,,,2018.0,,Somalia,somalia_surveys_province,,,,,,,,,,,,,,,,,,,,,,,,,,,,,,,,,,,,,,,,,,,,,,,,,,,,,,,,,,,,Penta 1,cov,Benadir Region,54.8146858215332,anc1,,6.533531,5.0,3371.0,
,,,,,,,,,,,,,,,,,,,,,,2019.0,,Somalia,somalia_surveys_province,,,,,,,,,,,,,,,,,,,,,,,,,,,,,,,,,,,,,,,,,,,,,,,,,,,,,,,,,,,,Penta 1,cov,Benadir Region,55.64888000488281,anc1,,6.533531,5.0,3371.0,
,,,,,,,,,,,,,,,,,,,,,,2019.0,,Somalia,somalia_surveys_province,,,,,,,,,,,,,,,,,,,,,,,,,,,,,,,,,,,,,,,,,,,,,,,,,,,,,,,,,,,,Penta 1,volIM,Benadir Region,97870.48321151733,anc1,,-32295.992,5.0,3371.0,
,,,,,,,,,,,,,,,,,,,,,,2020.0,,Somalia,somalia_surveys_province,,,,,,,,,,,,,,,,,,,,,,,,,,,,,,,,,,,,,,,,,,,,,,,,,,,,,,,,,,,,Penta 1,volIM,Benadir Region,82024.00011444092,anc1,,-32295.992,5.0,3371.0,
,,,,,,,,,,,,,,,,,,,,,,2020.0,,Somalia,somalia_surveys_province,,,,,,,,,,,,,,,,,,,,,,,,,,,,,,,,,,,,,,,,,,,,,,,,,,,,,,,,,,,,Penta 1,cov,Benadir Region,45.427486419677734,anc1,,6.533531,5.0,3371.0,
,,,,,,,,,,,,,,,,,,,,,,2021.0,,Somalia,somalia_surveys_province,,,,,,,,,,,,,,,,,,,,,,,,,,,,,,,,,,,,,,,,,,,,,,,,,,,,,,,,,,,,Penta 1,cov,Benadir Region,46.38736343383789,anc1,,6.533531,5.0,3371.0,
,,,,,,,,,,,,,,,,,,,,,,2021.0,,Somalia,somalia_surveys_province,,,,,,,,,,,,,,,,,,,,,,,,,,,,,,,,,,,,,,,,,,,,,,,,,,,,,,,,,,,,Penta 1,volIM,Benadir Region,77655.00003051758,anc1,,-32295.992,5.0,3371.0,
,,,,,,,,,,,,,,,,,,,,,,2022.0,,Somalia,somalia_surveys_province,,,,,,,,,,,,,,,,,,,,,,,,,,,,,,,,,,,,,,,,,,,,,,,,,,,,,,,,,,,,Penta 1,cov,Benadir Region,58.70427703857422,anc1,,6.533531,5.0,3371.0,
,,,,,,,,,,,,,,,,,,,,,,2022.0,,Somalia,somalia_surveys_province,,,,,,,,,,,,,,,,,,,,,,,,,,,,,,,,,,,,,,,,,,,,,,,,,,,,,,,,,,,,Penta 1,volIM,Benadir Region,83912.40016555786,anc1,,-32295.992,5.0,3371.0,
,,,,,,,,,,,,,,,,,,,,,,2023.0,,Somalia,somalia_surveys_province,,,,,,,,,,,,,,,,,,,,,,,,,,,,,,,,,,,,,,,,,,,,,,,,,,,,,,,,,,,,Penta 1,volIM,Benadir Region,58259.71276092529,anc1,,-32295.992,5.0,3371.0,
,,,,,,,,,,,,,,,,,,,,,,2023.0,,Somalia,somalia_surveys_province,,,,,,,,,,,,,,,,,,,,,,,,,,,,,,,,,,,,,,,,,,,,,,,,,,,,,,,,,,,,Penta 1,cov,Benadir Region,61.34821701049805,anc1,,6.533531,5.0,3371.0,
,,,,,,,,,,,,,,,,,,,,,,2018.0,,Somalia,somalia_surveys_province,,,,,,,,,,,,,,,,,,,,,,,,,,,,,,,,,,,,,,,,,,,,,,,,,,,,,,,,,,,,Penta 3,cov,Benadir Region,47.590457916259766,anc1,,4.2463417,5.0,3372.0,
,,,,,,,,,,,,,,,,,,,,,,2018.0,,Somalia,somalia_surveys_province,,,,,,,,,,,,,,,,,,,,,,,,,,,,,,,,,,,,,,,,,,,,,,,,,,,,,,,,,,,,Penta 3,volIM,Benadir Region,78621.03329849243,anc1,,-29393.895,5.0,3372.0,
,,,,,,,,,,,,,,,,,,,,,,2019.0,,Somalia,somalia_surveys_province,,,,,,,,,,,,,,,,,,,,,,,,,,,,,,,,,,,,,,,,,,,,,,,,,,,,,,,,,,,,Penta 3,volIM,Benadir Region,85834.52787399292,anc1,,-29393.895,5.0,3372.0,
,,,,,,,,,,,,,,,,,,,,,,2019.0,,Somalia,somalia_surveys_province,,,,,,,,,,,,,,,,,,,,,,,,,,,,,,,,,,,,,,,,,,,,,,,,,,,,,,,,,,,,Penta 3,cov,Benadir Region,48.805267333984375,anc1,,4.2463417,5.0,3372.0,
,,,,,,,,,,,,,,,,,,,,,,2020.0,,Somalia,somalia_surveys_province,,,,,,,,,,,,,,,,,,,,,,,,,,,,,,,,,,,,,,,,,,,,,,,,,,,,,,,,,,,,Penta 3,cov,Benadir Region,39.49728012084961,anc1,,4.2463417,5.0,3372.0,
,,,,,,,,,,,,,,,,,,,,,,2020.0,,Somalia,somalia_surveys_province,,,,,,,,,,,,,,,,,,,,,,,,,,,,,,,,,,,,,,,,,,,,,,,,,,,,,,,,,,,,Penta 3,volIM,Benadir Region,71316.39989376068,anc1,,-29393.895,5.0,3372.0,
,,,,,,,,,,,,,,,,,,,,,,2021.0,,Somalia,somalia_surveys_province,,,,,,,,,,,,,,,,,,,,,,,,,,,,,,,,,,,,,,,,,,,,,,,,,,,,,,,,,,,,Penta 3,volIM,Benadir Region,67959.99997329712,anc1,,-29393.895,5.0,3372.0,
,,,,,,,,,,,,,,,,,,,,,,2021.0,,Somalia,somalia_surveys_province,,,,,,,,,,,,,,,,,,,,,,,,,,,,,,,,,,,,,,,,,,,,,,,,,,,,,,,,,,,,Penta 3,cov,Benadir Region,40.596038818359375,anc1,,4.2463417,5.0,3372.0,
,,,,,,,,,,,,,,,,,,,,,,2022.0,,Somalia,somalia_surveys_province,,,,,,,,,,,,,,,,,,,,,,,,,,,,,,,,,,,,,,,,,,,,,,,,,,,,,,,,,,,,Penta 3,volIM,Benadir Region,69818.18323516846,anc1,,-29393.895,5.0,3372.0,
,,,,,,,,,,,,,,,,,,,,,,2022.0,,Somalia,somalia_surveys_province,,,,,,,,,,,,,,,,,,,,,,,,,,,,,,,,,,,,,,,,,,,,,,,,,,,,,,,,,,,,Penta 3,cov,Benadir Region,48.8441047668457,anc1,,4.2463417,5.0,3372.0,
,,,,,,,,,,,,,,,,,,,,,,2023.0,,Somalia,somalia_surveys_province,,,,,,,,,,,,,,,,,,,,,,,,,,,,,,,,,,,,,,,,,,,,,,,,,,,,,,,,,,,,Penta 3,cov,Benadir Region,51.83679962158203,anc1,,4.2463417,5.0,3372.0,
,,,,,,,,,,,,,,,,,,,,,,2023.0,,Somalia,somalia_surveys_province,,,,,,,,,,,,,,,,,,,,,,,,,,,,,,,,,,,,,,,,,,,,,,,,,,,,,,,,,,,,Penta 3,volIM,Benadir Region,49227.135761260986,anc1,,-29393.895,5.0,3372.0,
,,,,,,,,,,,,,,,,,,,,,,2018.0,,Somalia,somalia_surveys_province,,,,,,,,,,,,,,,,,,,,,,,,,,,,,,,,,,,,,,,,,,,,,,,,,,,,,,,,,,,,ANC1,cov,Galgadud Region,320.6065368652344,delivery,,-214.16881,5.0,3373.0,
,,,,,,,,,,,,,,,,,,,,,,2018.0,,Somalia,somalia_surveys_province,,,,,,,,,,,,,,,,,,,,,,,,,,,,,,,,,,,,,,,,,,,,,,,,,,,,,,,,,,,,ANC1,volIM,Galgadud Region,29746.999866485596,delivery,,-16016.167,5.0,3373.0,
,,,,,,,,,,,,,,,,,,,,,,2019.0,,Somalia,somalia_surveys_province,,,,,,,,,,,,,,,,,,,,,,,,,,,,,,,,,,,,,,,,,,,,,,,,,,,,,,,,,,,,ANC1,cov,Galgadud Region,250.8363800048828,delivery,,-214.16881,5.0,3373.0,
,,,,,,,,,,,,,,,,,,,,,,2019.0,,Somalia,somalia_surveys_province,,,,,,,,,,,,,,,,,,,,,,,,,,,,,,,,,,,,,,,,,,,,,,,,,,,,,,,,,,,,ANC1,volIM,Galgadud Region,28039.0,delivery,,-16016.167,5.0,3373.0,
,,,,,,,,,,,,,,,,,,,,,,2020.0,,Somalia,somalia_surveys_province,,,,,,,,,,,,,,,,,,,,,,,,,,,,,,,,,,,,,,,,,,,,,,,,,,,,,,,,,,,,ANC1,cov,Galgadud Region,167.44993591308594,delivery,,-214.16881,5.0,3373.0,
,,,,,,,,,,,,,,,,,,,,,,2020.0,,Somalia,somalia_surveys_province,,,,,,,,,,,,,,,,,,,,,,,,,,,,,,,,,,,,,,,,,,,,,,,,,,,,,,,,,,,,ANC1,volIM,Galgadud Region,28483.749921798706,delivery,,-16016.167,5.0,3373.0,
,,,,,,,,,,,,,,,,,,,,,,2021.0,,Somalia,somalia_surveys_province,,,,,,,,,,,,,,,,,,,,,,,,,,,,,,,,,,,,,,,,,,,,,,,,,,,,,,,,,,,,ANC1,volIM,Galgadud Region,26146.000038146973,delivery,,-16016.167,5.0,3373.0,
,,,,,,,,,,,,,,,,,,,,,,2021.0,,Somalia,somalia_surveys_province,,,,,,,,,,,,,,,,,,,,,,,,,,,,,,,,,,,,,,,,,,,,,,,,,,,,,,,,,,,,ANC1,cov,Galgadud Region,153.2821044921875,delivery,,-214.16881,5.0,3373.0,
,,,,,,,,,,,,,,,,,,,,,,2022.0,,Somalia,somalia_surveys_province,,,,,,,,,,,,,,,,,,,,,,,,,,,,,,,,,,,,,,,,,,,,,,,,,,,,,,,,,,,,ANC1,cov,Galgadud Region,110.28999328613281,delivery,,-214.16881,5.0,3373.0,
,,,,,,,,,,,,,,,,,,,,,,2022.0,,Somalia,somalia_surveys_province,,,,,,,,,,,,,,,,,,,,,,,,,,,,,,,,,,,,,,,,,,,,,,,,,,,,,,,,,,,,ANC1,volIM,Galgadud Region,19210.59997177124,delivery,,-16016.167,5.0,3373.0,
,,,,,,,,,,,,,,,,,,,,,,2023.0,,Somalia,somalia_surveys_province,,,,,,,,,,,,,,,,,,,,,,,,,,,,,,,,,,,,,,,,,,,,,,,,,,,,,,,,,,,,ANC1,volIM,Galgadud Region,13730.833290100098,delivery,,-16016.167,5.0,3373.0,
,,,,,,,,,,,,,,,,,,,,,,2023.0,,Somalia,somalia_surveys_province,,,,,,,,,,,,,,,,,,,,,,,,,,,,,,,,,,,,,,,,,,,,,,,,,,,,,,,,,,,,ANC1,cov,Galgadud Region,106.43772888183594,delivery,,-214.16881,5.0,3373.0,
,,,,,,,,,,,,,,,,,,,,,,2018.0,,Somalia,somalia_surveys_province,,,,,,,,,,,,,,,,,,,,,,,,,,,,,,,,,,,,,,,,,,,,,,,,,,,,,,,,,,,,ANC4,cov,Galgadud Region,45.708553314208984,delivery,,-5.6010933,5.0,3374.0,
,,,,,,,,,,,,,,,,,,,,,,2018.0,,Somalia,somalia_surveys_province,,,,,,,,,,,,,,,,,,,,,,,,,,,,,,,,,,,,,,,,,,,,,,,,,,,,,,,,,,,,ANC4,volIM,Galgadud Region,4240.99999833107,delivery,,933.0,5.0,3374.0,
,,,,,,,,,,,,,,,,,,,,,,2019.0,,Somalia,somalia_surveys_province,,,,,,,,,,,,,,,,,,,,,,,,,,,,,,,,,,,,,,,,,,,,,,,,,,,,,,,,,,,,ANC4,cov,Galgadud Region,35.26356887817383,delivery,,-5.6010933,5.0,3374.0,
,,,,,,,,,,,,,,,,,,,,,,2019.0,,Somalia,somalia_surveys_province,,,,,,,,,,,,,,,,,,,,,,,,,,,,,,,,,,,,,,,,,,,,,,,,,,,,,,,,,,,,ANC4,volIM,Galgadud Region,3941.833333492279,delivery,,933.0,5.0,3374.0,
,,,,,,,,,,,,,,,,,,,,,,2020.0,,Somalia,somalia_surveys_province,,,,,,,,,,,,,,,,,,,,,,,,,,,,,,,,,,,,,,,,,,,,,,,,,,,,,,,,,,,,ANC4,cov,Galgadud Region,49.681636810302734,delivery,,-5.6010933,5.0,3374.0,
,,,,,,,,,,,,,,,,,,,,,,2020.0,,Somalia,somalia_surveys_province,,,,,,,,,,,,,,,,,,,,,,,,,,,,,,,,,,,,,,,,,,,,,,,,,,,,,,,,,,,,ANC4,volIM,Galgadud Region,8451.000001430511,delivery,,933.0,5.0,3374.0,
,,,,,,,,,,,,,,,,,,,,,,2021.0,,Somalia,somalia_surveys_province,,,,,,,,,,,,,,,,,,,,,,,,,,,,,,,,,,,,,,,,,,,,,,,,,,,,,,,,,,,,ANC4,volIM,Galgadud Region,7753.9999742507935,delivery,,933.0,5.0,3374.0,
,,,,,,,,,,,,,,,,,,,,,,2021.0,,Somalia,somalia_surveys_province,,,,,,,,,,,,,,,,,,,,,,,,,,,,,,,,,,,,,,,,,,,,,,,,,,,,,,,,,,,,ANC4,cov,Galgadud Region,45.45817565917969,delivery,,-5.6010933,5.0,3374.0,
,,,,,,,,,,,,,,,,,,,,,,2022.0,,Somalia,somalia_surveys_province,,,,,,,,,,,,,,,,,,,,,,,,,,,,,,,,,,,,,,,,,,,,,,,,,,,,,,,,,,,,ANC4,cov,Galgadud Region,41.68421936035156,delivery,,-5.6010933,5.0,3374.0,
,,,,,,,,,,,,,,,,,,,,,,2022.0,,Somalia,somalia_surveys_province,,,,,,,,,,,,,,,,,,,,,,,,,,,,,,,,,,,,,,,,,,,,,,,,,,,,,,,,,,,,ANC4,volIM,Galgadud Region,7260.666670799255,delivery,,933.0,5.0,3374.0,
,,,,,,,,,,,,,,,,,,,,,,2023.0,,Somalia,somalia_surveys_province,,,,,,,,,,,,,,,,,,,,,,,,,,,,,,,,,,,,,,,,,,,,,,,,,,,,,,,,,,,,ANC4,volIM,Galgadud Region,5174.000003814697,delivery,,933.0,5.0,3374.0,
,,,,,,,,,,,,,,,,,,,,,,2023.0,,Somalia,somalia_surveys_province,,,,,,,,,,,,,,,,,,,,,,,,,,,,,,,,,,,,,,,,,,,,,,,,,,,,,,,,,,,,ANC4,cov,Galgadud Region,40.107460021972656,delivery,,-5.6010933,5.0,3374.0,
,,,,,,,,,,,,,,,,,,,,,,2018.0,,Somalia,somalia_surveys_province,,,,,,,,,,,,,,,,,,,,,,,,,,,,,,,,,,,,,,,,,,,,,,,,,,,,,,,,,,,,BCG,volIM,Galgadud Region,12658.999975204468,anc1,,-448.667,5.0,3375.0,
,,,,,,,,,,,,,,,,,,,,,,2018.0,,Somalia,somalia_surveys_province,,,,,,,,,,,,,,,,,,,,,,,,,,,,,,,,,,,,,,,,,,,,,,,,,,,,,,,,,,,,BCG,cov,Galgadud Region,30.873825073242188,anc1,,33.641792,5.0,3375.0,
,,,,,,,,,,,,,,,,,,,,,,2019.0,,Somalia,somalia_surveys_province,,,,,,,,,,,,,,,,,,,,,,,,,,,,,,,,,,,,,,,,,,,,,,,,,,,,,,,,,,,,BCG,volIM,Galgadud Region,10726.999994277954,anc1,,-448.667,5.0,3375.0,
,,,,,,,,,,,,,,,,,,,,,,2019.0,,Somalia,somalia_surveys_province,,,,,,,,,,,,,,,,,,,,,,,,,,,,,,,,,,,,,,,,,,,,,,,,,,,,,,,,,,,,BCG,cov,Galgadud Region,27.755556106567383,anc1,,33.641792,5.0,3375.0,
,,,,,,,,,,,,,,,,,,,,,,2020.0,,Somalia,somalia_surveys_province,,,,,,,,,,,,,,,,,,,,,,,,,,,,,,,,,,,,,,,,,,,,,,,,,,,,,,,,,,,,BCG,cov,Galgadud Region,51.70506286621094,anc1,,33.641792,5.0,3375.0,
,,,,,,,,,,,,,,,,,,,,,,2020.0,,Somalia,somalia_surveys_province,,,,,,,,,,,,,,,,,,,,,,,,,,,,,,,,,,,,,,,,,,,,,,,,,,,,,,,,,,,,BCG,volIM,Galgadud Region,20300.00001525879,anc1,,-448.667,5.0,3375.0,
,,,,,,,,,,,,,,,,,,,,,,2021.0,,Somalia,somalia_surveys_province,,,,,,,,,,,,,,,,,,,,,,,,,,,,,,,,,,,,,,,,,,,,,,,,,,,,,,,,,,,,BCG,cov,Galgadud Region,61.01191329956055,anc1,,33.641792,5.0,3375.0,
,,,,,,,,,,,,,,,,,,,,,,2021.0,,Somalia,somalia_surveys_province,,,,,,,,,,,,,,,,,,,,,,,,,,,,,,,,,,,,,,,,,,,,,,,,,,,,,,,,,,,,BCG,volIM,Galgadud Region,21987.999977111816,anc1,,-448.667,5.0,3375.0,
,,,,,,,,,,,,,,,,,,,,,,2022.0,,Somalia,somalia_surveys_province,,,,,,,,,,,,,,,,,,,,,,,,,,,,,,,,,,,,,,,,,,,,,,,,,,,,,,,,,,,,BCG,cov,Galgadud Region,81.88089752197266,anc1,,33.641792,5.0,3375.0,
,,,,,,,,,,,,,,,,,,,,,,2022.0,,Somalia,somalia_surveys_province,,,,,,,,,,,,,,,,,,,,,,,,,,,,,,,,,,,,,,,,,,,,,,,,,,,,,,,,,,,,BCG,volIM,Galgadud Region,21681.500007629395,anc1,,-448.667,5.0,3375.0,
,,,,,,,,,,,,,,,,,,,,,,2023.0,,Somalia,somalia_surveys_province,,,,,,,,,,,,,,,,,,,,,,,,,,,,,,,,,,,,,,,,,,,,,,,,,,,,,,,,,,,,BCG,volIM,Galgadud Region,12210.333393096924,anc1,,-448.667,5.0,3375.0,
,,,,,,,,,,,,,,,,,,,,,,2023.0,,Somalia,somalia_surveys_province,,,,,,,,,,,,,,,,,,,,,,,,,,,,,,,,,,,,,,,,,,,,,,,,,,,,,,,,,,,,BCG,cov,Galgadud Region,64.51561737060547,anc1,,33.641792,5.0,3375.0,
,,,,,,,,,,,,,,,,,,,,,,2018.0,,Somalia,somalia_surveys_province,,,,,,,,,,,,,,,,,,,,,,,,,,,,,,,,,,,,,,,,,,,,,,,,,,,,,,,,,,,,Institutional Delivery,volIM,Galgadud Region,6300.000003814697,anc1,,2459.333,5.0,3376.0,
,,,,,,,,,,,,,,,,,,,,,,2018.0,,Somalia,somalia_surveys_province,,,,,,,,,,,,,,,,,,,,,,,,,,,,,,,,,,,,,,,,,,,,,,,,,,,,,,,,,,,,Institutional Delivery,cov,Galgadud Region,15.364965438842773,anc1,,30.916636,5.0,3376.0,
,,,,,,,,,,,,,,,,,,,,,,2019.0,,Somalia,somalia_surveys_province,,,,,,,,,,,,,,,,,,,,,,,,,,,,,,,,,,,,,,,,,,,,,,,,,,,,,,,,,,,,Institutional Delivery,cov,Galgadud Region,19.638731002807617,anc1,,30.916636,5.0,3376.0,
,,,,,,,,,,,,,,,,,,,,,,2019.0,,Somalia,somalia_surveys_province,,,,,,,,,,,,,,,,,,,,,,,,,,,,,,,,,,,,,,,,,,,,,,,,,,,,,,,,,,,,Institutional Delivery,volIM,Galgadud Region,7590.000004768372,anc1,,2459.333,5.0,3376.0,
,,,,,,,,,,,,,,,,,,,,,,2020.0,,Somalia,somalia_surveys_province,,,,,,,,,,,,,,,,,,,,,,,,,,,,,,,,,,,,,,,,,,,,,,,,,,,,,,,,,,,,Institutional Delivery,volIM,Galgadud Region,11549.999967575073,anc1,,2459.333,5.0,3376.0,
,,,,,,,,,,,,,,,,,,,,,,2020.0,,Somalia,somalia_surveys_province,,,,,,,,,,,,,,,,,,,,,,,,,,,,,,,,,,,,,,,,,,,,,,,,,,,,,,,,,,,,Institutional Delivery,cov,Galgadud Region,29.418397903442383,anc1,,30.916636,5.0,3376.0,
,,,,,,,,,,,,,,,,,,,,,,2021.0,,Somalia,somalia_surveys_province,,,,,,,,,,,,,,,,,,,,,,,,,,,,,,,,,,,,,,,,,,,,,,,,,,,,,,,,,,,,Institutional Delivery,volIM,Galgadud Region,11581.999985694885,anc1,,2459.333,5.0,3376.0,
,,,,,,,,,,,,,,,,,,,,,,2021.0,,Somalia,somalia_surveys_province,,,,,,,,,,,,,,,,,,,,,,,,,,,,,,,,,,,,,,,,,,,,,,,,,,,,,,,,,,,,Institutional Delivery,cov,Galgadud Region,32.13752746582031,anc1,,30.916636,5.0,3376.0,
,,,,,,,,,,,,,,,,,,,,,,2022.0,,Somalia,somalia_surveys_province,,,,,,,,,,,,,,,,,,,,,,,,,,,,,,,,,,,,,,,,,,,,,,,,,,,,,,,,,,,,Institutional Delivery,cov,Galgadud Region,44.66505432128906,anc1,,30.916636,5.0,3376.0,
,,,,,,,,,,,,,,,,,,,,,,2022.0,,Somalia,somalia_surveys_province,,,,,,,,,,,,,,,,,,,,,,,,,,,,,,,,,,,,,,,,,,,,,,,,,,,,,,,,,,,,Institutional Delivery,volIM,Galgadud Region,11827.0,anc1,,2459.333,5.0,3376.0,
,,,,,,,,,,,,,,,,,,,,,,2023.0,,Somalia,somalia_surveys_province,,,,,,,,,,,,,,,,,,,,,,,,,,,,,,,,,,,,,,,,,,,,,,,,,,,,,,,,,,,,Institutional Delivery,cov,Galgadud Region,46.28160095214844,anc1,,30.916636,5.0,3376.0,
,,,,,,,,,,,,,,,,,,,,,,2023.0,,Somalia,somalia_surveys_province,,,,,,,,,,,,,,,,,,,,,,,,,,,,,,,,,,,,,,,,,,,,,,,,,,,,,,,,,,,,Institutional Delivery,volIM,Galgadud Region,8759.333292007446,anc1,,2459.333,5.0,3376.0,
,,,,,,,,,,,,,,,,,,,,,,2018.0,,Somalia,somalia_surveys_province,,,,,,,,,,,,,,,,,,,,,,,,,,,,,,,,,,,,,,,,,,,,,,,,,,,,,,,,,,,,OPD,volIM,Galgadud Region,238260.65002441406,,,-87653.28,5.0,3377.0,
,,,,,,,,,,,,,,,,,,,,,,2019.0,,Somalia,somalia_surveys_province,,,,,,,,,,,,,,,,,,,,,,,,,,,,,,,,,,,,,,,,,,,,,,,,,,,,,,,,,,,,OPD,volIM,Galgadud Region,293813.6665344238,,,-87653.28,5.0,3377.0,
,,,,,,,,,,,,,,,,,,,,,,2020.0,,Somalia,somalia_surveys_province,,,,,,,,,,,,,,,,,,,,,,,,,,,,,,,,,,,,,,,,,,,,,,,,,,,,,,,,,,,,OPD,volIM,Galgadud Region,341549.00018310547,,,-87653.28,5.0,3377.0,
,,,,,,,,,,,,,,,,,,,,,,2021.0,,Somalia,somalia_surveys_province,,,,,,,,,,,,,,,,,,,,,,,,,,,,,,,,,,,,,,,,,,,,,,,,,,,,,,,,,,,,OPD,volIM,Galgadud Region,286465.7996520996,,,-87653.28,5.0,3377.0,
,,,,,,,,,,,,,,,,,,,,,,2022.0,,Somalia,somalia_surveys_province,,,,,,,,,,,,,,,,,,,,,,,,,,,,,,,,,,,,,,,,,,,,,,,,,,,,,,,,,,,,OPD,volIM,Galgadud Region,245226.99990844727,,,-87653.28,5.0,3377.0,
,,,,,,,,,,,,,,,,,,,,,,2023.0,,Somalia,somalia_surveys_province,,,,,,,,,,,,,,,,,,,,,,,,,,,,,,,,,,,,,,,,,,,,,,,,,,,,,,,,,,,,OPD,volIM,Galgadud Region,150607.375,,,-87653.28,5.0,3377.0,
,,,,,,,,,,,,,,,,,,,,,,2018.0,,Somalia,somalia_surveys_province,,,,,,,,,,,,,,,,,,,,,,,,,,,,,,,,,,,,,,,,,,,,,,,,,,,,,,,,,,,,PNC1,volIM,Galgadud Region,5032.9999985694885,,,5038.093,5.0,3378.0,
,,,,,,,,,,,,,,,,,,,,,,2019.0,,Somalia,somalia_surveys_province,,,,,,,,,,,,,,,,,,,,,,,,,,,,,,,,,,,,,,,,,,,,,,,,,,,,,,,,,,,,PNC1,volIM,Galgadud Region,6948.999995231628,,,5038.093,5.0,3378.0,
,,,,,,,,,,,,,,,,,,,,,,2020.0,,Somalia,somalia_surveys_province,,,,,,,,,,,,,,,,,,,,,,,,,,,,,,,,,,,,,,,,,,,,,,,,,,,,,,,,,,,,PNC1,volIM,Galgadud Region,10992.999963998795,,,5038.093,5.0,3378.0,
,,,,,,,,,,,,,,,,,,,,,,2021.0,,Somalia,somalia_surveys_province,,,,,,,,,,,,,,,,,,,,,,,,,,,,,,,,,,,,,,,,,,,,,,,,,,,,,,,,,,,,PNC1,volIM,Galgadud Region,11585.000034332275,,,5038.093,5.0,3378.0,
,,,,,,,,,,,,,,,,,,,,,,2022.0,,Somalia,somalia_surveys_province,,,,,,,,,,,,,,,,,,,,,,,,,,,,,,,,,,,,,,,,,,,,,,,,,,,,,,,,,,,,PNC1,volIM,Galgadud Region,13960.533319473267,,,5038.093,5.0,3378.0,
,,,,,,,,,,,,,,,,,,,,,,2023.0,,Somalia,somalia_surveys_province,,,,,,,,,,,,,,,,,,,,,,,,,,,,,,,,,,,,,,,,,,,,,,,,,,,,,,,,,,,,PNC1,volIM,Galgadud Region,10071.092887878418,,,5038.093,5.0,3378.0,
,,,,,,,,,,,,,,,,,,,,,,2018.0,,Somalia,somalia_surveys_province,,,,,,,,,,,,,,,,,,,,,,,,,,,,,,,,,,,,,,,,,,,,,,,,,,,,,,,,,,,,Penta 1,volIM,Galgadud Region,13848.000038146973,anc1,,2186.0,5.0,3379.0,
,,,,,,,,,,,,,,,,,,,,,,2018.0,,Somalia,somalia_surveys_province,,,,,,,,,,,,,,,,,,,,,,,,,,,,,,,,,,,,,,,,,,,,,,,,,,,,,,,,,,,,Penta 1,cov,Galgadud Region,35.07542037963867,anc1,,52.90864,5.0,3379.0,
,,,,,,,,,,,,,,,,,,,,,,2019.0,,Somalia,somalia_surveys_province,,,,,,,,,,,,,,,,,,,,,,,,,,,,,,,,,,,,,,,,,,,,,,,,,,,,,,,,,,,,Penta 1,cov,Galgadud Region,41.26430892944336,anc1,,52.90864,5.0,3379.0,
,,,,,,,,,,,,,,,,,,,,,,2019.0,,Somalia,somalia_surveys_province,,,,,,,,,,,,,,,,,,,,,,,,,,,,,,,,,,,,,,,,,,,,,,,,,,,,,,,,,,,,Penta 1,volIM,Galgadud Region,15356.000007629395,anc1,,2186.0,5.0,3379.0,
,,,,,,,,,,,,,,,,,,,,,,2020.0,,Somalia,somalia_surveys_province,,,,,,,,,,,,,,,,,,,,,,,,,,,,,,,,,,,,,,,,,,,,,,,,,,,,,,,,,,,,Penta 1,volIM,Galgadud Region,26327.000017166138,anc1,,2186.0,5.0,3379.0,
,,,,,,,,,,,,,,,,,,,,,,2020.0,,Somalia,somalia_surveys_province,,,,,,,,,,,,,,,,,,,,,,,,,,,,,,,,,,,,,,,,,,,,,,,,,,,,,,,,,,,,Penta 1,cov,Galgadud Region,69.64071655273438,anc1,,52.90864,5.0,3379.0,
,,,,,,,,,,,,,,,,,,,,,,2021.0,,Somalia,somalia_surveys_province,,,,,,,,,,,,,,,,,,,,,,,,,,,,,,,,,,,,,,,,,,,,,,,,,,,,,,,,,,,,Penta 1,volIM,Galgadud Region,31168.333381652832,anc1,,2186.0,5.0,3379.0,
,,,,,,,,,,,,,,,,,,,,,,2021.0,,Somalia,somalia_surveys_province,,,,,,,,,,,,,,,,,,,,,,,,,,,,,,,,,,,,,,,,,,,,,,,,,,,,,,,,,,,,Penta 1,cov,Galgadud Region,89.81881713867188,anc1,,52.90864,5.0,3379.0,
,,,,,,,,,,,,,,,,,,,,,,2022.0,,Somalia,somalia_surveys_province,,,,,,,,,,,,,,,,,,,,,,,,,,,,,,,,,,,,,,,,,,,,,,,,,,,,,,,,,,,,Penta 1,cov,Galgadud Region,103.54133605957031,anc1,,52.90864,5.0,3379.0,
,,,,,,,,,,,,,,,,,,,,,,2022.0,,Somalia,somalia_surveys_province,,,,,,,,,,,,,,,,,,,,,,,,,,,,,,,,,,,,,,,,,,,,,,,,,,,,,,,,,,,,Penta 1,volIM,Galgadud Region,26399.50001144409,anc1,,2186.0,5.0,3379.0,
,,,,,,,,,,,,,,,,,,,,,,2023.0,,Somalia,somalia_surveys_province,,,,,,,,,,,,,,,,,,,,,,,,,,,,,,,,,,,,,,,,,,,,,,,,,,,,,,,,,,,,Penta 1,cov,Galgadud Region,87.98406219482422,anc1,,52.90864,5.0,3379.0,
,,,,,,,,,,,,,,,,,,,,,,2023.0,,Somalia,somalia_surveys_province,,,,,,,,,,,,,,,,,,,,,,,,,,,,,,,,,,,,,,,,,,,,,,,,,,,,,,,,,,,,Penta 1,volIM,Galgadud Region,16034.000019073486,anc1,,2186.0,5.0,3379.0,
,,,,,,,,,,,,,,,,,,,,,,2018.0,,Somalia,somalia_surveys_province,,,,,,,,,,,,,,,,,,,,,,,,,,,,,,,,,,,,,,,,,,,,,,,,,,,,,,,,,,,,Penta 3,volIM,Galgadud Region,8090.999969959259,anc1,,5437.0,5.0,3380.0,
,,,,,,,,,,,,,,,,,,,,,,2018.0,,Somalia,somalia_surveys_province,,,,,,,,,,,,,,,,,,,,,,,,,,,,,,,,,,,,,,,,,,,,,,,,,,,,,,,,,,,,Penta 3,cov,Galgadud Region,20.49359130859375,anc1,,53.73918,5.0,3380.0,
,,,,,,,,,,,,,,,,,,,,,,2019.0,,Somalia,somalia_surveys_province,,,,,,,,,,,,,,,,,,,,,,,,,,,,,,,,,,,,,,,,,,,,,,,,,,,,,,,,,,,,Penta 3,volIM,Galgadud Region,9548.999990463257,anc1,,5437.0,5.0,3380.0,
,,,,,,,,,,,,,,,,,,,,,,2019.0,,Somalia,somalia_surveys_province,,,,,,,,,,,,,,,,,,,,,,,,,,,,,,,,,,,,,,,,,,,,,,,,,,,,,,,,,,,,Penta 3,cov,Galgadud Region,25.65986442565918,anc1,,53.73918,5.0,3380.0,
,,,,,,,,,,,,,,,,,,,,,,2020.0,,Somalia,somalia_surveys_province,,,,,,,,,,,,,,,,,,,,,,,,,,,,,,,,,,,,,,,,,,,,,,,,,,,,,,,,,,,,Penta 3,cov,Galgadud Region,57.38276290893555,anc1,,53.73918,5.0,3380.0,
,,,,,,,,,,,,,,,,,,,,,,2020.0,,Somalia,somalia_surveys_province,,,,,,,,,,,,,,,,,,,,,,,,,,,,,,,,,,,,,,,,,,,,,,,,,,,,,,,,,,,,Penta 3,volIM,Galgadud Region,21692.999975204468,anc1,,5437.0,5.0,3380.0,
,,,,,,,,,,,,,,,,,,,,,,2021.0,,Somalia,somalia_surveys_province,,,,,,,,,,,,,,,,,,,,,,,,,,,,,,,,,,,,,,,,,,,,,,,,,,,,,,,,,,,,Penta 3,cov,Galgadud Region,74.8875961303711,anc1,,53.73918,5.0,3380.0,
,,,,,,,,,,,,,,,,,,,,,,2021.0,,Somalia,somalia_surveys_province,,,,,,,,,,,,,,,,,,,,,,,,,,,,,,,,,,,,,,,,,,,,,,,,,,,,,,,,,,,,Penta 3,volIM,Galgadud Region,25987.000003814697,anc1,,5437.0,5.0,3380.0,
,,,,,,,,,,,,,,,,,,,,,,2022.0,,Somalia,somalia_surveys_province,,,,,,,,,,,,,,,,,,,,,,,,,,,,,,,,,,,,,,,,,,,,,,,,,,,,,,,,,,,,Penta 3,volIM,Galgadud Region,22581.499969482422,anc1,,5437.0,5.0,3380.0,
,,,,,,,,,,,,,,,,,,,,,,2022.0,,Somalia,somalia_surveys_province,,,,,,,,,,,,,,,,,,,,,,,,,,,,,,,,,,,,,,,,,,,,,,,,,,,,,,,,,,,,Penta 3,cov,Galgadud Region,88.56678009033203,anc1,,53.73918,5.0,3380.0,
,,,,,,,,,,,,,,,,,,,,,,2023.0,,Somalia,somalia_surveys_province,,,,,,,,,,,,,,,,,,,,,,,,,,,,,,,,,,,,,,,,,,,,,,,,,,,,,,,,,,,,Penta 3,cov,Galgadud Region,74.23277282714844,anc1,,53.73918,5.0,3380.0,
,,,,,,,,,,,,,,,,,,,,,,2023.0,,Somalia,somalia_surveys_province,,,,,,,,,,,,,,,,,,,,,,,,,,,,,,,,,,,,,,,,,,,,,,,,,,,,,,,,,,,,Penta 3,volIM,Galgadud Region,13527.999977111816,anc1,,5437.0,5.0,3380.0,
,,,,,,,,,,,,,,,,,,,,,,2018.0,,Somalia,somalia_surveys_province,,,,,,,,,,,,,,,,,,,,,,,,,,,,,,,,,,,,,,,,,,,,,,,,,,,,,,,,,,,,ANC1,volIM,Gedo Region,40149.00005722046,delivery,,-4940.547,5.0,3381.0,
,,,,,,,,,,,,,,,,,,,,,,2018.0,,Somalia,somalia_surveys_province,,,,,,,,,,,,,,,,,,,,,,,,,,,,,,,,,,,,,,,,,,,,,,,,,,,,,,,,,,,,ANC1,cov,Gedo Region,345.1217956542969,delivery,,-120.83678,5.0,3381.0,
,,,,,,,,,,,,,,,,,,,,,,2019.0,,Somalia,somalia_surveys_province,,,,,,,,,,,,,,,,,,,,,,,,,,,,,,,,,,,,,,,,,,,,,,,,,,,,,,,,,,,,ANC1,volIM,Gedo Region,43067.999950408936,delivery,,-4940.547,5.0,3381.0,
,,,,,,,,,,,,,,,,,,,,,,2019.0,,Somalia,somalia_surveys_province,,,,,,,,,,,,,,,,,,,,,,,,,,,,,,,,,,,,,,,,,,,,,,,,,,,,,,,,,,,,ANC1,cov,Gedo Region,311.9105224609375,delivery,,-120.83678,5.0,3381.0,
,,,,,,,,,,,,,,,,,,,,,,2020.0,,Somalia,somalia_surveys_province,,,,,,,,,,,,,,,,,,,,,,,,,,,,,,,,,,,,,,,,,,,,,,,,,,,,,,,,,,,,ANC1,volIM,Gedo Region,45667.99983596802,delivery,,-4940.547,5.0,3381.0,
,,,,,,,,,,,,,,,,,,,,,,2020.0,,Somalia,somalia_surveys_province,,,,,,,,,,,,,,,,,,,,,,,,,,,,,,,,,,,,,,,,,,,,,,,,,,,,,,,,,,,,ANC1,cov,Gedo Region,287.435791015625,delivery,,-120.83678,5.0,3381.0,
,,,,,,,,,,,,,,,,,,,,,,2021.0,,Somalia,somalia_surveys_province,,,,,,,,,,,,,,,,,,,,,,,,,,,,,,,,,,,,,,,,,,,,,,,,,,,,,,,,,,,,ANC1,volIM,Gedo Region,45933.999897003174,delivery,,-4940.547,5.0,3381.0,
,,,,,,,,,,,,,,,,,,,,,,2021.0,,Somalia,somalia_surveys_province,,,,,,,,,,,,,,,,,,,,,,,,,,,,,,,,,,,,,,,,,,,,,,,,,,,,,,,,,,,,ANC1,cov,Gedo Region,247.4546661376953,delivery,,-120.83678,5.0,3381.0,
,,,,,,,,,,,,,,,,,,,,,,2022.0,,Somalia,somalia_surveys_province,,,,,,,,,,,,,,,,,,,,,,,,,,,,,,,,,,,,,,,,,,,,,,,,,,,,,,,,,,,,ANC1,cov,Gedo Region,238.73280334472656,delivery,,-120.83678,5.0,3381.0,
,,,,,,,,,,,,,,,,,,,,,,2022.0,,Somalia,somalia_surveys_province,,,,,,,,,,,,,,,,,,,,,,,,,,,,,,,,,,,,,,,,,,,,,,,,,,,,,,,,,,,,ANC1,volIM,Gedo Region,50246.400062561035,delivery,,-4940.547,5.0,3381.0,
,,,,,,,,,,,,,,,,,,,,,,2023.0,,Somalia,somalia_surveys_province,,,,,,,,,,,,,,,,,,,,,,,,,,,,,,,,,,,,,,,,,,,,,,,,,,,,,,,,,,,,ANC1,cov,Gedo Region,224.28501892089844,delivery,,-120.83678,5.0,3381.0,
,,,,,,,,,,,,,,,,,,,,,,2023.0,,Somalia,somalia_surveys_province,,,,,,,,,,,,,,,,,,,,,,,,,,,,,,,,,,,,,,,,,,,,,,,,,,,,,,,,,,,,ANC1,volIM,Gedo Region,35208.45234298706,delivery,,-4940.547,5.0,3381.0,
,,,,,,,,,,,,,,,,,,,,,,2018.0,,Somalia,somalia_surveys_province,,,,,,,,,,,,,,,,,,,,,,,,,,,,,,,,,,,,,,,,,,,,,,,,,,,,,,,,,,,,ANC4,volIM,Gedo Region,7352.000002384186,delivery,,1984.0,5.0,3382.0,
,,,,,,,,,,,,,,,,,,,,,,2018.0,,Somalia,somalia_surveys_province,,,,,,,,,,,,,,,,,,,,,,,,,,,,,,,,,,,,,,,,,,,,,,,,,,,,,,,,,,,,ANC4,cov,Gedo Region,63.197975158691406,delivery,,-3.7257538,5.0,3382.0,
,,,,,,,,,,,,,,,,,,,,,,2019.0,,Somalia,somalia_surveys_province,,,,,,,,,,,,,,,,,,,,,,,,,,,,,,,,,,,,,,,,,,,,,,,,,,,,,,,,,,,,ANC4,volIM,Gedo Region,9700.100018501282,delivery,,1984.0,5.0,3382.0,
,,,,,,,,,,,,,,,,,,,,,,2019.0,,Somalia,somalia_surveys_province,,,,,,,,,,,,,,,,,,,,,,,,,,,,,,,,,,,,,,,,,,,,,,,,,,,,,,,,,,,,ANC4,cov,Gedo Region,70.25084686279297,delivery,,-3.7257538,5.0,3382.0,
,,,,,,,,,,,,,,,,,,,,,,2020.0,,Somalia,somalia_surveys_province,,,,,,,,,,,,,,,,,,,,,,,,,,,,,,,,,,,,,,,,,,,,,,,,,,,,,,,,,,,,ANC4,cov,Gedo Region,77.78792572021484,delivery,,-3.7257538,5.0,3382.0,
,,,,,,,,,,,,,,,,,,,,,,2020.0,,Somalia,somalia_surveys_province,,,,,,,,,,,,,,,,,,,,,,,,,,,,,,,,,,,,,,,,,,,,,,,,,,,,,,,,,,,,ANC4,volIM,Gedo Region,12359.000017166138,delivery,,1984.0,5.0,3382.0,
,,,,,,,,,,,,,,,,,,,,,,2021.0,,Somalia,somalia_surveys_province,,,,,,,,,,,,,,,,,,,,,,,,,,,,,,,,,,,,,,,,,,,,,,,,,,,,,,,,,,,,ANC4,cov,Gedo Region,69.68315887451172,delivery,,-3.7257538,5.0,3382.0,
,,,,,,,,,,,,,,,,,,,,,,2021.0,,Somalia,somalia_surveys_province,,,,,,,,,,,,,,,,,,,,,,,,,,,,,,,,,,,,,,,,,,,,,,,,,,,,,,,,,,,,ANC4,volIM,Gedo Region,12935.0,delivery,,1984.0,5.0,3382.0,
,,,,,,,,,,,,,,,,,,,,,,2022.0,,Somalia,somalia_surveys_province,,,,,,,,,,,,,,,,,,,,,,,,,,,,,,,,,,,,,,,,,,,,,,,,,,,,,,,,,,,,ANC4,volIM,Gedo Region,12596.999994277954,delivery,,1984.0,5.0,3382.0,
,,,,,,,,,,,,,,,,,,,,,,2022.0,,Somalia,somalia_surveys_province,,,,,,,,,,,,,,,,,,,,,,,,,,,,,,,,,,,,,,,,,,,,,,,,,,,,,,,,,,,,ANC4,cov,Gedo Region,59.85139465332031,delivery,,-3.7257538,5.0,3382.0,
,,,,,,,,,,,,,,,,,,,,,,2023.0,,Somalia,somalia_surveys_province,,,,,,,,,,,,,,,,,,,,,,,,,,,,,,,,,,,,,,,,,,,,,,,,,,,,,,,,,,,,ANC4,volIM,Gedo Region,9336.000005722046,delivery,,1984.0,5.0,3382.0,
,,,,,,,,,,,,,,,,,,,,,,2023.0,,Somalia,somalia_surveys_province,,,,,,,,,,,,,,,,,,,,,,,,,,,,,,,,,,,,,,,,,,,,,,,,,,,,,,,,,,,,ANC4,cov,Gedo Region,59.47222137451172,delivery,,-3.7257538,5.0,3382.0,
,,,,,,,,,,,,,,,,,,,,,,2018.0,,Somalia,somalia_surveys_province,,,,,,,,,,,,,,,,,,,,,,,,,,,,,,,,,,,,,,,,,,,,,,,,,,,,,,,,,,,,BCG,cov,Gedo Region,21.617387771606445,anc1,,10.471861,5.0,3383.0,
,,,,,,,,,,,,,,,,,,,,,,2018.0,,Somalia,somalia_surveys_province,,,,,,,,,,,,,,,,,,,,,,,,,,,,,,,,,,,,,,,,,,,,,,,,,,,,,,,,,,,,BCG,volIM,Gedo Region,11963.09995174408,anc1,,3609.9004,5.0,3383.0,
,,,,,,,,,,,,,,,,,,,,,,2019.0,,Somalia,somalia_surveys_province,,,,,,,,,,,,,,,,,,,,,,,,,,,,,,,,,,,,,,,,,,,,,,,,,,,,,,,,,,,,BCG,volIM,Gedo Region,13789.600015640259,anc1,,3609.9004,5.0,3383.0,
,,,,,,,,,,,,,,,,,,,,,,2019.0,,Somalia,somalia_surveys_province,,,,,,,,,,,,,,,,,,,,,,,,,,,,,,,,,,,,,,,,,,,,,,,,,,,,,,,,,,,,BCG,cov,Gedo Region,23.229034423828125,anc1,,10.471861,5.0,3383.0,
,,,,,,,,,,,,,,,,,,,,,,2020.0,,Somalia,somalia_surveys_province,,,,,,,,,,,,,,,,,,,,,,,,,,,,,,,,,,,,,,,,,,,,,,,,,,,,,,,,,,,,BCG,volIM,Gedo Region,16126.000007629395,anc1,,3609.9004,5.0,3383.0,
,,,,,,,,,,,,,,,,,,,,,,2020.0,,Somalia,somalia_surveys_province,,,,,,,,,,,,,,,,,,,,,,,,,,,,,,,,,,,,,,,,,,,,,,,,,,,,,,,,,,,,BCG,cov,Gedo Region,25.618213653564453,anc1,,10.471861,5.0,3383.0,
,,,,,,,,,,,,,,,,,,,,,,2021.0,,Somalia,somalia_surveys_province,,,,,,,,,,,,,,,,,,,,,,,,,,,,,,,,,,,,,,,,,,,,,,,,,,,,,,,,,,,,BCG,cov,Gedo Region,30.56865119934082,anc1,,10.471861,5.0,3383.0,
,,,,,,,,,,,,,,,,,,,,,,2021.0,,Somalia,somalia_surveys_province,,,,,,,,,,,,,,,,,,,,,,,,,,,,,,,,,,,,,,,,,,,,,,,,,,,,,,,,,,,,BCG,volIM,Gedo Region,19354.25,anc1,,3609.9004,5.0,3383.0,
,,,,,,,,,,,,,,,,,,,,,,2022.0,,Somalia,somalia_surveys_province,,,,,,,,,,,,,,,,,,,,,,,,,,,,,,,,,,,,,,,,,,,,,,,,,,,,,,,,,,,,BCG,volIM,Gedo Region,25829.33335494995,anc1,,3609.9004,5.0,3383.0,
,,,,,,,,,,,,,,,,,,,,,,2022.0,,Somalia,somalia_surveys_province,,,,,,,,,,,,,,,,,,,,,,,,,,,,,,,,,,,,,,,,,,,,,,,,,,,,,,,,,,,,BCG,cov,Gedo Region,37.29429626464844,anc1,,10.471861,5.0,3383.0,
,,,,,,,,,,,,,,,,,,,,,,2023.0,,Somalia,somalia_surveys_province,,,,,,,,,,,,,,,,,,,,,,,,,,,,,,,,,,,,,,,,,,,,,,,,,,,,,,,,,,,,BCG,cov,Gedo Region,32.08924865722656,anc1,,10.471861,5.0,3383.0,
,,,,,,,,,,,,,,,,,,,,,,2023.0,,Somalia,somalia_surveys_province,,,,,,,,,,,,,,,,,,,,,,,,,,,,,,,,,,,,,,,,,,,,,,,,,,,,,,,,,,,,BCG,volIM,Gedo Region,15573.000045776367,anc1,,3609.9004,5.0,3383.0,
,,,,,,,,,,,,,,,,,,,,,,2018.0,,Somalia,somalia_surveys_province,,,,,,,,,,,,,,,,,,,,,,,,,,,,,,,,,,,,,,,,,,,,,,,,,,,,,,,,,,,,Institutional Delivery,volIM,Gedo Region,7898.999983787537,anc1,,2760.0,5.0,3384.0,
,,,,,,,,,,,,,,,,,,,,,,2018.0,,Somalia,somalia_surveys_province,,,,,,,,,,,,,,,,,,,,,,,,,,,,,,,,,,,,,,,,,,,,,,,,,,,,,,,,,,,,Institutional Delivery,cov,Gedo Region,14.27353572845459,anc1,,7.690074,5.0,3384.0,
,,,,,,,,,,,,,,,,,,,,,,2019.0,,Somalia,somalia_surveys_province,,,,,,,,,,,,,,,,,,,,,,,,,,,,,,,,,,,,,,,,,,,,,,,,,,,,,,,,,,,,Institutional Delivery,cov,Gedo Region,15.793336868286133,anc1,,7.690074,5.0,3384.0,
,,,,,,,,,,,,,,,,,,,,,,2019.0,,Somalia,somalia_surveys_province,,,,,,,,,,,,,,,,,,,,,,,,,,,,,,,,,,,,,,,,,,,,,,,,,,,,,,,,,,,,Institutional Delivery,volIM,Gedo Region,9375.499984264374,anc1,,2760.0,5.0,3384.0,
,,,,,,,,,,,,,,,,,,,,,,2020.0,,Somalia,somalia_surveys_province,,,,,,,,,,,,,,,,,,,,,,,,,,,,,,,,,,,,,,,,,,,,,,,,,,,,,,,,,,,,Institutional Delivery,cov,Gedo Region,17.138118743896484,anc1,,7.690074,5.0,3384.0,
,,,,,,,,,,,,,,,,,,,,,,2020.0,,Somalia,somalia_surveys_province,,,,,,,,,,,,,,,,,,,,,,,,,,,,,,,,,,,,,,,,,,,,,,,,,,,,,,,,,,,,Institutional Delivery,volIM,Gedo Region,10788.000003814697,anc1,,2760.0,5.0,3384.0,
,,,,,,,,,,,,,,,,,,,,,,2021.0,,Somalia,somalia_surveys_province,,,,,,,,,,,,,,,,,,,,,,,,,,,,,,,,,,,,,,,,,,,,,,,,,,,,,,,,,,,,Institutional Delivery,volIM,Gedo Region,12604.000003814697,anc1,,2760.0,5.0,3384.0,
,,,,,,,,,,,,,,,,,,,,,,2021.0,,Somalia,somalia_surveys_province,,,,,,,,,,,,,,,,,,,,,,,,,,,,,,,,,,,,,,,,,,,,,,,,,,,,,,,,,,,,Institutional Delivery,cov,Gedo Region,19.907114028930664,anc1,,7.690074,5.0,3384.0,
,,,,,,,,,,,,,,,,,,,,,,2022.0,,Somalia,somalia_surveys_province,,,,,,,,,,,,,,,,,,,,,,,,,,,,,,,,,,,,,,,,,,,,,,,,,,,,,,,,,,,,Institutional Delivery,volIM,Gedo Region,14290.999979019165,anc1,,2760.0,5.0,3384.0,
,,,,,,,,,,,,,,,,,,,,,,2022.0,,Somalia,somalia_surveys_province,,,,,,,,,,,,,,,,,,,,,,,,,,,,,,,,,,,,,,,,,,,,,,,,,,,,,,,,,,,,Institutional Delivery,cov,Gedo Region,20.6343994140625,anc1,,7.690074,5.0,3384.0,
,,,,,,,,,,,,,,,,,,,,,,2023.0,,Somalia,somalia_surveys_province,,,,,,,,,,,,,,,,,,,,,,,,,,,,,,,,,,,,,,,,,,,,,,,,,,,,,,,,,,,,Institutional Delivery,cov,Gedo Region,21.96360969543457,anc1,,7.690074,5.0,3384.0,
,,,,,,,,,,,,,,,,,,,,,,2023.0,,Somalia,somalia_surveys_province,,,,,,,,,,,,,,,,,,,,,,,,,,,,,,,,,,,,,,,,,,,,,,,,,,,,,,,,,,,,Institutional Delivery,volIM,Gedo Region,10658.999995231628,anc1,,2760.0,5.0,3384.0,
,,,,,,,,,,,,,,,,,,,,,,2018.0,,Somalia,somalia_surveys_province,,,,,,,,,,,,,,,,,,,,,,,,,,,,,,,,,,,,,,,,,,,,,,,,,,,,,,,,,,,,OPD,volIM,Gedo Region,296688.9997558594,,,7385.0,5.0,3385.0,
,,,,,,,,,,,,,,,,,,,,,,2019.0,,Somalia,somalia_surveys_province,,,,,,,,,,,,,,,,,,,,,,,,,,,,,,,,,,,,,,,,,,,,,,,,,,,,,,,,,,,,OPD,volIM,Gedo Region,450552.49908447266,,,7385.0,5.0,3385.0,
,,,,,,,,,,,,,,,,,,,,,,2020.0,,Somalia,somalia_surveys_province,,,,,,,,,,,,,,,,,,,,,,,,,,,,,,,,,,,,,,,,,,,,,,,,,,,,,,,,,,,,OPD,volIM,Gedo Region,453865.9991760254,,,7385.0,5.0,3385.0,
,,,,,,,,,,,,,,,,,,,,,,2021.0,,Somalia,somalia_surveys_province,,,,,,,,,,,,,,,,,,,,,,,,,,,,,,,,,,,,,,,,,,,,,,,,,,,,,,,,,,,,OPD,volIM,Gedo Region,479920.83306884766,,,7385.0,5.0,3385.0,
,,,,,,,,,,,,,,,,,,,,,,2022.0,,Somalia,somalia_surveys_province,,,,,,,,,,,,,,,,,,,,,,,,,,,,,,,,,,,,,,,,,,,,,,,,,,,,,,,,,,,,OPD,volIM,Gedo Region,535212.0003967285,,,7385.0,5.0,3385.0,
,,,,,,,,,,,,,,,,,,,,,,2023.0,,Somalia,somalia_surveys_province,,,,,,,,,,,,,,,,,,,,,,,,,,,,,,,,,,,,,,,,,,,,,,,,,,,,,,,,,,,,OPD,volIM,Gedo Region,304073.9995727539,,,7385.0,5.0,3385.0,
,,,,,,,,,,,,,,,,,,,,,,2018.0,,Somalia,somalia_surveys_province,,,,,,,,,,,,,,,,,,,,,,,,,,,,,,,,,,,,,,,,,,,,,,,,,,,,,,,,,,,,PNC1,volIM,Gedo Region,9639.800008177757,,,917.7002,5.0,3386.0,
,,,,,,,,,,,,,,,,,,,,,,2019.0,,Somalia,somalia_surveys_province,,,,,,,,,,,,,,,,,,,,,,,,,,,,,,,,,,,,,,,,,,,,,,,,,,,,,,,,,,,,PNC1,volIM,Gedo Region,6571.000000476837,,,917.7002,5.0,3386.0,
,,,,,,,,,,,,,,,,,,,,,,2020.0,,Somalia,somalia_surveys_province,,,,,,,,,,,,,,,,,,,,,,,,,,,,,,,,,,,,,,,,,,,,,,,,,,,,,,,,,,,,PNC1,volIM,Gedo Region,8244.749991416931,,,917.7002,5.0,3386.0,
,,,,,,,,,,,,,,,,,,,,,,2021.0,,Somalia,somalia_surveys_province,,,,,,,,,,,,,,,,,,,,,,,,,,,,,,,,,,,,,,,,,,,,,,,,,,,,,,,,,,,,PNC1,volIM,Gedo Region,7936.9999985694885,,,917.7002,5.0,3386.0,
,,,,,,,,,,,,,,,,,,,,,,2022.0,,Somalia,somalia_surveys_province,,,,,,,,,,,,,,,,,,,,,,,,,,,,,,,,,,,,,,,,,,,,,,,,,,,,,,,,,,,,PNC1,volIM,Gedo Region,13999.166655540466,,,917.7002,5.0,3386.0,
,,,,,,,,,,,,,,,,,,,,,,2023.0,,Somalia,somalia_surveys_province,,,,,,,,,,,,,,,,,,,,,,,,,,,,,,,,,,,,,,,,,,,,,,,,,,,,,,,,,,,,PNC1,volIM,Gedo Region,10557.500064849854,,,917.7002,5.0,3386.0,
,,,,,,,,,,,,,,,,,,,,,,2018.0,,Somalia,somalia_surveys_province,,,,,,,,,,,,,,,,,,,,,,,,,,,,,,,,,,,,,,,,,,,,,,,,,,,,,,,,,,,,Penta 1,cov,Gedo Region,35.422786712646484,anc1,,14.083351,5.0,3387.0,
,,,,,,,,,,,,,,,,,,,,,,2018.0,,Somalia,somalia_surveys_province,,,,,,,,,,,,,,,,,,,,,,,,,,,,,,,,,,,,,,,,,,,,,,,,,,,,,,,,,,,,Penta 1,volIM,Gedo Region,18875.50006866455,anc1,,4258.301,5.0,3387.0,
,,,,,,,,,,,,,,,,,,,,,,2019.0,,Somalia,somalia_surveys_province,,,,,,,,,,,,,,,,,,,,,,,,,,,,,,,,,,,,,,,,,,,,,,,,,,,,,,,,,,,,Penta 1,volIM,Gedo Region,19409.999980926514,anc1,,4258.301,5.0,3387.0,
,,,,,,,,,,,,,,,,,,,,,,2019.0,,Somalia,somalia_surveys_province,,,,,,,,,,,,,,,,,,,,,,,,,,,,,,,,,,,,,,,,,,,,,,,,,,,,,,,,,,,,Penta 1,cov,Gedo Region,33.9570426940918,anc1,,14.083351,5.0,3387.0,
,,,,,,,,,,,,,,,,,,,,,,2020.0,,Somalia,somalia_surveys_province,,,,,,,,,,,,,,,,,,,,,,,,,,,,,,,,,,,,,,,,,,,,,,,,,,,,,,,,,,,,Penta 1,volIM,Gedo Region,23128.999994277954,anc1,,4258.301,5.0,3387.0,
,,,,,,,,,,,,,,,,,,,,,,2020.0,,Somalia,somalia_surveys_province,,,,,,,,,,,,,,,,,,,,,,,,,,,,,,,,,,,,,,,,,,,,,,,,,,,,,,,,,,,,Penta 1,cov,Gedo Region,38.159603118896484,anc1,,14.083351,5.0,3387.0,
,,,,,,,,,,,,,,,,,,,,,,2021.0,,Somalia,somalia_surveys_province,,,,,,,,,,,,,,,,,,,,,,,,,,,,,,,,,,,,,,,,,,,,,,,,,,,,,,,,,,,,Penta 1,volIM,Gedo Region,24323.60001182556,anc1,,4258.301,5.0,3387.0,
,,,,,,,,,,,,,,,,,,,,,,2021.0,,Somalia,somalia_surveys_province,,,,,,,,,,,,,,,,,,,,,,,,,,,,,,,,,,,,,,,,,,,,,,,,,,,,,,,,,,,,Penta 1,cov,Gedo Region,39.898136138916016,anc1,,14.083351,5.0,3387.0,
,,,,,,,,,,,,,,,,,,,,,,2022.0,,Somalia,somalia_surveys_province,,,,,,,,,,,,,,,,,,,,,,,,,,,,,,,,,,,,,,,,,,,,,,,,,,,,,,,,,,,,Penta 1,volIM,Gedo Region,34705.50009918213,anc1,,4258.301,5.0,3387.0,
,,,,,,,,,,,,,,,,,,,,,,2022.0,,Somalia,somalia_surveys_province,,,,,,,,,,,,,,,,,,,,,,,,,,,,,,,,,,,,,,,,,,,,,,,,,,,,,,,,,,,,Penta 1,cov,Gedo Region,52.041805267333984,anc1,,14.083351,5.0,3387.0,
,,,,,,,,,,,,,,,,,,,,,,2023.0,,Somalia,somalia_surveys_province,,,,,,,,,,,,,,,,,,,,,,,,,,,,,,,,,,,,,,,,,,,,,,,,,,,,,,,,,,,,Penta 1,volIM,Gedo Region,23133.799926757812,anc1,,4258.301,5.0,3387.0,
,,,,,,,,,,,,,,,,,,,,,,2023.0,,Somalia,somalia_surveys_province,,,,,,,,,,,,,,,,,,,,,,,,,,,,,,,,,,,,,,,,,,,,,,,,,,,,,,,,,,,,Penta 1,cov,Gedo Region,49.50613784790039,anc1,,14.083351,5.0,3387.0,
,,,,,,,,,,,,,,,,,,,,,,2018.0,,Somalia,somalia_surveys_province,,,,,,,,,,,,,,,,,,,,,,,,,,,,,,,,,,,,,,,,,,,,,,,,,,,,,,,,,,,,Penta 3,cov,Gedo Region,28.13029670715332,anc1,,11.386789,5.0,3388.0,
,,,,,,,,,,,,,,,,,,,,,,2018.0,,Somalia,somalia_surveys_province,,,,,,,,,,,,,,,,,,,,,,,,,,,,,,,,,,,,,,,,,,,,,,,,,,,,,,,,,,,,Penta 3,volIM,Gedo Region,14989.599969863892,anc1,,3476.4004,5.0,3388.0,
,,,,,,,,,,,,,,,,,,,,,,2019.0,,Somalia,somalia_surveys_province,,,,,,,,,,,,,,,,,,,,,,,,,,,,,,,,,,,,,,,,,,,,,,,,,,,,,,,,,,,,Penta 3,cov,Gedo Region,27.59425163269043,anc1,,11.386789,5.0,3388.0,
,,,,,,,,,,,,,,,,,,,,,,2019.0,,Somalia,somalia_surveys_province,,,,,,,,,,,,,,,,,,,,,,,,,,,,,,,,,,,,,,,,,,,,,,,,,,,,,,,,,,,,Penta 3,volIM,Gedo Region,15773.000001907349,anc1,,3476.4004,5.0,3388.0,
,,,,,,,,,,,,,,,,,,,,,,2020.0,,Somalia,somalia_surveys_province,,,,,,,,,,,,,,,,,,,,,,,,,,,,,,,,,,,,,,,,,,,,,,,,,,,,,,,,,,,,Penta 3,volIM,Gedo Region,16563.00000190735,anc1,,3476.4004,5.0,3388.0,
,,,,,,,,,,,,,,,,,,,,,,2020.0,,Somalia,somalia_surveys_province,,,,,,,,,,,,,,,,,,,,,,,,,,,,,,,,,,,,,,,,,,,,,,,,,,,,,,,,,,,,Penta 3,cov,Gedo Region,27.32662582397461,anc1,,11.386789,5.0,3388.0,
,,,,,,,,,,,,,,,,,,,,,,2021.0,,Somalia,somalia_surveys_province,,,,,,,,,,,,,,,,,,,,,,,,,,,,,,,,,,,,,,,,,,,,,,,,,,,,,,,,,,,,Penta 3,cov,Gedo Region,29.968381881713867,anc1,,11.386789,5.0,3388.0,
,,,,,,,,,,,,,,,,,,,,,,2021.0,,Somalia,somalia_surveys_province,,,,,,,,,,,,,,,,,,,,,,,,,,,,,,,,,,,,,,,,,,,,,,,,,,,,,,,,,,,,Penta 3,volIM,Gedo Region,18269.999979019165,anc1,,3476.4004,5.0,3388.0,
,,,,,,,,,,,,,,,,,,,,,,2022.0,,Somalia,somalia_surveys_province,,,,,,,,,,,,,,,,,,,,,,,,,,,,,,,,,,,,,,,,,,,,,,,,,,,,,,,,,,,,Penta 3,volIM,Gedo Region,27822.30006980896,anc1,,3476.4004,5.0,3388.0,
,,,,,,,,,,,,,,,,,,,,,,2022.0,,Somalia,somalia_surveys_province,,,,,,,,,,,,,,,,,,,,,,,,,,,,,,,,,,,,,,,,,,,,,,,,,,,,,,,,,,,,Penta 3,cov,Gedo Region,41.72026443481445,anc1,,11.386789,5.0,3388.0,
,,,,,,,,,,,,,,,,,,,,,,2023.0,,Somalia,somalia_surveys_province,,,,,,,,,,,,,,,,,,,,,,,,,,,,,,,,,,,,,,,,,,,,,,,,,,,,,,,,,,,,Penta 3,volIM,Gedo Region,18466.00004196167,anc1,,3476.4004,5.0,3388.0,
,,,,,,,,,,,,,,,,,,,,,,2023.0,,Somalia,somalia_surveys_province,,,,,,,,,,,,,,,,,,,,,,,,,,,,,,,,,,,,,,,,,,,,,,,,,,,,,,,,,,,,Penta 3,cov,Gedo Region,39.517086029052734,anc1,,11.386789,5.0,3388.0,
,,,,,,,,,,,,,,,,,,,,,,2018.0,,Somalia,somalia_surveys_province,,,,,,,,,,,,,,,,,,,,,,,,,,,,,,,,,,,,,,,,,,,,,,,,,,,,,,,,,,,,ANC1,volIM,Hiiraan Region,30322.99995803833,delivery,,-10479.584,5.0,3389.0,
,,,,,,,,,,,,,,,,,,,,,,2018.0,,Somalia,somalia_surveys_province,,,,,,,,,,,,,,,,,,,,,,,,,,,,,,,,,,,,,,,,,,,,,,,,,,,,,,,,,,,,ANC1,cov,Hiiraan Region,387.3084411621094,delivery,,-70.48776,5.0,3389.0,
,,,,,,,,,,,,,,,,,,,,,,2019.0,,Somalia,somalia_surveys_province,,,,,,,,,,,,,,,,,,,,,,,,,,,,,,,,,,,,,,,,,,,,,,,,,,,,,,,,,,,,ANC1,cov,Hiiraan Region,335.85955810546875,delivery,,-70.48776,5.0,3389.0,
,,,,,,,,,,,,,,,,,,,,,,2019.0,,Somalia,somalia_surveys_province,,,,,,,,,,,,,,,,,,,,,,,,,,,,,,,,,,,,,,,,,,,,,,,,,,,,,,,,,,,,ANC1,volIM,Hiiraan Region,26477.99994277954,delivery,,-10479.584,5.0,3389.0,
,,,,,,,,,,,,,,,,,,,,,,2020.0,,Somalia,somalia_surveys_province,,,,,,,,,,,,,,,,,,,,,,,,,,,,,,,,,,,,,,,,,,,,,,,,,,,,,,,,,,,,ANC1,volIM,Hiiraan Region,30223.93950653076,delivery,,-10479.584,5.0,3389.0,
,,,,,,,,,,,,,,,,,,,,,,2020.0,,Somalia,somalia_surveys_province,,,,,,,,,,,,,,,,,,,,,,,,,,,,,,,,,,,,,,,,,,,,,,,,,,,,,,,,,,,,ANC1,cov,Hiiraan Region,342.55950927734375,delivery,,-70.48776,5.0,3389.0,
,,,,,,,,,,,,,,,,,,,,,,2021.0,,Somalia,somalia_surveys_province,,,,,,,,,,,,,,,,,,,,,,,,,,,,,,,,,,,,,,,,,,,,,,,,,,,,,,,,,,,,ANC1,cov,Hiiraan Region,303.56060791015625,delivery,,-70.48776,5.0,3389.0,
,,,,,,,,,,,,,,,,,,,,,,2021.0,,Somalia,somalia_surveys_province,,,,,,,,,,,,,,,,,,,,,,,,,,,,,,,,,,,,,,,,,,,,,,,,,,,,,,,,,,,,ANC1,volIM,Hiiraan Region,26873.384803771973,delivery,,-10479.584,5.0,3389.0,
,,,,,,,,,,,,,,,,,,,,,,2022.0,,Somalia,somalia_surveys_province,,,,,,,,,,,,,,,,,,,,,,,,,,,,,,,,,,,,,,,,,,,,,,,,,,,,,,,,,,,,ANC1,cov,Hiiraan Region,351.898681640625,delivery,,-70.48776,5.0,3389.0,
,,,,,,,,,,,,,,,,,,,,,,2022.0,,Somalia,somalia_surveys_province,,,,,,,,,,,,,,,,,,,,,,,,,,,,,,,,,,,,,,,,,,,,,,,,,,,,,,,,,,,,ANC1,volIM,Hiiraan Region,30706.916473388672,delivery,,-10479.584,5.0,3389.0,
,,,,,,,,,,,,,,,,,,,,,,2023.0,,Somalia,somalia_surveys_province,,,,,,,,,,,,,,,,,,,,,,,,,,,,,,,,,,,,,,,,,,,,,,,,,,,,,,,,,,,,ANC1,volIM,Hiiraan Region,19843.416709899902,delivery,,-10479.584,5.0,3389.0,
,,,,,,,,,,,,,,,,,,,,,,2023.0,,Somalia,somalia_surveys_province,,,,,,,,,,,,,,,,,,,,,,,,,,,,,,,,,,,,,,,,,,,,,,,,,,,,,,,,,,,,ANC1,cov,Hiiraan Region,316.8206787109375,delivery,,-70.48776,5.0,3389.0,
,,,,,,,,,,,,,,,,,,,,,,2018.0,,Somalia,somalia_surveys_province,,,,,,,,,,,,,,,,,,,,,,,,,,,,,,,,,,,,,,,,,,,,,,,,,,,,,,,,,,,,ANC4,cov,Hiiraan Region,42.94841003417969,delivery,,70.86329,5.0,3390.0,
,,,,,,,,,,,,,,,,,,,,,,2018.0,,Somalia,somalia_surveys_province,,,,,,,,,,,,,,,,,,,,,,,,,,,,,,,,,,,,,,,,,,,,,,,,,,,,,,,,,,,,ANC4,volIM,Hiiraan Region,3362.50000333786,delivery,,3765.8638,5.0,3390.0,
,,,,,,,,,,,,,,,,,,,,,,2019.0,,Somalia,somalia_surveys_province,,,,,,,,,,,,,,,,,,,,,,,,,,,,,,,,,,,,,,,,,,,,,,,,,,,,,,,,,,,,ANC4,volIM,Hiiraan Region,4033.999991416931,delivery,,3765.8638,5.0,3390.0,
,,,,,,,,,,,,,,,,,,,,,,2019.0,,Somalia,somalia_surveys_province,,,,,,,,,,,,,,,,,,,,,,,,,,,,,,,,,,,,,,,,,,,,,,,,,,,,,,,,,,,,ANC4,cov,Hiiraan Region,51.1691780090332,delivery,,70.86329,5.0,3390.0,
,,,,,,,,,,,,,,,,,,,,,,2020.0,,Somalia,somalia_surveys_province,,,,,,,,,,,,,,,,,,,,,,,,,,,,,,,,,,,,,,,,,,,,,,,,,,,,,,,,,,,,ANC4,cov,Hiiraan Region,79.6783447265625,delivery,,70.86329,5.0,3390.0,
,,,,,,,,,,,,,,,,,,,,,,2020.0,,Somalia,somalia_surveys_province,,,,,,,,,,,,,,,,,,,,,,,,,,,,,,,,,,,,,,,,,,,,,,,,,,,,,,,,,,,,ANC4,volIM,Hiiraan Region,7030.000034332275,delivery,,3765.8638,5.0,3390.0,
,,,,,,,,,,,,,,,,,,,,,,2021.0,,Somalia,somalia_surveys_province,,,,,,,,,,,,,,,,,,,,,,,,,,,,,,,,,,,,,,,,,,,,,,,,,,,,,,,,,,,,ANC4,cov,Hiiraan Region,97.7439193725586,delivery,,70.86329,5.0,3390.0,
,,,,,,,,,,,,,,,,,,,,,,2021.0,,Somalia,somalia_surveys_province,,,,,,,,,,,,,,,,,,,,,,,,,,,,,,,,,,,,,,,,,,,,,,,,,,,,,,,,,,,,ANC4,volIM,Hiiraan Region,8652.999977111816,delivery,,3765.8638,5.0,3390.0,
,,,,,,,,,,,,,,,,,,,,,,2022.0,,Somalia,somalia_surveys_province,,,,,,,,,,,,,,,,,,,,,,,,,,,,,,,,,,,,,,,,,,,,,,,,,,,,,,,,,,,,ANC4,cov,Hiiraan Region,115.96188354492188,delivery,,70.86329,5.0,3390.0,
,,,,,,,,,,,,,,,,,,,,,,2022.0,,Somalia,somalia_surveys_province,,,,,,,,,,,,,,,,,,,,,,,,,,,,,,,,,,,,,,,,,,,,,,,,,,,,,,,,,,,,ANC4,volIM,Hiiraan Region,10118.912007808685,delivery,,3765.8638,5.0,3390.0,
,,,,,,,,,,,,,,,,,,,,,,2023.0,,Somalia,somalia_surveys_province,,,,,,,,,,,,,,,,,,,,,,,,,,,,,,,,,,,,,,,,,,,,,,,,,,,,,,,,,,,,ANC4,cov,Hiiraan Region,113.81169891357422,delivery,,70.86329,5.0,3390.0,
,,,,,,,,,,,,,,,,,,,,,,2023.0,,Somalia,somalia_surveys_province,,,,,,,,,,,,,,,,,,,,,,,,,,,,,,,,,,,,,,,,,,,,,,,,,,,,,,,,,,,,ANC4,volIM,Hiiraan Region,7128.3636474609375,delivery,,3765.8638,5.0,3390.0,
,,,,,,,,,,,,,,,,,,,,,,2018.0,,Somalia,somalia_surveys_province,,,,,,,,,,,,,,,,,,,,,,,,,,,,,,,,,,,,,,,,,,,,,,,,,,,,,,,,,,,,BCG,volIM,Hiiraan Region,10830.250011444092,anc1,,-3461.25,5.0,3391.0,
,,,,,,,,,,,,,,,,,,,,,,2018.0,,Somalia,somalia_surveys_province,,,,,,,,,,,,,,,,,,,,,,,,,,,,,,,,,,,,,,,,,,,,,,,,,,,,,,,,,,,,BCG,cov,Hiiraan Region,25.911975860595703,anc1,,1.0298042,5.0,3391.0,
,,,,,,,,,,,,,,,,,,,,,,2019.0,,Somalia,somalia_surveys_province,,,,,,,,,,,,,,,,,,,,,,,,,,,,,,,,,,,,,,,,,,,,,,,,,,,,,,,,,,,,BCG,cov,Hiiraan Region,33.099082946777344,anc1,,1.0298042,5.0,3391.0,
,,,,,,,,,,,,,,,,,,,,,,2019.0,,Somalia,somalia_surveys_province,,,,,,,,,,,,,,,,,,,,,,,,,,,,,,,,,,,,,,,,,,,,,,,,,,,,,,,,,,,,BCG,volIM,Hiiraan Region,12080.0,anc1,,-3461.25,5.0,3391.0,
,,,,,,,,,,,,,,,,,,,,,,2020.0,,Somalia,somalia_surveys_province,,,,,,,,,,,,,,,,,,,,,,,,,,,,,,,,,,,,,,,,,,,,,,,,,,,,,,,,,,,,BCG,cov,Hiiraan Region,26.1727294921875,anc1,,1.0298042,5.0,3391.0,
,,,,,,,,,,,,,,,,,,,,,,2020.0,,Somalia,somalia_surveys_province,,,,,,,,,,,,,,,,,,,,,,,,,,,,,,,,,,,,,,,,,,,,,,,,,,,,,,,,,,,,BCG,volIM,Hiiraan Region,10903.500038146973,anc1,,-3461.25,5.0,3391.0,
,,,,,,,,,,,,,,,,,,,,,,2021.0,,Somalia,somalia_surveys_province,,,,,,,,,,,,,,,,,,,,,,,,,,,,,,,,,,,,,,,,,,,,,,,,,,,,,,,,,,,,BCG,volIM,Hiiraan Region,14644.571453094482,anc1,,-3461.25,5.0,3391.0,
,,,,,,,,,,,,,,,,,,,,,,2021.0,,Somalia,somalia_surveys_province,,,,,,,,,,,,,,,,,,,,,,,,,,,,,,,,,,,,,,,,,,,,,,,,,,,,,,,,,,,,BCG,cov,Hiiraan Region,39.535614013671875,anc1,,1.0298042,5.0,3391.0,
,,,,,,,,,,,,,,,,,,,,,,2022.0,,Somalia,somalia_surveys_province,,,,,,,,,,,,,,,,,,,,,,,,,,,,,,,,,,,,,,,,,,,,,,,,,,,,,,,,,,,,BCG,volIM,Hiiraan Region,15945.250080108643,anc1,,-3461.25,5.0,3391.0,
,,,,,,,,,,,,,,,,,,,,,,2022.0,,Somalia,somalia_surveys_province,,,,,,,,,,,,,,,,,,,,,,,,,,,,,,,,,,,,,,,,,,,,,,,,,,,,,,,,,,,,BCG,cov,Hiiraan Region,37.67292404174805,anc1,,1.0298042,5.0,3391.0,
,,,,,,,,,,,,,,,,,,,,,,2023.0,,Somalia,somalia_surveys_province,,,,,,,,,,,,,,,,,,,,,,,,,,,,,,,,,,,,,,,,,,,,,,,,,,,,,,,,,,,,BCG,volIM,Hiiraan Region,7368.999938964844,anc1,,-3461.25,5.0,3391.0,
,,,,,,,,,,,,,,,,,,,,,,2023.0,,Somalia,somalia_surveys_province,,,,,,,,,,,,,,,,,,,,,,,,,,,,,,,,,,,,,,,,,,,,,,,,,,,,,,,,,,,,BCG,cov,Hiiraan Region,26.94178009033203,anc1,,1.0298042,5.0,3391.0,
,,,,,,,,,,,,,,,,,,,,,,2018.0,,Somalia,somalia_surveys_province,,,,,,,,,,,,,,,,,,,,,,,,,,,,,,,,,,,,,,,,,,,,,,,,,,,,,,,,,,,,Institutional Delivery,cov,Hiiraan Region,12.718825340270996,anc1,,2.8297434,5.0,3392.0,
,,,,,,,,,,,,,,,,,,,,,,2018.0,,Somalia,somalia_surveys_province,,,,,,,,,,,,,,,,,,,,,,,,,,,,,,,,,,,,,,,,,,,,,,,,,,,,,,,,,,,,Institutional Delivery,volIM,Hiiraan Region,5315.9999985694885,anc1,,-1063.2222,5.0,3392.0,
,,,,,,,,,,,,,,,,,,,,,,2019.0,,Somalia,somalia_surveys_province,,,,,,,,,,,,,,,,,,,,,,,,,,,,,,,,,,,,,,,,,,,,,,,,,,,,,,,,,,,,Institutional Delivery,cov,Hiiraan Region,14.667167663574219,anc1,,2.8297434,5.0,3392.0,
,,,,,,,,,,,,,,,,,,,,,,2019.0,,Somalia,somalia_surveys_province,,,,,,,,,,,,,,,,,,,,,,,,,,,,,,,,,,,,,,,,,,,,,,,,,,,,,,,,,,,,Institutional Delivery,volIM,Hiiraan Region,5352.9999833106995,anc1,,-1063.2222,5.0,3392.0,
,,,,,,,,,,,,,,,,,,,,,,2020.0,,Somalia,somalia_surveys_province,,,,,,,,,,,,,,,,,,,,,,,,,,,,,,,,,,,,,,,,,,,,,,,,,,,,,,,,,,,,Institutional Delivery,volIM,Hiiraan Region,5990.800024032593,anc1,,-1063.2222,5.0,3392.0,
,,,,,,,,,,,,,,,,,,,,,,2020.0,,Somalia,somalia_surveys_province,,,,,,,,,,,,,,,,,,,,,,,,,,,,,,,,,,,,,,,,,,,,,,,,,,,,,,,,,,,,Institutional Delivery,cov,Hiiraan Region,14.38029956817627,anc1,,2.8297434,5.0,3392.0,
,,,,,,,,,,,,,,,,,,,,,,2021.0,,Somalia,somalia_surveys_province,,,,,,,,,,,,,,,,,,,,,,,,,,,,,,,,,,,,,,,,,,,,,,,,,,,,,,,,,,,,Institutional Delivery,volIM,Hiiraan Region,6011.000022888184,anc1,,-1063.2222,5.0,3392.0,
,,,,,,,,,,,,,,,,,,,,,,2021.0,,Somalia,somalia_surveys_province,,,,,,,,,,,,,,,,,,,,,,,,,,,,,,,,,,,,,,,,,,,,,,,,,,,,,,,,,,,,Institutional Delivery,cov,Hiiraan Region,16.227758407592773,anc1,,2.8297434,5.0,3392.0,
,,,,,,,,,,,,,,,,,,,,,,2022.0,,Somalia,somalia_surveys_province,,,,,,,,,,,,,,,,,,,,,,,,,,,,,,,,,,,,,,,,,,,,,,,,,,,,,,,,,,,,Institutional Delivery,cov,Hiiraan Region,13.998656272888184,anc1,,2.8297434,5.0,3392.0,
,,,,,,,,,,,,,,,,,,,,,,2022.0,,Somalia,somalia_surveys_province,,,,,,,,,,,,,,,,,,,,,,,,,,,,,,,,,,,,,,,,,,,,,,,,,,,,,,,,,,,,Institutional Delivery,volIM,Hiiraan Region,5925.000004291534,anc1,,-1063.2222,5.0,3392.0,
,,,,,,,,,,,,,,,,,,,,,,2023.0,,Somalia,somalia_surveys_province,,,,,,,,,,,,,,,,,,,,,,,,,,,,,,,,,,,,,,,,,,,,,,,,,,,,,,,,,,,,Institutional Delivery,volIM,Hiiraan Region,4252.777788639069,anc1,,-1063.2222,5.0,3392.0,
,,,,,,,,,,,,,,,,,,,,,,2023.0,,Somalia,somalia_surveys_province,,,,,,,,,,,,,,,,,,,,,,,,,,,,,,,,,,,,,,,,,,,,,,,,,,,,,,,,,,,,Institutional Delivery,cov,Hiiraan Region,15.548568725585938,anc1,,2.8297434,5.0,3392.0,
,,,,,,,,,,,,,,,,,,,,,,2018.0,,Somalia,somalia_surveys_province,,,,,,,,,,,,,,,,,,,,,,,,,,,,,,,,,,,,,,,,,,,,,,,,,,,,,,,,,,,,OPD,volIM,Hiiraan Region,259284.95669555664,,,-99143.03,5.0,3393.0,
,,,,,,,,,,,,,,,,,,,,,,2019.0,,Somalia,somalia_surveys_province,,,,,,,,,,,,,,,,,,,,,,,,,,,,,,,,,,,,,,,,,,,,,,,,,,,,,,,,,,,,OPD,volIM,Hiiraan Region,258206.9998779297,,,-99143.03,5.0,3393.0,
,,,,,,,,,,,,,,,,,,,,,,2020.0,,Somalia,somalia_surveys_province,,,,,,,,,,,,,,,,,,,,,,,,,,,,,,,,,,,,,,,,,,,,,,,,,,,,,,,,,,,,OPD,volIM,Hiiraan Region,305524.1442871094,,,-99143.03,5.0,3393.0,
,,,,,,,,,,,,,,,,,,,,,,2021.0,,Somalia,somalia_surveys_province,,,,,,,,,,,,,,,,,,,,,,,,,,,,,,,,,,,,,,,,,,,,,,,,,,,,,,,,,,,,OPD,volIM,Hiiraan Region,256252.99920654297,,,-99143.03,5.0,3393.0,
,,,,,,,,,,,,,,,,,,,,,,2022.0,,Somalia,somalia_surveys_province,,,,,,,,,,,,,,,,,,,,,,,,,,,,,,,,,,,,,,,,,,,,,,,,,,,,,,,,,,,,OPD,volIM,Hiiraan Region,275483.7001647949,,,-99143.03,5.0,3393.0,
,,,,,,,,,,,,,,,,,,,,,,2023.0,,Somalia,somalia_surveys_province,,,,,,,,,,,,,,,,,,,,,,,,,,,,,,,,,,,,,,,,,,,,,,,,,,,,,,,,,,,,OPD,volIM,Hiiraan Region,160141.9236755371,,,-99143.03,5.0,3393.0,
,,,,,,,,,,,,,,,,,,,,,,2018.0,,Somalia,somalia_surveys_province,,,,,,,,,,,,,,,,,,,,,,,,,,,,,,,,,,,,,,,,,,,,,,,,,,,,,,,,,,,,PNC1,volIM,Hiiraan Region,14446.049905776978,,,-6156.6865,5.0,3394.0,
,,,,,,,,,,,,,,,,,,,,,,2019.0,,Somalia,somalia_surveys_province,,,,,,,,,,,,,,,,,,,,,,,,,,,,,,,,,,,,,,,,,,,,,,,,,,,,,,,,,,,,PNC1,volIM,Hiiraan Region,8883.424270629883,,,-6156.6865,5.0,3394.0,
,,,,,,,,,,,,,,,,,,,,,,2020.0,,Somalia,somalia_surveys_province,,,,,,,,,,,,,,,,,,,,,,,,,,,,,,,,,,,,,,,,,,,,,,,,,,,,,,,,,,,,PNC1,volIM,Hiiraan Region,10541.272733688354,,,-6156.6865,5.0,3394.0,
,,,,,,,,,,,,,,,,,,,,,,2021.0,,Somalia,somalia_surveys_province,,,,,,,,,,,,,,,,,,,,,,,,,,,,,,,,,,,,,,,,,,,,,,,,,,,,,,,,,,,,PNC1,volIM,Hiiraan Region,11943.384641647339,,,-6156.6865,5.0,3394.0,
,,,,,,,,,,,,,,,,,,,,,,2022.0,,Somalia,somalia_surveys_province,,,,,,,,,,,,,,,,,,,,,,,,,,,,,,,,,,,,,,,,,,,,,,,,,,,,,,,,,,,,PNC1,volIM,Hiiraan Region,13457.080429077148,,,-6156.6865,5.0,3394.0,
,,,,,,,,,,,,,,,,,,,,,,2023.0,,Somalia,somalia_surveys_province,,,,,,,,,,,,,,,,,,,,,,,,,,,,,,,,,,,,,,,,,,,,,,,,,,,,,,,,,,,,PNC1,volIM,Hiiraan Region,8289.363691329956,,,-6156.6865,5.0,3394.0,
,,,,,,,,,,,,,,,,,,,,,,2018.0,,Somalia,somalia_surveys_province,,,,,,,,,,,,,,,,,,,,,,,,,,,,,,,,,,,,,,,,,,,,,,,,,,,,,,,,,,,,Penta 1,volIM,Hiiraan Region,14622.000066757202,anc1,,-5160.0,5.0,3395.0,
,,,,,,,,,,,,,,,,,,,,,,2018.0,,Somalia,somalia_surveys_province,,,,,,,,,,,,,,,,,,,,,,,,,,,,,,,,,,,,,,,,,,,,,,,,,,,,,,,,,,,,Penta 1,cov,Hiiraan Region,36.33236312866211,anc1,,-0.40498734,5.0,3395.0,
,,,,,,,,,,,,,,,,,,,,,,2019.0,,Somalia,somalia_surveys_province,,,,,,,,,,,,,,,,,,,,,,,,,,,,,,,,,,,,,,,,,,,,,,,,,,,,,,,,,,,,Penta 1,cov,Hiiraan Region,39.83555221557617,anc1,,-0.40498734,5.0,3395.0,
,,,,,,,,,,,,,,,,,,,,,,2019.0,,Somalia,somalia_surveys_province,,,,,,,,,,,,,,,,,,,,,,,,,,,,,,,,,,,,,,,,,,,,,,,,,,,,,,,,,,,,Penta 1,volIM,Hiiraan Region,13998.999923706055,anc1,,-5160.0,5.0,3395.0,
,,,,,,,,,,,,,,,,,,,,,,2020.0,,Somalia,somalia_surveys_province,,,,,,,,,,,,,,,,,,,,,,,,,,,,,,,,,,,,,,,,,,,,,,,,,,,,,,,,,,,,Penta 1,volIM,Hiiraan Region,13690.599981307983,anc1,,-5160.0,5.0,3395.0,
,,,,,,,,,,,,,,,,,,,,,,2020.0,,Somalia,somalia_surveys_province,,,,,,,,,,,,,,,,,,,,,,,,,,,,,,,,,,,,,,,,,,,,,,,,,,,,,,,,,,,,Penta 1,cov,Hiiraan Region,34.12953567504883,anc1,,-0.40498734,5.0,3395.0,
,,,,,,,,,,,,,,,,,,,,,,2021.0,,Somalia,somalia_surveys_province,,,,,,,,,,,,,,,,,,,,,,,,,,,,,,,,,,,,,,,,,,,,,,,,,,,,,,,,,,,,Penta 1,volIM,Hiiraan Region,12709.761898040771,anc1,,-5160.0,5.0,3395.0,
,,,,,,,,,,,,,,,,,,,,,,2021.0,,Somalia,somalia_surveys_province,,,,,,,,,,,,,,,,,,,,,,,,,,,,,,,,,,,,,,,,,,,,,,,,,,,,,,,,,,,,Penta 1,cov,Hiiraan Region,35.6347770690918,anc1,,-0.40498734,5.0,3395.0,
,,,,,,,,,,,,,,,,,,,,,,2022.0,,Somalia,somalia_surveys_province,,,,,,,,,,,,,,,,,,,,,,,,,,,,,,,,,,,,,,,,,,,,,,,,,,,,,,,,,,,,Penta 1,volIM,Hiiraan Region,15849.118854522705,anc1,,-5160.0,5.0,3395.0,
,,,,,,,,,,,,,,,,,,,,,,2022.0,,Somalia,somalia_surveys_province,,,,,,,,,,,,,,,,,,,,,,,,,,,,,,,,,,,,,,,,,,,,,,,,,,,,,,,,,,,,Penta 1,cov,Hiiraan Region,38.889102935791016,anc1,,-0.40498734,5.0,3395.0,
,,,,,,,,,,,,,,,,,,,,,,2023.0,,Somalia,somalia_surveys_province,,,,,,,,,,,,,,,,,,,,,,,,,,,,,,,,,,,,,,,,,,,,,,,,,,,,,,,,,,,,Penta 1,cov,Hiiraan Region,35.92737579345703,anc1,,-0.40498734,5.0,3395.0,
,,,,,,,,,,,,,,,,,,,,,,2023.0,,Somalia,somalia_surveys_province,,,,,,,,,,,,,,,,,,,,,,,,,,,,,,,,,,,,,,,,,,,,,,,,,,,,,,,,,,,,Penta 1,volIM,Hiiraan Region,9461.999969482422,anc1,,-5160.0,5.0,3395.0,
,,,,,,,,,,,,,,,,,,,,,,2018.0,,Somalia,somalia_surveys_province,,,,,,,,,,,,,,,,,,,,,,,,,,,,,,,,,,,,,,,,,,,,,,,,,,,,,,,,,,,,Penta 3,cov,Hiiraan Region,20.424840927124023,anc1,,9.347916,5.0,3396.0,
,,,,,,,,,,,,,,,,,,,,,,2018.0,,Somalia,somalia_surveys_province,,,,,,,,,,,,,,,,,,,,,,,,,,,,,,,,,,,,,,,,,,,,,,,,,,,,,,,,,,,,Penta 3,volIM,Hiiraan Region,8220.000005722046,anc1,,-378.90918,5.0,3396.0,
,,,,,,,,,,,,,,,,,,,,,,2019.0,,Somalia,somalia_surveys_province,,,,,,,,,,,,,,,,,,,,,,,,,,,,,,,,,,,,,,,,,,,,,,,,,,,,,,,,,,,,Penta 3,cov,Hiiraan Region,28.461688995361328,anc1,,9.347916,5.0,3396.0,
,,,,,,,,,,,,,,,,,,,,,,2019.0,,Somalia,somalia_surveys_province,,,,,,,,,,,,,,,,,,,,,,,,,,,,,,,,,,,,,,,,,,,,,,,,,,,,,,,,,,,,Penta 3,volIM,Hiiraan Region,10001.99998664856,anc1,,-378.90918,5.0,3396.0,
,,,,,,,,,,,,,,,,,,,,,,2020.0,,Somalia,somalia_surveys_province,,,,,,,,,,,,,,,,,,,,,,,,,,,,,,,,,,,,,,,,,,,,,,,,,,,,,,,,,,,,Penta 3,volIM,Hiiraan Region,10341.99997329712,anc1,,-378.90918,5.0,3396.0,
,,,,,,,,,,,,,,,,,,,,,,2020.0,,Somalia,somalia_surveys_province,,,,,,,,,,,,,,,,,,,,,,,,,,,,,,,,,,,,,,,,,,,,,,,,,,,,,,,,,,,,Penta 3,cov,Hiiraan Region,25.781753540039062,anc1,,9.347916,5.0,3396.0,
,,,,,,,,,,,,,,,,,,,,,,2021.0,,Somalia,somalia_surveys_province,,,,,,,,,,,,,,,,,,,,,,,,,,,,,,,,,,,,,,,,,,,,,,,,,,,,,,,,,,,,Penta 3,cov,Hiiraan Region,31.847736358642578,anc1,,9.347916,5.0,3396.0,
,,,,,,,,,,,,,,,,,,,,,,2021.0,,Somalia,somalia_surveys_province,,,,,,,,,,,,,,,,,,,,,,,,,,,,,,,,,,,,,,,,,,,,,,,,,,,,,,,,,,,,Penta 3,volIM,Hiiraan Region,11359.04769897461,anc1,,-378.90918,5.0,3396.0,
,,,,,,,,,,,,,,,,,,,,,,2022.0,,Somalia,somalia_surveys_province,,,,,,,,,,,,,,,,,,,,,,,,,,,,,,,,,,,,,,,,,,,,,,,,,,,,,,,,,,,,Penta 3,cov,Hiiraan Region,35.73746109008789,anc1,,9.347916,5.0,3396.0,
,,,,,,,,,,,,,,,,,,,,,,2022.0,,Somalia,somalia_surveys_province,,,,,,,,,,,,,,,,,,,,,,,,,,,,,,,,,,,,,,,,,,,,,,,,,,,,,,,,,,,,Penta 3,volIM,Hiiraan Region,14564.678592681885,anc1,,-378.90918,5.0,3396.0,
,,,,,,,,,,,,,,,,,,,,,,2023.0,,Somalia,somalia_surveys_province,,,,,,,,,,,,,,,,,,,,,,,,,,,,,,,,,,,,,,,,,,,,,,,,,,,,,,,,,,,,Penta 3,cov,Hiiraan Region,29.772756576538086,anc1,,9.347916,5.0,3396.0,
,,,,,,,,,,,,,,,,,,,,,,2023.0,,Somalia,somalia_surveys_province,,,,,,,,,,,,,,,,,,,,,,,,,,,,,,,,,,,,,,,,,,,,,,,,,,,,,,,,,,,,Penta 3,volIM,Hiiraan Region,7841.090888977051,anc1,,-378.90918,5.0,3396.0,
,,,,,,,,,,,,,,,,,,,,,,2018.0,,Somalia,somalia_surveys_province,,,,,,,,,,,,,,,,,,,,,,,,,,,,,,,,,,,,,,,,,,,,,,,,,,,,,,,,,,,,ANC1,volIM,Lower Juba Region,46581.86659049988,delivery,,-12657.617,5.0,3397.0,
,,,,,,,,,,,,,,,,,,,,,,2018.0,,Somalia,somalia_surveys_province,,,,,,,,,,,,,,,,,,,,,,,,,,,,,,,,,,,,,,,,,,,,,,,,,,,,,,,,,,,,ANC1,cov,Lower Juba Region,344.3071594238281,delivery,,-114.14563,5.0,3397.0,
,,,,,,,,,,,,,,,,,,,,,,2019.0,,Somalia,somalia_surveys_province,,,,,,,,,,,,,,,,,,,,,,,,,,,,,,,,,,,,,,,,,,,,,,,,,,,,,,,,,,,,ANC1,volIM,Lower Juba Region,39960.2262878418,delivery,,-12657.617,5.0,3397.0,
,,,,,,,,,,,,,,,,,,,,,,2019.0,,Somalia,somalia_surveys_province,,,,,,,,,,,,,,,,,,,,,,,,,,,,,,,,,,,,,,,,,,,,,,,,,,,,,,,,,,,,ANC1,cov,Lower Juba Region,284.7412414550781,delivery,,-114.14563,5.0,3397.0,
,,,,,,,,,,,,,,,,,,,,,,2020.0,,Somalia,somalia_surveys_province,,,,,,,,,,,,,,,,,,,,,,,,,,,,,,,,,,,,,,,,,,,,,,,,,,,,,,,,,,,,ANC1,volIM,Lower Juba Region,40572.25033569336,delivery,,-12657.617,5.0,3397.0,
,,,,,,,,,,,,,,,,,,,,,,2020.0,,Somalia,somalia_surveys_province,,,,,,,,,,,,,,,,,,,,,,,,,,,,,,,,,,,,,,,,,,,,,,,,,,,,,,,,,,,,ANC1,cov,Lower Juba Region,246.96151733398438,delivery,,-114.14563,5.0,3397.0,
,,,,,,,,,,,,,,,,,,,,,,2021.0,,Somalia,somalia_surveys_province,,,,,,,,,,,,,,,,,,,,,,,,,,,,,,,,,,,,,,,,,,,,,,,,,,,,,,,,,,,,ANC1,volIM,Lower Juba Region,48749.99993515015,delivery,,-12657.617,5.0,3397.0,
,,,,,,,,,,,,,,,,,,,,,,2021.0,,Somalia,somalia_surveys_province,,,,,,,,,,,,,,,,,,,,,,,,,,,,,,,,,,,,,,,,,,,,,,,,,,,,,,,,,,,,ANC1,cov,Lower Juba Region,257.85479736328125,delivery,,-114.14563,5.0,3397.0,
,,,,,,,,,,,,,,,,,,,,,,2022.0,,Somalia,somalia_surveys_province,,,,,,,,,,,,,,,,,,,,,,,,,,,,,,,,,,,,,,,,,,,,,,,,,,,,,,,,,,,,ANC1,volIM,Lower Juba Region,55511.330169677734,delivery,,-12657.617,5.0,3397.0,
,,,,,,,,,,,,,,,,,,,,,,2022.0,,Somalia,somalia_surveys_province,,,,,,,,,,,,,,,,,,,,,,,,,,,,,,,,,,,,,,,,,,,,,,,,,,,,,,,,,,,,ANC1,cov,Lower Juba Region,265.9811706542969,delivery,,-114.14563,5.0,3397.0,
,,,,,,,,,,,,,,,,,,,,,,2023.0,,Somalia,somalia_surveys_province,,,,,,,,,,,,,,,,,,,,,,,,,,,,,,,,,,,,,,,,,,,,,,,,,,,,,,,,,,,,ANC1,volIM,Lower Juba Region,33924.249643325806,delivery,,-12657.617,5.0,3397.0,
,,,,,,,,,,,,,,,,,,,,,,2023.0,,Somalia,somalia_surveys_province,,,,,,,,,,,,,,,,,,,,,,,,,,,,,,,,,,,,,,,,,,,,,,,,,,,,,,,,,,,,ANC1,cov,Lower Juba Region,230.16152954101562,delivery,,-114.14563,5.0,3397.0,
,,,,,,,,,,,,,,,,,,,,,,2018.0,,Somalia,somalia_surveys_province,,,,,,,,,,,,,,,,,,,,,,,,,,,,,,,,,,,,,,,,,,,,,,,,,,,,,,,,,,,,ANC4,cov,Lower Juba Region,72.22010040283203,delivery,,-6.4700546,5.0,3398.0,
,,,,,,,,,,,,,,,,,,,,,,2018.0,,Somalia,somalia_surveys_province,,,,,,,,,,,,,,,,,,,,,,,,,,,,,,,,,,,,,,,,,,,,,,,,,,,,,,,,,,,,ANC4,volIM,Lower Juba Region,9770.77276134491,delivery,,-79.66113,5.0,3398.0,
,,,,,,,,,,,,,,,,,,,,,,2019.0,,Somalia,somalia_surveys_province,,,,,,,,,,,,,,,,,,,,,,,,,,,,,,,,,,,,,,,,,,,,,,,,,,,,,,,,,,,,ANC4,cov,Lower Juba Region,80.05630493164062,delivery,,-6.4700546,5.0,3398.0,
,,,,,,,,,,,,,,,,,,,,,,2019.0,,Somalia,somalia_surveys_province,,,,,,,,,,,,,,,,,,,,,,,,,,,,,,,,,,,,,,,,,,,,,,,,,,,,,,,,,,,,ANC4,volIM,Lower Juba Region,11235.000043392181,delivery,,-79.66113,5.0,3398.0,
,,,,,,,,,,,,,,,,,,,,,,2020.0,,Somalia,somalia_surveys_province,,,,,,,,,,,,,,,,,,,,,,,,,,,,,,,,,,,,,,,,,,,,,,,,,,,,,,,,,,,,ANC4,volIM,Lower Juba Region,12075.999941825867,delivery,,-79.66113,5.0,3398.0,
,,,,,,,,,,,,,,,,,,,,,,2020.0,,Somalia,somalia_surveys_province,,,,,,,,,,,,,,,,,,,,,,,,,,,,,,,,,,,,,,,,,,,,,,,,,,,,,,,,,,,,ANC4,cov,Lower Juba Region,73.5060806274414,delivery,,-6.4700546,5.0,3398.0,
,,,,,,,,,,,,,,,,,,,,,,2021.0,,Somalia,somalia_surveys_province,,,,,,,,,,,,,,,,,,,,,,,,,,,,,,,,,,,,,,,,,,,,,,,,,,,,,,,,,,,,ANC4,volIM,Lower Juba Region,17753.50001335144,delivery,,-79.66113,5.0,3398.0,
,,,,,,,,,,,,,,,,,,,,,,2021.0,,Somalia,somalia_surveys_province,,,,,,,,,,,,,,,,,,,,,,,,,,,,,,,,,,,,,,,,,,,,,,,,,,,,,,,,,,,,ANC4,cov,Lower Juba Region,93.90410614013672,delivery,,-6.4700546,5.0,3398.0,
,,,,,,,,,,,,,,,,,,,,,,2022.0,,Somalia,somalia_surveys_province,,,,,,,,,,,,,,,,,,,,,,,,,,,,,,,,,,,,,,,,,,,,,,,,,,,,,,,,,,,,ANC4,volIM,Lower Juba Region,16611.999990463257,delivery,,-79.66113,5.0,3398.0,
,,,,,,,,,,,,,,,,,,,,,,2022.0,,Somalia,somalia_surveys_province,,,,,,,,,,,,,,,,,,,,,,,,,,,,,,,,,,,,,,,,,,,,,,,,,,,,,,,,,,,,ANC4,cov,Lower Juba Region,79.59598541259766,delivery,,-6.4700546,5.0,3398.0,
,,,,,,,,,,,,,,,,,,,,,,2023.0,,Somalia,somalia_surveys_province,,,,,,,,,,,,,,,,,,,,,,,,,,,,,,,,,,,,,,,,,,,,,,,,,,,,,,,,,,,,ANC4,volIM,Lower Juba Region,9691.111127853394,delivery,,-79.66113,5.0,3398.0,
,,,,,,,,,,,,,,,,,,,,,,2023.0,,Somalia,somalia_surveys_province,,,,,,,,,,,,,,,,,,,,,,,,,,,,,,,,,,,,,,,,,,,,,,,,,,,,,,,,,,,,ANC4,cov,Lower Juba Region,65.75004577636719,delivery,,-6.4700546,5.0,3398.0,
,,,,,,,,,,,,,,,,,,,,,,2018.0,,Somalia,somalia_surveys_province,,,,,,,,,,,,,,,,,,,,,,,,,,,,,,,,,,,,,,,,,,,,,,,,,,,,,,,,,,,,BCG,cov,Lower Juba Region,22.355236053466797,anc1,,9.432335,5.0,3399.0,
,,,,,,,,,,,,,,,,,,,,,,2018.0,,Somalia,somalia_surveys_province,,,,,,,,,,,,,,,,,,,,,,,,,,,,,,,,,,,,,,,,,,,,,,,,,,,,,,,,,,,,BCG,volIM,Lower Juba Region,14353.636316299438,anc1,,510.28516,5.0,3399.0,
,,,,,,,,,,,,,,,,,,,,,,2019.0,,Somalia,somalia_surveys_province,,,,,,,,,,,,,,,,,,,,,,,,,,,,,,,,,,,,,,,,,,,,,,,,,,,,,,,,,,,,BCG,cov,Lower Juba Region,26.466968536376953,anc1,,9.432335,5.0,3399.0,
,,,,,,,,,,,,,,,,,,,,,,2019.0,,Somalia,somalia_surveys_province,,,,,,,,,,,,,,,,,,,,,,,,,,,,,,,,,,,,,,,,,,,,,,,,,,,,,,,,,,,,BCG,volIM,Lower Juba Region,14578.000017166138,anc1,,510.28516,5.0,3399.0,
,,,,,,,,,,,,,,,,,,,,,,2020.0,,Somalia,somalia_surveys_province,,,,,,,,,,,,,,,,,,,,,,,,,,,,,,,,,,,,,,,,,,,,,,,,,,,,,,,,,,,,BCG,cov,Lower Juba Region,35.87191390991211,anc1,,9.432335,5.0,3399.0,
,,,,,,,,,,,,,,,,,,,,,,2020.0,,Somalia,somalia_surveys_province,,,,,,,,,,,,,,,,,,,,,,,,,,,,,,,,,,,,,,,,,,,,,,,,,,,,,,,,,,,,BCG,volIM,Lower Juba Region,20060.85714530945,anc1,,510.28516,5.0,3399.0,
,,,,,,,,,,,,,,,,,,,,,,2021.0,,Somalia,somalia_surveys_province,,,,,,,,,,,,,,,,,,,,,,,,,,,,,,,,,,,,,,,,,,,,,,,,,,,,,,,,,,,,BCG,cov,Lower Juba Region,30.932552337646484,anc1,,9.432335,5.0,3399.0,
,,,,,,,,,,,,,,,,,,,,,,2021.0,,Somalia,somalia_surveys_province,,,,,,,,,,,,,,,,,,,,,,,,,,,,,,,,,,,,,,,,,,,,,,,,,,,,,,,,,,,,BCG,volIM,Lower Juba Region,20785.294668197632,anc1,,510.28516,5.0,3399.0,
,,,,,,,,,,,,,,,,,,,,,,2022.0,,Somalia,somalia_surveys_province,,,,,,,,,,,,,,,,,,,,,,,,,,,,,,,,,,,,,,,,,,,,,,,,,,,,,,,,,,,,BCG,volIM,Lower Juba Region,24217.99396133423,anc1,,510.28516,5.0,3399.0,
,,,,,,,,,,,,,,,,,,,,,,2022.0,,Somalia,somalia_surveys_province,,,,,,,,,,,,,,,,,,,,,,,,,,,,,,,,,,,,,,,,,,,,,,,,,,,,,,,,,,,,BCG,cov,Lower Juba Region,31.651241302490234,anc1,,9.432335,5.0,3399.0,
,,,,,,,,,,,,,,,,,,,,,,2023.0,,Somalia,somalia_surveys_province,,,,,,,,,,,,,,,,,,,,,,,,,,,,,,,,,,,,,,,,,,,,,,,,,,,,,,,,,,,,BCG,cov,Lower Juba Region,31.78757095336914,anc1,,9.432335,5.0,3399.0,
,,,,,,,,,,,,,,,,,,,,,,2023.0,,Somalia,somalia_surveys_province,,,,,,,,,,,,,,,,,,,,,,,,,,,,,,,,,,,,,,,,,,,,,,,,,,,,,,,,,,,,BCG,volIM,Lower Juba Region,14863.921552658081,anc1,,510.28516,5.0,3399.0,
,,,,,,,,,,,,,,,,,,,,,,2018.0,,Somalia,somalia_surveys_province,,,,,,,,,,,,,,,,,,,,,,,,,,,,,,,,,,,,,,,,,,,,,,,,,,,,,,,,,,,,Institutional Delivery,volIM,Lower Juba Region,9186.2999792099,anc1,,821.7002,5.0,3400.0,
,,,,,,,,,,,,,,,,,,,,,,2018.0,,Somalia,somalia_surveys_province,,,,,,,,,,,,,,,,,,,,,,,,,,,,,,,,,,,,,,,,,,,,,,,,,,,,,,,,,,,,Institutional Delivery,cov,Lower Juba Region,14.307308197021484,anc1,,7.095524,5.0,3400.0,
,,,,,,,,,,,,,,,,,,,,,,2019.0,,Somalia,somalia_surveys_province,,,,,,,,,,,,,,,,,,,,,,,,,,,,,,,,,,,,,,,,,,,,,,,,,,,,,,,,,,,,Institutional Delivery,volIM,Lower Juba Region,9529.000058174133,anc1,,821.7002,5.0,3400.0,
,,,,,,,,,,,,,,,,,,,,,,2019.0,,Somalia,somalia_surveys_province,,,,,,,,,,,,,,,,,,,,,,,,,,,,,,,,,,,,,,,,,,,,,,,,,,,,,,,,,,,,Institutional Delivery,cov,Lower Juba Region,17.3002986907959,anc1,,7.095524,5.0,3400.0,
,,,,,,,,,,,,,,,,,,,,,,2020.0,,Somalia,somalia_surveys_province,,,,,,,,,,,,,,,,,,,,,,,,,,,,,,,,,,,,,,,,,,,,,,,,,,,,,,,,,,,,Institutional Delivery,cov,Lower Juba Region,19.94686508178711,anc1,,7.095524,5.0,3400.0,
,,,,,,,,,,,,,,,,,,,,,,2020.0,,Somalia,somalia_surveys_province,,,,,,,,,,,,,,,,,,,,,,,,,,,,,,,,,,,,,,,,,,,,,,,,,,,,,,,,,,,,Institutional Delivery,volIM,Lower Juba Region,11154.999954223633,anc1,,821.7002,5.0,3400.0,
,,,,,,,,,,,,,,,,,,,,,,2021.0,,Somalia,somalia_surveys_province,,,,,,,,,,,,,,,,,,,,,,,,,,,,,,,,,,,,,,,,,,,,,,,,,,,,,,,,,,,,Institutional Delivery,cov,Lower Juba Region,19.10419464111328,anc1,,7.095524,5.0,3400.0,
,,,,,,,,,,,,,,,,,,,,,,2021.0,,Somalia,somalia_surveys_province,,,,,,,,,,,,,,,,,,,,,,,,,,,,,,,,,,,,,,,,,,,,,,,,,,,,,,,,,,,,Institutional Delivery,volIM,Lower Juba Region,12837.166627883911,anc1,,821.7002,5.0,3400.0,
,,,,,,,,,,,,,,,,,,,,,,2022.0,,Somalia,somalia_surveys_province,,,,,,,,,,,,,,,,,,,,,,,,,,,,,,,,,,,,,,,,,,,,,,,,,,,,,,,,,,,,Institutional Delivery,volIM,Lower Juba Region,14170.999996185303,anc1,,821.7002,5.0,3400.0,
,,,,,,,,,,,,,,,,,,,,,,2022.0,,Somalia,somalia_surveys_province,,,,,,,,,,,,,,,,,,,,,,,,,,,,,,,,,,,,,,,,,,,,,,,,,,,,,,,,,,,,Institutional Delivery,cov,Lower Juba Region,18.52051544189453,anc1,,7.095524,5.0,3400.0,
,,,,,,,,,,,,,,,,,,,,,,2023.0,,Somalia,somalia_surveys_province,,,,,,,,,,,,,,,,,,,,,,,,,,,,,,,,,,,,,,,,,,,,,,,,,,,,,,,,,,,,Institutional Delivery,cov,Lower Juba Region,21.40283203125,anc1,,7.095524,5.0,3400.0,
,,,,,,,,,,,,,,,,,,,,,,2023.0,,Somalia,somalia_surveys_province,,,,,,,,,,,,,,,,,,,,,,,,,,,,,,,,,,,,,,,,,,,,,,,,,,,,,,,,,,,,Institutional Delivery,volIM,Lower Juba Region,10007.999961853027,anc1,,821.7002,5.0,3400.0,
,,,,,,,,,,,,,,,,,,,,,,2018.0,,Somalia,somalia_surveys_province,,,,,,,,,,,,,,,,,,,,,,,,,,,,,,,,,,,,,,,,,,,,,,,,,,,,,,,,,,,,OPD,volIM,Lower Juba Region,436866.33184814453,,,-124515.22,5.0,3401.0,
,,,,,,,,,,,,,,,,,,,,,,2019.0,,Somalia,somalia_surveys_province,,,,,,,,,,,,,,,,,,,,,,,,,,,,,,,,,,,,,,,,,,,,,,,,,,,,,,,,,,,,OPD,volIM,Lower Juba Region,454014.6678161621,,,-124515.22,5.0,3401.0,
,,,,,,,,,,,,,,,,,,,,,,2020.0,,Somalia,somalia_surveys_province,,,,,,,,,,,,,,,,,,,,,,,,,,,,,,,,,,,,,,,,,,,,,,,,,,,,,,,,,,,,OPD,volIM,Lower Juba Region,433038.20446777344,,,-124515.22,5.0,3401.0,
,,,,,,,,,,,,,,,,,,,,,,2021.0,,Somalia,somalia_surveys_province,,,,,,,,,,,,,,,,,,,,,,,,,,,,,,,,,,,,,,,,,,,,,,,,,,,,,,,,,,,,OPD,volIM,Lower Juba Region,449188.00018310547,,,-124515.22,5.0,3401.0,
,,,,,,,,,,,,,,,,,,,,,,2022.0,,Somalia,somalia_surveys_province,,,,,,,,,,,,,,,,,,,,,,,,,,,,,,,,,,,,,,,,,,,,,,,,,,,,,,,,,,,,OPD,volIM,Lower Juba Region,512077.1703491211,,,-124515.22,5.0,3401.0,
,,,,,,,,,,,,,,,,,,,,,,2023.0,,Somalia,somalia_surveys_province,,,,,,,,,,,,,,,,,,,,,,,,,,,,,,,,,,,,,,,,,,,,,,,,,,,,,,,,,,,,OPD,volIM,Lower Juba Region,312351.12005615234,,,-124515.22,5.0,3401.0,
,,,,,,,,,,,,,,,,,,,,,,2018.0,,Somalia,somalia_surveys_province,,,,,,,,,,,,,,,,,,,,,,,,,,,,,,,,,,,,,,,,,,,,,,,,,,,,,,,,,,,,PNC1,volIM,Lower Juba Region,20160.897523880005,,,-4911.8984,5.0,3402.0,
,,,,,,,,,,,,,,,,,,,,,,2019.0,,Somalia,somalia_surveys_province,,,,,,,,,,,,,,,,,,,,,,,,,,,,,,,,,,,,,,,,,,,,,,,,,,,,,,,,,,,,PNC1,volIM,Lower Juba Region,18890.428550720215,,,-4911.8984,5.0,3402.0,
,,,,,,,,,,,,,,,,,,,,,,2020.0,,Somalia,somalia_surveys_province,,,,,,,,,,,,,,,,,,,,,,,,,,,,,,,,,,,,,,,,,,,,,,,,,,,,,,,,,,,,PNC1,volIM,Lower Juba Region,20116.192254066467,,,-4911.8984,5.0,3402.0,
,,,,,,,,,,,,,,,,,,,,,,2021.0,,Somalia,somalia_surveys_province,,,,,,,,,,,,,,,,,,,,,,,,,,,,,,,,,,,,,,,,,,,,,,,,,,,,,,,,,,,,PNC1,volIM,Lower Juba Region,22492.000056266785,,,-4911.8984,5.0,3402.0,
,,,,,,,,,,,,,,,,,,,,,,2022.0,,Somalia,somalia_surveys_province,,,,,,,,,,,,,,,,,,,,,,,,,,,,,,,,,,,,,,,,,,,,,,,,,,,,,,,,,,,,PNC1,volIM,Lower Juba Region,21909.719203948975,,,-4911.8984,5.0,3402.0,
,,,,,,,,,,,,,,,,,,,,,,2023.0,,Somalia,somalia_surveys_province,,,,,,,,,,,,,,,,,,,,,,,,,,,,,,,,,,,,,,,,,,,,,,,,,,,,,,,,,,,,PNC1,volIM,Lower Juba Region,15249.000015258789,,,-4911.8984,5.0,3402.0,
,,,,,,,,,,,,,,,,,,,,,,2018.0,,Somalia,somalia_surveys_province,,,,,,,,,,,,,,,,,,,,,,,,,,,,,,,,,,,,,,,,,,,,,,,,,,,,,,,,,,,,Penta 1,cov,Lower Juba Region,28.130611419677734,anc1,,10.864986,5.0,3403.0,
,,,,,,,,,,,,,,,,,,,,,,2018.0,,Somalia,somalia_surveys_province,,,,,,,,,,,,,,,,,,,,,,,,,,,,,,,,,,,,,,,,,,,,,,,,,,,,,,,,,,,,Penta 1,volIM,Lower Juba Region,17391.50001335144,anc1,,166.16602,5.0,3403.0,
,,,,,,,,,,,,,,,,,,,,,,2019.0,,Somalia,somalia_surveys_province,,,,,,,,,,,,,,,,,,,,,,,,,,,,,,,,,,,,,,,,,,,,,,,,,,,,,,,,,,,,Penta 1,cov,Lower Juba Region,30.429521560668945,anc1,,10.864986,5.0,3403.0,
,,,,,,,,,,,,,,,,,,,,,,2019.0,,Somalia,somalia_surveys_province,,,,,,,,,,,,,,,,,,,,,,,,,,,,,,,,,,,,,,,,,,,,,,,,,,,,,,,,,,,,Penta 1,volIM,Lower Juba Region,16138.533340454102,anc1,,166.16602,5.0,3403.0,
,,,,,,,,,,,,,,,,,,,,,,2020.0,,Somalia,somalia_surveys_province,,,,,,,,,,,,,,,,,,,,,,,,,,,,,,,,,,,,,,,,,,,,,,,,,,,,,,,,,,,,Penta 1,cov,Lower Juba Region,39.83244323730469,anc1,,10.864986,5.0,3403.0,
,,,,,,,,,,,,,,,,,,,,,,2020.0,,Somalia,somalia_surveys_province,,,,,,,,,,,,,,,,,,,,,,,,,,,,,,,,,,,,,,,,,,,,,,,,,,,,,,,,,,,,Penta 1,volIM,Lower Juba Region,21448.999935150146,anc1,,166.16602,5.0,3403.0,
,,,,,,,,,,,,,,,,,,,,,,2021.0,,Somalia,somalia_surveys_province,,,,,,,,,,,,,,,,,,,,,,,,,,,,,,,,,,,,,,,,,,,,,,,,,,,,,,,,,,,,Penta 1,volIM,Lower Juba Region,24980.77596473694,anc1,,166.16602,5.0,3403.0,
,,,,,,,,,,,,,,,,,,,,,,2021.0,,Somalia,somalia_surveys_province,,,,,,,,,,,,,,,,,,,,,,,,,,,,,,,,,,,,,,,,,,,,,,,,,,,,,,,,,,,,Penta 1,cov,Lower Juba Region,38.60915756225586,anc1,,10.864986,5.0,3403.0,
,,,,,,,,,,,,,,,,,,,,,,2022.0,,Somalia,somalia_surveys_province,,,,,,,,,,,,,,,,,,,,,,,,,,,,,,,,,,,,,,,,,,,,,,,,,,,,,,,,,,,,Penta 1,cov,Lower Juba Region,45.23349380493164,anc1,,10.864986,5.0,3403.0,
,,,,,,,,,,,,,,,,,,,,,,2022.0,,Somalia,somalia_surveys_province,,,,,,,,,,,,,,,,,,,,,,,,,,,,,,,,,,,,,,,,,,,,,,,,,,,,,,,,,,,,Penta 1,volIM,Lower Juba Region,33325.96681404114,anc1,,166.16602,5.0,3403.0,
,,,,,,,,,,,,,,,,,,,,,,2023.0,,Somalia,somalia_surveys_province,,,,,,,,,,,,,,,,,,,,,,,,,,,,,,,,,,,,,,,,,,,,,,,,,,,,,,,,,,,,Penta 1,volIM,Lower Juba Region,17557.666604995728,anc1,,166.16602,5.0,3403.0,
,,,,,,,,,,,,,,,,,,,,,,2023.0,,Somalia,somalia_surveys_province,,,,,,,,,,,,,,,,,,,,,,,,,,,,,,,,,,,,,,,,,,,,,,,,,,,,,,,,,,,,Penta 1,cov,Lower Juba Region,38.99559783935547,anc1,,10.864986,5.0,3403.0,
,,,,,,,,,,,,,,,,,,,,,,2018.0,,Somalia,somalia_surveys_province,,,,,,,,,,,,,,,,,,,,,,,,,,,,,,,,,,,,,,,,,,,,,,,,,,,,,,,,,,,,Penta 3,volIM,Lower Juba Region,11516.0,delivery,,3127.0,5.0,3404.0,
,,,,,,,,,,,,,,,,,,,,,,2018.0,,Somalia,somalia_surveys_province,,,,,,,,,,,,,,,,,,,,,,,,,,,,,,,,,,,,,,,,,,,,,,,,,,,,,,,,,,,,Penta 3,cov,Lower Juba Region,90.94843292236328,delivery,,15.200829,5.0,3404.0,
,,,,,,,,,,,,,,,,,,,,,,2019.0,,Somalia,somalia_surveys_province,,,,,,,,,,,,,,,,,,,,,,,,,,,,,,,,,,,,,,,,,,,,,,,,,,,,,,,,,,,,Penta 3,cov,Lower Juba Region,87.93389129638672,delivery,,15.200829,5.0,3404.0,
,,,,,,,,,,,,,,,,,,,,,,2019.0,,Somalia,somalia_surveys_province,,,,,,,,,,,,,,,,,,,,,,,,,,,,,,,,,,,,,,,,,,,,,,,,,,,,,,,,,,,,Penta 3,volIM,Lower Juba Region,11549.666644096375,delivery,,3127.0,5.0,3404.0,
,,,,,,,,,,,,,,,,,,,,,,2020.0,,Somalia,somalia_surveys_province,,,,,,,,,,,,,,,,,,,,,,,,,,,,,,,,,,,,,,,,,,,,,,,,,,,,,,,,,,,,Penta 3,cov,Lower Juba Region,100.47660827636719,delivery,,15.200829,5.0,3404.0,
,,,,,,,,,,,,,,,,,,,,,,2020.0,,Somalia,somalia_surveys_province,,,,,,,,,,,,,,,,,,,,,,,,,,,,,,,,,,,,,,,,,,,,,,,,,,,,,,,,,,,,Penta 3,volIM,Lower Juba Region,15449.000019073486,delivery,,3127.0,5.0,3404.0,
,,,,,,,,,,,,,,,,,,,,,,2021.0,,Somalia,somalia_surveys_province,,,,,,,,,,,,,,,,,,,,,,,,,,,,,,,,,,,,,,,,,,,,,,,,,,,,,,,,,,,,Penta 3,cov,Lower Juba Region,116.34117889404297,delivery,,15.200829,5.0,3404.0,
,,,,,,,,,,,,,,,,,,,,,,2021.0,,Somalia,somalia_surveys_province,,,,,,,,,,,,,,,,,,,,,,,,,,,,,,,,,,,,,,,,,,,,,,,,,,,,,,,,,,,,Penta 3,volIM,Lower Juba Region,20585.83334350586,delivery,,3127.0,5.0,3404.0,
,,,,,,,,,,,,,,,,,,,,,,2022.0,,Somalia,somalia_surveys_province,,,,,,,,,,,,,,,,,,,,,,,,,,,,,,,,,,,,,,,,,,,,,,,,,,,,,,,,,,,,Penta 3,volIM,Lower Juba Region,27541.933255195618,delivery,,3127.0,5.0,3404.0,
,,,,,,,,,,,,,,,,,,,,,,2022.0,,Somalia,somalia_surveys_province,,,,,,,,,,,,,,,,,,,,,,,,,,,,,,,,,,,,,,,,,,,,,,,,,,,,,,,,,,,,Penta 3,cov,Lower Juba Region,141.0029296875,delivery,,15.200829,5.0,3404.0,
,,,,,,,,,,,,,,,,,,,,,,2023.0,,Somalia,somalia_surveys_province,,,,,,,,,,,,,,,,,,,,,,,,,,,,,,,,,,,,,,,,,,,,,,,,,,,,,,,,,,,,Penta 3,volIM,Lower Juba Region,14642.999946594238,delivery,,3127.0,5.0,3404.0,
,,,,,,,,,,,,,,,,,,,,,,2023.0,,Somalia,somalia_surveys_province,,,,,,,,,,,,,,,,,,,,,,,,,,,,,,,,,,,,,,,,,,,,,,,,,,,,,,,,,,,,Penta 3,cov,Lower Juba Region,106.14926147460938,delivery,,15.200829,5.0,3404.0,
,,,,,,,,,,,,,,,,,,,,,,2018.0,,Somalia,somalia_surveys_province,,,,,,,,,,,,,,,,,,,,,,,,,,,,,,,,,,,,,,,,,,,,,,,,,,,,,,,,,,,,ANC1,volIM,Lower Shabelle Region,57882.346183776855,delivery,,-11054.266,5.0,3405.0,
,,,,,,,,,,,,,,,,,,,,,,2018.0,,Somalia,somalia_surveys_province,,,,,,,,,,,,,,,,,,,,,,,,,,,,,,,,,,,,,,,,,,,,,,,,,,,,,,,,,,,,ANC1,cov,Lower Shabelle Region,315.9188537597656,delivery,,45.592957,5.0,3405.0,
,,,,,,,,,,,,,,,,,,,,,,2019.0,,Somalia,somalia_surveys_province,,,,,,,,,,,,,,,,,,,,,,,,,,,,,,,,,,,,,,,,,,,,,,,,,,,,,,,,,,,,ANC1,cov,Lower Shabelle Region,411.655517578125,delivery,,45.592957,5.0,3405.0,
,,,,,,,,,,,,,,,,,,,,,,2019.0,,Somalia,somalia_surveys_province,,,,,,,,,,,,,,,,,,,,,,,,,,,,,,,,,,,,,,,,,,,,,,,,,,,,,,,,,,,,ANC1,volIM,Lower Shabelle Region,77186.40888214111,delivery,,-11054.266,5.0,3405.0,
,,,,,,,,,,,,,,,,,,,,,,2020.0,,Somalia,somalia_surveys_province,,,,,,,,,,,,,,,,,,,,,,,,,,,,,,,,,,,,,,,,,,,,,,,,,,,,,,,,,,,,ANC1,cov,Lower Shabelle Region,359.5699768066406,delivery,,45.592957,5.0,3405.0,
,,,,,,,,,,,,,,,,,,,,,,2020.0,,Somalia,somalia_surveys_province,,,,,,,,,,,,,,,,,,,,,,,,,,,,,,,,,,,,,,,,,,,,,,,,,,,,,,,,,,,,ANC1,volIM,Lower Shabelle Region,71908.69960021973,delivery,,-11054.266,5.0,3405.0,
,,,,,,,,,,,,,,,,,,,,,,2021.0,,Somalia,somalia_surveys_province,,,,,,,,,,,,,,,,,,,,,,,,,,,,,,,,,,,,,,,,,,,,,,,,,,,,,,,,,,,,ANC1,cov,Lower Shabelle Region,420.5339050292969,delivery,,45.592957,5.0,3405.0,
,,,,,,,,,,,,,,,,,,,,,,2021.0,,Somalia,somalia_surveys_province,,,,,,,,,,,,,,,,,,,,,,,,,,,,,,,,,,,,,,,,,,,,,,,,,,,,,,,,,,,,ANC1,volIM,Lower Shabelle Region,82915.45400238037,delivery,,-11054.266,5.0,3405.0,
,,,,,,,,,,,,,,,,,,,,,,2022.0,,Somalia,somalia_surveys_province,,,,,,,,,,,,,,,,,,,,,,,,,,,,,,,,,,,,,,,,,,,,,,,,,,,,,,,,,,,,ANC1,volIM,Lower Shabelle Region,77923.53323364258,delivery,,-11054.266,5.0,3405.0,
,,,,,,,,,,,,,,,,,,,,,,2022.0,,Somalia,somalia_surveys_province,,,,,,,,,,,,,,,,,,,,,,,,,,,,,,,,,,,,,,,,,,,,,,,,,,,,,,,,,,,,ANC1,cov,Lower Shabelle Region,329.6013488769531,delivery,,45.592957,5.0,3405.0,
,,,,,,,,,,,,,,,,,,,,,,2023.0,,Somalia,somalia_surveys_province,,,,,,,,,,,,,,,,,,,,,,,,,,,,,,,,,,,,,,,,,,,,,,,,,,,,,,,,,,,,ANC1,cov,Lower Shabelle Region,361.5118103027344,delivery,,45.592957,5.0,3405.0,
,,,,,,,,,,,,,,,,,,,,,,2023.0,,Somalia,somalia_surveys_province,,,,,,,,,,,,,,,,,,,,,,,,,,,,,,,,,,,,,,,,,,,,,,,,,,,,,,,,,,,,ANC1,volIM,Lower Shabelle Region,46828.083488464355,delivery,,-11054.266,5.0,3405.0,
,,,,,,,,,,,,,,,,,,,,,,2018.0,,Somalia,somalia_surveys_province,,,,,,,,,,,,,,,,,,,,,,,,,,,,,,,,,,,,,,,,,,,,,,,,,,,,,,,,,,,,ANC4,cov,Lower Shabelle Region,93.84893035888672,delivery,,4.735199,5.0,3406.0,
,,,,,,,,,,,,,,,,,,,,,,2018.0,,Somalia,somalia_surveys_province,,,,,,,,,,,,,,,,,,,,,,,,,,,,,,,,,,,,,,,,,,,,,,,,,,,,,,,,,,,,ANC4,volIM,Lower Shabelle Region,17194.909046173096,delivery,,-4424.908,5.0,3406.0,
,,,,,,,,,,,,,,,,,,,,,,2019.0,,Somalia,somalia_surveys_province,,,,,,,,,,,,,,,,,,,,,,,,,,,,,,,,,,,,,,,,,,,,,,,,,,,,,,,,,,,,ANC4,cov,Lower Shabelle Region,116.93302154541016,delivery,,4.735199,5.0,3406.0,
,,,,,,,,,,,,,,,,,,,,,,2019.0,,Somalia,somalia_surveys_province,,,,,,,,,,,,,,,,,,,,,,,,,,,,,,,,,,,,,,,,,,,,,,,,,,,,,,,,,,,,ANC4,volIM,Lower Shabelle Region,21925.224948883057,delivery,,-4424.908,5.0,3406.0,
,,,,,,,,,,,,,,,,,,,,,,2020.0,,Somalia,somalia_surveys_province,,,,,,,,,,,,,,,,,,,,,,,,,,,,,,,,,,,,,,,,,,,,,,,,,,,,,,,,,,,,ANC4,cov,Lower Shabelle Region,108.79652404785156,delivery,,4.735199,5.0,3406.0,
,,,,,,,,,,,,,,,,,,,,,,2020.0,,Somalia,somalia_surveys_province,,,,,,,,,,,,,,,,,,,,,,,,,,,,,,,,,,,,,,,,,,,,,,,,,,,,,,,,,,,,ANC4,volIM,Lower Shabelle Region,21757.703102111816,delivery,,-4424.908,5.0,3406.0,
,,,,,,,,,,,,,,,,,,,,,,2021.0,,Somalia,somalia_surveys_province,,,,,,,,,,,,,,,,,,,,,,,,,,,,,,,,,,,,,,,,,,,,,,,,,,,,,,,,,,,,ANC4,cov,Lower Shabelle Region,115.59230041503906,delivery,,4.735199,5.0,3406.0,
,,,,,,,,,,,,,,,,,,,,,,2021.0,,Somalia,somalia_surveys_province,,,,,,,,,,,,,,,,,,,,,,,,,,,,,,,,,,,,,,,,,,,,,,,,,,,,,,,,,,,,ANC4,volIM,Lower Shabelle Region,22790.999815940857,delivery,,-4424.908,5.0,3406.0,
,,,,,,,,,,,,,,,,,,,,,,2022.0,,Somalia,somalia_surveys_province,,,,,,,,,,,,,,,,,,,,,,,,,,,,,,,,,,,,,,,,,,,,,,,,,,,,,,,,,,,,ANC4,cov,Lower Shabelle Region,96.28128814697266,delivery,,4.735199,5.0,3406.0,
,,,,,,,,,,,,,,,,,,,,,,2022.0,,Somalia,somalia_surveys_province,,,,,,,,,,,,,,,,,,,,,,,,,,,,,,,,,,,,,,,,,,,,,,,,,,,,,,,,,,,,ANC4,volIM,Lower Shabelle Region,22762.582750320435,delivery,,-4424.908,5.0,3406.0,
,,,,,,,,,,,,,,,,,,,,,,2023.0,,Somalia,somalia_surveys_province,,,,,,,,,,,,,,,,,,,,,,,,,,,,,,,,,,,,,,,,,,,,,,,,,,,,,,,,,,,,ANC4,cov,Lower Shabelle Region,98.5841293334961,delivery,,4.735199,5.0,3406.0,
,,,,,,,,,,,,,,,,,,,,,,2023.0,,Somalia,somalia_surveys_province,,,,,,,,,,,,,,,,,,,,,,,,,,,,,,,,,,,,,,,,,,,,,,,,,,,,,,,,,,,,ANC4,volIM,Lower Shabelle Region,12769.999948501587,delivery,,-4424.908,5.0,3406.0,
,,,,,,,,,,,,,,,,,,,,,,2018.0,,Somalia,somalia_surveys_province,,,,,,,,,,,,,,,,,,,,,,,,,,,,,,,,,,,,,,,,,,,,,,,,,,,,,,,,,,,,BCG,cov,Lower Shabelle Region,43.215877532958984,anc1,,12.573879,5.0,3407.0,
,,,,,,,,,,,,,,,,,,,,,,2018.0,,Somalia,somalia_surveys_province,,,,,,,,,,,,,,,,,,,,,,,,,,,,,,,,,,,,,,,,,,,,,,,,,,,,,,,,,,,,BCG,volIM,Lower Shabelle Region,34479.04988861084,anc1,,1531.2422,5.0,3407.0,
,,,,,,,,,,,,,,,,,,,,,,2019.0,,Somalia,somalia_surveys_province,,,,,,,,,,,,,,,,,,,,,,,,,,,,,,,,,,,,,,,,,,,,,,,,,,,,,,,,,,,,BCG,cov,Lower Shabelle Region,51.0545539855957,anc1,,12.573879,5.0,3407.0,
,,,,,,,,,,,,,,,,,,,,,,2019.0,,Somalia,somalia_surveys_province,,,,,,,,,,,,,,,,,,,,,,,,,,,,,,,,,,,,,,,,,,,,,,,,,,,,,,,,,,,,BCG,volIM,Lower Shabelle Region,54317.67070770264,anc1,,1531.2422,5.0,3407.0,
,,,,,,,,,,,,,,,,,,,,,,2020.0,,Somalia,somalia_surveys_province,,,,,,,,,,,,,,,,,,,,,,,,,,,,,,,,,,,,,,,,,,,,,,,,,,,,,,,,,,,,BCG,cov,Lower Shabelle Region,52.13638687133789,anc1,,12.573879,5.0,3407.0,
,,,,,,,,,,,,,,,,,,,,,,2020.0,,Somalia,somalia_surveys_province,,,,,,,,,,,,,,,,,,,,,,,,,,,,,,,,,,,,,,,,,,,,,,,,,,,,,,,,,,,,BCG,volIM,Lower Shabelle Region,51675.91636276245,anc1,,1531.2422,5.0,3407.0,
,,,,,,,,,,,,,,,,,,,,,,2021.0,,Somalia,somalia_surveys_province,,,,,,,,,,,,,,,,,,,,,,,,,,,,,,,,,,,,,,,,,,,,,,,,,,,,,,,,,,,,BCG,cov,Lower Shabelle Region,46.63345718383789,anc1,,12.573879,5.0,3407.0,
,,,,,,,,,,,,,,,,,,,,,,2021.0,,Somalia,somalia_surveys_province,,,,,,,,,,,,,,,,,,,,,,,,,,,,,,,,,,,,,,,,,,,,,,,,,,,,,,,,,,,,BCG,volIM,Lower Shabelle Region,53296.52749252319,anc1,,1531.2422,5.0,3407.0,
,,,,,,,,,,,,,,,,,,,,,,2022.0,,Somalia,somalia_surveys_province,,,,,,,,,,,,,,,,,,,,,,,,,,,,,,,,,,,,,,,,,,,,,,,,,,,,,,,,,,,,BCG,cov,Lower Shabelle Region,61.619483947753906,anc1,,12.573879,5.0,3407.0,
,,,,,,,,,,,,,,,,,,,,,,2022.0,,Somalia,somalia_surveys_province,,,,,,,,,,,,,,,,,,,,,,,,,,,,,,,,,,,,,,,,,,,,,,,,,,,,,,,,,,,,BCG,volIM,Lower Shabelle Region,66183.92404937744,anc1,,1531.2422,5.0,3407.0,
,,,,,,,,,,,,,,,,,,,,,,2023.0,,Somalia,somalia_surveys_province,,,,,,,,,,,,,,,,,,,,,,,,,,,,,,,,,,,,,,,,,,,,,,,,,,,,,,,,,,,,BCG,volIM,Lower Shabelle Region,36010.29393005371,anc1,,1531.2422,5.0,3407.0,
,,,,,,,,,,,,,,,,,,,,,,2023.0,,Somalia,somalia_surveys_province,,,,,,,,,,,,,,,,,,,,,,,,,,,,,,,,,,,,,,,,,,,,,,,,,,,,,,,,,,,,BCG,cov,Lower Shabelle Region,55.789756774902344,anc1,,12.573879,5.0,3407.0,
,,,,,,,,,,,,,,,,,,,,,,2018.0,,Somalia,somalia_surveys_province,,,,,,,,,,,,,,,,,,,,,,,,,,,,,,,,,,,,,,,,,,,,,,,,,,,,,,,,,,,,Institutional Delivery,volIM,Lower Shabelle Region,12440.571494102478,anc1,,-3645.21,5.0,3408.0,
,,,,,,,,,,,,,,,,,,,,,,2018.0,,Somalia,somalia_surveys_province,,,,,,,,,,,,,,,,,,,,,,,,,,,,,,,,,,,,,,,,,,,,,,,,,,,,,,,,,,,,Institutional Delivery,cov,Lower Shabelle Region,15.5929536819458,anc1,,-1.9665432,5.0,3408.0,
,,,,,,,,,,,,,,,,,,,,,,2019.0,,Somalia,somalia_surveys_province,,,,,,,,,,,,,,,,,,,,,,,,,,,,,,,,,,,,,,,,,,,,,,,,,,,,,,,,,,,,Institutional Delivery,cov,Lower Shabelle Region,11.966578483581543,anc1,,-1.9665432,5.0,3408.0,
,,,,,,,,,,,,,,,,,,,,,,2019.0,,Somalia,somalia_surveys_province,,,,,,,,,,,,,,,,,,,,,,,,,,,,,,,,,,,,,,,,,,,,,,,,,,,,,,,,,,,,Institutional Delivery,volIM,Lower Shabelle Region,12731.414319038391,anc1,,-3645.21,5.0,3408.0,
,,,,,,,,,,,,,,,,,,,,,,2020.0,,Somalia,somalia_surveys_province,,,,,,,,,,,,,,,,,,,,,,,,,,,,,,,,,,,,,,,,,,,,,,,,,,,,,,,,,,,,Institutional Delivery,cov,Lower Shabelle Region,13.69999885559082,anc1,,-1.9665432,5.0,3408.0,
,,,,,,,,,,,,,,,,,,,,,,2020.0,,Somalia,somalia_surveys_province,,,,,,,,,,,,,,,,,,,,,,,,,,,,,,,,,,,,,,,,,,,,,,,,,,,,,,,,,,,,Institutional Delivery,volIM,Lower Shabelle Region,13579.000034332275,anc1,,-3645.21,5.0,3408.0,
,,,,,,,,,,,,,,,,,,,,,,2021.0,,Somalia,somalia_surveys_province,,,,,,,,,,,,,,,,,,,,,,,,,,,,,,,,,,,,,,,,,,,,,,,,,,,,,,,,,,,,Institutional Delivery,cov,Lower Shabelle Region,11.713939666748047,anc1,,-1.9665432,5.0,3408.0,
,,,,,,,,,,,,,,,,,,,,,,2021.0,,Somalia,somalia_surveys_province,,,,,,,,,,,,,,,,,,,,,,,,,,,,,,,,,,,,,,,,,,,,,,,,,,,,,,,,,,,,Institutional Delivery,volIM,Lower Shabelle Region,13387.647250652313,anc1,,-3645.21,5.0,3408.0,
,,,,,,,,,,,,,,,,,,,,,,2022.0,,Somalia,somalia_surveys_province,,,,,,,,,,,,,,,,,,,,,,,,,,,,,,,,,,,,,,,,,,,,,,,,,,,,,,,,,,,,Institutional Delivery,cov,Lower Shabelle Region,14.945656776428223,anc1,,-1.9665432,5.0,3408.0,
,,,,,,,,,,,,,,,,,,,,,,2022.0,,Somalia,somalia_surveys_province,,,,,,,,,,,,,,,,,,,,,,,,,,,,,,,,,,,,,,,,,,,,,,,,,,,,,,,,,,,,Institutional Delivery,volIM,Lower Shabelle Region,16052.74997138977,anc1,,-3645.21,5.0,3408.0,
,,,,,,,,,,,,,,,,,,,,,,2023.0,,Somalia,somalia_surveys_province,,,,,,,,,,,,,,,,,,,,,,,,,,,,,,,,,,,,,,,,,,,,,,,,,,,,,,,,,,,,Institutional Delivery,cov,Lower Shabelle Region,13.626410484313965,anc1,,-1.9665432,5.0,3408.0,
,,,,,,,,,,,,,,,,,,,,,,2023.0,,Somalia,somalia_surveys_province,,,,,,,,,,,,,,,,,,,,,,,,,,,,,,,,,,,,,,,,,,,,,,,,,,,,,,,,,,,,Institutional Delivery,volIM,Lower Shabelle Region,8795.361130714417,anc1,,-3645.21,5.0,3408.0,
,,,,,,,,,,,,,,,,,,,,,,2018.0,,Somalia,somalia_surveys_province,,,,,,,,,,,,,,,,,,,,,,,,,,,,,,,,,,,,,,,,,,,,,,,,,,,,,,,,,,,,OPD,volIM,Lower Shabelle Region,632223.0164794922,,,-268903.72,5.0,3409.0,
,,,,,,,,,,,,,,,,,,,,,,2019.0,,Somalia,somalia_surveys_province,,,,,,,,,,,,,,,,,,,,,,,,,,,,,,,,,,,,,,,,,,,,,,,,,,,,,,,,,,,,OPD,volIM,Lower Shabelle Region,678599.6827392578,,,-268903.72,5.0,3409.0,
,,,,,,,,,,,,,,,,,,,,,,2020.0,,Somalia,somalia_surveys_province,,,,,,,,,,,,,,,,,,,,,,,,,,,,,,,,,,,,,,,,,,,,,,,,,,,,,,,,,,,,OPD,volIM,Lower Shabelle Region,656531.6883544922,,,-268903.72,5.0,3409.0,
,,,,,,,,,,,,,,,,,,,,,,2021.0,,Somalia,somalia_surveys_province,,,,,,,,,,,,,,,,,,,,,,,,,,,,,,,,,,,,,,,,,,,,,,,,,,,,,,,,,,,,OPD,volIM,Lower Shabelle Region,717477.5289306641,,,-268903.72,5.0,3409.0,
,,,,,,,,,,,,,,,,,,,,,,2022.0,,Somalia,somalia_surveys_province,,,,,,,,,,,,,,,,,,,,,,,,,,,,,,,,,,,,,,,,,,,,,,,,,,,,,,,,,,,,OPD,volIM,Lower Shabelle Region,610600.0002441406,,,-268903.72,5.0,3409.0,
,,,,,,,,,,,,,,,,,,,,,,2023.0,,Somalia,somalia_surveys_province,,,,,,,,,,,,,,,,,,,,,,,,,,,,,,,,,,,,,,,,,,,,,,,,,,,,,,,,,,,,OPD,volIM,Lower Shabelle Region,363319.27069091797,,,-268903.72,5.0,3409.0,
,,,,,,,,,,,,,,,,,,,,,,2018.0,,Somalia,somalia_surveys_province,,,,,,,,,,,,,,,,,,,,,,,,,,,,,,,,,,,,,,,,,,,,,,,,,,,,,,,,,,,,PNC1,volIM,Lower Shabelle Region,13764.500030994415,,,2933.9941,5.0,3410.0,
,,,,,,,,,,,,,,,,,,,,,,2019.0,,Somalia,somalia_surveys_province,,,,,,,,,,,,,,,,,,,,,,,,,,,,,,,,,,,,,,,,,,,,,,,,,,,,,,,,,,,,PNC1,volIM,Lower Shabelle Region,11314.714282989502,,,2933.9941,5.0,3410.0,
,,,,,,,,,,,,,,,,,,,,,,2020.0,,Somalia,somalia_surveys_province,,,,,,,,,,,,,,,,,,,,,,,,,,,,,,,,,,,,,,,,,,,,,,,,,,,,,,,,,,,,PNC1,volIM,Lower Shabelle Region,14574.000102519989,,,2933.9941,5.0,3410.0,
,,,,,,,,,,,,,,,,,,,,,,2021.0,,Somalia,somalia_surveys_province,,,,,,,,,,,,,,,,,,,,,,,,,,,,,,,,,,,,,,,,,,,,,,,,,,,,,,,,,,,,PNC1,volIM,Lower Shabelle Region,19672.205783843994,,,2933.9941,5.0,3410.0,
,,,,,,,,,,,,,,,,,,,,,,2022.0,,Somalia,somalia_surveys_province,,,,,,,,,,,,,,,,,,,,,,,,,,,,,,,,,,,,,,,,,,,,,,,,,,,,,,,,,,,,PNC1,volIM,Lower Shabelle Region,30125.559064865112,,,2933.9941,5.0,3410.0,
,,,,,,,,,,,,,,,,,,,,,,2023.0,,Somalia,somalia_surveys_province,,,,,,,,,,,,,,,,,,,,,,,,,,,,,,,,,,,,,,,,,,,,,,,,,,,,,,,,,,,,PNC1,volIM,Lower Shabelle Region,16698.494606018066,,,2933.9941,5.0,3410.0,
,,,,,,,,,,,,,,,,,,,,,,2018.0,,Somalia,somalia_surveys_province,,,,,,,,,,,,,,,,,,,,,,,,,,,,,,,,,,,,,,,,,,,,,,,,,,,,,,,,,,,,Penta 1,volIM,Lower Shabelle Region,38454.65151977539,anc1,,-3730.211,5.0,3411.0,
,,,,,,,,,,,,,,,,,,,,,,2018.0,,Somalia,somalia_surveys_province,,,,,,,,,,,,,,,,,,,,,,,,,,,,,,,,,,,,,,,,,,,,,,,,,,,,,,,,,,,,Penta 1,cov,Lower Shabelle Region,50.05664825439453,anc1,,5.814537,5.0,3411.0,
,,,,,,,,,,,,,,,,,,,,,,2019.0,,Somalia,somalia_surveys_province,,,,,,,,,,,,,,,,,,,,,,,,,,,,,,,,,,,,,,,,,,,,,,,,,,,,,,,,,,,,Penta 1,cov,Lower Shabelle Region,53.092994689941406,anc1,,5.814537,5.0,3411.0,
,,,,,,,,,,,,,,,,,,,,,,2019.0,,Somalia,somalia_surveys_province,,,,,,,,,,,,,,,,,,,,,,,,,,,,,,,,,,,,,,,,,,,,,,,,,,,,,,,,,,,,Penta 1,volIM,Lower Shabelle Region,54389.999855041504,anc1,,-3730.211,5.0,3411.0,
,,,,,,,,,,,,,,,,,,,,,,2020.0,,Somalia,somalia_surveys_province,,,,,,,,,,,,,,,,,,,,,,,,,,,,,,,,,,,,,,,,,,,,,,,,,,,,,,,,,,,,Penta 1,cov,Lower Shabelle Region,52.84172439575195,anc1,,5.814537,5.0,3411.0,
,,,,,,,,,,,,,,,,,,,,,,2020.0,,Somalia,somalia_surveys_province,,,,,,,,,,,,,,,,,,,,,,,,,,,,,,,,,,,,,,,,,,,,,,,,,,,,,,,,,,,,Penta 1,volIM,Lower Shabelle Region,50431.214305877686,anc1,,-3730.211,5.0,3411.0,
,,,,,,,,,,,,,,,,,,,,,,2021.0,,Somalia,somalia_surveys_province,,,,,,,,,,,,,,,,,,,,,,,,,,,,,,,,,,,,,,,,,,,,,,,,,,,,,,,,,,,,Penta 1,cov,Lower Shabelle Region,45.27268981933594,anc1,,5.814537,5.0,3411.0,
,,,,,,,,,,,,,,,,,,,,,,2021.0,,Somalia,somalia_surveys_province,,,,,,,,,,,,,,,,,,,,,,,,,,,,,,,,,,,,,,,,,,,,,,,,,,,,,,,,,,,,Penta 1,volIM,Lower Shabelle Region,49821.038887023926,anc1,,-3730.211,5.0,3411.0,
,,,,,,,,,,,,,,,,,,,,,,2022.0,,Somalia,somalia_surveys_province,,,,,,,,,,,,,,,,,,,,,,,,,,,,,,,,,,,,,,,,,,,,,,,,,,,,,,,,,,,,Penta 1,cov,Lower Shabelle Region,61.097137451171875,anc1,,5.814537,5.0,3411.0,
,,,,,,,,,,,,,,,,,,,,,,2022.0,,Somalia,somalia_surveys_province,,,,,,,,,,,,,,,,,,,,,,,,,,,,,,,,,,,,,,,,,,,,,,,,,,,,,,,,,,,,Penta 1,volIM,Lower Shabelle Region,63187.39840698242,anc1,,-3730.211,5.0,3411.0,
,,,,,,,,,,,,,,,,,,,,,,2023.0,,Somalia,somalia_surveys_province,,,,,,,,,,,,,,,,,,,,,,,,,,,,,,,,,,,,,,,,,,,,,,,,,,,,,,,,,,,,Penta 1,cov,Lower Shabelle Region,55.871185302734375,anc1,,5.814537,5.0,3411.0,
,,,,,,,,,,,,,,,,,,,,,,2023.0,,Somalia,somalia_surveys_province,,,,,,,,,,,,,,,,,,,,,,,,,,,,,,,,,,,,,,,,,,,,,,,,,,,,,,,,,,,,Penta 1,volIM,Lower Shabelle Region,34724.440422058105,anc1,,-3730.211,5.0,3411.0,
,,,,,,,,,,,,,,,,,,,,,,2018.0,,Somalia,somalia_surveys_province,,,,,,,,,,,,,,,,,,,,,,,,,,,,,,,,,,,,,,,,,,,,,,,,,,,,,,,,,,,,Penta 3,cov,Lower Shabelle Region,40.42707824707031,anc1,,6.62249,5.0,3412.0,
,,,,,,,,,,,,,,,,,,,,,,2018.0,,Somalia,somalia_surveys_province,,,,,,,,,,,,,,,,,,,,,,,,,,,,,,,,,,,,,,,,,,,,,,,,,,,,,,,,,,,,Penta 3,volIM,Lower Shabelle Region,31056.99754333496,anc1,,-1815.2715,5.0,3412.0,
,,,,,,,,,,,,,,,,,,,,,,2019.0,,Somalia,somalia_surveys_province,,,,,,,,,,,,,,,,,,,,,,,,,,,,,,,,,,,,,,,,,,,,,,,,,,,,,,,,,,,,Penta 3,cov,Lower Shabelle Region,40.944374084472656,anc1,,6.62249,5.0,3412.0,
,,,,,,,,,,,,,,,,,,,,,,2019.0,,Somalia,somalia_surveys_province,,,,,,,,,,,,,,,,,,,,,,,,,,,,,,,,,,,,,,,,,,,,,,,,,,,,,,,,,,,,Penta 3,volIM,Lower Shabelle Region,41944.6001625061,anc1,,-1815.2715,5.0,3412.0,
,,,,,,,,,,,,,,,,,,,,,,2020.0,,Somalia,somalia_surveys_province,,,,,,,,,,,,,,,,,,,,,,,,,,,,,,,,,,,,,,,,,,,,,,,,,,,,,,,,,,,,Penta 3,cov,Lower Shabelle Region,42.66843032836914,anc1,,6.62249,5.0,3412.0,
,,,,,,,,,,,,,,,,,,,,,,2020.0,,Somalia,somalia_surveys_province,,,,,,,,,,,,,,,,,,,,,,,,,,,,,,,,,,,,,,,,,,,,,,,,,,,,,,,,,,,,Penta 3,volIM,Lower Shabelle Region,40722.000160217285,anc1,,-1815.2715,5.0,3412.0,
,,,,,,,,,,,,,,,,,,,,,,2021.0,,Somalia,somalia_surveys_province,,,,,,,,,,,,,,,,,,,,,,,,,,,,,,,,,,,,,,,,,,,,,,,,,,,,,,,,,,,,Penta 3,cov,Lower Shabelle Region,37.521636962890625,anc1,,6.62249,5.0,3412.0,
,,,,,,,,,,,,,,,,,,,,,,2021.0,,Somalia,somalia_surveys_province,,,,,,,,,,,,,,,,,,,,,,,,,,,,,,,,,,,,,,,,,,,,,,,,,,,,,,,,,,,,Penta 3,volIM,Lower Shabelle Region,41291.272844314575,anc1,,-1815.2715,5.0,3412.0,
,,,,,,,,,,,,,,,,,,,,,,2022.0,,Somalia,somalia_surveys_province,,,,,,,,,,,,,,,,,,,,,,,,,,,,,,,,,,,,,,,,,,,,,,,,,,,,,,,,,,,,Penta 3,volIM,Lower Shabelle Region,51779.09655380249,anc1,,-1815.2715,5.0,3412.0,
,,,,,,,,,,,,,,,,,,,,,,2022.0,,Somalia,somalia_surveys_province,,,,,,,,,,,,,,,,,,,,,,,,,,,,,,,,,,,,,,,,,,,,,,,,,,,,,,,,,,,,Penta 3,cov,Lower Shabelle Region,50.066226959228516,anc1,,6.62249,5.0,3412.0,
,,,,,,,,,,,,,,,,,,,,,,2023.0,,Somalia,somalia_surveys_province,,,,,,,,,,,,,,,,,,,,,,,,,,,,,,,,,,,,,,,,,,,,,,,,,,,,,,,,,,,,Penta 3,volIM,Lower Shabelle Region,29241.7269821167,anc1,,-1815.2715,5.0,3412.0,
,,,,,,,,,,,,,,,,,,,,,,2023.0,,Somalia,somalia_surveys_province,,,,,,,,,,,,,,,,,,,,,,,,,,,,,,,,,,,,,,,,,,,,,,,,,,,,,,,,,,,,Penta 3,cov,Lower Shabelle Region,47.04956817626953,anc1,,6.62249,5.0,3412.0,
,,,,,,,,,,,,,,,,,,,,,,2018.0,,Somalia,somalia_surveys_province,,,,,,,,,,,,,,,,,,,,,,,,,,,,,,,,,,,,,,,,,,,,,,,,,,,,,,,,,,,,ANC1,cov,Middle Shebelle Region,224.24420166015625,delivery,,-24.936768,5.0,3413.0,
,,,,,,,,,,,,,,,,,,,,,,2018.0,,Somalia,somalia_surveys_province,,,,,,,,,,,,,,,,,,,,,,,,,,,,,,,,,,,,,,,,,,,,,,,,,,,,,,,,,,,,ANC1,volIM,Middle Shebelle Region,34753.99989318848,delivery,,-16191.111,5.0,3413.0,
,,,,,,,,,,,,,,,,,,,,,,2019.0,,Somalia,somalia_surveys_province,,,,,,,,,,,,,,,,,,,,,,,,,,,,,,,,,,,,,,,,,,,,,,,,,,,,,,,,,,,,ANC1,cov,Middle Shebelle Region,215.42881774902344,delivery,,-24.936768,5.0,3413.0,
,,,,,,,,,,,,,,,,,,,,,,2019.0,,Somalia,somalia_surveys_province,,,,,,,,,,,,,,,,,,,,,,,,,,,,,,,,,,,,,,,,,,,,,,,,,,,,,,,,,,,,ANC1,volIM,Middle Shebelle Region,33887.99984741211,delivery,,-16191.111,5.0,3413.0,
,,,,,,,,,,,,,,,,,,,,,,2020.0,,Somalia,somalia_surveys_province,,,,,,,,,,,,,,,,,,,,,,,,,,,,,,,,,,,,,,,,,,,,,,,,,,,,,,,,,,,,ANC1,volIM,Middle Shebelle Region,30525.999881744385,delivery,,-16191.111,5.0,3413.0,
,,,,,,,,,,,,,,,,,,,,,,2020.0,,Somalia,somalia_surveys_province,,,,,,,,,,,,,,,,,,,,,,,,,,,,,,,,,,,,,,,,,,,,,,,,,,,,,,,,,,,,ANC1,cov,Middle Shebelle Region,275.44390869140625,delivery,,-24.936768,5.0,3413.0,
,,,,,,,,,,,,,,,,,,,,,,2021.0,,Somalia,somalia_surveys_province,,,,,,,,,,,,,,,,,,,,,,,,,,,,,,,,,,,,,,,,,,,,,,,,,,,,,,,,,,,,ANC1,cov,Middle Shebelle Region,261.7359313964844,delivery,,-24.936768,5.0,3413.0,
,,,,,,,,,,,,,,,,,,,,,,2021.0,,Somalia,somalia_surveys_province,,,,,,,,,,,,,,,,,,,,,,,,,,,,,,,,,,,,,,,,,,,,,,,,,,,,,,,,,,,,ANC1,volIM,Middle Shebelle Region,29399.9998626709,delivery,,-16191.111,5.0,3413.0,
,,,,,,,,,,,,,,,,,,,,,,2022.0,,Somalia,somalia_surveys_province,,,,,,,,,,,,,,,,,,,,,,,,,,,,,,,,,,,,,,,,,,,,,,,,,,,,,,,,,,,,ANC1,cov,Middle Shebelle Region,150.6070098876953,delivery,,-24.936768,5.0,3413.0,
,,,,,,,,,,,,,,,,,,,,,,2022.0,,Somalia,somalia_surveys_province,,,,,,,,,,,,,,,,,,,,,,,,,,,,,,,,,,,,,,,,,,,,,,,,,,,,,,,,,,,,ANC1,volIM,Middle Shebelle Region,29802.000038146973,delivery,,-16191.111,5.0,3413.0,
,,,,,,,,,,,,,,,,,,,,,,2023.0,,Somalia,somalia_surveys_province,,,,,,,,,,,,,,,,,,,,,,,,,,,,,,,,,,,,,,,,,,,,,,,,,,,,,,,,,,,,ANC1,volIM,Middle Shebelle Region,18562.888710021973,delivery,,-16191.111,5.0,3413.0,
,,,,,,,,,,,,,,,,,,,,,,2023.0,,Somalia,somalia_surveys_province,,,,,,,,,,,,,,,,,,,,,,,,,,,,,,,,,,,,,,,,,,,,,,,,,,,,,,,,,,,,ANC1,cov,Middle Shebelle Region,199.30743408203125,delivery,,-24.936768,5.0,3413.0,
,,,,,,,,,,,,,,,,,,,,,,2018.0,,Somalia,somalia_surveys_province,,,,,,,,,,,,,,,,,,,,,,,,,,,,,,,,,,,,,,,,,,,,,,,,,,,,,,,,,,,,ANC4,volIM,Middle Shebelle Region,9241.14286518097,delivery,,-3870.1426,5.0,3414.0,
,,,,,,,,,,,,,,,,,,,,,,2018.0,,Somalia,somalia_surveys_province,,,,,,,,,,,,,,,,,,,,,,,,,,,,,,,,,,,,,,,,,,,,,,,,,,,,,,,,,,,,ANC4,cov,Middle Shebelle Region,59.62688446044922,delivery,,-1.9591255,5.0,3414.0,
,,,,,,,,,,,,,,,,,,,,,,2019.0,,Somalia,somalia_surveys_province,,,,,,,,,,,,,,,,,,,,,,,,,,,,,,,,,,,,,,,,,,,,,,,,,,,,,,,,,,,,ANC4,volIM,Middle Shebelle Region,9418.857132911682,delivery,,-3870.1426,5.0,3414.0,
,,,,,,,,,,,,,,,,,,,,,,2019.0,,Somalia,somalia_surveys_province,,,,,,,,,,,,,,,,,,,,,,,,,,,,,,,,,,,,,,,,,,,,,,,,,,,,,,,,,,,,ANC4,cov,Middle Shebelle Region,59.8764533996582,delivery,,-1.9591255,5.0,3414.0,
,,,,,,,,,,,,,,,,,,,,,,2020.0,,Somalia,somalia_surveys_province,,,,,,,,,,,,,,,,,,,,,,,,,,,,,,,,,,,,,,,,,,,,,,,,,,,,,,,,,,,,ANC4,cov,Middle Shebelle Region,72.93497467041016,delivery,,-1.9591255,5.0,3414.0,
,,,,,,,,,,,,,,,,,,,,,,2020.0,,Somalia,somalia_surveys_province,,,,,,,,,,,,,,,,,,,,,,,,,,,,,,,,,,,,,,,,,,,,,,,,,,,,,,,,,,,,ANC4,volIM,Middle Shebelle Region,8083.000003814697,delivery,,-3870.1426,5.0,3414.0,
,,,,,,,,,,,,,,,,,,,,,,2021.0,,Somalia,somalia_surveys_province,,,,,,,,,,,,,,,,,,,,,,,,,,,,,,,,,,,,,,,,,,,,,,,,,,,,,,,,,,,,ANC4,volIM,Middle Shebelle Region,8003.785671234131,delivery,,-3870.1426,5.0,3414.0,
,,,,,,,,,,,,,,,,,,,,,,2021.0,,Somalia,somalia_surveys_province,,,,,,,,,,,,,,,,,,,,,,,,,,,,,,,,,,,,,,,,,,,,,,,,,,,,,,,,,,,,ANC4,cov,Middle Shebelle Region,71.25436401367188,delivery,,-1.9591255,5.0,3414.0,
,,,,,,,,,,,,,,,,,,,,,,2022.0,,Somalia,somalia_surveys_province,,,,,,,,,,,,,,,,,,,,,,,,,,,,,,,,,,,,,,,,,,,,,,,,,,,,,,,,,,,,ANC4,cov,Middle Shebelle Region,40.246768951416016,delivery,,-1.9591255,5.0,3414.0,
,,,,,,,,,,,,,,,,,,,,,,2022.0,,Somalia,somalia_surveys_province,,,,,,,,,,,,,,,,,,,,,,,,,,,,,,,,,,,,,,,,,,,,,,,,,,,,,,,,,,,,ANC4,volIM,Middle Shebelle Region,7964.0000076293945,delivery,,-3870.1426,5.0,3414.0,
,,,,,,,,,,,,,,,,,,,,,,2023.0,,Somalia,somalia_surveys_province,,,,,,,,,,,,,,,,,,,,,,,,,,,,,,,,,,,,,,,,,,,,,,,,,,,,,,,,,,,,ANC4,cov,Middle Shebelle Region,57.66775894165039,delivery,,-1.9591255,5.0,3414.0,
,,,,,,,,,,,,,,,,,,,,,,2023.0,,Somalia,somalia_surveys_province,,,,,,,,,,,,,,,,,,,,,,,,,,,,,,,,,,,,,,,,,,,,,,,,,,,,,,,,,,,,ANC4,volIM,Middle Shebelle Region,5371.000026702881,delivery,,-3870.1426,5.0,3414.0,
,,,,,,,,,,,,,,,,,,,,,,2018.0,,Somalia,somalia_surveys_province,,,,,,,,,,,,,,,,,,,,,,,,,,,,,,,,,,,,,,,,,,,,,,,,,,,,,,,,,,,,BCG,cov,Middle Shebelle Region,47.396705627441406,anc1,,-0.9282417,5.0,3415.0,
,,,,,,,,,,,,,,,,,,,,,,2018.0,,Somalia,somalia_surveys_province,,,,,,,,,,,,,,,,,,,,,,,,,,,,,,,,,,,,,,,,,,,,,,,,,,,,,,,,,,,,BCG,volIM,Middle Shebelle Region,22704.857053756714,anc1,,-10815.19,5.0,3415.0,
,,,,,,,,,,,,,,,,,,,,,,2019.0,,Somalia,somalia_surveys_province,,,,,,,,,,,,,,,,,,,,,,,,,,,,,,,,,,,,,,,,,,,,,,,,,,,,,,,,,,,,BCG,volIM,Middle Shebelle Region,22771.525020599365,anc1,,-10815.19,5.0,3415.0,
,,,,,,,,,,,,,,,,,,,,,,2019.0,,Somalia,somalia_surveys_province,,,,,,,,,,,,,,,,,,,,,,,,,,,,,,,,,,,,,,,,,,,,,,,,,,,,,,,,,,,,BCG,cov,Middle Shebelle Region,48.75064468383789,anc1,,-0.9282417,5.0,3415.0,
,,,,,,,,,,,,,,,,,,,,,,2020.0,,Somalia,somalia_surveys_province,,,,,,,,,,,,,,,,,,,,,,,,,,,,,,,,,,,,,,,,,,,,,,,,,,,,,,,,,,,,BCG,volIM,Middle Shebelle Region,17108.666648864746,anc1,,-10815.19,5.0,3415.0,
,,,,,,,,,,,,,,,,,,,,,,2020.0,,Somalia,somalia_surveys_province,,,,,,,,,,,,,,,,,,,,,,,,,,,,,,,,,,,,,,,,,,,,,,,,,,,,,,,,,,,,BCG,cov,Middle Shebelle Region,40.661224365234375,anc1,,-0.9282417,5.0,3415.0,
,,,,,,,,,,,,,,,,,,,,,,2021.0,,Somalia,somalia_surveys_province,,,,,,,,,,,,,,,,,,,,,,,,,,,,,,,,,,,,,,,,,,,,,,,,,,,,,,,,,,,,BCG,cov,Middle Shebelle Region,35.98601150512695,anc1,,-0.9282417,5.0,3415.0,
,,,,,,,,,,,,,,,,,,,,,,2021.0,,Somalia,somalia_surveys_province,,,,,,,,,,,,,,,,,,,,,,,,,,,,,,,,,,,,,,,,,,,,,,,,,,,,,,,,,,,,BCG,volIM,Middle Shebelle Region,14582.99997329712,anc1,,-10815.19,5.0,3415.0,
,,,,,,,,,,,,,,,,,,,,,,2022.0,,Somalia,somalia_surveys_province,,,,,,,,,,,,,,,,,,,,,,,,,,,,,,,,,,,,,,,,,,,,,,,,,,,,,,,,,,,,BCG,volIM,Middle Shebelle Region,22381.714324951172,anc1,,-10815.19,5.0,3415.0,
,,,,,,,,,,,,,,,,,,,,,,2022.0,,Somalia,somalia_surveys_province,,,,,,,,,,,,,,,,,,,,,,,,,,,,,,,,,,,,,,,,,,,,,,,,,,,,,,,,,,,,BCG,cov,Middle Shebelle Region,54.48564910888672,anc1,,-0.9282417,5.0,3415.0,
,,,,,,,,,,,,,,,,,,,,,,2023.0,,Somalia,somalia_surveys_province,,,,,,,,,,,,,,,,,,,,,,,,,,,,,,,,,,,,,,,,,,,,,,,,,,,,,,,,,,,,BCG,volIM,Middle Shebelle Region,11889.66665649414,anc1,,-10815.19,5.0,3415.0,
,,,,,,,,,,,,,,,,,,,,,,2023.0,,Somalia,somalia_surveys_province,,,,,,,,,,,,,,,,,,,,,,,,,,,,,,,,,,,,,,,,,,,,,,,,,,,,,,,,,,,,BCG,cov,Middle Shebelle Region,46.46846389770508,anc1,,-0.9282417,5.0,3415.0,
,,,,,,,,,,,,,,,,,,,,,,2018.0,,Somalia,somalia_surveys_province,,,,,,,,,,,,,,,,,,,,,,,,,,,,,,,,,,,,,,,,,,,,,,,,,,,,,,,,,,,,Institutional Delivery,volIM,Middle Shebelle Region,10523.3333568573,anc1,,-4199.333,5.0,3416.0,
,,,,,,,,,,,,,,,,,,,,,,2018.0,,Somalia,somalia_surveys_province,,,,,,,,,,,,,,,,,,,,,,,,,,,,,,,,,,,,,,,,,,,,,,,,,,,,,,,,,,,,Institutional Delivery,cov,Middle Shebelle Region,21.967605590820312,anc1,,2.7485256,5.0,3416.0,
,,,,,,,,,,,,,,,,,,,,,,2019.0,,Somalia,somalia_surveys_province,,,,,,,,,,,,,,,,,,,,,,,,,,,,,,,,,,,,,,,,,,,,,,,,,,,,,,,,,,,,Institutional Delivery,cov,Middle Shebelle Region,22.86652374267578,anc1,,2.7485256,5.0,3416.0,
,,,,,,,,,,,,,,,,,,,,,,2019.0,,Somalia,somalia_surveys_province,,,,,,,,,,,,,,,,,,,,,,,,,,,,,,,,,,,,,,,,,,,,,,,,,,,,,,,,,,,,Institutional Delivery,volIM,Middle Shebelle Region,10681.000016212463,anc1,,-4199.333,5.0,3416.0,
,,,,,,,,,,,,,,,,,,,,,,2020.0,,Somalia,somalia_surveys_province,,,,,,,,,,,,,,,,,,,,,,,,,,,,,,,,,,,,,,,,,,,,,,,,,,,,,,,,,,,,Institutional Delivery,cov,Middle Shebelle Region,17.884252548217773,anc1,,2.7485256,5.0,3416.0,
,,,,,,,,,,,,,,,,,,,,,,2020.0,,Somalia,somalia_surveys_province,,,,,,,,,,,,,,,,,,,,,,,,,,,,,,,,,,,,,,,,,,,,,,,,,,,,,,,,,,,,Institutional Delivery,volIM,Middle Shebelle Region,7524.999989032745,anc1,,-4199.333,5.0,3416.0,
,,,,,,,,,,,,,,,,,,,,,,2021.0,,Somalia,somalia_surveys_province,,,,,,,,,,,,,,,,,,,,,,,,,,,,,,,,,,,,,,,,,,,,,,,,,,,,,,,,,,,,Institutional Delivery,cov,Middle Shebelle Region,18.82090950012207,anc1,,2.7485256,5.0,3416.0,
,,,,,,,,,,,,,,,,,,,,,,2021.0,,Somalia,somalia_surveys_province,,,,,,,,,,,,,,,,,,,,,,,,,,,,,,,,,,,,,,,,,,,,,,,,,,,,,,,,,,,,Institutional Delivery,volIM,Middle Shebelle Region,7626.99999332428,anc1,,-4199.333,5.0,3416.0,
,,,,,,,,,,,,,,,,,,,,,,2022.0,,Somalia,somalia_surveys_province,,,,,,,,,,,,,,,,,,,,,,,,,,,,,,,,,,,,,,,,,,,,,,,,,,,,,,,,,,,,Institutional Delivery,volIM,Middle Shebelle Region,13435.99999332428,anc1,,-4199.333,5.0,3416.0,
,,,,,,,,,,,,,,,,,,,,,,2022.0,,Somalia,somalia_surveys_province,,,,,,,,,,,,,,,,,,,,,,,,,,,,,,,,,,,,,,,,,,,,,,,,,,,,,,,,,,,,Institutional Delivery,cov,Middle Shebelle Region,32.70835876464844,anc1,,2.7485256,5.0,3416.0,
,,,,,,,,,,,,,,,,,,,,,,2023.0,,Somalia,somalia_surveys_province,,,,,,,,,,,,,,,,,,,,,,,,,,,,,,,,,,,,,,,,,,,,,,,,,,,,,,,,,,,,Institutional Delivery,cov,Middle Shebelle Region,24.71613121032715,anc1,,2.7485256,5.0,3416.0,
,,,,,,,,,,,,,,,,,,,,,,2023.0,,Somalia,somalia_surveys_province,,,,,,,,,,,,,,,,,,,,,,,,,,,,,,,,,,,,,,,,,,,,,,,,,,,,,,,,,,,,Institutional Delivery,volIM,Middle Shebelle Region,6323.9999923706055,anc1,,-4199.333,5.0,3416.0,
,,,,,,,,,,,,,,,,,,,,,,2018.0,,Somalia,somalia_surveys_province,,,,,,,,,,,,,,,,,,,,,,,,,,,,,,,,,,,,,,,,,,,,,,,,,,,,,,,,,,,,OPD,volIM,Middle Shebelle Region,376259.2862548828,,,-176749.16,5.0,3417.0,
,,,,,,,,,,,,,,,,,,,,,,2019.0,,Somalia,somalia_surveys_province,,,,,,,,,,,,,,,,,,,,,,,,,,,,,,,,,,,,,,,,,,,,,,,,,,,,,,,,,,,,OPD,volIM,Middle Shebelle Region,360621.3986816406,,,-176749.16,5.0,3417.0,
,,,,,,,,,,,,,,,,,,,,,,2020.0,,Somalia,somalia_surveys_province,,,,,,,,,,,,,,,,,,,,,,,,,,,,,,,,,,,,,,,,,,,,,,,,,,,,,,,,,,,,OPD,volIM,Middle Shebelle Region,330931.83221435547,,,-176749.16,5.0,3417.0,
,,,,,,,,,,,,,,,,,,,,,,2021.0,,Somalia,somalia_surveys_province,,,,,,,,,,,,,,,,,,,,,,,,,,,,,,,,,,,,,,,,,,,,,,,,,,,,,,,,,,,,OPD,volIM,Middle Shebelle Region,302719.0,,,-176749.16,5.0,3417.0,
,,,,,,,,,,,,,,,,,,,,,,2022.0,,Somalia,somalia_surveys_province,,,,,,,,,,,,,,,,,,,,,,,,,,,,,,,,,,,,,,,,,,,,,,,,,,,,,,,,,,,,OPD,volIM,Middle Shebelle Region,313047.7120361328,,,-176749.16,5.0,3417.0,
,,,,,,,,,,,,,,,,,,,,,,2023.0,,Somalia,somalia_surveys_province,,,,,,,,,,,,,,,,,,,,,,,,,,,,,,,,,,,,,,,,,,,,,,,,,,,,,,,,,,,,OPD,volIM,Middle Shebelle Region,199510.1251220703,,,-176749.16,5.0,3417.0,
,,,,,,,,,,,,,,,,,,,,,,2018.0,,Somalia,somalia_surveys_province,,,,,,,,,,,,,,,,,,,,,,,,,,,,,,,,,,,,,,,,,,,,,,,,,,,,,,,,,,,,PNC1,volIM,Middle Shebelle Region,8642.135740280151,,,-429.30273,5.0,3418.0,
,,,,,,,,,,,,,,,,,,,,,,2019.0,,Somalia,somalia_surveys_province,,,,,,,,,,,,,,,,,,,,,,,,,,,,,,,,,,,,,,,,,,,,,,,,,,,,,,,,,,,,PNC1,volIM,Middle Shebelle Region,11791.226181030273,,,-429.30273,5.0,3418.0,
,,,,,,,,,,,,,,,,,,,,,,2020.0,,Somalia,somalia_surveys_province,,,,,,,,,,,,,,,,,,,,,,,,,,,,,,,,,,,,,,,,,,,,,,,,,,,,,,,,,,,,PNC1,volIM,Middle Shebelle Region,11586.1666431427,,,-429.30273,5.0,3418.0,
,,,,,,,,,,,,,,,,,,,,,,2021.0,,Somalia,somalia_surveys_province,,,,,,,,,,,,,,,,,,,,,,,,,,,,,,,,,,,,,,,,,,,,,,,,,,,,,,,,,,,,PNC1,volIM,Middle Shebelle Region,11572.000003814697,,,-429.30273,5.0,3418.0,
,,,,,,,,,,,,,,,,,,,,,,2022.0,,Somalia,somalia_surveys_province,,,,,,,,,,,,,,,,,,,,,,,,,,,,,,,,,,,,,,,,,,,,,,,,,,,,,,,,,,,,PNC1,volIM,Middle Shebelle Region,14279.99993133545,,,-429.30273,5.0,3418.0,
,,,,,,,,,,,,,,,,,,,,,,2023.0,,Somalia,somalia_surveys_province,,,,,,,,,,,,,,,,,,,,,,,,,,,,,,,,,,,,,,,,,,,,,,,,,,,,,,,,,,,,PNC1,volIM,Middle Shebelle Region,8212.833366394043,,,-429.30273,5.0,3418.0,
,,,,,,,,,,,,,,,,,,,,,,2018.0,,Somalia,somalia_surveys_province,,,,,,,,,,,,,,,,,,,,,,,,,,,,,,,,,,,,,,,,,,,,,,,,,,,,,,,,,,,,Penta 1,volIM,Middle Shebelle Region,23084.92860031128,anc1,,-12650.095,5.0,3419.0,
,,,,,,,,,,,,,,,,,,,,,,2018.0,,Somalia,somalia_surveys_province,,,,,,,,,,,,,,,,,,,,,,,,,,,,,,,,,,,,,,,,,,,,,,,,,,,,,,,,,,,,Penta 1,cov,Middle Shebelle Region,50.04753875732422,anc1,,-7.693096,5.0,3419.0,
,,,,,,,,,,,,,,,,,,,,,,2019.0,,Somalia,somalia_surveys_province,,,,,,,,,,,,,,,,,,,,,,,,,,,,,,,,,,,,,,,,,,,,,,,,,,,,,,,,,,,,Penta 1,volIM,Middle Shebelle Region,21953.325004577637,anc1,,-12650.095,5.0,3419.0,
,,,,,,,,,,,,,,,,,,,,,,2019.0,,Somalia,somalia_surveys_province,,,,,,,,,,,,,,,,,,,,,,,,,,,,,,,,,,,,,,,,,,,,,,,,,,,,,,,,,,,,Penta 1,cov,Middle Shebelle Region,48.81051254272461,anc1,,-7.693096,5.0,3419.0,
,,,,,,,,,,,,,,,,,,,,,,2020.0,,Somalia,somalia_surveys_province,,,,,,,,,,,,,,,,,,,,,,,,,,,,,,,,,,,,,,,,,,,,,,,,,,,,,,,,,,,,Penta 1,cov,Middle Shebelle Region,35.82664489746094,anc1,,-7.693096,5.0,3419.0,
,,,,,,,,,,,,,,,,,,,,,,2020.0,,Somalia,somalia_surveys_province,,,,,,,,,,,,,,,,,,,,,,,,,,,,,,,,,,,,,,,,,,,,,,,,,,,,,,,,,,,,Penta 1,volIM,Middle Shebelle Region,14515.000022888184,anc1,,-12650.095,5.0,3419.0,
,,,,,,,,,,,,,,,,,,,,,,2021.0,,Somalia,somalia_surveys_province,,,,,,,,,,,,,,,,,,,,,,,,,,,,,,,,,,,,,,,,,,,,,,,,,,,,,,,,,,,,Penta 1,volIM,Middle Shebelle Region,13294.599960327148,anc1,,-12650.095,5.0,3419.0,
,,,,,,,,,,,,,,,,,,,,,,2021.0,,Somalia,somalia_surveys_province,,,,,,,,,,,,,,,,,,,,,,,,,,,,,,,,,,,,,,,,,,,,,,,,,,,,,,,,,,,,Penta 1,cov,Middle Shebelle Region,34.071163177490234,anc1,,-7.693096,5.0,3419.0,
,,,,,,,,,,,,,,,,,,,,,,2022.0,,Somalia,somalia_surveys_province,,,,,,,,,,,,,,,,,,,,,,,,,,,,,,,,,,,,,,,,,,,,,,,,,,,,,,,,,,,,Penta 1,cov,Middle Shebelle Region,42.750179290771484,anc1,,-7.693096,5.0,3419.0,
,,,,,,,,,,,,,,,,,,,,,,2022.0,,Somalia,somalia_surveys_province,,,,,,,,,,,,,,,,,,,,,,,,,,,,,,,,,,,,,,,,,,,,,,,,,,,,,,,,,,,,Penta 1,volIM,Middle Shebelle Region,16909.24998855591,anc1,,-12650.095,5.0,3419.0,
,,,,,,,,,,,,,,,,,,,,,,2023.0,,Somalia,somalia_surveys_province,,,,,,,,,,,,,,,,,,,,,,,,,,,,,,,,,,,,,,,,,,,,,,,,,,,,,,,,,,,,Penta 1,cov,Middle Shebelle Region,42.35444259643555,anc1,,-7.693096,5.0,3419.0,
,,,,,,,,,,,,,,,,,,,,,,2023.0,,Somalia,somalia_surveys_province,,,,,,,,,,,,,,,,,,,,,,,,,,,,,,,,,,,,,,,,,,,,,,,,,,,,,,,,,,,,Penta 1,volIM,Middle Shebelle Region,10434.83330154419,anc1,,-12650.095,5.0,3419.0,
,,,,,,,,,,,,,,,,,,,,,,2018.0,,Somalia,somalia_surveys_province,,,,,,,,,,,,,,,,,,,,,,,,,,,,,,,,,,,,,,,,,,,,,,,,,,,,,,,,,,,,Penta 3,cov,Middle Shebelle Region,47.20826721191406,anc1,,-8.8228,5.0,3420.0,
,,,,,,,,,,,,,,,,,,,,,,2018.0,,Somalia,somalia_surveys_province,,,,,,,,,,,,,,,,,,,,,,,,,,,,,,,,,,,,,,,,,,,,,,,,,,,,,,,,,,,,Penta 3,volIM,Middle Shebelle Region,21775.285747528076,anc1,,-12318.285,5.0,3420.0,
,,,,,,,,,,,,,,,,,,,,,,2019.0,,Somalia,somalia_surveys_province,,,,,,,,,,,,,,,,,,,,,,,,,,,,,,,,,,,,,,,,,,,,,,,,,,,,,,,,,,,,Penta 3,cov,Middle Shebelle Region,40.99295425415039,anc1,,-8.8228,5.0,3420.0,
,,,,,,,,,,,,,,,,,,,,,,2019.0,,Somalia,somalia_surveys_province,,,,,,,,,,,,,,,,,,,,,,,,,,,,,,,,,,,,,,,,,,,,,,,,,,,,,,,,,,,,Penta 3,volIM,Middle Shebelle Region,18437.24994659424,anc1,,-12318.285,5.0,3420.0,
,,,,,,,,,,,,,,,,,,,,,,2020.0,,Somalia,somalia_surveys_province,,,,,,,,,,,,,,,,,,,,,,,,,,,,,,,,,,,,,,,,,,,,,,,,,,,,,,,,,,,,Penta 3,cov,Middle Shebelle Region,30.4409236907959,anc1,,-8.8228,5.0,3420.0,
,,,,,,,,,,,,,,,,,,,,,,2020.0,,Somalia,somalia_surveys_province,,,,,,,,,,,,,,,,,,,,,,,,,,,,,,,,,,,,,,,,,,,,,,,,,,,,,,,,,,,,Penta 3,volIM,Middle Shebelle Region,12332.99997329712,anc1,,-12318.285,5.0,3420.0,
,,,,,,,,,,,,,,,,,,,,,,2021.0,,Somalia,somalia_surveys_province,,,,,,,,,,,,,,,,,,,,,,,,,,,,,,,,,,,,,,,,,,,,,,,,,,,,,,,,,,,,Penta 3,cov,Middle Shebelle Region,29.051698684692383,anc1,,-8.8228,5.0,3420.0,
,,,,,,,,,,,,,,,,,,,,,,2021.0,,Somalia,somalia_surveys_province,,,,,,,,,,,,,,,,,,,,,,,,,,,,,,,,,,,,,,,,,,,,,,,,,,,,,,,,,,,,Penta 3,volIM,Middle Shebelle Region,11335.999965667725,anc1,,-12318.285,5.0,3420.0,
,,,,,,,,,,,,,,,,,,,,,,2022.0,,Somalia,somalia_surveys_province,,,,,,,,,,,,,,,,,,,,,,,,,,,,,,,,,,,,,,,,,,,,,,,,,,,,,,,,,,,,Penta 3,cov,Middle Shebelle Region,37.72472381591797,anc1,,-8.8228,5.0,3420.0,
,,,,,,,,,,,,,,,,,,,,,,2022.0,,Somalia,somalia_surveys_province,,,,,,,,,,,,,,,,,,,,,,,,,,,,,,,,,,,,,,,,,,,,,,,,,,,,,,,,,,,,Penta 3,volIM,Middle Shebelle Region,14921.499961853027,anc1,,-12318.285,5.0,3420.0,
,,,,,,,,,,,,,,,,,,,,,,2023.0,,Somalia,somalia_surveys_province,,,,,,,,,,,,,,,,,,,,,,,,,,,,,,,,,,,,,,,,,,,,,,,,,,,,,,,,,,,,Penta 3,volIM,Middle Shebelle Region,9457.000022888184,anc1,,-12318.285,5.0,3420.0,
,,,,,,,,,,,,,,,,,,,,,,2023.0,,Somalia,somalia_surveys_province,,,,,,,,,,,,,,,,,,,,,,,,,,,,,,,,,,,,,,,,,,,,,,,,,,,,,,,,,,,,Penta 3,cov,Middle Shebelle Region,38.385467529296875,anc1,,-8.8228,5.0,3420.0,
,,,,,,,,,,,,,,,,,,,,,,2018.0,,Somalia,somalia_surveys_province,,,,,,,,,,,,,,,,,,,,,,,,,,,,,,,,,,,,,,,,,,,,,,,,,,,,,,,,,,,,ANC1,volIM,Mudug Region,66205.5944185257,delivery,,-37071.594,5.0,3421.0,
,,,,,,,,,,,,,,,,,,,,,,2018.0,,Somalia,somalia_surveys_province,,,,,,,,,,,,,,,,,,,,,,,,,,,,,,,,,,,,,,,,,,,,,,,,,,,,,,,,,,,,ANC1,cov,Mudug Region,195.20806884765625,delivery,,-69.087654,5.0,3421.0,
,,,,,,,,,,,,,,,,,,,,,,2019.0,,Somalia,somalia_surveys_province,,,,,,,,,,,,,,,,,,,,,,,,,,,,,,,,,,,,,,,,,,,,,,,,,,,,,,,,,,,,ANC1,volIM,Mudug Region,42777.499910354614,delivery,,-37071.594,5.0,3421.0,
,,,,,,,,,,,,,,,,,,,,,,2019.0,,Somalia,somalia_surveys_province,,,,,,,,,,,,,,,,,,,,,,,,,,,,,,,,,,,,,,,,,,,,,,,,,,,,,,,,,,,,ANC1,cov,Mudug Region,144.55023193359375,delivery,,-69.087654,5.0,3421.0,
,,,,,,,,,,,,,,,,,,,,,,2020.0,,Somalia,somalia_surveys_province,,,,,,,,,,,,,,,,,,,,,,,,,,,,,,,,,,,,,,,,,,,,,,,,,,,,,,,,,,,,ANC1,cov,Mudug Region,139.96713256835938,delivery,,-69.087654,5.0,3421.0,
,,,,,,,,,,,,,,,,,,,,,,2020.0,,Somalia,somalia_surveys_province,,,,,,,,,,,,,,,,,,,,,,,,,,,,,,,,,,,,,,,,,,,,,,,,,,,,,,,,,,,,ANC1,volIM,Mudug Region,43647.999950408936,delivery,,-37071.594,5.0,3421.0,
,,,,,,,,,,,,,,,,,,,,,,2021.0,,Somalia,somalia_surveys_province,,,,,,,,,,,,,,,,,,,,,,,,,,,,,,,,,,,,,,,,,,,,,,,,,,,,,,,,,,,,ANC1,cov,Mudug Region,141.23345947265625,delivery,,-69.087654,5.0,3421.0,
,,,,,,,,,,,,,,,,,,,,,,2021.0,,Somalia,somalia_surveys_province,,,,,,,,,,,,,,,,,,,,,,,,,,,,,,,,,,,,,,,,,,,,,,,,,,,,,,,,,,,,ANC1,volIM,Mudug Region,46320.00009536743,delivery,,-37071.594,5.0,3421.0,
,,,,,,,,,,,,,,,,,,,,,,2022.0,,Somalia,somalia_surveys_province,,,,,,,,,,,,,,,,,,,,,,,,,,,,,,,,,,,,,,,,,,,,,,,,,,,,,,,,,,,,ANC1,cov,Mudug Region,123.14324188232422,delivery,,-69.087654,5.0,3421.0,
,,,,,,,,,,,,,,,,,,,,,,2022.0,,Somalia,somalia_surveys_province,,,,,,,,,,,,,,,,,,,,,,,,,,,,,,,,,,,,,,,,,,,,,,,,,,,,,,,,,,,,ANC1,volIM,Mudug Region,43082.00008010864,delivery,,-37071.594,5.0,3421.0,
,,,,,,,,,,,,,,,,,,,,,,2023.0,,Somalia,somalia_surveys_province,,,,,,,,,,,,,,,,,,,,,,,,,,,,,,,,,,,,,,,,,,,,,,,,,,,,,,,,,,,,ANC1,volIM,Mudug Region,29134.000114440918,delivery,,-37071.594,5.0,3421.0,
,,,,,,,,,,,,,,,,,,,,,,2023.0,,Somalia,somalia_surveys_province,,,,,,,,,,,,,,,,,,,,,,,,,,,,,,,,,,,,,,,,,,,,,,,,,,,,,,,,,,,,ANC1,cov,Mudug Region,126.12041473388672,delivery,,-69.087654,5.0,3421.0,
,,,,,,,,,,,,,,,,,,,,,,2018.0,,Somalia,somalia_surveys_province,,,,,,,,,,,,,,,,,,,,,,,,,,,,,,,,,,,,,,,,,,,,,,,,,,,,,,,,,,,,ANC4,cov,Mudug Region,27.283592224121094,delivery,,23.22258,5.0,3422.0,
,,,,,,,,,,,,,,,,,,,,,,2018.0,,Somalia,somalia_surveys_province,,,,,,,,,,,,,,,,,,,,,,,,,,,,,,,,,,,,,,,,,,,,,,,,,,,,,,,,,,,,ANC4,volIM,Mudug Region,9253.338872909546,delivery,,2413.6611,5.0,3422.0,
,,,,,,,,,,,,,,,,,,,,,,2019.0,,Somalia,somalia_surveys_province,,,,,,,,,,,,,,,,,,,,,,,,,,,,,,,,,,,,,,,,,,,,,,,,,,,,,,,,,,,,ANC4,cov,Mudug Region,32.91261291503906,delivery,,23.22258,5.0,3422.0,
,,,,,,,,,,,,,,,,,,,,,,2019.0,,Somalia,somalia_surveys_province,,,,,,,,,,,,,,,,,,,,,,,,,,,,,,,,,,,,,,,,,,,,,,,,,,,,,,,,,,,,ANC4,volIM,Mudug Region,9740.000030040741,delivery,,2413.6611,5.0,3422.0,
,,,,,,,,,,,,,,,,,,,,,,2020.0,,Somalia,somalia_surveys_province,,,,,,,,,,,,,,,,,,,,,,,,,,,,,,,,,,,,,,,,,,,,,,,,,,,,,,,,,,,,ANC4,cov,Mudug Region,38.9719123840332,delivery,,23.22258,5.0,3422.0,
,,,,,,,,,,,,,,,,,,,,,,2020.0,,Somalia,somalia_surveys_province,,,,,,,,,,,,,,,,,,,,,,,,,,,,,,,,,,,,,,,,,,,,,,,,,,,,,,,,,,,,ANC4,volIM,Mudug Region,12153.181824922562,delivery,,2413.6611,5.0,3422.0,
,,,,,,,,,,,,,,,,,,,,,,2021.0,,Somalia,somalia_surveys_province,,,,,,,,,,,,,,,,,,,,,,,,,,,,,,,,,,,,,,,,,,,,,,,,,,,,,,,,,,,,ANC4,cov,Mudug Region,51.81768798828125,delivery,,23.22258,5.0,3422.0,
,,,,,,,,,,,,,,,,,,,,,,2021.0,,Somalia,somalia_surveys_province,,,,,,,,,,,,,,,,,,,,,,,,,,,,,,,,,,,,,,,,,,,,,,,,,,,,,,,,,,,,ANC4,volIM,Mudug Region,16994.523045539856,delivery,,2413.6611,5.0,3422.0,
,,,,,,,,,,,,,,,,,,,,,,2022.0,,Somalia,somalia_surveys_province,,,,,,,,,,,,,,,,,,,,,,,,,,,,,,,,,,,,,,,,,,,,,,,,,,,,,,,,,,,,ANC4,volIM,Mudug Region,17149.000024795532,delivery,,2413.6611,5.0,3422.0,
,,,,,,,,,,,,,,,,,,,,,,2022.0,,Somalia,somalia_surveys_province,,,,,,,,,,,,,,,,,,,,,,,,,,,,,,,,,,,,,,,,,,,,,,,,,,,,,,,,,,,,ANC4,cov,Mudug Region,49.01776885986328,delivery,,23.22258,5.0,3422.0,
,,,,,,,,,,,,,,,,,,,,,,2023.0,,Somalia,somalia_surveys_province,,,,,,,,,,,,,,,,,,,,,,,,,,,,,,,,,,,,,,,,,,,,,,,,,,,,,,,,,,,,ANC4,volIM,Mudug Region,11666.999999284744,delivery,,2413.6611,5.0,3422.0,
,,,,,,,,,,,,,,,,,,,,,,2023.0,,Somalia,somalia_surveys_province,,,,,,,,,,,,,,,,,,,,,,,,,,,,,,,,,,,,,,,,,,,,,,,,,,,,,,,,,,,,ANC4,cov,Mudug Region,50.50617218017578,delivery,,23.22258,5.0,3422.0,
,,,,,,,,,,,,,,,,,,,,,,2018.0,,Somalia,somalia_surveys_province,,,,,,,,,,,,,,,,,,,,,,,,,,,,,,,,,,,,,,,,,,,,,,,,,,,,,,,,,,,,BCG,volIM,Mudug Region,41598.96081542969,anc1,,-18980.96,5.0,3423.0,
,,,,,,,,,,,,,,,,,,,,,,2018.0,,Somalia,somalia_surveys_province,,,,,,,,,,,,,,,,,,,,,,,,,,,,,,,,,,,,,,,,,,,,,,,,,,,,,,,,,,,,BCG,cov,Mudug Region,45.58500289916992,anc1,,10.738319,5.0,3423.0,
,,,,,,,,,,,,,,,,,,,,,,2019.0,,Somalia,somalia_surveys_province,,,,,,,,,,,,,,,,,,,,,,,,,,,,,,,,,,,,,,,,,,,,,,,,,,,,,,,,,,,,BCG,volIM,Mudug Region,35919.555713653564,anc1,,-18980.96,5.0,3423.0,
,,,,,,,,,,,,,,,,,,,,,,2019.0,,Somalia,somalia_surveys_province,,,,,,,,,,,,,,,,,,,,,,,,,,,,,,,,,,,,,,,,,,,,,,,,,,,,,,,,,,,,BCG,cov,Mudug Region,60.918575286865234,anc1,,10.738319,5.0,3423.0,
,,,,,,,,,,,,,,,,,,,,,,2020.0,,Somalia,somalia_surveys_province,,,,,,,,,,,,,,,,,,,,,,,,,,,,,,,,,,,,,,,,,,,,,,,,,,,,,,,,,,,,BCG,volIM,Mudug Region,36648.9999256134,anc1,,-18980.96,5.0,3423.0,
,,,,,,,,,,,,,,,,,,,,,,2020.0,,Somalia,somalia_surveys_province,,,,,,,,,,,,,,,,,,,,,,,,,,,,,,,,,,,,,,,,,,,,,,,,,,,,,,,,,,,,BCG,cov,Mudug Region,60.91608428955078,anc1,,10.738319,5.0,3423.0,
,,,,,,,,,,,,,,,,,,,,,,2021.0,,Somalia,somalia_surveys_province,,,,,,,,,,,,,,,,,,,,,,,,,,,,,,,,,,,,,,,,,,,,,,,,,,,,,,,,,,,,BCG,volIM,Mudug Region,39869.96703338623,anc1,,-18980.96,5.0,3423.0,
,,,,,,,,,,,,,,,,,,,,,,2021.0,,Somalia,somalia_surveys_province,,,,,,,,,,,,,,,,,,,,,,,,,,,,,,,,,,,,,,,,,,,,,,,,,,,,,,,,,,,,BCG,cov,Mudug Region,62.446990966796875,anc1,,10.738319,5.0,3423.0,
,,,,,,,,,,,,,,,,,,,,,,2022.0,,Somalia,somalia_surveys_province,,,,,,,,,,,,,,,,,,,,,,,,,,,,,,,,,,,,,,,,,,,,,,,,,,,,,,,,,,,,BCG,cov,Mudug Region,65.22799682617188,anc1,,10.738319,5.0,3423.0,
,,,,,,,,,,,,,,,,,,,,,,2022.0,,Somalia,somalia_surveys_province,,,,,,,,,,,,,,,,,,,,,,,,,,,,,,,,,,,,,,,,,,,,,,,,,,,,,,,,,,,,BCG,volIM,Mudug Region,38734.301414489746,anc1,,-18980.96,5.0,3423.0,
,,,,,,,,,,,,,,,,,,,,,,2023.0,,Somalia,somalia_surveys_province,,,,,,,,,,,,,,,,,,,,,,,,,,,,,,,,,,,,,,,,,,,,,,,,,,,,,,,,,,,,BCG,cov,Mudug Region,56.32332229614258,anc1,,10.738319,5.0,3423.0,
,,,,,,,,,,,,,,,,,,,,,,2023.0,,Somalia,somalia_surveys_province,,,,,,,,,,,,,,,,,,,,,,,,,,,,,,,,,,,,,,,,,,,,,,,,,,,,,,,,,,,,BCG,volIM,Mudug Region,22618.000071525574,anc1,,-18980.96,5.0,3423.0,
,,,,,,,,,,,,,,,,,,,,,,2018.0,,Somalia,somalia_surveys_province,,,,,,,,,,,,,,,,,,,,,,,,,,,,,,,,,,,,,,,,,,,,,,,,,,,,,,,,,,,,Institutional Delivery,cov,Mudug Region,25.23516845703125,anc1,,13.823601,5.0,3424.0,
,,,,,,,,,,,,,,,,,,,,,,2018.0,,Somalia,somalia_surveys_province,,,,,,,,,,,,,,,,,,,,,,,,,,,,,,,,,,,,,,,,,,,,,,,,,,,,,,,,,,,,Institutional Delivery,volIM,Mudug Region,23028.555538654327,anc1,,-7343.5547,5.0,3424.0,
,,,,,,,,,,,,,,,,,,,,,,2019.0,,Somalia,somalia_surveys_province,,,,,,,,,,,,,,,,,,,,,,,,,,,,,,,,,,,,,,,,,,,,,,,,,,,,,,,,,,,,Institutional Delivery,volIM,Mudug Region,20093.999994277954,anc1,,-7343.5547,5.0,3424.0,
,,,,,,,,,,,,,,,,,,,,,,2019.0,,Somalia,somalia_surveys_province,,,,,,,,,,,,,,,,,,,,,,,,,,,,,,,,,,,,,,,,,,,,,,,,,,,,,,,,,,,,Institutional Delivery,cov,Mudug Region,34.0788688659668,anc1,,13.823601,5.0,3424.0,
,,,,,,,,,,,,,,,,,,,,,,2020.0,,Somalia,somalia_surveys_province,,,,,,,,,,,,,,,,,,,,,,,,,,,,,,,,,,,,,,,,,,,,,,,,,,,,,,,,,,,,Institutional Delivery,cov,Mudug Region,35.19474792480469,anc1,,13.823601,5.0,3424.0,
,,,,,,,,,,,,,,,,,,,,,,2020.0,,Somalia,somalia_surveys_province,,,,,,,,,,,,,,,,,,,,,,,,,,,,,,,,,,,,,,,,,,,,,,,,,,,,,,,,,,,,Institutional Delivery,volIM,Mudug Region,21174.24997138977,anc1,,-7343.5547,5.0,3424.0,
,,,,,,,,,,,,,,,,,,,,,,2021.0,,Somalia,somalia_surveys_province,,,,,,,,,,,,,,,,,,,,,,,,,,,,,,,,,,,,,,,,,,,,,,,,,,,,,,,,,,,,Institutional Delivery,cov,Mudug Region,34.879188537597656,anc1,,13.823601,5.0,3424.0,
,,,,,,,,,,,,,,,,,,,,,,2021.0,,Somalia,somalia_surveys_province,,,,,,,,,,,,,,,,,,,,,,,,,,,,,,,,,,,,,,,,,,,,,,,,,,,,,,,,,,,,Institutional Delivery,volIM,Mudug Region,22268.999992370605,anc1,,-7343.5547,5.0,3424.0,
,,,,,,,,,,,,,,,,,,,,,,2022.0,,Somalia,somalia_surveys_province,,,,,,,,,,,,,,,,,,,,,,,,,,,,,,,,,,,,,,,,,,,,,,,,,,,,,,,,,,,,Institutional Delivery,volIM,Mudug Region,23754.999963760376,anc1,,-7343.5547,5.0,3424.0,
,,,,,,,,,,,,,,,,,,,,,,2022.0,,Somalia,somalia_surveys_province,,,,,,,,,,,,,,,,,,,,,,,,,,,,,,,,,,,,,,,,,,,,,,,,,,,,,,,,,,,,Institutional Delivery,cov,Mudug Region,40.003074645996094,anc1,,13.823601,5.0,3424.0,
,,,,,,,,,,,,,,,,,,,,,,2023.0,,Somalia,somalia_surveys_province,,,,,,,,,,,,,,,,,,,,,,,,,,,,,,,,,,,,,,,,,,,,,,,,,,,,,,,,,,,,Institutional Delivery,cov,Mudug Region,39.05876922607422,anc1,,13.823601,5.0,3424.0,
,,,,,,,,,,,,,,,,,,,,,,2023.0,,Somalia,somalia_surveys_province,,,,,,,,,,,,,,,,,,,,,,,,,,,,,,,,,,,,,,,,,,,,,,,,,,,,,,,,,,,,Institutional Delivery,volIM,Mudug Region,15684.999995231628,anc1,,-7343.5547,5.0,3424.0,
,,,,,,,,,,,,,,,,,,,,,,2018.0,,Somalia,somalia_surveys_province,,,,,,,,,,,,,,,,,,,,,,,,,,,,,,,,,,,,,,,,,,,,,,,,,,,,,,,,,,,,OPD,volIM,Mudug Region,547774.5631103516,,,-273493.5,5.0,3425.0,
,,,,,,,,,,,,,,,,,,,,,,2019.0,,Somalia,somalia_surveys_province,,,,,,,,,,,,,,,,,,,,,,,,,,,,,,,,,,,,,,,,,,,,,,,,,,,,,,,,,,,,OPD,volIM,Mudug Region,388597.0008544922,,,-273493.5,5.0,3425.0,
,,,,,,,,,,,,,,,,,,,,,,2020.0,,Somalia,somalia_surveys_province,,,,,,,,,,,,,,,,,,,,,,,,,,,,,,,,,,,,,,,,,,,,,,,,,,,,,,,,,,,,OPD,volIM,Mudug Region,382911.22216796875,,,-273493.5,5.0,3425.0,
,,,,,,,,,,,,,,,,,,,,,,2021.0,,Somalia,somalia_surveys_province,,,,,,,,,,,,,,,,,,,,,,,,,,,,,,,,,,,,,,,,,,,,,,,,,,,,,,,,,,,,OPD,volIM,Mudug Region,412738.0018005371,,,-273493.5,5.0,3425.0,
,,,,,,,,,,,,,,,,,,,,,,2022.0,,Somalia,somalia_surveys_province,,,,,,,,,,,,,,,,,,,,,,,,,,,,,,,,,,,,,,,,,,,,,,,,,,,,,,,,,,,,OPD,volIM,Mudug Region,412912.53887939453,,,-273493.5,5.0,3425.0,
,,,,,,,,,,,,,,,,,,,,,,2023.0,,Somalia,somalia_surveys_province,,,,,,,,,,,,,,,,,,,,,,,,,,,,,,,,,,,,,,,,,,,,,,,,,,,,,,,,,,,,OPD,volIM,Mudug Region,274281.0637207031,,,-273493.5,5.0,3425.0,
,,,,,,,,,,,,,,,,,,,,,,2018.0,,Somalia,somalia_surveys_province,,,,,,,,,,,,,,,,,,,,,,,,,,,,,,,,,,,,,,,,,,,,,,,,,,,,,,,,,,,,PNC1,volIM,Mudug Region,15327.633350729942,,,3778.1162,5.0,3426.0,
,,,,,,,,,,,,,,,,,,,,,,2019.0,,Somalia,somalia_surveys_province,,,,,,,,,,,,,,,,,,,,,,,,,,,,,,,,,,,,,,,,,,,,,,,,,,,,,,,,,,,,PNC1,volIM,Mudug Region,17561.753734588623,,,3778.1162,5.0,3426.0,
,,,,,,,,,,,,,,,,,,,,,,2020.0,,Somalia,somalia_surveys_province,,,,,,,,,,,,,,,,,,,,,,,,,,,,,,,,,,,,,,,,,,,,,,,,,,,,,,,,,,,,PNC1,volIM,Mudug Region,19279.363599300385,,,3778.1162,5.0,3426.0,
,,,,,,,,,,,,,,,,,,,,,,2021.0,,Somalia,somalia_surveys_province,,,,,,,,,,,,,,,,,,,,,,,,,,,,,,,,,,,,,,,,,,,,,,,,,,,,,,,,,,,,PNC1,volIM,Mudug Region,18323.66671562195,,,3778.1162,5.0,3426.0,
,,,,,,,,,,,,,,,,,,,,,,2022.0,,Somalia,somalia_surveys_province,,,,,,,,,,,,,,,,,,,,,,,,,,,,,,,,,,,,,,,,,,,,,,,,,,,,,,,,,,,,PNC1,volIM,Mudug Region,27378.399923205376,,,3778.1162,5.0,3426.0,
,,,,,,,,,,,,,,,,,,,,,,2023.0,,Somalia,somalia_surveys_province,,,,,,,,,,,,,,,,,,,,,,,,,,,,,,,,,,,,,,,,,,,,,,,,,,,,,,,,,,,,PNC1,volIM,Mudug Region,19105.750024795532,,,3778.1162,5.0,3426.0,
,,,,,,,,,,,,,,,,,,,,,,2018.0,,Somalia,somalia_surveys_province,,,,,,,,,,,,,,,,,,,,,,,,,,,,,,,,,,,,,,,,,,,,,,,,,,,,,,,,,,,,Penta 1,cov,Mudug Region,54.170204162597656,anc1,,27.538727,5.0,3427.0,
,,,,,,,,,,,,,,,,,,,,,,2018.0,,Somalia,somalia_surveys_province,,,,,,,,,,,,,,,,,,,,,,,,,,,,,,,,,,,,,,,,,,,,,,,,,,,,,,,,,,,,Penta 1,volIM,Mudug Region,47598.81514167786,anc1,,-16004.379,5.0,3427.0,
,,,,,,,,,,,,,,,,,,,,,,2019.0,,Somalia,somalia_surveys_province,,,,,,,,,,,,,,,,,,,,,,,,,,,,,,,,,,,,,,,,,,,,,,,,,,,,,,,,,,,,Penta 1,cov,Mudug Region,83.71245574951172,anc1,,27.538727,5.0,3427.0,
,,,,,,,,,,,,,,,,,,,,,,2019.0,,Somalia,somalia_surveys_province,,,,,,,,,,,,,,,,,,,,,,,,,,,,,,,,,,,,,,,,,,,,,,,,,,,,,,,,,,,,Penta 1,volIM,Mudug Region,47527.66670036316,anc1,,-16004.379,5.0,3427.0,
,,,,,,,,,,,,,,,,,,,,,,2020.0,,Somalia,somalia_surveys_province,,,,,,,,,,,,,,,,,,,,,,,,,,,,,,,,,,,,,,,,,,,,,,,,,,,,,,,,,,,,Penta 1,volIM,Mudug Region,43731.91649055481,anc1,,-16004.379,5.0,3427.0,
,,,,,,,,,,,,,,,,,,,,,,2020.0,,Somalia,somalia_surveys_province,,,,,,,,,,,,,,,,,,,,,,,,,,,,,,,,,,,,,,,,,,,,,,,,,,,,,,,,,,,,Penta 1,cov,Mudug Region,75.49065399169922,anc1,,27.538727,5.0,3427.0,
,,,,,,,,,,,,,,,,,,,,,,2021.0,,Somalia,somalia_surveys_province,,,,,,,,,,,,,,,,,,,,,,,,,,,,,,,,,,,,,,,,,,,,,,,,,,,,,,,,,,,,Penta 1,volIM,Mudug Region,49159.642974853516,anc1,,-16004.379,5.0,3427.0,
,,,,,,,,,,,,,,,,,,,,,,2021.0,,Somalia,somalia_surveys_province,,,,,,,,,,,,,,,,,,,,,,,,,,,,,,,,,,,,,,,,,,,,,,,,,,,,,,,,,,,,Penta 1,cov,Mudug Region,79.96485900878906,anc1,,27.538727,5.0,3427.0,
,,,,,,,,,,,,,,,,,,,,,,2022.0,,Somalia,somalia_surveys_province,,,,,,,,,,,,,,,,,,,,,,,,,,,,,,,,,,,,,,,,,,,,,,,,,,,,,,,,,,,,Penta 1,cov,Mudug Region,94.71994018554688,anc1,,27.538727,5.0,3427.0,
,,,,,,,,,,,,,,,,,,,,,,2022.0,,Somalia,somalia_surveys_province,,,,,,,,,,,,,,,,,,,,,,,,,,,,,,,,,,,,,,,,,,,,,,,,,,,,,,,,,,,,Penta 1,volIM,Mudug Region,54159.95268058777,anc1,,-16004.379,5.0,3427.0,
,,,,,,,,,,,,,,,,,,,,,,2023.0,,Somalia,somalia_surveys_province,,,,,,,,,,,,,,,,,,,,,,,,,,,,,,,,,,,,,,,,,,,,,,,,,,,,,,,,,,,,Penta 1,volIM,Mudug Region,31594.437472343445,anc1,,-16004.379,5.0,3427.0,
,,,,,,,,,,,,,,,,,,,,,,2023.0,,Somalia,somalia_surveys_province,,,,,,,,,,,,,,,,,,,,,,,,,,,,,,,,,,,,,,,,,,,,,,,,,,,,,,,,,,,,Penta 1,cov,Mudug Region,81.70893096923828,anc1,,27.538727,5.0,3427.0,
,,,,,,,,,,,,,,,,,,,,,,2018.0,,Somalia,somalia_surveys_province,,,,,,,,,,,,,,,,,,,,,,,,,,,,,,,,,,,,,,,,,,,,,,,,,,,,,,,,,,,,Penta 3,cov,Mudug Region,47.74747085571289,anc1,,29.557034,5.0,3428.0,
,,,,,,,,,,,,,,,,,,,,,,2018.0,,Somalia,somalia_surveys_province,,,,,,,,,,,,,,,,,,,,,,,,,,,,,,,,,,,,,,,,,,,,,,,,,,,,,,,,,,,,Penta 3,volIM,Mudug Region,41955.22492313385,anc1,,-12063.852,5.0,3428.0,
,,,,,,,,,,,,,,,,,,,,,,2019.0,,Somalia,somalia_surveys_province,,,,,,,,,,,,,,,,,,,,,,,,,,,,,,,,,,,,,,,,,,,,,,,,,,,,,,,,,,,,Penta 3,volIM,Mudug Region,44855.58341026306,anc1,,-12063.852,5.0,3428.0,
,,,,,,,,,,,,,,,,,,,,,,2019.0,,Somalia,somalia_surveys_province,,,,,,,,,,,,,,,,,,,,,,,,,,,,,,,,,,,,,,,,,,,,,,,,,,,,,,,,,,,,Penta 3,cov,Mudug Region,79.0060043334961,anc1,,29.557034,5.0,3428.0,
,,,,,,,,,,,,,,,,,,,,,,2020.0,,Somalia,somalia_surveys_province,,,,,,,,,,,,,,,,,,,,,,,,,,,,,,,,,,,,,,,,,,,,,,,,,,,,,,,,,,,,Penta 3,cov,Mudug Region,71.48943328857422,anc1,,29.557034,5.0,3428.0,
,,,,,,,,,,,,,,,,,,,,,,2020.0,,Somalia,somalia_surveys_province,,,,,,,,,,,,,,,,,,,,,,,,,,,,,,,,,,,,,,,,,,,,,,,,,,,,,,,,,,,,Penta 3,volIM,Mudug Region,41414.00000953674,anc1,,-12063.852,5.0,3428.0,
,,,,,,,,,,,,,,,,,,,,,,2021.0,,Somalia,somalia_surveys_province,,,,,,,,,,,,,,,,,,,,,,,,,,,,,,,,,,,,,,,,,,,,,,,,,,,,,,,,,,,,Penta 3,volIM,Mudug Region,44571.00017166138,anc1,,-12063.852,5.0,3428.0,
,,,,,,,,,,,,,,,,,,,,,,2021.0,,Somalia,somalia_surveys_province,,,,,,,,,,,,,,,,,,,,,,,,,,,,,,,,,,,,,,,,,,,,,,,,,,,,,,,,,,,,Penta 3,cov,Mudug Region,72.50080871582031,anc1,,29.557034,5.0,3428.0,
,,,,,,,,,,,,,,,,,,,,,,2022.0,,Somalia,somalia_surveys_province,,,,,,,,,,,,,,,,,,,,,,,,,,,,,,,,,,,,,,,,,,,,,,,,,,,,,,,,,,,,Penta 3,cov,Mudug Region,85.79193115234375,anc1,,29.557034,5.0,3428.0,
,,,,,,,,,,,,,,,,,,,,,,2022.0,,Somalia,somalia_surveys_province,,,,,,,,,,,,,,,,,,,,,,,,,,,,,,,,,,,,,,,,,,,,,,,,,,,,,,,,,,,,Penta 3,volIM,Mudug Region,49055.00259590149,anc1,,-12063.852,5.0,3428.0,
,,,,,,,,,,,,,,,,,,,,,,2023.0,,Somalia,somalia_surveys_province,,,,,,,,,,,,,,,,,,,,,,,,,,,,,,,,,,,,,,,,,,,,,,,,,,,,,,,,,,,,Penta 3,volIM,Mudug Region,29891.375,anc1,,-12063.852,5.0,3428.0,
,,,,,,,,,,,,,,,,,,,,,,2023.0,,Somalia,somalia_surveys_province,,,,,,,,,,,,,,,,,,,,,,,,,,,,,,,,,,,,,,,,,,,,,,,,,,,,,,,,,,,,Penta 3,cov,Mudug Region,77.30450439453125,anc1,,29.557034,5.0,3428.0,
,,,,,,,,,,,,,,,,,,,,,,2018.0,,Somalia,somalia_surveys_province,,,,,,,,,,,,,,,,,,,,,,,,,,,,,,,,,,,,,,,,,,,,,,,,,,,,,,,,,,,,ANC1,cov,Nugaal Region,78.84296417236328,delivery,,1.9585114,5.0,3429.0,
,,,,,,,,,,,,,,,,,,,,,,2018.0,,Somalia,somalia_surveys_province,,,,,,,,,,,,,,,,,,,,,,,,,,,,,,,,,,,,,,,,,,,,,,,,,,,,,,,,,,,,ANC1,volIM,Nugaal Region,16175.000009536743,delivery,,-1320.1426,5.0,3429.0,
,,,,,,,,,,,,,,,,,,,,,,2019.0,,Somalia,somalia_surveys_province,,,,,,,,,,,,,,,,,,,,,,,,,,,,,,,,,,,,,,,,,,,,,,,,,,,,,,,,,,,,ANC1,volIM,Nugaal Region,16820.499965667725,delivery,,-1320.1426,5.0,3429.0,
,,,,,,,,,,,,,,,,,,,,,,2019.0,,Somalia,somalia_surveys_province,,,,,,,,,,,,,,,,,,,,,,,,,,,,,,,,,,,,,,,,,,,,,,,,,,,,,,,,,,,,ANC1,cov,Nugaal Region,81.91292572021484,delivery,,1.9585114,5.0,3429.0,
,,,,,,,,,,,,,,,,,,,,,,2020.0,,Somalia,somalia_surveys_province,,,,,,,,,,,,,,,,,,,,,,,,,,,,,,,,,,,,,,,,,,,,,,,,,,,,,,,,,,,,ANC1,volIM,Nugaal Region,21030.181875228882,delivery,,-1320.1426,5.0,3429.0,
,,,,,,,,,,,,,,,,,,,,,,2020.0,,Somalia,somalia_surveys_province,,,,,,,,,,,,,,,,,,,,,,,,,,,,,,,,,,,,,,,,,,,,,,,,,,,,,,,,,,,,ANC1,cov,Nugaal Region,98.36394500732422,delivery,,1.9585114,5.0,3429.0,
,,,,,,,,,,,,,,,,,,,,,,2021.0,,Somalia,somalia_surveys_province,,,,,,,,,,,,,,,,,,,,,,,,,,,,,,,,,,,,,,,,,,,,,,,,,,,,,,,,,,,,ANC1,volIM,Nugaal Region,21830.545524597168,delivery,,-1320.1426,5.0,3429.0,
,,,,,,,,,,,,,,,,,,,,,,2021.0,,Somalia,somalia_surveys_province,,,,,,,,,,,,,,,,,,,,,,,,,,,,,,,,,,,,,,,,,,,,,,,,,,,,,,,,,,,,ANC1,cov,Nugaal Region,92.18820190429688,delivery,,1.9585114,5.0,3429.0,
,,,,,,,,,,,,,,,,,,,,,,2022.0,,Somalia,somalia_surveys_province,,,,,,,,,,,,,,,,,,,,,,,,,,,,,,,,,,,,,,,,,,,,,,,,,,,,,,,,,,,,ANC1,volIM,Nugaal Region,21948.000045776367,delivery,,-1320.1426,5.0,3429.0,
,,,,,,,,,,,,,,,,,,,,,,2022.0,,Somalia,somalia_surveys_province,,,,,,,,,,,,,,,,,,,,,,,,,,,,,,,,,,,,,,,,,,,,,,,,,,,,,,,,,,,,ANC1,cov,Nugaal Region,79.43865966796875,delivery,,1.9585114,5.0,3429.0,
,,,,,,,,,,,,,,,,,,,,,,2023.0,,Somalia,somalia_surveys_province,,,,,,,,,,,,,,,,,,,,,,,,,,,,,,,,,,,,,,,,,,,,,,,,,,,,,,,,,,,,ANC1,cov,Nugaal Region,80.80147552490234,delivery,,1.9585114,5.0,3429.0,
,,,,,,,,,,,,,,,,,,,,,,2023.0,,Somalia,somalia_surveys_province,,,,,,,,,,,,,,,,,,,,,,,,,,,,,,,,,,,,,,,,,,,,,,,,,,,,,,,,,,,,ANC1,volIM,Nugaal Region,14854.857173919678,delivery,,-1320.1426,5.0,3429.0,
,,,,,,,,,,,,,,,,,,,,,,2018.0,,Somalia,somalia_surveys_province,,,,,,,,,,,,,,,,,,,,,,,,,,,,,,,,,,,,,,,,,,,,,,,,,,,,,,,,,,,,ANC4,volIM,Nugaal Region,5980.111095428467,delivery,,-118.11133,5.0,3430.0,
,,,,,,,,,,,,,,,,,,,,,,2018.0,,Somalia,somalia_surveys_province,,,,,,,,,,,,,,,,,,,,,,,,,,,,,,,,,,,,,,,,,,,,,,,,,,,,,,,,,,,,ANC4,cov,Nugaal Region,29.14928436279297,delivery,,2.7364635,5.0,3430.0,
,,,,,,,,,,,,,,,,,,,,,,2019.0,,Somalia,somalia_surveys_province,,,,,,,,,,,,,,,,,,,,,,,,,,,,,,,,,,,,,,,,,,,,,,,,,,,,,,,,,,,,ANC4,cov,Nugaal Region,28.05507469177246,delivery,,2.7364635,5.0,3430.0,
,,,,,,,,,,,,,,,,,,,,,,2019.0,,Somalia,somalia_surveys_province,,,,,,,,,,,,,,,,,,,,,,,,,,,,,,,,,,,,,,,,,,,,,,,,,,,,,,,,,,,,ANC4,volIM,Nugaal Region,5760.999973297119,delivery,,-118.11133,5.0,3430.0,
,,,,,,,,,,,,,,,,,,,,,,2020.0,,Somalia,somalia_surveys_province,,,,,,,,,,,,,,,,,,,,,,,,,,,,,,,,,,,,,,,,,,,,,,,,,,,,,,,,,,,,ANC4,cov,Nugaal Region,33.03676223754883,delivery,,2.7364635,5.0,3430.0,
,,,,,,,,,,,,,,,,,,,,,,2020.0,,Somalia,somalia_surveys_province,,,,,,,,,,,,,,,,,,,,,,,,,,,,,,,,,,,,,,,,,,,,,,,,,,,,,,,,,,,,ANC4,volIM,Nugaal Region,7063.250024795532,delivery,,-118.11133,5.0,3430.0,
,,,,,,,,,,,,,,,,,,,,,,2021.0,,Somalia,somalia_surveys_province,,,,,,,,,,,,,,,,,,,,,,,,,,,,,,,,,,,,,,,,,,,,,,,,,,,,,,,,,,,,ANC4,cov,Nugaal Region,38.71131896972656,delivery,,2.7364635,5.0,3430.0,
,,,,,,,,,,,,,,,,,,,,,,2021.0,,Somalia,somalia_surveys_province,,,,,,,,,,,,,,,,,,,,,,,,,,,,,,,,,,,,,,,,,,,,,,,,,,,,,,,,,,,,ANC4,volIM,Nugaal Region,9167.000014305115,delivery,,-118.11133,5.0,3430.0,
,,,,,,,,,,,,,,,,,,,,,,2022.0,,Somalia,somalia_surveys_province,,,,,,,,,,,,,,,,,,,,,,,,,,,,,,,,,,,,,,,,,,,,,,,,,,,,,,,,,,,,ANC4,volIM,Nugaal Region,8808.999985694885,delivery,,-118.11133,5.0,3430.0,
,,,,,,,,,,,,,,,,,,,,,,2022.0,,Somalia,somalia_surveys_province,,,,,,,,,,,,,,,,,,,,,,,,,,,,,,,,,,,,,,,,,,,,,,,,,,,,,,,,,,,,ANC4,cov,Nugaal Region,31.88332176208496,delivery,,2.7364635,5.0,3430.0,
,,,,,,,,,,,,,,,,,,,,,,2023.0,,Somalia,somalia_surveys_province,,,,,,,,,,,,,,,,,,,,,,,,,,,,,,,,,,,,,,,,,,,,,,,,,,,,,,,,,,,,ANC4,cov,Nugaal Region,31.8857479095459,delivery,,2.7364635,5.0,3430.0,
,,,,,,,,,,,,,,,,,,,,,,2023.0,,Somalia,somalia_surveys_province,,,,,,,,,,,,,,,,,,,,,,,,,,,,,,,,,,,,,,,,,,,,,,,,,,,,,,,,,,,,ANC4,volIM,Nugaal Region,5861.999987602234,delivery,,-118.11133,5.0,3430.0,
,,,,,,,,,,,,,,,,,,,,,,2018.0,,Somalia,somalia_surveys_province,,,,,,,,,,,,,,,,,,,,,,,,,,,,,,,,,,,,,,,,,,,,,,,,,,,,,,,,,,,,BCG,volIM,Nugaal Region,15548.333351135254,anc1,,20.74414,5.0,3431.0,
,,,,,,,,,,,,,,,,,,,,,,2018.0,,Somalia,somalia_surveys_province,,,,,,,,,,,,,,,,,,,,,,,,,,,,,,,,,,,,,,,,,,,,,,,,,,,,,,,,,,,,BCG,cov,Nugaal Region,69.73868560791016,anc1,,6.2989426,5.0,3431.0,
,,,,,,,,,,,,,,,,,,,,,,2019.0,,Somalia,somalia_surveys_province,,,,,,,,,,,,,,,,,,,,,,,,,,,,,,,,,,,,,,,,,,,,,,,,,,,,,,,,,,,,BCG,volIM,Nugaal Region,18247.99988937378,anc1,,20.74414,5.0,3431.0,
,,,,,,,,,,,,,,,,,,,,,,2019.0,,Somalia,somalia_surveys_province,,,,,,,,,,,,,,,,,,,,,,,,,,,,,,,,,,,,,,,,,,,,,,,,,,,,,,,,,,,,BCG,cov,Nugaal Region,78.70648956298828,anc1,,6.2989426,5.0,3431.0,
,,,,,,,,,,,,,,,,,,,,,,2020.0,,Somalia,somalia_surveys_province,,,,,,,,,,,,,,,,,,,,,,,,,,,,,,,,,,,,,,,,,,,,,,,,,,,,,,,,,,,,BCG,volIM,Nugaal Region,18505.000150680542,anc1,,20.74414,5.0,3431.0,
,,,,,,,,,,,,,,,,,,,,,,2020.0,,Somalia,somalia_surveys_province,,,,,,,,,,,,,,,,,,,,,,,,,,,,,,,,,,,,,,,,,,,,,,,,,,,,,,,,,,,,BCG,cov,Nugaal Region,63.8381462097168,anc1,,6.2989426,5.0,3431.0,
,,,,,,,,,,,,,,,,,,,,,,2021.0,,Somalia,somalia_surveys_province,,,,,,,,,,,,,,,,,,,,,,,,,,,,,,,,,,,,,,,,,,,,,,,,,,,,,,,,,,,,BCG,cov,Nugaal Region,66.29236602783203,anc1,,6.2989426,5.0,3431.0,
,,,,,,,,,,,,,,,,,,,,,,2021.0,,Somalia,somalia_surveys_province,,,,,,,,,,,,,,,,,,,,,,,,,,,,,,,,,,,,,,,,,,,,,,,,,,,,,,,,,,,,BCG,volIM,Nugaal Region,19947.75006866455,anc1,,20.74414,5.0,3431.0,
,,,,,,,,,,,,,,,,,,,,,,2022.0,,Somalia,somalia_surveys_province,,,,,,,,,,,,,,,,,,,,,,,,,,,,,,,,,,,,,,,,,,,,,,,,,,,,,,,,,,,,BCG,cov,Nugaal Region,72.90067291259766,anc1,,6.2989426,5.0,3431.0,
,,,,,,,,,,,,,,,,,,,,,,2022.0,,Somalia,somalia_surveys_province,,,,,,,,,,,,,,,,,,,,,,,,,,,,,,,,,,,,,,,,,,,,,,,,,,,,,,,,,,,,BCG,volIM,Nugaal Region,22054.250020980835,anc1,,20.74414,5.0,3431.0,
,,,,,,,,,,,,,,,,,,,,,,2023.0,,Somalia,somalia_surveys_province,,,,,,,,,,,,,,,,,,,,,,,,,,,,,,,,,,,,,,,,,,,,,,,,,,,,,,,,,,,,BCG,cov,Nugaal Region,76.03762817382812,anc1,,6.2989426,5.0,3431.0,
,,,,,,,,,,,,,,,,,,,,,,2023.0,,Somalia,somalia_surveys_province,,,,,,,,,,,,,,,,,,,,,,,,,,,,,,,,,,,,,,,,,,,,,,,,,,,,,,,,,,,,BCG,volIM,Nugaal Region,15569.076959609985,anc1,,20.74414,5.0,3431.0,
,,,,,,,,,,,,,,,,,,,,,,2018.0,,Somalia,somalia_surveys_province,,,,,,,,,,,,,,,,,,,,,,,,,,,,,,,,,,,,,,,,,,,,,,,,,,,,,,,,,,,,Institutional Delivery,cov,Nugaal Region,62.47999954223633,anc1,,-1.5144272,5.0,3432.0,
,,,,,,,,,,,,,,,,,,,,,,2018.0,,Somalia,somalia_surveys_province,,,,,,,,,,,,,,,,,,,,,,,,,,,,,,,,,,,,,,,,,,,,,,,,,,,,,,,,,,,,Institutional Delivery,volIM,Nugaal Region,13929.999980926514,anc1,,-1447.0,5.0,3432.0,
,,,,,,,,,,,,,,,,,,,,,,2019.0,,Somalia,somalia_surveys_province,,,,,,,,,,,,,,,,,,,,,,,,,,,,,,,,,,,,,,,,,,,,,,,,,,,,,,,,,,,,Institutional Delivery,volIM,Nugaal Region,13943.000011444092,anc1,,-1447.0,5.0,3432.0,
,,,,,,,,,,,,,,,,,,,,,,2019.0,,Somalia,somalia_surveys_province,,,,,,,,,,,,,,,,,,,,,,,,,,,,,,,,,,,,,,,,,,,,,,,,,,,,,,,,,,,,Institutional Delivery,cov,Nugaal Region,60.13835144042969,anc1,,-1.5144272,5.0,3432.0,
,,,,,,,,,,,,,,,,,,,,,,2020.0,,Somalia,somalia_surveys_province,,,,,,,,,,,,,,,,,,,,,,,,,,,,,,,,,,,,,,,,,,,,,,,,,,,,,,,,,,,,Institutional Delivery,volIM,Nugaal Region,14517.000041007996,anc1,,-1447.0,5.0,3432.0,
,,,,,,,,,,,,,,,,,,,,,,2020.0,,Somalia,somalia_surveys_province,,,,,,,,,,,,,,,,,,,,,,,,,,,,,,,,,,,,,,,,,,,,,,,,,,,,,,,,,,,,Institutional Delivery,cov,Nugaal Region,50.08042907714844,anc1,,-1.5144272,5.0,3432.0,
,,,,,,,,,,,,,,,,,,,,,,2021.0,,Somalia,somalia_surveys_province,,,,,,,,,,,,,,,,,,,,,,,,,,,,,,,,,,,,,,,,,,,,,,,,,,,,,,,,,,,,Institutional Delivery,volIM,Nugaal Region,16078.99991607666,anc1,,-1447.0,5.0,3432.0,
,,,,,,,,,,,,,,,,,,,,,,2021.0,,Somalia,somalia_surveys_province,,,,,,,,,,,,,,,,,,,,,,,,,,,,,,,,,,,,,,,,,,,,,,,,,,,,,,,,,,,,Institutional Delivery,cov,Nugaal Region,53.43534851074219,anc1,,-1.5144272,5.0,3432.0,
,,,,,,,,,,,,,,,,,,,,,,2022.0,,Somalia,somalia_surveys_province,,,,,,,,,,,,,,,,,,,,,,,,,,,,,,,,,,,,,,,,,,,,,,,,,,,,,,,,,,,,Institutional Delivery,cov,Nugaal Region,62.011474609375,anc1,,-1.5144272,5.0,3432.0,
,,,,,,,,,,,,,,,,,,,,,,2022.0,,Somalia,somalia_surveys_province,,,,,,,,,,,,,,,,,,,,,,,,,,,,,,,,,,,,,,,,,,,,,,,,,,,,,,,,,,,,Institutional Delivery,volIM,Nugaal Region,18759.99984741211,anc1,,-1447.0,5.0,3432.0,
,,,,,,,,,,,,,,,,,,,,,,2023.0,,Somalia,somalia_surveys_province,,,,,,,,,,,,,,,,,,,,,,,,,,,,,,,,,,,,,,,,,,,,,,,,,,,,,,,,,,,,Institutional Delivery,cov,Nugaal Region,60.965572357177734,anc1,,-1.5144272,5.0,3432.0,
,,,,,,,,,,,,,,,,,,,,,,2023.0,,Somalia,somalia_surveys_province,,,,,,,,,,,,,,,,,,,,,,,,,,,,,,,,,,,,,,,,,,,,,,,,,,,,,,,,,,,,Institutional Delivery,volIM,Nugaal Region,12482.999912261963,anc1,,-1447.0,5.0,3432.0,
,,,,,,,,,,,,,,,,,,,,,,2018.0,,Somalia,somalia_surveys_province,,,,,,,,,,,,,,,,,,,,,,,,,,,,,,,,,,,,,,,,,,,,,,,,,,,,,,,,,,,,OPD,volIM,Nugaal Region,187545.55541992188,,,-24753.344,5.0,3433.0,
,,,,,,,,,,,,,,,,,,,,,,2019.0,,Somalia,somalia_surveys_province,,,,,,,,,,,,,,,,,,,,,,,,,,,,,,,,,,,,,,,,,,,,,,,,,,,,,,,,,,,,OPD,volIM,Nugaal Region,188557.00091552734,,,-24753.344,5.0,3433.0,
,,,,,,,,,,,,,,,,,,,,,,2020.0,,Somalia,somalia_surveys_province,,,,,,,,,,,,,,,,,,,,,,,,,,,,,,,,,,,,,,,,,,,,,,,,,,,,,,,,,,,,OPD,volIM,Nugaal Region,214541.88507080078,,,-24753.344,5.0,3433.0,
,,,,,,,,,,,,,,,,,,,,,,2021.0,,Somalia,somalia_surveys_province,,,,,,,,,,,,,,,,,,,,,,,,,,,,,,,,,,,,,,,,,,,,,,,,,,,,,,,,,,,,OPD,volIM,Nugaal Region,242917.24893188477,,,-24753.344,5.0,3433.0,
,,,,,,,,,,,,,,,,,,,,,,2022.0,,Somalia,somalia_surveys_province,,,,,,,,,,,,,,,,,,,,,,,,,,,,,,,,,,,,,,,,,,,,,,,,,,,,,,,,,,,,OPD,volIM,Nugaal Region,261091.1286315918,,,-24753.344,5.0,3433.0,
,,,,,,,,,,,,,,,,,,,,,,2023.0,,Somalia,somalia_surveys_province,,,,,,,,,,,,,,,,,,,,,,,,,,,,,,,,,,,,,,,,,,,,,,,,,,,,,,,,,,,,OPD,volIM,Nugaal Region,162792.21444702148,,,-24753.344,5.0,3433.0,
,,,,,,,,,,,,,,,,,,,,,,2018.0,,Somalia,somalia_surveys_province,,,,,,,,,,,,,,,,,,,,,,,,,,,,,,,,,,,,,,,,,,,,,,,,,,,,,,,,,,,,PNC1,volIM,Nugaal Region,6440.027772903442,,,10478.674,5.0,3434.0,
,,,,,,,,,,,,,,,,,,,,,,2019.0,,Somalia,somalia_surveys_province,,,,,,,,,,,,,,,,,,,,,,,,,,,,,,,,,,,,,,,,,,,,,,,,,,,,,,,,,,,,PNC1,volIM,Nugaal Region,10572.193784713745,,,10478.674,5.0,3434.0,
,,,,,,,,,,,,,,,,,,,,,,2020.0,,Somalia,somalia_surveys_province,,,,,,,,,,,,,,,,,,,,,,,,,,,,,,,,,,,,,,,,,,,,,,,,,,,,,,,,,,,,PNC1,volIM,Nugaal Region,14705.545485496521,,,10478.674,5.0,3434.0,
,,,,,,,,,,,,,,,,,,,,,,2021.0,,Somalia,somalia_surveys_province,,,,,,,,,,,,,,,,,,,,,,,,,,,,,,,,,,,,,,,,,,,,,,,,,,,,,,,,,,,,PNC1,volIM,Nugaal Region,15659.49993133545,,,10478.674,5.0,3434.0,
,,,,,,,,,,,,,,,,,,,,,,2022.0,,Somalia,somalia_surveys_province,,,,,,,,,,,,,,,,,,,,,,,,,,,,,,,,,,,,,,,,,,,,,,,,,,,,,,,,,,,,PNC1,volIM,Nugaal Region,24922.98803138733,,,10478.674,5.0,3434.0,
,,,,,,,,,,,,,,,,,,,,,,2023.0,,Somalia,somalia_surveys_province,,,,,,,,,,,,,,,,,,,,,,,,,,,,,,,,,,,,,,,,,,,,,,,,,,,,,,,,,,,,PNC1,volIM,Nugaal Region,16918.701473236084,,,10478.674,5.0,3434.0,
,,,,,,,,,,,,,,,,,,,,,,2018.0,,Somalia,somalia_surveys_province,,,,,,,,,,,,,,,,,,,,,,,,,,,,,,,,,,,,,,,,,,,,,,,,,,,,,,,,,,,,Penta 1,volIM,Nugaal Region,19446.000045776367,anc1,,-1055.0,5.0,3435.0,
,,,,,,,,,,,,,,,,,,,,,,2018.0,,Somalia,somalia_surveys_province,,,,,,,,,,,,,,,,,,,,,,,,,,,,,,,,,,,,,,,,,,,,,,,,,,,,,,,,,,,,Penta 1,cov,Nugaal Region,90.58264923095703,anc1,,2.6989288,5.0,3435.0,
,,,,,,,,,,,,,,,,,,,,,,2019.0,,Somalia,somalia_surveys_province,,,,,,,,,,,,,,,,,,,,,,,,,,,,,,,,,,,,,,,,,,,,,,,,,,,,,,,,,,,,Penta 1,volIM,Nugaal Region,21349.694450378418,anc1,,-1055.0,5.0,3435.0,
,,,,,,,,,,,,,,,,,,,,,,2019.0,,Somalia,somalia_surveys_province,,,,,,,,,,,,,,,,,,,,,,,,,,,,,,,,,,,,,,,,,,,,,,,,,,,,,,,,,,,,Penta 1,cov,Nugaal Region,95.63388061523438,anc1,,2.6989288,5.0,3435.0,
,,,,,,,,,,,,,,,,,,,,,,2020.0,,Somalia,somalia_surveys_province,,,,,,,,,,,,,,,,,,,,,,,,,,,,,,,,,,,,,,,,,,,,,,,,,,,,,,,,,,,,Penta 1,volIM,Nugaal Region,22556.99987411499,anc1,,-1055.0,5.0,3435.0,
,,,,,,,,,,,,,,,,,,,,,,2020.0,,Somalia,somalia_surveys_province,,,,,,,,,,,,,,,,,,,,,,,,,,,,,,,,,,,,,,,,,,,,,,,,,,,,,,,,,,,,Penta 1,cov,Nugaal Region,80.81599426269531,anc1,,2.6989288,5.0,3435.0,
,,,,,,,,,,,,,,,,,,,,,,2021.0,,Somalia,somalia_surveys_province,,,,,,,,,,,,,,,,,,,,,,,,,,,,,,,,,,,,,,,,,,,,,,,,,,,,,,,,,,,,Penta 1,volIM,Nugaal Region,24625.500034332275,anc1,,-1055.0,5.0,3435.0,
,,,,,,,,,,,,,,,,,,,,,,2021.0,,Somalia,somalia_surveys_province,,,,,,,,,,,,,,,,,,,,,,,,,,,,,,,,,,,,,,,,,,,,,,,,,,,,,,,,,,,,Penta 1,cov,Nugaal Region,84.99227905273438,anc1,,2.6989288,5.0,3435.0,
,,,,,,,,,,,,,,,,,,,,,,2022.0,,Somalia,somalia_surveys_province,,,,,,,,,,,,,,,,,,,,,,,,,,,,,,,,,,,,,,,,,,,,,,,,,,,,,,,,,,,,Penta 1,volIM,Nugaal Region,28400.506454467773,anc1,,-1055.0,5.0,3435.0,
,,,,,,,,,,,,,,,,,,,,,,2022.0,,Somalia,somalia_surveys_province,,,,,,,,,,,,,,,,,,,,,,,,,,,,,,,,,,,,,,,,,,,,,,,,,,,,,,,,,,,,Penta 1,cov,Nugaal Region,97.49674987792969,anc1,,2.6989288,5.0,3435.0,
,,,,,,,,,,,,,,,,,,,,,,2023.0,,Somalia,somalia_surveys_province,,,,,,,,,,,,,,,,,,,,,,,,,,,,,,,,,,,,,,,,,,,,,,,,,,,,,,,,,,,,Penta 1,volIM,Nugaal Region,18391.000064849854,anc1,,-1055.0,5.0,3435.0,
,,,,,,,,,,,,,,,,,,,,,,2023.0,,Somalia,somalia_surveys_province,,,,,,,,,,,,,,,,,,,,,,,,,,,,,,,,,,,,,,,,,,,,,,,,,,,,,,,,,,,,Penta 1,cov,Nugaal Region,93.28157806396484,anc1,,2.6989288,5.0,3435.0,
,,,,,,,,,,,,,,,,,,,,,,2018.0,,Somalia,somalia_surveys_province,,,,,,,,,,,,,,,,,,,,,,,,,,,,,,,,,,,,,,,,,,,,,,,,,,,,,,,,,,,,Penta 3,cov,Nugaal Region,80.68508911132812,anc1,,3.863968,5.0,3436.0,
,,,,,,,,,,,,,,,,,,,,,,2018.0,,Somalia,somalia_surveys_province,,,,,,,,,,,,,,,,,,,,,,,,,,,,,,,,,,,,,,,,,,,,,,,,,,,,,,,,,,,,Penta 3,volIM,Nugaal Region,17321.22218322754,anc1,,-651.8887,5.0,3436.0,
,,,,,,,,,,,,,,,,,,,,,,2019.0,,Somalia,somalia_surveys_province,,,,,,,,,,,,,,,,,,,,,,,,,,,,,,,,,,,,,,,,,,,,,,,,,,,,,,,,,,,,Penta 3,cov,Nugaal Region,89.43687438964844,anc1,,3.863968,5.0,3436.0,
,,,,,,,,,,,,,,,,,,,,,,2019.0,,Somalia,somalia_surveys_province,,,,,,,,,,,,,,,,,,,,,,,,,,,,,,,,,,,,,,,,,,,,,,,,,,,,,,,,,,,,Penta 3,volIM,Nugaal Region,19966.249977111816,anc1,,-651.8887,5.0,3436.0,
,,,,,,,,,,,,,,,,,,,,,,2020.0,,Somalia,somalia_surveys_province,,,,,,,,,,,,,,,,,,,,,,,,,,,,,,,,,,,,,,,,,,,,,,,,,,,,,,,,,,,,Penta 3,cov,Nugaal Region,75.93987274169922,anc1,,3.863968,5.0,3436.0,
,,,,,,,,,,,,,,,,,,,,,,2020.0,,Somalia,somalia_surveys_province,,,,,,,,,,,,,,,,,,,,,,,,,,,,,,,,,,,,,,,,,,,,,,,,,,,,,,,,,,,,Penta 3,volIM,Nugaal Region,21195.999923706055,anc1,,-651.8887,5.0,3436.0,
,,,,,,,,,,,,,,,,,,,,,,2021.0,,Somalia,somalia_surveys_province,,,,,,,,,,,,,,,,,,,,,,,,,,,,,,,,,,,,,,,,,,,,,,,,,,,,,,,,,,,,Penta 3,cov,Nugaal Region,78.82322692871094,anc1,,3.863968,5.0,3436.0,
,,,,,,,,,,,,,,,,,,,,,,2021.0,,Somalia,somalia_surveys_province,,,,,,,,,,,,,,,,,,,,,,,,,,,,,,,,,,,,,,,,,,,,,,,,,,,,,,,,,,,,Penta 3,volIM,Nugaal Region,22838.090938568115,anc1,,-651.8887,5.0,3436.0,
,,,,,,,,,,,,,,,,,,,,,,2022.0,,Somalia,somalia_surveys_province,,,,,,,,,,,,,,,,,,,,,,,,,,,,,,,,,,,,,,,,,,,,,,,,,,,,,,,,,,,,Penta 3,volIM,Nugaal Region,24288.766600608826,anc1,,-651.8887,5.0,3436.0,
,,,,,,,,,,,,,,,,,,,,,,2022.0,,Somalia,somalia_surveys_province,,,,,,,,,,,,,,,,,,,,,,,,,,,,,,,,,,,,,,,,,,,,,,,,,,,,,,,,,,,,Penta 3,cov,Nugaal Region,83.38146209716797,anc1,,3.863968,5.0,3436.0,
,,,,,,,,,,,,,,,,,,,,,,2023.0,,Somalia,somalia_surveys_province,,,,,,,,,,,,,,,,,,,,,,,,,,,,,,,,,,,,,,,,,,,,,,,,,,,,,,,,,,,,Penta 3,cov,Nugaal Region,84.54905700683594,anc1,,3.863968,5.0,3436.0,
,,,,,,,,,,,,,,,,,,,,,,2023.0,,Somalia,somalia_surveys_province,,,,,,,,,,,,,,,,,,,,,,,,,,,,,,,,,,,,,,,,,,,,,,,,,,,,,,,,,,,,Penta 3,volIM,Nugaal Region,16669.333477020264,anc1,,-651.8887,5.0,3436.0,
,,,,,,,,,,,,,,,,,,,,,,2018.0,,Somalia,somalia_surveys_province,,,,,,,,,,,,,,,,,,,,,,,,,,,,,,,,,,,,,,,,,,,,,,,,,,,,,,,,,,,,ANC1,volIM,Sanaag Region,6171.00001335144,delivery,,-546.0,5.0,3437.0,
,,,,,,,,,,,,,,,,,,,,,,2018.0,,Somalia,somalia_surveys_province,,,,,,,,,,,,,,,,,,,,,,,,,,,,,,,,,,,,,,,,,,,,,,,,,,,,,,,,,,,,ANC1,cov,Sanaag Region,92.68102264404297,delivery,,-15.303085,5.0,3437.0,
,,,,,,,,,,,,,,,,,,,,,,2019.0,,Somalia,somalia_surveys_province,,,,,,,,,,,,,,,,,,,,,,,,,,,,,,,,,,,,,,,,,,,,,,,,,,,,,,,,,,,,ANC1,volIM,Sanaag Region,8468.999988555908,delivery,,-546.0,5.0,3437.0,
,,,,,,,,,,,,,,,,,,,,,,2019.0,,Somalia,somalia_surveys_province,,,,,,,,,,,,,,,,,,,,,,,,,,,,,,,,,,,,,,,,,,,,,,,,,,,,,,,,,,,,ANC1,cov,Sanaag Region,120.78241729736328,delivery,,-15.303085,5.0,3437.0,
,,,,,,,,,,,,,,,,,,,,,,2020.0,,Somalia,somalia_surveys_province,,,,,,,,,,,,,,,,,,,,,,,,,,,,,,,,,,,,,,,,,,,,,,,,,,,,,,,,,,,,ANC1,cov,Sanaag Region,102.4411392211914,delivery,,-15.303085,5.0,3437.0,
,,,,,,,,,,,,,,,,,,,,,,2020.0,,Somalia,somalia_surveys_province,,,,,,,,,,,,,,,,,,,,,,,,,,,,,,,,,,,,,,,,,,,,,,,,,,,,,,,,,,,,ANC1,volIM,Sanaag Region,8837.99998664856,delivery,,-546.0,5.0,3437.0,
,,,,,,,,,,,,,,,,,,,,,,2021.0,,Somalia,somalia_surveys_province,,,,,,,,,,,,,,,,,,,,,,,,,,,,,,,,,,,,,,,,,,,,,,,,,,,,,,,,,,,,ANC1,volIM,Sanaag Region,8515.000003814697,delivery,,-546.0,5.0,3437.0,
,,,,,,,,,,,,,,,,,,,,,,2021.0,,Somalia,somalia_surveys_province,,,,,,,,,,,,,,,,,,,,,,,,,,,,,,,,,,,,,,,,,,,,,,,,,,,,,,,,,,,,ANC1,cov,Sanaag Region,86.79905700683594,delivery,,-15.303085,5.0,3437.0,
,,,,,,,,,,,,,,,,,,,,,,2022.0,,Somalia,somalia_surveys_province,,,,,,,,,,,,,,,,,,,,,,,,,,,,,,,,,,,,,,,,,,,,,,,,,,,,,,,,,,,,ANC1,volIM,Sanaag Region,7960.666667938232,delivery,,-546.0,5.0,3437.0,
,,,,,,,,,,,,,,,,,,,,,,2022.0,,Somalia,somalia_surveys_province,,,,,,,,,,,,,,,,,,,,,,,,,,,,,,,,,,,,,,,,,,,,,,,,,,,,,,,,,,,,ANC1,cov,Sanaag Region,74.9693832397461,delivery,,-15.303085,5.0,3437.0,
,,,,,,,,,,,,,,,,,,,,,,2023.0,,Somalia,somalia_surveys_province,,,,,,,,,,,,,,,,,,,,,,,,,,,,,,,,,,,,,,,,,,,,,,,,,,,,,,,,,,,,ANC1,cov,Sanaag Region,77.37793731689453,delivery,,-15.303085,5.0,3437.0,
,,,,,,,,,,,,,,,,,,,,,,2023.0,,Somalia,somalia_surveys_province,,,,,,,,,,,,,,,,,,,,,,,,,,,,,,,,,,,,,,,,,,,,,,,,,,,,,,,,,,,,ANC1,volIM,Sanaag Region,5624.9999923706055,delivery,,-546.0,5.0,3437.0,
,,,,,,,,,,,,,,,,,,,,,,2018.0,,Somalia,somalia_surveys_province,,,,,,,,,,,,,,,,,,,,,,,,,,,,,,,,,,,,,,,,,,,,,,,,,,,,,,,,,,,,ANC4,volIM,Sanaag Region,3189.9999809265137,delivery,,-1538.0,5.0,3438.0,
,,,,,,,,,,,,,,,,,,,,,,2018.0,,Somalia,somalia_surveys_province,,,,,,,,,,,,,,,,,,,,,,,,,,,,,,,,,,,,,,,,,,,,,,,,,,,,,,,,,,,,ANC4,cov,Sanaag Region,47.909976959228516,delivery,,-25.184937,5.0,3438.0,
,,,,,,,,,,,,,,,,,,,,,,2019.0,,Somalia,somalia_surveys_province,,,,,,,,,,,,,,,,,,,,,,,,,,,,,,,,,,,,,,,,,,,,,,,,,,,,,,,,,,,,ANC4,cov,Sanaag Region,61.42755889892578,delivery,,-25.184937,5.0,3438.0,
,,,,,,,,,,,,,,,,,,,,,,2019.0,,Somalia,somalia_surveys_province,,,,,,,,,,,,,,,,,,,,,,,,,,,,,,,,,,,,,,,,,,,,,,,,,,,,,,,,,,,,ANC4,volIM,Sanaag Region,4307.16669178009,delivery,,-1538.0,5.0,3438.0,
,,,,,,,,,,,,,,,,,,,,,,2020.0,,Somalia,somalia_surveys_province,,,,,,,,,,,,,,,,,,,,,,,,,,,,,,,,,,,,,,,,,,,,,,,,,,,,,,,,,,,,ANC4,volIM,Sanaag Region,4467.999988555908,delivery,,-1538.0,5.0,3438.0,
,,,,,,,,,,,,,,,,,,,,,,2020.0,,Somalia,somalia_surveys_province,,,,,,,,,,,,,,,,,,,,,,,,,,,,,,,,,,,,,,,,,,,,,,,,,,,,,,,,,,,,ANC4,cov,Sanaag Region,51.78852462768555,delivery,,-25.184937,5.0,3438.0,
,,,,,,,,,,,,,,,,,,,,,,2021.0,,Somalia,somalia_surveys_province,,,,,,,,,,,,,,,,,,,,,,,,,,,,,,,,,,,,,,,,,,,,,,,,,,,,,,,,,,,,ANC4,cov,Sanaag Region,46.93163299560547,delivery,,-25.184937,5.0,3438.0,
,,,,,,,,,,,,,,,,,,,,,,2021.0,,Somalia,somalia_surveys_province,,,,,,,,,,,,,,,,,,,,,,,,,,,,,,,,,,,,,,,,,,,,,,,,,,,,,,,,,,,,ANC4,volIM,Sanaag Region,4603.999995231628,delivery,,-1538.0,5.0,3438.0,
,,,,,,,,,,,,,,,,,,,,,,2022.0,,Somalia,somalia_surveys_province,,,,,,,,,,,,,,,,,,,,,,,,,,,,,,,,,,,,,,,,,,,,,,,,,,,,,,,,,,,,ANC4,cov,Sanaag Region,33.00825119018555,delivery,,-25.184937,5.0,3438.0,
,,,,,,,,,,,,,,,,,,,,,,2022.0,,Somalia,somalia_surveys_province,,,,,,,,,,,,,,,,,,,,,,,,,,,,,,,,,,,,,,,,,,,,,,,,,,,,,,,,,,,,ANC4,volIM,Sanaag Region,3504.9999742507935,delivery,,-1538.0,5.0,3438.0,
,,,,,,,,,,,,,,,,,,,,,,2023.0,,Somalia,somalia_surveys_province,,,,,,,,,,,,,,,,,,,,,,,,,,,,,,,,,,,,,,,,,,,,,,,,,,,,,,,,,,,,ANC4,volIM,Sanaag Region,1652.0000085830688,delivery,,-1538.0,5.0,3438.0,
,,,,,,,,,,,,,,,,,,,,,,2023.0,,Somalia,somalia_surveys_province,,,,,,,,,,,,,,,,,,,,,,,,,,,,,,,,,,,,,,,,,,,,,,,,,,,,,,,,,,,,ANC4,cov,Sanaag Region,22.725040435791016,delivery,,-25.184937,5.0,3438.0,
,,,,,,,,,,,,,,,,,,,,,,2018.0,,Somalia,somalia_surveys_province,,,,,,,,,,,,,,,,,,,,,,,,,,,,,,,,,,,,,,,,,,,,,,,,,,,,,,,,,,,,BCG,cov,Sanaag Region,56.83687973022461,anc1,,17.129177,5.0,3439.0,
,,,,,,,,,,,,,,,,,,,,,,2018.0,,Somalia,somalia_surveys_province,,,,,,,,,,,,,,,,,,,,,,,,,,,,,,,,,,,,,,,,,,,,,,,,,,,,,,,,,,,,BCG,volIM,Sanaag Region,4834.49998664856,anc1,,900.3335,5.0,3439.0,
,,,,,,,,,,,,,,,,,,,,,,2019.0,,Somalia,somalia_surveys_province,,,,,,,,,,,,,,,,,,,,,,,,,,,,,,,,,,,,,,,,,,,,,,,,,,,,,,,,,,,,BCG,volIM,Sanaag Region,7113.000024795532,anc1,,900.3335,5.0,3439.0,
,,,,,,,,,,,,,,,,,,,,,,2019.0,,Somalia,somalia_surveys_province,,,,,,,,,,,,,,,,,,,,,,,,,,,,,,,,,,,,,,,,,,,,,,,,,,,,,,,,,,,,BCG,cov,Sanaag Region,60.933326721191406,anc1,,17.129177,5.0,3439.0,
,,,,,,,,,,,,,,,,,,,,,,2020.0,,Somalia,somalia_surveys_province,,,,,,,,,,,,,,,,,,,,,,,,,,,,,,,,,,,,,,,,,,,,,,,,,,,,,,,,,,,,BCG,volIM,Sanaag Region,9929.999996185303,anc1,,900.3335,5.0,3439.0,
,,,,,,,,,,,,,,,,,,,,,,2020.0,,Somalia,somalia_surveys_province,,,,,,,,,,,,,,,,,,,,,,,,,,,,,,,,,,,,,,,,,,,,,,,,,,,,,,,,,,,,BCG,cov,Sanaag Region,81.51348114013672,anc1,,17.129177,5.0,3439.0,
,,,,,,,,,,,,,,,,,,,,,,2021.0,,Somalia,somalia_surveys_province,,,,,,,,,,,,,,,,,,,,,,,,,,,,,,,,,,,,,,,,,,,,,,,,,,,,,,,,,,,,BCG,volIM,Sanaag Region,9574.000022888184,anc1,,900.3335,5.0,3439.0,
,,,,,,,,,,,,,,,,,,,,,,2021.0,,Somalia,somalia_surveys_province,,,,,,,,,,,,,,,,,,,,,,,,,,,,,,,,,,,,,,,,,,,,,,,,,,,,,,,,,,,,BCG,cov,Sanaag Region,81.57234954833984,anc1,,17.129177,5.0,3439.0,
,,,,,,,,,,,,,,,,,,,,,,2022.0,,Somalia,somalia_surveys_province,,,,,,,,,,,,,,,,,,,,,,,,,,,,,,,,,,,,,,,,,,,,,,,,,,,,,,,,,,,,BCG,volIM,Sanaag Region,10865.333330154419,anc1,,900.3335,5.0,3439.0,
,,,,,,,,,,,,,,,,,,,,,,2022.0,,Somalia,somalia_surveys_province,,,,,,,,,,,,,,,,,,,,,,,,,,,,,,,,,,,,,,,,,,,,,,,,,,,,,,,,,,,,BCG,cov,Sanaag Region,99.02111053466797,anc1,,17.129177,5.0,3439.0,
,,,,,,,,,,,,,,,,,,,,,,2023.0,,Somalia,somalia_surveys_province,,,,,,,,,,,,,,,,,,,,,,,,,,,,,,,,,,,,,,,,,,,,,,,,,,,,,,,,,,,,BCG,cov,Sanaag Region,73.96605682373047,anc1,,17.129177,5.0,3439.0,
,,,,,,,,,,,,,,,,,,,,,,2023.0,,Somalia,somalia_surveys_province,,,,,,,,,,,,,,,,,,,,,,,,,,,,,,,,,,,,,,,,,,,,,,,,,,,,,,,,,,,,BCG,volIM,Sanaag Region,5734.833347320557,anc1,,900.3335,5.0,3439.0,
,,,,,,,,,,,,,,,,,,,,,,2018.0,,Somalia,somalia_surveys_province,,,,,,,,,,,,,,,,,,,,,,,,,,,,,,,,,,,,,,,,,,,,,,,,,,,,,,,,,,,,Institutional Delivery,volIM,Sanaag Region,4520.9999923706055,anc1,,415.0,5.0,3440.0,
,,,,,,,,,,,,,,,,,,,,,,2018.0,,Somalia,somalia_surveys_province,,,,,,,,,,,,,,,,,,,,,,,,,,,,,,,,,,,,,,,,,,,,,,,,,,,,,,,,,,,,Institutional Delivery,cov,Sanaag Region,53.15121078491211,anc1,,10.511749,5.0,3440.0,
,,,,,,,,,,,,,,,,,,,,,,2019.0,,Somalia,somalia_surveys_province,,,,,,,,,,,,,,,,,,,,,,,,,,,,,,,,,,,,,,,,,,,,,,,,,,,,,,,,,,,,Institutional Delivery,volIM,Sanaag Region,4761.000005722046,anc1,,415.0,5.0,3440.0,
,,,,,,,,,,,,,,,,,,,,,,2019.0,,Somalia,somalia_surveys_province,,,,,,,,,,,,,,,,,,,,,,,,,,,,,,,,,,,,,,,,,,,,,,,,,,,,,,,,,,,,Institutional Delivery,cov,Sanaag Region,40.78498077392578,anc1,,10.511749,5.0,3440.0,
,,,,,,,,,,,,,,,,,,,,,,2020.0,,Somalia,somalia_surveys_province,,,,,,,,,,,,,,,,,,,,,,,,,,,,,,,,,,,,,,,,,,,,,,,,,,,,,,,,,,,,Institutional Delivery,cov,Sanaag Region,48.08720779418945,anc1,,10.511749,5.0,3440.0,
,,,,,,,,,,,,,,,,,,,,,,2020.0,,Somalia,somalia_surveys_province,,,,,,,,,,,,,,,,,,,,,,,,,,,,,,,,,,,,,,,,,,,,,,,,,,,,,,,,,,,,Institutional Delivery,volIM,Sanaag Region,5857.999998092651,anc1,,415.0,5.0,3440.0,
,,,,,,,,,,,,,,,,,,,,,,2021.0,,Somalia,somalia_surveys_province,,,,,,,,,,,,,,,,,,,,,,,,,,,,,,,,,,,,,,,,,,,,,,,,,,,,,,,,,,,,Institutional Delivery,volIM,Sanaag Region,6660.999980926514,anc1,,415.0,5.0,3440.0,
,,,,,,,,,,,,,,,,,,,,,,2021.0,,Somalia,somalia_surveys_province,,,,,,,,,,,,,,,,,,,,,,,,,,,,,,,,,,,,,,,,,,,,,,,,,,,,,,,,,,,,Institutional Delivery,cov,Sanaag Region,56.753021240234375,anc1,,10.511749,5.0,3440.0,
,,,,,,,,,,,,,,,,,,,,,,2022.0,,Somalia,somalia_surveys_province,,,,,,,,,,,,,,,,,,,,,,,,,,,,,,,,,,,,,,,,,,,,,,,,,,,,,,,,,,,,Institutional Delivery,cov,Sanaag Region,65.70826721191406,anc1,,10.511749,5.0,3440.0,
,,,,,,,,,,,,,,,,,,,,,,2022.0,,Somalia,somalia_surveys_province,,,,,,,,,,,,,,,,,,,,,,,,,,,,,,,,,,,,,,,,,,,,,,,,,,,,,,,,,,,,Institutional Delivery,volIM,Sanaag Region,7210.0000286102295,anc1,,415.0,5.0,3440.0,
,,,,,,,,,,,,,,,,,,,,,,2023.0,,Somalia,somalia_surveys_province,,,,,,,,,,,,,,,,,,,,,,,,,,,,,,,,,,,,,,,,,,,,,,,,,,,,,,,,,,,,Institutional Delivery,volIM,Sanaag Region,4936.0,anc1,,415.0,5.0,3440.0,
,,,,,,,,,,,,,,,,,,,,,,2023.0,,Somalia,somalia_surveys_province,,,,,,,,,,,,,,,,,,,,,,,,,,,,,,,,,,,,,,,,,,,,,,,,,,,,,,,,,,,,Institutional Delivery,cov,Sanaag Region,63.662960052490234,anc1,,10.511749,5.0,3440.0,
,,,,,,,,,,,,,,,,,,,,,,2018.0,,Somalia,somalia_surveys_province,,,,,,,,,,,,,,,,,,,,,,,,,,,,,,,,,,,,,,,,,,,,,,,,,,,,,,,,,,,,OPD,volIM,Sanaag Region,75802.10009765625,,,-9252.102,5.0,3441.0,
,,,,,,,,,,,,,,,,,,,,,,2019.0,,Somalia,somalia_surveys_province,,,,,,,,,,,,,,,,,,,,,,,,,,,,,,,,,,,,,,,,,,,,,,,,,,,,,,,,,,,,OPD,volIM,Sanaag Region,118459.19989013672,,,-9252.102,5.0,3441.0,
,,,,,,,,,,,,,,,,,,,,,,2020.0,,Somalia,somalia_surveys_province,,,,,,,,,,,,,,,,,,,,,,,,,,,,,,,,,,,,,,,,,,,,,,,,,,,,,,,,,,,,OPD,volIM,Sanaag Region,121792.66592407227,,,-9252.102,5.0,3441.0,
,,,,,,,,,,,,,,,,,,,,,,2021.0,,Somalia,somalia_surveys_province,,,,,,,,,,,,,,,,,,,,,,,,,,,,,,,,,,,,,,,,,,,,,,,,,,,,,,,,,,,,OPD,volIM,Sanaag Region,130695.50036621094,,,-9252.102,5.0,3441.0,
,,,,,,,,,,,,,,,,,,,,,,2022.0,,Somalia,somalia_surveys_province,,,,,,,,,,,,,,,,,,,,,,,,,,,,,,,,,,,,,,,,,,,,,,,,,,,,,,,,,,,,OPD,volIM,Sanaag Region,98659.9994506836,,,-9252.102,5.0,3441.0,
,,,,,,,,,,,,,,,,,,,,,,2023.0,,Somalia,somalia_surveys_province,,,,,,,,,,,,,,,,,,,,,,,,,,,,,,,,,,,,,,,,,,,,,,,,,,,,,,,,,,,,OPD,volIM,Sanaag Region,66549.99984741211,,,-9252.102,5.0,3441.0,
,,,,,,,,,,,,,,,,,,,,,,2018.0,,Somalia,somalia_surveys_province,,,,,,,,,,,,,,,,,,,,,,,,,,,,,,,,,,,,,,,,,,,,,,,,,,,,,,,,,,,,PNC1,volIM,Sanaag Region,3055.000008583069,,,4027.0,5.0,3442.0,
,,,,,,,,,,,,,,,,,,,,,,2019.0,,Somalia,somalia_surveys_province,,,,,,,,,,,,,,,,,,,,,,,,,,,,,,,,,,,,,,,,,,,,,,,,,,,,,,,,,,,,PNC1,volIM,Sanaag Region,4493.666660308838,,,4027.0,5.0,3442.0,
,,,,,,,,,,,,,,,,,,,,,,2020.0,,Somalia,somalia_surveys_province,,,,,,,,,,,,,,,,,,,,,,,,,,,,,,,,,,,,,,,,,,,,,,,,,,,,,,,,,,,,PNC1,volIM,Sanaag Region,4521.999999046326,,,4027.0,5.0,3442.0,
,,,,,,,,,,,,,,,,,,,,,,2021.0,,Somalia,somalia_surveys_province,,,,,,,,,,,,,,,,,,,,,,,,,,,,,,,,,,,,,,,,,,,,,,,,,,,,,,,,,,,,PNC1,volIM,Sanaag Region,5333.999998092651,,,4027.0,5.0,3442.0,
,,,,,,,,,,,,,,,,,,,,,,2022.0,,Somalia,somalia_surveys_province,,,,,,,,,,,,,,,,,,,,,,,,,,,,,,,,,,,,,,,,,,,,,,,,,,,,,,,,,,,,PNC1,volIM,Sanaag Region,9128.999983787537,,,4027.0,5.0,3442.0,
,,,,,,,,,,,,,,,,,,,,,,2023.0,,Somalia,somalia_surveys_province,,,,,,,,,,,,,,,,,,,,,,,,,,,,,,,,,,,,,,,,,,,,,,,,,,,,,,,,,,,,PNC1,volIM,Sanaag Region,7082.000003814697,,,4027.0,5.0,3442.0,
,,,,,,,,,,,,,,,,,,,,,,2018.0,,Somalia,somalia_surveys_province,,,,,,,,,,,,,,,,,,,,,,,,,,,,,,,,,,,,,,,,,,,,,,,,,,,,,,,,,,,,Penta 1,cov,Sanaag Region,55.602779388427734,anc1,,27.605762,5.0,3443.0,
,,,,,,,,,,,,,,,,,,,,,,2018.0,,Somalia,somalia_surveys_province,,,,,,,,,,,,,,,,,,,,,,,,,,,,,,,,,,,,,,,,,,,,,,,,,,,,,,,,,,,,Penta 1,volIM,Sanaag Region,4554.000001907349,anc1,,1658.0,5.0,3443.0,
,,,,,,,,,,,,,,,,,,,,,,2019.0,,Somalia,somalia_surveys_province,,,,,,,,,,,,,,,,,,,,,,,,,,,,,,,,,,,,,,,,,,,,,,,,,,,,,,,,,,,,Penta 1,cov,Sanaag Region,74.00240325927734,anc1,,27.605762,5.0,3443.0,
,,,,,,,,,,,,,,,,,,,,,,2019.0,,Somalia,somalia_surveys_province,,,,,,,,,,,,,,,,,,,,,,,,,,,,,,,,,,,,,,,,,,,,,,,,,,,,,,,,,,,,Penta 1,volIM,Sanaag Region,8317.999998092651,anc1,,1658.0,5.0,3443.0,
,,,,,,,,,,,,,,,,,,,,,,2020.0,,Somalia,somalia_surveys_province,,,,,,,,,,,,,,,,,,,,,,,,,,,,,,,,,,,,,,,,,,,,,,,,,,,,,,,,,,,,Penta 1,volIM,Sanaag Region,11274.999996185303,anc1,,1658.0,5.0,3443.0,
,,,,,,,,,,,,,,,,,,,,,,2020.0,,Somalia,somalia_surveys_province,,,,,,,,,,,,,,,,,,,,,,,,,,,,,,,,,,,,,,,,,,,,,,,,,,,,,,,,,,,,Penta 1,cov,Sanaag Region,96.1217269897461,anc1,,27.605762,5.0,3443.0,
,,,,,,,,,,,,,,,,,,,,,,2021.0,,Somalia,somalia_surveys_province,,,,,,,,,,,,,,,,,,,,,,,,,,,,,,,,,,,,,,,,,,,,,,,,,,,,,,,,,,,,Penta 1,cov,Sanaag Region,93.20225524902344,anc1,,27.605762,5.0,3443.0,
,,,,,,,,,,,,,,,,,,,,,,2021.0,,Somalia,somalia_surveys_province,,,,,,,,,,,,,,,,,,,,,,,,,,,,,,,,,,,,,,,,,,,,,,,,,,,,,,,,,,,,Penta 1,volIM,Sanaag Region,10533.000019073486,anc1,,1658.0,5.0,3443.0,
,,,,,,,,,,,,,,,,,,,,,,2022.0,,Somalia,somalia_surveys_province,,,,,,,,,,,,,,,,,,,,,,,,,,,,,,,,,,,,,,,,,,,,,,,,,,,,,,,,,,,,Penta 1,volIM,Sanaag Region,11327.700029373169,anc1,,1658.0,5.0,3443.0,
,,,,,,,,,,,,,,,,,,,,,,2022.0,,Somalia,somalia_surveys_province,,,,,,,,,,,,,,,,,,,,,,,,,,,,,,,,,,,,,,,,,,,,,,,,,,,,,,,,,,,,Penta 1,cov,Sanaag Region,107.21395874023438,anc1,,27.605762,5.0,3443.0,
,,,,,,,,,,,,,,,,,,,,,,2023.0,,Somalia,somalia_surveys_province,,,,,,,,,,,,,,,,,,,,,,,,,,,,,,,,,,,,,,,,,,,,,,,,,,,,,,,,,,,,Penta 1,cov,Sanaag Region,83.20854187011719,anc1,,27.605762,5.0,3443.0,
,,,,,,,,,,,,,,,,,,,,,,2023.0,,Somalia,somalia_surveys_province,,,,,,,,,,,,,,,,,,,,,,,,,,,,,,,,,,,,,,,,,,,,,,,,,,,,,,,,,,,,Penta 1,volIM,Sanaag Region,6212.000001907349,anc1,,1658.0,5.0,3443.0,
,,,,,,,,,,,,,,,,,,,,,,2018.0,,Somalia,somalia_surveys_province,,,,,,,,,,,,,,,,,,,,,,,,,,,,,,,,,,,,,,,,,,,,,,,,,,,,,,,,,,,,Penta 3,cov,Sanaag Region,53.063167572021484,anc1,,24.859783,5.0,3444.0,
,,,,,,,,,,,,,,,,,,,,,,2018.0,,Somalia,somalia_surveys_province,,,,,,,,,,,,,,,,,,,,,,,,,,,,,,,,,,,,,,,,,,,,,,,,,,,,,,,,,,,,Penta 3,volIM,Sanaag Region,4345.999984741211,anc1,,1471.3999,5.0,3444.0,
,,,,,,,,,,,,,,,,,,,,,,2019.0,,Somalia,somalia_surveys_province,,,,,,,,,,,,,,,,,,,,,,,,,,,,,,,,,,,,,,,,,,,,,,,,,,,,,,,,,,,,Penta 3,cov,Sanaag Region,74.00240325927734,anc1,,24.859783,5.0,3444.0,
,,,,,,,,,,,,,,,,,,,,,,2019.0,,Somalia,somalia_surveys_province,,,,,,,,,,,,,,,,,,,,,,,,,,,,,,,,,,,,,,,,,,,,,,,,,,,,,,,,,,,,Penta 3,volIM,Sanaag Region,8318.000009536743,anc1,,1471.3999,5.0,3444.0,
,,,,,,,,,,,,,,,,,,,,,,2020.0,,Somalia,somalia_surveys_province,,,,,,,,,,,,,,,,,,,,,,,,,,,,,,,,,,,,,,,,,,,,,,,,,,,,,,,,,,,,Penta 3,cov,Sanaag Region,90.52066802978516,anc1,,24.859783,5.0,3444.0,
,,,,,,,,,,,,,,,,,,,,,,2020.0,,Somalia,somalia_surveys_province,,,,,,,,,,,,,,,,,,,,,,,,,,,,,,,,,,,,,,,,,,,,,,,,,,,,,,,,,,,,Penta 3,volIM,Sanaag Region,10618.000011444092,anc1,,1471.3999,5.0,3444.0,
,,,,,,,,,,,,,,,,,,,,,,2021.0,,Somalia,somalia_surveys_province,,,,,,,,,,,,,,,,,,,,,,,,,,,,,,,,,,,,,,,,,,,,,,,,,,,,,,,,,,,,Penta 3,volIM,Sanaag Region,9674.666648864746,anc1,,1471.3999,5.0,3444.0,
,,,,,,,,,,,,,,,,,,,,,,2021.0,,Somalia,somalia_surveys_province,,,,,,,,,,,,,,,,,,,,,,,,,,,,,,,,,,,,,,,,,,,,,,,,,,,,,,,,,,,,Penta 3,cov,Sanaag Region,85.60720825195312,anc1,,24.859783,5.0,3444.0,
,,,,,,,,,,,,,,,,,,,,,,2022.0,,Somalia,somalia_surveys_province,,,,,,,,,,,,,,,,,,,,,,,,,,,,,,,,,,,,,,,,,,,,,,,,,,,,,,,,,,,,Penta 3,cov,Sanaag Region,102.99551391601562,anc1,,24.859783,5.0,3444.0,
,,,,,,,,,,,,,,,,,,,,,,2022.0,,Somalia,somalia_surveys_province,,,,,,,,,,,,,,,,,,,,,,,,,,,,,,,,,,,,,,,,,,,,,,,,,,,,,,,,,,,,Penta 3,volIM,Sanaag Region,10882.000040054321,anc1,,1471.3999,5.0,3444.0,
,,,,,,,,,,,,,,,,,,,,,,2023.0,,Somalia,somalia_surveys_province,,,,,,,,,,,,,,,,,,,,,,,,,,,,,,,,,,,,,,,,,,,,,,,,,,,,,,,,,,,,Penta 3,cov,Sanaag Region,77.9229507446289,anc1,,24.859783,5.0,3444.0,
,,,,,,,,,,,,,,,,,,,,,,2023.0,,Somalia,somalia_surveys_province,,,,,,,,,,,,,,,,,,,,,,,,,,,,,,,,,,,,,,,,,,,,,,,,,,,,,,,,,,,,Penta 3,volIM,Sanaag Region,5817.40002822876,anc1,,1471.3999,5.0,3444.0,
,,,,,,,,,,,,,,,,,,,,,,2018.0,,Somalia,somalia_surveys_province,,,,,,,,,,,,,,,,,,,,,,,,,,,,,,,,,,,,,,,,,,,,,,,,,,,,,,,,,,,,ANC1,cov,Sool Region,95.19525909423828,delivery,,18.805565,5.0,3445.0,
,,,,,,,,,,,,,,,,,,,,,,2018.0,,Somalia,somalia_surveys_province,,,,,,,,,,,,,,,,,,,,,,,,,,,,,,,,,,,,,,,,,,,,,,,,,,,,,,,,,,,,ANC1,volIM,Sool Region,3519.000009536743,delivery,,581.0,5.0,3445.0,
,,,,,,,,,,,,,,,,,,,,,,2019.0,,Somalia,somalia_surveys_province,,,,,,,,,,,,,,,,,,,,,,,,,,,,,,,,,,,,,,,,,,,,,,,,,,,,,,,,,,,,ANC1,volIM,Sool Region,5983.66667175293,delivery,,581.0,5.0,3445.0,
,,,,,,,,,,,,,,,,,,,,,,2019.0,,Somalia,somalia_surveys_province,,,,,,,,,,,,,,,,,,,,,,,,,,,,,,,,,,,,,,,,,,,,,,,,,,,,,,,,,,,,ANC1,cov,Sool Region,129.43324279785156,delivery,,18.805565,5.0,3445.0,
,,,,,,,,,,,,,,,,,,,,,,2020.0,,Somalia,somalia_surveys_province,,,,,,,,,,,,,,,,,,,,,,,,,,,,,,,,,,,,,,,,,,,,,,,,,,,,,,,,,,,,ANC1,volIM,Sool Region,7053.999996185303,delivery,,581.0,5.0,3445.0,
,,,,,,,,,,,,,,,,,,,,,,2020.0,,Somalia,somalia_surveys_province,,,,,,,,,,,,,,,,,,,,,,,,,,,,,,,,,,,,,,,,,,,,,,,,,,,,,,,,,,,,ANC1,cov,Sool Region,135.11045837402344,delivery,,18.805565,5.0,3445.0,
,,,,,,,,,,,,,,,,,,,,,,2021.0,,Somalia,somalia_surveys_province,,,,,,,,,,,,,,,,,,,,,,,,,,,,,,,,,,,,,,,,,,,,,,,,,,,,,,,,,,,,ANC1,cov,Sool Region,178.2093963623047,delivery,,18.805565,5.0,3445.0,
,,,,,,,,,,,,,,,,,,,,,,2021.0,,Somalia,somalia_surveys_province,,,,,,,,,,,,,,,,,,,,,,,,,,,,,,,,,,,,,,,,,,,,,,,,,,,,,,,,,,,,ANC1,volIM,Sool Region,6340.999980926514,delivery,,581.0,5.0,3445.0,
,,,,,,,,,,,,,,,,,,,,,,2022.0,,Somalia,somalia_surveys_province,,,,,,,,,,,,,,,,,,,,,,,,,,,,,,,,,,,,,,,,,,,,,,,,,,,,,,,,,,,,ANC1,cov,Sool Region,124.34635162353516,delivery,,18.805565,5.0,3445.0,
,,,,,,,,,,,,,,,,,,,,,,2022.0,,Somalia,somalia_surveys_province,,,,,,,,,,,,,,,,,,,,,,,,,,,,,,,,,,,,,,,,,,,,,,,,,,,,,,,,,,,,ANC1,volIM,Sool Region,4689.999996185303,delivery,,581.0,5.0,3445.0,
,,,,,,,,,,,,,,,,,,,,,,2023.0,,Somalia,somalia_surveys_province,,,,,,,,,,,,,,,,,,,,,,,,,,,,,,,,,,,,,,,,,,,,,,,,,,,,,,,,,,,,ANC1,volIM,Sool Region,4100.0000076293945,delivery,,581.0,5.0,3445.0,
,,,,,,,,,,,,,,,,,,,,,,2023.0,,Somalia,somalia_surveys_province,,,,,,,,,,,,,,,,,,,,,,,,,,,,,,,,,,,,,,,,,,,,,,,,,,,,,,,,,,,,ANC1,cov,Sool Region,114.00082397460938,delivery,,18.805565,5.0,3445.0,
,,,,,,,,,,,,,,,,,,,,,,2018.0,,Somalia,somalia_surveys_province,,,,,,,,,,,,,,,,,,,,,,,,,,,,,,,,,,,,,,,,,,,,,,,,,,,,,,,,,,,,ANC4,cov,Sool Region,30.622631072998047,delivery,,6.4971466,5.0,3446.0,
,,,,,,,,,,,,,,,,,,,,,,2018.0,,Somalia,somalia_surveys_province,,,,,,,,,,,,,,,,,,,,,,,,,,,,,,,,,,,,,,,,,,,,,,,,,,,,,,,,,,,,ANC4,volIM,Sool Region,1131.9999945163727,delivery,,203.0,5.0,3446.0,
,,,,,,,,,,,,,,,,,,,,,,2019.0,,Somalia,somalia_surveys_province,,,,,,,,,,,,,,,,,,,,,,,,,,,,,,,,,,,,,,,,,,,,,,,,,,,,,,,,,,,,ANC4,cov,Sool Region,37.83277893066406,delivery,,6.4971466,5.0,3446.0,
,,,,,,,,,,,,,,,,,,,,,,2019.0,,Somalia,somalia_surveys_province,,,,,,,,,,,,,,,,,,,,,,,,,,,,,,,,,,,,,,,,,,,,,,,,,,,,,,,,,,,,ANC4,volIM,Sool Region,1748.9999990463257,delivery,,203.0,5.0,3446.0,
,,,,,,,,,,,,,,,,,,,,,,2020.0,,Somalia,somalia_surveys_province,,,,,,,,,,,,,,,,,,,,,,,,,,,,,,,,,,,,,,,,,,,,,,,,,,,,,,,,,,,,ANC4,cov,Sool Region,39.91638946533203,delivery,,6.4971466,5.0,3446.0,
,,,,,,,,,,,,,,,,,,,,,,2020.0,,Somalia,somalia_surveys_province,,,,,,,,,,,,,,,,,,,,,,,,,,,,,,,,,,,,,,,,,,,,,,,,,,,,,,,,,,,,ANC4,volIM,Sool Region,2084.0000019073486,delivery,,203.0,5.0,3446.0,
,,,,,,,,,,,,,,,,,,,,,,2021.0,,Somalia,somalia_surveys_province,,,,,,,,,,,,,,,,,,,,,,,,,,,,,,,,,,,,,,,,,,,,,,,,,,,,,,,,,,,,ANC4,volIM,Sool Region,2321.0,delivery,,203.0,5.0,3446.0,
,,,,,,,,,,,,,,,,,,,,,,2021.0,,Somalia,somalia_surveys_province,,,,,,,,,,,,,,,,,,,,,,,,,,,,,,,,,,,,,,,,,,,,,,,,,,,,,,,,,,,,ANC4,cov,Sool Region,65.23008728027344,delivery,,6.4971466,5.0,3446.0,
,,,,,,,,,,,,,,,,,,,,,,2022.0,,Somalia,somalia_surveys_province,,,,,,,,,,,,,,,,,,,,,,,,,,,,,,,,,,,,,,,,,,,,,,,,,,,,,,,,,,,,ANC4,volIM,Sool Region,1647.9999990463257,delivery,,203.0,5.0,3446.0,
,,,,,,,,,,,,,,,,,,,,,,2022.0,,Somalia,somalia_surveys_province,,,,,,,,,,,,,,,,,,,,,,,,,,,,,,,,,,,,,,,,,,,,,,,,,,,,,,,,,,,,ANC4,cov,Sool Region,43.69355773925781,delivery,,6.4971466,5.0,3446.0,
,,,,,,,,,,,,,,,,,,,,,,2023.0,,Somalia,somalia_surveys_province,,,,,,,,,,,,,,,,,,,,,,,,,,,,,,,,,,,,,,,,,,,,,,,,,,,,,,,,,,,,ANC4,cov,Sool Region,37.11977767944336,delivery,,6.4971466,5.0,3446.0,
,,,,,,,,,,,,,,,,,,,,,,2023.0,,Somalia,somalia_surveys_province,,,,,,,,,,,,,,,,,,,,,,,,,,,,,,,,,,,,,,,,,,,,,,,,,,,,,,,,,,,,ANC4,volIM,Sool Region,1334.9999961853027,delivery,,203.0,5.0,3446.0,
,,,,,,,,,,,,,,,,,,,,,,2018.0,,Somalia,somalia_surveys_province,,,,,,,,,,,,,,,,,,,,,,,,,,,,,,,,,,,,,,,,,,,,,,,,,,,,,,,,,,,,BCG,cov,Sool Region,37.748809814453125,anc1,,119.54196,5.0,3447.0,
,,,,,,,,,,,,,,,,,,,,,,2018.0,,Somalia,somalia_surveys_province,,,,,,,,,,,,,,,,,,,,,,,,,,,,,,,,,,,,,,,,,,,,,,,,,,,,,,,,,,,,BCG,volIM,Sool Region,1830.9999923706055,anc1,,7058.0,5.0,3447.0,
,,,,,,,,,,,,,,,,,,,,,,2019.0,,Somalia,somalia_surveys_province,,,,,,,,,,,,,,,,,,,,,,,,,,,,,,,,,,,,,,,,,,,,,,,,,,,,,,,,,,,,BCG,cov,Sool Region,27.898662567138672,anc1,,119.54196,5.0,3447.0,
,,,,,,,,,,,,,,,,,,,,,,2019.0,,Somalia,somalia_surveys_province,,,,,,,,,,,,,,,,,,,,,,,,,,,,,,,,,,,,,,,,,,,,,,,,,,,,,,,,,,,,BCG,volIM,Sool Region,2301.0,anc1,,7058.0,5.0,3447.0,
,,,,,,,,,,,,,,,,,,,,,,2020.0,,Somalia,somalia_surveys_province,,,,,,,,,,,,,,,,,,,,,,,,,,,,,,,,,,,,,,,,,,,,,,,,,,,,,,,,,,,,BCG,cov,Sool Region,23.758045196533203,anc1,,119.54196,5.0,3447.0,
,,,,,,,,,,,,,,,,,,,,,,2020.0,,Somalia,somalia_surveys_province,,,,,,,,,,,,,,,,,,,,,,,,,,,,,,,,,,,,,,,,,,,,,,,,,,,,,,,,,,,,BCG,volIM,Sool Region,2309.999994277954,anc1,,7058.0,5.0,3447.0,
,,,,,,,,,,,,,,,,,,,,,,2021.0,,Somalia,somalia_surveys_province,,,,,,,,,,,,,,,,,,,,,,,,,,,,,,,,,,,,,,,,,,,,,,,,,,,,,,,,,,,,BCG,cov,Sool Region,39.59843444824219,anc1,,119.54196,5.0,3447.0,
,,,,,,,,,,,,,,,,,,,,,,2021.0,,Somalia,somalia_surveys_province,,,,,,,,,,,,,,,,,,,,,,,,,,,,,,,,,,,,,,,,,,,,,,,,,,,,,,,,,,,,BCG,volIM,Sool Region,3460.999997138977,anc1,,7058.0,5.0,3447.0,
,,,,,,,,,,,,,,,,,,,,,,2022.0,,Somalia,somalia_surveys_province,,,,,,,,,,,,,,,,,,,,,,,,,,,,,,,,,,,,,,,,,,,,,,,,,,,,,,,,,,,,BCG,cov,Sool Region,129.24322509765625,anc1,,119.54196,5.0,3447.0,
,,,,,,,,,,,,,,,,,,,,,,2022.0,,Somalia,somalia_surveys_province,,,,,,,,,,,,,,,,,,,,,,,,,,,,,,,,,,,,,,,,,,,,,,,,,,,,,,,,,,,,BCG,volIM,Sool Region,8355.0,anc1,,7058.0,5.0,3447.0,
,,,,,,,,,,,,,,,,,,,,,,2023.0,,Somalia,somalia_surveys_province,,,,,,,,,,,,,,,,,,,,,,,,,,,,,,,,,,,,,,,,,,,,,,,,,,,,,,,,,,,,BCG,cov,Sool Region,157.290771484375,anc1,,119.54196,5.0,3447.0,
,,,,,,,,,,,,,,,,,,,,,,2023.0,,Somalia,somalia_surveys_province,,,,,,,,,,,,,,,,,,,,,,,,,,,,,,,,,,,,,,,,,,,,,,,,,,,,,,,,,,,,BCG,volIM,Sool Region,8889.000007629395,anc1,,7058.0,5.0,3447.0,
,,,,,,,,,,,,,,,,,,,,,,2018.0,,Somalia,somalia_surveys_province,,,,,,,,,,,,,,,,,,,,,,,,,,,,,,,,,,,,,,,,,,,,,,,,,,,,,,,,,,,,Institutional Delivery,cov,Sool Region,51.747413635253906,anc1,,-8.536247,5.0,3448.0,
,,,,,,,,,,,,,,,,,,,,,,2018.0,,Somalia,somalia_surveys_province,,,,,,,,,,,,,,,,,,,,,,,,,,,,,,,,,,,,,,,,,,,,,,,,,,,,,,,,,,,,Institutional Delivery,volIM,Sool Region,2510.0000019073486,anc1,,-68.0,5.0,3448.0,
,,,,,,,,,,,,,,,,,,,,,,2019.0,,Somalia,somalia_surveys_province,,,,,,,,,,,,,,,,,,,,,,,,,,,,,,,,,,,,,,,,,,,,,,,,,,,,,,,,,,,,Institutional Delivery,volIM,Sool Region,3138.9999961853027,anc1,,-68.0,5.0,3448.0,
,,,,,,,,,,,,,,,,,,,,,,2019.0,,Somalia,somalia_surveys_province,,,,,,,,,,,,,,,,,,,,,,,,,,,,,,,,,,,,,,,,,,,,,,,,,,,,,,,,,,,,Institutional Delivery,cov,Sool Region,38.05906295776367,anc1,,-8.536247,5.0,3448.0,
,,,,,,,,,,,,,,,,,,,,,,2020.0,,Somalia,somalia_surveys_province,,,,,,,,,,,,,,,,,,,,,,,,,,,,,,,,,,,,,,,,,,,,,,,,,,,,,,,,,,,,Institutional Delivery,volIM,Sool Region,3544.9999961853027,anc1,,-68.0,5.0,3448.0,
,,,,,,,,,,,,,,,,,,,,,,2020.0,,Somalia,somalia_surveys_province,,,,,,,,,,,,,,,,,,,,,,,,,,,,,,,,,,,,,,,,,,,,,,,,,,,,,,,,,,,,Institutional Delivery,cov,Sool Region,36.45985794067383,anc1,,-8.536247,5.0,3448.0,
,,,,,,,,,,,,,,,,,,,,,,2021.0,,Somalia,somalia_surveys_province,,,,,,,,,,,,,,,,,,,,,,,,,,,,,,,,,,,,,,,,,,,,,,,,,,,,,,,,,,,,Institutional Delivery,volIM,Sool Region,2416.0,anc1,,-68.0,5.0,3448.0,
,,,,,,,,,,,,,,,,,,,,,,2021.0,,Somalia,somalia_surveys_province,,,,,,,,,,,,,,,,,,,,,,,,,,,,,,,,,,,,,,,,,,,,,,,,,,,,,,,,,,,,Institutional Delivery,cov,Sool Region,27.642248153686523,anc1,,-8.536247,5.0,3448.0,
,,,,,,,,,,,,,,,,,,,,,,2022.0,,Somalia,somalia_surveys_province,,,,,,,,,,,,,,,,,,,,,,,,,,,,,,,,,,,,,,,,,,,,,,,,,,,,,,,,,,,,Institutional Delivery,cov,Sool Region,39.61602783203125,anc1,,-8.536247,5.0,3448.0,
,,,,,,,,,,,,,,,,,,,,,,2022.0,,Somalia,somalia_surveys_province,,,,,,,,,,,,,,,,,,,,,,,,,,,,,,,,,,,,,,,,,,,,,,,,,,,,,,,,,,,,Institutional Delivery,volIM,Sool Region,2561.0,anc1,,-68.0,5.0,3448.0,
,,,,,,,,,,,,,,,,,,,,,,2023.0,,Somalia,somalia_surveys_province,,,,,,,,,,,,,,,,,,,,,,,,,,,,,,,,,,,,,,,,,,,,,,,,,,,,,,,,,,,,Institutional Delivery,cov,Sool Region,43.21116638183594,anc1,,-8.536247,5.0,3448.0,
,,,,,,,,,,,,,,,,,,,,,,2023.0,,Somalia,somalia_surveys_province,,,,,,,,,,,,,,,,,,,,,,,,,,,,,,,,,,,,,,,,,,,,,,,,,,,,,,,,,,,,Institutional Delivery,volIM,Sool Region,2441.9999923706055,anc1,,-68.0,5.0,3448.0,
,,,,,,,,,,,,,,,,,,,,,,2018.0,,Somalia,somalia_surveys_province,,,,,,,,,,,,,,,,,,,,,,,,,,,,,,,,,,,,,,,,,,,,,,,,,,,,,,,,,,,,OPD,volIM,Sool Region,69434.99987792969,,,-23613.0,5.0,3449.0,
,,,,,,,,,,,,,,,,,,,,,,2019.0,,Somalia,somalia_surveys_province,,,,,,,,,,,,,,,,,,,,,,,,,,,,,,,,,,,,,,,,,,,,,,,,,,,,,,,,,,,,OPD,volIM,Sool Region,99086.00021362305,,,-23613.0,5.0,3449.0,
,,,,,,,,,,,,,,,,,,,,,,2020.0,,Somalia,somalia_surveys_province,,,,,,,,,,,,,,,,,,,,,,,,,,,,,,,,,,,,,,,,,,,,,,,,,,,,,,,,,,,,OPD,volIM,Sool Region,118941.6664428711,,,-23613.0,5.0,3449.0,
,,,,,,,,,,,,,,,,,,,,,,2021.0,,Somalia,somalia_surveys_province,,,,,,,,,,,,,,,,,,,,,,,,,,,,,,,,,,,,,,,,,,,,,,,,,,,,,,,,,,,,OPD,volIM,Sool Region,84400.0,,,-23613.0,5.0,3449.0,
,,,,,,,,,,,,,,,,,,,,,,2022.0,,Somalia,somalia_surveys_province,,,,,,,,,,,,,,,,,,,,,,,,,,,,,,,,,,,,,,,,,,,,,,,,,,,,,,,,,,,,OPD,volIM,Sool Region,53469.99996948242,,,-23613.0,5.0,3449.0,
,,,,,,,,,,,,,,,,,,,,,,2023.0,,Somalia,somalia_surveys_province,,,,,,,,,,,,,,,,,,,,,,,,,,,,,,,,,,,,,,,,,,,,,,,,,,,,,,,,,,,,OPD,volIM,Sool Region,45821.99996948242,,,-23613.0,5.0,3449.0,
,,,,,,,,,,,,,,,,,,,,,,2018.0,,Somalia,somalia_surveys_province,,,,,,,,,,,,,,,,,,,,,,,,,,,,,,,,,,,,,,,,,,,,,,,,,,,,,,,,,,,,PNC1,volIM,Sool Region,2010.0000009536743,,,3057.0,5.0,3450.0,
,,,,,,,,,,,,,,,,,,,,,,2019.0,,Somalia,somalia_surveys_province,,,,,,,,,,,,,,,,,,,,,,,,,,,,,,,,,,,,,,,,,,,,,,,,,,,,,,,,,,,,PNC1,volIM,Sool Region,3892.500005722046,,,3057.0,5.0,3450.0,
,,,,,,,,,,,,,,,,,,,,,,2020.0,,Somalia,somalia_surveys_province,,,,,,,,,,,,,,,,,,,,,,,,,,,,,,,,,,,,,,,,,,,,,,,,,,,,,,,,,,,,PNC1,volIM,Sool Region,4150.000000953674,,,3057.0,5.0,3450.0,
,,,,,,,,,,,,,,,,,,,,,,2021.0,,Somalia,somalia_surveys_province,,,,,,,,,,,,,,,,,,,,,,,,,,,,,,,,,,,,,,,,,,,,,,,,,,,,,,,,,,,,PNC1,volIM,Sool Region,4110.0,,,3057.0,5.0,3450.0,
,,,,,,,,,,,,,,,,,,,,,,2022.0,,Somalia,somalia_surveys_province,,,,,,,,,,,,,,,,,,,,,,,,,,,,,,,,,,,,,,,,,,,,,,,,,,,,,,,,,,,,PNC1,volIM,Sool Region,6658.0,,,3057.0,5.0,3450.0,
,,,,,,,,,,,,,,,,,,,,,,2023.0,,Somalia,somalia_surveys_province,,,,,,,,,,,,,,,,,,,,,,,,,,,,,,,,,,,,,,,,,,,,,,,,,,,,,,,,,,,,PNC1,volIM,Sool Region,5067.0000076293945,,,3057.0,5.0,3450.0,
,,,,,,,,,,,,,,,,,,,,,,2018.0,,Somalia,somalia_surveys_province,,,,,,,,,,,,,,,,,,,,,,,,,,,,,,,,,,,,,,,,,,,,,,,,,,,,,,,,,,,,Penta 1,volIM,Sool Region,3417.9999980926514,anc1,,5767.417,5.0,3451.0,
,,,,,,,,,,,,,,,,,,,,,,2018.0,,Somalia,somalia_surveys_province,,,,,,,,,,,,,,,,,,,,,,,,,,,,,,,,,,,,,,,,,,,,,,,,,,,,,,,,,,,,Penta 1,cov,Sool Region,73.18327331542969,anc1,,95.61734,5.0,3451.0,
,,,,,,,,,,,,,,,,,,,,,,2019.0,,Somalia,somalia_surveys_province,,,,,,,,,,,,,,,,,,,,,,,,,,,,,,,,,,,,,,,,,,,,,,,,,,,,,,,,,,,,Penta 1,cov,Sool Region,57.6457633972168,anc1,,95.61734,5.0,3451.0,
,,,,,,,,,,,,,,,,,,,,,,2019.0,,Somalia,somalia_surveys_province,,,,,,,,,,,,,,,,,,,,,,,,,,,,,,,,,,,,,,,,,,,,,,,,,,,,,,,,,,,,Penta 1,volIM,Sool Region,4577.999996185303,anc1,,5767.417,5.0,3451.0,
,,,,,,,,,,,,,,,,,,,,,,2020.0,,Somalia,somalia_surveys_province,,,,,,,,,,,,,,,,,,,,,,,,,,,,,,,,,,,,,,,,,,,,,,,,,,,,,,,,,,,,Penta 1,volIM,Sool Region,5718.9999923706055,anc1,,5767.417,5.0,3451.0,
,,,,,,,,,,,,,,,,,,,,,,2020.0,,Somalia,somalia_surveys_province,,,,,,,,,,,,,,,,,,,,,,,,,,,,,,,,,,,,,,,,,,,,,,,,,,,,,,,,,,,,Penta 1,cov,Sool Region,61.08627700805664,anc1,,95.61734,5.0,3451.0,
,,,,,,,,,,,,,,,,,,,,,,2021.0,,Somalia,somalia_surveys_province,,,,,,,,,,,,,,,,,,,,,,,,,,,,,,,,,,,,,,,,,,,,,,,,,,,,,,,,,,,,Penta 1,cov,Sool Region,115.34564971923828,anc1,,95.61734,5.0,3451.0,
,,,,,,,,,,,,,,,,,,,,,,2021.0,,Somalia,somalia_surveys_province,,,,,,,,,,,,,,,,,,,,,,,,,,,,,,,,,,,,,,,,,,,,,,,,,,,,,,,,,,,,Penta 1,volIM,Sool Region,9707.333339691162,anc1,,5767.417,5.0,3451.0,
,,,,,,,,,,,,,,,,,,,,,,2022.0,,Somalia,somalia_surveys_province,,,,,,,,,,,,,,,,,,,,,,,,,,,,,,,,,,,,,,,,,,,,,,,,,,,,,,,,,,,,Penta 1,volIM,Sool Region,13519.0,anc1,,5767.417,5.0,3451.0,
,,,,,,,,,,,,,,,,,,,,,,2022.0,,Somalia,somalia_surveys_province,,,,,,,,,,,,,,,,,,,,,,,,,,,,,,,,,,,,,,,,,,,,,,,,,,,,,,,,,,,,Penta 1,cov,Sool Region,217.18545532226562,anc1,,95.61734,5.0,3451.0,
,,,,,,,,,,,,,,,,,,,,,,2023.0,,Somalia,somalia_surveys_province,,,,,,,,,,,,,,,,,,,,,,,,,,,,,,,,,,,,,,,,,,,,,,,,,,,,,,,,,,,,Penta 1,volIM,Sool Region,9185.416664123535,anc1,,5767.417,5.0,3451.0,
,,,,,,,,,,,,,,,,,,,,,,2023.0,,Somalia,somalia_surveys_province,,,,,,,,,,,,,,,,,,,,,,,,,,,,,,,,,,,,,,,,,,,,,,,,,,,,,,,,,,,,Penta 1,cov,Sool Region,168.8006134033203,anc1,,95.61734,5.0,3451.0,
,,,,,,,,,,,,,,,,,,,,,,2018.0,,Somalia,somalia_surveys_province,,,,,,,,,,,,,,,,,,,,,,,,,,,,,,,,,,,,,,,,,,,,,,,,,,,,,,,,,,,,Penta 3,volIM,Sool Region,2984.0000019073486,anc1,,6421.333,5.0,3452.0,
,,,,,,,,,,,,,,,,,,,,,,2018.0,,Somalia,somalia_surveys_province,,,,,,,,,,,,,,,,,,,,,,,,,,,,,,,,,,,,,,,,,,,,,,,,,,,,,,,,,,,,Penta 3,cov,Sool Region,63.89083480834961,anc1,,108.95119,5.0,3452.0,
,,,,,,,,,,,,,,,,,,,,,,2019.0,,Somalia,somalia_surveys_province,,,,,,,,,,,,,,,,,,,,,,,,,,,,,,,,,,,,,,,,,,,,,,,,,,,,,,,,,,,,Penta 3,cov,Sool Region,48.11368942260742,anc1,,108.95119,5.0,3452.0,
,,,,,,,,,,,,,,,,,,,,,,2019.0,,Somalia,somalia_surveys_province,,,,,,,,,,,,,,,,,,,,,,,,,,,,,,,,,,,,,,,,,,,,,,,,,,,,,,,,,,,,Penta 3,volIM,Sool Region,3820.9999980926514,anc1,,6421.333,5.0,3452.0,
,,,,,,,,,,,,,,,,,,,,,,2020.0,,Somalia,somalia_surveys_province,,,,,,,,,,,,,,,,,,,,,,,,,,,,,,,,,,,,,,,,,,,,,,,,,,,,,,,,,,,,Penta 3,volIM,Sool Region,4099.000001907349,anc1,,6421.333,5.0,3452.0,
,,,,,,,,,,,,,,,,,,,,,,2020.0,,Somalia,somalia_surveys_province,,,,,,,,,,,,,,,,,,,,,,,,,,,,,,,,,,,,,,,,,,,,,,,,,,,,,,,,,,,,Penta 3,cov,Sool Region,43.7825927734375,anc1,,108.95119,5.0,3452.0,
,,,,,,,,,,,,,,,,,,,,,,2021.0,,Somalia,somalia_surveys_province,,,,,,,,,,,,,,,,,,,,,,,,,,,,,,,,,,,,,,,,,,,,,,,,,,,,,,,,,,,,Penta 3,volIM,Sool Region,9237.000038146973,anc1,,6421.333,5.0,3452.0,
,,,,,,,,,,,,,,,,,,,,,,2021.0,,Somalia,somalia_surveys_province,,,,,,,,,,,,,,,,,,,,,,,,,,,,,,,,,,,,,,,,,,,,,,,,,,,,,,,,,,,,Penta 3,cov,Sool Region,109.75699615478516,anc1,,108.95119,5.0,3452.0,
,,,,,,,,,,,,,,,,,,,,,,2022.0,,Somalia,somalia_surveys_province,,,,,,,,,,,,,,,,,,,,,,,,,,,,,,,,,,,,,,,,,,,,,,,,,,,,,,,,,,,,Penta 3,cov,Sool Region,217.71560668945312,anc1,,108.95119,5.0,3452.0,
,,,,,,,,,,,,,,,,,,,,,,2022.0,,Somalia,somalia_surveys_province,,,,,,,,,,,,,,,,,,,,,,,,,,,,,,,,,,,,,,,,,,,,,,,,,,,,,,,,,,,,Penta 3,volIM,Sool Region,13552.0,anc1,,6421.333,5.0,3452.0,
,,,,,,,,,,,,,,,,,,,,,,2023.0,,Somalia,somalia_surveys_province,,,,,,,,,,,,,,,,,,,,,,,,,,,,,,,,,,,,,,,,,,,,,,,,,,,,,,,,,,,,Penta 3,volIM,Sool Region,9405.33334350586,anc1,,6421.333,5.0,3452.0,
,,,,,,,,,,,,,,,,,,,,,,2023.0,,Somalia,somalia_surveys_province,,,,,,,,,,,,,,,,,,,,,,,,,,,,,,,,,,,,,,,,,,,,,,,,,,,,,,,,,,,,Penta 3,cov,Sool Region,172.84202575683594,anc1,,108.95119,5.0,3452.0,
,,,,,,,,,,,,,,,,,,,,,,2000.0,,Somalia,somalia_surveys,,,,,,,,,,,,,,,,,,,,,,,,,,,,,,,,,,,,,,,,,,,,,,,,,,,,,,,,,,,,ANC1,avgsurvey,,32.29999923706055,wpp,Multiple Indicator Cluster Survey 2000,-1.1999989,19.0,993.0,Directorate of National Statistics
,,,,,,,,,,,,,,,,,,,,,,2006.0,,Somalia,somalia_surveys,,,,,,,,,,,,,,,,,,,,,,,,,,,,,,,,,,,,,,,,,,,,,,,,,,,,,,,,,,,,ANC1,avgsurvey,,26.100000381469727,wpp,Multiple Indicator Cluster Survey 2006,-1.1999989,19.0,993.0,Directorate of National Statistics
,,,,,,,,,,,,,,,,,,,,,,2019.0,,Somalia,somalia_surveys,,,,,,,,,,,,,,,,,,,,,,,,,,,,,,,,,,,,,,,,,,,,,,,,,,,,,,,,,,,,ANC1,avgsurvey,,31.100000381469727,wpp,Directorate of National Statistics; Federal Government of Somalia. The Somali Health and Demographic Survey 2020.,-1.1999989,19.0,993.0,Directorate of National Statistics
,,,,,,,,,,,,,,,,,,,,,,2019.0,,Somalia,somalia_surveys,,,,,,,,,,,,,,,,,,,,,,,,,,,,,,,,,,,,,,,,,,,,,,,,,,,,,,,,,,,,ANC1,avgsurveyprojection,,31.100000381469727,wpp,Directorate of National Statistics; Federal Government of Somalia. The Somali Health and Demographic Survey 2020.,12.117552,4.0,993.0,Directorate of National Statistics
,,,,,,,,,,,,,,,,,,,,,,2020.0,,Somalia,somalia_surveys,,,,,,,,,,,,,,,,,,,,,,,,,,,,,,,,,,,,,,,,,,,,,,,,,,,,,,,,,,,,ANC1,avgsurveyprojection,,31.53740119934082,wpp,,12.117552,4.0,993.0,Directorate of National Statistics
,,,,,,,,,,,,,,,,,,,,,,2021.0,,Somalia,somalia_surveys,,,,,,,,,,,,,,,,,,,,,,,,,,,,,,,,,,,,,,,,,,,,,,,,,,,,,,,,,,,,ANC1,avgsurveyprojection,,30.61405372619629,wpp,,12.117552,4.0,993.0,Directorate of National Statistics
,,,,,,,,,,,,,,,,,,,,,,2022.0,,Somalia,somalia_surveys,,,,,,,,,,,,,,,,,,,,,,,,,,,,,,,,,,,,,,,,,,,,,,,,,,,,,,,,,,,,ANC1,avgsurveyprojection,,30.685678482055664,wpp,,12.117552,4.0,993.0,Directorate of National Statistics
,,,,,,,,,,,,,,,,,,,,,,2023.0,,Somalia,somalia_surveys,,,,,,,,,,,,,,,,,,,,,,,,,,,,,,,,,,,,,,,,,,,,,,,,,,,,,,,,,,,,ANC1,avgsurveyprojection,,43.217552185058594,wpp,,12.117552,4.0,993.0,Directorate of National Statistics
,,,,,,,,,,,,,,,,,,,,,,2018.0,,Somalia,somalia_surveys,,,,,,,,,,,,,,,,,,,,,,,,,,,,,,,,,,,,,,,,,,,,,,,,,,,,,,,,,,,,ANC1,cov,,80.2580795288086,wpp,,11.182114,5.0,993.0,Directorate of National Statistics
,,,,,,,,,,,,,,,,,,,,,,2019.0,,Somalia,somalia_surveys,,,,,,,,,,,,,,,,,,,,,,,,,,,,,,,,,,,,,,,,,,,,,,,,,,,,,,,,,,,,ANC1,cov,,79.32263946533203,wpp,Directorate of National Statistics; Federal Government of Somalia. The Somali Health and Demographic Survey 2020.,11.182114,5.0,993.0,Directorate of National Statistics
,,,,,,,,,,,,,,,,,,,,,,2020.0,,Somalia,somalia_surveys,,,,,,,,,,,,,,,,,,,,,,,,,,,,,,,,,,,,,,,,,,,,,,,,,,,,,,,,,,,,ANC1,cov,,79.76004028320312,wpp,,11.182114,5.0,993.0,Directorate of National Statistics
,,,,,,,,,,,,,,,,,,,,,,2021.0,,Somalia,somalia_surveys,,,,,,,,,,,,,,,,,,,,,,,,,,,,,,,,,,,,,,,,,,,,,,,,,,,,,,,,,,,,ANC1,cov,,78.8366928100586,wpp,,11.182114,5.0,993.0,Directorate of National Statistics
,,,,,,,,,,,,,,,,,,,,,,2022.0,,Somalia,somalia_surveys,,,,,,,,,,,,,,,,,,,,,,,,,,,,,,,,,,,,,,,,,,,,,,,,,,,,,,,,,,,,ANC1,cov,,78.90831756591797,wpp,,11.182114,5.0,993.0,Directorate of National Statistics
,,,,,,,,,,,,,,,,,,,,,,2023.0,,Somalia,somalia_surveys,,,,,,,,,,,,,,,,,,,,,,,,,,,,,,,,,,,,,,,,,,,,,,,,,,,,,,,,,,,,ANC1,cov,,91.44019317626953,wpp,,11.182114,5.0,993.0,Directorate of National Statistics
,,,,,,,,,,,,,,,,,,,,,,2018.0,,Somalia,somalia_surveys,,,,,,,,,,,,,,,,,,,,,,,,,,,,,,,,,,,,,,,,,,,,,,,,,,,,,,,,,,,,ANC1,volIM,,548266.2140021324,wpp,,-141621.69,5.0,993.0,Directorate of National Statistics
,,,,,,,,,,,,,,,,,,,,,,2019.0,,Somalia,somalia_surveys,,,,,,,,,,,,,,,,,,,,,,,,,,,,,,,,,,,,,,,,,,,,,,,,,,,,,,,,,,,,ANC1,volIM,,556579.731798172,wpp,Directorate of National Statistics; Federal Government of Somalia. The Somali Health and Demographic Survey 2020.,-141621.69,5.0,993.0,Directorate of National Statistics
,,,,,,,,,,,,,,,,,,,,,,2020.0,,Somalia,somalia_surveys,,,,,,,,,,,,,,,,,,,,,,,,,,,,,,,,,,,,,,,,,,,,,,,,,,,,,,,,,,,,ANC1,volIM,,571871.2254142761,wpp,,-141621.69,5.0,993.0,Directorate of National Statistics
,,,,,,,,,,,,,,,,,,,,,,2021.0,,Somalia,somalia_surveys,,,,,,,,,,,,,,,,,,,,,,,,,,,,,,,,,,,,,,,,,,,,,,,,,,,,,,,,,,,,ANC1,volIM,,577405.9255714417,wpp,,-141621.69,5.0,993.0,Directorate of National Statistics
,,,,,,,,,,,,,,,,,,,,,,2022.0,,Somalia,somalia_surveys,,,,,,,,,,,,,,,,,,,,,,,,,,,,,,,,,,,,,,,,,,,,,,,,,,,,,,,,,,,,ANC1,volIM,,589446.1927528381,wpp,,-141621.69,5.0,993.0,Directorate of National Statistics
,,,,,,,,,,,,,,,,,,,,,,2023.0,,Somalia,somalia_surveys,,,,,,,,,,,,,,,,,,,,,,,,,,,,,,,,,,,,,,,,,,,,,,,,,,,,,,,,,,,,ANC1,volIM,,406644.4988117218,wpp,,-141621.69,5.0,993.0,Directorate of National Statistics
,,,,,,,,,,,,,,,,,,,,,,2006.0,,Somalia,somalia_surveys,,,,,,,,,,,,,,,,,,,,,,,,,,,,,,,,,,,,,,,,,,,,,,,,,,,,,,,,,,,,ANC4,avgsurvey,,6.300000190734863,wpp,Multiple Indicator Cluster Survey 2006,18.099998,13.0,994.0,Directorate of National Statistics
,,,,,,,,,,,,,,,,,,,,,,2019.0,,Somalia,somalia_surveys,,,,,,,,,,,,,,,,,,,,,,,,,,,,,,,,,,,,,,,,,,,,,,,,,,,,,,,,,,,,ANC4,avgsurvey,,24.399999618530273,wpp,Directorate of National Statistics; Federal Government of Somalia. The Somali Health and Demographic Survey 2020.,18.099998,13.0,994.0,Directorate of National Statistics
,,,,,,,,,,,,,,,,,,,,,,2019.0,,Somalia,somalia_surveys,,,,,,,,,,,,,,,,,,,,,,,,,,,,,,,,,,,,,,,,,,,,,,,,,,,,,,,,,,,,ANC4,avgsurveyprojection,,24.399999618530273,wpp,Directorate of National Statistics; Federal Government of Somalia. The Somali Health and Demographic Survey 2020.,8.393087,4.0,994.0,Directorate of National Statistics
,,,,,,,,,,,,,,,,,,,,,,2020.0,,Somalia,somalia_surveys,,,,,,,,,,,,,,,,,,,,,,,,,,,,,,,,,,,,,,,,,,,,,,,,,,,,,,,,,,,,ANC4,avgsurveyprojection,,26.992454528808594,wpp,,8.393087,4.0,994.0,Directorate of National Statistics
,,,,,,,,,,,,,,,,,,,,,,2021.0,,Somalia,somalia_surveys,,,,,,,,,,,,,,,,,,,,,,,,,,,,,,,,,,,,,,,,,,,,,,,,,,,,,,,,,,,,ANC4,avgsurveyprojection,,29.491270065307617,wpp,,8.393087,4.0,994.0,Directorate of National Statistics
,,,,,,,,,,,,,,,,,,,,,,2022.0,,Somalia,somalia_surveys,,,,,,,,,,,,,,,,,,,,,,,,,,,,,,,,,,,,,,,,,,,,,,,,,,,,,,,,,,,,ANC4,avgsurveyprojection,,30.1645450592041,wpp,,8.393087,4.0,994.0,Directorate of National Statistics
,,,,,,,,,,,,,,,,,,,,,,2023.0,,Somalia,somalia_surveys,,,,,,,,,,,,,,,,,,,,,,,,,,,,,,,,,,,,,,,,,,,,,,,,,,,,,,,,,,,,ANC4,avgsurveyprojection,,32.793087005615234,wpp,,8.393087,4.0,994.0,Directorate of National Statistics
,,,,,,,,,,,,,,,,,,,,,,2018.0,,Somalia,somalia_surveys,,,,,,,,,,,,,,,,,,,,,,,,,,,,,,,,,,,,,,,,,,,,,,,,,,,,,,,,,,,,ANC4,cov,,17.745805740356445,wpp,,10.186285,5.0,994.0,Directorate of National Statistics
,,,,,,,,,,,,,,,,,,,,,,2019.0,,Somalia,somalia_surveys,,,,,,,,,,,,,,,,,,,,,,,,,,,,,,,,,,,,,,,,,,,,,,,,,,,,,,,,,,,,ANC4,cov,,19.539003372192383,wpp,Directorate of National Statistics; Federal Government of Somalia. The Somali Health and Demographic Survey 2020.,10.186285,5.0,994.0,Directorate of National Statistics
,,,,,,,,,,,,,,,,,,,,,,2020.0,,Somalia,somalia_surveys,,,,,,,,,,,,,,,,,,,,,,,,,,,,,,,,,,,,,,,,,,,,,,,,,,,,,,,,,,,,ANC4,cov,,22.131458282470703,wpp,,10.186285,5.0,994.0,Directorate of National Statistics
,,,,,,,,,,,,,,,,,,,,,,2021.0,,Somalia,somalia_surveys,,,,,,,,,,,,,,,,,,,,,,,,,,,,,,,,,,,,,,,,,,,,,,,,,,,,,,,,,,,,ANC4,cov,,24.630273818969727,wpp,,10.186285,5.0,994.0,Directorate of National Statistics
,,,,,,,,,,,,,,,,,,,,,,2022.0,,Somalia,somalia_surveys,,,,,,,,,,,,,,,,,,,,,,,,,,,,,,,,,,,,,,,,,,,,,,,,,,,,,,,,,,,,ANC4,cov,,25.30354881286621,wpp,,10.186285,5.0,994.0,Directorate of National Statistics
,,,,,,,,,,,,,,,,,,,,,,2023.0,,Somalia,somalia_surveys,,,,,,,,,,,,,,,,,,,,,,,,,,,,,,,,,,,,,,,,,,,,,,,,,,,,,,,,,,,,ANC4,cov,,27.932090759277344,wpp,,10.186285,5.0,994.0,Directorate of National Statistics
,,,,,,,,,,,,,,,,,,,,,,2018.0,,Somalia,somalia_surveys,,,,,,,,,,,,,,,,,,,,,,,,,,,,,,,,,,,,,,,,,,,,,,,,,,,,,,,,,,,,ANC4,volIM,,121226.75110960007,wpp,,2990.3047,5.0,994.0,Directorate of National Statistics
,,,,,,,,,,,,,,,,,,,,,,2019.0,,Somalia,somalia_surveys,,,,,,,,,,,,,,,,,,,,,,,,,,,,,,,,,,,,,,,,,,,,,,,,,,,,,,,,,,,,ANC4,volIM,,137098.47790074348,wpp,Directorate of National Statistics; Federal Government of Somalia. The Somali Health and Demographic Survey 2020.,2990.3047,5.0,994.0,Directorate of National Statistics
,,,,,,,,,,,,,,,,,,,,,,2020.0,,Somalia,somalia_surveys,,,,,,,,,,,,,,,,,,,,,,,,,,,,,,,,,,,,,,,,,,,,,,,,,,,,,,,,,,,,ANC4,volIM,,158680.25995135307,wpp,,2990.3047,5.0,994.0,Directorate of National Statistics
,,,,,,,,,,,,,,,,,,,,,,2021.0,,Somalia,somalia_surveys,,,,,,,,,,,,,,,,,,,,,,,,,,,,,,,,,,,,,,,,,,,,,,,,,,,,,,,,,,,,ANC4,volIM,,180394.002972126,wpp,,2990.3047,5.0,994.0,Directorate of National Statistics
,,,,,,,,,,,,,,,,,,,,,,2022.0,,Somalia,somalia_surveys,,,,,,,,,,,,,,,,,,,,,,,,,,,,,,,,,,,,,,,,,,,,,,,,,,,,,,,,,,,,ANC4,volIM,,189017.861287117,wpp,,2990.3047,5.0,994.0,Directorate of National Statistics
,,,,,,,,,,,,,,,,,,,,,,2023.0,,Somalia,somalia_surveys,,,,,,,,,,,,,,,,,,,,,,,,,,,,,,,,,,,,,,,,,,,,,,,,,,,,,,,,,,,,ANC4,volIM,,124217.05672240257,wpp,,2990.3047,5.0,994.0,Directorate of National Statistics
,,,,,,,,,,,,,,,,,,,,,,2000.0,,Somalia,somalia_surveys,,,,,,,,,,,,,,,,,,,,,,,,,,,,,,,,,,,,,,,,,,,,,,,,,,,,,,,,,,,,BCG,avgsurvey,,69.0,wpp,WUENIC,-32.0,21.0,995.0,WUENIC
,,,,,,,,,,,,,,,,,,,,,,2001.0,,Somalia,somalia_surveys,,,,,,,,,,,,,,,,,,,,,,,,,,,,,,,,,,,,,,,,,,,,,,,,,,,,,,,,,,,,BCG,avgsurvey,,70.0,wpp,WUENIC,-32.0,21.0,995.0,WUENIC
,,,,,,,,,,,,,,,,,,,,,,2002.0,,Somalia,somalia_surveys,,,,,,,,,,,,,,,,,,,,,,,,,,,,,,,,,,,,,,,,,,,,,,,,,,,,,,,,,,,,BCG,avgsurvey,,60.0,wpp,WUENIC,-32.0,21.0,995.0,WUENIC
,,,,,,,,,,,,,,,,,,,,,,2003.0,,Somalia,somalia_surveys,,,,,,,,,,,,,,,,,,,,,,,,,,,,,,,,,,,,,,,,,,,,,,,,,,,,,,,,,,,,BCG,avgsurvey,,65.0,wpp,WUENIC,-32.0,21.0,995.0,WUENIC
,,,,,,,,,,,,,,,,,,,,,,2004.0,,Somalia,somalia_surveys,,,,,,,,,,,,,,,,,,,,,,,,,,,,,,,,,,,,,,,,,,,,,,,,,,,,,,,,,,,,BCG,avgsurvey,,50.0,wpp,WUENIC,-32.0,21.0,995.0,WUENIC
,,,,,,,,,,,,,,,,,,,,,,2005.0,,Somalia,somalia_surveys,,,,,,,,,,,,,,,,,,,,,,,,,,,,,,,,,,,,,,,,,,,,,,,,,,,,,,,,,,,,BCG,avgsurvey,,50.0,wpp,WUENIC,-32.0,21.0,995.0,WUENIC
,,,,,,,,,,,,,,,,,,,,,,2006.0,,Somalia,somalia_surveys,,,,,,,,,,,,,,,,,,,,,,,,,,,,,,,,,,,,,,,,,,,,,,,,,,,,,,,,,,,,BCG,avgsurvey,,40.0,wpp,WUENIC,-32.0,21.0,995.0,WUENIC
,,,,,,,,,,,,,,,,,,,,,,2007.0,,Somalia,somalia_surveys,,,,,,,,,,,,,,,,,,,,,,,,,,,,,,,,,,,,,,,,,,,,,,,,,,,,,,,,,,,,BCG,avgsurvey,,38.0,wpp,WUENIC,-32.0,21.0,995.0,WUENIC
,,,,,,,,,,,,,,,,,,,,,,2008.0,,Somalia,somalia_surveys,,,,,,,,,,,,,,,,,,,,,,,,,,,,,,,,,,,,,,,,,,,,,,,,,,,,,,,,,,,,BCG,avgsurvey,,36.0,wpp,WUENIC,-32.0,21.0,995.0,WUENIC
,,,,,,,,,,,,,,,,,,,,,,2009.0,,Somalia,somalia_surveys,,,,,,,,,,,,,,,,,,,,,,,,,,,,,,,,,,,,,,,,,,,,,,,,,,,,,,,,,,,,BCG,avgsurvey,,29.0,wpp,WUENIC,-32.0,21.0,995.0,WUENIC
,,,,,,,,,,,,,,,,,,,,,,2010.0,,Somalia,somalia_surveys,,,,,,,,,,,,,,,,,,,,,,,,,,,,,,,,,,,,,,,,,,,,,,,,,,,,,,,,,,,,BCG,avgsurvey,,41.0,wpp,WUENIC,-32.0,21.0,995.0,WUENIC
,,,,,,,,,,,,,,,,,,,,,,2011.0,,Somalia,somalia_surveys,,,,,,,,,,,,,,,,,,,,,,,,,,,,,,,,,,,,,,,,,,,,,,,,,,,,,,,,,,,,BCG,avgsurvey,,39.0,wpp,WUENIC,-32.0,21.0,995.0,WUENIC
,,,,,,,,,,,,,,,,,,,,,,2012.0,,Somalia,somalia_surveys,,,,,,,,,,,,,,,,,,,,,,,,,,,,,,,,,,,,,,,,,,,,,,,,,,,,,,,,,,,,BCG,avgsurvey,,37.0,wpp,WUENIC,-32.0,21.0,995.0,WUENIC
,,,,,,,,,,,,,,,,,,,,,,2013.0,,Somalia,somalia_surveys,,,,,,,,,,,,,,,,,,,,,,,,,,,,,,,,,,,,,,,,,,,,,,,,,,,,,,,,,,,,BCG,avgsurvey,,37.0,wpp,WUENIC,-32.0,21.0,995.0,WUENIC
,,,,,,,,,,,,,,,,,,,,,,2014.0,,Somalia,somalia_surveys,,,,,,,,,,,,,,,,,,,,,,,,,,,,,,,,,,,,,,,,,,,,,,,,,,,,,,,,,,,,BCG,avgsurvey,,37.0,wpp,WUENIC,-32.0,21.0,995.0,WUENIC
,,,,,,,,,,,,,,,,,,,,,,2015.0,,Somalia,somalia_surveys,,,,,,,,,,,,,,,,,,,,,,,,,,,,,,,,,,,,,,,,,,,,,,,,,,,,,,,,,,,,BCG,avgsurvey,,37.0,wpp,WUENIC,-32.0,21.0,995.0,WUENIC
,,,,,,,,,,,,,,,,,,,,,,2016.0,,Somalia,somalia_surveys,,,,,,,,,,,,,,,,,,,,,,,,,,,,,,,,,,,,,,,,,,,,,,,,,,,,,,,,,,,,BCG,avgsurvey,,37.0,wpp,WUENIC,-32.0,21.0,995.0,WUENIC
,,,,,,,,,,,,,,,,,,,,,,2017.0,,Somalia,somalia_surveys,,,,,,,,,,,,,,,,,,,,,,,,,,,,,,,,,,,,,,,,,,,,,,,,,,,,,,,,,,,,BCG,avgsurvey,,37.0,wpp,WUENIC,-32.0,21.0,995.0,WUENIC
,,,,,,,,,,,,,,,,,,,,,,2018.0,,Somalia,somalia_surveys,,,,,,,,,,,,,,,,,,,,,,,,,,,,,,,,,,,,,,,,,,,,,,,,,,,,,,,,,,,,BCG,avgsurvey,,37.0,wpp,WUENIC,-32.0,21.0,995.0,WUENIC
,,,,,,,,,,,,,,,,,,,,,,2019.0,,Somalia,somalia_surveys,,,,,,,,,,,,,,,,,,,,,,,,,,,,,,,,,,,,,,,,,,,,,,,,,,,,,,,,,,,,BCG,avgsurvey,,37.0,wpp,WUENIC,-32.0,21.0,995.0,WUENIC
,,,,,,,,,,,,,,,,,,,,,,2020.0,,Somalia,somalia_surveys,,,,,,,,,,,,,,,,,,,,,,,,,,,,,,,,,,,,,,,,,,,,,,,,,,,,,,,,,,,,BCG,avgsurvey,,37.0,wpp,WUENIC,-32.0,21.0,995.0,WUENIC
,,,,,,,,,,,,,,,,,,,,,,2021.0,,Somalia,somalia_surveys,,,,,,,,,,,,,,,,,,,,,,,,,,,,,,,,,,,,,,,,,,,,,,,,,,,,,,,,,,,,BCG,avgsurvey,,37.0,wpp,WUENIC,-32.0,21.0,995.0,WUENIC
,,,,,,,,,,,,,,,,,,,,,,2021.0,,Somalia,somalia_surveys,,,,,,,,,,,,,,,,,,,,,,,,,,,,,,,,,,,,,,,,,,,,,,,,,,,,,,,,,,,,BCG,avgsurveyprojection,,37.0,wpp,WUENIC,11.309555,2.0,995.0,WUENIC
,,,,,,,,,,,,,,,,,,,,,,2022.0,,Somalia,somalia_surveys,,,,,,,,,,,,,,,,,,,,,,,,,,,,,,,,,,,,,,,,,,,,,,,,,,,,,,,,,,,,BCG,avgsurveyprojection,,45.08643341064453,wpp,,11.309555,2.0,995.0,WUENIC
,,,,,,,,,,,,,,,,,,,,,,2023.0,,Somalia,somalia_surveys,,,,,,,,,,,,,,,,,,,,,,,,,,,,,,,,,,,,,,,,,,,,,,,,,,,,,,,,,,,,BCG,avgsurveyprojection,,48.30955505371094,wpp,,11.309555,2.0,995.0,WUENIC
,,,,,,,,,,,,,,,,,,,,,,2018.0,,Somalia,somalia_surveys,,,,,,,,,,,,,,,,,,,,,,,,,,,,,,,,,,,,,,,,,,,,,,,,,,,,,,,,,,,,BCG,cov,,45.62137222290039,wpp,WUENIC,19.104923,5.0,995.0,WUENIC
,,,,,,,,,,,,,,,,,,,,,,2019.0,,Somalia,somalia_surveys,,,,,,,,,,,,,,,,,,,,,,,,,,,,,,,,,,,,,,,,,,,,,,,,,,,,,,,,,,,,BCG,cov,,50.119956970214844,wpp,WUENIC,19.104923,5.0,995.0,WUENIC
,,,,,,,,,,,,,,,,,,,,,,2020.0,,Somalia,somalia_surveys,,,,,,,,,,,,,,,,,,,,,,,,,,,,,,,,,,,,,,,,,,,,,,,,,,,,,,,,,,,,BCG,cov,,49.99803924560547,wpp,WUENIC,19.104923,5.0,995.0,WUENIC
,,,,,,,,,,,,,,,,,,,,,,2021.0,,Somalia,somalia_surveys,,,,,,,,,,,,,,,,,,,,,,,,,,,,,,,,,,,,,,,,,,,,,,,,,,,,,,,,,,,,BCG,cov,,53.41674041748047,wpp,WUENIC,19.104923,5.0,995.0,WUENIC
,,,,,,,,,,,,,,,,,,,,,,2022.0,,Somalia,somalia_surveys,,,,,,,,,,,,,,,,,,,,,,,,,,,,,,,,,,,,,,,,,,,,,,,,,,,,,,,,,,,,BCG,cov,,61.503173828125,wpp,,19.104923,5.0,995.0,WUENIC
,,,,,,,,,,,,,,,,,,,,,,2023.0,,Somalia,somalia_surveys,,,,,,,,,,,,,,,,,,,,,,,,,,,,,,,,,,,,,,,,,,,,,,,,,,,,,,,,,,,,BCG,cov,,64.7262954711914,wpp,,19.104923,5.0,995.0,WUENIC
,,,,,,,,,,,,,,,,,,,,,,2018.0,,Somalia,somalia_surveys,,,,,,,,,,,,,,,,,,,,,,,,,,,,,,,,,,,,,,,,,,,,,,,,,,,,,,,,,,,,BCG,volIM,,315985.94686603546,wpp,WUENIC,-23509.969,5.0,995.0,WUENIC
,,,,,,,,,,,,,,,,,,,,,,2019.0,,Somalia,somalia_surveys,,,,,,,,,,,,,,,,,,,,,,,,,,,,,,,,,,,,,,,,,,,,,,,,,,,,,,,,,,,,BCG,volIM,,356499.7497882843,wpp,WUENIC,-23509.969,5.0,995.0,WUENIC
,,,,,,,,,,,,,,,,,,,,,,2020.0,,Somalia,somalia_surveys,,,,,,,,,,,,,,,,,,,,,,,,,,,,,,,,,,,,,,,,,,,,,,,,,,,,,,,,,,,,BCG,volIM,,364060.23599910736,wpp,WUENIC,-23509.969,5.0,995.0,WUENIC
,,,,,,,,,,,,,,,,,,,,,,2021.0,,Somalia,somalia_surveys,,,,,,,,,,,,,,,,,,,,,,,,,,,,,,,,,,,,,,,,,,,,,,,,,,,,,,,,,,,,BCG,volIM,,397384.2367620468,wpp,WUENIC,-23509.969,5.0,995.0,WUENIC
,,,,,,,,,,,,,,,,,,,,,,2022.0,,Somalia,somalia_surveys,,,,,,,,,,,,,,,,,,,,,,,,,,,,,,,,,,,,,,,,,,,,,,,,,,,,,,,,,,,,BCG,volIM,,466836.15044021606,wpp,,-23509.969,5.0,995.0,WUENIC
,,,,,,,,,,,,,,,,,,,,,,2023.0,,Somalia,somalia_surveys,,,,,,,,,,,,,,,,,,,,,,,,,,,,,,,,,,,,,,,,,,,,,,,,,,,,,,,,,,,,BCG,volIM,,292475.95794963837,wpp,,-23509.969,5.0,995.0,WUENIC
,,,,,,,,,,,,,,,,,,,,,,2002.0,,Somalia,somalia_surveys,,,,,,,,,,,,,,,,,,,,,,,,,,,,,,,,,,,,,,,,,,,,,,,,,,,,,,,,,,,,Institutional Delivery,avgsurvey,,8.800000190734863,wpp,Other NS 2002,11.900001,17.0,996.0,Directorate of National Statistics
,,,,,,,,,,,,,,,,,,,,,,2006.0,,Somalia,somalia_surveys,,,,,,,,,,,,,,,,,,,,,,,,,,,,,,,,,,,,,,,,,,,,,,,,,,,,,,,,,,,,Institutional Delivery,avgsurvey,,9.399999618530273,wpp,Multiple Indicator Cluster Survey 2006,11.900001,17.0,996.0,Directorate of National Statistics
,,,,,,,,,,,,,,,,,,,,,,2019.0,,Somalia,somalia_surveys,,,,,,,,,,,,,,,,,,,,,,,,,,,,,,,,,,,,,,,,,,,,,,,,,,,,,,,,,,,,Institutional Delivery,avgsurvey,,20.700000762939453,wpp,Directorate of National Statistics; Federal Government of Somalia. The Somali Health and Demographic Survey 2020.,11.900001,17.0,996.0,Directorate of National Statistics
,,,,,,,,,,,,,,,,,,,,,,2019.0,,Somalia,somalia_surveys,,,,,,,,,,,,,,,,,,,,,,,,,,,,,,,,,,,,,,,,,,,,,,,,,,,,,,,,,,,,Institutional Delivery,avgsurveyprojection,,20.700000762939453,wpp,Directorate of National Statistics; Federal Government of Somalia. The Somali Health and Demographic Survey 2020.,9.51586,4.0,996.0,Directorate of National Statistics
,,,,,,,,,,,,,,,,,,,,,,2020.0,,Somalia,somalia_surveys,,,,,,,,,,,,,,,,,,,,,,,,,,,,,,,,,,,,,,,,,,,,,,,,,,,,,,,,,,,,Institutional Delivery,avgsurveyprojection,,22.452232360839844,wpp,,9.51586,4.0,996.0,Directorate of National Statistics
,,,,,,,,,,,,,,,,,,,,,,2021.0,,Somalia,somalia_surveys,,,,,,,,,,,,,,,,,,,,,,,,,,,,,,,,,,,,,,,,,,,,,,,,,,,,,,,,,,,,Institutional Delivery,avgsurveyprojection,,23.28277587890625,wpp,,9.51586,4.0,996.0,Directorate of National Statistics
,,,,,,,,,,,,,,,,,,,,,,2022.0,,Somalia,somalia_surveys,,,,,,,,,,,,,,,,,,,,,,,,,,,,,,,,,,,,,,,,,,,,,,,,,,,,,,,,,,,,Institutional Delivery,avgsurveyprojection,,26.485559463500977,wpp,,9.51586,4.0,996.0,Directorate of National Statistics
,,,,,,,,,,,,,,,,,,,,,,2023.0,,Somalia,somalia_surveys,,,,,,,,,,,,,,,,,,,,,,,,,,,,,,,,,,,,,,,,,,,,,,,,,,,,,,,,,,,,Institutional Delivery,avgsurveyprojection,,30.21586036682129,wpp,,9.51586,4.0,996.0,Directorate of National Statistics
,,,,,,,,,,,,,,,,,,,,,,2018.0,,Somalia,somalia_surveys,,,,,,,,,,,,,,,,,,,,,,,,,,,,,,,,,,,,,,,,,,,,,,,,,,,,,,,,,,,,Institutional Delivery,cov,,24.145645141601562,wpp,,9.950649,5.0,996.0,Directorate of National Statistics
,,,,,,,,,,,,,,,,,,,,,,2019.0,,Somalia,somalia_surveys,,,,,,,,,,,,,,,,,,,,,,,,,,,,,,,,,,,,,,,,,,,,,,,,,,,,,,,,,,,,Institutional Delivery,cov,,24.580434799194336,wpp,Directorate of National Statistics; Federal Government of Somalia. The Somali Health and Demographic Survey 2020.,9.950649,5.0,996.0,Directorate of National Statistics
,,,,,,,,,,,,,,,,,,,,,,2020.0,,Somalia,somalia_surveys,,,,,,,,,,,,,,,,,,,,,,,,,,,,,,,,,,,,,,,,,,,,,,,,,,,,,,,,,,,,Institutional Delivery,cov,,26.332666397094727,wpp,,9.950649,5.0,996.0,Directorate of National Statistics
,,,,,,,,,,,,,,,,,,,,,,2021.0,,Somalia,somalia_surveys,,,,,,,,,,,,,,,,,,,,,,,,,,,,,,,,,,,,,,,,,,,,,,,,,,,,,,,,,,,,Institutional Delivery,cov,,27.163209915161133,wpp,,9.950649,5.0,996.0,Directorate of National Statistics
,,,,,,,,,,,,,,,,,,,,,,2022.0,,Somalia,somalia_surveys,,,,,,,,,,,,,,,,,,,,,,,,,,,,,,,,,,,,,,,,,,,,,,,,,,,,,,,,,,,,Institutional Delivery,cov,,30.36599349975586,wpp,,9.950649,5.0,996.0,Directorate of National Statistics
,,,,,,,,,,,,,,,,,,,,,,2023.0,,Somalia,somalia_surveys,,,,,,,,,,,,,,,,,,,,,,,,,,,,,,,,,,,,,,,,,,,,,,,,,,,,,,,,,,,,Institutional Delivery,cov,,34.09629440307617,wpp,,9.950649,5.0,996.0,Directorate of National Statistics
,,,,,,,,,,,,,,,,,,,,,,2018.0,,Somalia,somalia_surveys,,,,,,,,,,,,,,,,,,,,,,,,,,,,,,,,,,,,,,,,,,,,,,,,,,,,,,,,,,,,Institutional Delivery,volIM,,167239.26029753685,wpp,,-13169.797,5.0,996.0,Directorate of National Statistics
,,,,,,,,,,,,,,,,,,,,,,2019.0,,Somalia,somalia_surveys,,,,,,,,,,,,,,,,,,,,,,,,,,,,,,,,,,,,,,,,,,,,,,,,,,,,,,,,,,,,Institutional Delivery,volIM,,174838.9143395424,wpp,Directorate of National Statistics; Federal Government of Somalia. The Somali Health and Demographic Survey 2020.,-13169.797,5.0,996.0,Directorate of National Statistics
,,,,,,,,,,,,,,,,,,,,,,2020.0,,Somalia,somalia_surveys,,,,,,,,,,,,,,,,,,,,,,,,,,,,,,,,,,,,,,,,,,,,,,,,,,,,,,,,,,,,Institutional Delivery,volIM,,191741.04998350143,wpp,,-13169.797,5.0,996.0,Directorate of National Statistics
,,,,,,,,,,,,,,,,,,,,,,2021.0,,Somalia,somalia_surveys,,,,,,,,,,,,,,,,,,,,,,,,,,,,,,,,,,,,,,,,,,,,,,,,,,,,,,,,,,,,Institutional Delivery,volIM,,202075.81372642517,wpp,,-13169.797,5.0,996.0,Directorate of National Statistics
,,,,,,,,,,,,,,,,,,,,,,2022.0,,Somalia,somalia_surveys,,,,,,,,,,,,,,,,,,,,,,,,,,,,,,,,,,,,,,,,,,,,,,,,,,,,,,,,,,,,Institutional Delivery,volIM,,230491.24971818924,wpp,,-13169.797,5.0,996.0,Directorate of National Statistics
,,,,,,,,,,,,,,,,,,,,,,2023.0,,Somalia,somalia_surveys,,,,,,,,,,,,,,,,,,,,,,,,,,,,,,,,,,,,,,,,,,,,,,,,,,,,,,,,,,,,Institutional Delivery,volIM,,154069.47203493118,wpp,,-13169.797,5.0,996.0,Directorate of National Statistics
,,,,,,,,,,,,,,,,,,,,,,2018.0,,Somalia,somalia_surveys,,,,,,,,,,,,,,,,,,,,,,,,,,,,,,,,,,,,,,,,,,,,,,,,,,,,,,,,,,,,OPD,volIM,,5271770.295677185,,,-1.579294e+06,5.0,997.0,
,,,,,,,,,,,,,,,,,,,,,,2019.0,,Somalia,somalia_surveys,,,,,,,,,,,,,,,,,,,,,,,,,,,,,,,,,,,,,,,,,,,,,,,,,,,,,,,,,,,,OPD,volIM,,5532197.029022217,,,-1.579294e+06,5.0,997.0,
,,,,,,,,,,,,,,,,,,,,,,2020.0,,Somalia,somalia_surveys,,,,,,,,,,,,,,,,,,,,,,,,,,,,,,,,,,,,,,,,,,,,,,,,,,,,,,,,,,,,OPD,volIM,,5800904.154083252,,,-1.579294e+06,5.0,997.0,
,,,,,,,,,,,,,,,,,,,,,,2021.0,,Somalia,somalia_surveys,,,,,,,,,,,,,,,,,,,,,,,,,,,,,,,,,,,,,,,,,,,,,,,,,,,,,,,,,,,,OPD,volIM,,5759899.169372559,,,-1.579294e+06,5.0,997.0,
,,,,,,,,,,,,,,,,,,,,,,2022.0,,Somalia,somalia_surveys,,,,,,,,,,,,,,,,,,,,,,,,,,,,,,,,,,,,,,,,,,,,,,,,,,,,,,,,,,,,OPD,volIM,,5822146.766281128,,,-1.579294e+06,5.0,997.0,
,,,,,,,,,,,,,,,,,,,,,,2023.0,,Somalia,somalia_surveys,,,,,,,,,,,,,,,,,,,,,,,,,,,,,,,,,,,,,,,,,,,,,,,,,,,,,,,,,,,,OPD,volIM,,3692476.388908386,,,-1.579294e+06,5.0,997.0,
,,,,,,,,,,,,,,,,,,,,,,2018.0,,Somalia,somalia_surveys,,,,,,,,,,,,,,,,,,,,,,,,,,,,,,,,,,,,,,,,,,,,,,,,,,,,,,,,,,,,PNC1,volIM,,199473.51857435703,,,37674.906,5.0,998.0,
,,,,,,,,,,,,,,,,,,,,,,2019.0,,Somalia,somalia_surveys,,,,,,,,,,,,,,,,,,,,,,,,,,,,,,,,,,,,,,,,,,,,,,,,,,,,,,,,,,,,PNC1,volIM,,193058.64024543762,,,37674.906,5.0,998.0,
,,,,,,,,,,,,,,,,,,,,,,2020.0,,Somalia,somalia_surveys,,,,,,,,,,,,,,,,,,,,,,,,,,,,,,,,,,,,,,,,,,,,,,,,,,,,,,,,,,,,PNC1,volIM,,225216.78346800804,,,37674.906,5.0,998.0,
,,,,,,,,,,,,,,,,,,,,,,2021.0,,Somalia,somalia_surveys,,,,,,,,,,,,,,,,,,,,,,,,,,,,,,,,,,,,,,,,,,,,,,,,,,,,,,,,,,,,PNC1,volIM,,235356.34265184402,,,37674.906,5.0,998.0,
,,,,,,,,,,,,,,,,,,,,,,2022.0,,Somalia,somalia_surveys,,,,,,,,,,,,,,,,,,,,,,,,,,,,,,,,,,,,,,,,,,,,,,,,,,,,,,,,,,,,PNC1,volIM,,331276.2691925764,,,37674.906,5.0,998.0,
,,,,,,,,,,,,,,,,,,,,,,2023.0,,Somalia,somalia_surveys,,,,,,,,,,,,,,,,,,,,,,,,,,,,,,,,,,,,,,,,,,,,,,,,,,,,,,,,,,,,PNC1,volIM,,237148.4150314331,,,37674.906,5.0,998.0,
,,,,,,,,,,,,,,,,,,,,,,2000.0,,Somalia,somalia_surveys,,,,,,,,,,,,,,,,,,,,,,,,,,,,,,,,,,,,,,,,,,,,,,,,,,,,,,,,,,,,Penta 1,avgsurvey,,57.0,wpp,WUENIC,-5.0,21.0,999.0,WUENIC
,,,,,,,,,,,,,,,,,,,,,,2001.0,,Somalia,somalia_surveys,,,,,,,,,,,,,,,,,,,,,,,,,,,,,,,,,,,,,,,,,,,,,,,,,,,,,,,,,,,,Penta 1,avgsurvey,,57.0,wpp,WUENIC,-5.0,21.0,999.0,WUENIC
,,,,,,,,,,,,,,,,,,,,,,2002.0,,Somalia,somalia_surveys,,,,,,,,,,,,,,,,,,,,,,,,,,,,,,,,,,,,,,,,,,,,,,,,,,,,,,,,,,,,Penta 1,avgsurvey,,60.0,wpp,WUENIC,-5.0,21.0,999.0,WUENIC
,,,,,,,,,,,,,,,,,,,,,,2003.0,,Somalia,somalia_surveys,,,,,,,,,,,,,,,,,,,,,,,,,,,,,,,,,,,,,,,,,,,,,,,,,,,,,,,,,,,,Penta 1,avgsurvey,,65.0,wpp,WUENIC,-5.0,21.0,999.0,WUENIC
,,,,,,,,,,,,,,,,,,,,,,2004.0,,Somalia,somalia_surveys,,,,,,,,,,,,,,,,,,,,,,,,,,,,,,,,,,,,,,,,,,,,,,,,,,,,,,,,,,,,Penta 1,avgsurvey,,50.0,wpp,WUENIC,-5.0,21.0,999.0,WUENIC
,,,,,,,,,,,,,,,,,,,,,,2005.0,,Somalia,somalia_surveys,,,,,,,,,,,,,,,,,,,,,,,,,,,,,,,,,,,,,,,,,,,,,,,,,,,,,,,,,,,,Penta 1,avgsurvey,,50.0,wpp,WUENIC,-5.0,21.0,999.0,WUENIC
,,,,,,,,,,,,,,,,,,,,,,2006.0,,Somalia,somalia_surveys,,,,,,,,,,,,,,,,,,,,,,,,,,,,,,,,,,,,,,,,,,,,,,,,,,,,,,,,,,,,Penta 1,avgsurvey,,40.0,wpp,WUENIC,-5.0,21.0,999.0,WUENIC
,,,,,,,,,,,,,,,,,,,,,,2007.0,,Somalia,somalia_surveys,,,,,,,,,,,,,,,,,,,,,,,,,,,,,,,,,,,,,,,,,,,,,,,,,,,,,,,,,,,,Penta 1,avgsurvey,,59.0,wpp,WUENIC,-5.0,21.0,999.0,WUENIC
,,,,,,,,,,,,,,,,,,,,,,2008.0,,Somalia,somalia_surveys,,,,,,,,,,,,,,,,,,,,,,,,,,,,,,,,,,,,,,,,,,,,,,,,,,,,,,,,,,,,Penta 1,avgsurvey,,40.0,wpp,WUENIC,-5.0,21.0,999.0,WUENIC
,,,,,,,,,,,,,,,,,,,,,,2009.0,,Somalia,somalia_surveys,,,,,,,,,,,,,,,,,,,,,,,,,,,,,,,,,,,,,,,,,,,,,,,,,,,,,,,,,,,,Penta 1,avgsurvey,,52.0,wpp,WUENIC,-5.0,21.0,999.0,WUENIC
,,,,,,,,,,,,,,,,,,,,,,2010.0,,Somalia,somalia_surveys,,,,,,,,,,,,,,,,,,,,,,,,,,,,,,,,,,,,,,,,,,,,,,,,,,,,,,,,,,,,Penta 1,avgsurvey,,55.0,wpp,WUENIC,-5.0,21.0,999.0,WUENIC
,,,,,,,,,,,,,,,,,,,,,,2011.0,,Somalia,somalia_surveys,,,,,,,,,,,,,,,,,,,,,,,,,,,,,,,,,,,,,,,,,,,,,,,,,,,,,,,,,,,,Penta 1,avgsurvey,,52.0,wpp,WUENIC,-5.0,21.0,999.0,WUENIC
,,,,,,,,,,,,,,,,,,,,,,2012.0,,Somalia,somalia_surveys,,,,,,,,,,,,,,,,,,,,,,,,,,,,,,,,,,,,,,,,,,,,,,,,,,,,,,,,,,,,Penta 1,avgsurvey,,52.0,wpp,WUENIC,-5.0,21.0,999.0,WUENIC
,,,,,,,,,,,,,,,,,,,,,,2013.0,,Somalia,somalia_surveys,,,,,,,,,,,,,,,,,,,,,,,,,,,,,,,,,,,,,,,,,,,,,,,,,,,,,,,,,,,,Penta 1,avgsurvey,,52.0,wpp,WUENIC,-5.0,21.0,999.0,WUENIC
,,,,,,,,,,,,,,,,,,,,,,2014.0,,Somalia,somalia_surveys,,,,,,,,,,,,,,,,,,,,,,,,,,,,,,,,,,,,,,,,,,,,,,,,,,,,,,,,,,,,Penta 1,avgsurvey,,52.0,wpp,WUENIC,-5.0,21.0,999.0,WUENIC
,,,,,,,,,,,,,,,,,,,,,,2015.0,,Somalia,somalia_surveys,,,,,,,,,,,,,,,,,,,,,,,,,,,,,,,,,,,,,,,,,,,,,,,,,,,,,,,,,,,,Penta 1,avgsurvey,,52.0,wpp,WUENIC,-5.0,21.0,999.0,WUENIC
,,,,,,,,,,,,,,,,,,,,,,2016.0,,Somalia,somalia_surveys,,,,,,,,,,,,,,,,,,,,,,,,,,,,,,,,,,,,,,,,,,,,,,,,,,,,,,,,,,,,Penta 1,avgsurvey,,52.0,wpp,WUENIC,-5.0,21.0,999.0,WUENIC
,,,,,,,,,,,,,,,,,,,,,,2017.0,,Somalia,somalia_surveys,,,,,,,,,,,,,,,,,,,,,,,,,,,,,,,,,,,,,,,,,,,,,,,,,,,,,,,,,,,,Penta 1,avgsurvey,,52.0,wpp,WUENIC,-5.0,21.0,999.0,WUENIC
,,,,,,,,,,,,,,,,,,,,,,2018.0,,Somalia,somalia_surveys,,,,,,,,,,,,,,,,,,,,,,,,,,,,,,,,,,,,,,,,,,,,,,,,,,,,,,,,,,,,Penta 1,avgsurvey,,52.0,wpp,WUENIC,-5.0,21.0,999.0,WUENIC
,,,,,,,,,,,,,,,,,,,,,,2019.0,,Somalia,somalia_surveys,,,,,,,,,,,,,,,,,,,,,,,,,,,,,,,,,,,,,,,,,,,,,,,,,,,,,,,,,,,,Penta 1,avgsurvey,,52.0,wpp,WUENIC,-5.0,21.0,999.0,WUENIC
,,,,,,,,,,,,,,,,,,,,,,2020.0,,Somalia,somalia_surveys,,,,,,,,,,,,,,,,,,,,,,,,,,,,,,,,,,,,,,,,,,,,,,,,,,,,,,,,,,,,Penta 1,avgsurvey,,52.0,wpp,WUENIC,-5.0,21.0,999.0,WUENIC
,,,,,,,,,,,,,,,,,,,,,,2021.0,,Somalia,somalia_surveys,,,,,,,,,,,,,,,,,,,,,,,,,,,,,,,,,,,,,,,,,,,,,,,,,,,,,,,,,,,,Penta 1,avgsurvey,,52.0,wpp,WUENIC,-5.0,21.0,999.0,WUENIC
,,,,,,,,,,,,,,,,,,,,,,2021.0,,Somalia,somalia_surveys,,,,,,,,,,,,,,,,,,,,,,,,,,,,,,,,,,,,,,,,,,,,,,,,,,,,,,,,,,,,Penta 1,avgsurveyprojection,,52.0,wpp,WUENIC,12.881966,2.0,999.0,WUENIC
,,,,,,,,,,,,,,,,,,,,,,2022.0,,Somalia,somalia_surveys,,,,,,,,,,,,,,,,,,,,,,,,,,,,,,,,,,,,,,,,,,,,,,,,,,,,,,,,,,,,Penta 1,avgsurveyprojection,,60.69849395751953,wpp,,12.881966,2.0,999.0,WUENIC
,,,,,,,,,,,,,,,,,,,,,,2023.0,,Somalia,somalia_surveys,,,,,,,,,,,,,,,,,,,,,,,,,,,,,,,,,,,,,,,,,,,,,,,,,,,,,,,,,,,,Penta 1,avgsurveyprojection,,64.88196563720703,wpp,,12.881966,2.0,999.0,WUENIC
,,,,,,,,,,,,,,,,,,,,,,2018.0,,Somalia,somalia_surveys,,,,,,,,,,,,,,,,,,,,,,,,,,,,,,,,,,,,,,,,,,,,,,,,,,,,,,,,,,,,Penta 1,cov,,56.1899528503418,wpp,WUENIC,16.9761,5.0,999.0,WUENIC
,,,,,,,,,,,,,,,,,,,,,,2019.0,,Somalia,somalia_surveys,,,,,,,,,,,,,,,,,,,,,,,,,,,,,,,,,,,,,,,,,,,,,,,,,,,,,,,,,,,,Penta 1,cov,,59.54452896118164,wpp,WUENIC,16.9761,5.0,999.0,WUENIC
,,,,,,,,,,,,,,,,,,,,,,2020.0,,Somalia,somalia_surveys,,,,,,,,,,,,,,,,,,,,,,,,,,,,,,,,,,,,,,,,,,,,,,,,,,,,,,,,,,,,Penta 1,cov,,56.97815704345703,wpp,WUENIC,16.9761,5.0,999.0,WUENIC
,,,,,,,,,,,,,,,,,,,,,,2021.0,,Somalia,somalia_surveys,,,,,,,,,,,,,,,,,,,,,,,,,,,,,,,,,,,,,,,,,,,,,,,,,,,,,,,,,,,,Penta 1,cov,,60.284088134765625,wpp,WUENIC,16.9761,5.0,999.0,WUENIC
,,,,,,,,,,,,,,,,,,,,,,2022.0,,Somalia,somalia_surveys,,,,,,,,,,,,,,,,,,,,,,,,,,,,,,,,,,,,,,,,,,,,,,,,,,,,,,,,,,,,Penta 1,cov,,68.98258209228516,wpp,,16.9761,5.0,999.0,WUENIC
,,,,,,,,,,,,,,,,,,,,,,2023.0,,Somalia,somalia_surveys,,,,,,,,,,,,,,,,,,,,,,,,,,,,,,,,,,,,,,,,,,,,,,,,,,,,,,,,,,,,Penta 1,cov,,73.16605377197266,wpp,,16.9761,5.0,999.0,WUENIC
,,,,,,,,,,,,,,,,,,,,,,2018.0,,Somalia,somalia_surveys,,,,,,,,,,,,,,,,,,,,,,,,,,,,,,,,,,,,,,,,,,,,,,,,,,,,,,,,,,,,Penta 1,volIM,,363336.0397977829,wpp,WUENIC,-52843.53,5.0,999.0,WUENIC
,,,,,,,,,,,,,,,,,,,,,,2019.0,,Somalia,somalia_surveys,,,,,,,,,,,,,,,,,,,,,,,,,,,,,,,,,,,,,,,,,,,,,,,,,,,,,,,,,,,,Penta 1,volIM,,395844.8811674118,wpp,WUENIC,-52843.53,5.0,999.0,WUENIC
,,,,,,,,,,,,,,,,,,,,,,2020.0,,Somalia,somalia_surveys,,,,,,,,,,,,,,,,,,,,,,,,,,,,,,,,,,,,,,,,,,,,,,,,,,,,,,,,,,,,Penta 1,volIM,,388170.52718925476,wpp,WUENIC,-52843.53,5.0,999.0,WUENIC
,,,,,,,,,,,,,,,,,,,,,,2021.0,,Somalia,somalia_surveys,,,,,,,,,,,,,,,,,,,,,,,,,,,,,,,,,,,,,,,,,,,,,,,,,,,,,,,,,,,,Penta 1,volIM,,419625.47945022583,wpp,WUENIC,-52843.53,5.0,999.0,WUENIC
,,,,,,,,,,,,,,,,,,,,,,2022.0,,Somalia,somalia_surveys,,,,,,,,,,,,,,,,,,,,,,,,,,,,,,,,,,,,,,,,,,,,,,,,,,,,,,,,,,,,Penta 1,volIM,,490963.50969314575,wpp,,-52843.53,5.0,999.0,WUENIC
,,,,,,,,,,,,,,,,,,,,,,2023.0,,Somalia,somalia_surveys,,,,,,,,,,,,,,,,,,,,,,,,,,,,,,,,,,,,,,,,,,,,,,,,,,,,,,,,,,,,Penta 1,volIM,,310492.4864368439,wpp,,-52843.53,5.0,999.0,WUENIC
,,,,,,,,,,,,,,,,,,,,,,2000.0,,Somalia,somalia_surveys,,,,,,,,,,,,,,,,,,,,,,,,,,,,,,,,,,,,,,,,,,,,,,,,,,,,,,,,,,,,Penta 3,avgsurvey,,33.0,wpp,WUENIC,9.0,21.0,1000.0,WUENIC
,,,,,,,,,,,,,,,,,,,,,,2001.0,,Somalia,somalia_surveys,,,,,,,,,,,,,,,,,,,,,,,,,,,,,,,,,,,,,,,,,,,,,,,,,,,,,,,,,,,,Penta 3,avgsurvey,,33.0,wpp,WUENIC,9.0,21.0,1000.0,WUENIC
,,,,,,,,,,,,,,,,,,,,,,2002.0,,Somalia,somalia_surveys,,,,,,,,,,,,,,,,,,,,,,,,,,,,,,,,,,,,,,,,,,,,,,,,,,,,,,,,,,,,Penta 3,avgsurvey,,40.0,wpp,WUENIC,9.0,21.0,1000.0,WUENIC
,,,,,,,,,,,,,,,,,,,,,,2003.0,,Somalia,somalia_surveys,,,,,,,,,,,,,,,,,,,,,,,,,,,,,,,,,,,,,,,,,,,,,,,,,,,,,,,,,,,,Penta 3,avgsurvey,,40.0,wpp,WUENIC,9.0,21.0,1000.0,WUENIC
,,,,,,,,,,,,,,,,,,,,,,2004.0,,Somalia,somalia_surveys,,,,,,,,,,,,,,,,,,,,,,,,,,,,,,,,,,,,,,,,,,,,,,,,,,,,,,,,,,,,Penta 3,avgsurvey,,30.0,wpp,WUENIC,9.0,21.0,1000.0,WUENIC
,,,,,,,,,,,,,,,,,,,,,,2005.0,,Somalia,somalia_surveys,,,,,,,,,,,,,,,,,,,,,,,,,,,,,,,,,,,,,,,,,,,,,,,,,,,,,,,,,,,,Penta 3,avgsurvey,,35.0,wpp,WUENIC,9.0,21.0,1000.0,WUENIC
,,,,,,,,,,,,,,,,,,,,,,2006.0,,Somalia,somalia_surveys,,,,,,,,,,,,,,,,,,,,,,,,,,,,,,,,,,,,,,,,,,,,,,,,,,,,,,,,,,,,Penta 3,avgsurvey,,26.0,wpp,WUENIC,9.0,21.0,1000.0,WUENIC
,,,,,,,,,,,,,,,,,,,,,,2007.0,,Somalia,somalia_surveys,,,,,,,,,,,,,,,,,,,,,,,,,,,,,,,,,,,,,,,,,,,,,,,,,,,,,,,,,,,,Penta 3,avgsurvey,,40.0,wpp,WUENIC,9.0,21.0,1000.0,WUENIC
,,,,,,,,,,,,,,,,,,,,,,2008.0,,Somalia,somalia_surveys,,,,,,,,,,,,,,,,,,,,,,,,,,,,,,,,,,,,,,,,,,,,,,,,,,,,,,,,,,,,Penta 3,avgsurvey,,31.0,wpp,WUENIC,9.0,21.0,1000.0,WUENIC
,,,,,,,,,,,,,,,,,,,,,,2009.0,,Somalia,somalia_surveys,,,,,,,,,,,,,,,,,,,,,,,,,,,,,,,,,,,,,,,,,,,,,,,,,,,,,,,,,,,,Penta 3,avgsurvey,,42.0,wpp,WUENIC,9.0,21.0,1000.0,WUENIC
,,,,,,,,,,,,,,,,,,,,,,2010.0,,Somalia,somalia_surveys,,,,,,,,,,,,,,,,,,,,,,,,,,,,,,,,,,,,,,,,,,,,,,,,,,,,,,,,,,,,Penta 3,avgsurvey,,45.0,wpp,WUENIC,9.0,21.0,1000.0,WUENIC
,,,,,,,,,,,,,,,,,,,,,,2011.0,,Somalia,somalia_surveys,,,,,,,,,,,,,,,,,,,,,,,,,,,,,,,,,,,,,,,,,,,,,,,,,,,,,,,,,,,,Penta 3,avgsurvey,,41.0,wpp,WUENIC,9.0,21.0,1000.0,WUENIC
,,,,,,,,,,,,,,,,,,,,,,2012.0,,Somalia,somalia_surveys,,,,,,,,,,,,,,,,,,,,,,,,,,,,,,,,,,,,,,,,,,,,,,,,,,,,,,,,,,,,Penta 3,avgsurvey,,42.0,wpp,WUENIC,9.0,21.0,1000.0,WUENIC
,,,,,,,,,,,,,,,,,,,,,,2013.0,,Somalia,somalia_surveys,,,,,,,,,,,,,,,,,,,,,,,,,,,,,,,,,,,,,,,,,,,,,,,,,,,,,,,,,,,,Penta 3,avgsurvey,,42.0,wpp,WUENIC,9.0,21.0,1000.0,WUENIC
,,,,,,,,,,,,,,,,,,,,,,2014.0,,Somalia,somalia_surveys,,,,,,,,,,,,,,,,,,,,,,,,,,,,,,,,,,,,,,,,,,,,,,,,,,,,,,,,,,,,Penta 3,avgsurvey,,42.0,wpp,WUENIC,9.0,21.0,1000.0,WUENIC
,,,,,,,,,,,,,,,,,,,,,,2015.0,,Somalia,somalia_surveys,,,,,,,,,,,,,,,,,,,,,,,,,,,,,,,,,,,,,,,,,,,,,,,,,,,,,,,,,,,,Penta 3,avgsurvey,,42.0,wpp,WUENIC,9.0,21.0,1000.0,WUENIC
,,,,,,,,,,,,,,,,,,,,,,2016.0,,Somalia,somalia_surveys,,,,,,,,,,,,,,,,,,,,,,,,,,,,,,,,,,,,,,,,,,,,,,,,,,,,,,,,,,,,Penta 3,avgsurvey,,42.0,wpp,WUENIC,9.0,21.0,1000.0,WUENIC
,,,,,,,,,,,,,,,,,,,,,,2017.0,,Somalia,somalia_surveys,,,,,,,,,,,,,,,,,,,,,,,,,,,,,,,,,,,,,,,,,,,,,,,,,,,,,,,,,,,,Penta 3,avgsurvey,,42.0,wpp,WUENIC,9.0,21.0,1000.0,WUENIC
,,,,,,,,,,,,,,,,,,,,,,2018.0,,Somalia,somalia_surveys,,,,,,,,,,,,,,,,,,,,,,,,,,,,,,,,,,,,,,,,,,,,,,,,,,,,,,,,,,,,Penta 3,avgsurvey,,42.0,wpp,WUENIC,9.0,21.0,1000.0,WUENIC
,,,,,,,,,,,,,,,,,,,,,,2019.0,,Somalia,somalia_surveys,,,,,,,,,,,,,,,,,,,,,,,,,,,,,,,,,,,,,,,,,,,,,,,,,,,,,,,,,,,,Penta 3,avgsurvey,,42.0,wpp,WUENIC,9.0,21.0,1000.0,WUENIC
,,,,,,,,,,,,,,,,,,,,,,2020.0,,Somalia,somalia_surveys,,,,,,,,,,,,,,,,,,,,,,,,,,,,,,,,,,,,,,,,,,,,,,,,,,,,,,,,,,,,Penta 3,avgsurvey,,42.0,wpp,WUENIC,9.0,21.0,1000.0,WUENIC
,,,,,,,,,,,,,,,,,,,,,,2021.0,,Somalia,somalia_surveys,,,,,,,,,,,,,,,,,,,,,,,,,,,,,,,,,,,,,,,,,,,,,,,,,,,,,,,,,,,,Penta 3,avgsurvey,,42.0,wpp,WUENIC,9.0,21.0,1000.0,WUENIC
,,,,,,,,,,,,,,,,,,,,,,2021.0,,Somalia,somalia_surveys,,,,,,,,,,,,,,,,,,,,,,,,,,,,,,,,,,,,,,,,,,,,,,,,,,,,,,,,,,,,Penta 3,avgsurveyprojection,,42.0,wpp,WUENIC,11.466187,2.0,1000.0,WUENIC
,,,,,,,,,,,,,,,,,,,,,,2022.0,,Somalia,somalia_surveys,,,,,,,,,,,,,,,,,,,,,,,,,,,,,,,,,,,,,,,,,,,,,,,,,,,,,,,,,,,,Penta 3,avgsurveyprojection,,48.645538330078125,wpp,,11.466187,2.0,1000.0,WUENIC
,,,,,,,,,,,,,,,,,,,,,,2023.0,,Somalia,somalia_surveys,,,,,,,,,,,,,,,,,,,,,,,,,,,,,,,,,,,,,,,,,,,,,,,,,,,,,,,,,,,,Penta 3,avgsurveyprojection,,53.4661865234375,wpp,,11.466187,2.0,1000.0,WUENIC
,,,,,,,,,,,,,,,,,,,,,,2018.0,,Somalia,somalia_surveys,,,,,,,,,,,,,,,,,,,,,,,,,,,,,,,,,,,,,,,,,,,,,,,,,,,,,,,,,,,,Penta 3,cov,,47.09336471557617,wpp,WUENIC,16.97163,5.0,1000.0,WUENIC
,,,,,,,,,,,,,,,,,,,,,,2019.0,,Somalia,somalia_surveys,,,,,,,,,,,,,,,,,,,,,,,,,,,,,,,,,,,,,,,,,,,,,,,,,,,,,,,,,,,,Penta 3,cov,,50.51939392089844,wpp,WUENIC,16.97163,5.0,1000.0,WUENIC
,,,,,,,,,,,,,,,,,,,,,,2020.0,,Somalia,somalia_surveys,,,,,,,,,,,,,,,,,,,,,,,,,,,,,,,,,,,,,,,,,,,,,,,,,,,,,,,,,,,,Penta 3,cov,,48.79535675048828,wpp,WUENIC,16.97163,5.0,1000.0,WUENIC
,,,,,,,,,,,,,,,,,,,,,,2021.0,,Somalia,somalia_surveys,,,,,,,,,,,,,,,,,,,,,,,,,,,,,,,,,,,,,,,,,,,,,,,,,,,,,,,,,,,,Penta 3,cov,,52.59880828857422,wpp,WUENIC,16.97163,5.0,1000.0,WUENIC
,,,,,,,,,,,,,,,,,,,,,,2022.0,,Somalia,somalia_surveys,,,,,,,,,,,,,,,,,,,,,,,,,,,,,,,,,,,,,,,,,,,,,,,,,,,,,,,,,,,,Penta 3,cov,,59.244346618652344,wpp,,16.97163,5.0,1000.0,WUENIC
,,,,,,,,,,,,,,,,,,,,,,2023.0,,Somalia,somalia_surveys,,,,,,,,,,,,,,,,,,,,,,,,,,,,,,,,,,,,,,,,,,,,,,,,,,,,,,,,,,,,Penta 3,cov,,64.06499481201172,wpp,,16.97163,5.0,1000.0,WUENIC
,,,,,,,,,,,,,,,,,,,,,,2018.0,,Somalia,somalia_surveys,,,,,,,,,,,,,,,,,,,,,,,,,,,,,,,,,,,,,,,,,,,,,,,,,,,,,,,,,,,,Penta 3,volIM,,304515.59441900253,wpp,WUENIC,-32645.0,5.0,1000.0,WUENIC
,,,,,,,,,,,,,,,,,,,,,,2019.0,,Somalia,somalia_surveys,,,,,,,,,,,,,,,,,,,,,,,,,,,,,,,,,,,,,,,,,,,,,,,,,,,,,,,,,,,,Penta 3,volIM,,335846.8781404495,wpp,WUENIC,-32645.0,5.0,1000.0,WUENIC
,,,,,,,,,,,,,,,,,,,,,,2020.0,,Somalia,somalia_surveys,,,,,,,,,,,,,,,,,,,,,,,,,,,,,,,,,,,,,,,,,,,,,,,,,,,,,,,,,,,,Penta 3,volIM,,332424.2271976471,wpp,WUENIC,-32645.0,5.0,1000.0,WUENIC
,,,,,,,,,,,,,,,,,,,,,,2021.0,,Somalia,somalia_surveys,,,,,,,,,,,,,,,,,,,,,,,,,,,,,,,,,,,,,,,,,,,,,,,,,,,,,,,,,,,,Penta 3,volIM,,366129.77268218994,wpp,WUENIC,-32645.0,5.0,1000.0,WUENIC
,,,,,,,,,,,,,,,,,,,,,,2022.0,,Somalia,somalia_surveys,,,,,,,,,,,,,,,,,,,,,,,,,,,,,,,,,,,,,,,,,,,,,,,,,,,,,,,,,,,,Penta 3,volIM,,421654.44923877716,wpp,,-32645.0,5.0,1000.0,WUENIC
,,,,,,,,,,,,,,,,,,,,,,2023.0,,Somalia,somalia_surveys,,,,,,,,,,,,,,,,,,,,,,,,,,,,,,,,,,,,,,,,,,,,,,,,,,,,,,,,,,,,Penta 3,volIM,,271870.59542655945,wpp,,-32645.0,5.0,1000.0,WUENIC
