"id","name","level","code","admin_area_1","admin_area_2","admin_area_3"
"uULc3FNaYAe","","4","","TCHAD","BAHR EL GHAZAL","CHADRA"
"dEuujZg4wJD","","4","","TCHAD","BAHR EL GHAZAL","CHADRA"
"QS0unXzNmrd","","4","","TCHAD","BAHR EL GHAZAL","CHADRA"
"iAu97NljUTQ","","4","","TCHAD","BAHR EL GHAZAL","CHADRA"
"Abu9flDK724","","4","","TCHAD","BAHR EL GHAZAL","CHADRA"
"GaYqdy2yWjT","","4","","TCHAD","BAHR EL GHAZAL","CHADRA"
"pBqgwkqUedu","","4","","TCHAD","BAHR EL GHAZAL","CHADRA"
"B64HawDjisk","","4","","TCHAD","BAHR EL GHAZAL","CHADRA"
"Dmm4A2zehRJ","","4","","TCHAD","BAHR EL GHAZAL","CHADRA"
"S4C9jL2OvO8","","4","","TCHAD","BAHR EL GHAZAL","CHADRA"
"U1O1FUhf6p3","","4","","TCHAD","BAHR EL GHAZAL","CHADRA"
"GgVRbnANYv7","","4","","TCHAD","BAHR EL GHAZAL","CHADRA"
"qZnqxXttD3s","","4","","TCHAD","BAHR EL GHAZAL","CHADRA"
"wEBC8lcevaA","","4","","TCHAD","BAHR EL GHAZAL","CHADRA"
"WE8XHHrpyxc","","4","","TCHAD","BAHR EL GHAZAL","CHADRA"
"tqOGL2ooi4Z","","4","","TCHAD","BAHR EL GHAZAL","CHADRA"
"XTT4x9atTPt","","4","","TCHAD","BAHR EL GHAZAL","CHADRA"
"jud3s67WgIF","","4","","TCHAD","BAHR EL GHAZAL","CHADRA"
"bObVl3QcvUn","","4","","TCHAD","BAHR EL GHAZAL","CHADRA"
"wP1JqbzxMKO","","4","","TCHAD","BAHR EL GHAZAL","CHADRA"
"mt4DEQRfRO6","","4","","TCHAD","BAHR EL GHAZAL","CHADRA"
"WmdzdOxTWeD","","4","","TCHAD","BAHR EL GHAZAL","CHADRA"
"Qh6A5HCrb8D","","4","","TCHAD","BAHR EL GHAZAL","CHADRA"
"TNnV2XPRZXJ","","4","","TCHAD","BAHR EL GHAZAL","MICHEMERE"
"d1lq1oTC4wz","","4","","TCHAD","BAHR EL GHAZAL","MICHEMERE"
"vTxeVKd483X","","4","","TCHAD","BAHR EL GHAZAL","MICHEMERE"
"O7gZdrjSOZe","","4","","TCHAD","BAHR EL GHAZAL","MICHEMERE"
"coDHzH8x6G4","","4","","TCHAD","BAHR EL GHAZAL","MICHEMERE"
"tbJeR1nxUvy","","4","","TCHAD","BAHR EL GHAZAL","MICHEMERE"
"mLejHvnPVtX","","4","","TCHAD","BAHR EL GHAZAL","MICHEMERE"
"Ih9pdEwuhHz","","4","","TCHAD","BAHR EL GHAZAL","MICHEMERE"
"Nf6BMDD2VeI","","4","","TCHAD","BAHR EL GHAZAL","MICHEMERE"
"n0zo0YGkoT9","","4","","TCHAD","BAHR EL GHAZAL","MICHEMERE"
"wQ8Bvi6ovV7","","4","","TCHAD","BAHR EL GHAZAL","MICHEMERE"
"SVMASIlbqdb","","4","","TCHAD","BAHR EL GHAZAL","MICHEMERE"
"rWXyPFUzDN9","","4","","TCHAD","BAHR EL GHAZAL","MICHEMERE"
"D7jrslSlEbp","","4","","TCHAD","BAHR EL GHAZAL","MICHEMERE"
"SmBfyV1NX3i","","4","","TCHAD","BAHR EL GHAZAL","MICHEMERE"
"FVjDpfT2atF","","4","","TCHAD","BAHR EL GHAZAL","MICHEMERE"
"rATPJAsFtJm","","4","","TCHAD","BAHR EL GHAZAL","MICHEMERE"
"msRb4NLEN3Z","","4","","TCHAD","BAHR EL GHAZAL","MOUSSORO"
"a3efbyebave","","4","","TCHAD","BAHR EL GHAZAL","MOUSSORO"
"zrXi6fv0GTG","","4","","TCHAD","BAHR EL GHAZAL","MOUSSORO"
"EqzIQNfw3MU","","4","","TCHAD","BAHR EL GHAZAL","MOUSSORO"
"RiW1zcqdNIk","","4","","TCHAD","BAHR EL GHAZAL","MOUSSORO"
"JTwhaydsAB9","","4","","TCHAD","BAHR EL GHAZAL","MOUSSORO"
"bZEoNUaRh7O","","4","","TCHAD","BAHR EL GHAZAL","MOUSSORO"
"w1hRgXR6ZOr","","4","","TCHAD","BAHR EL GHAZAL","MOUSSORO"
"Ogur4S6ULbN","","4","","TCHAD","BAHR EL GHAZAL","MOUSSORO"
"AWScCon4D94","","4","","TCHAD","BAHR EL GHAZAL","MOUSSORO"
"bivh5L2Wd9S","","4","","TCHAD","BAHR EL GHAZAL","MOUSSORO"
"YPVN90Uo8FH","","4","","TCHAD","BAHR EL GHAZAL","MOUSSORO"
"M5L9Ralfaao","","4","","TCHAD","BAHR EL GHAZAL","MOUSSORO"
"VB3hhKLBbhd","","4","","TCHAD","BAHR EL GHAZAL","MOUSSORO"
"lMrtXjmvILG","","4","","TCHAD","BAHR EL GHAZAL","MOUSSORO"
"cqVYgU4UpG4","","4","","TCHAD","BAHR EL GHAZAL","MOUSSORO"
"B2HQ291luk6","","4","","TCHAD","BAHR EL GHAZAL","MOUSSORO"
"vOqmzN83IwL","","4","","TCHAD","BAHR EL GHAZAL","MOUSSORO"
"HKWltDdiCyn","","4","","TCHAD","BAHR EL GHAZAL","MOUSSORO"
"uaIHlBKwEbx","","4","","TCHAD","BAHR EL GHAZAL","MOUSSORO"
"r9chi6LCCKS","","4","","TCHAD","BAHR EL GHAZAL","MOUSSORO"
"j7B8foZ4LrV","","4","","TCHAD","BAHR EL GHAZAL","MOUSSORO"
"HDzYxzuem8H","","4","","TCHAD","BAHR EL GHAZAL","MOUSSORO"
"UDtIUg6RlBs","","4","","TCHAD","BAHR EL GHAZAL","MOUSSORO"
"sexeMgYST6e","","4","","TCHAD","BAHR EL GHAZAL","MOUSSORO"
"TFwBo5P5KFh","","4","","TCHAD","BAHR EL GHAZAL","MOUSSORO"
"GyjMw9ELV9m","","4","","TCHAD","BAHR EL GHAZAL","MOUSSORO"
"CjZQrfSNhFh","","4","","TCHAD","BAHR EL GHAZAL","MOUSSORO"
"ZudQARGT4AA","","4","","TCHAD","BAHR EL GHAZAL","MOUSSORO"
"GA0w1kFfhas","","4","","TCHAD","BAHR EL GHAZAL","MOUSSORO"
"hgGBpdfD9g7","","4","","TCHAD","BAHR EL GHAZAL","MOUSSORO"
"ybe7CI8wjVS","","4","","TCHAD","BAHR EL GHAZAL","MOUSSORO"
"Dvf57gyllRU","","4","","TCHAD","BAHR EL GHAZAL","MOUSSORO"
"lptB4DKUdQa","","4","","TCHAD","BAHR EL GHAZAL","MOUSSORO"
"qbukDdHsCwQ","","4","","TCHAD","BAHR EL GHAZAL","MOUSSORO"
"gBTzVp0j94q","","4","","TCHAD","BAHR EL GHAZAL","MOUSSORO"
"hMKxOmr57an","","4","","TCHAD","BAHR EL GHAZAL","MOUSSORO"
"yxqhy0N6Gls","","4","","TCHAD","BAHR EL GHAZAL","MOUSSORO"
"YW09HtPOidT","","4","","TCHAD","BAHR EL GHAZAL","MOUSSORO"
"NrP3I6hJ3R9","","4","","TCHAD","BAHR EL GHAZAL","MOUSSORO"
"aeFTY4BHXcM","","4","","TCHAD","BAHR EL GHAZAL","SALAL"
"bKICx7GjlC0","","4","","TCHAD","BAHR EL GHAZAL","SALAL"
"GVTrO8lJ8pv","","4","","TCHAD","BAHR EL GHAZAL","SALAL"
"fiTc7dC1Uq2","","4","","TCHAD","BAHR EL GHAZAL","SALAL"
"l7wY5SnndQU","","4","","TCHAD","BAHR EL GHAZAL","SALAL"
"CsktcatSG2w","","4","","TCHAD","BAHR EL GHAZAL","SALAL"
"s88Oj1gMnoW","","4","","TCHAD","BAHR EL GHAZAL","SALAL"
"QGdV7AVc6b5","","4","","TCHAD","BAHR EL GHAZAL","SALAL"
"Wl5cp2rf57U","","4","","TCHAD","BAHR EL GHAZAL","SALAL"
"AV7SBf5CRfU","","4","","TCHAD","BAHR EL GHAZAL","SALAL"
"YX7iUQ2IFfe","","4","","TCHAD","BAHR EL GHAZAL","SALAL"
"ZjBYKpUZC0S","","4","","TCHAD","BAHR EL GHAZAL","SALAL"
"WxX65Ouzdzh","","4","","TCHAD","BAHR EL GHAZAL","SALAL"
"VzMGjT0B4er","","4","","TCHAD","BAHR EL GHAZAL","SALAL"
"VTIC26gydl3","","4","","TCHAD","BAHR EL GHAZAL","SALAL"
"ueOwkLlYFpE","","4","","TCHAD","BAHR EL GHAZAL","SALAL"
"halzA88pnRw","","4","","TCHAD","BAHR EL GHAZAL","SALAL"
"pmQgw4le7OG","","4","","TCHAD","BATHA","ALIFA"
"KNKLrDdleIp","","4","","TCHAD","BATHA","ALIFA"
"gOZDWnK4RwC","","4","","TCHAD","BATHA","ALIFA"
"fXJAJEa2foy","","4","","TCHAD","BATHA","ALIFA"
"kMJLQhTpqz0","","4","","TCHAD","BATHA","ALIFA"
"OLgn0378LOU","","4","","TCHAD","BATHA","ALIFA"
"gtsEVHqNK3I","","4","","TCHAD","BATHA","ALIFA"
"Yxqu2uaL16h","","4","","TCHAD","BATHA","ALIFA"
"YFOem5tVPyL","","4","","TCHAD","BATHA","ALIFA"
"Gg3F7lkb2Q4","","4","","TCHAD","BATHA","ALIFA"
"wdOSEZQUYio","","4","","TCHAD","BATHA","ALIFA"
"SEWMU6WlGBP","","4","","TCHAD","BATHA","ALIFA"
"hLtOFSb5Buh","","4","","TCHAD","BATHA","ASSINET"
"pIvYFMqDxw6","","4","","TCHAD","BATHA","ASSINET"
"Xm6uwdh6k3k","","4","","TCHAD","BATHA","ASSINET"
"n6qi9wH0P7U","","4","","TCHAD","BATHA","ASSINET"
"fo5izGcszN3","","4","","TCHAD","BATHA","ASSINET"
"ufT7HEga4Nk","","4","","TCHAD","BATHA","ASSINET"
"rRozx2gttKv","","4","","TCHAD","BATHA","ASSINET"
"UDEluzjjjWf","","4","","TCHAD","BATHA","ASSINET"
"fcpduhLf69K","","4","","TCHAD","BATHA","ASSINET"
"lCrEgm4ub4A","","4","","TCHAD","BATHA","ASSINET"
"WRRoO5ZgzLk","","4","","TCHAD","BATHA","ASSINET"
"CXa6sbeSVpg","","4","","TCHAD","BATHA","ASSINET"
"w3ShWeBtmuI","","4","","TCHAD","BATHA","ASSINET"
"fT3FC7CbjT9","","4","","TCHAD","BATHA","ASSINET"
"nmizgCcZeE6","","4","","TCHAD","BATHA","ASSINET"
"hCK5iiJn6q2","","4","","TCHAD","BATHA","ASSINET"
"rJXLehCzkBr","","4","","TCHAD","BATHA","ASSINET"
"quUf0E4xJzQ","","4","","TCHAD","BATHA","ASSINET"
"HxmQZsR5fon","","4","","TCHAD","BATHA","ASSINET"
"QdOUr3BLzOB","","4","","TCHAD","BATHA","ASSINET"
"DtHmfbJPEJn","","4","","TCHAD","BATHA","ASSINET"
"Vtwm6xgpUnV","","4","","TCHAD","BATHA","ATI"
"MuRclO2GLNp","","4","","TCHAD","BATHA","ATI"
"hTC78QHB9Zh","","4","","TCHAD","BATHA","ATI"
"SxToJ7n9y33","","4","","TCHAD","BATHA","ATI"
"SUjRw3dAyS8","","4","","TCHAD","BATHA","ATI"
"nQdhqdAHJPL","","4","","TCHAD","BATHA","ATI"
"boBbLT9Du7F","","4","","TCHAD","BATHA","ATI"
"DIUCciTYsAU","","4","","TCHAD","BATHA","ATI"
"CdzAugXAmdJ","","4","","TCHAD","BATHA","ATI"
"tcDFUWc4Kka","","4","","TCHAD","BATHA","ATI"
"CnsuD3DtPH1","","4","","TCHAD","BATHA","ATI"
"zX1HuYr0hul","","4","","TCHAD","BATHA","ATI"
"t7L9MWgGjqO","","4","","TCHAD","BATHA","ATI"
"o2eWsojPIMU","","4","","TCHAD","BATHA","ATI"
"pCqkEa6By3o","","4","","TCHAD","BATHA","ATI"
"e7rxUcz28ZM","","4","","TCHAD","BATHA","DJEDDA"
"OcYONi6oPbE","","4","","TCHAD","BATHA","DJEDDA"
"Rzje7brqxEy","","4","","TCHAD","BATHA","DJEDDA"
"JCVfcZIpkzn","","4","","TCHAD","BATHA","DJEDDA"
"u0DVdh6Zu66","","4","","TCHAD","BATHA","DJEDDA"
"xiVUpN5JVOy","","4","","TCHAD","BATHA","DJEDDA"
"WjTlNz3mHp3","","4","","TCHAD","BATHA","DJEDDA"
"t6GBWyMaOgh","","4","","TCHAD","BATHA","DJEDDA"
"jiF18YG1uGe","","4","","TCHAD","BATHA","DJEDDA"
"n4PqVXAtJWW","","4","","TCHAD","BATHA","DJEDDA"
"OmHIWfwSICk","","4","","TCHAD","BATHA","DJEDDA"
"F4gTaIZCzRs","","4","","TCHAD","BATHA","HARAZE DJOMBO"
"rHatMVyYmqz","","4","","TCHAD","BATHA","HARAZE DJOMBO"
"iUMq7d4QcjA","","4","","TCHAD","BATHA","HARAZE DJOMBO"
"bdiZACw3wOm","","4","","TCHAD","BATHA","HARAZE DJOMBO"
"GjfJQEpbEoK","","4","","TCHAD","BATHA","HARAZE DJOMBO"
"RjmCgAvHLED","","4","","TCHAD","BATHA","HARAZE DJOMBO"
"EV98P9xM8cb","","4","","TCHAD","BATHA","HARAZE DJOMBO"
"tBf2KJHfB6e","","4","","TCHAD","BATHA","HARAZE DJOMBO"
"xzjJybMbadQ","","4","","TCHAD","BATHA","HARAZE DJOMBO"
"NzONsnPDcDZ","","4","","TCHAD","BATHA","HARAZE DJOMBO"
"auBGup8xSWh","","4","","TCHAD","BATHA","KOUNDJOUROU"
"ZPXtlCtTWpW","","4","","TCHAD","BATHA","KOUNDJOUROU"
"V0so6ww6jhF","","4","","TCHAD","BATHA","KOUNDJOUROU"
"Nr0tktpEc0X","","4","","TCHAD","BATHA","KOUNDJOUROU"
"U28kzw5lBUU","","4","","TCHAD","BATHA","KOUNDJOUROU"
"aBNZYHZfXT0","","4","","TCHAD","BATHA","KOUNDJOUROU"
"E9toVPbh2FK","","4","","TCHAD","BATHA","KOUNDJOUROU"
"USaoRSQMatH","","4","","TCHAD","BATHA","KOUNDJOUROU"
"HDorN8CGa59","","4","","TCHAD","BATHA","KOUNDJOUROU"
"X1G18WXYwqb","","4","","TCHAD","BATHA","KOUNDJOUROU"
"QhN7yWjzZCV","","4","","TCHAD","BATHA","KOUNDJOUROU"
"PdtJagzDLb9","","4","","TCHAD","BATHA","KOUNDJOUROU"
"vEJ3K6asAnB","","4","","TCHAD","BATHA","KOUNDJOUROU"
"ufiPMJVZE3I","","4","","TCHAD","BATHA","KOUNDJOUROU"
"nkaySwqNSE5","","4","","TCHAD","BATHA","KOUNDJOUROU"
"D9MdioCRNLq","","4","","TCHAD","BATHA","NDJAMMENA BILALA"
"a48jB3K3PcI","","4","","TCHAD","BATHA","NDJAMMENA BILALA"
"asJQ3YWgES4","","4","","TCHAD","BATHA","NDJAMMENA BILALA"
"hJaU8LFZQYk","","4","","TCHAD","BATHA","NDJAMMENA BILALA"
"TnAvO6vnSJB","","4","","TCHAD","BATHA","NDJAMMENA BILALA"
"BQWywuVdHEb","","4","","TCHAD","BATHA","NDJAMMENA BILALA"
"gQNIlD298SF","","4","","TCHAD","BATHA","NDJAMMENA BILALA"
"gBIrAYM0fUo","","4","","TCHAD","BATHA","NDJAMMENA BILALA"
"CAKs7JS0d2T","","4","","TCHAD","BATHA","NDJAMMENA BILALA"
"nfwQ7i9FeNj","","4","","TCHAD","BATHA","NDJAMMENA BILALA"
"M0FcUlOjNJn","","4","","TCHAD","BATHA","OUM HADJER"
"ZZUc9Sq8TiV","","4","","TCHAD","BATHA","OUM HADJER"
"xGAg942qcEq","","4","","TCHAD","BATHA","OUM HADJER"
"qiWoHQ0ylwY","","4","","TCHAD","BATHA","OUM HADJER"
"qyhRCNFtZjZ","","4","","TCHAD","BATHA","OUM HADJER"
"Q1Pug05sSai","","4","","TCHAD","BATHA","OUM HADJER"
"r6dKbghe1b5","","4","","TCHAD","BATHA","OUM HADJER"
"id1nC6njdkw","","4","","TCHAD","BATHA","OUM HADJER"
"SmmdUpGy9A0","","4","","TCHAD","BATHA","OUM HADJER"
"hPV052VaL5O","","4","","TCHAD","BATHA","OUM HADJER"
"MkEm3akDWcw","","4","","TCHAD","BATHA","OUM HADJER"
"IWjpWRbMLAs","","4","","TCHAD","BATHA","OUM HADJER"
"D8j2iT7sxZB","","4","","TCHAD","BATHA","OUM HADJER"
"wk0ZRkQKDSv","","4","","TCHAD","BATHA","OUM HADJER"
"pllMyFNQC4G","","4","","TCHAD","BATHA","OUM HADJER"
"yoggRGQEw39","","4","","TCHAD","BATHA","OUM HADJER"
"OZIenq2xHzr","","4","","TCHAD","BATHA","OUM HADJER"
"dLOJMNqrk86","","4","","TCHAD","BATHA","OUM HADJER"
"J52D0WYRpM5","","4","","TCHAD","BATHA","OUM HADJER"
"amqZqXeLckU","","4","","TCHAD","BATHA","OUM HADJER"
"jwA2tOdSuij","","4","","TCHAD","BATHA","OUM HADJER"
"ZjCDNyhwbBv","","4","","TCHAD","BATHA","OUM HADJER"
"Bfz8wUhvL09","","4","","TCHAD","BATHA","OUM HADJER"
"QqANE4OUb3h","","4","","TCHAD","BATHA","YAO"
"Vjb8OCLDatL","","4","","TCHAD","BATHA","YAO"
"AMpOaLD0sNB","","4","","TCHAD","BATHA","YAO"
"xcp2i9wdGl5","","4","","TCHAD","BATHA","YAO"
"kDAzOBHibpa","","4","","TCHAD","BATHA","YAO"
"FnhpKmbRmM2","","4","","TCHAD","BATHA","YAO"
"UHxruNX3GOS","","4","","TCHAD","BATHA","YAO"
"iEZ5rmxZ5cp","","4","","TCHAD","BATHA","YAO"
"PkXeFX7LN0F","","4","","TCHAD","BATHA","YAO"
"tH23UmW1Oag","","4","","TCHAD","BATHA","YAO"
"JNL7otPkIhZ","","4","","TCHAD","BATHA","YAO"
"HpB7niLQsFW","","4","","TCHAD","BATHA","YAO"
"LLqmsOYHtCn","","4","","TCHAD","BATHA","YAO"
"uvIlF2KaJa4","","4","","TCHAD","BATHA","YAO"
"x94Sf6Fz2bs","","4","","TCHAD","BATHA","YAO"
"UOJ23AOINMr","","4","","TCHAD","BATHA","YAO"
"eHdajGuQXbo","","4","","TCHAD","BORKOU","FAYA"
"iNHY7hYCNnb","","4","","TCHAD","BORKOU","FAYA"
"ujvDiFfEx3N","","4","","TCHAD","BORKOU","FAYA"
"EFOvc0KwgeK","","4","","TCHAD","BORKOU","FAYA"
"sIzYuW78MC8","","4","","TCHAD","BORKOU","FAYA"
"o2GdPyQhj8I","","4","","TCHAD","BORKOU","FAYA"
"A40zSD362YG","","4","","TCHAD","BORKOU","FAYA"
"ceTQHNOiHvB","","4","","TCHAD","BORKOU","FAYA"
"GQg9ZPRoOj5","","4","","TCHAD","BORKOU","FAYA"
"AmL5ckd6PzA","","4","","TCHAD","BORKOU","KIRDJIMI"
"VJuXWEzgOkJ","","4","","TCHAD","BORKOU","KIRDJIMI"
"GGeoha87N5S","","4","","TCHAD","BORKOU","KIRDJIMI"
"s5xPkT877Wg","","4","","TCHAD","BORKOU","KIRDJIMI"
"JGIyC3UKhXP","","4","","TCHAD","BORKOU","KIRDJIMI"
"Eo1bBYMDir5","","4","","TCHAD","BORKOU","KIRDJIMI"
"KCZhvrYmT3k","","4","","TCHAD","BORKOU","KIRDJIMI"
"h5yX0nWxU8S","","4","","TCHAD","BORKOU","KIRDJIMI"
"H9ICsZ8ONV6","","4","","TCHAD","BORKOU","KIRDJIMI"
"wTsTlzCJ95S","","4","","TCHAD","BORKOU","KIRDJIMI"
"SwsddTSZlqh","","4","","TCHAD","BORKOU","KIRDJIMI"
"TEgRu83OR1Z","","4","","TCHAD","BORKOU","KOUBA OLANGA"
"PDSU7narpvd","","4","","TCHAD","BORKOU","KOUBA OLANGA"
"KeFGUKiYgtJ","","4","","TCHAD","BORKOU","KOUBA OLANGA"
"wABPkP7pGaW","","4","","TCHAD","BORKOU","KOUBA OLANGA"
"hNlijKvNHZ6","","4","","TCHAD","BORKOU","KOUBA OLANGA"
"UvGl3o0eku6","","4","","TCHAD","BORKOU","KOUBA OLANGA"
"DVIr3gR9WeR","","4","","TCHAD","CHARI BAGUIRMI","BA-ILLI"
"PBFxnRFxf7S","","4","","TCHAD","CHARI BAGUIRMI","BA-ILLI"
"Xk4Cg4KClst","","4","","TCHAD","CHARI BAGUIRMI","BA-ILLI"
"cbigs6uVt1V","","4","","TCHAD","CHARI BAGUIRMI","BA-ILLI"
"SVprgUYwjdC","","4","","TCHAD","CHARI BAGUIRMI","BA-ILLI"
"VLPZGnbg8BF","","4","","TCHAD","CHARI BAGUIRMI","BA-ILLI"
"RQ1P69CFKGK","","4","","TCHAD","CHARI BAGUIRMI","BA-ILLI"
"dIL0n16FuMU","","4","","TCHAD","CHARI BAGUIRMI","BA-ILLI"
"QoFXXEdxcAf","","4","","TCHAD","CHARI BAGUIRMI","BA-ILLI"
"qPXYqAPRIPY","","4","","TCHAD","CHARI BAGUIRMI","BA-ILLI"
"ousJa4lkKYQ","","4","","TCHAD","CHARI BAGUIRMI","BA-ILLI"
"pVly3c76U4h","","4","","TCHAD","CHARI BAGUIRMI","BA-ILLI"
"yketqFS2sIe","","4","","TCHAD","CHARI BAGUIRMI","BOUSSO"
"JVcfGyunbaA","","4","","TCHAD","CHARI BAGUIRMI","BOUSSO"
"poPoF3xZuzS","","4","","TCHAD","CHARI BAGUIRMI","BOUSSO"
"WtW7dGJfKiw","","4","","TCHAD","CHARI BAGUIRMI","BOUSSO"
"gpdXxQJVEjw","","4","","TCHAD","CHARI BAGUIRMI","BOUSSO"
"Z8YATv2tveS","","4","","TCHAD","CHARI BAGUIRMI","BOUSSO"
"Bjpl2N4WbKF","","4","","TCHAD","CHARI BAGUIRMI","BOUSSO"
"hywnRmvzGGf","","4","","TCHAD","CHARI BAGUIRMI","BOUSSO"
"KyB3vjiMq9P","","4","","TCHAD","CHARI BAGUIRMI","BOUSSO"
"TBzlYPB5s2F","","4","","TCHAD","CHARI BAGUIRMI","BOUSSO"
"pVz1DDN1eRt","","4","","TCHAD","CHARI BAGUIRMI","BOUSSO"
"VrO5Yg7YsTA","","4","","TCHAD","CHARI BAGUIRMI","BOUSSO"
"UFUb05XZdj4","","4","","TCHAD","CHARI BAGUIRMI","BOUSSO"
"l1yDmyAno5y","","4","","TCHAD","CHARI BAGUIRMI","DOURBALI"
"p0ZqQDEE8hb","","4","","TCHAD","CHARI BAGUIRMI","DOURBALI"
"lm4iECK1l2t","","4","","TCHAD","CHARI BAGUIRMI","DOURBALI"
"pPozwLyzO1O","","4","","TCHAD","CHARI BAGUIRMI","DOURBALI"
"Hm1iIxd07ox","","4","","TCHAD","CHARI BAGUIRMI","DOURBALI"
"mKtvq8U6Ze0","","4","","TCHAD","CHARI BAGUIRMI","DOURBALI"
"EST0NxKpJDg","","4","","TCHAD","CHARI BAGUIRMI","DOURBALI"
"NH0kcMU8eOy","","4","","TCHAD","CHARI BAGUIRMI","DOURBALI"
"R64sYepWenL","","4","","TCHAD","CHARI BAGUIRMI","DOURBALI"
"gwnQtXXGrFr","","4","","TCHAD","CHARI BAGUIRMI","DOURBALI"
"Y0BER0YwPOV","","4","","TCHAD","CHARI BAGUIRMI","DOURBALI"
"dm2K4JJB70L","","4","","TCHAD","CHARI BAGUIRMI","DOURBALI"
"qtHgXgng0PR","","4","","TCHAD","CHARI BAGUIRMI","DOURBALI"
"vz1cdgOYRKh","","4","","TCHAD","CHARI BAGUIRMI","DOURBALI"
"DodPq9NRuOG","","4","","TCHAD","CHARI BAGUIRMI","DOURBALI"
"n6r68FlbE3B","","4","","TCHAD","CHARI BAGUIRMI","DOURBALI"
"F1lK14OCDV9","","4","","TCHAD","CHARI BAGUIRMI","DOURBALI"
"tQwjo8Mmfeu","","4","","TCHAD","CHARI BAGUIRMI","DOURBALI"
"yU70tJBiyik","","4","","TCHAD","CHARI BAGUIRMI","DOURBALI"
"VRhvu4o7Ukv","","4","","TCHAD","CHARI BAGUIRMI","KOUNO"
"cIpn4UA7bVH","","4","","TCHAD","CHARI BAGUIRMI","KOUNO"
"fAKto1IRDi1","","4","","TCHAD","CHARI BAGUIRMI","KOUNO"
"YPdJVPCr0Xy","","4","","TCHAD","CHARI BAGUIRMI","KOUNO"
"qJ3evY50ImM","","4","","TCHAD","CHARI BAGUIRMI","KOUNO"
"CxNFd1MyLF9","","4","","TCHAD","CHARI BAGUIRMI","MANDELIA"
"aQIsomW2r2F","","4","","TCHAD","CHARI BAGUIRMI","MANDELIA"
"cpTWTZY6Ev0","","4","","TCHAD","CHARI BAGUIRMI","MANDELIA"
"S3x2xPz4bU3","","4","","TCHAD","CHARI BAGUIRMI","MANDELIA"
"G16T0jU12Ku","","4","","TCHAD","CHARI BAGUIRMI","MANDELIA"
"wrUUGhVuJB8","","4","","TCHAD","CHARI BAGUIRMI","MANDELIA"
"cvAvNOhUboa","","4","","TCHAD","CHARI BAGUIRMI","MANDELIA"
"CeKMLIA5Joh","","4","","TCHAD","CHARI BAGUIRMI","MANDELIA"
"UIsPW2yG0RS","","4","","TCHAD","CHARI BAGUIRMI","MANDELIA"
"TOsBkDjASxy","","4","","TCHAD","CHARI BAGUIRMI","MANDELIA"
"zuIRNv8gmRq","","4","","TCHAD","CHARI BAGUIRMI","MANDELIA"
"XBffL91nDeZ","","4","","TCHAD","CHARI BAGUIRMI","MANDELIA"
"Mqzzsg2Hkml","","4","","TCHAD","CHARI BAGUIRMI","MANDELIA"
"akSTVVgGQjD","","4","","TCHAD","CHARI BAGUIRMI","MANDELIA"
"texeye7eK96","","4","","TCHAD","CHARI BAGUIRMI","MANDELIA"
"izZ3sJPduBh","","4","","TCHAD","CHARI BAGUIRMI","MANDELIA"
"zArCORuI5Ly","","4","","TCHAD","CHARI BAGUIRMI","MANDELIA"
"HDmdc00poVP","","4","","TCHAD","CHARI BAGUIRMI","MANDELIA"
"XKzhAq5iYLu","","4","","TCHAD","CHARI BAGUIRMI","MANDELIA"
"sACjFZkh58O","","4","","TCHAD","CHARI BAGUIRMI","MANDELIA"
"WSxp0RjoNVZ","","4","","TCHAD","CHARI BAGUIRMI","MANDELIA"
"DBhXPDZH9nT","","4","","TCHAD","CHARI BAGUIRMI","MANDELIA"
"wKsplzqnPkt","","4","","TCHAD","CHARI BAGUIRMI","MANDELIA"
"IUg61E9NRZ2","","4","","TCHAD","CHARI BAGUIRMI","MASSENYA"
"neQuwcGiliI","","4","","TCHAD","CHARI BAGUIRMI","MASSENYA"
"huexYcywdhk","","4","","TCHAD","CHARI BAGUIRMI","MASSENYA"
"Hn02KOUlN2w","","4","","TCHAD","CHARI BAGUIRMI","MASSENYA"
"ln0dLGPp8Yk","","4","","TCHAD","CHARI BAGUIRMI","MASSENYA"
"plo6teVZF0Q","","4","","TCHAD","CHARI BAGUIRMI","MASSENYA"
"wvGatIk0mJU","","4","","TCHAD","CHARI BAGUIRMI","MASSENYA"
"kbXyxDheN2Q","","4","","TCHAD","CHARI BAGUIRMI","MASSENYA"
"Dwuo3vo5vU5","","4","","TCHAD","CHARI BAGUIRMI","MASSENYA"
"GAfrfM4rMfP","","4","","TCHAD","CHARI BAGUIRMI","MASSENYA"
"AjLQph2NNsm","","4","","TCHAD","CHARI BAGUIRMI","MASSENYA"
"CBN3ILIdVEH","","4","","TCHAD","CHARI BAGUIRMI","MASSENYA"
"LjjbyrrrW7k","","4","","TCHAD","CHARI BAGUIRMI","MASSENYA"
"w2iv3TLEvsc","","4","","TCHAD","CHARI BAGUIRMI","MASSENYA"
"N7DGuseRKY7","","4","","TCHAD","CHARI BAGUIRMI","MASSENYA"
"unZNgDgyOgN","","4","","TCHAD","ENNEDI EST","AMDJARASS"
"ubJ3V5fTric","","4","","TCHAD","ENNEDI EST","AMDJARASS"
"bNNmC9VNIT3","","4","","TCHAD","ENNEDI EST","AMDJARASS"
"DaUI7rMrRFH","","4","","TCHAD","ENNEDI EST","AMDJARASS"
"Gj97GOT1ZzT","","4","","TCHAD","ENNEDI EST","AMDJARASS"
"W0nh8JV2Dlm","","4","","TCHAD","ENNEDI EST","AMDJARASS"
"k6ma2UgmLhS","","4","","TCHAD","ENNEDI EST","AMDJARASS"
"MqhBdCARLCG","","4","","TCHAD","ENNEDI EST","AMDJARASS"
"eNWNr7IbtpT","","4","","TCHAD","ENNEDI EST","AMDJARASS"
"N9dx5Ri2zWg","","4","","TCHAD","ENNEDI EST","BAHAI"
"kseNaaJPUxl","","4","","TCHAD","ENNEDI EST","BAHAI"
"LJMJ4KMUduZ","","4","","TCHAD","ENNEDI EST","BAHAI"
"Vofg9BLuw9o","","4","","TCHAD","ENNEDI EST","BAHAI"
"VuA9S5X2unT","","4","","TCHAD","ENNEDI EST","BAHAI"
"eobJUu2rsms","","4","","TCHAD","ENNEDI EST","BAHAI"
"y2exL16q5zX","","4","","TCHAD","ENNEDI EST","BAHAI"
"Pq0j0v8kfbe","","4","","TCHAD","ENNEDI EST","ITOU"
"wXNgkTnbTFg","","4","","TCHAD","ENNEDI EST","ITOU"
"rNNxoDI1pAL","","4","","TCHAD","ENNEDI EST","ITOU"
"RGfvNwgsfCE","","4","","TCHAD","ENNEDI EST","KAOURA"
"JGpmD9ZlTZW","","4","","TCHAD","ENNEDI EST","KAOURA"
"d43ZzjtjRGd","","4","","TCHAD","ENNEDI EST","KAOURA"
"mZmQPZJcVL6","","4","","TCHAD","ENNEDI EST","MOURDI"
"RPjQGsOekf9","","4","","TCHAD","ENNEDI EST","MOURDI"
"mBD6QSahXEw","","4","","TCHAD","ENNEDI EST","MOURDI"
"KwXDQFDbAsP","","4","","TCHAD","ENNEDI EST","MOURDI"
"jmxV52bLsPS","","4","","TCHAD","ENNEDI EST","MOURDI"
"TdVBWDblzMc","","4","","TCHAD","ENNEDI EST","MOURDI"
"cuxCVNcvqXz","","4","","TCHAD","ENNEDI OUEST","FADA"
"qu1fzCY6QSH","","4","","TCHAD","ENNEDI OUEST","FADA"
"V5DbHJlgRHE","","4","","TCHAD","ENNEDI OUEST","FADA"
"ZXGaPQNbDFX","","4","","TCHAD","ENNEDI OUEST","FADA"
"XMP49T224JI","","4","","TCHAD","ENNEDI OUEST","FADA"
"Nvl2EG1Z9CK","","4","","TCHAD","ENNEDI OUEST","FADA"
"WuSSLx2QVI3","","4","","TCHAD","ENNEDI OUEST","FADA"
"DsstMUGLll3","","4","","TCHAD","ENNEDI OUEST","GOURO"
"TZAl36oGtiy","","4","","TCHAD","ENNEDI OUEST","GOURO"
"yTlcBS3nAjP","","4","","TCHAD","ENNEDI OUEST","KALAIT"
"fo4wJp0MC0Z","","4","","TCHAD","ENNEDI OUEST","KALAIT"
"cxWLZ6wNf2A","","4","","TCHAD","ENNEDI OUEST","KALAIT"
"fc8eXxPHyLG","","4","","TCHAD","ENNEDI OUEST","OUNIANGA KEBBIR"
"qjdH4Pk8JlT","","4","","TCHAD","ENNEDI OUEST","OUNIANGA KEBBIR"
"jw6nsbNluKD","","4","","TCHAD","ENNEDI OUEST","OUNIANGA KEBBIR"
"j16VDyhTRke","","4","","TCHAD","GUERA","BARO"
"nNaFse3PmSr","","4","","TCHAD","GUERA","BARO"
"bjZ0dlw49M2","","4","","TCHAD","GUERA","BARO"
"pnIv6ncBJ6i","","4","","TCHAD","GUERA","BARO"
"BngveYK4Xzb","","4","","TCHAD","GUERA","BARO"
"VzL53anyH1J","","4","","TCHAD","GUERA","BARO"
"p8qHXMlaG8R","","4","","TCHAD","GUERA","BARO"
"Y6S5Wo1rhB0","","4","","TCHAD","GUERA","BARO"
"AV0b5NNqXf1","","4","","TCHAD","GUERA","BARO"
"O5Y8xrplO75","","4","","TCHAD","GUERA","BARO"
"cKixtlddnyp","","4","","TCHAD","GUERA","BITKINE"
"Z9ZMDFMrIGE","","4","","TCHAD","GUERA","BITKINE"
"WS2CQr8fOwf","","4","","TCHAD","GUERA","BITKINE"
"kGgLIX4lqvX","","4","","TCHAD","GUERA","BITKINE"
"RWZDXRDIdYz","","4","","TCHAD","GUERA","BITKINE"
"rNjcFSo1YEA","","4","","TCHAD","GUERA","BITKINE"
"UZ0MbfMgSO7","","4","","TCHAD","GUERA","BITKINE"
"UjOXvQ6ZU8p","","4","","TCHAD","GUERA","BITKINE"
"DUyupbDc24i","","4","","TCHAD","GUERA","BITKINE"
"Wuw5FIfWW0K","","4","","TCHAD","GUERA","BITKINE"
"lKHckkTrSW8","","4","","TCHAD","GUERA","BITKINE"
"PsGzmzwA94j","","4","","TCHAD","GUERA","BITKINE"
"jVvzikLV34d","","4","","TCHAD","GUERA","BITKINE"
"mAKjgGJTy0x","","4","","TCHAD","GUERA","BITKINE"
"V6WVA3MMjH3","","4","","TCHAD","GUERA","BITKINE"
"tmLSoofO0gg","","4","","TCHAD","GUERA","BITKINE"
"vcmDuMtTwsW","","4","","TCHAD","GUERA","BITKINE"
"Hb6Y1KpN6ap","","4","","TCHAD","GUERA","BITKINE"
"EFCFSh7w7t3","","4","","TCHAD","GUERA","BITKINE"
"vpemnyxHOvX","","4","","TCHAD","GUERA","BITKINE"
"EWoUF4ryb3Q","","4","","TCHAD","GUERA","BITKINE"
"tfJwINbF1Sk","","4","","TCHAD","GUERA","BITKINE"
"PWs3DMNhe9P","","4","","TCHAD","GUERA","BITKINE"
"HlZH8UMiRXI","","4","","TCHAD","GUERA","BITKINE"
"l1anoMXbHqJ","","4","","TCHAD","GUERA","BITKINE"
"VxPjMlzLlRw","","4","","TCHAD","GUERA","BITKINE"
"OmpeHdvGM4q","","4","","TCHAD","GUERA","BITKINE"
"gszXqdeYnOZ","","4","","TCHAD","GUERA","CHINGUIL"
"UtAgR7qNPQD","","4","","TCHAD","GUERA","CHINGUIL"
"XoS7piztbZg","","4","","TCHAD","GUERA","CHINGUIL"
"FX9z1Ha0bSg","","4","","TCHAD","GUERA","CHINGUIL"
"CVY0Bj6pri8","","4","","TCHAD","GUERA","CHINGUIL"
"qhMUHWmC6T5","","4","","TCHAD","GUERA","CHINGUIL"
"npJ71c7NiJ6","","4","","TCHAD","GUERA","CHINGUIL"
"uzSRpS9H3tH","","4","","TCHAD","GUERA","CHINGUIL"
"C2dKx8NIVgT","","4","","TCHAD","GUERA","CHINGUIL"
"m9SLP0grXtX","","4","","TCHAD","GUERA","MANGALME"
"EjYjbw1QvcS","","4","","TCHAD","GUERA","MANGALME"
"Y9zCPamK85I","","4","","TCHAD","GUERA","MANGALME"
"nPdz8Duhr8e","","4","","TCHAD","GUERA","MANGALME"
"mPI7pMT6uLH","","4","","TCHAD","GUERA","MANGALME"
"IH72NShJeIP","","4","","TCHAD","GUERA","MANGALME"
"N4UmZ4RjB2f","","4","","TCHAD","GUERA","MANGALME"
"eSVywXwVzEz","","4","","TCHAD","GUERA","MANGALME"
"P7fWZgS8Bsk","","4","","TCHAD","GUERA","MANGALME"
"vhQukFdmPfe","","4","","TCHAD","GUERA","MANGALME"
"XYLOwHxreTI","","4","","TCHAD","GUERA","MANGALME"
"Ff9L17cN7M5","","4","","TCHAD","GUERA","MANGALME"
"YlPtsyKKgW1","","4","","TCHAD","GUERA","MANGALME"
"sMpQSTXJ83u","","4","","TCHAD","GUERA","MELFI"
"mTqUqBGKhs4","","4","","TCHAD","GUERA","MELFI"
"ka6LmUBg3C3","","4","","TCHAD","GUERA","MELFI"
"Yi2FxuMtu03","","4","","TCHAD","GUERA","MELFI"
"oQwkEQVWQxk","","4","","TCHAD","GUERA","MELFI"
"Y7SakxabSHF","","4","","TCHAD","GUERA","MELFI"
"mUiboR1Yubz","","4","","TCHAD","GUERA","MELFI"
"tzXkDuC6JV2","","4","","TCHAD","GUERA","MELFI"
"IuKUVvT3RQr","","4","","TCHAD","GUERA","MELFI"
"XRhVQWWTsn2","","4","","TCHAD","GUERA","MELFI"
"LaOGYzxk6Hw","","4","","TCHAD","GUERA","MELFI"
"M79103kuCYf","","4","","TCHAD","GUERA","MELFI"
"Ch9n9heu8bj","","4","","TCHAD","GUERA","MONGO"
"Ud1kYo04eCo","","4","","TCHAD","GUERA","MONGO"
"Y0kUzNmjvX1","","4","","TCHAD","GUERA","MONGO"
"MOGVw8mIGY9","","4","","TCHAD","GUERA","MONGO"
"QFb8oSnNoQL","","4","","TCHAD","GUERA","MONGO"
"SjOHNcyEgjP","","4","","TCHAD","GUERA","MONGO"
"YIUYyJCeO5x","","4","","TCHAD","GUERA","MONGO"
"BvtBPGJaItQ","","4","","TCHAD","GUERA","MONGO"
"xucTXmZ2vI1","","4","","TCHAD","GUERA","MONGO"
"GPxhwyB0Dki","","4","","TCHAD","GUERA","MONGO"
"B92aMlvnBat","","4","","TCHAD","GUERA","MONGO"
"iBWtPgVGsa1","","4","","TCHAD","GUERA","MONGO"
"bkdKxQSP2xg","","4","","TCHAD","GUERA","MONGO"
"wndom8FV13h","","4","","TCHAD","GUERA","MONGO"
"Ae8KhLdJ09d","","4","","TCHAD","GUERA","MONGO"
"RrIQGo5BJPR","","4","","TCHAD","GUERA","MONGO"
"gwww1dFHlXj","","4","","TCHAD","GUERA","MONGO"
"J7uqrIJpvVv","","4","","TCHAD","GUERA","MONGO"
"QxKFOM9cn0C","","4","","TCHAD","GUERA","NIERGUI"
"VFohpz6OtsH","","4","","TCHAD","GUERA","NIERGUI"
"QKNVQkvpcoA","","4","","TCHAD","GUERA","NIERGUI"
"dNPEW5y5O7E","","4","","TCHAD","GUERA","NIERGUI"
"pmWYzFN4Dzl","","4","","TCHAD","GUERA","NIERGUI"
"T9Oqs1sCBPX","","4","","TCHAD","GUERA","NIERGUI"
"dC5lMK6Pnoe","","4","","TCHAD","GUERA","NIERGUI"
"LWUyp42mHBA","","4","","TCHAD","GUERA","NIERGUI"
"zmWZrXWIXLr","","4","","TCHAD","GUERA","NIERGUI"
"v6VoDxADc9c","","4","","TCHAD","GUERA","NIERGUI"
"tA8NJjgDZO9","","4","","TCHAD","GUERA","NIERGUI"
"RLv8dG130o2","","4","","TCHAD","GUERA","NIERGUI"
"pLRPFBqGuht","","4","","TCHAD","GUERA","NIERGUI"
"dZFuDPfrqor","","4","","TCHAD","GUERA","NIERGUI"
"x9WEcH8ghcZ","","4","","TCHAD","GUERA","NIERGUI"
"Wba5jxxQORk","","4","","TCHAD","GUERA","NIERGUI"
"oAiTHnnWVDU","","4","","TCHAD","HADJER LAMIS","BOKORO"
"ullo3oZB8T6","","4","","TCHAD","HADJER LAMIS","BOKORO"
"Ej1RfEB8ywD","","4","","TCHAD","HADJER LAMIS","BOKORO"
"PtmxS5iIuMK","","4","","TCHAD","HADJER LAMIS","BOKORO"
"CPx7r9giT5S","","4","","TCHAD","HADJER LAMIS","BOKORO"
"qpQhnx2gJ3z","","4","","TCHAD","HADJER LAMIS","BOKORO"
"MW1gBL6STjR","","4","","TCHAD","HADJER LAMIS","BOKORO"
"tie8aKiyD08","","4","","TCHAD","HADJER LAMIS","BOKORO"
"toF6lmMzwGU","","4","","TCHAD","HADJER LAMIS","BOKORO"
"VdQeYmU7mlv","","4","","TCHAD","HADJER LAMIS","BOKORO"
"SHfIkxlCvfJ","","4","","TCHAD","HADJER LAMIS","BOKORO"
"uppxKudQJEy","","4","","TCHAD","HADJER LAMIS","BOKORO"
"qC4ar9MlfKa","","4","","TCHAD","HADJER LAMIS","BOKORO"
"ELP8bC07bs9","","4","","TCHAD","HADJER LAMIS","BOKORO"
"W9dcRKzaZ6a","","4","","TCHAD","HADJER LAMIS","BOKORO"
"F3LLyKMObnx","","4","","TCHAD","HADJER LAMIS","BOKORO"
"rF1A6SuPBLl","","4","","TCHAD","HADJER LAMIS","BOKORO"
"sQ5BIl2dUTC","","4","","TCHAD","HADJER LAMIS","BOKORO"
"KeNvPTtzsev","","4","","TCHAD","HADJER LAMIS","BOKORO"
"B84cMevMDu0","","4","","TCHAD","HADJER LAMIS","GAMA"
"urPzLT4cm1i","","4","","TCHAD","HADJER LAMIS","GAMA"
"tnRzG69lyIy","","4","","TCHAD","HADJER LAMIS","GAMA"
"WwiObtQsBDo","","4","","TCHAD","HADJER LAMIS","GAMA"
"UzbONQYDjrY","","4","","TCHAD","HADJER LAMIS","GAMA"
"yIoqGnA6laK","","4","","TCHAD","HADJER LAMIS","GAMA"
"fiXbpGLiOmn","","4","","TCHAD","HADJER LAMIS","GAMA"
"ZvHUbPqrV5w","","4","","TCHAD","HADJER LAMIS","GAMA"
"Kxojz8nTrab","","4","","TCHAD","HADJER LAMIS","GAMA"
"N7J2QCCEyv2","","4","","TCHAD","HADJER LAMIS","GAMA"
"zze8CD4FkBK","","4","","TCHAD","HADJER LAMIS","GAMA"
"wgxQxFrvGZ1","","4","","TCHAD","HADJER LAMIS","KARAL"
"wwMP6eONKqt","","4","","TCHAD","HADJER LAMIS","KARAL"
"lHONOT2tEt4","","4","","TCHAD","HADJER LAMIS","KARAL"
"kgesJRQS0a5","","4","","TCHAD","HADJER LAMIS","KARAL"
"TlNfVPbSZQp","","4","","TCHAD","HADJER LAMIS","KARAL"
"y6ee0Z9L7W9","","4","","TCHAD","HADJER LAMIS","KARAL"
"hay6ZySbQOC","","4","","TCHAD","HADJER LAMIS","KARAL"
"kAseiGP4htk","","4","","TCHAD","HADJER LAMIS","KARAL"
"g5POpiqYycl","","4","","TCHAD","HADJER LAMIS","KARAL"
"zF11QY7qPu2","","4","","TCHAD","HADJER LAMIS","KARAL"
"sdqrmUQIut5","","4","","TCHAD","HADJER LAMIS","KARAL"
"pdoEnuQbTwC","","4","","TCHAD","HADJER LAMIS","KARAL"
"ZL07VPWotFY","","4","","TCHAD","HADJER LAMIS","KARAL"
"PdyT6Y2gIqW","","4","","TCHAD","HADJER LAMIS","KARAL"
"ljPGcxnIjW6","","4","","TCHAD","HADJER LAMIS","KARAL"
"wd2NUAQM94d","","4","","TCHAD","HADJER LAMIS","MANI"
"OWFgSMaf5rT","","4","","TCHAD","HADJER LAMIS","MANI"
"U0oMMbGbpsk","","4","","TCHAD","HADJER LAMIS","MANI"
"KXbm8wFhwwx","","4","","TCHAD","HADJER LAMIS","MANI"
"nZPM4bEOTEJ","","4","","TCHAD","HADJER LAMIS","MANI"
"GDMhlSOmBFb","","4","","TCHAD","HADJER LAMIS","MANI"
"jSA4LEVQpRl","","4","","TCHAD","HADJER LAMIS","MANI"
"p5deJR2vNzZ","","4","","TCHAD","HADJER LAMIS","MANI"
"pbZ8apls1Jf","","4","","TCHAD","HADJER LAMIS","MANI"
"jfZzO18laHm","","4","","TCHAD","HADJER LAMIS","MANI"
"bKI3QRsAcUa","","4","","TCHAD","HADJER LAMIS","MANI"
"Ir1K3d1lUS2","","4","","TCHAD","HADJER LAMIS","MANI"
"pIV7hjqOfXp","","4","","TCHAD","HADJER LAMIS","MANI"
"CQ2anmtJHO5","","4","","TCHAD","HADJER LAMIS","MANI"
"wkN1yxicxyk","","4","","TCHAD","HADJER LAMIS","MANI"
"bZfG9nNcFe2","","4","","TCHAD","HADJER LAMIS","MASSAGUET"
"jfU8UIUhVbe","","4","","TCHAD","HADJER LAMIS","MASSAGUET"
"nWPxgT31oqa","","4","","TCHAD","HADJER LAMIS","MASSAGUET"
"CXg6xWje11g","","4","","TCHAD","HADJER LAMIS","MASSAGUET"
"su9NvDKGc7x","","4","","TCHAD","HADJER LAMIS","MASSAGUET"
"UNd61hQITLx","","4","","TCHAD","HADJER LAMIS","MASSAGUET"
"yq2dUHNAZN9","","4","","TCHAD","HADJER LAMIS","MASSAGUET"
"QsCavlInBpe","","4","","TCHAD","HADJER LAMIS","MASSAGUET"
"cIOEBhfGqvH","","4","","TCHAD","HADJER LAMIS","MASSAGUET"
"DLQV74CZacs","","4","","TCHAD","HADJER LAMIS","MASSAGUET"
"TJBoKv9sOc2","","4","","TCHAD","HADJER LAMIS","MASSAGUET"
"D0ZvdNIrigH","","4","","TCHAD","HADJER LAMIS","MASSAGUET"
"TWHbhXlQy9G","","4","","TCHAD","HADJER LAMIS","MASSAGUET"
"cDFWPfRLEjy","","4","","TCHAD","HADJER LAMIS","MASSAGUET"
"gboA6F8niA4","","4","","TCHAD","HADJER LAMIS","MASSAGUET"
"Zg82qAq2BsT","","4","","TCHAD","HADJER LAMIS","MASSAGUET"
"EyNLt5qcq9b","","4","","TCHAD","HADJER LAMIS","MASSAGUET"
"OBLW3WDL8GT","","4","","TCHAD","HADJER LAMIS","MASSAGUET"
"bbdCgixa6MK","","4","","TCHAD","HADJER LAMIS","MASSAGUET"
"T7dVDk5YqQO","","4","","TCHAD","HADJER LAMIS","MASSAGUET"
"odSwwi701UE","","4","","TCHAD","HADJER LAMIS","MASSAGUET"
"ePCG1w2jIS2","","4","","TCHAD","HADJER LAMIS","MASSAGUET"
"mfUCboNaOx5","","4","","TCHAD","HADJER LAMIS","MASSAKORY"
"j5oRvBXkjIF","","4","","TCHAD","HADJER LAMIS","MASSAKORY"
"v0PNYXbkfFB","","4","","TCHAD","HADJER LAMIS","MASSAKORY"
"R5jyXu7IxkT","","4","","TCHAD","HADJER LAMIS","MASSAKORY"
"Att1UW3F76D","","4","","TCHAD","HADJER LAMIS","MASSAKORY"
"YlBula89DK3","","4","","TCHAD","HADJER LAMIS","MASSAKORY"
"rK1ByMHRQ7X","","4","","TCHAD","HADJER LAMIS","MASSAKORY"
"qx31B64dhHS","","4","","TCHAD","HADJER LAMIS","MASSAKORY"
"HA2F6DZdLAH","","4","","TCHAD","HADJER LAMIS","MASSAKORY"
"KqW4S2QHuAN","","4","","TCHAD","HADJER LAMIS","MASSAKORY"
"pX4GJ7U9fpy","","4","","TCHAD","HADJER LAMIS","MASSAKORY"
"GQP6iVRQVYK","","4","","TCHAD","HADJER LAMIS","MASSAKORY"
"JSIS1Ij8ZYH","","4","","TCHAD","HADJER LAMIS","MASSAKORY"
"FbImDagawG7","","4","","TCHAD","HADJER LAMIS","MASSAKORY"
"C0vD2JClckW","","4","","TCHAD","HADJER LAMIS","MASSAKORY"
"Dq2S4jty7sc","","4","","TCHAD","HADJER LAMIS","MASSAKORY"
"gnU0nQUlVMH","","4","","TCHAD","HADJER LAMIS","MASSAKORY"
"TkNjjwBB9S8","","4","","TCHAD","HADJER LAMIS","MASSAKORY"
"VQZviKWZgRa","","4","","TCHAD","HADJER LAMIS","MASSAKORY"
"zObrivRw4Kr","","4","","TCHAD","HADJER LAMIS","MASSAKORY"
"hCAlU0kQUFP","","4","","TCHAD","HADJER LAMIS","MASSAKORY"
"cSOcHJLXMt1","","4","","TCHAD","HADJER LAMIS","MASSAKORY"
"fzrYPdwdJV3","","4","","TCHAD","HADJER LAMIS","MASSAKORY"
"l2TbbvJX7Xa","","4","","TCHAD","HADJER LAMIS","MASSAKORY"
"iO23FBqxViM","","4","","TCHAD","HADJER LAMIS","MASSAKORY"
"xCD00OESuiz","","4","","TCHAD","HADJER LAMIS","MASSAKORY"
"A1nTT0XlafP","","4","","TCHAD","HADJER LAMIS","MASSAKORY"
"CqMslFffJNx","","4","","TCHAD","HADJER LAMIS","MASSAKORY"
"czAA3cb5PGT","","4","","TCHAD","HADJER LAMIS","MASSAKORY"
"jHkR0ONRlfM","","4","","TCHAD","HADJER LAMIS","MASSAKORY"
"iuzNmHyrzjy","","4","","TCHAD","HADJER LAMIS","MASSAKORY"
"cZ2mRGCgsUf","","4","","TCHAD","HADJER LAMIS","MASSAKORY"
"Xmhr0M3QWU8","","4","","TCHAD","HADJER LAMIS","MASSAKORY"
"HDpz4Og65Qa","","4","","TCHAD","HADJER LAMIS","MASSAKORY"
"yXYJx7E07OU","","4","","TCHAD","HADJER LAMIS","MASSAKORY"
"EO31zsXn602","","4","","TCHAD","HADJER LAMIS","MASSAKORY"
"nSusThwqqLa","","4","","TCHAD","HADJER LAMIS","MASSAKORY"
"ad8qElE4vsz","","4","","TCHAD","HADJER LAMIS","MASSAKORY"
"LqtiWhx5SWr","","4","","TCHAD","HADJER LAMIS","MASSAKORY"
"OACwEPfyAXb","","4","","TCHAD","HADJER LAMIS","MASSAKORY"
"Aa1zUzszy6r","","4","","TCHAD","HADJER LAMIS","MASSAKORY"
"sgPe6FHpZSD","","4","","TCHAD","HADJER LAMIS","MASSAKORY"
"OGISyXG96UW","","4","","TCHAD","HADJER LAMIS","MASSAKORY"
"pRgbaIYewtJ","","4","","TCHAD","HADJER LAMIS","MASSAKORY"
"WQTveTMmGy9","","4","","TCHAD","HADJER LAMIS","MASSAKORY"
"lVcGDkmytzZ","","4","","TCHAD","HADJER LAMIS","MASSAKORY"
"X3iRz4Ve1N6","","4","","TCHAD","HADJER LAMIS","MASSAKORY"
"XPwYDlBTLa6","","4","","TCHAD","HADJER LAMIS","MASSAKORY"
"M8BMcbEl6rl","","4","","TCHAD","HADJER LAMIS","MASSAKORY"
"CK2ZJOvOofq","","4","","TCHAD","HADJER LAMIS","MASSAKORY"
"FM6q1Ob7pQy","","4","","TCHAD","HADJER LAMIS","MASSAKORY"
"Ix3ywJP8bCj","","4","","TCHAD","HADJER LAMIS","MASSAKORY"
"DXWPjW9YaBm","","4","","TCHAD","HADJER LAMIS","MASSAKORY"
"VJ8ZQrEPDAd","","4","","TCHAD","HADJER LAMIS","MASSAKORY"
"jYDF3n2CfPH","","4","","TCHAD","HADJER LAMIS","MASSAKORY"
"M4iNrMr5S94","","4","","TCHAD","HADJER LAMIS","MASSAKORY"
"XTdU79L7xAj","","4","","TCHAD","HADJER LAMIS","MASSAKORY"
"MxjtqsgKgl2","","4","","TCHAD","HADJER LAMIS","MASSAKORY"
"jQPedEp6DM4","","4","","TCHAD","HADJER LAMIS","MASSAKORY"
"NDM9IyqPvpm","","4","","TCHAD","HADJER LAMIS","MASSAKORY"
"d2KsVuQtmHF","","4","","TCHAD","HADJER LAMIS","MASSAKORY"
"a4wSpNDyxOR","","4","","TCHAD","HADJER LAMIS","MASSAKORY"
"tlGLHxjRhZg","","4","","TCHAD","HADJER LAMIS","MASSAKORY"
"LgFAlPtQUcI","","4","","TCHAD","HADJER LAMIS","MASSAKORY"
"oaKa1fSkcD4","","4","","TCHAD","HADJER LAMIS","MASSAKORY"
"S3Zu5VQpRV2","","4","","TCHAD","HADJER LAMIS","MOITO"
"cy3S8d7j1dM","","4","","TCHAD","HADJER LAMIS","MOITO"
"hTCOPkNlCgM","","4","","TCHAD","HADJER LAMIS","MOITO"
"Iy9poWB1f4S","","4","","TCHAD","HADJER LAMIS","MOITO"
"CAmUXUZaHT1","","4","","TCHAD","HADJER LAMIS","MOITO"
"DIiOIYOlDxt","","4","","TCHAD","HADJER LAMIS","MOITO"
"SYDh5WOtqzn","","4","","TCHAD","HADJER LAMIS","MOITO"
"KyM9EBPbbch","","4","","TCHAD","HADJER LAMIS","MOITO"
"kLNnANN2QLi","","4","","TCHAD","HADJER LAMIS","MOITO"
"oliBcTLlnCE","","4","","TCHAD","HADJER LAMIS","MOITO"
"w8mKjk8ibNU","","4","","TCHAD","HADJER LAMIS","MOITO"
"n6LLeOoSBaF","","4","","TCHAD","HADJER LAMIS","MOITO"
"gLoxLx06Oby","","4","","TCHAD","KANEM","AMDOBACK"
"NDsRWmTV9uh","","4","","TCHAD","KANEM","AMDOBACK"
"lkWJsAZunpH","","4","","TCHAD","KANEM","AMDOBACK"
"LsudwUiKtZ1","","4","","TCHAD","KANEM","AMDOBACK"
"SFXZvHMj1UV","","4","","TCHAD","KANEM","AMDOBACK"
"OL9bldQi5IJ","","4","","TCHAD","KANEM","AMDOBACK"
"BP3BNKEPZnR","","4","","TCHAD","KANEM","AMDOBACK"
"wGhRlgViUpC","","4","","TCHAD","KANEM","AMDOBACK"
"J5QyJ3nSPa4","","4","","TCHAD","KANEM","DJARA"
"C2KLOFP81B0","","4","","TCHAD","KANEM","DJARA"
"EBHVD7UePtk","","4","","TCHAD","KANEM","DJARA"
"wBzmoe1SERb","","4","","TCHAD","KANEM","DJARA"
"SmgfxYTWI7i","","4","","TCHAD","KANEM","DJARA"
"lDcjfvkoo0B","","4","","TCHAD","KANEM","DJARA"
"UUhTZ3SxzQd","","4","","TCHAD","KANEM","DJARA"
"DmyCcJA4AWj","","4","","TCHAD","KANEM","DJARA"
"jlflQoENg6l","","4","","TCHAD","KANEM","DJARA"
"IADHogPxpeb","","4","","TCHAD","KANEM","DJARA"
"yOKZK71j8BF","","4","","TCHAD","KANEM","DJARA"
"oVXQu83Weav","","4","","TCHAD","KANEM","DJARA"
"Kav0iNXEGCO","","4","","TCHAD","KANEM","DJARA"
"XO6APL3MnqR","","4","","TCHAD","KANEM","DJARA"
"ReCJD6TemiC","","4","","TCHAD","KANEM","DJARA"
"L3QUUKtxhvV","","4","","TCHAD","KANEM","DJARA"
"Gw3hdViWudx","","4","","TCHAD","KANEM","DJARA"
"ExYQHctcLJz","","4","","TCHAD","KANEM","DJARA"
"swy6oOfLwZv","","4","","TCHAD","KANEM","DJARA"
"HP0LOsXiaar","","4","","TCHAD","KANEM","DJARA"
"gZH9lG7KjpF","","4","","TCHAD","KANEM","KEKEDINA"
"oZqagPPeKX1","","4","","TCHAD","KANEM","KEKEDINA"
"NCY8tB24vwD","","4","","TCHAD","KANEM","KEKEDINA"
"KVhFlIhtEwU","","4","","TCHAD","KANEM","KEKEDINA"
"WFkg2og9p5y","","4","","TCHAD","KANEM","KEKEDINA"
"voMchbDfrJU","","4","","TCHAD","KANEM","KEKEDINA"
"V0JB7qArAjr","","4","","TCHAD","KANEM","KEKEDINA"
"UiuX8Y7uxuJ","","4","","TCHAD","KANEM","KEKEDINA"
"Xj2kQy3yUsB","","4","","TCHAD","KANEM","KEKEDINA"
"YwQDkEDaD3b","","4","","TCHAD","KANEM","MAO"
"ggosQDmc7qO","","4","","TCHAD","KANEM","MAO"
"U5dh7bTtjsZ","","4","","TCHAD","KANEM","MAO"
"CznX3VcaBvT","","4","","TCHAD","KANEM","MAO"
"hyO0fcQcd97","","4","","TCHAD","KANEM","MAO"
"Ou4hRH8LnE0","","4","","TCHAD","KANEM","MAO"
"dkbqjWAKlp1","","4","","TCHAD","KANEM","MAO"
"fhCz9rbHnVD","","4","","TCHAD","KANEM","MAO"
"Kyd3A1rZ6He","","4","","TCHAD","KANEM","MAO"
"bGoWz8BIF8n","","4","","TCHAD","KANEM","MAO"
"AGYsMsRJOIx","","4","","TCHAD","KANEM","MAO"
"qYu7ZmhO9mG","","4","","TCHAD","KANEM","MAO"
"CqDdxr3PvyU","","4","","TCHAD","KANEM","MAO"
"cTruZnaPXh5","","4","","TCHAD","KANEM","MAO"
"M78HSvF6xNO","","4","","TCHAD","KANEM","MAO"
"zmdko7vCF1d","","4","","TCHAD","KANEM","MAO"
"U9Y64qW3hTZ","","4","","TCHAD","KANEM","MAO"
"mA8Sbq6VpJy","","4","","TCHAD","KANEM","MAO"
"wTgyfZi25wd","","4","","TCHAD","KANEM","MAO"
"Z3DDgKQrJkZ","","4","","TCHAD","KANEM","MAO"
"JQjw8LgTB9k","","4","","TCHAD","KANEM","MAO"
"LxDGx9fj3Kq","","4","","TCHAD","KANEM","MAO"
"XLVxI69fvJ8","","4","","TCHAD","KANEM","MAO"
"tQvwRa4MxiU","","4","","TCHAD","KANEM","MAO"
"iWLz35aN4lN","","4","","TCHAD","KANEM","MAO"
"HQwSd7L3bk2","","4","","TCHAD","KANEM","MAO"
"C9GnHCmDHDR","","4","","TCHAD","KANEM","MAO"
"seXS4WcR2Xb","","4","","TCHAD","KANEM","MAO"
"VUVW3QFDETg","","4","","TCHAD","KANEM","MAO"
"FvtS6xFfTHE","","4","","TCHAD","KANEM","MAO"
"DBLG81WXamq","","4","","TCHAD","KANEM","MAO"
"hVbnsPPhJOg","","4","","TCHAD","KANEM","MAO"
"F3FA5RSqY13","","4","","TCHAD","KANEM","MAO"
"XlVc6gIJfGX","","4","","TCHAD","KANEM","MAO"
"LjydlWRhAar","","4","","TCHAD","KANEM","MAO"
"hmdeHPXUmJn","","4","","TCHAD","KANEM","MAO"
"ZZGGFSrosJR","","4","","TCHAD","KANEM","MAO"
"uct8LscodwC","","4","","TCHAD","KANEM","MELLEAH"
"C55qKFaCo74","","4","","TCHAD","KANEM","MELLEAH"
"ehXqcH1f0b5","","4","","TCHAD","KANEM","MELLEAH"
"ZC7TmLytbw7","","4","","TCHAD","KANEM","MELLEAH"
"B5UttAUZ2d3","","4","","TCHAD","KANEM","MELLEAH"
"wVqGosS8KbP","","4","","TCHAD","KANEM","MELLEAH"
"JlBvw6g0CzI","","4","","TCHAD","KANEM","MONDO"
"Y7f6yZK4mfM","","4","","TCHAD","KANEM","MONDO"
"LW1ddiHq7kR","","4","","TCHAD","KANEM","MONDO"
"ssIUAX39kLs","","4","","TCHAD","KANEM","MONDO"
"tiH97i6cUEB","","4","","TCHAD","KANEM","MONDO"
"MpymI78Nt5t","","4","","TCHAD","KANEM","MONDO"
"dJ4Lngt5VDd","","4","","TCHAD","KANEM","MONDO"
"hCdHn5pF9cz","","4","","TCHAD","KANEM","MONDO"
"i2hUpqZg9Kp","","4","","TCHAD","KANEM","MONDO"
"m7BNk2Hwpnp","","4","","TCHAD","KANEM","MONDO"
"ogkjWJMjnV2","","4","","TCHAD","KANEM","MONDO"
"H6yChTqqwcR","","4","","TCHAD","KANEM","MONDO"
"M4idP2dFD2B","","4","","TCHAD","KANEM","MONDO"
"Z4l0dPsRPNP","","4","","TCHAD","KANEM","MONDO"
"WFiGFs05FfC","","4","","TCHAD","KANEM","MONDO"
"hYjCBSl2dwX","","4","","TCHAD","KANEM","MONDO"
"QqHw3HvSUZO","","4","","TCHAD","KANEM","MONDO"
"TL7l5JJnncO","","4","","TCHAD","KANEM","MONDO"
"q5uA8mBxLFF","","4","","TCHAD","KANEM","MONDO"
"eAG2p8W4Y9g","","4","","TCHAD","KANEM","MONDO"
"BdrjdFqyXIN","","4","","TCHAD","KANEM","MONDO"
"qgmGsKcl6NF","","4","","TCHAD","KANEM","MONDO"
"jwGgqWGGI9I","","4","","TCHAD","KANEM","MONDO"
"fpCF2jTLnQl","","4","","TCHAD","KANEM","MONDO"
"YFDD7V8lPF5","","4","","TCHAD","KANEM","MONDO"
"yG94AhZWqhz","","4","","TCHAD","KANEM","MONDO"
"uLOFTKDGkGS","","4","","TCHAD","KANEM","MONDO"
"rrr8Lzxlw3q","","4","","TCHAD","KANEM","MONDO"
"UzoW7oxCVWd","","4","","TCHAD","KANEM","MONDO"
"qtVFMevftpV","","4","","TCHAD","KANEM","MONDO"
"Kt02tTWBYcU","","4","","TCHAD","KANEM","MONDO"
"QWLFWgkbnMI","","4","","TCHAD","KANEM","N’TIONA"
"jzAAaeV9wCm","","4","","TCHAD","KANEM","N’TIONA"
"JY2zSG052xz","","4","","TCHAD","KANEM","N’TIONA"
"QDRV45TdNuz","","4","","TCHAD","KANEM","N’TIONA"
"SnpsuA7bjqy","","4","","TCHAD","KANEM","N’TIONA"
"TpVYZRbHwhz","","4","","TCHAD","KANEM","N’TIONA"
"aPap0QQ3mIY","","4","","TCHAD","KANEM","N’TIONA"
"qIQ2OtK2kBo","","4","","TCHAD","KANEM","N’TIONA"
"uHEvPP0Ae7Q","","4","","TCHAD","KANEM","N’TIONA"
"Qi7WqpTbh9W","","4","","TCHAD","KANEM","N’TIONA"
"X8SyQCiPPr2","","4","","TCHAD","KANEM","N’TIONA"
"FawbMEjz30f","","4","","TCHAD","KANEM","N’TIONA"
"eTYvgKaIdFT","","4","","TCHAD","KANEM","N’TIONA"
"cvlJCgKci43","","4","","TCHAD","KANEM","N’TIONA"
"hPFNgYJNdAp","","4","","TCHAD","KANEM","N’TIONA"
"d46aem7U0XG","","4","","TCHAD","KANEM","N’TIONA"
"EseENhKEAnV","","4","","TCHAD","KANEM","N’TIONA"
"DXdIhJemkca","","4","","TCHAD","KANEM","N’TIONA"
"U86rBGEmJr3","","4","","TCHAD","KANEM","N’TIONA"
"XkrR0riDwtu","","4","","TCHAD","KANEM","N’TIONA"
"zmSXoz3f0k6","","4","","TCHAD","KANEM","N’TIONA"
"So67s8DHSrr","","4","","TCHAD","KANEM","N’TIONA"
"adb7QkGKyxx","","4","","TCHAD","KANEM","N’TIONA"
"eGyOOJUiLr1","","4","","TCHAD","KANEM","N’TIONA"
"EzNwTJ8fuxC","","4","","TCHAD","KANEM","N’TIONA"
"LieVbXUbj0y","","4","","TCHAD","KANEM","N’TIONA"
"vI6PDJb8sU6","","4","","TCHAD","KANEM","N’TIONA"
"Yavgy5xAAiP","","4","","TCHAD","KANEM","N’TIONA"
"seaTYt0Cb5W","","4","","TCHAD","KANEM","N’TIONA"
"rMTOGP7MR4e","","4","","TCHAD","KANEM","N’TIONA"
"EMzKCNgH3YL","","4","","TCHAD","KANEM","N’TIONA"
"EglDldL8h6r","","4","","TCHAD","KANEM","N’TIONA"
"HsM1x7WPoCq","","4","","TCHAD","KANEM","N’TIONA"
"AdtI7dKPMrl","","4","","TCHAD","KANEM","NOKOU"
"sWHIJgpukpA","","4","","TCHAD","KANEM","NOKOU"
"OUOiG0wDc0j","","4","","TCHAD","KANEM","NOKOU"
"lul6xW5zSEo","","4","","TCHAD","KANEM","NOKOU"
"kmTMIMgIe3E","","4","","TCHAD","KANEM","NOKOU"
"qKp01ja8cAY","","4","","TCHAD","KANEM","NOKOU"
"yiF6TZsJjTF","","4","","TCHAD","KANEM","NOKOU"
"m6a7I8bR5Y7","","4","","TCHAD","KANEM","NOKOU"
"xA2FvvQRAnX","","4","","TCHAD","KANEM","NOKOU"
"mc7Y3Qh9cQ4","","4","","TCHAD","KANEM","NOKOU"
"PVvMfk3d1QN","","4","","TCHAD","KANEM","NOKOU"
"TbtL03jbPZ1","","4","","TCHAD","KANEM","NOKOU"
"lAKmHmEBRis","","4","","TCHAD","KANEM","NOKOU"
"vewhiL5S949","","4","","TCHAD","KANEM","NOKOU"
"aGvtpXWDRiN","","4","","TCHAD","KANEM","NOKOU"
"bVnIxqxh45T","","4","","TCHAD","KANEM","RIG-RIG"
"Mr9xlpyMmOB","","4","","TCHAD","KANEM","RIG-RIG"
"mXPWPwR9W8u","","4","","TCHAD","KANEM","RIG-RIG"
"cg2SJL3OIfg","","4","","TCHAD","KANEM","RIG-RIG"
"WMNjZMx0Uyp","","4","","TCHAD","KANEM","RIG-RIG"
"PDbM9MIWxwA","","4","","TCHAD","KANEM","RIG-RIG"
"yIOH637ehN8","","4","","TCHAD","KANEM","RIG-RIG"
"c1KKFAQ2XIJ","","4","","TCHAD","KANEM","RIG-RIG"
"S4kSDJocHMs","","4","","TCHAD","KANEM","RIG-RIG"
"wn9yVeFpmKY","","4","","TCHAD","KANEM","RIG-RIG"
"toVW4TfmhNm","","4","","TCHAD","KANEM","RIG-RIG"
"KbdyKqM5h2p","","4","","TCHAD","KANEM","RIG-RIG"
"YqqXstzr4fC","","4","","TCHAD","KANEM","RIG-RIG"
"ZrdZoXivbeS","","4","","TCHAD","KANEM","RIG-RIG"
"tFRAbeBXLX7","","4","","TCHAD","KANEM","RIG-RIG"
"AoQI9w596B2","","4","","TCHAD","KANEM","RIG-RIG"
"TdlF8YyxWY2","","4","","TCHAD","KANEM","RIG-RIG"
"qTyfdQavU4W","","4","","TCHAD","KANEM","RIG-RIG"
"eO7Kr7UdIGo","","4","","TCHAD","KANEM","RIG-RIG"
"ZABdxBcpRyq","","4","","TCHAD","KANEM","RIG-RIG"
"Th1gIfanLGv","","4","","TCHAD","KANEM","RIG-RIG"
"ZzvNf0qrEE8","","4","","TCHAD","KANEM","RIG-RIG"
"DqssiBLbtj3","","4","","TCHAD","KANEM","RIG-RIG"
"uabfbqVJUDd","","4","","TCHAD","KANEM","RIG-RIG"
"aDe59e1noY4","","4","","TCHAD","KANEM","ZIGUEY"
"R7ooaK6yK7r","","4","","TCHAD","KANEM","ZIGUEY"
"k9GKLzGhPDD","","4","","TCHAD","KANEM","ZIGUEY"
"chDl4YRn0NS","","4","","TCHAD","KANEM","ZIGUEY"
"UHL15YPfW9U","","4","","TCHAD","KANEM","ZIGUEY"
"Xd2ZLUJv3Ds","","4","","TCHAD","KANEM","ZIGUEY"
"KMDs6q0I94X","","4","","TCHAD","KANEM","ZIGUEY"
"gbXfEV5sIFm","","4","","TCHAD","KANEM","ZIGUEY"
"lOkzLPVZcnY","","4","","TCHAD","KANEM","ZIGUEY"
"zJbQ0b3BSbr","","4","","TCHAD","KANEM","ZIGUEY"
"TLpQdKsY6LC","","4","","TCHAD","KANEM","ZIGUEY"
"jTZpZbgKLrw","","4","","TCHAD","LAC","BAGA SOLA"
"PJepRe9uFBW","","4","","TCHAD","LAC","BAGA SOLA"
"agAuJ11SOyW","","4","","TCHAD","LAC","BAGA SOLA"
"ku6pBg1EFqs","","4","","TCHAD","LAC","BAGA SOLA"
"tEb1VZRqxTL","","4","","TCHAD","LAC","BAGA SOLA"
"AOo93XcIcm8","","4","","TCHAD","LAC","BAGA SOLA"
"YUw4h8LF1ze","","4","","TCHAD","LAC","BAGA SOLA"
"ZX2nYRMJoL9","","4","","TCHAD","LAC","BAGA SOLA"
"ibQGuROVvB8","","4","","TCHAD","LAC","BAGA SOLA"
"lZsvfXvNbgS","","4","","TCHAD","LAC","BAGA SOLA"
"lpFH5zlIQlf","","4","","TCHAD","LAC","BAGA SOLA"
"axHtNFBS1OX","","4","","TCHAD","LAC","BAGA SOLA"
"BndZxTWNmRi","","4","","TCHAD","LAC","BAGA SOLA"
"TMV7BGiZjO8","","4","","TCHAD","LAC","BAGA SOLA"
"SeK2Yevq1T3","","4","","TCHAD","LAC","BAGA SOLA"
"OCzIAx0CgCn","","4","","TCHAD","LAC","BAGA SOLA"
"w23aOb6GbV8","","4","","TCHAD","LAC","BAGA SOLA"
"EZJIoeIVNzh","","4","","TCHAD","LAC","BAGA SOLA"
"KHYJew6hw45","","4","","TCHAD","LAC","BAGA SOLA"
"JXBZhwYyLDM","","4","","TCHAD","LAC","BAGA SOLA"
"LJIr44GWqmN","","4","","TCHAD","LAC","BAGA SOLA"
"ILuWdXex71I","","4","","TCHAD","LAC","BOL"
"T0XwzUyOkyL","","4","","TCHAD","LAC","BOL"
"yRydRtWGWwV","","4","","TCHAD","LAC","BOL"
"D3U9mf9FwIt","","4","","TCHAD","LAC","BOL"
"IW8KxbywqVa","","4","","TCHAD","LAC","BOL"
"tEQ7gTU4OKb","","4","","TCHAD","LAC","BOL"
"PoTvt4NK4ly","","4","","TCHAD","LAC","BOL"
"m7GT1ZNMF05","","4","","TCHAD","LAC","BOL"
"E7udUGpLWNh","","4","","TCHAD","LAC","BOL"
"EflJ9N5wmHk","","4","","TCHAD","LAC","BOL"
"uR2sQvRREhb","","4","","TCHAD","LAC","BOL"
"nVYFLGWEtH1","","4","","TCHAD","LAC","BOL"
"omh7TCaIQy3","","4","","TCHAD","LAC","BOL"
"j1JugIeH4zO","","4","","TCHAD","LAC","BOL"
"FsXGJRm2irl","","4","","TCHAD","LAC","BOL"
"skLssp9MWkH","","4","","TCHAD","LAC","BOL"
"LlARywkGK2W","","4","","TCHAD","LAC","BOL"
"yVHM7Z9bxWw","","4","","TCHAD","LAC","BOL"
"uZ8U0YwFI4r","","4","","TCHAD","LAC","BOL"
"WZ27hbnnzOZ","","4","","TCHAD","LAC","BOL"
"wOLgy791LWG","","4","","TCHAD","LAC","BOL"
"v1528RCOTvv","","4","","TCHAD","LAC","BOL"
"xs1u30X3EP8","","4","","TCHAD","LAC","BOL"
"FhhpBtEiFOe","","4","","TCHAD","LAC","BOL"
"mnz3n5f6rHm","","4","","TCHAD","LAC","BOL"
"WdjEBN9ujwO","","4","","TCHAD","LAC","BOL"
"Ftj0tjb6aG4","","4","","TCHAD","LAC","DIBININTCHI"
"I07kvcylEUV","","4","","TCHAD","LAC","DIBININTCHI"
"XRWwyNrdZFu","","4","","TCHAD","LAC","DIBININTCHI"
"h5pvli2SgE2","","4","","TCHAD","LAC","DIBININTCHI"
"O8n3lKn1FTj","","4","","TCHAD","LAC","DIBININTCHI"
"aiImrZwE004","","4","","TCHAD","LAC","DIBININTCHI"
"e1YE58gR0aD","","4","","TCHAD","LAC","DIBININTCHI"
"iTDoGWeZAXW","","4","","TCHAD","LAC","DIBININTCHI"
"esAkXODkVZc","","4","","TCHAD","LAC","DIBININTCHI"
"YOG2qXRw7vx","","4","","TCHAD","LAC","DIBININTCHI"
"kHDbRvAjHZ4","","4","","TCHAD","LAC","DIBININTCHI"
"Uay9WRjsIeK","","4","","TCHAD","LAC","DIBININTCHI"
"c4BIwLcTVud","","4","","TCHAD","LAC","DIBININTCHI"
"AN2ktQjMeML","","4","","TCHAD","LAC","DJIGDADA"
"akqPRqAPbEc","","4","","TCHAD","LAC","DJIGDADA"
"EU7gJmi4OLs","","4","","TCHAD","LAC","DJIGDADA"
"tfnRg5yNo0s","","4","","TCHAD","LAC","DJIGDADA"
"WG5600ZBAOr","","4","","TCHAD","LAC","DJIGDADA"
"uNRySnuXyAY","","4","","TCHAD","LAC","DJIGDADA"
"WKvoBLoafS7","","4","","TCHAD","LAC","ISSEIROM"
"SYhPaWcOYCK","","4","","TCHAD","LAC","ISSEIROM"
"LlSbsbKA6FX","","4","","TCHAD","LAC","ISSEIROM"
"XzMiRHkqgGz","","4","","TCHAD","LAC","ISSEIROM"
"pVxognqAX9C","","4","","TCHAD","LAC","ISSEIROM"
"t5mi38MDEtp","","4","","TCHAD","LAC","ISSEIROM"
"JBC8hvweInd","","4","","TCHAD","LAC","ISSEIROM"
"SwkLZMvIqne","","4","","TCHAD","LAC","ISSEIROM"
"C8lEWAcuJ6U","","4","","TCHAD","LAC","ISSEIROM"
"rTfRbIkPikk","","4","","TCHAD","LAC","ISSEIROM"
"aQmkVW3j7ZW","","4","","TCHAD","LAC","ISSEIROM"
"zGhDQZEh5BN","","4","","TCHAD","LAC","ISSEIROM"
"rtgbGFasaMo","","4","","TCHAD","LAC","ISSEIROM"
"hnedGqoHXBJ","","4","","TCHAD","LAC","ISSEIROM"
"arohDpm4J1G","","4","","TCHAD","LAC","KOULOUDIA"
"F4DBUlLm8cV","","4","","TCHAD","LAC","KOULOUDIA"
"YXDEzOmpk6n","","4","","TCHAD","LAC","KOULOUDIA"
"tNA5YuLUKhB","","4","","TCHAD","LAC","KOULOUDIA"
"zPEiKwoux34","","4","","TCHAD","LAC","KOULOUDIA"
"MvuRTq0TYmi","","4","","TCHAD","LAC","KOULOUDIA"
"dytJrRGbjk8","","4","","TCHAD","LAC","KOULOUDIA"
"UXd6RWgytcQ","","4","","TCHAD","LAC","KOULOUDIA"
"u6YljUVGEJG","","4","","TCHAD","LAC","KOULOUDIA"
"SHUuF1GkqW2","","4","","TCHAD","LAC","KOULOUDIA"
"K5Aam5v0pFl","","4","","TCHAD","LAC","KOULOUDIA"
"ECdacHfbgS5","","4","","TCHAD","LAC","KOULOUDIA"
"AKGPE5Lgf66","","4","","TCHAD","LAC","KOULOUDIA"
"rGaP4b9HLlD","","4","","TCHAD","LAC","KOULOUDIA"
"prxokhYFFxT","","4","","TCHAD","LAC","KOULOUDIA"
"UAEkm3LLmcT","","4","","TCHAD","LAC","KOULOUDIA"
"Mije7WG2Hyi","","4","","TCHAD","LAC","KOULOUDIA"
"lqVym4dYb13","","4","","TCHAD","LAC","KOULOUDIA"
"yKxLzoTaKjb","","4","","TCHAD","LAC","KOULOUDIA"
"OqiYiuTnvoo","","4","","TCHAD","LAC","KOULOUDIA"
"FwRefVyBgQ0","","4","","TCHAD","LAC","LIWA"
"WF1YXtXO9ir","","4","","TCHAD","LAC","LIWA"
"YrZqz0oH3FK","","4","","TCHAD","LAC","LIWA"
"XWyJvmgwH78","","4","","TCHAD","LAC","LIWA"
"LbwggxBPlwe","","4","","TCHAD","LAC","LIWA"
"lgome3bA8eK","","4","","TCHAD","LAC","LIWA"
"yIswbUnboB8","","4","","TCHAD","LAC","LIWA"
"u8LTDFyjYqf","","4","","TCHAD","LAC","LIWA"
"rkzGQ2D5vDn","","4","","TCHAD","LAC","LIWA"
"ZTmmfFMkBTA","","4","","TCHAD","LAC","LIWA"
"L6QinhKMEnE","","4","","TCHAD","LAC","LIWA"
"yFZw1wm0dWe","","4","","TCHAD","LAC","LIWA"
"mOyUM82o7aO","","4","","TCHAD","LAC","LIWA"
"auaoBVaPJRt","","4","","TCHAD","LAC","LIWA"
"vumkbPOpKuo","","4","","TCHAD","LAC","NGOURI"
"JmFb4pnGQqi","","4","","TCHAD","LAC","NGOURI"
"vMwLVFjHWMc","","4","","TCHAD","LAC","NGOURI"
"IrcAHQtgcId","","4","","TCHAD","LAC","NGOURI"
"ZMwgChiBg2B","","4","","TCHAD","LAC","NGOURI"
"QPE3xhGj39j","","4","","TCHAD","LAC","NGOURI"
"Wu8URTzMwl4","","4","","TCHAD","LAC","NGOURI"
"n01ZQLT9ra1","","4","","TCHAD","LAC","NGOURI"
"RSjbqhvnWJa","","4","","TCHAD","LAC","NGOURI"
"mOiXp3Vh4jP","","4","","TCHAD","LAC","NGOURI"
"MpUVNgTidBS","","4","","TCHAD","LAC","NGOURI"
"xTWcZNuDdNF","","4","","TCHAD","LAC","NGOURI"
"fsuV5OG4G4R","","4","","TCHAD","LAC","NGOURI"
"Bo2MMwuG5Lc","","4","","TCHAD","LAC","NGOURI"
"ZbNMpxpkjJN","","4","","TCHAD","LAC","NGOURI"
"oqXUfimNkXL","","4","","TCHAD","LAC","NGOURI"
"rLwtgMlRs5b","","4","","TCHAD","LAC","NGOURI"
"y1XLum7NEL5","","4","","TCHAD","LAC","NGOURI"
"UbMF7mDNkMz","","4","","TCHAD","LAC","NGOURI"
"UjGmvWMVJNT","","4","","TCHAD","LAC","NGOURI"
"LimoROvjpke","","4","","TCHAD","LAC","NGOURI"
"KMiFVmHP2xt","","4","","TCHAD","LAC","NGOURI"
"DyidXEchdHR","","4","","TCHAD","LAC","NGOURI"
"R5RC6UFJt70","","4","","TCHAD","LAC","NGOURI"
"NjwoYcj2fwR","","4","","TCHAD","LOGONE OCCIDENTAL","BEBALEM"
"Ihw3ZrBAyV2","","4","","TCHAD","LOGONE OCCIDENTAL","BEBALEM"
"zRF3YEvcFmg","","4","","TCHAD","LOGONE OCCIDENTAL","BEBALEM"
"DTo1bQEAO3V","","4","","TCHAD","LOGONE OCCIDENTAL","BEBALEM"
"N21ghcTvsL8","","4","","TCHAD","LOGONE OCCIDENTAL","BEBALEM"
"LYOAbrtASPJ","","4","","TCHAD","LOGONE OCCIDENTAL","BEBALEM"
"FY3qC4HBqZl","","4","","TCHAD","LOGONE OCCIDENTAL","BEBALEM"
"fC0Sz9CW54b","","4","","TCHAD","LOGONE OCCIDENTAL","BEBALEM"
"hK9aik0LULP","","4","","TCHAD","LOGONE OCCIDENTAL","BEBALEM"
"GpAiePI8F7w","","4","","TCHAD","LOGONE OCCIDENTAL","BEBALEM"
"PISGMEHltZX","","4","","TCHAD","LOGONE OCCIDENTAL","BEBALEM"
"M2f44mvydp2","","4","","TCHAD","LOGONE OCCIDENTAL","BEBALEM"
"hoXFqHNrQZn","","4","","TCHAD","LOGONE OCCIDENTAL","BEBALEM"
"NQM8o87SyBA","","4","","TCHAD","LOGONE OCCIDENTAL","BEBALEM"
"QrELLF0edju","","4","","TCHAD","LOGONE OCCIDENTAL","BEBALEM"
"CExFJ5eYRQG","","4","","TCHAD","LOGONE OCCIDENTAL","BEBALEM"
"KTBBev3nuUW","","4","","TCHAD","LOGONE OCCIDENTAL","BEBALEM"
"x4NIXavPgkY","","4","","TCHAD","LOGONE OCCIDENTAL","BEINAMAR"
"et40k7N5uWl","","4","","TCHAD","LOGONE OCCIDENTAL","BEINAMAR"
"zKK56AuetGI","","4","","TCHAD","LOGONE OCCIDENTAL","BEINAMAR"
"z35J1MnqdC0","","4","","TCHAD","LOGONE OCCIDENTAL","BEINAMAR"
"k4UbsaI64x6","","4","","TCHAD","LOGONE OCCIDENTAL","BEINAMAR"
"ruhZVtSoa1G","","4","","TCHAD","LOGONE OCCIDENTAL","BEINAMAR"
"U8Mjn1YLscR","","4","","TCHAD","LOGONE OCCIDENTAL","BEINAMAR"
"Fm2i4g2sP9p","","4","","TCHAD","LOGONE OCCIDENTAL","BEINAMAR"
"wQg9meC6eos","","4","","TCHAD","LOGONE OCCIDENTAL","BEINAMAR"
"nXoJmxSNrti","","4","","TCHAD","LOGONE OCCIDENTAL","BEINAMAR"
"wFqPLRekYs9","","4","","TCHAD","LOGONE OCCIDENTAL","BEINAMAR"
"VyRopjjVP1J","","4","","TCHAD","LOGONE OCCIDENTAL","BEINAMAR"
"Mfbnfpa3Bxd","","4","","TCHAD","LOGONE OCCIDENTAL","BEINAMAR"
"ZaDCpKLONYT","","4","","TCHAD","LOGONE OCCIDENTAL","BEINAMAR"
"bt6etpIbYNe","","4","","TCHAD","LOGONE OCCIDENTAL","BENOYE"
"qW9RddBNDHt","","4","","TCHAD","LOGONE OCCIDENTAL","BENOYE"
"t50jJPyt4TL","","4","","TCHAD","LOGONE OCCIDENTAL","BENOYE"
"BWgwX0nWpCn","","4","","TCHAD","LOGONE OCCIDENTAL","BENOYE"
"aAyK3AtxHY5","","4","","TCHAD","LOGONE OCCIDENTAL","BENOYE"
"ZrrZ2hkL1tU","","4","","TCHAD","LOGONE OCCIDENTAL","BENOYE"
"Pvowk0TGFDO","","4","","TCHAD","LOGONE OCCIDENTAL","BENOYE"
"ExvMV7YBfZo","","4","","TCHAD","LOGONE OCCIDENTAL","BENOYE"
"RYLFLeG12CS","","4","","TCHAD","LOGONE OCCIDENTAL","BENOYE"
"ja8sD4JTtvS","","4","","TCHAD","LOGONE OCCIDENTAL","BENOYE"
"nRk8JhurSnM","","4","","TCHAD","LOGONE OCCIDENTAL","BENOYE"
"YWMPxhAp1I8","","4","","TCHAD","LOGONE OCCIDENTAL","BENOYE"
"bm7HaQZcPbl","","4","","TCHAD","LOGONE OCCIDENTAL","BENOYE"
"aGvhXEF7IH8","","4","","TCHAD","LOGONE OCCIDENTAL","BENOYE"
"ck4lEVVINMe","","4","","TCHAD","LOGONE OCCIDENTAL","BENOYE"
"Qi84bjiuU4T","","4","","TCHAD","LOGONE OCCIDENTAL","BENOYE"
"nX2yXEEyC9G","","4","","TCHAD","LOGONE OCCIDENTAL","BENOYE"
"q3ERJKLCw3s","","4","","TCHAD","LOGONE OCCIDENTAL","KRIM KRIM"
"nbSNjbGtz2z","","4","","TCHAD","LOGONE OCCIDENTAL","KRIM KRIM"
"pXtHnBBbaOD","","4","","TCHAD","LOGONE OCCIDENTAL","KRIM KRIM"
"M0PpwSPdLBw","","4","","TCHAD","LOGONE OCCIDENTAL","KRIM KRIM"
"eWPOUv9yuId","","4","","TCHAD","LOGONE OCCIDENTAL","KRIM KRIM"
"Ura0Zg3hhP0","","4","","TCHAD","LOGONE OCCIDENTAL","KRIM KRIM"
"VYf3WN3fo85","","4","","TCHAD","LOGONE OCCIDENTAL","KRIM KRIM"
"xUeDqAxPQZs","","4","","TCHAD","LOGONE OCCIDENTAL","KRIM KRIM"
"iiBT3GqnrNG","","4","","TCHAD","LOGONE OCCIDENTAL","KRIM KRIM"
"H37oVPNDTsc","","4","","TCHAD","LOGONE OCCIDENTAL","KRIM KRIM"
"MUNZ9T0m1bO","","4","","TCHAD","LOGONE OCCIDENTAL","KRIM KRIM"
"XLXYM3bNDe6","","4","","TCHAD","LOGONE OCCIDENTAL","KRIM KRIM"
"brN2X5BdIK5","","4","","TCHAD","LOGONE OCCIDENTAL","KRIM KRIM"
"Q5h8ya5Romb","","4","","TCHAD","LOGONE OCCIDENTAL","KRIM KRIM"
"nv7FH2lkDFb","","4","","TCHAD","LOGONE OCCIDENTAL","LAOKASSY"
"T9cHDLeAkH7","","4","","TCHAD","LOGONE OCCIDENTAL","LAOKASSY"
"rKx8mlwshwj","","4","","TCHAD","LOGONE OCCIDENTAL","LAOKASSY"
"ULiCcSxo1ql","","4","","TCHAD","LOGONE OCCIDENTAL","LAOKASSY"
"Oap4SEPXIEt","","4","","TCHAD","LOGONE OCCIDENTAL","LAOKASSY"
"GP2yypG6IUP","","4","","TCHAD","LOGONE OCCIDENTAL","LAOKASSY"
"z6J29SHVW8G","","4","","TCHAD","LOGONE OCCIDENTAL","LAOKASSY"
"M25Z8kTg0sE","","4","","TCHAD","LOGONE OCCIDENTAL","LAOKASSY"
"HPF7fCb8Y5O","","4","","TCHAD","LOGONE OCCIDENTAL","LAOKASSY"
"U84HZe4JFJh","","4","","TCHAD","LOGONE OCCIDENTAL","LAOKASSY"
"eE4VFY15v49","","4","","TCHAD","LOGONE OCCIDENTAL","LAOKASSY"
"SVveedcFXn2","","4","","TCHAD","LOGONE OCCIDENTAL","LAOKASSY"
"hV5tVCRSPbM","","4","","TCHAD","LOGONE OCCIDENTAL","LAOKASSY"
"kQ8j0RQ2Qpx","","4","","TCHAD","LOGONE OCCIDENTAL","MOUNDOU CENTRE"
"s7S81xiuo9r","","4","","TCHAD","LOGONE OCCIDENTAL","MOUNDOU CENTRE"
"eMsqYFW703c","","4","","TCHAD","LOGONE OCCIDENTAL","MOUNDOU CENTRE"
"NXgAopnkExP","","4","","TCHAD","LOGONE OCCIDENTAL","MOUNDOU CENTRE"
"dQFnrdjxspW","","4","","TCHAD","LOGONE OCCIDENTAL","MOUNDOU CENTRE"
"YUmzbux5rL9","","4","","TCHAD","LOGONE OCCIDENTAL","MOUNDOU CENTRE"
"FweoRLWsqx1","","4","","TCHAD","LOGONE OCCIDENTAL","MOUNDOU CENTRE"
"ok9kKacvaD6","","4","","TCHAD","LOGONE OCCIDENTAL","MOUNDOU CENTRE"
"a6O2N0SLokV","","4","","TCHAD","LOGONE OCCIDENTAL","MOUNDOU CENTRE"
"X63AL72o9KW","","4","","TCHAD","LOGONE OCCIDENTAL","MOUNDOU CENTRE"
"Hklix8NFp3z","","4","","TCHAD","LOGONE OCCIDENTAL","MOUNDOU CENTRE"
"SSiCg2DLRLF","","4","","TCHAD","LOGONE OCCIDENTAL","MOUNDOU CENTRE"
"Ltwdbv6DY3M","","4","","TCHAD","LOGONE OCCIDENTAL","MOUNDOU CENTRE"
"B0zVeTcP2G2","","4","","TCHAD","LOGONE OCCIDENTAL","MOUNDOU CENTRE"
"ss5A1tpkF8n","","4","","TCHAD","LOGONE OCCIDENTAL","MOUNDOU CENTRE"
"vhKBItE7XJu","","4","","TCHAD","LOGONE OCCIDENTAL","MOUNDOU CENTRE"
"KufT46POelA","","4","","TCHAD","LOGONE OCCIDENTAL","MOUNDOU CENTRE"
"Jiwv8fn0mgX","","4","","TCHAD","LOGONE OCCIDENTAL","MOUNDOU CENTRE"
"TbePGZ7CwmH","","4","","TCHAD","LOGONE OCCIDENTAL","MOUNDOU CENTRE"
"dTbBcsFnscC","","4","","TCHAD","LOGONE OCCIDENTAL","MOUNDOU CENTRE"
"t0ij2sY0HXZ","","4","","TCHAD","LOGONE OCCIDENTAL","MOUNDOU CENTRE"
"PusvluHLAgR","","4","","TCHAD","LOGONE OCCIDENTAL","MOUNDOU CENTRE"
"PHZMFNNrTRJ","","4","","TCHAD","LOGONE OCCIDENTAL","MOUNDOU CENTRE"
"DGywCFzUWVP","","4","","TCHAD","LOGONE OCCIDENTAL","MOUNDOU CENTRE"
"TddXNDD9jpR","","4","","TCHAD","LOGONE OCCIDENTAL","MOUNDOU CENTRE"
"z1fan98jR9V","","4","","TCHAD","LOGONE OCCIDENTAL","MOUNDOU CENTRE"
"m1rqDDLf0rH","","4","","TCHAD","LOGONE OCCIDENTAL","MOUNDOU CENTRE"
"JmJijY0XpjQ","","4","","TCHAD","LOGONE OCCIDENTAL","MOUNDOU CENTRE"
"kX3OWqZ2iVV","","4","","TCHAD","LOGONE OCCIDENTAL","MOUNDOU EST"
"KmYkvBtOX9M","","4","","TCHAD","LOGONE OCCIDENTAL","MOUNDOU EST"
"bih879ciClf","","4","","TCHAD","LOGONE OCCIDENTAL","MOUNDOU EST"
"FwJIdT1HtIP","","4","","TCHAD","LOGONE OCCIDENTAL","MOUNDOU EST"
"gAsUSqWYhBL","","4","","TCHAD","LOGONE OCCIDENTAL","MOUNDOU EST"
"lOOXRAVV04O","","4","","TCHAD","LOGONE OCCIDENTAL","MOUNDOU EST"
"NVcWQPHrGOv","","4","","TCHAD","LOGONE OCCIDENTAL","MOUNDOU EST"
"bf8k5MVrwO1","","4","","TCHAD","LOGONE OCCIDENTAL","MOUNDOU EST"
"BmaaAaWx6cm","","4","","TCHAD","LOGONE OCCIDENTAL","MOUNDOU EST"
"ahn098UWPhG","","4","","TCHAD","LOGONE OCCIDENTAL","MOUNDOU EST"
"xoNo11fEE9d","","4","","TCHAD","LOGONE OCCIDENTAL","MOUNDOU EST"
"S12Fey2dgw2","","4","","TCHAD","LOGONE OCCIDENTAL","MOUNDOU OUEST"
"nlQYrD8lqGj","","4","","TCHAD","LOGONE OCCIDENTAL","MOUNDOU OUEST"
"KoWEZMwd5fj","","4","","TCHAD","LOGONE OCCIDENTAL","MOUNDOU OUEST"
"rTSRIyZec2V","","4","","TCHAD","LOGONE OCCIDENTAL","MOUNDOU OUEST"
"zIUGV9FBcVy","","4","","TCHAD","LOGONE OCCIDENTAL","MOUNDOU OUEST"
"jw4vNGwkTnU","","4","","TCHAD","LOGONE OCCIDENTAL","MOUNDOU OUEST"
"Vn2sms5qV3u","","4","","TCHAD","LOGONE OCCIDENTAL","MOUNDOU OUEST"
"lwdfRpXj4U1","","4","","TCHAD","LOGONE OCCIDENTAL","MOUNDOU OUEST"
"kDtMGC9wZiQ","","4","","TCHAD","LOGONE OCCIDENTAL","MOUNDOU OUEST"
"jyyzsGO8zOV","","4","","TCHAD","LOGONE OCCIDENTAL","MOUNDOU OUEST"
"LqVs0DKL2jb","","4","","TCHAD","LOGONE OCCIDENTAL","MOUNDOU OUEST"
"qU8xh2mYIdp","","4","","TCHAD","LOGONE OCCIDENTAL","MOUNDOU OUEST"
"Q0vEYux4fxv","","4","","TCHAD","LOGONE ORIENTAL","BAIBOKOUM"
"u0UYoPN0JxS","","4","","TCHAD","LOGONE ORIENTAL","BAIBOKOUM"
"cuVvSoS2cXL","","4","","TCHAD","LOGONE ORIENTAL","BAIBOKOUM"
"d8M35ODRzPe","","4","","TCHAD","LOGONE ORIENTAL","BAIBOKOUM"
"sp9QMC9osim","","4","","TCHAD","LOGONE ORIENTAL","BAIBOKOUM"
"rtHnNdQkVjX","","4","","TCHAD","LOGONE ORIENTAL","BAIBOKOUM"
"IpGfMq8cL5F","","4","","TCHAD","LOGONE ORIENTAL","BAIBOKOUM"
"PP1VL3mKsfz","","4","","TCHAD","LOGONE ORIENTAL","BAIBOKOUM"
"IhhmiPHGuQ6","","4","","TCHAD","LOGONE ORIENTAL","BAIBOKOUM"
"VkSBo6noQTB","","4","","TCHAD","LOGONE ORIENTAL","BAIBOKOUM"
"uQUAWbTSYK1","","4","","TCHAD","LOGONE ORIENTAL","BAIBOKOUM"
"mYP15AJjUBq","","4","","TCHAD","LOGONE ORIENTAL","BEBIDJA"
"amcn6pAYZnS","","4","","TCHAD","LOGONE ORIENTAL","BEBIDJA"
"zuOzInqP0Co","","4","","TCHAD","LOGONE ORIENTAL","BEBIDJA"
"K7CisP97aOX","","4","","TCHAD","LOGONE ORIENTAL","BEBIDJA"
"WO1keIZ72bC","","4","","TCHAD","LOGONE ORIENTAL","BEBIDJA"
"cSiiOreBUU9","","4","","TCHAD","LOGONE ORIENTAL","BEBIDJA"
"gtZEVDnDdDe","","4","","TCHAD","LOGONE ORIENTAL","BEBIDJA"
"zGnvT3H43JG","","4","","TCHAD","LOGONE ORIENTAL","BEBIDJA"
"pTSBozRLQNX","","4","","TCHAD","LOGONE ORIENTAL","BEBIDJA"
"v1KB7uWJtyM","","4","","TCHAD","LOGONE ORIENTAL","BEBIDJA"
"j3g5pUaJAgZ","","4","","TCHAD","LOGONE ORIENTAL","BEBIDJA"
"x2rpGoimHB3","","4","","TCHAD","LOGONE ORIENTAL","BEBIDJA"
"zV6fp1onzdA","","4","","TCHAD","LOGONE ORIENTAL","BEBIDJA"
"a5ydoTFl30t","","4","","TCHAD","LOGONE ORIENTAL","BEBIDJA"
"f3Jj8OnKIXN","","4","","TCHAD","LOGONE ORIENTAL","BEBIDJA"
"XAohCMeyuTs","","4","","TCHAD","LOGONE ORIENTAL","BEBIDJA"
"oo6kR4OabK6","","4","","TCHAD","LOGONE ORIENTAL","BEBIDJA"
"mPfNuxWGWD5","","4","","TCHAD","LOGONE ORIENTAL","BEBIDJA"
"RFon7iitinA","","4","","TCHAD","LOGONE ORIENTAL","BEBIDJA"
"B6Nxa6ghVRM","","4","","TCHAD","LOGONE ORIENTAL","BEBOTO"
"FVobrdBUMaL","","4","","TCHAD","LOGONE ORIENTAL","BEBOTO"
"WADpJljxoXm","","4","","TCHAD","LOGONE ORIENTAL","BEBOTO"
"dTktOtJ0rGQ","","4","","TCHAD","LOGONE ORIENTAL","BEBOTO"
"doxIIvlexFB","","4","","TCHAD","LOGONE ORIENTAL","BEBOTO"
"ug2v1GLB7hs","","4","","TCHAD","LOGONE ORIENTAL","BEBOTO"
"M2xZLnh7nnk","","4","","TCHAD","LOGONE ORIENTAL","BEBOTO"
"yR9c7Jh7mCf","","4","","TCHAD","LOGONE ORIENTAL","BEBOTO"
"bwSXOS2OCIq","","4","","TCHAD","LOGONE ORIENTAL","BEBOTO"
"k2Ui32CehXa","","4","","TCHAD","LOGONE ORIENTAL","BEBOTO"
"l2w9hDjago6","","4","","TCHAD","LOGONE ORIENTAL","BEBOTO"
"Q4I6Rl6sbCU","","4","","TCHAD","LOGONE ORIENTAL","BEBOTO"
"mOTYs3L0MpV","","4","","TCHAD","LOGONE ORIENTAL","BEBOTO"
"sWl4YKeCdJu","","4","","TCHAD","LOGONE ORIENTAL","BEBOTO"
"ho9OCKK16qq","","4","","TCHAD","LOGONE ORIENTAL","BESSAO"
"Bb2AneJLQAR","","4","","TCHAD","LOGONE ORIENTAL","BESSAO"
"FjajSadR7Uf","","4","","TCHAD","LOGONE ORIENTAL","BESSAO"
"Iu7HCs87qoj","","4","","TCHAD","LOGONE ORIENTAL","BESSAO"
"Z39vW9pnaAW","","4","","TCHAD","LOGONE ORIENTAL","BESSAO"
"wJKfUL4MFJR","","4","","TCHAD","LOGONE ORIENTAL","BESSAO"
"Y6cwsfoprMh","","4","","TCHAD","LOGONE ORIENTAL","BESSAO"
"W2b5Eg6J4Wz","","4","","TCHAD","LOGONE ORIENTAL","BESSAO"
"L4qDXFcei42","","4","","TCHAD","LOGONE ORIENTAL","BESSAO"
"TvMEszv4TDp","","4","","TCHAD","LOGONE ORIENTAL","BESSAO"
"ROqMdGdh1PS","","4","","TCHAD","LOGONE ORIENTAL","BESSAO"
"cVGVayE1Sfg","","4","","TCHAD","LOGONE ORIENTAL","BESSAO"
"jWwGisGCmXm","","4","","TCHAD","LOGONE ORIENTAL","BESSAO"
"YhUAnSK8wZH","","4","","TCHAD","LOGONE ORIENTAL","BESSAO"
"ItFChCoRkfq","","4","","TCHAD","LOGONE ORIENTAL","BESSAO"
"WWChPuA6wRE","","4","","TCHAD","LOGONE ORIENTAL","BESSAO"
"YA1YyKOwl8Y","","4","","TCHAD","LOGONE ORIENTAL","BESSAO"
"Hl2YcXy4X5k","","4","","TCHAD","LOGONE ORIENTAL","BESSAO"
"lwGdiZjEgoE","","4","","TCHAD","LOGONE ORIENTAL","BESSAO"
"CAyCxAayD1p","","4","","TCHAD","LOGONE ORIENTAL","BODO"
"ohVYMxYulj8","","4","","TCHAD","LOGONE ORIENTAL","BODO"
"WrsnAng5wth","","4","","TCHAD","LOGONE ORIENTAL","BODO"
"lpWIg95Cg0X","","4","","TCHAD","LOGONE ORIENTAL","BODO"
"ZZkU6shX61h","","4","","TCHAD","LOGONE ORIENTAL","BODO"
"EpSaWcIAxob","","4","","TCHAD","LOGONE ORIENTAL","BODO"
"Oy0BXUmmUro","","4","","TCHAD","LOGONE ORIENTAL","BODO"
"cpmZlRwFoxS","","4","","TCHAD","LOGONE ORIENTAL","BODO"
"dBl3kosN7XG","","4","","TCHAD","LOGONE ORIENTAL","BODO"
"HC9h7XpJBDB","","4","","TCHAD","LOGONE ORIENTAL","BODO"
"i6OTQCQztOT","","4","","TCHAD","LOGONE ORIENTAL","BODO"
"vTy0Mf4bFIS","","4","","TCHAD","LOGONE ORIENTAL","BODO"
"TvFHo9Ve64f","","4","","TCHAD","LOGONE ORIENTAL","BODO"
"MaTZQ6NeVu9","","4","","TCHAD","LOGONE ORIENTAL","BODO"
"LO6nZXQ6EgC","","4","","TCHAD","LOGONE ORIENTAL","BODO"
"jQNRuGUyNBv","","4","","TCHAD","LOGONE ORIENTAL","BODO"
"xkw2A4fXKYG","","4","","TCHAD","LOGONE ORIENTAL","BODO"
"rCBuvFYcz8F","","4","","TCHAD","LOGONE ORIENTAL","BODO"
"ze1JQwOT3Y7","","4","","TCHAD","LOGONE ORIENTAL","BODO"
"DuwpgIowAj1","","4","","TCHAD","LOGONE ORIENTAL","BODO"
"qfUatIWbWil","","4","","TCHAD","LOGONE ORIENTAL","BODO"
"F5p6CE3b1fC","","4","","TCHAD","LOGONE ORIENTAL","BODO"
"ICEYhztHLdB","","4","","TCHAD","LOGONE ORIENTAL","BODO"
"BuOA5h9TvTQ","","4","","TCHAD","LOGONE ORIENTAL","DOBA"
"rijAfsAeqdz","","4","","TCHAD","LOGONE ORIENTAL","DOBA"
"iTTJodKNMRz","","4","","TCHAD","LOGONE ORIENTAL","DOBA"
"i0AeDidshkQ","","4","","TCHAD","LOGONE ORIENTAL","DOBA"
"tdobSzDUW3x","","4","","TCHAD","LOGONE ORIENTAL","DOBA"
"QN6sbwlkPuz","","4","","TCHAD","LOGONE ORIENTAL","DOBA"
"J4Cn9JbXaKY","","4","","TCHAD","LOGONE ORIENTAL","DOBA"
"HtoceFlvho7","","4","","TCHAD","LOGONE ORIENTAL","DOBA"
"zcfYsKenACc","","4","","TCHAD","LOGONE ORIENTAL","DOBA"
"TTuNCMZPSDf","","4","","TCHAD","LOGONE ORIENTAL","DOBA"
"YexNVCWETCK","","4","","TCHAD","LOGONE ORIENTAL","DOBA"
"iMLnIMcwqBg","","4","","TCHAD","LOGONE ORIENTAL","DOBA"
"S2MrGgNl1wm","","4","","TCHAD","LOGONE ORIENTAL","DOBA"
"ktDStLzRfpx","","4","","TCHAD","LOGONE ORIENTAL","DOBA"
"hbhBSbrVEMa","","4","","TCHAD","LOGONE ORIENTAL","DOBA"
"cfbamqNCY2S","","4","","TCHAD","LOGONE ORIENTAL","DOBA"
"H9H0Hz0Z9xT","","4","","TCHAD","LOGONE ORIENTAL","DOBA"
"t73qUEKIGo1","","4","","TCHAD","LOGONE ORIENTAL","DOBA"
"yIrVrogcLIy","","4","","TCHAD","LOGONE ORIENTAL","DOBA"
"ftHp0RAsK9M","","4","","TCHAD","LOGONE ORIENTAL","DOBA"
"IPQzB8bIvl1","","4","","TCHAD","LOGONE ORIENTAL","DONIA"
"Dx5WjO0IKfa","","4","","TCHAD","LOGONE ORIENTAL","DONIA"
"ctidQ7nfMK8","","4","","TCHAD","LOGONE ORIENTAL","DONIA"
"T5yipY3Ty2h","","4","","TCHAD","LOGONE ORIENTAL","DONIA"
"ZsrnmxiJYFR","","4","","TCHAD","LOGONE ORIENTAL","DONIA"
"f08Z44cMWOV","","4","","TCHAD","LOGONE ORIENTAL","DONIA"
"A1yTHFcmEPD","","4","","TCHAD","LOGONE ORIENTAL","DONIA"
"BRFPzCVOovt","","4","","TCHAD","LOGONE ORIENTAL","DONIA"
"o9AYOFE0Bwb","","4","","TCHAD","LOGONE ORIENTAL","DONIA"
"TE1moC88d21","","4","","TCHAD","LOGONE ORIENTAL","DONIA"
"TvC2pXOJUa6","","4","","TCHAD","LOGONE ORIENTAL","DONIA"
"a3tkK3ld2RI","","4","","TCHAD","LOGONE ORIENTAL","DONIA"
"VToEf8Erqmh","","4","","TCHAD","LOGONE ORIENTAL","DONIA"
"bAkl8tR8gmJ","","4","","TCHAD","LOGONE ORIENTAL","DONIA"
"LcVbACnTqwM","","4","","TCHAD","LOGONE ORIENTAL","DONIA"
"PivYG4hsO19","","4","","TCHAD","LOGONE ORIENTAL","DONIA"
"P1OwW3cDeof","","4","","TCHAD","LOGONE ORIENTAL","GORE"
"rfT5ztGozH1","","4","","TCHAD","LOGONE ORIENTAL","GORE"
"PqZXX9JcKNJ","","4","","TCHAD","LOGONE ORIENTAL","GORE"
"WDFRY5DAj4L","","4","","TCHAD","LOGONE ORIENTAL","GORE"
"lUs5UIN0KwB","","4","","TCHAD","LOGONE ORIENTAL","GORE"
"avqVR76BPrY","","4","","TCHAD","LOGONE ORIENTAL","GORE"
"hq7gXnuEA5K","","4","","TCHAD","LOGONE ORIENTAL","GORE"
"D8SlfQi60Zv","","4","","TCHAD","LOGONE ORIENTAL","GORE"
"fkduv50c1lc","","4","","TCHAD","LOGONE ORIENTAL","GORE"
"A6aF0jZjSxX","","4","","TCHAD","LOGONE ORIENTAL","GORE"
"oQWOJW7X4eI","","4","","TCHAD","LOGONE ORIENTAL","GORE"
"iA55mch6OzO","","4","","TCHAD","LOGONE ORIENTAL","GORE"
"ckdsGDbXPtz","","4","","TCHAD","LOGONE ORIENTAL","GORE"
"ceXWYhn93nc","","4","","TCHAD","LOGONE ORIENTAL","GORE"
"U1pTFMAluQl","","4","","TCHAD","LOGONE ORIENTAL","GORE"
"YyaW2tMNCoJ","","4","","TCHAD","LOGONE ORIENTAL","GORE"
"GvSpe9YW1nm","","4","","TCHAD","LOGONE ORIENTAL","GORE"
"L5rOCG4a8eC","","4","","TCHAD","LOGONE ORIENTAL","GORE"
"KlkfX23ZrnR","","4","","TCHAD","LOGONE ORIENTAL","GORE"
"fmpVBBA4AkR","","4","","TCHAD","LOGONE ORIENTAL","GORE"
"wN9eDhsiUPD","","4","","TCHAD","LOGONE ORIENTAL","GORE"
"sqft5VZhVKb","","4","","TCHAD","LOGONE ORIENTAL","GORE"
"yENkn5JfVb1","","4","","TCHAD","LOGONE ORIENTAL","GORE"
"xdKrtZ42edE","","4","","TCHAD","LOGONE ORIENTAL","KARA"
"fZo8PhlIMpt","","4","","TCHAD","LOGONE ORIENTAL","KARA"
"tTNsCom623w","","4","","TCHAD","LOGONE ORIENTAL","KARA"
"u4Zvhrutncn","","4","","TCHAD","LOGONE ORIENTAL","KARA"
"NkBLIDC1H1g","","4","","TCHAD","LOGONE ORIENTAL","KARA"
"QWNrONUuEsI","","4","","TCHAD","LOGONE ORIENTAL","KARA"
"u1WCuPTQ5IJ","","4","","TCHAD","LOGONE ORIENTAL","KARA"
"FF1hFrcK28B","","4","","TCHAD","LOGONE ORIENTAL","KARA"
"VTMOvH8UB1Z","","4","","TCHAD","LOGONE ORIENTAL","KARA"
"UyOOPFu8PW3","","4","","TCHAD","LOGONE ORIENTAL","KARA"
"iz4Y1GyO06e","","4","","TCHAD","LOGONE ORIENTAL","LARMANAYE"
"F7rOxMHhmG0","","4","","TCHAD","LOGONE ORIENTAL","LARMANAYE"
"d8IzZ1toUur","","4","","TCHAD","LOGONE ORIENTAL","LARMANAYE"
"HmU0QctwcaQ","","4","","TCHAD","LOGONE ORIENTAL","LARMANAYE"
"RBlofsj7XbH","","4","","TCHAD","LOGONE ORIENTAL","LARMANAYE"
"PLrh0GbJANn","","4","","TCHAD","LOGONE ORIENTAL","LARMANAYE"
"G2cV8UYAA7h","","4","","TCHAD","LOGONE ORIENTAL","LARMANAYE"
"sbyHL2JpzPK","","4","","TCHAD","LOGONE ORIENTAL","LARMANAYE"
"LqNU523P1q1","","4","","TCHAD","LOGONE ORIENTAL","LARMANAYE"
"FZ54iFKJXt1","","4","","TCHAD","LOGONE ORIENTAL","LARMANAYE"
"mfKEAk66rs1","","4","","TCHAD","LOGONE ORIENTAL","LARMANAYE"
"HllW1mx3CD6","","4","","TCHAD","LOGONE ORIENTAL","YAMODO"
"LhikMsSeqjn","","4","","TCHAD","LOGONE ORIENTAL","YAMODO"
"ahAc91SXpyQ","","4","","TCHAD","LOGONE ORIENTAL","YAMODO"
"ghOODLplGdc","","4","","TCHAD","LOGONE ORIENTAL","YAMODO"
"uRfKHW9shnw","","4","","TCHAD","LOGONE ORIENTAL","YAMODO"
"VwMQNKd6Gyr","","4","","TCHAD","MANDOUL","BEDAYA"
"Rhsem8OFMOU","","4","","TCHAD","MANDOUL","BEDAYA"
"rFoCtksl5R3","","4","","TCHAD","MANDOUL","BEDAYA"
"EV8ho5d47md","","4","","TCHAD","MANDOUL","BEDAYA"
"IEwRujLWEo8","","4","","TCHAD","MANDOUL","BEDAYA"
"lo0gRx3gAyl","","4","","TCHAD","MANDOUL","BEDAYA"
"BNhVTU5lFl9","","4","","TCHAD","MANDOUL","BEDAYA"
"RpJGqudhvUi","","4","","TCHAD","MANDOUL","BEDAYA"
"IxbXEzykzZk","","4","","TCHAD","MANDOUL","BEDAYA"
"PKg6RpWEulO","","4","","TCHAD","MANDOUL","BEDAYA"
"NwmuoZG5sG3","","4","","TCHAD","MANDOUL","BEDAYA"
"t7wkG96kTp3","","4","","TCHAD","MANDOUL","BEDAYA"
"Dr10hOJITFD","","4","","TCHAD","MANDOUL","BEDJONDO"
"PHMRLUSJUBs","","4","","TCHAD","MANDOUL","BEDJONDO"
"gOPrxdcZdxV","","4","","TCHAD","MANDOUL","BEDJONDO"
"rmaJqccnTRd","","4","","TCHAD","MANDOUL","BEDJONDO"
"VzlFYzXjXzO","","4","","TCHAD","MANDOUL","BEDJONDO"
"yDOgFcrptCV","","4","","TCHAD","MANDOUL","BEDJONDO"
"RXpuGKxAeyC","","4","","TCHAD","MANDOUL","BEDJONDO"
"zJSRrfGqPms","","4","","TCHAD","MANDOUL","BEDJONDO"
"U8WT4FQqZYA","","4","","TCHAD","MANDOUL","BEDJONDO"
"kuyDLc03rWw","","4","","TCHAD","MANDOUL","BEDJONDO"
"gLeZZlXyZws","","4","","TCHAD","MANDOUL","BEDJONDO"
"Vu4NSfQlLEl","","4","","TCHAD","MANDOUL","BEDJONDO"
"F2nQdt7Y0ji","","4","","TCHAD","MANDOUL","BEDJONDO"
"fs7981Kj390","","4","","TCHAD","MANDOUL","BEDJONDO"
"DfRnxtWEWU9","","4","","TCHAD","MANDOUL","BEDJONDO"
"To4dc7TZpuE","","4","","TCHAD","MANDOUL","BEDJONDO"
"jaKXbxPlwDk","","4","","TCHAD","MANDOUL","BEKOUROU"
"O0YagOmS0nP","","4","","TCHAD","MANDOUL","BEKOUROU"
"jiaFbgJJpvY","","4","","TCHAD","MANDOUL","BEKOUROU"
"WRqA5OkchgS","","4","","TCHAD","MANDOUL","BEKOUROU"
"wtmqTuchUJX","","4","","TCHAD","MANDOUL","BEKOUROU"
"Kvj36x3NW8s","","4","","TCHAD","MANDOUL","BEKOUROU"
"skgQkx9UvDy","","4","","TCHAD","MANDOUL","BEKOUROU"
"SCaOU4qiG1d","","4","","TCHAD","MANDOUL","BEKOUROU"
"Gl0us2cUuCG","","4","","TCHAD","MANDOUL","BEKOUROU"
"vZvucFWB2Aj","","4","","TCHAD","MANDOUL","BOUNA"
"D0G6uaupw2d","","4","","TCHAD","MANDOUL","BOUNA"
"XIyvAnypkHn","","4","","TCHAD","MANDOUL","BOUNA"
"pZPIsAOqjcS","","4","","TCHAD","MANDOUL","BOUNA"
"vdfPDzcz308","","4","","TCHAD","MANDOUL","BOUNA"
"u48597n5uUO","","4","","TCHAD","MANDOUL","BOUNA"
"OpT3wGmj3hF","","4","","TCHAD","MANDOUL","BOUNA"
"nXZMK5MKzlV","","4","","TCHAD","MANDOUL","BOUNA"
"ANMDWYdsHU8","","4","","TCHAD","MANDOUL","BOUNA"
"uEyZMvC02oa","","4","","TCHAD","MANDOUL","BOUNA"
"Qyjr4MKxQT4","","4","","TCHAD","MANDOUL","BOUNA"
"Rq5nA132nfn","","4","","TCHAD","MANDOUL","BOUNA"
"B5xJFc7d75A","","4","","TCHAD","MANDOUL","BOUNA"
"RJsyAiUcce7","","4","","TCHAD","MANDOUL","BOUNA"
"dH3646pnCvE","","4","","TCHAD","MANDOUL","GOUNDI"
"NqD5eY67agz","","4","","TCHAD","MANDOUL","GOUNDI"
"clrLowLxmBY","","4","","TCHAD","MANDOUL","GOUNDI"
"HppromgRjR0","","4","","TCHAD","MANDOUL","GOUNDI"
"WX8CA5eTyaR","","4","","TCHAD","MANDOUL","GOUNDI"
"rwAjTa1qDG5","","4","","TCHAD","MANDOUL","GOUNDI"
"peIspe3WVMc","","4","","TCHAD","MANDOUL","GOUNDI"
"ZQ653EnsZP4","","4","","TCHAD","MANDOUL","GOUNDI"
"PIkFEdjC17F","","4","","TCHAD","MANDOUL","GOUNDI"
"hitsPj1kZYU","","4","","TCHAD","MANDOUL","GOUNDI"
"cHOCaOryQl3","","4","","TCHAD","MANDOUL","GOUNDI"
"VHyAFxmMpc9","","4","","TCHAD","MANDOUL","GOUNDI"
"oYu1PEXRw8I","","4","","TCHAD","MANDOUL","GOUNDI"
"wYijg4Cc0rD","","4","","TCHAD","MANDOUL","GOUNDI"
"NatlXW2vg3H","","4","","TCHAD","MANDOUL","KOUMRA"
"oFnKor3aBZe","","4","","TCHAD","MANDOUL","KOUMRA"
"pu6c3tX1XN2","","4","","TCHAD","MANDOUL","KOUMRA"
"dZAmasCKN6x","","4","","TCHAD","MANDOUL","KOUMRA"
"kh18jPQ8vv1","","4","","TCHAD","MANDOUL","KOUMRA"
"eBaH7jMGdNR","","4","","TCHAD","MANDOUL","KOUMRA"
"CUnkuP181ot","","4","","TCHAD","MANDOUL","KOUMRA"
"hnxp5oKDQ8S","","4","","TCHAD","MANDOUL","KOUMRA"
"tO2zvEbAMdh","","4","","TCHAD","MANDOUL","KOUMRA"
"xzF0PQO7qq0","","4","","TCHAD","MANDOUL","KOUMRA"
"Gq89t8jBKqJ","","4","","TCHAD","MANDOUL","KOUMRA"
"ZORv9kyuM5G","","4","","TCHAD","MANDOUL","KOUMRA"
"s8fjy1415Al","","4","","TCHAD","MANDOUL","KOUMRA"
"uKBuyPME2FZ","","4","","TCHAD","MANDOUL","MOISSALA"
"b7qu8jqbuDZ","","4","","TCHAD","MANDOUL","MOISSALA"
"GMkWpF8zs3b","","4","","TCHAD","MANDOUL","MOISSALA"
"YPMTgBaU5co","","4","","TCHAD","MANDOUL","MOISSALA"
"Px7Hwse6y7q","","4","","TCHAD","MANDOUL","MOISSALA"
"mp6ya7BTNyu","","4","","TCHAD","MANDOUL","MOISSALA"
"xxhkFnZe6tl","","4","","TCHAD","MANDOUL","MOISSALA"
"xNpI3o9OZL5","","4","","TCHAD","MANDOUL","MOISSALA"
"Ymf8lGA2KVr","","4","","TCHAD","MANDOUL","MOISSALA"
"OJXsKNSREFJ","","4","","TCHAD","MANDOUL","MOISSALA"
"cKFSkpWqhqG","","4","","TCHAD","MANDOUL","MOISSALA"
"qx3LjYqM7Hg","","4","","TCHAD","MANDOUL","MOISSALA"
"Y8ScbnBHrVi","","4","","TCHAD","MANDOUL","MOISSALA"
"I0cJaJlaSpQ","","4","","TCHAD","MANDOUL","MOISSALA"
"utKg4RTdRDi","","4","","TCHAD","MANDOUL","MOISSALA"
"gi3bCc1T9n1","","4","","TCHAD","MANDOUL","MOISSALA"
"uVGIatC7YCT","","4","","TCHAD","MANDOUL","MOISSALA"
"jfv4P05GSTc","","4","","TCHAD","MANDOUL","MOUROUM GOULAYE"
"dc97CenxZoZ","","4","","TCHAD","MANDOUL","MOUROUM GOULAYE"
"tsAnDSeykfm","","4","","TCHAD","MANDOUL","MOUROUM GOULAYE"
"mAltMBZbMvS","","4","","TCHAD","MANDOUL","MOUROUM GOULAYE"
"mWWneFS4uBn","","4","","TCHAD","MANDOUL","MOUROUM GOULAYE"
"jdTWSuer8rh","","4","","TCHAD","MANDOUL","MOUROUM GOULAYE"
"bu84D3QJAY5","","4","","TCHAD","MANDOUL","PENI"
"hT31rp4bTEm","","4","","TCHAD","MANDOUL","PENI"
"QFJc6HDzQb5","","4","","TCHAD","MANDOUL","PENI"
"hu7Vu7lhyRr","","4","","TCHAD","MANDOUL","PENI"
"nHz4UL2079E","","4","","TCHAD","MANDOUL","PENI"
"xLMOFEJvcD2","","4","","TCHAD","MANDOUL","PENI"
"oMIhzrb7Yji","","4","","TCHAD","MANDOUL","PENI"
"zwJDZchlwdB","","4","","TCHAD","MANDOUL","PENI"
"kLyySVTibOW","","4","","TCHAD","MANDOUL","PENI"
"JFuwh9KBRmq","","4","","TCHAD","MANDOUL","PENI"
"BKnRFKWoCRz","","4","","TCHAD","MANDOUL","PENI"
"yDPPwPU6S6b","","4","","TCHAD","MAYO KEBBI EST","BILIAM OURSI"
"ruyM94I3rvR","","4","","TCHAD","MAYO KEBBI EST","BILIAM OURSI"
"KIKUyPrSTbO","","4","","TCHAD","MAYO KEBBI EST","BILIAM OURSI"
"tib4RIfJ6h1","","4","","TCHAD","MAYO KEBBI EST","BILIAM OURSI"
"THGXGyv7MpB","","4","","TCHAD","MAYO KEBBI EST","BILIAM OURSI"
"U4dvix1Nkar","","4","","TCHAD","MAYO KEBBI EST","BILIAM OURSI"
"SxvPnrGCodi","","4","","TCHAD","MAYO KEBBI EST","BONGOR"
"lFSRiT8QdMA","","4","","TCHAD","MAYO KEBBI EST","BONGOR"
"h1AhU71I8wS","","4","","TCHAD","MAYO KEBBI EST","BONGOR"
"ydqPg4EK4qe","","4","","TCHAD","MAYO KEBBI EST","BONGOR"
"CcZF7wawtWh","","4","","TCHAD","MAYO KEBBI EST","BONGOR"
"FJtfS3rA1de","","4","","TCHAD","MAYO KEBBI EST","BONGOR"
"lmGuFbVQ4q4","","4","","TCHAD","MAYO KEBBI EST","BONGOR"
"ZBAeGjRprch","","4","","TCHAD","MAYO KEBBI EST","BONGOR"
"bTyk6bG1fwA","","4","","TCHAD","MAYO KEBBI EST","BONGOR"
"j79GlHGaWyg","","4","","TCHAD","MAYO KEBBI EST","BONGOR"
"prsv1WkETMj","","4","","TCHAD","MAYO KEBBI EST","BONGOR"
"KWMTqHA4Dlc","","4","","TCHAD","MAYO KEBBI EST","BONGOR"
"RXpKBt82iKZ","","4","","TCHAD","MAYO KEBBI EST","BONGOR"
"POR2LCa7wd4","","4","","TCHAD","MAYO KEBBI EST","BONGOR"
"jla8mCUGb25","","4","","TCHAD","MAYO KEBBI EST","BONGOR"
"MFJK9ySAfvf","","4","","TCHAD","MAYO KEBBI EST","BONGOR"
"hQxgJHNJPKV","","4","","TCHAD","MAYO KEBBI EST","BONGOR"
"xXBMnoF8xLT","","4","","TCHAD","MAYO KEBBI EST","DJODO GASSA"
"P1UYO6u3nb9","","4","","TCHAD","MAYO KEBBI EST","DJODO GASSA"
"wnSTHYdNTY6","","4","","TCHAD","MAYO KEBBI EST","DJODO GASSA"
"kGfFIKo6Ygh","","4","","TCHAD","MAYO KEBBI EST","DJODO GASSA"
"bJny0PrZzJB","","4","","TCHAD","MAYO KEBBI EST","DJODO GASSA"
"idJoSRiAeCH","","4","","TCHAD","MAYO KEBBI EST","DJODO GASSA"
"V81G5mOSRM6","","4","","TCHAD","MAYO KEBBI EST","DJODO GASSA"
"pwpCbNk2GZE","","4","","TCHAD","MAYO KEBBI EST","FIANGA"
"VM5CgWeSyRk","","4","","TCHAD","MAYO KEBBI EST","FIANGA"
"s66PRTpCyT0","","4","","TCHAD","MAYO KEBBI EST","FIANGA"
"kBfoLCUQfP2","","4","","TCHAD","MAYO KEBBI EST","FIANGA"
"E2K1aFNHaRx","","4","","TCHAD","MAYO KEBBI EST","FIANGA"
"RQF82XBHERM","","4","","TCHAD","MAYO KEBBI EST","FIANGA"
"newn4aMbIMj","","4","","TCHAD","MAYO KEBBI EST","FIANGA"
"CUqoONQuUk4","","4","","TCHAD","MAYO KEBBI EST","FIANGA"
"kYh8B8wnZYM","","4","","TCHAD","MAYO KEBBI EST","FIANGA"
"vNLxrbF0lFU","","4","","TCHAD","MAYO KEBBI EST","FIANGA"
"q5CzdqICfso","","4","","TCHAD","MAYO KEBBI EST","FIANGA"
"x5UbJpFz8xp","","4","","TCHAD","MAYO KEBBI EST","FIANGA"
"uoX2SKpZ0HH","","4","","TCHAD","MAYO KEBBI EST","FIANGA"
"PLW9VdGLrrP","","4","","TCHAD","MAYO KEBBI EST","FIANGA"
"h3i0x811o2R","","4","","TCHAD","MAYO KEBBI EST","FIANGA"
"PiQ3HiwkHoo","","4","","TCHAD","MAYO KEBBI EST","FIANGA"
"vLgR6vxb3GV","","4","","TCHAD","MAYO KEBBI EST","GAM"
"YE2TyVb4F6n","","4","","TCHAD","MAYO KEBBI EST","GAM"
"FHzKP6eebRo","","4","","TCHAD","MAYO KEBBI EST","GAM"
"eXRYZrkr54G","","4","","TCHAD","MAYO KEBBI EST","GAM"
"isAtdSn1SMp","","4","","TCHAD","MAYO KEBBI EST","GAM"
"cnSDVLVQTbP","","4","","TCHAD","MAYO KEBBI EST","GAM"
"uKREREoBauy","","4","","TCHAD","MAYO KEBBI EST","GAM"
"fMKHex0C5nV","","4","","TCHAD","MAYO KEBBI EST","GAM"
"kAasIiV7ZuA","","4","","TCHAD","MAYO KEBBI EST","GAM"
"w7sVTPYxCpV","","4","","TCHAD","MAYO KEBBI EST","GOUNOUGAYA"
"BxaHa0ZWtlc","","4","","TCHAD","MAYO KEBBI EST","GOUNOUGAYA"
"E5n8cvH7yZo","","4","","TCHAD","MAYO KEBBI EST","GOUNOUGAYA"
"TsT8PSRp5BO","","4","","TCHAD","MAYO KEBBI EST","GOUNOUGAYA"
"rXIVI1bi6Sn","","4","","TCHAD","MAYO KEBBI EST","GOUNOUGAYA"
"p5XVxOPYPc9","","4","","TCHAD","MAYO KEBBI EST","GOUNOUGAYA"
"S9fABJb03Dv","","4","","TCHAD","MAYO KEBBI EST","GOUNOUGAYA"
"mUvQRmOIk5Q","","4","","TCHAD","MAYO KEBBI EST","GOUNOUGAYA"
"UenozoA1KVV","","4","","TCHAD","MAYO KEBBI EST","GOUNOUGAYA"
"tR49ZSttmaL","","4","","TCHAD","MAYO KEBBI EST","GOUNOUGAYA"
"UQsYWzAsZ4u","","4","","TCHAD","MAYO KEBBI EST","GOUNOUGAYA"
"MdMkK5gvxnp","","4","","TCHAD","MAYO KEBBI EST","GOUNOUGAYA"
"DU14T8w9ydn","","4","","TCHAD","MAYO KEBBI EST","GOUNOUGAYA"
"Kecpg1zHAjt","","4","","TCHAD","MAYO KEBBI EST","GOUNOUGAYA"
"c83ZGF0xE8O","","4","","TCHAD","MAYO KEBBI EST","GOUNOUGAYA"
"uyNQ4saTStc","","4","","TCHAD","MAYO KEBBI EST","GOUNOUGAYA"
"m9D7Mvg4sIu","","4","","TCHAD","MAYO KEBBI EST","GOUNOUGAYA"
"LvdzPGWY27J","","4","","TCHAD","MAYO KEBBI EST","GOUNOUGAYA"
"Gh770CbpSac","","4","","TCHAD","MAYO KEBBI EST","GOUNOUGAYA"
"fQXldz7eofZ","","4","","TCHAD","MAYO KEBBI EST","GOUNOUGAYA"
"B8bM63UONWh","","4","","TCHAD","MAYO KEBBI EST","GOUNOUGAYA"
"nQrO1OOB6Co","","4","","TCHAD","MAYO KEBBI EST","GOUNOUGAYA"
"YXF5AKVcmBc","","4","","TCHAD","MAYO KEBBI EST","GOUNOUGAYA"
"kAVnEMdtisW","","4","","TCHAD","MAYO KEBBI EST","GOUNOUGAYA"
"O4pMGCojeZi","","4","","TCHAD","MAYO KEBBI EST","GUELENDENG"
"o0gKLMRJcGC","","4","","TCHAD","MAYO KEBBI EST","GUELENDENG"
"vkGb3j3hW9g","","4","","TCHAD","MAYO KEBBI EST","GUELENDENG"
"wrfdfaebEJP","","4","","TCHAD","MAYO KEBBI EST","GUELENDENG"
"sOoWPRvkXH7","","4","","TCHAD","MAYO KEBBI EST","GUELENDENG"
"oDaJEM3CHSF","","4","","TCHAD","MAYO KEBBI EST","GUELENDENG"
"m1vAY812Msk","","4","","TCHAD","MAYO KEBBI EST","GUELENDENG"
"FREDS1AZJS9","","4","","TCHAD","MAYO KEBBI EST","GUELENDENG"
"vfIJsp6usM5","","4","","TCHAD","MAYO KEBBI EST","GUELENDENG"
"fuJ9q9o1QNA","","4","","TCHAD","MAYO KEBBI EST","GUELENDENG"
"qzcsMWFxXIv","","4","","TCHAD","MAYO KEBBI EST","GUELENDENG"
"vZFXOJnJtjD","","4","","TCHAD","MAYO KEBBI EST","GUELENDENG"
"DIiLcmQfJbm","","4","","TCHAD","MAYO KEBBI EST","GUENE"
"WhUjUpuidOs","","4","","TCHAD","MAYO KEBBI EST","GUENE"
"QpmQ2nLB3yz","","4","","TCHAD","MAYO KEBBI EST","GUENE"
"gxQlMZq9PGR","","4","","TCHAD","MAYO KEBBI EST","GUENE"
"hGvcRxoYsgk","","4","","TCHAD","MAYO KEBBI EST","GUENE"
"ciS0X3Uwe4T","","4","","TCHAD","MAYO KEBBI EST","GUENE"
"CL4R5iWTVVR","","4","","TCHAD","MAYO KEBBI EST","GUENE"
"BlVHvIARnzo","","4","","TCHAD","MAYO KEBBI EST","GUENE"
"pY2eDxsK1FN","","4","","TCHAD","MAYO KEBBI EST","GUENE"
"K0dRvAtT3Zc","","4","","TCHAD","MAYO KEBBI EST","GUENE"
"VHDTCmjQkmo","","4","","TCHAD","MAYO KEBBI EST","KATOA"
"vqGEZ9m8EkI","","4","","TCHAD","MAYO KEBBI EST","KATOA"
"I8aaQ168AuB","","4","","TCHAD","MAYO KEBBI EST","KATOA"
"dOYpO6bGq3x","","4","","TCHAD","MAYO KEBBI EST","KATOA"
"xgQgviRALTM","","4","","TCHAD","MAYO KEBBI EST","KATOA"
"t4DTXCVEGr7","","4","","TCHAD","MAYO KEBBI EST","KATOA"
"exbTdjxDDDn","","4","","TCHAD","MAYO KEBBI EST","KIM"
"ctRCs1ZDeDL","","4","","TCHAD","MAYO KEBBI EST","KIM"
"AUIwQuAb3Ui","","4","","TCHAD","MAYO KEBBI EST","KIM"
"R2pErKUAsDK","","4","","TCHAD","MAYO KEBBI EST","KIM"
"KjqS9fXt85j","","4","","TCHAD","MAYO KEBBI EST","KIM"
"DTK5LDoNC9l","","4","","TCHAD","MAYO KEBBI EST","KOUPOR"
"erg9teBJbxu","","4","","TCHAD","MAYO KEBBI EST","KOUPOR"
"JgD26ey3C33","","4","","TCHAD","MAYO KEBBI EST","KOUPOR"
"Gji9evYApG8","","4","","TCHAD","MAYO KEBBI EST","KOUPOR"
"xitFXNsiBuW","","4","","TCHAD","MAYO KEBBI EST","KOUPOR"
"xCwAKidpuRn","","4","","TCHAD","MAYO KEBBI EST","KOUPOR"
"AglNcEuXyE8","","4","","TCHAD","MAYO KEBBI EST","KOUPOR"
"Kuz0saMugyz","","4","","TCHAD","MAYO KEBBI EST","KOYOM"
"Vgw7pMTocx7","","4","","TCHAD","MAYO KEBBI EST","KOYOM"
"X2kSqVJJ9mb","","4","","TCHAD","MAYO KEBBI EST","KOYOM"
"LkNdkowkygT","","4","","TCHAD","MAYO KEBBI EST","KOYOM"
"MiR0RSjr59R","","4","","TCHAD","MAYO KEBBI EST","KOYOM"
"b4CCtJm3SC3","","4","","TCHAD","MAYO KEBBI EST","KOYOM"
"FYFQC8jwtzE","","4","","TCHAD","MAYO KEBBI EST","KOYOM"
"yywWhjosufC","","4","","TCHAD","MAYO KEBBI EST","MOULKOU"
"nDcfqhOOcF7","","4","","TCHAD","MAYO KEBBI EST","MOULKOU"
"cRPa588NjbT","","4","","TCHAD","MAYO KEBBI EST","MOULKOU"
"wYaGJEOSiE2","","4","","TCHAD","MAYO KEBBI EST","MOULKOU"
"NmSA6ovds5F","","4","","TCHAD","MAYO KEBBI EST","MOULKOU"
"zcqYmeU6KCC","","4","","TCHAD","MAYO KEBBI EST","MOULKOU"
"FAvWrUXkoNJ","","4","","TCHAD","MAYO KEBBI EST","MOULKOU"
"CAam5eeZUiF","","4","","TCHAD","MAYO KEBBI EST","MOULKOU"
"JxWU1E532N6","","4","","TCHAD","MAYO KEBBI EST","MOULKOU"
"qUNYwEtduiw","","4","","TCHAD","MAYO KEBBI EST","MOULKOU"
"GwB2YCCBnQO","","4","","TCHAD","MAYO KEBBI EST","PONT CAROL"
"exKeqLOkl6j","","4","","TCHAD","MAYO KEBBI EST","PONT CAROL"
"NbA8sINKpqQ","","4","","TCHAD","MAYO KEBBI EST","PONT CAROL"
"QSory4Kw8uR","","4","","TCHAD","MAYO KEBBI EST","PONT CAROL"
"sXQx6ORNbtM","","4","","TCHAD","MAYO KEBBI EST","PONT CAROL"
"dKWYLiEjEcy","","4","","TCHAD","MAYO KEBBI EST","PONT CAROL"
"fb5ldxyGFj9","","4","","TCHAD","MAYO KEBBI EST","PONT CAROL"
"dqlLRmvxBty","","4","","TCHAD","MAYO KEBBI EST","PONT CAROL"
"WelVbkqzso3","","4","","TCHAD","MAYO KEBBI EST","PONT CAROL"
"XADUSMrhnqR","","4","","TCHAD","MAYO KEBBI EST","YOUE"
"ctyfY1m289L","","4","","TCHAD","MAYO KEBBI EST","YOUE"
"pINW8pOXUtF","","4","","TCHAD","MAYO KEBBI EST","YOUE"
"uUagfXAEIM4","","4","","TCHAD","MAYO KEBBI EST","YOUE"
"CYqLdKc0KIW","","4","","TCHAD","MAYO KEBBI EST","YOUE"
"hu6dmvgZIiD","","4","","TCHAD","MAYO KEBBI EST","YOUE"
"bqMhMC0MXLU","","4","","TCHAD","MAYO KEBBI EST","YOUE"
"dcZA9ho2iHd","","4","","TCHAD","MAYO KEBBI EST","YOUE"
"BnoquL4L6Iu","","4","","TCHAD","MAYO KEBBI EST","YOUE"
"v5teE2d0W8A","","4","","TCHAD","MAYO KEBBI EST","YOUE"
"na3AXSDhVa9","","4","","TCHAD","MAYO KEBBI EST","YOUE"
"fdNOvdPVnc7","","4","","TCHAD","MAYO KEBBI EST","YOUE"
"NBPGOpmzc6n","","4","","TCHAD","MAYO KEBBI OUEST","BINDER"
"iUaQGbImatY","","4","","TCHAD","MAYO KEBBI OUEST","BINDER"
"FGzm5sdVDDy","","4","","TCHAD","MAYO KEBBI OUEST","BINDER"
"lm18hkucjot","","4","","TCHAD","MAYO KEBBI OUEST","BINDER"
"kBoYYIrA7bj","","4","","TCHAD","MAYO KEBBI OUEST","BINDER"
"zgAzAPjoHzd","","4","","TCHAD","MAYO KEBBI OUEST","BINDER"
"Vv5R13mvgvC","","4","","TCHAD","MAYO KEBBI OUEST","BINDER"
"t9TQOBEQPOd","","4","","TCHAD","MAYO KEBBI OUEST","BINDER"
"jEu1qiCfVhk","","4","","TCHAD","MAYO KEBBI OUEST","BINDER"
"n9h8nxj1FOi","","4","","TCHAD","MAYO KEBBI OUEST","BINDER"
"gHfdiHJ59yy","","4","","TCHAD","MAYO KEBBI OUEST","BINDER"
"XWT9wDYt6iX","","4","","TCHAD","MAYO KEBBI OUEST","BINDER"
"BuBx1Rdtb1x","","4","","TCHAD","MAYO KEBBI OUEST","GAGAL"
"SoeMMjQFso8","","4","","TCHAD","MAYO KEBBI OUEST","GAGAL"
"dslTceNZuj6","","4","","TCHAD","MAYO KEBBI OUEST","GAGAL"
"LrBXpCVjJzg","","4","","TCHAD","MAYO KEBBI OUEST","GAGAL"
"itKi6mVfQTB","","4","","TCHAD","MAYO KEBBI OUEST","GAGAL"
"CFQAWdExrOG","","4","","TCHAD","MAYO KEBBI OUEST","GAGAL"
"F9IOUz4iduz","","4","","TCHAD","MAYO KEBBI OUEST","GAGAL"
"WQTyiBVqYEB","","4","","TCHAD","MAYO KEBBI OUEST","GAGAL"
"yqv2umHzNDl","","4","","TCHAD","MAYO KEBBI OUEST","GAGAL"
"S76SDRzFMd6","","4","","TCHAD","MAYO KEBBI OUEST","GAGAL"
"Ixit9uq2IwX","","4","","TCHAD","MAYO KEBBI OUEST","GAGAL"
"NrR8mHsQHyp","","4","","TCHAD","MAYO KEBBI OUEST","GAGAL"
"qczXNVMC1qM","","4","","TCHAD","MAYO KEBBI OUEST","GAGAL"
"qq2MbUoduso","","4","","TCHAD","MAYO KEBBI OUEST","GAGAL"
"wTEclCnaieO","","4","","TCHAD","MAYO KEBBI OUEST","GAGAL"
"bH6zDL1RVq1","","4","","TCHAD","MAYO KEBBI OUEST","GAGAL"
"hMWlAHCsouL","","4","","TCHAD","MAYO KEBBI OUEST","GAGAL"
"IGB5qUQ4Yvn","","4","","TCHAD","MAYO KEBBI OUEST","GAGAL"
"JVyzPAoLhRy","","4","","TCHAD","MAYO KEBBI OUEST","GAGAL"
"OmAo0tygRwI","","4","","TCHAD","MAYO KEBBI OUEST","GAGAL"
"BeUB9cNHCrX","","4","","TCHAD","MAYO KEBBI OUEST","GAGAL"
"lXP6ZK10NxT","","4","","TCHAD","MAYO KEBBI OUEST","GAGAL"
"kqkGAhTytTa","","4","","TCHAD","MAYO KEBBI OUEST","GAGAL"
"pigOa4HbJFs","","4","","TCHAD","MAYO KEBBI OUEST","GAGAL"
"PHwpAt0JUCS","","4","","TCHAD","MAYO KEBBI OUEST","GAGAL"
"kb2W11VwRmM","","4","","TCHAD","MAYO KEBBI OUEST","GUEGOU"
"QEiDmE31wf4","","4","","TCHAD","MAYO KEBBI OUEST","GUEGOU"
"zuDriK2ibMB","","4","","TCHAD","MAYO KEBBI OUEST","GUEGOU"
"CYzRtCFiYSC","","4","","TCHAD","MAYO KEBBI OUEST","GUEGOU"
"QMCZNrL9ASX","","4","","TCHAD","MAYO KEBBI OUEST","GUEGOU"
"XPvBYpV1eUZ","","4","","TCHAD","MAYO KEBBI OUEST","GUEGOU"
"QAyLnWDvBS1","","4","","TCHAD","MAYO KEBBI OUEST","GUEGOU"
"zNXLmHKxchR","","4","","TCHAD","MAYO KEBBI OUEST","GUEGOU"
"oQPdV9V6AVj","","4","","TCHAD","MAYO KEBBI OUEST","GUEGOU"
"nLyLVYSUw4v","","4","","TCHAD","MAYO KEBBI OUEST","GUEGOU"
"lzheEtrPCY7","","4","","TCHAD","MAYO KEBBI OUEST","GUEGOU"
"n6h4Rv6HfQx","","4","","TCHAD","MAYO KEBBI OUEST","GUEGOU"
"AbqwyCTbcCJ","","4","","TCHAD","MAYO KEBBI OUEST","GUELO"
"j6H6EVdCoLV","","4","","TCHAD","MAYO KEBBI OUEST","GUELO"
"ckmEZgO8QMl","","4","","TCHAD","MAYO KEBBI OUEST","GUELO"
"ZPoBi6bH6qD","","4","","TCHAD","MAYO KEBBI OUEST","GUELO"
"jh2Kh5dFcnF","","4","","TCHAD","MAYO KEBBI OUEST","GUELO"
"FV7ZCOq4FJv","","4","","TCHAD","MAYO KEBBI OUEST","GUELO"
"vPDRChIxfaT","","4","","TCHAD","MAYO KEBBI OUEST","GUELO"
"qUsvH7Y3QlD","","4","","TCHAD","MAYO KEBBI OUEST","GUELO"
"CPHT4Wcbx1p","","4","","TCHAD","MAYO KEBBI OUEST","GUELO"
"uVy4uIVn5Fo","","4","","TCHAD","MAYO KEBBI OUEST","GUELO"
"oxpeDix3Mh4","","4","","TCHAD","MAYO KEBBI OUEST","LAGON"
"Kvc3QkD3Y5O","","4","","TCHAD","MAYO KEBBI OUEST","LAGON"
"iyLTqHDTq6I","","4","","TCHAD","MAYO KEBBI OUEST","LAGON"
"B6PzmjrrV8T","","4","","TCHAD","MAYO KEBBI OUEST","LAGON"
"WSrCOxCnwzk","","4","","TCHAD","MAYO KEBBI OUEST","LAGON"
"f8wMNGlHp3k","","4","","TCHAD","MAYO KEBBI OUEST","LAGON"
"ZLHH47NMu7J","","4","","TCHAD","MAYO KEBBI OUEST","LAGON"
"D9Zh0bcV4rE","","4","","TCHAD","MAYO KEBBI OUEST","LAGON"
"J6HyOsR1Fv2","","4","","TCHAD","MAYO KEBBI OUEST","LAGON"
"IPO4R1XxVi3","","4","","TCHAD","MAYO KEBBI OUEST","LAGON"
"d9b6a4lpDVa","","4","","TCHAD","MAYO KEBBI OUEST","LAGON"
"UuHGhA7T5wp","","4","","TCHAD","MAYO KEBBI OUEST","LAGON"
"EiLirnsOpEQ","","4","","TCHAD","MAYO KEBBI OUEST","LAGON"
"wAAiKBz4QKo","","4","","TCHAD","MAYO KEBBI OUEST","LAGON"
"bynSXVxnwed","","4","","TCHAD","MAYO KEBBI OUEST","LAGON"
"IYFnRILZQER","","4","","TCHAD","MAYO KEBBI OUEST","LAGON"
"ur489yN5xG9","","4","","TCHAD","MAYO KEBBI OUEST","LAGON"
"nWlogZ01Uaq","","4","","TCHAD","MAYO KEBBI OUEST","LAME"
"vMS8A5VMr86","","4","","TCHAD","MAYO KEBBI OUEST","LAME"
"i7XjFNVZxtn","","4","","TCHAD","MAYO KEBBI OUEST","LAME"
"k8lAx8ZrjW8","","4","","TCHAD","MAYO KEBBI OUEST","LAME"
"lZE5oFBQ74H","","4","","TCHAD","MAYO KEBBI OUEST","LAME"
"aCJJ4zMYqwr","","4","","TCHAD","MAYO KEBBI OUEST","LAME"
"g82Pq8kTKKE","","4","","TCHAD","MAYO KEBBI OUEST","LAME"
"tINnXjUlBhF","","4","","TCHAD","MAYO KEBBI OUEST","LAME"
"JWpPAmbRLPg","","4","","TCHAD","MAYO KEBBI OUEST","LAME"
"wsg0VkqJQwo","","4","","TCHAD","MAYO KEBBI OUEST","LAME"
"cHhAQjJLier","","4","","TCHAD","MAYO KEBBI OUEST","LAME"
"HbnpKU8gC9R","","4","","TCHAD","MAYO KEBBI OUEST","LAME"
"mXq3zy17PKD","","4","","TCHAD","MAYO KEBBI OUEST","LAME"
"PZUd8I37NmL","","4","","TCHAD","MAYO KEBBI OUEST","LAME"
"RbODmXXRnDd","","4","","TCHAD","MAYO KEBBI OUEST","LAME"
"ExqcCqKJlTs","","4","","TCHAD","MAYO KEBBI OUEST","LAME"
"OfJz4C3gLhr","","4","","TCHAD","MAYO KEBBI OUEST","LAME"
"josk0uy5ZoC","","4","","TCHAD","MAYO KEBBI OUEST","LAME"
"QqllJDRcR9p","","4","","TCHAD","MAYO KEBBI OUEST","LAME"
"h2OQJTEr4pU","","4","","TCHAD","MAYO KEBBI OUEST","LERE"
"TFctLRqAVeA","","4","","TCHAD","MAYO KEBBI OUEST","LERE"
"X4gVoYBFIIB","","4","","TCHAD","MAYO KEBBI OUEST","LERE"
"lLFKgzmgLbd","","4","","TCHAD","MAYO KEBBI OUEST","LERE"
"Jbzy66WXyYk","","4","","TCHAD","MAYO KEBBI OUEST","LERE"
"gRJxwvXDDKK","","4","","TCHAD","MAYO KEBBI OUEST","LERE"
"eLYkKYsTGD2","","4","","TCHAD","MAYO KEBBI OUEST","LERE"
"ogUktEAaBxD","","4","","TCHAD","MAYO KEBBI OUEST","LERE"
"VaM6gyUsL3V","","4","","TCHAD","MAYO KEBBI OUEST","LERE"
"C3bFgIlHZF4","","4","","TCHAD","MAYO KEBBI OUEST","LERE"
"q5wmGcLvQDf","","4","","TCHAD","MAYO KEBBI OUEST","LERE"
"z0FXHJlfqkt","","4","","TCHAD","MAYO KEBBI OUEST","LERE"
"UPpejmEpjkP","","4","","TCHAD","MAYO KEBBI OUEST","LERE"
"Xrf4zegnILG","","4","","TCHAD","MAYO KEBBI OUEST","LERE"
"BrsRvHBL6D3","","4","","TCHAD","MAYO KEBBI OUEST","LERE"
"tn18z0ZpSGi","","4","","TCHAD","MAYO KEBBI OUEST","LERE"
"E1bnKZHnE4u","","4","","TCHAD","MAYO KEBBI OUEST","LERE"
"zJWsZGnMS0m","","4","","TCHAD","MAYO KEBBI OUEST","LERE"
"FA2x9Ggp72e","","4","","TCHAD","MAYO KEBBI OUEST","LERE"
"XxWf6q1RXGo","","4","","TCHAD","MAYO KEBBI OUEST","LERE"
"B09uXqv8rRW","","4","","TCHAD","MAYO KEBBI OUEST","LERE"
"Ih8I47BlvWg","","4","","TCHAD","MAYO KEBBI OUEST","PALA"
"auwgz4dODlP","","4","","TCHAD","MAYO KEBBI OUEST","PALA"
"dmKLjhMt3XN","","4","","TCHAD","MAYO KEBBI OUEST","PALA"
"WNxMzKHyREU","","4","","TCHAD","MAYO KEBBI OUEST","PALA"
"ltNgVcUBe5b","","4","","TCHAD","MAYO KEBBI OUEST","PALA"
"iyOcoTis37C","","4","","TCHAD","MAYO KEBBI OUEST","PALA"
"LGEeYYZcYEK","","4","","TCHAD","MAYO KEBBI OUEST","PALA"
"fJGoESzvWbo","","4","","TCHAD","MAYO KEBBI OUEST","PALA"
"DOYignolliC","","4","","TCHAD","MAYO KEBBI OUEST","PALA"
"sKxI6WoHe3e","","4","","TCHAD","MAYO KEBBI OUEST","PALA"
"od6QdEq5Mc7","","4","","TCHAD","MAYO KEBBI OUEST","PALA"
"KlSIlANTWil","","4","","TCHAD","MAYO KEBBI OUEST","PALA"
"KuccLNmCZlP","","4","","TCHAD","MAYO KEBBI OUEST","PALA"
"y6qfCxWh6I2","","4","","TCHAD","MAYO KEBBI OUEST","PALA"
"bm7QoUklmgh","","4","","TCHAD","MAYO KEBBI OUEST","PALA"
"Fd5eU9slNVE","","4","","TCHAD","MAYO KEBBI OUEST","PALA"
"SNoQ4JxAx2L","","4","","TCHAD","MAYO KEBBI OUEST","PALA"
"kuKk2ucWkZM","","4","","TCHAD","MAYO KEBBI OUEST","PALA"
"MhCPvORty3J","","4","","TCHAD","MAYO KEBBI OUEST","PALA"
"HVlgl309H8f","","4","","TCHAD","MAYO KEBBI OUEST","PALA"
"BQbfYQBii0X","","4","","TCHAD","MAYO KEBBI OUEST","PALA"
"euLgmefXI8I","","4","","TCHAD","MAYO KEBBI OUEST","PALA"
"b34K6v08Hn5","","4","","TCHAD","MAYO KEBBI OUEST","PALA"
"l0zzZOs60RK","","4","","TCHAD","MAYO KEBBI OUEST","TORROCK"
"LBx37PKhIzU","","4","","TCHAD","MAYO KEBBI OUEST","TORROCK"
"BO6bcL7rntu","","4","","TCHAD","MAYO KEBBI OUEST","TORROCK"
"Fo3ZbXtMNrg","","4","","TCHAD","MAYO KEBBI OUEST","TORROCK"
"XVjvGqPiHH6","","4","","TCHAD","MAYO KEBBI OUEST","TORROCK"
"sMPC16FKeTh","","4","","TCHAD","MAYO KEBBI OUEST","TORROCK"
"brKdSP9o4jx","","4","","TCHAD","MAYO KEBBI OUEST","TORROCK"
"cqA9uueVs0v","","4","","TCHAD","MAYO KEBBI OUEST","TORROCK"
"gExwT7TnCa3","","4","","TCHAD","MAYO KEBBI OUEST","TORROCK"
"Nz2wPtcOAg6","","4","","TCHAD","MAYO KEBBI OUEST","TORROCK"
"KCqjuZFb5nc","","4","","TCHAD","MAYO KEBBI OUEST","TORROCK"
"VNksJM91j5v","","4","","TCHAD","MAYO KEBBI OUEST","TORROCK"
"TNwrSQOwAnQ","","4","","TCHAD","MAYO KEBBI OUEST","TORROCK"
"oyeIVRnz2XQ","","4","","TCHAD","MOYEN CHARI","BALIMBA"
"ZATuFzRVAWu","","4","","TCHAD","MOYEN CHARI","BALIMBA"
"U5HBD8x7t3P","","4","","TCHAD","MOYEN CHARI","BALIMBA"
"Ixme77vEnyu","","4","","TCHAD","MOYEN CHARI","BALIMBA"
"vDxfk4HC8yR","","4","","TCHAD","MOYEN CHARI","BALIMBA"
"PWyMxxrfniY","","4","","TCHAD","MOYEN CHARI","BALIMBA"
"ZXh96lu5PAw","","4","","TCHAD","MOYEN CHARI","BALIMBA"
"iuiSjoGnrKi","","4","","TCHAD","MOYEN CHARI","BALIMBA"
"UxO3IGxvNHF","","4","","TCHAD","MOYEN CHARI","BIOBE"
"XPOSEBLGGg4","","4","","TCHAD","MOYEN CHARI","BIOBE"
"bHK2J0Un4oB","","4","","TCHAD","MOYEN CHARI","BIOBE"
"CxL9ynR5aWJ","","4","","TCHAD","MOYEN CHARI","BIOBE"
"bb9mnsHkk9h","","4","","TCHAD","MOYEN CHARI","BIOBE"
"yVUSl09HFcl","","4","","TCHAD","MOYEN CHARI","BIOBE"
"D4fx8JVat2c","","4","","TCHAD","MOYEN CHARI","BIOBE"
"utP1WxPVBIy","","4","","TCHAD","MOYEN CHARI","BIOBE"
"GZV9jXVSaJ0","","4","","TCHAD","MOYEN CHARI","BIOBE"
"RcPIJJHraXF","","4","","TCHAD","MOYEN CHARI","BIOBE"
"OVHc5FyqwWg","","4","","TCHAD","MOYEN CHARI","BIOBE"
"E2gjcixwwLE","","4","","TCHAD","MOYEN CHARI","BIOBE"
"u3zfCoOsH1H","","4","","TCHAD","MOYEN CHARI","BIOBE"
"O1NaCa2kHxp","","4","","TCHAD","MOYEN CHARI","BIOBE"
"InLvVKO7sGH","","4","","TCHAD","MOYEN CHARI","DANAMADJI"
"AuDF6Xcl3MY","","4","","TCHAD","MOYEN CHARI","DANAMADJI"
"lCMa9g06LV8","","4","","TCHAD","MOYEN CHARI","DANAMADJI"
"ivyqhah2qG9","","4","","TCHAD","MOYEN CHARI","DANAMADJI"
"ryL61YX2jGc","","4","","TCHAD","MOYEN CHARI","DANAMADJI"
"LU0dbqpuJYk","","4","","TCHAD","MOYEN CHARI","DANAMADJI"
"U0qa6upRk2O","","4","","TCHAD","MOYEN CHARI","DANAMADJI"
"Nbgnj3KU7ph","","4","","TCHAD","MOYEN CHARI","DANAMADJI"
"Vg7tV5fBTEr","","4","","TCHAD","MOYEN CHARI","DANAMADJI"
"SFoLQNEOeLl","","4","","TCHAD","MOYEN CHARI","DANAMADJI"
"SSWOLDp62CC","","4","","TCHAD","MOYEN CHARI","DANAMADJI"
"BDAbMQh6fGt","","4","","TCHAD","MOYEN CHARI","DANAMADJI"
"rIcF67qFHMb","","4","","TCHAD","MOYEN CHARI","DEMBO"
"ZKjbY2ux3MW","","4","","TCHAD","MOYEN CHARI","DEMBO"
"YGd3f2BdNku","","4","","TCHAD","MOYEN CHARI","DEMBO"
"dVCQQqYPNcN","","4","","TCHAD","MOYEN CHARI","DEMBO"
"sA9mZbNZc4I","","4","","TCHAD","MOYEN CHARI","DEMBO"
"CsTzhqTH1jn","","4","","TCHAD","MOYEN CHARI","DEMBO"
"muVBDslIVu8","","4","","TCHAD","MOYEN CHARI","DEMBO"
"E9whwRbF8AC","","4","","TCHAD","MOYEN CHARI","DEMBO"
"i4isB8ZTorB","","4","","TCHAD","MOYEN CHARI","DEMBO"
"gCKEYyeXvWb","","4","","TCHAD","MOYEN CHARI","DEMBO"
"bAjdfiovcQ0","","4","","TCHAD","MOYEN CHARI","DEMBO"
"GzoFRV0Pw8x","","4","","TCHAD","MOYEN CHARI","KORBOL"
"xCX5aTv35rf","","4","","TCHAD","MOYEN CHARI","KORBOL"
"xT3CERyTfnf","","4","","TCHAD","MOYEN CHARI","KORBOL"
"OkbLkvP5nv9","","4","","TCHAD","MOYEN CHARI","KORBOL"
"Iwv2NTumsOn","","4","","TCHAD","MOYEN CHARI","KORBOL"
"dOvHMTxqbWe","","4","","TCHAD","MOYEN CHARI","KORBOL"
"FMYyYAVwJGJ","","4","","TCHAD","MOYEN CHARI","KORBOL"
"K6UAUJRDGWR","","4","","TCHAD","MOYEN CHARI","KORBOL"
"xBznlnZIUxM","","4","","TCHAD","MOYEN CHARI","KORBOL"
"OnYZ03zguTO","","4","","TCHAD","MOYEN CHARI","KORBOL"
"uBtIXnBLLnT","","4","","TCHAD","MOYEN CHARI","KORBOL"
"Q8bFBl3hSSR","","4","","TCHAD","MOYEN CHARI","KOUMOGO"
"i70TJY1AQY9","","4","","TCHAD","MOYEN CHARI","KOUMOGO"
"f1fu2v9iZ2Y","","4","","TCHAD","MOYEN CHARI","KOUMOGO"
"pOYUH7VRgT9","","4","","TCHAD","MOYEN CHARI","KOUMOGO"
"KHawQcWKO2E","","4","","TCHAD","MOYEN CHARI","KOUMOGO"
"NcNFjszJXCC","","4","","TCHAD","MOYEN CHARI","KOUMOGO"
"avobmSBoeSr","","4","","TCHAD","MOYEN CHARI","KOUMOGO"
"rO9wv057XKX","","4","","TCHAD","MOYEN CHARI","KOUMOGO"
"tjz03WNpnv8","","4","","TCHAD","MOYEN CHARI","KOUMOGO"
"ntGYGfnXLwi","","4","","TCHAD","MOYEN CHARI","KOUMOGO"
"YNPmVyqDO7M","","4","","TCHAD","MOYEN CHARI","KYABE"
"JMxznqfuM2t","","4","","TCHAD","MOYEN CHARI","KYABE"
"x4PG8ie22vD","","4","","TCHAD","MOYEN CHARI","KYABE"
"JyLSQsEoYU7","","4","","TCHAD","MOYEN CHARI","KYABE"
"Hqy8K68j94b","","4","","TCHAD","MOYEN CHARI","KYABE"
"XWZXkrHdGGp","","4","","TCHAD","MOYEN CHARI","KYABE"
"z1QtCjfEcSD","","4","","TCHAD","MOYEN CHARI","KYABE"
"ZnIEonSFrDl","","4","","TCHAD","MOYEN CHARI","KYABE"
"PO2OM1SlYfX","","4","","TCHAD","MOYEN CHARI","KYABE"
"YtftNBvOMWw","","4","","TCHAD","MOYEN CHARI","KYABE"
"vADcREcpsOS","","4","","TCHAD","MOYEN CHARI","KYABE"
"czGAdrupEEx","","4","","TCHAD","MOYEN CHARI","KYABE"
"j0Sw4a2Iy6U","","4","","TCHAD","MOYEN CHARI","KYABE"
"CgmQNwytr5U","","4","","TCHAD","MOYEN CHARI","KYABE"
"aLsN5zUTJce","","4","","TCHAD","MOYEN CHARI","KYABE"
"n84bvE0hVZz","","4","","TCHAD","MOYEN CHARI","KYABE"
"vtBkFBinCyN","","4","","TCHAD","MOYEN CHARI","KYABE"
"eXM6BbcDGrV","","4","","TCHAD","MOYEN CHARI","KYABE"
"hl2gDbwnIzZ","","4","","TCHAD","MOYEN CHARI","KYABE"
"xkO1ZfMuvo5","","4","","TCHAD","MOYEN CHARI","KYABE"
"kywonlMviNA","","4","","TCHAD","MOYEN CHARI","KYABE"
"Jfdxl4lXbLV","","4","","TCHAD","MOYEN CHARI","KYABE"
"VVStooAGXNW","","4","","TCHAD","MOYEN CHARI","KYABE"
"mORjWp6Icpy","","4","","TCHAD","MOYEN CHARI","KYABE"
"TjmJJ3BUcbG","","4","","TCHAD","MOYEN CHARI","KYABE"
"JGg0oynAcK0","","4","","TCHAD","MOYEN CHARI","KYABE"
"u6xNUpgKJdU","","4","","TCHAD","MOYEN CHARI","KYABE"
"ZqyBnGDOcS8","","4","","TCHAD","MOYEN CHARI","MARO"
"dvaTgzn9qFx","","4","","TCHAD","MOYEN CHARI","MARO"
"Uri5zuZXMar","","4","","TCHAD","MOYEN CHARI","MARO"
"G493zfjdCxo","","4","","TCHAD","MOYEN CHARI","MARO"
"FaavV88sTGf","","4","","TCHAD","MOYEN CHARI","MARO"
"RRTUoEPKhnt","","4","","TCHAD","MOYEN CHARI","MARO"
"gTskyM4Jsee","","4","","TCHAD","MOYEN CHARI","MARO"
"iq1mFO7FY9z","","4","","TCHAD","MOYEN CHARI","MARO"
"LVxX58g8iTQ","","4","","TCHAD","MOYEN CHARI","MARO"
"HrOAMuDMN62","","4","","TCHAD","MOYEN CHARI","MARO"
"FKNawGaSjBC","","4","","TCHAD","MOYEN CHARI","MARO"
"qD8W00dV3Qq","","4","","TCHAD","MOYEN CHARI","MARO"
"VpQZiGb4ksQ","","4","","TCHAD","MOYEN CHARI","SARH"
"JhMNP5dtoeg","","4","","TCHAD","MOYEN CHARI","SARH"
"ROpEzoWhz8o","","4","","TCHAD","MOYEN CHARI","SARH"
"D40snJdNUJR","","4","","TCHAD","MOYEN CHARI","SARH"
"t9dwyPVrib9","","4","","TCHAD","MOYEN CHARI","SARH"
"FAK1MYfaZYn","","4","","TCHAD","MOYEN CHARI","SARH"
"VOc4Kbn91qL","","4","","TCHAD","MOYEN CHARI","SARH"
"yAON81u1Xqz","","4","","TCHAD","MOYEN CHARI","SARH"
"smXyf98gM8f","","4","","TCHAD","MOYEN CHARI","SARH"
"JjBjgQ06Imd","","4","","TCHAD","MOYEN CHARI","SARH"
"IppkunLbwyk","","4","","TCHAD","MOYEN CHARI","SARH"
"pE0utIjVodb","","4","","TCHAD","MOYEN CHARI","SARH"
"zamriIxz8X7","","4","","TCHAD","MOYEN CHARI","SARH"
"DVhFTnWgxGs","","4","","TCHAD","MOYEN CHARI","SARH"
"GmVvijZcT3e","","4","","TCHAD","MOYEN CHARI","SARH"
"zmSL3vdRtXm","","4","","TCHAD","MOYEN CHARI","SARH"
"tSzOSL92ciR","","4","","TCHAD","MOYEN CHARI","SARH"
"zZytCUmDMmM","","4","","TCHAD","MOYEN CHARI","SARH"
"tlyshmgFV4l","","4","","TCHAD","MOYEN CHARI","SARH"
"P88rgwCvtfG","","4","","TCHAD","MOYEN CHARI","SARH"
"SqLk7RBtKu6","","4","","TCHAD","MOYEN CHARI","SARH"
"pKhsEt0MzCZ","","4","","TCHAD","NDJAMENA","10è ARRONDISSEMENT"
"oXjZvmAeyXS","","4","","TCHAD","NDJAMENA","10è ARRONDISSEMENT"
"luDitcheHBG","","4","","TCHAD","NDJAMENA","10è ARRONDISSEMENT"
"IaXkQov9OaK","","4","","TCHAD","NDJAMENA","10è ARRONDISSEMENT"
"z99nPulvUYB","","4","","TCHAD","NDJAMENA","10è ARRONDISSEMENT"
"ZCklBbsVT66","","4","","TCHAD","NDJAMENA","10è ARRONDISSEMENT"
"ebvaiFAcctf","","4","","TCHAD","NDJAMENA","10è ARRONDISSEMENT"
"Lk1bUs1JCaK","","4","","TCHAD","NDJAMENA","10è ARRONDISSEMENT"
"wEb9gbpLOaS","","4","","TCHAD","NDJAMENA","10è ARRONDISSEMENT"
"S4CDnzDOez5","","4","","TCHAD","NDJAMENA","10è ARRONDISSEMENT"
"D1ZzzOhWlKZ","","4","","TCHAD","NDJAMENA","10è ARRONDISSEMENT"
"GRcgYksxFDR","","4","","TCHAD","NDJAMENA","10è ARRONDISSEMENT"
"thzYY484PN9","","4","","TCHAD","NDJAMENA","10è ARRONDISSEMENT"
"dqszFyTwuka","","4","","TCHAD","NDJAMENA","1er ARRONDISSEMENT"
"irsnGqJzEnD","","4","","TCHAD","NDJAMENA","1er ARRONDISSEMENT"
"nXu5rpeG8T9","","4","","TCHAD","NDJAMENA","1er ARRONDISSEMENT"
"deNV68l6IB1","","4","","TCHAD","NDJAMENA","1er ARRONDISSEMENT"
"lFLK2NxE5Us","","4","","TCHAD","NDJAMENA","1er ARRONDISSEMENT"
"DpIV0KjXR6x","","4","","TCHAD","NDJAMENA","1er ARRONDISSEMENT"
"MStRmPD4vAy","","4","","TCHAD","NDJAMENA","1er ARRONDISSEMENT"
"lFMaABYt8rk","","4","","TCHAD","NDJAMENA","1er ARRONDISSEMENT"
"uajP8dGPMG1","","4","","TCHAD","NDJAMENA","1er ARRONDISSEMENT"
"CMLrjIax4zE","","4","","TCHAD","NDJAMENA","1er ARRONDISSEMENT"
"g7PapWsY2vu","","4","","TCHAD","NDJAMENA","1er ARRONDISSEMENT"
"N6Iu8KyeBuf","","4","","TCHAD","NDJAMENA","1er ARRONDISSEMENT"
"nJEyWza1lGI","","4","","TCHAD","NDJAMENA","1er ARRONDISSEMENT"
"Cmj09UrA9Qv","","4","","TCHAD","NDJAMENA","1er ARRONDISSEMENT"
"CcQYKXtltTR","","4","","TCHAD","NDJAMENA","1er ARRONDISSEMENT"
"MMXg1tdjgQx","","4","","TCHAD","NDJAMENA","1er ARRONDISSEMENT"
"CjeGg5Regx6","","4","","TCHAD","NDJAMENA","1er ARRONDISSEMENT"
"osNc9H0uyRg","","4","","TCHAD","NDJAMENA","2è ARRONDISSEMENT"
"eZdYqSfHhwF","","4","","TCHAD","NDJAMENA","2è ARRONDISSEMENT"
"Kjaf9u2vuOY","","4","","TCHAD","NDJAMENA","2è ARRONDISSEMENT"
"f9CuPgZLMcJ","","4","","TCHAD","NDJAMENA","2è ARRONDISSEMENT"
"C9952ObtZ5W","","4","","TCHAD","NDJAMENA","2è ARRONDISSEMENT"
"BGIYf0lR3gj","","4","","TCHAD","NDJAMENA","2è ARRONDISSEMENT"
"ceHYk6RzNK6","","4","","TCHAD","NDJAMENA","3è ARRONDISSEMENT"
"QwJOkKYDi4k","","4","","TCHAD","NDJAMENA","3è ARRONDISSEMENT"
"Ey01dqIgevf","","4","","TCHAD","NDJAMENA","3è ARRONDISSEMENT"
"f50DwqZ9Ddb","","4","","TCHAD","NDJAMENA","3è ARRONDISSEMENT"
"TDZ3KrWkqAn","","4","","TCHAD","NDJAMENA","3è ARRONDISSEMENT"
"oqtfKnGM6Ni","","4","","TCHAD","NDJAMENA","3è ARRONDISSEMENT"
"k13wqY67YiD","","4","","TCHAD","NDJAMENA","3è ARRONDISSEMENT"
"XLu0EikiTdK","","4","","TCHAD","NDJAMENA","3è ARRONDISSEMENT"
"e7YKeSGtEXg","","4","","TCHAD","NDJAMENA","3è ARRONDISSEMENT"
"wvN2BvlytSa","","4","","TCHAD","NDJAMENA","3è ARRONDISSEMENT"
"rbmrxbH6aoT","","4","","TCHAD","NDJAMENA","4è ARRONDISSEMENT"
"EiSnVLunTEI","","4","","TCHAD","NDJAMENA","4è ARRONDISSEMENT"
"jFjE13qVJEX","","4","","TCHAD","NDJAMENA","4è ARRONDISSEMENT"
"t461ZkUSrnz","","4","","TCHAD","NDJAMENA","4è ARRONDISSEMENT"
"AQqJv98bVYf","","4","","TCHAD","NDJAMENA","5è ARRONDISSEMENT"
"ffeoNzdp2TO","","4","","TCHAD","NDJAMENA","5è ARRONDISSEMENT"
"xlZXXfehG2e","","4","","TCHAD","NDJAMENA","5è ARRONDISSEMENT"
"VahDcR3ifSx","","4","","TCHAD","NDJAMENA","5è ARRONDISSEMENT"
"K3Swg0zXop1","","4","","TCHAD","NDJAMENA","6è ARRONDISSEMENT"
"PbkZ4zKPJNE","","4","","TCHAD","NDJAMENA","6è ARRONDISSEMENT"
"TfqXLJ2Nj5c","","4","","TCHAD","NDJAMENA","6è ARRONDISSEMENT"
"OF54OPZ9gfA","","4","","TCHAD","NDJAMENA","6è ARRONDISSEMENT"
"mYgLIY0ZARG","","4","","TCHAD","NDJAMENA","7è ARRONDISSEMENT"
"K46xvJtjmEh","","4","","TCHAD","NDJAMENA","7è ARRONDISSEMENT"
"jNdIQqvQaIj","","4","","TCHAD","NDJAMENA","7è ARRONDISSEMENT"
"LLpDmGM2Ygo","","4","","TCHAD","NDJAMENA","7è ARRONDISSEMENT"
"uv2PDUiTyaK","","4","","TCHAD","NDJAMENA","7è ARRONDISSEMENT"
"M4BUfYT1nBX","","4","","TCHAD","NDJAMENA","7è ARRONDISSEMENT"
"VlysYo2wjJ7","","4","","TCHAD","NDJAMENA","7è ARRONDISSEMENT"
"ecHPbo6TR4r","","4","","TCHAD","NDJAMENA","7è ARRONDISSEMENT"
"KqzhOAooTll","","4","","TCHAD","NDJAMENA","7è ARRONDISSEMENT"
"IyiglH0THxg","","4","","TCHAD","NDJAMENA","7è ARRONDISSEMENT"
"YcN4tm1i0q1","","4","","TCHAD","NDJAMENA","7è ARRONDISSEMENT"
"Ovs8ECcWwdy","","4","","TCHAD","NDJAMENA","7è ARRONDISSEMENT"
"lFGAPkcCpj1","","4","","TCHAD","NDJAMENA","7è ARRONDISSEMENT"
"nUz4cWYYd1U","","4","","TCHAD","NDJAMENA","7è ARRONDISSEMENT"
"MBd7bVn92t3","","4","","TCHAD","NDJAMENA","7è ARRONDISSEMENT"
"vWZOsB3puX0","","4","","TCHAD","NDJAMENA","7è ARRONDISSEMENT"
"UEzowqHcOSX","","4","","TCHAD","NDJAMENA","7è ARRONDISSEMENT"
"bREzhUV48Wz","","4","","TCHAD","NDJAMENA","7è ARRONDISSEMENT"
"bOr2kPEdSZo","","4","","TCHAD","NDJAMENA","7è ARRONDISSEMENT"
"hDP0rgJVuZe","","4","","TCHAD","NDJAMENA","7è ARRONDISSEMENT"
"rgBIbJMYNre","","4","","TCHAD","NDJAMENA","7è ARRONDISSEMENT"
"mUNcQDyIyi5","","4","","TCHAD","NDJAMENA","7è ARRONDISSEMENT"
"bzLCtTB6Pn5","","4","","TCHAD","NDJAMENA","7è ARRONDISSEMENT"
"KqPoVEh5UYD","","4","","TCHAD","NDJAMENA","7è ARRONDISSEMENT"
"bHm3l9KWi4p","","4","","TCHAD","NDJAMENA","7è ARRONDISSEMENT"
"q5x4ScrnXVh","","4","","TCHAD","NDJAMENA","7è ARRONDISSEMENT"
"kBMGIi3cP05","","4","","TCHAD","NDJAMENA","7è ARRONDISSEMENT"
"GUdhqQ1djXu","","4","","TCHAD","NDJAMENA","8è ARRONDISSEMENT"
"Yq5D7icpJIo","","4","","TCHAD","NDJAMENA","8è ARRONDISSEMENT"
"SqXTZDlInb1","","4","","TCHAD","NDJAMENA","8è ARRONDISSEMENT"
"FyZlpVNJEJU","","4","","TCHAD","NDJAMENA","8è ARRONDISSEMENT"
"DT53YZaojU0","","4","","TCHAD","NDJAMENA","8è ARRONDISSEMENT"
"yWxQoBzXs4L","","4","","TCHAD","NDJAMENA","8è ARRONDISSEMENT"
"Z8v6IFOptWy","","4","","TCHAD","NDJAMENA","8è ARRONDISSEMENT"
"KRURxR7XBWX","","4","","TCHAD","NDJAMENA","8è ARRONDISSEMENT"
"Btgeo06EX5Q","","4","","TCHAD","NDJAMENA","8è ARRONDISSEMENT"
"yRHfi6JJGwZ","","4","","TCHAD","NDJAMENA","8è ARRONDISSEMENT"
"qWR8GTg1H8y","","4","","TCHAD","NDJAMENA","8è ARRONDISSEMENT"
"fRPAOtKiMh5","","4","","TCHAD","NDJAMENA","8è ARRONDISSEMENT"
"vBMKhyzZQ7v","","4","","TCHAD","NDJAMENA","8è ARRONDISSEMENT"
"qdejKrarkbK","","4","","TCHAD","NDJAMENA","8è ARRONDISSEMENT"
"K0gpyg3jJ52","","4","","TCHAD","NDJAMENA","8è ARRONDISSEMENT"
"mpBFSiP2ytS","","4","","TCHAD","NDJAMENA","8è ARRONDISSEMENT"
"AOmKxF1TwoK","","4","","TCHAD","NDJAMENA","8è ARRONDISSEMENT"
"KXCQNsxBtSl","","4","","TCHAD","NDJAMENA","8è ARRONDISSEMENT"
"Yhrjnve414o","","4","","TCHAD","NDJAMENA","8è ARRONDISSEMENT"
"UcdBEbp94d7","","4","","TCHAD","NDJAMENA","8è ARRONDISSEMENT"
"bzL2IPHyZTL","","4","","TCHAD","NDJAMENA","8è ARRONDISSEMENT"
"tFt470EzJAv","","4","","TCHAD","NDJAMENA","8è ARRONDISSEMENT"
"Q6VcNihlmvk","","4","","TCHAD","NDJAMENA","8è ARRONDISSEMENT"
"CwnL5a0t76o","","4","","TCHAD","NDJAMENA","8è ARRONDISSEMENT"
"DzXXDue6kD3","","4","","TCHAD","NDJAMENA","8è ARRONDISSEMENT"
"lYoPDZ1CBe8","","4","","TCHAD","NDJAMENA","8è ARRONDISSEMENT"
"EI3ijqhmCb1","","4","","TCHAD","NDJAMENA","9e ARRONDISSEMENT"
"RMmx0Fll1Pw","","4","","TCHAD","NDJAMENA","9e ARRONDISSEMENT"
"RdxwFl2BKfG","","4","","TCHAD","NDJAMENA","9e ARRONDISSEMENT"
"b5kAbVZOO3s","","4","","TCHAD","NDJAMENA","9e ARRONDISSEMENT"
"TAI46kr6jqq","","4","","TCHAD","NDJAMENA","9e ARRONDISSEMENT"
"qxkpB3PrL26","","4","","TCHAD","NDJAMENA","9e ARRONDISSEMENT"
"cOjwodXUvTm","","4","","TCHAD","NDJAMENA","9e ARRONDISSEMENT"
"M1CHbrb4jsO","","4","","TCHAD","NDJAMENA","9e ARRONDISSEMENT"
"yQjh3AKOaZz","","4","","TCHAD","NDJAMENA","9e ARRONDISSEMENT"
"SLhxxSnWgzJ","","4","","TCHAD","NDJAMENA","9e ARRONDISSEMENT"
"tHeNRWloI9B","","4","","TCHAD","NDJAMENA","9e ARRONDISSEMENT"
"Yew0cX8HNx9","","4","","TCHAD","NDJAMENA","9e ARRONDISSEMENT"
"apdi4qCPMd6","","4","","TCHAD","NDJAMENA","9e ARRONDISSEMENT"
"S5VmD0jCt7A","","4","","TCHAD","NDJAMENA","9e ARRONDISSEMENT"
"hPd0yRu24Jh","","4","","TCHAD","NDJAMENA","9e ARRONDISSEMENT"
"Lj1cSX68lCJ","","4","","TCHAD","NDJAMENA","9e ARRONDISSEMENT"
"X73y3Xw5V5U","","4","","TCHAD","NDJAMENA","9e ARRONDISSEMENT"
"nDFpdsdhuXa","","4","","TCHAD","NDJAMENA","9e ARRONDISSEMENT"
"hBJb0MEaJk9","","4","","TCHAD","NDJAMENA","9e ARRONDISSEMENT"
"ONTZA12j4u2","","4","","TCHAD","NDJAMENA","9e ARRONDISSEMENT"
"S7MKHVzpxGC","","4","","TCHAD","OUADDAÏ","ABECHE"
"D3ScIRP6YBm","","4","","TCHAD","OUADDAÏ","ABECHE"
"lX24A4cjtll","","4","","TCHAD","OUADDAÏ","ABECHE"
"vgTx5n9LfjR","","4","","TCHAD","OUADDAÏ","ABECHE"
"CjrMq5ld3xJ","","4","","TCHAD","OUADDAÏ","ABECHE"
"jgB6qTe9OEZ","","4","","TCHAD","OUADDAÏ","ABECHE"
"vOuIh2LkJyg","","4","","TCHAD","OUADDAÏ","ABECHE"
"vs2Tyb1Ij1s","","4","","TCHAD","OUADDAÏ","ABECHE"
"AKnY2w9eJyt","","4","","TCHAD","OUADDAÏ","ABECHE"
"BUyhPpn8ksN","","4","","TCHAD","OUADDAÏ","ABECHE"
"z4JYc08wWJw","","4","","TCHAD","OUADDAÏ","ABECHE"
"ec4vkmxGQTR","","4","","TCHAD","OUADDAÏ","ABECHE"
"AH1Ikt7G6cb","","4","","TCHAD","OUADDAÏ","ABECHE"
"pg0DpdBZqVB","","4","","TCHAD","OUADDAÏ","ABECHE"
"hK1e5Ppx5Jh","","4","","TCHAD","OUADDAÏ","ABECHE"
"l2ZQZtDjDV7","","4","","TCHAD","OUADDAÏ","ABECHE"
"QGfYVyBcNkp","","4","","TCHAD","OUADDAÏ","ABECHE"
"Owbn5RGZMa1","","4","","TCHAD","OUADDAÏ","ABECHE"
"mOFHQ8OXHB9","","4","","TCHAD","OUADDAÏ","ABECHE"
"Ozt8S9WGige","","4","","TCHAD","OUADDAÏ","ABECHE"
"b9GnktKY5sE","","4","","TCHAD","OUADDAÏ","ABECHE"
"GHudrZBh5rT","","4","","TCHAD","OUADDAÏ","ABECHE"
"AV0C5SoXWFV","","4","","TCHAD","OUADDAÏ","ABECHE"
"uAemWy7QCLF","","4","","TCHAD","OUADDAÏ","ABOUGOUDAM"
"YMiS62elH2e","","4","","TCHAD","OUADDAÏ","ABOUGOUDAM"
"ZB528Fkw2Xd","","4","","TCHAD","OUADDAÏ","ABOUGOUDAM"
"QMyML05g9ls","","4","","TCHAD","OUADDAÏ","ABOUGOUDAM"
"Pjmjt1LWJ8R","","4","","TCHAD","OUADDAÏ","ABOUGOUDAM"
"w2dzF5qFjEa","","4","","TCHAD","OUADDAÏ","ABOUGOUDAM"
"cIwUXq9BNsd","","4","","TCHAD","OUADDAÏ","ABOUGOUDAM"
"tBtMZL5JoiO","","4","","TCHAD","OUADDAÏ","ABOUGOUDAM"
"EcSMFjk0wcs","","4","","TCHAD","OUADDAÏ","ABOUGOUDAM"
"eqdudHynOOv","","4","","TCHAD","OUADDAÏ","ABOUGOUDAM"
"HTZxBVcNRJP","","4","","TCHAD","OUADDAÏ","ADRE"
"tk3fNGhpahh","","4","","TCHAD","OUADDAÏ","ADRE"
"OllLafpENOd","","4","","TCHAD","OUADDAÏ","ADRE"
"a3udJfXG6O9","","4","","TCHAD","OUADDAÏ","ADRE"
"TldoBFPbFwi","","4","","TCHAD","OUADDAÏ","ADRE"
"RtZTQ1JZUd4","","4","","TCHAD","OUADDAÏ","ADRE"
"KXm6148RYJt","","4","","TCHAD","OUADDAÏ","ADRE"
"ZSx04QELI9k","","4","","TCHAD","OUADDAÏ","ADRE"
"QVu9DjemSpj","","4","","TCHAD","OUADDAÏ","ADRE"
"RqbtCwDsRJ4","","4","","TCHAD","OUADDAÏ","ADRE"
"BCmHvBhbmRJ","","4","","TCHAD","OUADDAÏ","ADRE"
"EQWjg7doUOW","","4","","TCHAD","OUADDAÏ","ADRE"
"XW3vEXAFSQG","","4","","TCHAD","OUADDAÏ","ADRE"
"aF1hmevhGJq","","4","","TCHAD","OUADDAÏ","ADRE"
"PRRww1lUvDZ","","4","","TCHAD","OUADDAÏ","ADRE"
"LZcGioomG0N","","4","","TCHAD","OUADDAÏ","ADRE"
"okRLuYxPmh2","","4","","TCHAD","OUADDAÏ","ADRE"
"PmXgc6PV6bj","","4","","TCHAD","OUADDAÏ","ADRE"
"qCKaTzIQwM7","","4","","TCHAD","OUADDAÏ","ADRE"
"L5JlsYNCOpX","","4","","TCHAD","OUADDAÏ","AM DAM"
"V3YNsJiRbnK","","4","","TCHAD","OUADDAÏ","AM DAM"
"Hui5ed1WaCK","","4","","TCHAD","OUADDAÏ","AM DAM"
"hlQ9s0Wydab","","4","","TCHAD","OUADDAÏ","AM DAM"
"naAfbPZrA1x","","4","","TCHAD","OUADDAÏ","AM DAM"
"r55XCCf2GIX","","4","","TCHAD","OUADDAÏ","AM DAM"
"Eq2L2AV35dX","","4","","TCHAD","OUADDAÏ","AM DAM"
"MwrRpYL3gkK","","4","","TCHAD","OUADDAÏ","AM DAM"
"bCa7zz97Qu2","","4","","TCHAD","OUADDAÏ","AM DAM"
"boxvCSoue8O","","4","","TCHAD","OUADDAÏ","AM DAM"
"YO0t6N1bmAd","","4","","TCHAD","OUADDAÏ","AM DAM"
"Hv3adagi87p","","4","","TCHAD","OUADDAÏ","AM DAM"
"I7ZFvWBMzDH","","4","","TCHAD","OUADDAÏ","AM DAM"
"S5fbB9eDB2V","","4","","TCHAD","OUADDAÏ","AM DAM"
"hjg734EXC0k","","4","","TCHAD","OUADDAÏ","AM DAM"
"NiT4McWiqEG","","4","","TCHAD","OUADDAÏ","AM DAM"
"Oy1wG6ZGenp","","4","","TCHAD","OUADDAÏ","AM DAM"
"SfCNzFIEQ7F","","4","","TCHAD","OUADDAÏ","AM DAM"
"BibEPp8U206","","4","","TCHAD","OUADDAÏ","AM DAM"
"FgogQXCwkSs","","4","","TCHAD","OUADDAÏ","AMHITANE"
"IpgtIunzNaG","","4","","TCHAD","OUADDAÏ","AMHITANE"
"UK523DKQkoV","","4","","TCHAD","OUADDAÏ","AMHITANE"
"sQfpmc1ISAb","","4","","TCHAD","OUADDAÏ","AMHITANE"
"GQfrnYna2YK","","4","","TCHAD","OUADDAÏ","AMHITANE"
"mUKZw2r75qD","","4","","TCHAD","OUADDAÏ","AMLEYOUNA"
"aIYeOtgtZBJ","","4","","TCHAD","OUADDAÏ","AMLEYOUNA"
"qrqSl0vBHW4","","4","","TCHAD","OUADDAÏ","AMLEYOUNA"
"ifkp9TxNhrX","","4","","TCHAD","OUADDAÏ","AMLEYOUNA"
"o8uKTfbPrs6","","4","","TCHAD","OUADDAÏ","AMLEYOUNA"
"h9sT6ohRQOA","","4","","TCHAD","OUADDAÏ","AMLEYOUNA"
"dW0PnH1fsyW","","4","","TCHAD","OUADDAÏ","AMLEYOUNA"
"keZN269lJae","","4","","TCHAD","OUADDAÏ","AMLEYOUNA"
"jmnemDj0Bfb","","4","","TCHAD","OUADDAÏ","AMLEYOUNA"
"T9NjwOwQhxq","","4","","TCHAD","OUADDAÏ","AMLEYOUNA"
"wDquzYLruLp","","4","","TCHAD","OUADDAÏ","AMLEYOUNA"
"Q1LnDjGAFuF","","4","","TCHAD","OUADDAÏ","AMLEYOUNA"
"rJpRIRH4crM","","4","","TCHAD","OUADDAÏ","AMLEYOUNA"
"mXGMTfwbBpQ","","4","","TCHAD","OUADDAÏ","AMLEYOUNA"
"lv6tO4HF2UL","","4","","TCHAD","OUADDAÏ","CHOKOYANE"
"mLVOo4OOo65","","4","","TCHAD","OUADDAÏ","CHOKOYANE"
"AaFf7hKLQoE","","4","","TCHAD","OUADDAÏ","CHOKOYANE"
"RBNc8CTKb9X","","4","","TCHAD","OUADDAÏ","CHOKOYANE"
"sJRuPheYrkW","","4","","TCHAD","OUADDAÏ","CHOKOYANE"
"DbExtaEotTG","","4","","TCHAD","OUADDAÏ","CHOKOYANE"
"NErDhStJVQC","","4","","TCHAD","OUADDAÏ","CHOKOYANE"
"IqnpnCypkTE","","4","","TCHAD","OUADDAÏ","CHOKOYANE"
"auIvo1j0zCz","","4","","TCHAD","OUADDAÏ","CHOKOYANE"
"etWIdhrkdiQ","","4","","TCHAD","OUADDAÏ","CHOKOYANE"
"toMmZ6m63kH","","4","","TCHAD","OUADDAÏ","CHOKOYANE"
"IdaUBGoInJA","","4","","TCHAD","OUADDAÏ","CHOKOYANE"
"xlnjfeR7f9q","","4","","TCHAD","OUADDAÏ","CHOKOYANE"
"EekGf8CumFZ","","4","","TCHAD","OUADDAÏ","CHOKOYANE"
"zP4IPAybwDE","","4","","TCHAD","OUADDAÏ","FARCHANA"
"Fjpc9JJk2Nu","","4","","TCHAD","OUADDAÏ","FARCHANA"
"P8lpHC2uRrr","","4","","TCHAD","OUADDAÏ","FARCHANA"
"N6OiBGK2cZ1","","4","","TCHAD","OUADDAÏ","FARCHANA"
"gQG5N940tDJ","","4","","TCHAD","OUADDAÏ","FARCHANA"
"wAibgGID3y0","","4","","TCHAD","OUADDAÏ","FARCHANA"
"v9xhtRluG5n","","4","","TCHAD","OUADDAÏ","FARCHANA"
"Dve2PQqTedS","","4","","TCHAD","OUADDAÏ","FARCHANA"
"nAryXR1Shpj","","4","","TCHAD","OUADDAÏ","FARCHANA"
"ooPmLq9qId0","","4","","TCHAD","OUADDAÏ","FARCHANA"
"whPd81I5ORj","","4","","TCHAD","OUADDAÏ","HADJER-HADID"
"m4OLY2SuOo1","","4","","TCHAD","OUADDAÏ","HADJER-HADID"
"eImWh15HYTu","","4","","TCHAD","OUADDAÏ","HADJER-HADID"
"nF7cTExfeAB","","4","","TCHAD","OUADDAÏ","HADJER-HADID"
"P3uMl1PCpXv","","4","","TCHAD","OUADDAÏ","HADJER-HADID"
"Z9q88Hhefiw","","4","","TCHAD","OUADDAÏ","HADJER-HADID"
"kbokX9JlAzs","","4","","TCHAD","OUADDAÏ","HADJER-HADID"
"BlSpmPEg8Vg","","4","","TCHAD","OUADDAÏ","HADJER-HADID"
"r6idd4F3WOh","","4","","TCHAD","OUADDAÏ","HADJER-HADID"
"lDrVGeFHtYO","","4","","TCHAD","OUADDAÏ","HADJER-HADID"
"Fjv3WBQHiMP","","4","","TCHAD","OUADDAÏ","MALANGA"
"NfplfVJeTT0","","4","","TCHAD","OUADDAÏ","MALANGA"
"xaHi1EbnqRM","","4","","TCHAD","OUADDAÏ","MALANGA"
"xzCasMfG7Kh","","4","","TCHAD","OUADDAÏ","MALANGA"
"n4UvOStFWOo","","4","","TCHAD","OUADDAÏ","MALANGA"
"cVJarVuX8VC","","4","","TCHAD","OUADDAÏ","MALANGA"
"brXzwH5kAly","","4","","TCHAD","OUADDAÏ","MALANGA"
"mukUJO9g6pe","","4","","TCHAD","OUADDAÏ","MALANGA"
"oZRtiko1Fq5","","4","","TCHAD","OUADDAÏ","MARFA"
"lMbsZxww1lU","","4","","TCHAD","OUADDAÏ","MARFA"
"bS0P3LXgXbF","","4","","TCHAD","OUADDAÏ","MARFA"
"yiIt17FNJBS","","4","","TCHAD","OUADDAÏ","MARFA"
"X2ogH77lTL5","","4","","TCHAD","OUADDAÏ","MARFA"
"Y8cU5N19qdX","","4","","TCHAD","OUADDAÏ","MARFA"
"yOdvmETrCO3","","4","","TCHAD","OUADDAÏ","MARFA"
"I5BuV8UZzKS","","4","","TCHAD","SALAMAT","ABOUDEIA"
"yCqFsPfdEJg","","4","","TCHAD","SALAMAT","ABOUDEIA"
"F36omjZ4F0c","","4","","TCHAD","SALAMAT","ABOUDEIA"
"g3s7R7F2UdS","","4","","TCHAD","SALAMAT","ABOUDEIA"
"lGReNDCUX7q","","4","","TCHAD","SALAMAT","ABOUDEIA"
"hlQjhs2Ktzn","","4","","TCHAD","SALAMAT","ABOUDEIA"
"eRyD1JkySGV","","4","","TCHAD","SALAMAT","ABOUDEIA"
"cwBVCGsbp2J","","4","","TCHAD","SALAMAT","ABOUDEIA"
"rz4uEWPAm9C","","4","","TCHAD","SALAMAT","AM-TIMAN"
"zMxqYLWRdmz","","4","","TCHAD","SALAMAT","AM-TIMAN"
"BeahCPVogJ7","","4","","TCHAD","SALAMAT","AM-TIMAN"
"aD2AzX9PJwW","","4","","TCHAD","SALAMAT","AM-TIMAN"
"Bx35LdjBzXy","","4","","TCHAD","SALAMAT","AM-TIMAN"
"JwAvrVtnhnn","","4","","TCHAD","SALAMAT","AM-TIMAN"
"RDP9L31WcQ1","","4","","TCHAD","SALAMAT","AM-TIMAN"
"Y83r8358PRk","","4","","TCHAD","SALAMAT","AM-TIMAN"
"fMhXS9lTlOp","","4","","TCHAD","SALAMAT","AM-TIMAN"
"O36FUGwUAdm","","4","","TCHAD","SALAMAT","AM-TIMAN"
"EuemYg0DZBi","","4","","TCHAD","SALAMAT","AMHABILE"
"kctKDNsHQq5","","4","","TCHAD","SALAMAT","AMHABILE"
"s3qpSyZoVXx","","4","","TCHAD","SALAMAT","AMHABILE"
"gBPcPM1eRQN","","4","","TCHAD","SALAMAT","AMHABILE"
"mmE8JqmA36p","","4","","TCHAD","SALAMAT","AMHABILE"
"aW1ghQcLzLz","","4","","TCHAD","SALAMAT","AMHABILE"
"Z8qYPvRekwN","","4","","TCHAD","SALAMAT","DJOUNA"
"pIBXPx6QbFe","","4","","TCHAD","SALAMAT","DJOUNA"
"fLQ3l7JLiWq","","4","","TCHAD","SALAMAT","DJOUNA"
"VhCEUfB6iqL","","4","","TCHAD","SALAMAT","DJOUNA"
"VhzIBOHyM32","","4","","TCHAD","SALAMAT","DJOUNA"
"K0qmXUC6UDx","","4","","TCHAD","SALAMAT","DJOUNA"
"f4mwZtzIRKP","","4","","TCHAD","SALAMAT","DJOUNA"
"KpZXN6kz55X","","4","","TCHAD","SALAMAT","DJOUNA"
"okVHyN1Puio","","4","","TCHAD","SALAMAT","DJOUNA"
"Plv35wCSkAX","","4","","TCHAD","SALAMAT","DJOUNA"
"OsDvTlYaMn5","","4","","TCHAD","SALAMAT","DJOUNA"
"Yt8tixu0WDo","","4","","TCHAD","SALAMAT","DJOUNA"
"vSJ66Ak2kqH","","4","","TCHAD","SALAMAT","HARAZE MANGUEIGNE"
"eeIAcBkqax4","","4","","TCHAD","SALAMAT","HARAZE MANGUEIGNE"
"a5gdUftMkHC","","4","","TCHAD","SALAMAT","HARAZE MANGUEIGNE"
"Vc0BwMDYSz1","","4","","TCHAD","SALAMAT","HARAZE MANGUEIGNE"
"Jk65JN7LKkL","","4","","TCHAD","SALAMAT","HARAZE MANGUEIGNE"
"JKzsonhEmHv","","4","","TCHAD","SALAMAT","HARAZE MANGUEIGNE"
"wifbF5UBNPJ","","4","","TCHAD","SALAMAT","HARAZE MANGUEIGNE"
"KdyrkVxvRDk","","4","","TCHAD","SALAMAT","HARAZE MANGUEIGNE"
"kvk2YzYDLcS","","4","","TCHAD","SALAMAT","HARAZE MANGUEIGNE"
"shbpb1StBRe","","4","","TCHAD","SALAMAT","HARAZE MANGUEIGNE"
"nSKL9rsma5h","","4","","TCHAD","SALAMAT","HARAZE MANGUEIGNE"
"aiZkMvmZxwf","","4","","TCHAD","SALAMAT","HARAZE MANGUEIGNE"
"cKudm8glbIn","","4","","TCHAD","SALAMAT","MANGUEIGNE"
"BDEEqOfhLQt","","4","","TCHAD","SALAMAT","MANGUEIGNE"
"eu9eyCDL2mH","","4","","TCHAD","SALAMAT","MANGUEIGNE"
"MQxmVEinFh8","","4","","TCHAD","SALAMAT","MANGUEIGNE"
"e6nkaIxhAvy","","4","","TCHAD","SALAMAT","MANGUEIGNE"
"Fas1QX75xdS","","4","","TCHAD","SALAMAT","MOURAYE"
"TH32s4zKE9P","","4","","TCHAD","SALAMAT","MOURAYE"
"HzZfq8NCNDo","","4","","TCHAD","SALAMAT","MOURAYE"
"vvcz9tfr44F","","4","","TCHAD","SALAMAT","MOURAYE"
"VskuKQVChEU","","4","","TCHAD","SALAMAT","MOURAYE"
"Svpc6JyjZWS","","4","","TCHAD","SILA","ABDI"
"guwk21Swrdc","","4","","TCHAD","SILA","ABDI"
"Tp5ee15hfL2","","4","","TCHAD","SILA","ABDI"
"yjE6yKsp4HY","","4","","TCHAD","SILA","ABDI"
"lspMpnHIFo5","","4","","TCHAD","SILA","ABDI"
"nLMJVgx0BrC","","4","","TCHAD","SILA","ABDI"
"bi9twMWippZ","","4","","TCHAD","SILA","ABDI"
"hm6jNUbt8uL","","4","","TCHAD","SILA","ABDI"
"l6wSNGhIcbT","","4","","TCHAD","SILA","ABDI"
"RgOnH2FNU4w","","4","","TCHAD","SILA","ABDI"
"wDBkmrSdI3L","","4","","TCHAD","SILA","ABDI"
"ZF9q0iCMtGy","","4","","TCHAD","SILA","ABDI"
"Poni7OBW0n7","","4","","TCHAD","SILA","ABDI"
"iCHn2Pzv6iv","","4","","TCHAD","SILA","ABDI"
"eH9jHNCGy5u","","4","","TCHAD","SILA","ABDI"
"Ybi2CedoMgz","","4","","TCHAD","SILA","ABDI"
"Xl3RFIPgUQF","","4","","TCHAD","SILA","ABDI"
"gCFd0NnTxcJ","","4","","TCHAD","SILA","ABDI"
"eoO8W3YwYVL","","4","","TCHAD","SILA","ABDI"
"L76NxoXWXII","","4","","TCHAD","SILA","ABDI"
"KBfVJUXn07q","","4","","TCHAD","SILA","ABDI"
"MyCAm0k7HIl","","4","","TCHAD","SILA","ABDI"
"IJpSxshM1wW","","4","","TCHAD","SILA","ABDI"
"yTHZrXuN6XQ","","4","","TCHAD","SILA","ABDI"
"Ijpa1RWHZb4","","4","","TCHAD","SILA","ABDI"
"TalPrp64m80","","4","","TCHAD","SILA","ABDI"
"IO0fvQMWuKM","","4","","TCHAD","SILA","ABDI"
"xq6u2eD5Eok","","4","","TCHAD","SILA","ABDI"
"nfJ0NkQTq5Y","","4","","TCHAD","SILA","ABDI"
"eGCJWO4ozHf","","4","","TCHAD","SILA","ABDI"
"mLQJQSUbuqp","","4","","TCHAD","SILA","ABDI"
"jcxe4YGLxvl","","4","","TCHAD","SILA","ABDI"
"fHNlyKE20An","","4","","TCHAD","SILA","GOZ BEIDA"
"zqQgECJZutf","","4","","TCHAD","SILA","GOZ BEIDA"
"etAAFuX3O6m","","4","","TCHAD","SILA","GOZ BEIDA"
"V69ZeeYYPUa","","4","","TCHAD","SILA","GOZ BEIDA"
"aF3SKergAWM","","4","","TCHAD","SILA","GOZ BEIDA"
"r1PTIwKBVQR","","4","","TCHAD","SILA","GOZ BEIDA"
"jYXQogxGpPF","","4","","TCHAD","SILA","GOZ BEIDA"
"STtlAQjmqzR","","4","","TCHAD","SILA","GOZ BEIDA"
"HGCNLBkY0pi","","4","","TCHAD","SILA","GOZ BEIDA"
"dOABkNLbhJW","","4","","TCHAD","SILA","GOZ BEIDA"
"uCwXOOSuX4s","","4","","TCHAD","SILA","GOZ BEIDA"
"rTQSfsT3wlR","","4","","TCHAD","SILA","GOZ BEIDA"
"mjplafAwEES","","4","","TCHAD","SILA","GOZ BEIDA"
"h38zg5IiayT","","4","","TCHAD","SILA","GOZ BEIDA"
"ky7m4ahoyAf","","4","","TCHAD","SILA","GOZ BEIDA"
"xe0TdgT8etj","","4","","TCHAD","SILA","GOZ BEIDA"
"cetoCNBv8yj","","4","","TCHAD","SILA","GOZ BEIDA"
"bFZT2zA7kPb","","4","","TCHAD","SILA","GOZ BEIDA"
"IweFYmA3t0D","","4","","TCHAD","SILA","GOZ BEIDA"
"howAHe9tKJR","","4","","TCHAD","SILA","GOZ BEIDA"
"xtbHEePNBZ0","","4","","TCHAD","SILA","GOZ BEIDA"
"l4lazIqWD2C","","4","","TCHAD","SILA","GOZ BEIDA"
"ME0PknWOhMt","","4","","TCHAD","SILA","GOZ BEIDA"
"dcMqnVcQg60","","4","","TCHAD","SILA","GOZ BEIDA"
"CvC7tqWbODL","","4","","TCHAD","SILA","GOZ BEIDA"
"TTiu4pFZlKB","","4","","TCHAD","SILA","GOZ BEIDA"
"dyG96CLPYnC","","4","","TCHAD","SILA","GOZ BEIDA"
"pO8dUh6sDtv","","4","","TCHAD","SILA","GOZ BEIDA"
"agPNNdPjjyM","","4","","TCHAD","SILA","GOZ BEIDA"
"iB7Ka7o5wDX","","4","","TCHAD","SILA","GOZ BEIDA"
"FHRkDTLQijs","","4","","TCHAD","SILA","KOUKOU ANGARANA"
"MzoT8xvuheK","","4","","TCHAD","SILA","KOUKOU ANGARANA"
"Ciyd1PJrwEg","","4","","TCHAD","SILA","KOUKOU ANGARANA"
"mmJmys1rG8F","","4","","TCHAD","SILA","KOUKOU ANGARANA"
"oHoHavXI7SY","","4","","TCHAD","SILA","KOUKOU ANGARANA"
"e3RguBrkQYv","","4","","TCHAD","SILA","KOUKOU ANGARANA"
"peyASG8jUGn","","4","","TCHAD","SILA","KOUKOU ANGARANA"
"dF2OK4Y6fTv","","4","","TCHAD","SILA","KOUKOU ANGARANA"
"HcbFw1giyH0","","4","","TCHAD","SILA","KOUKOU ANGARANA"
"H2guFPUUTqn","","4","","TCHAD","SILA","KOUKOU ANGARANA"
"uLBNtAeSA43","","4","","TCHAD","SILA","KOUKOU ANGARANA"
"ASuaKavfHB6","","4","","TCHAD","SILA","KOUKOU ANGARANA"
"gPd4TaLX2g0","","4","","TCHAD","SILA","KOUKOU ANGARANA"
"YLfJmuQh6j3","","4","","TCHAD","SILA","KOUKOU ANGARANA"
"t6yFZNTQY8l","","4","","TCHAD","SILA","KOUKOU ANGARANA"
"WAWuaRsqRkS","","4","","TCHAD","SILA","KOUKOU ANGARANA"
"ALYuDOX15MM","","4","","TCHAD","SILA","KOUKOU ANGARANA"
"LiEfPjHVa3y","","4","","TCHAD","SILA","KOUKOU ANGARANA"
"C0VZ4xBaSlW","","4","","TCHAD","SILA","KOUKOU ANGARANA"
"NDGQliGJom1","","4","","TCHAD","SILA","KOUKOU ANGARANA"
"JDSnu9eYK3W","","4","","TCHAD","SILA","KOUKOU ANGARANA"
"lh4hJoY8lvR","","4","","TCHAD","SILA","KOUKOU ANGARANA"
"Wn4GfqdQQnG","","4","","TCHAD","SILA","TISSI"
"N7pVsbGD9cb","","4","","TCHAD","SILA","TISSI"
"uPbZoHL1zUx","","4","","TCHAD","SILA","TISSI"
"JCuF78W7lDt","","4","","TCHAD","SILA","TISSI"
"JMx41zhNnES","","4","","TCHAD","SILA","TISSI"
"xtq9jnkskQu","","4","","TCHAD","SILA","TISSI"
"C5JoC9zGlPo","","4","","TCHAD","SILA","TISSI"
"zv0DCwSPCyY","","4","","TCHAD","SILA","TISSI"
"lmM3p57IIc3","","4","","TCHAD","SILA","TISSI"
"aZfcZxBVTmt","","4","","TCHAD","SILA","TISSI"
"MOJRAowYHwd","","4","","TCHAD","SILA","TISSI"
"m62O05UKXlc","","4","","TCHAD","SILA","TISSI"
"itrgZiLaIx5","","4","","TCHAD","SILA","TISSI"
"FGaNhGr1WlK","","4","","TCHAD","SILA","TISSI"
"WM2wPSUBOwS","","4","","TCHAD","SILA","TISSI"
"Ul0O3bpPUQA","","4","","TCHAD","SILA","TISSI"
"yExWolNVkxl","","4","","TCHAD","SILA","TISSI"
"P8Fn7YW5KPR","","4","","TCHAD","TANDJILÉ","BAHTCHORO"
"BWfki2f78XZ","","4","","TCHAD","TANDJILÉ","BAHTCHORO"
"REtP7ckxtvG","","4","","TCHAD","TANDJILÉ","BAHTCHORO"
"QJRZVxfke2k","","4","","TCHAD","TANDJILÉ","BAHTCHORO"
"LgCWRh2bV75","","4","","TCHAD","TANDJILÉ","BAHTCHORO"
"iA64eT2Oxpb","","4","","TCHAD","TANDJILÉ","BAHTCHORO"
"uST6yK1kEJh","","4","","TCHAD","TANDJILÉ","BAHTCHORO"
"xktCul57RNF","","4","","TCHAD","TANDJILÉ","BAHTCHORO"
"Fhh7T4BR7EE","","4","","TCHAD","TANDJILÉ","BAHTCHORO"
"y5PxAGnswhy","","4","","TCHAD","TANDJILÉ","BAHTCHORO"
"RSc7uug2bln","","4","","TCHAD","TANDJILÉ","BAHTCHORO"
"e5H9XKl57WQ","","4","","TCHAD","TANDJILÉ","BAHTCHORO"
"b05QJKczgYj","","4","","TCHAD","TANDJILÉ","BAHTCHORO"
"haF6XDCdkZw","","4","","TCHAD","TANDJILÉ","BAHTCHORO"
"Q29DCfmaVQn","","4","","TCHAD","TANDJILÉ","BAHTCHORO"
"fYf2Mby5Qpm","","4","","TCHAD","TANDJILÉ","BAHTCHORO"
"k53vJkJ1yrw","","4","","TCHAD","TANDJILÉ","BAHTCHORO"
"C4albv5Q3gX","","4","","TCHAD","TANDJILÉ","BERE"
"C6Y2V6enCbD","","4","","TCHAD","TANDJILÉ","BERE"
"Z4ptGbLhrNb","","4","","TCHAD","TANDJILÉ","BERE"
"kT4TUDtkzFI","","4","","TCHAD","TANDJILÉ","BERE"
"bKjmqLDMT65","","4","","TCHAD","TANDJILÉ","BERE"
"FHrgQjar4gt","","4","","TCHAD","TANDJILÉ","BERE"
"LHDTMnBUdpE","","4","","TCHAD","TANDJILÉ","BERE"
"uGOykyz1Rql","","4","","TCHAD","TANDJILÉ","BERE"
"kQBYnRYjjnq","","4","","TCHAD","TANDJILÉ","BERE"
"lBsa60mvDtr","","4","","TCHAD","TANDJILÉ","BERE"
"LzHQfp1pPG4","","4","","TCHAD","TANDJILÉ","BERE"
"K0lr4Qn3mL1","","4","","TCHAD","TANDJILÉ","BERE"
"BECqQXt8SD1","","4","","TCHAD","TANDJILÉ","BERE"
"h4fBXW6Jfxz","","4","","TCHAD","TANDJILÉ","BERE"
"y5huuZtPccv","","4","","TCHAD","TANDJILÉ","BERE"
"eVcxJoT9aoy","","4","","TCHAD","TANDJILÉ","BERE"
"YrQV5TDZdz9","","4","","TCHAD","TANDJILÉ","BERE"
"lxDPHZdlGXq","","4","","TCHAD","TANDJILÉ","BERE"
"sDLCAFx248u","","4","","TCHAD","TANDJILÉ","BERE"
"OuA9apwLa19","","4","","TCHAD","TANDJILÉ","BOLOGO"
"vBBe4w6y1jt","","4","","TCHAD","TANDJILÉ","BOLOGO"
"CUNZtWlKVzQ","","4","","TCHAD","TANDJILÉ","BOLOGO"
"UYYSIGW5f1t","","4","","TCHAD","TANDJILÉ","BOLOGO"
"Tg1soem6x1x","","4","","TCHAD","TANDJILÉ","BOLOGO"
"Z2xJGx03Jza","","4","","TCHAD","TANDJILÉ","BOLOGO"
"gpfWQSOMMd8","","4","","TCHAD","TANDJILÉ","BOLOGO"
"Azv0PyBizpc","","4","","TCHAD","TANDJILÉ","DAFRA"
"Jd7yTM1MK8A","","4","","TCHAD","TANDJILÉ","DAFRA"
"GCyN8XLqxKc","","4","","TCHAD","TANDJILÉ","DAFRA"
"zarFmrkYcPh","","4","","TCHAD","TANDJILÉ","DAFRA"
"GJNJgLVvOaY","","4","","TCHAD","TANDJILÉ","DAFRA"
"B4QmZqBj6uX","","4","","TCHAD","TANDJILÉ","DAFRA"
"Xm6x0HQ8M3m","","4","","TCHAD","TANDJILÉ","DAFRA"
"TH2IihKJ5yi","","4","","TCHAD","TANDJILÉ","DAFRA"
"IevJSTcZ2xJ","","4","","TCHAD","TANDJILÉ","DERESSIA"
"JkYrT9AeBSw","","4","","TCHAD","TANDJILÉ","DERESSIA"
"phQxgp9YDyl","","4","","TCHAD","TANDJILÉ","DERESSIA"
"MbqM17Jw10R","","4","","TCHAD","TANDJILÉ","DERESSIA"
"WLVVvCGYT0Y","","4","","TCHAD","TANDJILÉ","DERESSIA"
"S9Ms9MTsAuw","","4","","TCHAD","TANDJILÉ","DERESSIA"
"eqrLZ8BS36i","","4","","TCHAD","TANDJILÉ","DERESSIA"
"bQOOlLXxcbx","","4","","TCHAD","TANDJILÉ","DERESSIA"
"k4IIsojvf3p","","4","","TCHAD","TANDJILÉ","DERESSIA"
"wFfTN0ONGa8","","4","","TCHAD","TANDJILÉ","DERESSIA"
"iWqnIW9TyMX","","4","","TCHAD","TANDJILÉ","DERESSIA"
"c1rqJbSuRz3","","4","","TCHAD","TANDJILÉ","DERESSIA"
"bn6OhisgSV8","","4","","TCHAD","TANDJILÉ","DERESSIA"
"XmETs4x2Yen","","4","","TCHAD","TANDJILÉ","DERESSIA"
"HLFVWCoU5Ki","","4","","TCHAD","TANDJILÉ","DOGOU"
"dXi4mrGOslp","","4","","TCHAD","TANDJILÉ","DOGOU"
"yCsTTue1zQ7","","4","","TCHAD","TANDJILÉ","DOGOU"
"RzK04Yh5zjA","","4","","TCHAD","TANDJILÉ","DOGOU"
"ZypBEx0JtqJ","","4","","TCHAD","TANDJILÉ","DOGOU"
"Bz7sh8OA7Dn","","4","","TCHAD","TANDJILÉ","DOGOU"
"lrTc71TBnkS","","4","","TCHAD","TANDJILÉ","DONOMANGA"
"yceClefxbJx","","4","","TCHAD","TANDJILÉ","DONOMANGA"
"yBVKdyUeV0G","","4","","TCHAD","TANDJILÉ","DONOMANGA"
"YaAPMY9eakD","","4","","TCHAD","TANDJILÉ","DONOMANGA"
"Df2Y2Muqaux","","4","","TCHAD","TANDJILÉ","DONOMANGA"
"vSCdmA4g8WB","","4","","TCHAD","TANDJILÉ","DONOMANGA"
"eEG9gHrAGIn","","4","","TCHAD","TANDJILÉ","DONOMANGA"
"MDD1WiViIct","","4","","TCHAD","TANDJILÉ","DONOMANGA"
"FoC4txYPb0B","","4","","TCHAD","TANDJILÉ","DONOMANGA"
"i0JjQYu7FaZ","","4","","TCHAD","TANDJILÉ","DONOMANGA"
"El19ZNvqNXB","","4","","TCHAD","TANDJILÉ","DONOMANGA"
"Swei55Kbbt3","","4","","TCHAD","TANDJILÉ","DONOMANGA"
"SlrXdEse1V8","","4","","TCHAD","TANDJILÉ","DONOMANGA"
"fbvaEfUwL6D","","4","","TCHAD","TANDJILÉ","DONOMANGA"
"HGYubSyGCFc","","4","","TCHAD","TANDJILÉ","DONOMANGA"
"Qb0IhX7xHSN","","4","","TCHAD","TANDJILÉ","DONOMANGA"
"UsGhqB6TDmm","","4","","TCHAD","TANDJILÉ","DONOMANGA"
"pWGdhycghwL","","4","","TCHAD","TANDJILÉ","GUIDARI"
"Wg1XQCI6LpO","","4","","TCHAD","TANDJILÉ","GUIDARI"
"lrIoKsVp2Oc","","4","","TCHAD","TANDJILÉ","GUIDARI"
"EO0BhWGO7HF","","4","","TCHAD","TANDJILÉ","GUIDARI"
"CJthcbkJ2qs","","4","","TCHAD","TANDJILÉ","GUIDARI"
"Wf3ZnxYXYNA","","4","","TCHAD","TANDJILÉ","GUIDARI"
"YPtbI5Qdtb8","","4","","TCHAD","TANDJILÉ","GUIDARI"
"lWmXnDQm8Zo","","4","","TCHAD","TANDJILÉ","GUIDARI"
"FEf6Ea6wVFA","","4","","TCHAD","TANDJILÉ","KELO"
"cgwHqR4slpk","","4","","TCHAD","TANDJILÉ","KELO"
"JKryBV59FwE","","4","","TCHAD","TANDJILÉ","KELO"
"nrD3mV5di6z","","4","","TCHAD","TANDJILÉ","KELO"
"i47a1ecixYm","","4","","TCHAD","TANDJILÉ","KELO"
"WbVhtHYT6Hw","","4","","TCHAD","TANDJILÉ","KELO"
"OH8TeuWtnyC","","4","","TCHAD","TANDJILÉ","KELO"
"BpBTILAF5Kq","","4","","TCHAD","TANDJILÉ","KELO"
"qfxG04XQw8Y","","4","","TCHAD","TANDJILÉ","KELO"
"CIiUEd5p1eQ","","4","","TCHAD","TANDJILÉ","KELO"
"xJ3JeD7mcWt","","4","","TCHAD","TANDJILÉ","KELO"
"RBKIKKiYoLh","","4","","TCHAD","TANDJILÉ","KELO"
"Kkk5iwlQ6q2","","4","","TCHAD","TANDJILÉ","KELO"
"MVqtdfAmdkT","","4","","TCHAD","TANDJILÉ","KELO"
"yV1xXpHFo94","","4","","TCHAD","TANDJILÉ","KELO"
"dLqtlqCdoUw","","4","","TCHAD","TANDJILÉ","KELO"
"oLZMdUiFKa0","","4","","TCHAD","TANDJILÉ","KELO"
"PaPRpfDjnpK","","4","","TCHAD","TANDJILÉ","KELO"
"WHPzvl1Jcc7","","4","","TCHAD","TANDJILÉ","KELO"
"WlWuj68pxc7","","4","","TCHAD","TANDJILÉ","KELO"
"LvG64RI2NTR","","4","","TCHAD","TANDJILÉ","KELO"
"Oclzn89EImX","","4","","TCHAD","TANDJILÉ","KOLON"
"E5Y232VIIkQ","","4","","TCHAD","TANDJILÉ","KOLON"
"zchk0KEsXjL","","4","","TCHAD","TANDJILÉ","KOLON"
"P1vhHOKPvyE","","4","","TCHAD","TANDJILÉ","KOLON"
"JWUhh9xapUq","","4","","TCHAD","TANDJILÉ","KOLON"
"AWMFzUJGNTe","","4","","TCHAD","TANDJILÉ","KOLON"
"WkW4NVLLRO5","","4","","TCHAD","TANDJILÉ","KOLON"
"vdjyY5YHuaY","","4","","TCHAD","TANDJILÉ","KOLON"
"HoazZPK08JL","","4","","TCHAD","TANDJILÉ","KOLON"
"i9IYUn8RdQR","","4","","TCHAD","TANDJILÉ","KOLON"
"nFe3kPUTNSj","","4","","TCHAD","TANDJILÉ","KOLON"
"p7PK7e9I9EP","","4","","TCHAD","TANDJILÉ","KOLON"
"qEw120NrO7x","","4","","TCHAD","TANDJILÉ","KOLON"
"sIqNf5clCnJ","","4","","TCHAD","TANDJILÉ","KOLON"
"JM5UWKSBenR","","4","","TCHAD","TANDJILÉ","KOLON"
"uowOyyB5rUO","","4","","TCHAD","TANDJILÉ","KOLON"
"pPtW4NpLvkp","","4","","TCHAD","TANDJILÉ","LAI"
"o6T1d50wGMk","","4","","TCHAD","TANDJILÉ","LAI"
"Rvb9BRjaXsH","","4","","TCHAD","TANDJILÉ","LAI"
"K1AfQ0slHOr","","4","","TCHAD","TANDJILÉ","LAI"
"EsBfxcA1LaN","","4","","TCHAD","TANDJILÉ","LAI"
"qK4nsOFLGhv","","4","","TCHAD","TANDJILÉ","LAI"
"SgPbsZDwBAg","","4","","TCHAD","TANDJILÉ","LAI"
"JhwHP2qpTGt","","4","","TCHAD","TANDJILÉ","LAI"
"Cs6fa0yUoE6","","4","","TCHAD","TANDJILÉ","LAI"
"xMhFMK6rSKb","","4","","TCHAD","TANDJILÉ","LAI"
"U8EYKP5nZe7","","4","","TCHAD","TANDJILÉ","LAI"
"g300bxw3b89","","4","","TCHAD","TANDJILÉ","LAI"
"P0Q96xbtCVi","","4","","TCHAD","TANDJILÉ","LAI"
"IcaHv0RQ1K6","","4","","TCHAD","TANDJILÉ","LAI"
"BIFu73UmXGc","","4","","TCHAD","TANDJILÉ","LAI"
"YR7rRDocuY0","","4","","TCHAD","TANDJILÉ","LAI"
"YRqt1dOUoQG","","4","","TCHAD","TANDJILÉ","LAI"
"q1O3pJGa71D","","4","","TCHAD","TANDJILÉ","LAI"
"KdhAOerArtV","","4","","TCHAD","TANDJILÉ","LAI"
"Zg7j7RdhAWS","","4","","TCHAD","TANDJILÉ","LAI"
"sG0oj6AMUB9","","4","","TCHAD","TANDJILÉ","LAI"
"KE7YuupX2Jc","","4","","TCHAD","TANDJILÉ","LAI"
"Z4HgMDtu8FV","","4","","TCHAD","TANDJILÉ","NDAM"
"XCaWNl6GHMy","","4","","TCHAD","TANDJILÉ","NDAM"
"ent9hEMryK9","","4","","TCHAD","TANDJILÉ","NDAM"
"z1PmvPwUGnf","","4","","TCHAD","TIBESTI","BARDAÏ"
"tWOBZF1e8tA","","4","","TCHAD","TIBESTI","BARDAÏ"
"DisEtFaRuYO","","4","","TCHAD","TIBESTI","BARDAÏ"
"KVn18ZStx4v","","4","","TCHAD","TIBESTI","BARDAÏ"
"VbxXnKaYZ74","","4","","TCHAD","TIBESTI","BARDAÏ"
"Wi3HoyezHYQ","","4","","TCHAD","TIBESTI","BARDAÏ"
"qQPIJdQcVq5","","4","","TCHAD","TIBESTI","BARDAÏ"
"jkbtOZHvtTA","","4","","TCHAD","TIBESTI","BARDAÏ"
"bjP7k8su1WZ","","4","","TCHAD","TIBESTI","BARDAÏ"
"yZsnUXmzEPv","","4","","TCHAD","TIBESTI","ZOUAR"
"gG2RO64iUJd","","4","","TCHAD","TIBESTI","ZOUAR"
"EbDwDT8Ys1a","","4","","TCHAD","TIBESTI","ZOUAR"
"gygBtmNpH5I","","4","","TCHAD","TIBESTI","ZOUAR"
"mm0pdDjqqXI","","4","","TCHAD","TIBESTI","ZOUAR"
"oEcT1EO0xeC","","4","","TCHAD","TIBESTI","ZOUAR"
"dhytu3YwjIv","","4","","TCHAD","TIBESTI","ZOUAR"
"CHSc106uTRu","","4","","TCHAD","WADI FIRA","AMZOER"
"Lbm7WHNGNmS","","4","","TCHAD","WADI FIRA","AMZOER"
"KnR0rIcmQgM","","4","","TCHAD","WADI FIRA","AMZOER"
"x3L6gl1HDEE","","4","","TCHAD","WADI FIRA","AMZOER"
"nB2tu4yhrDe","","4","","TCHAD","WADI FIRA","AMZOER"
"lClmy8Lgv24","","4","","TCHAD","WADI FIRA","AMZOER"
"UMPu9rukVgS","","4","","TCHAD","WADI FIRA","AMZOER"
"rSi2M5RPGde","","4","","TCHAD","WADI FIRA","AMZOER"
"eA2Gk1WbOBV","","4","","TCHAD","WADI FIRA","AMZOER"
"oTondO3Xodf","","4","","TCHAD","WADI FIRA","AMZOER"
"aUzMqIglXvn","","4","","TCHAD","WADI FIRA","AMZOER"
"hsobL6tHmOo","","4","","TCHAD","WADI FIRA","AMZOER"
"rgtq9Stn4Ra","","4","","TCHAD","WADI FIRA","AMZOER"
"Wh4uMVXYGmT","","4","","TCHAD","WADI FIRA","AMZOER"
"OJ5yc2YeQEQ","","4","","TCHAD","WADI FIRA","AMZOER"
"vhTkPNWg0CB","","4","","TCHAD","WADI FIRA","AMZOER"
"wHyd01zhpkZ","","4","","TCHAD","WADI FIRA","AMZOER"
"JDcoCD2euAR","","4","","TCHAD","WADI FIRA","AMZOER"
"uroE2aG6Izi","","4","","TCHAD","WADI FIRA","AMZOER"
"EVyYfMOADoK","","4","","TCHAD","WADI FIRA","AMZOER"
"hrMKba5FcQL","","4","","TCHAD","WADI FIRA","AMZOER"
"v7iD3lms05O","","4","","TCHAD","WADI FIRA","AMZOER"
"mu9PeV8ZZIg","","4","","TCHAD","WADI FIRA","ARADA"
"rtWfq7EpwFL","","4","","TCHAD","WADI FIRA","ARADA"
"o5WuNO3rj8J","","4","","TCHAD","WADI FIRA","ARADA"
"FB6RCgVjku4","","4","","TCHAD","WADI FIRA","ARADA"
"I7LYhqVHjPy","","4","","TCHAD","WADI FIRA","ARADA"
"bvx2Hsbpd0C","","4","","TCHAD","WADI FIRA","ARADA"
"TFl1xsRsbvH","","4","","TCHAD","WADI FIRA","ARADA"
"JHVgRu8JoWi","","4","","TCHAD","WADI FIRA","ARADA"
"v04KycMTucy","","4","","TCHAD","WADI FIRA","BILTINE"
"TSktDTAXtfY","","4","","TCHAD","WADI FIRA","BILTINE"
"xRsbo0E2Lyj","","4","","TCHAD","WADI FIRA","BILTINE"
"kRYzrpGWrH6","","4","","TCHAD","WADI FIRA","BILTINE"
"QyvNYuvwbbj","","4","","TCHAD","WADI FIRA","BILTINE"
"sSh41oJAvQL","","4","","TCHAD","WADI FIRA","BILTINE"
"Y5ccs7h8iMW","","4","","TCHAD","WADI FIRA","BILTINE"
"TfHmGuArTmK","","4","","TCHAD","WADI FIRA","BILTINE"
"oZurZlxYm57","","4","","TCHAD","WADI FIRA","BILTINE"
"uNEjinlGdTx","","4","","TCHAD","WADI FIRA","BILTINE"
"FdfqtkYTEAR","","4","","TCHAD","WADI FIRA","BILTINE"
"cvvyp8AR2tr","","4","","TCHAD","WADI FIRA","BILTINE"
"F08ASS75rBG","","4","","TCHAD","WADI FIRA","BILTINE"
"YzZOSGU5TuU","","4","","TCHAD","WADI FIRA","BILTINE"
"e7F17eSgweH","","4","","TCHAD","WADI FIRA","BILTINE"
"Sdp7s5if82X","","4","","TCHAD","WADI FIRA","BILTINE"
"aREBqcVjb3R","","4","","TCHAD","WADI FIRA","BILTINE"
"Q8sS5glwZ63","","4","","TCHAD","WADI FIRA","BILTINE"
"m70iTOjG6ct","","4","","TCHAD","WADI FIRA","BILTINE"
"njqoRLNMlMK","","4","","TCHAD","WADI FIRA","BILTINE"
"R1adtlcLOxP","","4","","TCHAD","WADI FIRA","BILTINE"
"cDzeuERABja","","4","","TCHAD","WADI FIRA","BILTINE"
"wVGoU9ycgcj","","4","","TCHAD","WADI FIRA","BILTINE"
"MZz3ZqZODIM","","4","","TCHAD","WADI FIRA","BILTINE"
"enJJIvveqFp","","4","","TCHAD","WADI FIRA","BILTINE"
"qnHRkDhwPC5","","4","","TCHAD","WADI FIRA","BILTINE"
"t16KLMQ8GwD","","4","","TCHAD","WADI FIRA","BILTINE"
"FmD7BA1S0r0","","4","","TCHAD","WADI FIRA","BILTINE"
"AQPx5bz9w2B","","4","","TCHAD","WADI FIRA","BILTINE"
"da0ArC9AWQA","","4","","TCHAD","WADI FIRA","BILTINE"
"Um879TSjbWr","","4","","TCHAD","WADI FIRA","BILTINE"
"wrGeEc6XKeY","","4","","TCHAD","WADI FIRA","BILTINE"
"gu1K1zHV9GJ","","4","","TCHAD","WADI FIRA","BIRACK"
"UAOLqZ9ztP8","","4","","TCHAD","WADI FIRA","BIRACK"
"b7lOUsTKMed","","4","","TCHAD","WADI FIRA","BIRACK"
"LiYTaG0VpTX","","4","","TCHAD","WADI FIRA","BIRACK"
"MvO3BJ41w8t","","4","","TCHAD","WADI FIRA","BIRACK"
"ZwSybYh4T76","","4","","TCHAD","WADI FIRA","BIRACK"
"kmYRT2ihXMx","","4","","TCHAD","WADI FIRA","DJIRE"
"azQeeG6v6E3","","4","","TCHAD","WADI FIRA","DJIRE"
"QFU7wlqS3LV","","4","","TCHAD","WADI FIRA","DJIRE"
"K1jeI6PlXPX","","4","","TCHAD","WADI FIRA","DJIRE"
"yaZgZFhvIDq","","4","","TCHAD","WADI FIRA","DJIRE"
"P6cnvM1mlRw","","4","","TCHAD","WADI FIRA","DJIRE"
"Ik4MJD5sMSO","","4","","TCHAD","WADI FIRA","DJIRE"
"VlHnd98tIu9","","4","","TCHAD","WADI FIRA","DJIRE"
"seoRhDoKsBR","","4","","TCHAD","WADI FIRA","DJIRE"
"nN9ZIJCd12N","","4","","TCHAD","WADI FIRA","GUEREDA"
"D3fQrroSsHl","","4","","TCHAD","WADI FIRA","GUEREDA"
"KafkVDiwgmA","","4","","TCHAD","WADI FIRA","GUEREDA"
"EPPAXhsXc9q","","4","","TCHAD","WADI FIRA","GUEREDA"
"Ahf8mfjjLzh","","4","","TCHAD","WADI FIRA","GUEREDA"
"NIGQ8dnDqpn","","4","","TCHAD","WADI FIRA","GUEREDA"
"SxQto3pvhlo","","4","","TCHAD","WADI FIRA","GUEREDA"
"EMnVBq5mDcc","","4","","TCHAD","WADI FIRA","GUEREDA"
"yOvLqQStL1c","","4","","TCHAD","WADI FIRA","GUEREDA"
"ugtCMhp5Pmk","","4","","TCHAD","WADI FIRA","GUEREDA"
"W3s7bQZxAfo","","4","","TCHAD","WADI FIRA","GUEREDA"
"wpsoZaAnaGm","","4","","TCHAD","WADI FIRA","GUEREDA"
"rKERedaZWUF","","4","","TCHAD","WADI FIRA","GUEREDA"
"yGGPmI0Gfpf","","4","","TCHAD","WADI FIRA","GUEREDA"
"uuO36G66Pln","","4","","TCHAD","WADI FIRA","IRIBA"
"LriEQjwX5EW","","4","","TCHAD","WADI FIRA","IRIBA"
"FkGMSBe06n3","","4","","TCHAD","WADI FIRA","IRIBA"
"i5Sv2yvAtPh","","4","","TCHAD","WADI FIRA","IRIBA"
"wrEgkwSRyLM","","4","","TCHAD","WADI FIRA","IRIBA"
"FNdBZQtTagI","","4","","TCHAD","WADI FIRA","IRIBA"
"v9pa9rs3PzD","","4","","TCHAD","WADI FIRA","IRIBA"
"cHfEqztYeen","","4","","TCHAD","WADI FIRA","IRIBA"
"AAuMsWT4ZTp","","4","","TCHAD","WADI FIRA","IRIBA"
"U2OXgWsVlYA","","4","","TCHAD","WADI FIRA","IRIBA"
"De9MqLgEpHz","","4","","TCHAD","WADI FIRA","IRIBA"
"IeytXZGWODR","","4","","TCHAD","WADI FIRA","IRIBA"
"qYP3gxjS0vN","","4","","TCHAD","WADI FIRA","IRIBA"
"NOyNxOjRPpj","","4","","TCHAD","WADI FIRA","IRIBA"
"CaVjtKyROGy","","4","","TCHAD","WADI FIRA","IRIBA"
"rUfMGcwexQc","","4","","TCHAD","WADI FIRA","IRIBA"
"vy82XXWYWUp","","4","","TCHAD","WADI FIRA","IRIBA"
"ZuKC7CJpbfH","","4","","TCHAD","WADI FIRA","IRIBA"
"H0Ygb7IYJ9d","","4","","TCHAD","WADI FIRA","IRIBA"
"kdVnNevPynL","","4","","TCHAD","WADI FIRA","IRIBA"
"jT5XUE1xksd","","4","","TCHAD","WADI FIRA","IRIBA"
"zv9jisEs3bA","","4","","TCHAD","WADI FIRA","IRIBA"
"gPbjQHS6HC4","","4","","TCHAD","WADI FIRA","KAPKA"
"xAmBC2YMtER","","4","","TCHAD","WADI FIRA","KAPKA"
"HUgvOs9rAUP","","4","","TCHAD","WADI FIRA","KAPKA"
"TJml7BAQDou","","4","","TCHAD","WADI FIRA","KAPKA"
"p64gnpaehFv","","4","","TCHAD","WADI FIRA","KAPKA"
"PdLCOSyO0ja","","4","","TCHAD","WADI FIRA","KAPKA"
"S3awHhzeIvQ","","4","","TCHAD","WADI FIRA","KAPKA"
"Tm2sYkjTnWw","","4","","TCHAD","WADI FIRA","KAPKA"
"URkU060QmOI","","4","","TCHAD","WADI FIRA","KAPKA"
"kUta9xONIEp","","4","","TCHAD","WADI FIRA","KAPKA"
"S6ld888vs0X","","4","","TCHAD","WADI FIRA","KAPKA"
"EkwJMdz6wxl","","4","","TCHAD","WADI FIRA","KAPKA"
"imqPP3Lu351","","4","","TCHAD","WADI FIRA","KAPKA"
"scCcubcqMUf","","4","","TCHAD","WADI FIRA","KAPKA"
"PkTvZt4QX5U","","4","","TCHAD","WADI FIRA","KAPKA"
"XQG0jOIVlVi","","4","","TCHAD","WADI FIRA","KAPKA"
"slInGRtRUR6","","4","","TCHAD","WADI FIRA","KAPKA"
"aFnhGVN4xPU","","4","","TCHAD","WADI FIRA","KAPKA"
"MuqgpNbnjna","","4","","TCHAD","WADI FIRA","KAPKA"
"tO4McvezgFu","","4","","TCHAD","WADI FIRA","KAPKA"
"bcpIlXTEoey","","4","","TCHAD","WADI FIRA","KAPKA"
"GW4VNS3tSBn","","4","","TCHAD","WADI FIRA","KAPKA"
"jCkKnTauOXl","","4","","TCHAD","WADI FIRA","KAPKA"
"pEt6c0uRqUI","","4","","TCHAD","WADI FIRA","KAPKA"
"MCFImdIryfD","","4","","TCHAD","WADI FIRA","KAPKA"
"ppuhYLFsGb1","","4","","TCHAD","WADI FIRA","KAPKA"
"Vb7Od56E24t","","4","","TCHAD","WADI FIRA","TINE"
"V7ChmQcbAcW","","4","","TCHAD","WADI FIRA","TINE"
"A7cIWPxmxVR","","4","","TCHAD","WADI FIRA","TINE"
"pkoc6yhte25","","4","","TCHAD","WADI FIRA","TINE"
"WIsktTBORUd","","4","","TCHAD","WADI FIRA","TINE"
"ZmZrskItRc4","","4","","TCHAD","WADI FIRA","TINE"
"K6amoU9yxVM","","4","","TCHAD","WADI FIRA","TINE"
"K8g2fTUEEMB","","4","","TCHAD","WADI FIRA","TINE"
