facility_id,admin_area_1,admin_area_2,admin_area_3,admin_area_4
A0HKWFS2bXq,Côte d'Ivoire,MARAHOUE,SINFRA,FACILITY AT LEVEL 4: SINFRA
a0MqrrOwWiu,Côte d'Ivoire,GÔH,OUME,FACILITY AT LEVEL 4: OUME
a0tmpQV068q,Côte d'Ivoire,IFFOU,DAOUKRO,FACILITY AT LEVEL 4: DAOUKRO
a0WmIND03j1,Côte d'Ivoire,ABIDJAN 2,ADJAME-PLATEAU-ATTECOUBE,FACILITY AT LEVEL 4: ADJAME-PLATEAU-ATTECOUBE
a0XCAVyWAVi,Côte d'Ivoire,INDENIE-DUABLIN,ABENGOUROU,FACILITY AT LEVEL 4: ABENGOUROU
a1JeE2czB2f,Côte d'Ivoire,ABIDJAN 2,COCODY BINGERVILLE,FACILITY AT LEVEL 4: COCODY BINGERVILLE
A1VVFDJWmMr,Côte d'Ivoire,N'ZI,BOCANDA,FACILITY AT LEVEL 4: BOCANDA
a29woOvBRyS,Côte d'Ivoire,PORO,KORHOGO 2,FACILITY AT LEVEL 4: KORHOGO 2
a2CrEOAsZwS,Côte d'Ivoire,ABIDJAN 2,COCODY BINGERVILLE,FACILITY AT LEVEL 4: COCODY BINGERVILLE
a2e6rVkoGRj,Côte d'Ivoire,IFFOU,PRIKRO,FACILITY AT LEVEL 4: PRIKRO
a2heT3GaE9H,Côte d'Ivoire,GBEKE,BOUAKE NORD-EST,FACILITY AT LEVEL 4: BOUAKE NORD-EST
a2sxLQlFhTN,Côte d'Ivoire,TCHOLOGO,KONG,FACILITY AT LEVEL 4: KONG
a4BeuPBNXnG,Côte d'Ivoire,ABIDJAN 2,COCODY BINGERVILLE,FACILITY AT LEVEL 4: COCODY BINGERVILLE
A4nMoLOGfBM,Côte d'Ivoire,PORO,KORHOGO 1,FACILITY AT LEVEL 4: KORHOGO 1
A4pWXWF7eK8,Côte d'Ivoire,SUD-COMOE,ABOISSO,FACILITY AT LEVEL 4: ABOISSO
a4t05hAKzPW,Côte d'Ivoire,GUEMON,BANGOLO,FACILITY AT LEVEL 4: BANGOLO
A5Cb4E3bwzS,Côte d'Ivoire,GBOKLE,FRESCO,FACILITY AT LEVEL 4: FRESCO
A5gTawRhFE2,Côte d'Ivoire,PORO,KORHOGO 1,FACILITY AT LEVEL 4: KORHOGO 1
a5Lj4386btN,Côte d'Ivoire,GBOKLE,SASSANDRA,FACILITY AT LEVEL 4: SASSANDRA
a5m636NAHhd,Côte d'Ivoire,ABIDJAN 2,COCODY BINGERVILLE,FACILITY AT LEVEL 4: COCODY BINGERVILLE
a5pYBBYuBV2,Côte d'Ivoire,LÔH-DJIBOUA,DIVO,FACILITY AT LEVEL 4: DIVO
A6BVmKnCG9z,Côte d'Ivoire,SAN PEDRO,SAN-PEDRO,FACILITY AT LEVEL 4: SAN-PEDRO
A6GTmXMdS8x,Côte d'Ivoire,LÔH-DJIBOUA,LAKOTA,FACILITY AT LEVEL 4: LAKOTA
A6IiuJvGxcH,Côte d'Ivoire,WORODOUGOU,SEGUELA,FACILITY AT LEVEL 4: SEGUELA
A6MsIjsPGv3,Côte d'Ivoire,BOUNKANI,NASSIAN,FACILITY AT LEVEL 4: NASSIAN
a6oBDolElj8,Côte d'Ivoire,GBEKE,BOUAKE NORD-OUEST,FACILITY AT LEVEL 4: BOUAKE NORD-OUEST
a6qzvruj6Yo,Côte d'Ivoire,HAUT SASSANDRA,VAVOUA,FACILITY AT LEVEL 4: VAVOUA
A73D1JnclDd,Côte d'Ivoire,GÔH,GAGNOA 1,FACILITY AT LEVEL 4: GAGNOA 1
a7doBBQzhJO,Côte d'Ivoire,HAUT SASSANDRA,DALOA,FACILITY AT LEVEL 4: DALOA
a7i7UlS9t1D,Côte d'Ivoire,BOUNKANI,BOUNA,FACILITY AT LEVEL 4: BOUNA
A8gckO5eBrf,Côte d'Ivoire,ABIDJAN 2,TREICHVILLE-MARCORY,FACILITY AT LEVEL 4: TREICHVILLE-MARCORY
A8ItyYuNFMB,Côte d'Ivoire,BERE,MANKONO,FACILITY AT LEVEL 4: MANKONO
a8Vpk8kN25K,Côte d'Ivoire,GBEKE,BEOUMI,FACILITY AT LEVEL 4: BEOUMI
a8VQqV4ZaQO,Côte d'Ivoire,AGNEBY-TIASSA,AGBOVILLE,FACILITY AT LEVEL 4: AGBOVILLE
a9cMctKVQ3M,Côte d'Ivoire,LÔH-DJIBOUA,DIVO,FACILITY AT LEVEL 4: DIVO
a9H3qO0WLFF,Côte d'Ivoire,TONKPI,BIANKOUMA,FACILITY AT LEVEL 4: BIANKOUMA
a9kwuVFl3qX,Côte d'Ivoire,NAWA,SOUBRE,FACILITY AT LEVEL 4: SOUBRE
AAGsliLEzJX,Côte d'Ivoire,BAGOUE,TENGRELA,FACILITY AT LEVEL 4: TENGRELA
AasyucqGitO,Côte d'Ivoire,TCHOLOGO,FERKESSEDOUGOU,FACILITY AT LEVEL 4: FERKESSEDOUGOU
AAwPuBgINt5,Côte d'Ivoire,GÔH,OUME,FACILITY AT LEVEL 4: OUME
ab53HkvVXeV,Côte d'Ivoire,ABIDJAN 2,COCODY BINGERVILLE,FACILITY AT LEVEL 4: COCODY BINGERVILLE
AB6uIPosqgo,Côte d'Ivoire,TONKPI,MAN,FACILITY AT LEVEL 4: MAN
aB6yL6byRgU,Côte d'Ivoire,ABIDJAN 2,PORT-BOUET-VRIDI,FACILITY AT LEVEL 4: PORT-BOUET-VRIDI
AB92erHutCs,Côte d'Ivoire,ABIDJAN 2,PORT-BOUET-VRIDI,FACILITY AT LEVEL 4: PORT-BOUET-VRIDI
ABEKZr3QWov,Côte d'Ivoire,MARAHOUE,SINFRA,FACILITY AT LEVEL 4: SINFRA
ABflOZ825sR,Côte d'Ivoire,BELIER,TOUMODI,FACILITY AT LEVEL 4: TOUMODI
aBFWK4fkCSp,Côte d'Ivoire,ABIDJAN 2,TREICHVILLE-MARCORY,FACILITY AT LEVEL 4: TREICHVILLE-MARCORY
aBHbVDuw5b0,Côte d'Ivoire,TCHOLOGO,OUANGOLODOUGOU,FACILITY AT LEVEL 4: OUANGOLODOUGOU
aBIWEQRBLq6,Côte d'Ivoire,BAFING,TOUBA,FACILITY AT LEVEL 4: TOUBA
AbkK1MwJsQm,Côte d'Ivoire,IFFOU,PRIKRO,FACILITY AT LEVEL 4: PRIKRO
AbLXaU1VKr2,Côte d'Ivoire,NAWA,GUEYO,FACILITY AT LEVEL 4: GUEYO
AbNXiErdYYU,Côte d'Ivoire,HAUT SASSANDRA,DALOA,FACILITY AT LEVEL 4: DALOA
abW8F723ggS,Côte d'Ivoire,TONKPI,MAN,FACILITY AT LEVEL 4: MAN
abxbCf2tq3w,Côte d'Ivoire,ABIDJAN 2,COCODY BINGERVILLE,FACILITY AT LEVEL 4: COCODY BINGERVILLE
ACFbys3Kper,Côte d'Ivoire,N'ZI,DIMBOKRO,FACILITY AT LEVEL 4: DIMBOKRO
ACHk6MdWWpp,Côte d'Ivoire,ABIDJAN 2,KOUMASSI,FACILITY AT LEVEL 4: KOUMASSI
Aci4ywnNbGC,Côte d'Ivoire,TONKPI,DANANE,FACILITY AT LEVEL 4: DANANE
aCLUGk6eLfv,Côte d'Ivoire,ABIDJAN 1,ABOBO EST,FACILITY AT LEVEL 4: ABOBO EST
acNdHzSn9oI,Côte d'Ivoire,GÔH,GAGNOA 2,FACILITY AT LEVEL 4: GAGNOA 2
aCoFVWBqEP4,Côte d'Ivoire,ABIDJAN 2,ADJAME-PLATEAU-ATTECOUBE,FACILITY AT LEVEL 4: ADJAME-PLATEAU-ATTECOUBE
ACpurvqPMtf,Côte d'Ivoire,HAUT SASSANDRA,VAVOUA,FACILITY AT LEVEL 4: VAVOUA
acSIjDxIu3C,Côte d'Ivoire,ABIDJAN 1,ANYAMA,FACILITY AT LEVEL 4: ANYAMA
acVDeXxe3Fy,Côte d'Ivoire,ABIDJAN 1,ABOBO OUEST,FACILITY AT LEVEL 4: ABOBO OUEST
aCYi1M3KRlM,Côte d'Ivoire,GÔH,GAGNOA 2,FACILITY AT LEVEL 4: GAGNOA 2
aD10lUENwys,Côte d'Ivoire,NAWA,BUYO,FACILITY AT LEVEL 4: BUYO
aD65tpPqT7M,Côte d'Ivoire,ABIDJAN 2,COCODY BINGERVILLE,FACILITY AT LEVEL 4: COCODY BINGERVILLE
ADigWblyDAN,Côte d'Ivoire,GBOKLE,SASSANDRA,FACILITY AT LEVEL 4: SASSANDRA
ADTKPTQYHYW,Côte d'Ivoire,AGNEBY-TIASSA,AGBOVILLE,FACILITY AT LEVEL 4: AGBOVILLE
ae1M6bLvkyE,Côte d'Ivoire,HAUT SASSANDRA,VAVOUA,FACILITY AT LEVEL 4: VAVOUA
iec44xK5xUI,Côte d'Ivoire,GÔH,OUME,FACILITY AT LEVEL 4: OUME
ae2K7lJ7hA2,Côte d'Ivoire,TONKPI,ZOUAN-HOUNIEN,FACILITY AT LEVEL 4: ZOUAN-HOUNIEN
ae2WPaK2mRy,Côte d'Ivoire,ABIDJAN 1,ANYAMA,FACILITY AT LEVEL 4: ANYAMA
AEEhBQXfAJs,Côte d'Ivoire,GUEMON,DUEKOUE,FACILITY AT LEVEL 4: DUEKOUE
aEkkJNOW4NE,Côte d'Ivoire,GÔH,GAGNOA 2,FACILITY AT LEVEL 4: GAGNOA 2
aeLpS2dryoy,Côte d'Ivoire,TONKPI,MAN,FACILITY AT LEVEL 4: MAN
aEUfFsvT1eI,Côte d'Ivoire,GRANDS PONTS,DABOU,FACILITY AT LEVEL 4: DABOU
AeVWPf3vjz6,Côte d'Ivoire,SUD-COMOE,ABOISSO,FACILITY AT LEVEL 4: ABOISSO
AexXWPUuXpb,Côte d'Ivoire,N'ZI,DIMBOKRO,FACILITY AT LEVEL 4: DIMBOKRO
aEZSG5x3mgb,Côte d'Ivoire,SAN PEDRO,SAN-PEDRO,FACILITY AT LEVEL 4: SAN-PEDRO
Af29qBHoHHA,Côte d'Ivoire,ABIDJAN 1,ABOBO EST,FACILITY AT LEVEL 4: ABOBO EST
Af6pQ57Y3nh,Côte d'Ivoire,IFFOU,DAOUKRO,FACILITY AT LEVEL 4: DAOUKRO
AF8jvAOAWox,Côte d'Ivoire,TCHOLOGO,OUANGOLODOUGOU,FACILITY AT LEVEL 4: OUANGOLODOUGOU
afbJECZuqfP,Côte d'Ivoire,LÔH-DJIBOUA,GUITRY,FACILITY AT LEVEL 4: GUITRY
AFGjTKalzm6,Côte d'Ivoire,PORO,M'BENGUE,FACILITY AT LEVEL 4: M'BENGUE
afjyi5oHmrU,Côte d'Ivoire,ABIDJAN 2,KOUMASSI,FACILITY AT LEVEL 4: KOUMASSI
AfP9MlA55Qi,Côte d'Ivoire,BAFING,OUANINOU,FACILITY AT LEVEL 4: OUANINOU
AfsuTP9ElgO,Côte d'Ivoire,BERE,KOUNAHIRI,FACILITY AT LEVEL 4: KOUNAHIRI
AfTYmAMYSEY,Côte d'Ivoire,SUD-COMOE,ABOISSO,FACILITY AT LEVEL 4: ABOISSO
AfYykaLihjt,Côte d'Ivoire,ABIDJAN 2,TREICHVILLE-MARCORY,FACILITY AT LEVEL 4: TREICHVILLE-MARCORY
aGKLVxj8Wl2,Côte d'Ivoire,CAVALLY,BLOLEQUIN,FACILITY AT LEVEL 4: BLOLEQUIN
agM9Fh6Hgpu,Côte d'Ivoire,AGNEBY-TIASSA,AGBOVILLE,FACILITY AT LEVEL 4: AGBOVILLE
Ah2yYLjfXw5,Côte d'Ivoire,MORONOU,M'BATTO,FACILITY AT LEVEL 4: M'BATTO
aHAfEQTh9lb,Côte d'Ivoire,GBOKLE,SASSANDRA,FACILITY AT LEVEL 4: SASSANDRA
Ahc1nVIjIPC,Côte d'Ivoire,SAN PEDRO,SAN-PEDRO,FACILITY AT LEVEL 4: SAN-PEDRO
AHCKpHfBkoZ,Côte d'Ivoire,INDENIE-DUABLIN,ABENGOUROU,FACILITY AT LEVEL 4: ABENGOUROU
aHHV43Aczc3,Côte d'Ivoire,ABIDJAN 1,ABOBO EST,FACILITY AT LEVEL 4: ABOBO EST
AhJfrUZqpRA,Côte d'Ivoire,SAN PEDRO,SAN-PEDRO,FACILITY AT LEVEL 4: SAN-PEDRO
ahMLVbF8Jcl,Côte d'Ivoire,GBOKLE,SASSANDRA,FACILITY AT LEVEL 4: SASSANDRA
AHocmOz2L53,Côte d'Ivoire,ABIDJAN 2,COCODY BINGERVILLE,FACILITY AT LEVEL 4: COCODY BINGERVILLE
AHwKo0BrVSX,Côte d'Ivoire,SAN PEDRO,SAN-PEDRO,FACILITY AT LEVEL 4: SAN-PEDRO
aHz4tbeKnV0,Côte d'Ivoire,SAN PEDRO,SAN-PEDRO,FACILITY AT LEVEL 4: SAN-PEDRO
AI85d4oFRyK,Côte d'Ivoire,CAVALLY,GUIGLO,FACILITY AT LEVEL 4: GUIGLO
aicErb8rwn5,Côte d'Ivoire,TONKPI,ZOUAN-HOUNIEN,FACILITY AT LEVEL 4: ZOUAN-HOUNIEN
aihxTHAvuEx,Côte d'Ivoire,HAMBOL,KATIOLA,FACILITY AT LEVEL 4: KATIOLA
AIJm6oHGjTi,Côte d'Ivoire,NAWA,MEAGUI,FACILITY AT LEVEL 4: MEAGUI
AIkmEEPvveh,Côte d'Ivoire,ABIDJAN 1,ABOBO EST,FACILITY AT LEVEL 4: ABOBO EST
aiMSdypuNTg,Côte d'Ivoire,SAN PEDRO,SAN-PEDRO,FACILITY AT LEVEL 4: SAN-PEDRO
aiuVvr2t649,Côte d'Ivoire,KABADOUGOU,MADINANI,FACILITY AT LEVEL 4: MADINANI
aIxHjKERuzQ,Côte d'Ivoire,ABIDJAN 2,COCODY BINGERVILLE,FACILITY AT LEVEL 4: COCODY BINGERVILLE
aJ2GlNejzg4,Côte d'Ivoire,BAFING,TOUBA,FACILITY AT LEVEL 4: TOUBA
AJ2V28fscgu,Côte d'Ivoire,ABIDJAN 2,ADJAME-PLATEAU-ATTECOUBE,FACILITY AT LEVEL 4: ADJAME-PLATEAU-ATTECOUBE
AjElim7bJSx,Côte d'Ivoire,HAUT SASSANDRA,DALOA,FACILITY AT LEVEL 4: DALOA
aJI3eqKZ7OT,Côte d'Ivoire,ABIDJAN 2,COCODY BINGERVILLE,FACILITY AT LEVEL 4: COCODY BINGERVILLE
ajMlj9noqdq,Côte d'Ivoire,NAWA,MEAGUI,FACILITY AT LEVEL 4: MEAGUI
Ak1UuH8sfz5,Côte d'Ivoire,BELIER,TOUMODI,FACILITY AT LEVEL 4: TOUMODI
aKa8896IIvu,Côte d'Ivoire,ABIDJAN 2,TREICHVILLE-MARCORY,FACILITY AT LEVEL 4: TREICHVILLE-MARCORY
AKAQNwrKZk0,Côte d'Ivoire,ABIDJAN 2,COCODY BINGERVILLE,FACILITY AT LEVEL 4: COCODY BINGERVILLE
akbfKGJAYt1,Côte d'Ivoire,BELIER,YAMOUSSOUKRO,FACILITY AT LEVEL 4: YAMOUSSOUKRO
aKcLpLRkZS3,Côte d'Ivoire,BAGOUE,TENGRELA,FACILITY AT LEVEL 4: TENGRELA
AKhsislJnGf,Côte d'Ivoire,SUD-COMOE,ADIAKE,FACILITY AT LEVEL 4: ADIAKE
aKS2NUuvDBI,Côte d'Ivoire,KABADOUGOU,MADINANI,FACILITY AT LEVEL 4: MADINANI
aKsK3Zo9gMV,Côte d'Ivoire,ABIDJAN 2,PORT-BOUET-VRIDI,FACILITY AT LEVEL 4: PORT-BOUET-VRIDI
AkxQa6jQIJg,Côte d'Ivoire,BELIER,TIEBISSOU,FACILITY AT LEVEL 4: TIEBISSOU
AL6aVXnKbGu,Côte d'Ivoire,ME,ALEPE,FACILITY AT LEVEL 4: ALEPE
aLA5KT9vmcO,Côte d'Ivoire,IFFOU,MBAHIAKRO,FACILITY AT LEVEL 4: MBAHIAKRO
aLEI0weyyz3,Côte d'Ivoire,GONTOUGO,BONDOUKOU,FACILITY AT LEVEL 4: BONDOUKOU
aLQZuhm870a,Côte d'Ivoire,TONKPI,MAN,FACILITY AT LEVEL 4: MAN
aLrkBHnMhxF,Côte d'Ivoire,SAN PEDRO,SAN-PEDRO,FACILITY AT LEVEL 4: SAN-PEDRO
ALs1TcrrsDS,Côte d'Ivoire,HAMBOL,DABAKALA,FACILITY AT LEVEL 4: DABAKALA
Aly9adBnVU1,Côte d'Ivoire,SUD-COMOE,ADIAKE,FACILITY AT LEVEL 4: ADIAKE
aM2d2D4BjzN,Côte d'Ivoire,ABIDJAN 1,YOPOUGON-EST,FACILITY AT LEVEL 4: YOPOUGON-EST
AMmRrk24PME,Côte d'Ivoire,N'ZI,DIMBOKRO,FACILITY AT LEVEL 4: DIMBOKRO
AmVDB1jxL0V,Côte d'Ivoire,MARAHOUE,SINFRA,FACILITY AT LEVEL 4: SINFRA
An8DTG2vyvR,Côte d'Ivoire,HAUT SASSANDRA,DALOA,FACILITY AT LEVEL 4: DALOA
aNcQexQPIkM,Côte d'Ivoire,ABIDJAN 1,ANYAMA,FACILITY AT LEVEL 4: ANYAMA
ANFOu7p0SGg,Côte d'Ivoire,AGNEBY-TIASSA,AGBOVILLE,FACILITY AT LEVEL 4: AGBOVILLE
anhQGYYzmOE,Côte d'Ivoire,TCHOLOGO,OUANGOLODOUGOU,FACILITY AT LEVEL 4: OUANGOLODOUGOU
anlv4Oq9s3x,Côte d'Ivoire,GÔH,OUME,FACILITY AT LEVEL 4: OUME
ao2ygAvoejw,Côte d'Ivoire,ABIDJAN 1,YOPOUGON-EST,FACILITY AT LEVEL 4: YOPOUGON-EST
AoBGuzSTk0U,Côte d'Ivoire,TCHOLOGO,OUANGOLODOUGOU,FACILITY AT LEVEL 4: OUANGOLODOUGOU
AOltS9UJv5t,Côte d'Ivoire,HAMBOL,DABAKALA,FACILITY AT LEVEL 4: DABAKALA
AoPWMoa1OMQ,Côte d'Ivoire,TONKPI,ZOUAN-HOUNIEN,FACILITY AT LEVEL 4: ZOUAN-HOUNIEN
Aouf3UUWxo3,Côte d'Ivoire,TONKPI,ZOUAN-HOUNIEN,FACILITY AT LEVEL 4: ZOUAN-HOUNIEN
Aov3LnlfbFw,Côte d'Ivoire,TONKPI,MAN,FACILITY AT LEVEL 4: MAN
AOwa6JKBQAo,Côte d'Ivoire,BAGOUE,KOUTO,FACILITY AT LEVEL 4: KOUTO
AOzdHYcSFEc,Côte d'Ivoire,GÔH,GAGNOA 1,FACILITY AT LEVEL 4: GAGNOA 1
Aozlop3OW1D,Côte d'Ivoire,GUEMON,KOUIBLY,FACILITY AT LEVEL 4: KOUIBLY
aP7hxWf6c5P,Côte d'Ivoire,ABIDJAN 2,COCODY BINGERVILLE,FACILITY AT LEVEL 4: COCODY BINGERVILLE
aPCH8nWJJMT,Côte d'Ivoire,GBOKLE,SASSANDRA,FACILITY AT LEVEL 4: SASSANDRA
APf6lrzVwj2,Côte d'Ivoire,GONTOUGO,KOUN-FAO,FACILITY AT LEVEL 4: KOUN-FAO
ApJm3DbaVgj,Côte d'Ivoire,BELIER,YAMOUSSOUKRO,FACILITY AT LEVEL 4: YAMOUSSOUKRO
ApJSynsKXZO,Côte d'Ivoire,MARAHOUE,BOUAFLE,FACILITY AT LEVEL 4: BOUAFLE
apMKwT9nEsO,Côte d'Ivoire,HAUT SASSANDRA,DALOA,FACILITY AT LEVEL 4: DALOA
ApSx0urL0WA,Côte d'Ivoire,ABIDJAN 1,YOPOUGON-EST,FACILITY AT LEVEL 4: YOPOUGON-EST
aq39jUFDoHX,Côte d'Ivoire,TCHOLOGO,OUANGOLODOUGOU,FACILITY AT LEVEL 4: OUANGOLODOUGOU
aq5knOnYVtW,Côte d'Ivoire,ABIDJAN 1,ANYAMA,FACILITY AT LEVEL 4: ANYAMA
AqABf7CnBml,Côte d'Ivoire,MARAHOUE,BOUAFLE,FACILITY AT LEVEL 4: BOUAFLE
aqFXzQJiD51,Côte d'Ivoire,NAWA,SOUBRE,FACILITY AT LEVEL 4: SOUBRE
AqLMBAxmDb5,Côte d'Ivoire,GRANDS PONTS,DABOU,FACILITY AT LEVEL 4: DABOU
AQMKN5zBs83,Côte d'Ivoire,N'ZI,BOCANDA,FACILITY AT LEVEL 4: BOCANDA
aqRpoqFCPfm,Côte d'Ivoire,GBEKE,BOUAKE-SUD,FACILITY AT LEVEL 4: BOUAKE-SUD
AqvFmYsBVST,Côte d'Ivoire,TONKPI,MAN,FACILITY AT LEVEL 4: MAN
AQzqUmyk77a,Côte d'Ivoire,AGNEBY-TIASSA,AGBOVILLE,FACILITY AT LEVEL 4: AGBOVILLE
Ar4tSGSNxgk,Côte d'Ivoire,LÔH-DJIBOUA,GUITRY,FACILITY AT LEVEL 4: GUITRY
aR6wsq6SonE,Côte d'Ivoire,GBEKE,SAKASSOU,FACILITY AT LEVEL 4: SAKASSOU
Ar9KqWs5aLE,Côte d'Ivoire,INDENIE-DUABLIN,ABENGOUROU,FACILITY AT LEVEL 4: ABENGOUROU
AreZBvX784N,Côte d'Ivoire,MORONOU,BONGOUANOU,FACILITY AT LEVEL 4: BONGOUANOU
aRuJKmomHMG,Côte d'Ivoire,HAUT SASSANDRA,DALOA,FACILITY AT LEVEL 4: DALOA
ArurcGIFy9o,Côte d'Ivoire,GBEKE,BOUAKE NORD-EST,FACILITY AT LEVEL 4: BOUAKE NORD-EST
ARy2GG6qKx0,Côte d'Ivoire,GUEMON,KOUIBLY,FACILITY AT LEVEL 4: KOUIBLY
ARZTvWXOoRC,Côte d'Ivoire,KABADOUGOU,ODIENNE,FACILITY AT LEVEL 4: ODIENNE
aS2x3vkYvGp,Côte d'Ivoire,MORONOU,BONGOUANOU,FACILITY AT LEVEL 4: BONGOUANOU
assbYAhjoHL,Côte d'Ivoire,GONTOUGO,BONDOUKOU,FACILITY AT LEVEL 4: BONDOUKOU
ASVEApqBE5S,Côte d'Ivoire,ABIDJAN 1,YOPOUGON-EST,FACILITY AT LEVEL 4: YOPOUGON-EST
aSwidj0JCqp,Côte d'Ivoire,GÔH,GAGNOA 1,FACILITY AT LEVEL 4: GAGNOA 1
aSYnMm9sNmA,Côte d'Ivoire,GBEKE,BOUAKE NORD-OUEST,FACILITY AT LEVEL 4: BOUAKE NORD-OUEST
at0T4OYLtIe,Côte d'Ivoire,ABIDJAN 1,YOPOUGON-OUEST SONGON,FACILITY AT LEVEL 4: YOPOUGON-OUEST SONGON
At4rxDgjJRZ,Côte d'Ivoire,GRANDS PONTS,DABOU,FACILITY AT LEVEL 4: DABOU
ATdE552HKqu,Côte d'Ivoire,ME,YAKASSE-ATTOBROU,FACILITY AT LEVEL 4: YAKASSE-ATTOBROU
AtJqbc0Zszr,Côte d'Ivoire,SUD-COMOE,ABOISSO,FACILITY AT LEVEL 4: ABOISSO
atNS8j3RL9L,Côte d'Ivoire,MARAHOUE,BOUAFLE,FACILITY AT LEVEL 4: BOUAFLE
ato5Ecfueuu,Côte d'Ivoire,GONTOUGO,BONDOUKOU,FACILITY AT LEVEL 4: BONDOUKOU
aU3YGAY4qb7,Côte d'Ivoire,BOUNKANI,NASSIAN,FACILITY AT LEVEL 4: NASSIAN
au8x2aRUVjb,Côte d'Ivoire,SUD-COMOE,ABOISSO,FACILITY AT LEVEL 4: ABOISSO
AUbhZKufohj,Côte d'Ivoire,ABIDJAN 2,COCODY BINGERVILLE,FACILITY AT LEVEL 4: COCODY BINGERVILLE
aUGI0fWqfym,Côte d'Ivoire,HAUT SASSANDRA,VAVOUA,FACILITY AT LEVEL 4: VAVOUA
AuPFYAbG4CX,Côte d'Ivoire,SAN PEDRO,TABOU,FACILITY AT LEVEL 4: TABOU
auqSLgUMe5A,Côte d'Ivoire,MARAHOUE,SINFRA,FACILITY AT LEVEL 4: SINFRA
avayKbPnGJ4,Côte d'Ivoire,GONTOUGO,KOUN-FAO,FACILITY AT LEVEL 4: KOUN-FAO
AVBm7Avx1B2,Côte d'Ivoire,ABIDJAN 2,ADJAME-PLATEAU-ATTECOUBE,FACILITY AT LEVEL 4: ADJAME-PLATEAU-ATTECOUBE
AVIZ5ZmCfA9,Côte d'Ivoire,ABIDJAN 2,ADJAME-PLATEAU-ATTECOUBE,FACILITY AT LEVEL 4: ADJAME-PLATEAU-ATTECOUBE
avjYELHgGc1,Côte d'Ivoire,MARAHOUE,BOUAFLE,FACILITY AT LEVEL 4: BOUAFLE
aVrmuhgPS9w,Côte d'Ivoire,NAWA,SOUBRE,FACILITY AT LEVEL 4: SOUBRE
avwP02MD1P4,Côte d'Ivoire,GBOKLE,FRESCO,FACILITY AT LEVEL 4: FRESCO
aw9nzUavZ2C,Côte d'Ivoire,BAFING,TOUBA,FACILITY AT LEVEL 4: TOUBA
awasdlCzJWN,Côte d'Ivoire,MARAHOUE,BOUAFLE,FACILITY AT LEVEL 4: BOUAFLE
AWbvdyGIjLW,Côte d'Ivoire,GÔH,GAGNOA 1,FACILITY AT LEVEL 4: GAGNOA 1
aWCGMEdIzi4,Côte d'Ivoire,NAWA,SOUBRE,FACILITY AT LEVEL 4: SOUBRE
AWEzRXCSmYp,Côte d'Ivoire,SAN PEDRO,TABOU,FACILITY AT LEVEL 4: TABOU
AwflfVNpl2E,Côte d'Ivoire,BOUNKANI,BOUNA,FACILITY AT LEVEL 4: BOUNA
AWLFlPWPf2t,Côte d'Ivoire,INDENIE-DUABLIN,ABENGOUROU,FACILITY AT LEVEL 4: ABENGOUROU
awrM2eC2drd,Côte d'Ivoire,ABIDJAN 2,ADJAME-PLATEAU-ATTECOUBE,FACILITY AT LEVEL 4: ADJAME-PLATEAU-ATTECOUBE
aWsqwiwekso,Côte d'Ivoire,ABIDJAN 2,COCODY BINGERVILLE,FACILITY AT LEVEL 4: COCODY BINGERVILLE
Ax5rnzMMkvb,Côte d'Ivoire,WORODOUGOU,SEGUELA,FACILITY AT LEVEL 4: SEGUELA
axFuKtrQrz9,Côte d'Ivoire,BAGOUE,TENGRELA,FACILITY AT LEVEL 4: TENGRELA
aXhRnbAPtzB,Côte d'Ivoire,WORODOUGOU,SEGUELA,FACILITY AT LEVEL 4: SEGUELA
AXVCsK4da3U,Côte d'Ivoire,PORO,DIKODOUGOU,FACILITY AT LEVEL 4: DIKODOUGOU
aXVvHwJXuzR,Côte d'Ivoire,SUD-COMOE,ADIAKE,FACILITY AT LEVEL 4: ADIAKE
AXXMsrbNp98,Côte d'Ivoire,ABIDJAN 2,COCODY BINGERVILLE,FACILITY AT LEVEL 4: COCODY BINGERVILLE
axzvT9Ilziq,Côte d'Ivoire,BERE,MANKONO,FACILITY AT LEVEL 4: MANKONO
ay5VAFF8Dnb,Côte d'Ivoire,SUD-COMOE,TIAPOUM,FACILITY AT LEVEL 4: TIAPOUM
AYdCrKEbzUu,Côte d'Ivoire,GRANDS PONTS,DABOU,FACILITY AT LEVEL 4: DABOU
AyKxkieFucd,Côte d'Ivoire,BELIER,YAMOUSSOUKRO,FACILITY AT LEVEL 4: YAMOUSSOUKRO
aZ5jC7CTCtA,Côte d'Ivoire,ABIDJAN 2,COCODY BINGERVILLE,FACILITY AT LEVEL 4: COCODY BINGERVILLE
AZ5X2CeTNsk,Côte d'Ivoire,ME,ALEPE,FACILITY AT LEVEL 4: ALEPE
aZAQz06krGR,Côte d'Ivoire,IFFOU,DAOUKRO,FACILITY AT LEVEL 4: DAOUKRO
aZDsMrQFXbC,Côte d'Ivoire,AGNEBY-TIASSA,SIKENSI,FACILITY AT LEVEL 4: SIKENSI
AzecJfMwgEV,Côte d'Ivoire,BELIER,YAMOUSSOUKRO,FACILITY AT LEVEL 4: YAMOUSSOUKRO
aZeWNYkaVxL,Côte d'Ivoire,ABIDJAN 2,ADJAME-PLATEAU-ATTECOUBE,FACILITY AT LEVEL 4: ADJAME-PLATEAU-ATTECOUBE
AzhfEjaa0iK,Côte d'Ivoire,MORONOU,M'BATTO,FACILITY AT LEVEL 4: M'BATTO
AZhwISa6QHW,Côte d'Ivoire,BERE,MANKONO,FACILITY AT LEVEL 4: MANKONO
AzIoHy2idQw,Côte d'Ivoire,SUD-COMOE,GRAND-BASSAM,FACILITY AT LEVEL 4: GRAND-BASSAM
aZqXw77QmKa,Côte d'Ivoire,TCHOLOGO,OUANGOLODOUGOU,FACILITY AT LEVEL 4: OUANGOLODOUGOU
AztUK2qVbeo,Côte d'Ivoire,ABIDJAN 1,YOPOUGON-EST,FACILITY AT LEVEL 4: YOPOUGON-EST
azwZZJKa3Ur,Côte d'Ivoire,SUD-COMOE,ABOISSO,FACILITY AT LEVEL 4: ABOISSO
B0IIlxDym76,Côte d'Ivoire,TCHOLOGO,FERKESSEDOUGOU,FACILITY AT LEVEL 4: FERKESSEDOUGOU
B0JG4YarMbY,Côte d'Ivoire,GONTOUGO,BONDOUKOU,FACILITY AT LEVEL 4: BONDOUKOU
B1W1SroDptQ,Côte d'Ivoire,ABIDJAN 2,KOUMASSI,FACILITY AT LEVEL 4: KOUMASSI
B23UjR8qTxf,Côte d'Ivoire,BAFING,KORO,FACILITY AT LEVEL 4: KORO
b2CDIRmO95E,Côte d'Ivoire,ME,ADZOPE,FACILITY AT LEVEL 4: ADZOPE
b2ejUUjMpSH,Côte d'Ivoire,TONKPI,MAN,FACILITY AT LEVEL 4: MAN
B2MYGHjDy4H,Côte d'Ivoire,BERE,MANKONO,FACILITY AT LEVEL 4: MANKONO
B2obDRMclXM,Côte d'Ivoire,ABIDJAN 2,ADJAME-PLATEAU-ATTECOUBE,FACILITY AT LEVEL 4: ADJAME-PLATEAU-ATTECOUBE
b2otLrAEg4a,Côte d'Ivoire,KABADOUGOU,ODIENNE,FACILITY AT LEVEL 4: ODIENNE
b329FbO30R8,Côte d'Ivoire,SUD-COMOE,TIAPOUM,FACILITY AT LEVEL 4: TIAPOUM
B3BUoiHBUlm,Côte d'Ivoire,ME,ADZOPE,FACILITY AT LEVEL 4: ADZOPE
b3EU6KFCkub,Côte d'Ivoire,ME,ADZOPE,FACILITY AT LEVEL 4: ADZOPE
B3gvThTWUAK,Côte d'Ivoire,GÔH,OUME,FACILITY AT LEVEL 4: OUME
B3PtkZhD9rG,Côte d'Ivoire,ABIDJAN 2,TREICHVILLE-MARCORY,FACILITY AT LEVEL 4: TREICHVILLE-MARCORY
b3UVuyHjGx8,Côte d'Ivoire,HAUT SASSANDRA,DALOA,FACILITY AT LEVEL 4: DALOA
B3ysOUhhP50,Côte d'Ivoire,NAWA,MEAGUI,FACILITY AT LEVEL 4: MEAGUI
B3ZjcVTjaf5,Côte d'Ivoire,GÔH,GAGNOA 2,FACILITY AT LEVEL 4: GAGNOA 2
B4NHNb1Bm7A,Côte d'Ivoire,ABIDJAN 2,ADJAME-PLATEAU-ATTECOUBE,FACILITY AT LEVEL 4: ADJAME-PLATEAU-ATTECOUBE
b4pMSkFyzNy,Côte d'Ivoire,PORO,KORHOGO 1,FACILITY AT LEVEL 4: KORHOGO 1
B58S0MjTq8W,Côte d'Ivoire,ABIDJAN 1,YOPOUGON-OUEST SONGON,FACILITY AT LEVEL 4: YOPOUGON-OUEST SONGON
b5EAvdBwDHG,Côte d'Ivoire,LÔH-DJIBOUA,DIVO,FACILITY AT LEVEL 4: DIVO
b5mAfoSIZjm,Côte d'Ivoire,SUD-COMOE,GRAND-BASSAM,FACILITY AT LEVEL 4: GRAND-BASSAM
b66n8RyCrE7,Côte d'Ivoire,BAGOUE,TENGRELA,FACILITY AT LEVEL 4: TENGRELA
b6TG2LaiHUL,Côte d'Ivoire,ABIDJAN 2,COCODY BINGERVILLE,FACILITY AT LEVEL 4: COCODY BINGERVILLE
b71kRWzpuWO,Côte d'Ivoire,BERE,MANKONO,FACILITY AT LEVEL 4: MANKONO
b71XiQJYaEH,Côte d'Ivoire,GRANDS PONTS,DABOU,FACILITY AT LEVEL 4: DABOU
b7cYhnrFPUE,Côte d'Ivoire,GÔH,GAGNOA 2,FACILITY AT LEVEL 4: GAGNOA 2
B7QvEbdN6dx,Côte d'Ivoire,PORO,KORHOGO 2,FACILITY AT LEVEL 4: KORHOGO 2
B85qBFn0wBr,Côte d'Ivoire,HAUT SASSANDRA,DALOA,FACILITY AT LEVEL 4: DALOA
B86Cbuc8DzU,Côte d'Ivoire,TONKPI,MAN,FACILITY AT LEVEL 4: MAN
b8AdvPWYM2S,Côte d'Ivoire,INDENIE-DUABLIN,ABENGOUROU,FACILITY AT LEVEL 4: ABENGOUROU
B8CpR9Cc8ft,Côte d'Ivoire,AGNEBY-TIASSA,TIASSALE,FACILITY AT LEVEL 4: TIASSALE
B9tzPvENi6K,Côte d'Ivoire,HAMBOL,DABAKALA,FACILITY AT LEVEL 4: DABAKALA
b9tzz3V6E8C,Côte d'Ivoire,INDENIE-DUABLIN,ABENGOUROU,FACILITY AT LEVEL 4: ABENGOUROU
bA2MxleNg5X,Côte d'Ivoire,GBEKE,BOUAKE-SUD,FACILITY AT LEVEL 4: BOUAKE-SUD
BaGbygPbxxy,Côte d'Ivoire,TCHOLOGO,FERKESSEDOUGOU,FACILITY AT LEVEL 4: FERKESSEDOUGOU
baGvbrgFnV4,Côte d'Ivoire,ABIDJAN 2,ADJAME-PLATEAU-ATTECOUBE,FACILITY AT LEVEL 4: ADJAME-PLATEAU-ATTECOUBE
bALwzGFMAQl,Côte d'Ivoire,SUD-COMOE,TIAPOUM,FACILITY AT LEVEL 4: TIAPOUM
bApHuhOILna,Côte d'Ivoire,MARAHOUE,SINFRA,FACILITY AT LEVEL 4: SINFRA
baxbG2rMvaI,Côte d'Ivoire,BAFING,KORO,FACILITY AT LEVEL 4: KORO
bAxwruzzbYv,Côte d'Ivoire,GBEKE,BOUAKE-SUD,FACILITY AT LEVEL 4: BOUAKE-SUD
BB5wubHW9NR,Côte d'Ivoire,PORO,KORHOGO 1,FACILITY AT LEVEL 4: KORHOGO 1
BBBVY5bEPaV,Côte d'Ivoire,ABIDJAN 1,ABOBO EST,FACILITY AT LEVEL 4: ABOBO EST
bBUgbCHIWZw,Côte d'Ivoire,ABIDJAN 1,ABOBO EST,FACILITY AT LEVEL 4: ABOBO EST
BbXyAY49f5A,Côte d'Ivoire,GONTOUGO,BONDOUKOU,FACILITY AT LEVEL 4: BONDOUKOU
BbZ6cIgfJOO,Côte d'Ivoire,GBEKE,SAKASSOU,FACILITY AT LEVEL 4: SAKASSOU
bC0OW0YRtEF,Côte d'Ivoire,ABIDJAN 1,ABOBO EST,FACILITY AT LEVEL 4: ABOBO EST
bc1W3VLf9jA,Côte d'Ivoire,ABIDJAN 2,COCODY BINGERVILLE,FACILITY AT LEVEL 4: COCODY BINGERVILLE
BCNlNkJ01k2,Côte d'Ivoire,GBEKE,BOUAKE-SUD,FACILITY AT LEVEL 4: BOUAKE-SUD
bcYpEFHwH9p,Côte d'Ivoire,GUEMON,DUEKOUE,FACILITY AT LEVEL 4: DUEKOUE
bD3kFBgrqMC,Côte d'Ivoire,GBOKLE,SASSANDRA,FACILITY AT LEVEL 4: SASSANDRA
BdbhfPGpTGA,Côte d'Ivoire,WORODOUGOU,SEGUELA,FACILITY AT LEVEL 4: SEGUELA
bDK6cIausGI,Côte d'Ivoire,GBEKE,BOUAKE NORD-OUEST,FACILITY AT LEVEL 4: BOUAKE NORD-OUEST
bDtUMD3EBFg,Côte d'Ivoire,BERE,MANKONO,FACILITY AT LEVEL 4: MANKONO
BDXTiM1xKRB,Côte d'Ivoire,LÔH-DJIBOUA,GUITRY,FACILITY AT LEVEL 4: GUITRY
becp7lZeV95,Côte d'Ivoire,WORODOUGOU,SEGUELA,FACILITY AT LEVEL 4: SEGUELA
BEnFmpeleYX,Côte d'Ivoire,SAN PEDRO,SAN-PEDRO,FACILITY AT LEVEL 4: SAN-PEDRO
bENQwMR9RPU,Côte d'Ivoire,BAGOUE,TENGRELA,FACILITY AT LEVEL 4: TENGRELA
BET8jGOHdQk,Côte d'Ivoire,HAMBOL,KATIOLA,FACILITY AT LEVEL 4: KATIOLA
bey7zJmGM3q,Côte d'Ivoire,CAVALLY,TOULEPLEU,FACILITY AT LEVEL 4: TOULEPLEU
BeyXziaxVq9,Côte d'Ivoire,LÔH-DJIBOUA,DIVO,FACILITY AT LEVEL 4: DIVO
BEZ8avqmfkW,Côte d'Ivoire,ABIDJAN 2,COCODY BINGERVILLE,FACILITY AT LEVEL 4: COCODY BINGERVILLE
bEZgMkvBLtm,Côte d'Ivoire,BERE,MANKONO,FACILITY AT LEVEL 4: MANKONO
BfIPxM3TezQ,Côte d'Ivoire,ABIDJAN 1,ABOBO EST,FACILITY AT LEVEL 4: ABOBO EST
bfuI6iKIEC5,Côte d'Ivoire,NAWA,SOUBRE,FACILITY AT LEVEL 4: SOUBRE
BfvEUlDh5WZ,Côte d'Ivoire,NAWA,SOUBRE,FACILITY AT LEVEL 4: SOUBRE
bFx03Fvvd88,Côte d'Ivoire,PORO,KORHOGO 1,FACILITY AT LEVEL 4: KORHOGO 1
bG7AXd1o35Y,Côte d'Ivoire,MORONOU,BONGOUANOU,FACILITY AT LEVEL 4: BONGOUANOU
BGHCa9pShBq,Côte d'Ivoire,HAUT SASSANDRA,ISSIA,FACILITY AT LEVEL 4: ISSIA
bgr06dIO8SL,Côte d'Ivoire,ABIDJAN 2,COCODY BINGERVILLE,FACILITY AT LEVEL 4: COCODY BINGERVILLE
BguNKdpxjhm,Côte d'Ivoire,PORO,KORHOGO 2,FACILITY AT LEVEL 4: KORHOGO 2
BGyqawjqzGI,Côte d'Ivoire,ABIDJAN 1,YOPOUGON-EST,FACILITY AT LEVEL 4: YOPOUGON-EST
BH2qZesoAeO,Côte d'Ivoire,PORO,DIKODOUGOU,FACILITY AT LEVEL 4: DIKODOUGOU
Bh6CVDHxdGK,Côte d'Ivoire,ABIDJAN 2,TREICHVILLE-MARCORY,FACILITY AT LEVEL 4: TREICHVILLE-MARCORY
BHakrc06knY,Côte d'Ivoire,GONTOUGO,BONDOUKOU,FACILITY AT LEVEL 4: BONDOUKOU
bhASPa5abpY,Côte d'Ivoire,LÔH-DJIBOUA,DIVO,FACILITY AT LEVEL 4: DIVO
BhFnxVBcm4E,Côte d'Ivoire,SAN PEDRO,TABOU,FACILITY AT LEVEL 4: TABOU
BhgdWzcplAh,Côte d'Ivoire,ABIDJAN 1,YOPOUGON-OUEST SONGON,FACILITY AT LEVEL 4: YOPOUGON-OUEST SONGON
BhJwyLVNfcA,Côte d'Ivoire,HAUT SASSANDRA,ISSIA,FACILITY AT LEVEL 4: ISSIA
bhKUkLWiVyP,Côte d'Ivoire,ME,ADZOPE,FACILITY AT LEVEL 4: ADZOPE
BhmUfafilAA,Côte d'Ivoire,BELIER,TIEBISSOU,FACILITY AT LEVEL 4: TIEBISSOU
BhnFoIqEqKJ,Côte d'Ivoire,BERE,MANKONO,FACILITY AT LEVEL 4: MANKONO
bHOCOudYF7n,Côte d'Ivoire,BAGOUE,KOUTO,FACILITY AT LEVEL 4: KOUTO
bHovE9LWbFd,Côte d'Ivoire,TONKPI,BIANKOUMA,FACILITY AT LEVEL 4: BIANKOUMA
bHw0w6ZnAR5,Côte d'Ivoire,PORO,M'BENGUE,FACILITY AT LEVEL 4: M'BENGUE
BI8Iry2ZAG1,Côte d'Ivoire,ABIDJAN 2,ADJAME-PLATEAU-ATTECOUBE,FACILITY AT LEVEL 4: ADJAME-PLATEAU-ATTECOUBE
biAtcKrijjh,Côte d'Ivoire,GÔH,GAGNOA 2,FACILITY AT LEVEL 4: GAGNOA 2
bIIZYa9z58q,Côte d'Ivoire,ABIDJAN 1,ABOBO EST,FACILITY AT LEVEL 4: ABOBO EST
BIlBi8ZUqXU,Côte d'Ivoire,MORONOU,M'BATTO,FACILITY AT LEVEL 4: M'BATTO
BiSz8ng2H4N,Côte d'Ivoire,BAFING,OUANINOU,FACILITY AT LEVEL 4: OUANINOU
BJ4BHYrtRwx,Côte d'Ivoire,BERE,MANKONO,FACILITY AT LEVEL 4: MANKONO
Bj6odIpPxqi,Côte d'Ivoire,ME,ALEPE,FACILITY AT LEVEL 4: ALEPE
Bj7CV7bMA1Q,Côte d'Ivoire,WORODOUGOU,SEGUELA,FACILITY AT LEVEL 4: SEGUELA
bjAdf1GmmeF,Côte d'Ivoire,ABIDJAN 2,TREICHVILLE-MARCORY,FACILITY AT LEVEL 4: TREICHVILLE-MARCORY
BJIvJ2ZsKQz,Côte d'Ivoire,BAFING,KORO,FACILITY AT LEVEL 4: KORO
bJqZJK7U226,Côte d'Ivoire,ABIDJAN 2,COCODY BINGERVILLE,FACILITY AT LEVEL 4: COCODY BINGERVILLE
BJuvp2RES62,Côte d'Ivoire,SUD-COMOE,ABOISSO,FACILITY AT LEVEL 4: ABOISSO
bJzqZhFwpJX,Côte d'Ivoire,ABIDJAN 2,KOUMASSI,FACILITY AT LEVEL 4: KOUMASSI
bk4Y99gJJ4o,Côte d'Ivoire,HAMBOL,NIAKARAMADOUGOU,FACILITY AT LEVEL 4: NIAKARAMADOUGOU
bkcLEIcXpDz,Côte d'Ivoire,SUD-COMOE,GRAND-BASSAM,FACILITY AT LEVEL 4: GRAND-BASSAM
bkhaXrYymoH,Côte d'Ivoire,ABIDJAN 2,ADJAME-PLATEAU-ATTECOUBE,FACILITY AT LEVEL 4: ADJAME-PLATEAU-ATTECOUBE
BkHC3TJjcHi,Côte d'Ivoire,WORODOUGOU,SEGUELA,FACILITY AT LEVEL 4: SEGUELA
BkiQJdmmFex,Côte d'Ivoire,INDENIE-DUABLIN,AGNIBILEKROU,FACILITY AT LEVEL 4: AGNIBILEKROU
BKVQi8fxIum,Côte d'Ivoire,IFFOU,DAOUKRO,FACILITY AT LEVEL 4: DAOUKRO
BkXKLmM4SSe,Côte d'Ivoire,ABIDJAN 2,PORT-BOUET-VRIDI,FACILITY AT LEVEL 4: PORT-BOUET-VRIDI
BLA8608lxND,Côte d'Ivoire,GBEKE,BOUAKE NORD-EST,FACILITY AT LEVEL 4: BOUAKE NORD-EST
BLIRzRYralf,Côte d'Ivoire,ABIDJAN 2,COCODY BINGERVILLE,FACILITY AT LEVEL 4: COCODY BINGERVILLE
bljCgu8PfV9,Côte d'Ivoire,AGNEBY-TIASSA,TIASSALE,FACILITY AT LEVEL 4: TIASSALE
bLkn2FnUmR3,Côte d'Ivoire,HAUT SASSANDRA,DALOA,FACILITY AT LEVEL 4: DALOA
BLOaJcQRDUY,Côte d'Ivoire,ABIDJAN 2,COCODY BINGERVILLE,FACILITY AT LEVEL 4: COCODY BINGERVILLE
bLqMGeMGb2g,Côte d'Ivoire,SUD-COMOE,GRAND-BASSAM,FACILITY AT LEVEL 4: GRAND-BASSAM
BluY12aaGw5,Côte d'Ivoire,SUD-COMOE,ABOISSO,FACILITY AT LEVEL 4: ABOISSO
blz5JsrraG9,Côte d'Ivoire,ABIDJAN 1,YOPOUGON-OUEST SONGON,FACILITY AT LEVEL 4: YOPOUGON-OUEST SONGON
Bm4q6rfv02d,Côte d'Ivoire,GBEKE,BOUAKE NORD-OUEST,FACILITY AT LEVEL 4: BOUAKE NORD-OUEST
bm6tUKCWfvm,Côte d'Ivoire,SUD-COMOE,GRAND-BASSAM,FACILITY AT LEVEL 4: GRAND-BASSAM
bMkXh7mq57A,Côte d'Ivoire,LÔH-DJIBOUA,LAKOTA,FACILITY AT LEVEL 4: LAKOTA
bmnv38d1IEK,Côte d'Ivoire,SUD-COMOE,ABOISSO,FACILITY AT LEVEL 4: ABOISSO
BMsrjrYvZek,Côte d'Ivoire,ABIDJAN 2,COCODY BINGERVILLE,FACILITY AT LEVEL 4: COCODY BINGERVILLE
BNNSMEtV3Ip,Côte d'Ivoire,NAWA,SOUBRE,FACILITY AT LEVEL 4: SOUBRE
bnP1bAemxy1,Côte d'Ivoire,BOUNKANI,DOROPO,FACILITY AT LEVEL 4: DOROPO
bO2AHSkUIcS,Côte d'Ivoire,GRANDS PONTS,JACQUEVILLE,FACILITY AT LEVEL 4: JACQUEVILLE
boh6JUvw6nf,Côte d'Ivoire,CAVALLY,TOULEPLEU,FACILITY AT LEVEL 4: TOULEPLEU
BoOqUEdaztk,Côte d'Ivoire,ABIDJAN 2,PORT-BOUET-VRIDI,FACILITY AT LEVEL 4: PORT-BOUET-VRIDI
bOqF2CguxWH,Côte d'Ivoire,PORO,KORHOGO 1,FACILITY AT LEVEL 4: KORHOGO 1
BorjmhMODy9,Côte d'Ivoire,GBOKLE,SASSANDRA,FACILITY AT LEVEL 4: SASSANDRA
BOTEzlVitq3,Côte d'Ivoire,ABIDJAN 2,TREICHVILLE-MARCORY,FACILITY AT LEVEL 4: TREICHVILLE-MARCORY
BOVAWP9PzV8,Côte d'Ivoire,ABIDJAN 1,YOPOUGON-EST,FACILITY AT LEVEL 4: YOPOUGON-EST
bP3VpniJUYY,Côte d'Ivoire,SUD-COMOE,GRAND-BASSAM,FACILITY AT LEVEL 4: GRAND-BASSAM
Bp4cJXpjXjI,Côte d'Ivoire,NAWA,GUEYO,FACILITY AT LEVEL 4: GUEYO
bp91IuZnark,Côte d'Ivoire,ABIDJAN 2,PORT-BOUET-VRIDI,FACILITY AT LEVEL 4: PORT-BOUET-VRIDI
bPfH8WBwP0K,Côte d'Ivoire,ABIDJAN 2,KOUMASSI,FACILITY AT LEVEL 4: KOUMASSI
bPigB5HPVIs,Côte d'Ivoire,ABIDJAN 2,TREICHVILLE-MARCORY,FACILITY AT LEVEL 4: TREICHVILLE-MARCORY
BpiGzPxG6FQ,Côte d'Ivoire,TONKPI,BIANKOUMA,FACILITY AT LEVEL 4: BIANKOUMA
bPqLhzvOIJb,Côte d'Ivoire,BAGOUE,BOUNDIALI,FACILITY AT LEVEL 4: BOUNDIALI
bPRybdN20Xm,Côte d'Ivoire,N'ZI,DIMBOKRO,FACILITY AT LEVEL 4: DIMBOKRO
BPxrc4Fl8nz,Côte d'Ivoire,ABIDJAN 1,ANYAMA,FACILITY AT LEVEL 4: ANYAMA
BPzLs44ahIt,Côte d'Ivoire,IFFOU,DAOUKRO,FACILITY AT LEVEL 4: DAOUKRO
bQ1KQyVyuvv,Côte d'Ivoire,GONTOUGO,KOUN-FAO,FACILITY AT LEVEL 4: KOUN-FAO
Bq2NIaGq7nT,Côte d'Ivoire,ABIDJAN 1,YOPOUGON-OUEST SONGON,FACILITY AT LEVEL 4: YOPOUGON-OUEST SONGON
BQ8OEJc9l11,Côte d'Ivoire,BAGOUE,TENGRELA,FACILITY AT LEVEL 4: TENGRELA
bqaUcGiZTDI,Côte d'Ivoire,WORODOUGOU,SEGUELA,FACILITY AT LEVEL 4: SEGUELA
bqAXudPlvhj,Côte d'Ivoire,HAUT SASSANDRA,VAVOUA,FACILITY AT LEVEL 4: VAVOUA
BqgmdYb2XTD,Côte d'Ivoire,BELIER,YAMOUSSOUKRO,FACILITY AT LEVEL 4: YAMOUSSOUKRO
bQhnuBJQ1gv,Côte d'Ivoire,TONKPI,BIANKOUMA,FACILITY AT LEVEL 4: BIANKOUMA
BqJGsiA1LCq,Côte d'Ivoire,ABIDJAN 2,TREICHVILLE-MARCORY,FACILITY AT LEVEL 4: TREICHVILLE-MARCORY
Bqzf3zcPFRk,Côte d'Ivoire,ABIDJAN 1,ABOBO EST,FACILITY AT LEVEL 4: ABOBO EST
bRjZlOSpfCi,Côte d'Ivoire,SAN PEDRO,SAN-PEDRO,FACILITY AT LEVEL 4: SAN-PEDRO
brocZmp2YYU,Côte d'Ivoire,MARAHOUE,BOUAFLE,FACILITY AT LEVEL 4: BOUAFLE
BrymZB4Qrpm,Côte d'Ivoire,PORO,M'BENGUE,FACILITY AT LEVEL 4: M'BENGUE
brZKu3A7dSz,Côte d'Ivoire,AGNEBY-TIASSA,TIASSALE,FACILITY AT LEVEL 4: TIASSALE
bSbZ4v2bkh4,Côte d'Ivoire,GÔH,OUME,FACILITY AT LEVEL 4: OUME
BSINWne56Rg,Côte d'Ivoire,BOUNKANI,NASSIAN,FACILITY AT LEVEL 4: NASSIAN
Bsn4QIPFdib,Côte d'Ivoire,ABIDJAN 2,ADJAME-PLATEAU-ATTECOUBE,FACILITY AT LEVEL 4: ADJAME-PLATEAU-ATTECOUBE
bsnhEsnfD76,Côte d'Ivoire,PORO,KORHOGO 1,FACILITY AT LEVEL 4: KORHOGO 1
bsraL8Psnsm,Côte d'Ivoire,NAWA,GUEYO,FACILITY AT LEVEL 4: GUEYO
bT61pZ5HhoC,Côte d'Ivoire,TCHOLOGO,FERKESSEDOUGOU,FACILITY AT LEVEL 4: FERKESSEDOUGOU
bTKlyo7Gjx2,Côte d'Ivoire,NAWA,BUYO,FACILITY AT LEVEL 4: BUYO
BtpiBwHsnpq,Côte d'Ivoire,LÔH-DJIBOUA,LAKOTA,FACILITY AT LEVEL 4: LAKOTA
BtvLxdUhWh9,Côte d'Ivoire,ABIDJAN 1,ABOBO EST,FACILITY AT LEVEL 4: ABOBO EST
BtvPB9xE1Jr,Côte d'Ivoire,BAGOUE,TENGRELA,FACILITY AT LEVEL 4: TENGRELA
BTX4C42ybhE,Côte d'Ivoire,LÔH-DJIBOUA,LAKOTA,FACILITY AT LEVEL 4: LAKOTA
BtZzPZ5kXAy,Côte d'Ivoire,NAWA,SOUBRE,FACILITY AT LEVEL 4: SOUBRE
BU0hB4ma3gu,Côte d'Ivoire,ABIDJAN 1,YOPOUGON-OUEST SONGON,FACILITY AT LEVEL 4: YOPOUGON-OUEST SONGON
bUEvuix2Cn6,Côte d'Ivoire,ABIDJAN 1,ABOBO EST,FACILITY AT LEVEL 4: ABOBO EST
bUF1N1Mx9Y9,Côte d'Ivoire,ABIDJAN 1,ABOBO EST,FACILITY AT LEVEL 4: ABOBO EST
BugoCRnfVKz,Côte d'Ivoire,ABIDJAN 2,COCODY BINGERVILLE,FACILITY AT LEVEL 4: COCODY BINGERVILLE
BUjEJkpYDTG,Côte d'Ivoire,NAWA,BUYO,FACILITY AT LEVEL 4: BUYO
BULm9KogA1O,Côte d'Ivoire,BAFING,KORO,FACILITY AT LEVEL 4: KORO
bUroxuihms9,Côte d'Ivoire,ABIDJAN 2,COCODY BINGERVILLE,FACILITY AT LEVEL 4: COCODY BINGERVILLE
BURToloAWXS,Côte d'Ivoire,ABIDJAN 2,COCODY BINGERVILLE,FACILITY AT LEVEL 4: COCODY BINGERVILLE
buVaSl3Fvs8,Côte d'Ivoire,GBEKE,BOUAKE NORD-EST,FACILITY AT LEVEL 4: BOUAKE NORD-EST
bUVVSKJzuYR,Côte d'Ivoire,SUD-COMOE,GRAND-BASSAM,FACILITY AT LEVEL 4: GRAND-BASSAM
bV3L8QyXlnD,Côte d'Ivoire,TONKPI,DANANE,FACILITY AT LEVEL 4: DANANE
Bv3ZzMtRSrU,Côte d'Ivoire,INDENIE-DUABLIN,ABENGOUROU,FACILITY AT LEVEL 4: ABENGOUROU
BVbil8QSUb3,Côte d'Ivoire,ABIDJAN 2,COCODY BINGERVILLE,FACILITY AT LEVEL 4: COCODY BINGERVILLE
BvRaMPemZDc,Côte d'Ivoire,ABIDJAN 1,ABOBO EST,FACILITY AT LEVEL 4: ABOBO EST
bW22Wc00b4S,Côte d'Ivoire,SAN PEDRO,TABOU,FACILITY AT LEVEL 4: TABOU
BW4LeuJsVkK,Côte d'Ivoire,ABIDJAN 2,PORT-BOUET-VRIDI,FACILITY AT LEVEL 4: PORT-BOUET-VRIDI
BWaN60X7sKM,Côte d'Ivoire,GONTOUGO,KOUN-FAO,FACILITY AT LEVEL 4: KOUN-FAO
bwJ8ZQRpz4c,Côte d'Ivoire,SUD-COMOE,ABOISSO,FACILITY AT LEVEL 4: ABOISSO
bWjjknfZdvv,Côte d'Ivoire,PORO,KORHOGO 1,FACILITY AT LEVEL 4: KORHOGO 1
bWjSkz0i4nk,Côte d'Ivoire,ABIDJAN 2,KOUMASSI,FACILITY AT LEVEL 4: KOUMASSI
BWliTsJOX8s,Côte d'Ivoire,ABIDJAN 2,TREICHVILLE-MARCORY,FACILITY AT LEVEL 4: TREICHVILLE-MARCORY
bX4VGIuPe0i,Côte d'Ivoire,NAWA,GUEYO,FACILITY AT LEVEL 4: GUEYO
BX8Rg0c8odq,Côte d'Ivoire,ABIDJAN 1,YOPOUGON-OUEST SONGON,FACILITY AT LEVEL 4: YOPOUGON-OUEST SONGON
Bxd8IG5OQ4G,Côte d'Ivoire,HAUT SASSANDRA,VAVOUA,FACILITY AT LEVEL 4: VAVOUA
bxdh3DgLpLv,Côte d'Ivoire,ABIDJAN 2,PORT-BOUET-VRIDI,FACILITY AT LEVEL 4: PORT-BOUET-VRIDI
BXIL2IizzOT,Côte d'Ivoire,BAGOUE,KOUTO,FACILITY AT LEVEL 4: KOUTO
BxM19xigQJK,Côte d'Ivoire,N'ZI,KOUASSI KOUASSIKRO,FACILITY AT LEVEL 4: KOUASSI KOUASSIKRO
BXQS8lmTXX6,Côte d'Ivoire,GUEMON,DUEKOUE,FACILITY AT LEVEL 4: DUEKOUE
BXxhy9rHsKk,Côte d'Ivoire,SAN PEDRO,SAN-PEDRO,FACILITY AT LEVEL 4: SAN-PEDRO
BY5exykvTzc,Côte d'Ivoire,GBEKE,BOUAKE NORD-OUEST,FACILITY AT LEVEL 4: BOUAKE NORD-OUEST
BYbsMc3zE9G,Côte d'Ivoire,BAGOUE,BOUNDIALI,FACILITY AT LEVEL 4: BOUNDIALI
ByMTwnOBOEE,Côte d'Ivoire,MORONOU,M'BATTO,FACILITY AT LEVEL 4: M'BATTO
ByPPZ1nrdrx,Côte d'Ivoire,LÔH-DJIBOUA,DIVO,FACILITY AT LEVEL 4: DIVO
bYqa2wSqjB9,Côte d'Ivoire,ABIDJAN 2,ADJAME-PLATEAU-ATTECOUBE,FACILITY AT LEVEL 4: ADJAME-PLATEAU-ATTECOUBE
BYQmclDY0kG,Côte d'Ivoire,BAGOUE,BOUNDIALI,FACILITY AT LEVEL 4: BOUNDIALI
BYrGlfNp6jH,Côte d'Ivoire,FOLON,KANIASSO,FACILITY AT LEVEL 4: KANIASSO
bYvOB1fPNfS,Côte d'Ivoire,BERE,MANKONO,FACILITY AT LEVEL 4: MANKONO
BYXDipVSVn2,Côte d'Ivoire,GRANDS PONTS,JACQUEVILLE,FACILITY AT LEVEL 4: JACQUEVILLE
ByxqoYgfaTc,Côte d'Ivoire,AGNEBY-TIASSA,AGBOVILLE,FACILITY AT LEVEL 4: AGBOVILLE
byyxvIU3rla,Côte d'Ivoire,BOUNKANI,NASSIAN,FACILITY AT LEVEL 4: NASSIAN
BZ6vit8Ixkc,Côte d'Ivoire,GONTOUGO,KOUN-FAO,FACILITY AT LEVEL 4: KOUN-FAO
BZhEn1RnSbD,Côte d'Ivoire,TONKPI,ZOUAN-HOUNIEN,FACILITY AT LEVEL 4: ZOUAN-HOUNIEN
BzJRgcp65Uu,Côte d'Ivoire,GÔH,GAGNOA 1,FACILITY AT LEVEL 4: GAGNOA 1
BzQw9CacM5V,Côte d'Ivoire,GBEKE,BOUAKE NORD-EST,FACILITY AT LEVEL 4: BOUAKE NORD-EST
BzSVeXl2ipw,Côte d'Ivoire,AGNEBY-TIASSA,TIASSALE,FACILITY AT LEVEL 4: TIASSALE
C0aisGO8lgW,Côte d'Ivoire,ABIDJAN 1,YOPOUGON-OUEST SONGON,FACILITY AT LEVEL 4: YOPOUGON-OUEST SONGON
C0f0alOlbpX,Côte d'Ivoire,ME,AKOUPE,FACILITY AT LEVEL 4: AKOUPE
c17T6PNyIqX,Côte d'Ivoire,ABIDJAN 2,ADJAME-PLATEAU-ATTECOUBE,FACILITY AT LEVEL 4: ADJAME-PLATEAU-ATTECOUBE
c1bVC7ZKpXk,Côte d'Ivoire,CAVALLY,TOULEPLEU,FACILITY AT LEVEL 4: TOULEPLEU
C1kyEVrvVsR,Côte d'Ivoire,ME,ADZOPE,FACILITY AT LEVEL 4: ADZOPE
c1PIzYM0pWO,Côte d'Ivoire,BAGOUE,KOUTO,FACILITY AT LEVEL 4: KOUTO
c242hOcj0je,Côte d'Ivoire,HAMBOL,DABAKALA,FACILITY AT LEVEL 4: DABAKALA
c29T2Ah1CGS,Côte d'Ivoire,INDENIE-DUABLIN,ABENGOUROU,FACILITY AT LEVEL 4: ABENGOUROU
c2a24gdZV7H,Côte d'Ivoire,BERE,MANKONO,FACILITY AT LEVEL 4: MANKONO
c2aiiRMqlRz,Côte d'Ivoire,GONTOUGO,TANDA,FACILITY AT LEVEL 4: TANDA
c2EuZe9y4aM,Côte d'Ivoire,INDENIE-DUABLIN,AGNIBILEKROU,FACILITY AT LEVEL 4: AGNIBILEKROU
c2HdcjTAPzC,Côte d'Ivoire,ABIDJAN 2,TREICHVILLE-MARCORY,FACILITY AT LEVEL 4: TREICHVILLE-MARCORY
c2NsG9JYWke,Côte d'Ivoire,ABIDJAN 1,ABOBO EST,FACILITY AT LEVEL 4: ABOBO EST
c32djKjDPyV,Côte d'Ivoire,ABIDJAN 2,COCODY BINGERVILLE,FACILITY AT LEVEL 4: COCODY BINGERVILLE
c3HzjfRfKiX,Côte d'Ivoire,INDENIE-DUABLIN,ABENGOUROU,FACILITY AT LEVEL 4: ABENGOUROU
C3vF099iBl0,Côte d'Ivoire,INDENIE-DUABLIN,ABENGOUROU,FACILITY AT LEVEL 4: ABENGOUROU
C3vmcXtW8LY,Côte d'Ivoire,TONKPI,ZOUAN-HOUNIEN,FACILITY AT LEVEL 4: ZOUAN-HOUNIEN
C3ZpWdpHuDG,Côte d'Ivoire,TONKPI,DANANE,FACILITY AT LEVEL 4: DANANE
c497ZoB22oT,Côte d'Ivoire,ME,ALEPE,FACILITY AT LEVEL 4: ALEPE
C4IEy6sOsFF,Côte d'Ivoire,HAUT SASSANDRA,VAVOUA,FACILITY AT LEVEL 4: VAVOUA
c4kQIsUMRVs,Côte d'Ivoire,IFFOU,DAOUKRO,FACILITY AT LEVEL 4: DAOUKRO
c5kEPNDpFdx,Côte d'Ivoire,NAWA,SOUBRE,FACILITY AT LEVEL 4: SOUBRE
C5MefjCQGGz,Côte d'Ivoire,PORO,KORHOGO 1,FACILITY AT LEVEL 4: KORHOGO 1
C6FX81KrXtq,Côte d'Ivoire,GBEKE,BOUAKE NORD-OUEST,FACILITY AT LEVEL 4: BOUAKE NORD-OUEST
C6r62Sn2N7B,Côte d'Ivoire,ABIDJAN 1,ABOBO EST,FACILITY AT LEVEL 4: ABOBO EST
c78POlfGgBH,Côte d'Ivoire,BOUNKANI,BOUNA,FACILITY AT LEVEL 4: BOUNA
C7Ds3G2S2SI,Côte d'Ivoire,GONTOUGO,TANDA,FACILITY AT LEVEL 4: TANDA
C7FI0F7aHvG,Côte d'Ivoire,WORODOUGOU,KANI,FACILITY AT LEVEL 4: KANI
C7HvUkkFvye,Côte d'Ivoire,TCHOLOGO,KONG,FACILITY AT LEVEL 4: KONG
c7qin6VKPwa,Côte d'Ivoire,HAUT SASSANDRA,ZOUKOUGBEU,FACILITY AT LEVEL 4: ZOUKOUGBEU
c7zBrtqOsf1,Côte d'Ivoire,BELIER,DIDIEVI,FACILITY AT LEVEL 4: DIDIEVI
c8hrVadlHaA,Côte d'Ivoire,CAVALLY,BLOLEQUIN,FACILITY AT LEVEL 4: BLOLEQUIN
c8VQ2NLiMBh,Côte d'Ivoire,SUD-COMOE,ABOISSO,FACILITY AT LEVEL 4: ABOISSO
C9c7ljhs5jQ,Côte d'Ivoire,FOLON,KANIASSO,FACILITY AT LEVEL 4: KANIASSO
c9CWZXvG3Xx,Côte d'Ivoire,KABADOUGOU,ODIENNE,FACILITY AT LEVEL 4: ODIENNE
c9GoPWTGnBn,Côte d'Ivoire,ABIDJAN 1,YOPOUGON-OUEST SONGON,FACILITY AT LEVEL 4: YOPOUGON-OUEST SONGON
C9Hi4oLNbPT,Côte d'Ivoire,ABIDJAN 2,COCODY BINGERVILLE,FACILITY AT LEVEL 4: COCODY BINGERVILLE
c9kiQJVCeuT,Côte d'Ivoire,HAUT SASSANDRA,DALOA,FACILITY AT LEVEL 4: DALOA
C9VaqBwAfAk,Côte d'Ivoire,ABIDJAN 2,COCODY BINGERVILLE,FACILITY AT LEVEL 4: COCODY BINGERVILLE
CaEVOrjbGZ8,Côte d'Ivoire,BERE,MANKONO,FACILITY AT LEVEL 4: MANKONO
cAEx4dZD2T2,Côte d'Ivoire,PORO,KORHOGO 1,FACILITY AT LEVEL 4: KORHOGO 1
CahLNSzbBpq,Côte d'Ivoire,N'ZI,BOCANDA,FACILITY AT LEVEL 4: BOCANDA
caJG6iqRw8v,Côte d'Ivoire,TONKPI,DANANE,FACILITY AT LEVEL 4: DANANE
CAJoIz40pbi,Côte d'Ivoire,PORO,SINEMATIALI,FACILITY AT LEVEL 4: SINEMATIALI
CAK6tMitZah,Côte d'Ivoire,BAFING,OUANINOU,FACILITY AT LEVEL 4: OUANINOU
calzWl8FrK5,Côte d'Ivoire,MARAHOUE,BOUAFLE,FACILITY AT LEVEL 4: BOUAFLE
caUqmDQjhe3,Côte d'Ivoire,CAVALLY,GUIGLO,FACILITY AT LEVEL 4: GUIGLO
CB2xAUjjSwB,Côte d'Ivoire,ABIDJAN 2,TREICHVILLE-MARCORY,FACILITY AT LEVEL 4: TREICHVILLE-MARCORY
CBqg07hnIL9,Côte d'Ivoire,GBOKLE,SASSANDRA,FACILITY AT LEVEL 4: SASSANDRA
CBqTcGLxusm,Côte d'Ivoire,LÔH-DJIBOUA,LAKOTA,FACILITY AT LEVEL 4: LAKOTA
cbzlO79fN3p,Côte d'Ivoire,ABIDJAN 1,YOPOUGON-OUEST SONGON,FACILITY AT LEVEL 4: YOPOUGON-OUEST SONGON
Cc0UcNIHbiJ,Côte d'Ivoire,ABIDJAN 1,YOPOUGON-OUEST SONGON,FACILITY AT LEVEL 4: YOPOUGON-OUEST SONGON
Cc8tVexrtgp,Côte d'Ivoire,LÔH-DJIBOUA,DIVO,FACILITY AT LEVEL 4: DIVO
CcGGVzbjpPR,Côte d'Ivoire,ABIDJAN 1,YOPOUGON-OUEST SONGON,FACILITY AT LEVEL 4: YOPOUGON-OUEST SONGON
ccGwNFcnTd6,Côte d'Ivoire,ABIDJAN 1,ABOBO OUEST,FACILITY AT LEVEL 4: ABOBO OUEST
CCKm2k1u74u,Côte d'Ivoire,HAUT SASSANDRA,DALOA,FACILITY AT LEVEL 4: DALOA
cdnUwMFVtzw,Côte d'Ivoire,FOLON,KANIASSO,FACILITY AT LEVEL 4: KANIASSO
cDvT5D5ptAO,Côte d'Ivoire,KABADOUGOU,ODIENNE,FACILITY AT LEVEL 4: ODIENNE
cdWumlEJG5f,Côte d'Ivoire,BOUNKANI,NASSIAN,FACILITY AT LEVEL 4: NASSIAN
CDX81h7sQvQ,Côte d'Ivoire,BAGOUE,TENGRELA,FACILITY AT LEVEL 4: TENGRELA
cDZgfYNBnQF,Côte d'Ivoire,FOLON,KANIASSO,FACILITY AT LEVEL 4: KANIASSO
ce3lpBZywaI,Côte d'Ivoire,ABIDJAN 2,KOUMASSI,FACILITY AT LEVEL 4: KOUMASSI
ceA5XIhBuVq,Côte d'Ivoire,BOUNKANI,BOUNA,FACILITY AT LEVEL 4: BOUNA
ceaufA81JvU,Côte d'Ivoire,ABIDJAN 1,ABOBO EST,FACILITY AT LEVEL 4: ABOBO EST
CEFuAb0JLkX,Côte d'Ivoire,ABIDJAN 1,YOPOUGON-OUEST SONGON,FACILITY AT LEVEL 4: YOPOUGON-OUEST SONGON
cEGuHON3j3L,Côte d'Ivoire,GONTOUGO,BONDOUKOU,FACILITY AT LEVEL 4: BONDOUKOU
CeOmkI1qUla,Côte d'Ivoire,ABIDJAN 1,ANYAMA,FACILITY AT LEVEL 4: ANYAMA
ceQRFYQJ7Lg,Côte d'Ivoire,NAWA,SOUBRE,FACILITY AT LEVEL 4: SOUBRE
cerLzXA6f8o,Côte d'Ivoire,PORO,M'BENGUE,FACILITY AT LEVEL 4: M'BENGUE
cEYYXIWidyb,Côte d'Ivoire,TONKPI,BIANKOUMA,FACILITY AT LEVEL 4: BIANKOUMA
CF05qjwGLtu,Côte d'Ivoire,SAN PEDRO,SAN-PEDRO,FACILITY AT LEVEL 4: SAN-PEDRO
CF0cFke6jiS,Côte d'Ivoire,HAMBOL,DABAKALA,FACILITY AT LEVEL 4: DABAKALA
Cf1wLzQwDq0,Côte d'Ivoire,ABIDJAN 1,YOPOUGON-OUEST SONGON,FACILITY AT LEVEL 4: YOPOUGON-OUEST SONGON
cfOROU83UtC,Côte d'Ivoire,GONTOUGO,TRANSUA,FACILITY AT LEVEL 4: TRANSUA
CfpGKfDlCZU,Côte d'Ivoire,MORONOU,M'BATTO,FACILITY AT LEVEL 4: M'BATTO
CFPZX8zBuGt,Côte d'Ivoire,INDENIE-DUABLIN,ABENGOUROU,FACILITY AT LEVEL 4: ABENGOUROU
cFrEPBbo327,Côte d'Ivoire,NAWA,MEAGUI,FACILITY AT LEVEL 4: MEAGUI
cFrVwgI9s8z,Côte d'Ivoire,MARAHOUE,ZUENOULA,FACILITY AT LEVEL 4: ZUENOULA
cfsA89Juy4o,Côte d'Ivoire,WORODOUGOU,KANI,FACILITY AT LEVEL 4: KANI
cg52sYUwBf0,Côte d'Ivoire,HAUT SASSANDRA,VAVOUA,FACILITY AT LEVEL 4: VAVOUA
cg7ofS2cTgt,Côte d'Ivoire,TONKPI,ZOUAN-HOUNIEN,FACILITY AT LEVEL 4: ZOUAN-HOUNIEN
cg8gY6NaJAW,Côte d'Ivoire,ABIDJAN 1,YOPOUGON-OUEST SONGON,FACILITY AT LEVEL 4: YOPOUGON-OUEST SONGON
cGeaQbpBDEQ,Côte d'Ivoire,BERE,MANKONO,FACILITY AT LEVEL 4: MANKONO
cgF4WfEpzSl,Côte d'Ivoire,TCHOLOGO,FERKESSEDOUGOU,FACILITY AT LEVEL 4: FERKESSEDOUGOU
cgP9X69GJQG,Côte d'Ivoire,BOUNKANI,DOROPO,FACILITY AT LEVEL 4: DOROPO
ChC54GwyfRn,Côte d'Ivoire,GUEMON,KOUIBLY,FACILITY AT LEVEL 4: KOUIBLY
ChCeM6tH0rs,Côte d'Ivoire,INDENIE-DUABLIN,AGNIBILEKROU,FACILITY AT LEVEL 4: AGNIBILEKROU
cHGivPbe1rV,Côte d'Ivoire,GBEKE,SAKASSOU,FACILITY AT LEVEL 4: SAKASSOU
cHK2ylYfpgn,Côte d'Ivoire,MARAHOUE,ZUENOULA,FACILITY AT LEVEL 4: ZUENOULA
cHVKUWKVsz6,Côte d'Ivoire,GBEKE,BOTRO,FACILITY AT LEVEL 4: BOTRO
cHYqyMzoZqF,Côte d'Ivoire,PORO,SINEMATIALI,FACILITY AT LEVEL 4: SINEMATIALI
ci5ZVgoqJH1,Côte d'Ivoire,BAGOUE,TENGRELA,FACILITY AT LEVEL 4: TENGRELA
ci68N9dQOfR,Côte d'Ivoire,GONTOUGO,BONDOUKOU,FACILITY AT LEVEL 4: BONDOUKOU
CibN8DH2dfX,Côte d'Ivoire,ABIDJAN 2,ADJAME-PLATEAU-ATTECOUBE,FACILITY AT LEVEL 4: ADJAME-PLATEAU-ATTECOUBE
CICiETSU42e,Côte d'Ivoire,SAN PEDRO,SAN-PEDRO,FACILITY AT LEVEL 4: SAN-PEDRO
cidLBZ9xWgf,Côte d'Ivoire,ABIDJAN 1,YOPOUGON-EST,FACILITY AT LEVEL 4: YOPOUGON-EST
ciFzSZosO1k,Côte d'Ivoire,INDENIE-DUABLIN,ABENGOUROU,FACILITY AT LEVEL 4: ABENGOUROU
CihQ0kL7YI0,Côte d'Ivoire,BERE,MANKONO,FACILITY AT LEVEL 4: MANKONO
cITgoKuibLC,Côte d'Ivoire,GONTOUGO,KOUN-FAO,FACILITY AT LEVEL 4: KOUN-FAO
ciuLlgCMd5n,Côte d'Ivoire,MORONOU,BONGOUANOU,FACILITY AT LEVEL 4: BONGOUANOU
ciYRn4vdo2r,Côte d'Ivoire,GÔH,GAGNOA 2,FACILITY AT LEVEL 4: GAGNOA 2
CIzmzfVIRil,Côte d'Ivoire,GÔH,GAGNOA 1,FACILITY AT LEVEL 4: GAGNOA 1
Cj5lORIhfRK,Côte d'Ivoire,AGNEBY-TIASSA,TIASSALE,FACILITY AT LEVEL 4: TIASSALE
CJjd1tQebca,Côte d'Ivoire,GRANDS PONTS,GRAND-LAHOU,FACILITY AT LEVEL 4: GRAND-LAHOU
Cjm8qD18Tr6,Côte d'Ivoire,GONTOUGO,TANDA,FACILITY AT LEVEL 4: TANDA
cjvCZFoi2Dr,Côte d'Ivoire,TONKPI,BIANKOUMA,FACILITY AT LEVEL 4: BIANKOUMA
cJVM4ckY8ZD,Côte d'Ivoire,TONKPI,MAN,FACILITY AT LEVEL 4: MAN
cJwpswYfRkt,Côte d'Ivoire,GRANDS PONTS,GRAND-LAHOU,FACILITY AT LEVEL 4: GRAND-LAHOU
Ck4TOMhszUb,Côte d'Ivoire,ABIDJAN 2,COCODY BINGERVILLE,FACILITY AT LEVEL 4: COCODY BINGERVILLE
cK8UA5NAOpk,Côte d'Ivoire,TCHOLOGO,OUANGOLODOUGOU,FACILITY AT LEVEL 4: OUANGOLODOUGOU
cK98TsGcgWz,Côte d'Ivoire,PORO,M'BENGUE,FACILITY AT LEVEL 4: M'BENGUE
cKDPr0aBY2u,Côte d'Ivoire,ABIDJAN 2,PORT-BOUET-VRIDI,FACILITY AT LEVEL 4: PORT-BOUET-VRIDI
cKJCh06mzRd,Côte d'Ivoire,HAUT SASSANDRA,ISSIA,FACILITY AT LEVEL 4: ISSIA
CkZ1c0c2MR4,Côte d'Ivoire,GUEMON,BANGOLO,FACILITY AT LEVEL 4: BANGOLO
ckZUwoiRNQS,Côte d'Ivoire,CAVALLY,GUIGLO,FACILITY AT LEVEL 4: GUIGLO
cl1KJSR2qa6,Côte d'Ivoire,TONKPI,MAN,FACILITY AT LEVEL 4: MAN
CL2RI9EJrqd,Côte d'Ivoire,TONKPI,BIANKOUMA,FACILITY AT LEVEL 4: BIANKOUMA
ClBIT3hMfbg,Côte d'Ivoire,AGNEBY-TIASSA,TIASSALE,FACILITY AT LEVEL 4: TIASSALE
cLf5CzTLjbL,Côte d'Ivoire,ABIDJAN 2,COCODY BINGERVILLE,FACILITY AT LEVEL 4: COCODY BINGERVILLE
CLg4Z5vba9R,Côte d'Ivoire,WORODOUGOU,SEGUELA,FACILITY AT LEVEL 4: SEGUELA
clhnXceWA2E,Côte d'Ivoire,ABIDJAN 2,PORT-BOUET-VRIDI,FACILITY AT LEVEL 4: PORT-BOUET-VRIDI
Clj75gZgt6I,Côte d'Ivoire,GONTOUGO,BONDOUKOU,FACILITY AT LEVEL 4: BONDOUKOU
Clmm8pEKQ7y,Côte d'Ivoire,TONKPI,BIANKOUMA,FACILITY AT LEVEL 4: BIANKOUMA
cLtkUFUz3TW,Côte d'Ivoire,ABIDJAN 1,YOPOUGON-EST,FACILITY AT LEVEL 4: YOPOUGON-EST
CM8G8IU4clM,Côte d'Ivoire,ABIDJAN 2,ADJAME-PLATEAU-ATTECOUBE,FACILITY AT LEVEL 4: ADJAME-PLATEAU-ATTECOUBE
cMNl5fYidCg,Côte d'Ivoire,ABIDJAN 2,KOUMASSI,FACILITY AT LEVEL 4: KOUMASSI
cmPSxhmRYJW,Côte d'Ivoire,TONKPI,MAN,FACILITY AT LEVEL 4: MAN
CMpuSiFEpeO,Côte d'Ivoire,PORO,DIKODOUGOU,FACILITY AT LEVEL 4: DIKODOUGOU
cmsYbFLffFJ,Côte d'Ivoire,GÔH,GAGNOA 2,FACILITY AT LEVEL 4: GAGNOA 2
CMVTl4aVnhu,Côte d'Ivoire,ABIDJAN 2,PORT-BOUET-VRIDI,FACILITY AT LEVEL 4: PORT-BOUET-VRIDI
cmWTK3wgzXQ,Côte d'Ivoire,GBEKE,BOUAKE-SUD,FACILITY AT LEVEL 4: BOUAKE-SUD
CMyGBztoNjM,Côte d'Ivoire,AGNEBY-TIASSA,TIASSALE,FACILITY AT LEVEL 4: TIASSALE
CNCifWnUl48,Côte d'Ivoire,ABIDJAN 2,PORT-BOUET-VRIDI,FACILITY AT LEVEL 4: PORT-BOUET-VRIDI
CndfQLqrzwX,Côte d'Ivoire,GBOKLE,SASSANDRA,FACILITY AT LEVEL 4: SASSANDRA
CNe6JK0Mu24,Côte d'Ivoire,ABIDJAN 2,COCODY BINGERVILLE,FACILITY AT LEVEL 4: COCODY BINGERVILLE
CNgzHCTMYYW,Côte d'Ivoire,ABIDJAN 1,YOPOUGON-OUEST SONGON,FACILITY AT LEVEL 4: YOPOUGON-OUEST SONGON
CNlLL1booGy,Côte d'Ivoire,BAFING,TOUBA,FACILITY AT LEVEL 4: TOUBA
cnPOo8NvQsg,Côte d'Ivoire,ABIDJAN 1,YOPOUGON-OUEST SONGON,FACILITY AT LEVEL 4: YOPOUGON-OUEST SONGON
cnvDuTQ2CJL,Côte d'Ivoire,NAWA,SOUBRE,FACILITY AT LEVEL 4: SOUBRE
CnW6jhYnh1O,Côte d'Ivoire,HAUT SASSANDRA,VAVOUA,FACILITY AT LEVEL 4: VAVOUA
CobDmkiSe4h,Côte d'Ivoire,ABIDJAN 1,YOPOUGON-OUEST SONGON,FACILITY AT LEVEL 4: YOPOUGON-OUEST SONGON
cofTF0VOlrQ,Côte d'Ivoire,CAVALLY,BLOLEQUIN,FACILITY AT LEVEL 4: BLOLEQUIN
coFxhWxOark,Côte d'Ivoire,HAUT SASSANDRA,VAVOUA,FACILITY AT LEVEL 4: VAVOUA
CoGS2rMy5EO,Côte d'Ivoire,GONTOUGO,BONDOUKOU,FACILITY AT LEVEL 4: BONDOUKOU
coPUdvGUGP3,Côte d'Ivoire,GBOKLE,SASSANDRA,FACILITY AT LEVEL 4: SASSANDRA
cORoPESqauT,Côte d'Ivoire,GUEMON,KOUIBLY,FACILITY AT LEVEL 4: KOUIBLY
COtzHwwf7GF,Côte d'Ivoire,ABIDJAN 1,ABOBO OUEST,FACILITY AT LEVEL 4: ABOBO OUEST
CoUExoRKcz3,Côte d'Ivoire,ABIDJAN 2,TREICHVILLE-MARCORY,FACILITY AT LEVEL 4: TREICHVILLE-MARCORY
CpACewIuDXc,Côte d'Ivoire,ABIDJAN 2,ADJAME-PLATEAU-ATTECOUBE,FACILITY AT LEVEL 4: ADJAME-PLATEAU-ATTECOUBE
CPRLkB57dNT,Côte d'Ivoire,ABIDJAN 2,KOUMASSI,FACILITY AT LEVEL 4: KOUMASSI
CpSP8VDa74t,Côte d'Ivoire,ABIDJAN 2,KOUMASSI,FACILITY AT LEVEL 4: KOUMASSI
cpxJWuJVfDK,Côte d'Ivoire,ABIDJAN 1,YOPOUGON-EST,FACILITY AT LEVEL 4: YOPOUGON-EST
cpyixAIKF75,Côte d'Ivoire,IFFOU,DAOUKRO,FACILITY AT LEVEL 4: DAOUKRO
CpZpUPY6f2O,Côte d'Ivoire,PORO,KORHOGO 1,FACILITY AT LEVEL 4: KORHOGO 1
cQjHAJrm0p0,Côte d'Ivoire,PORO,KORHOGO 1,FACILITY AT LEVEL 4: KORHOGO 1
CqQJs3IYWHM,Côte d'Ivoire,ABIDJAN 2,TREICHVILLE-MARCORY,FACILITY AT LEVEL 4: TREICHVILLE-MARCORY
CQQrUOyXc4m,Côte d'Ivoire,WORODOUGOU,KANI,FACILITY AT LEVEL 4: KANI
cQZ9So8eFID,Côte d'Ivoire,AGNEBY-TIASSA,AGBOVILLE,FACILITY AT LEVEL 4: AGBOVILLE
cr0hjPlp4QE,Côte d'Ivoire,HAMBOL,KATIOLA,FACILITY AT LEVEL 4: KATIOLA
cr8JGvs00UR,Côte d'Ivoire,ABIDJAN 2,TREICHVILLE-MARCORY,FACILITY AT LEVEL 4: TREICHVILLE-MARCORY
CRa1yAE1KkE,Côte d'Ivoire,ABIDJAN 2,COCODY BINGERVILLE,FACILITY AT LEVEL 4: COCODY BINGERVILLE
CRbdDJeSMbd,Côte d'Ivoire,ABIDJAN 2,COCODY BINGERVILLE,FACILITY AT LEVEL 4: COCODY BINGERVILLE
crGM12aCL2l,Côte d'Ivoire,CAVALLY,TAI,FACILITY AT LEVEL 4: TAI
cruNIVCxcoY,Côte d'Ivoire,HAUT SASSANDRA,DALOA,FACILITY AT LEVEL 4: DALOA
crWUeMVBTon,Côte d'Ivoire,PORO,KORHOGO 1,FACILITY AT LEVEL 4: KORHOGO 1
cRyZDRZ6j36,Côte d'Ivoire,NAWA,GUEYO,FACILITY AT LEVEL 4: GUEYO
CrzNIFHpOFf,Côte d'Ivoire,AGNEBY-TIASSA,TIASSALE,FACILITY AT LEVEL 4: TIASSALE
CsD5XPjUkjO,Côte d'Ivoire,BELIER,YAMOUSSOUKRO,FACILITY AT LEVEL 4: YAMOUSSOUKRO
Csfn91puNQJ,Côte d'Ivoire,ABIDJAN 2,ADJAME-PLATEAU-ATTECOUBE,FACILITY AT LEVEL 4: ADJAME-PLATEAU-ATTECOUBE
cshDrVzDvA2,Côte d'Ivoire,HAUT SASSANDRA,VAVOUA,FACILITY AT LEVEL 4: VAVOUA
cSk0XLc9gQr,Côte d'Ivoire,MORONOU,BONGOUANOU,FACILITY AT LEVEL 4: BONGOUANOU
csOFoWbZQR7,Côte d'Ivoire,KABADOUGOU,MADINANI,FACILITY AT LEVEL 4: MADINANI
CTIjpYuOfto,Côte d'Ivoire,GONTOUGO,SANDEGUE,FACILITY AT LEVEL 4: SANDEGUE
CTR6caNEKMV,Côte d'Ivoire,MARAHOUE,SINFRA,FACILITY AT LEVEL 4: SINFRA
ctwgzPd2nHr,Côte d'Ivoire,ABIDJAN 2,COCODY BINGERVILLE,FACILITY AT LEVEL 4: COCODY BINGERVILLE
CTyDae2tpYY,Côte d'Ivoire,BAGOUE,TENGRELA,FACILITY AT LEVEL 4: TENGRELA
CuAjX8OAS4C,Côte d'Ivoire,GONTOUGO,TRANSUA,FACILITY AT LEVEL 4: TRANSUA
cUDh8rxYrjV,Côte d'Ivoire,NAWA,MEAGUI,FACILITY AT LEVEL 4: MEAGUI
cugEJwaRJ80,Côte d'Ivoire,TONKPI,MAN,FACILITY AT LEVEL 4: MAN
CuGKhLx6oNM,Côte d'Ivoire,ABIDJAN 2,TREICHVILLE-MARCORY,FACILITY AT LEVEL 4: TREICHVILLE-MARCORY
culzJxfj21F,Côte d'Ivoire,IFFOU,DAOUKRO,FACILITY AT LEVEL 4: DAOUKRO
CUwNmUhk3Vi,Côte d'Ivoire,BELIER,YAMOUSSOUKRO,FACILITY AT LEVEL 4: YAMOUSSOUKRO
cv4u66ALDFg,Côte d'Ivoire,LÔH-DJIBOUA,LAKOTA,FACILITY AT LEVEL 4: LAKOTA
cv6Cfu7Hsbh,Côte d'Ivoire,ABIDJAN 1,ABOBO EST,FACILITY AT LEVEL 4: ABOBO EST
CvbijyZfsJ5,Côte d'Ivoire,HAMBOL,NIAKARAMADOUGOU,FACILITY AT LEVEL 4: NIAKARAMADOUGOU
CvERSQ8bXtL,Côte d'Ivoire,ABIDJAN 2,COCODY BINGERVILLE,FACILITY AT LEVEL 4: COCODY BINGERVILLE
CVFtTLoGf0v,Côte d'Ivoire,GÔH,GAGNOA 2,FACILITY AT LEVEL 4: GAGNOA 2
cVK1VAuks8R,Côte d'Ivoire,ABIDJAN 2,PORT-BOUET-VRIDI,FACILITY AT LEVEL 4: PORT-BOUET-VRIDI
cvneWPD9PUm,Côte d'Ivoire,BAGOUE,BOUNDIALI,FACILITY AT LEVEL 4: BOUNDIALI
CVuDPfH9adP,Côte d'Ivoire,INDENIE-DUABLIN,ABENGOUROU,FACILITY AT LEVEL 4: ABENGOUROU
CvXrokTtZh6,Côte d'Ivoire,GONTOUGO,KOUN-FAO,FACILITY AT LEVEL 4: KOUN-FAO
cvZR2Iph7AC,Côte d'Ivoire,AGNEBY-TIASSA,AGBOVILLE,FACILITY AT LEVEL 4: AGBOVILLE
cwdAq1qSfEc,Côte d'Ivoire,BELIER,DIDIEVI,FACILITY AT LEVEL 4: DIDIEVI
cWJ7hzzHdTV,Côte d'Ivoire,SUD-COMOE,ABOISSO,FACILITY AT LEVEL 4: ABOISSO
CWOTtvCDJYa,Côte d'Ivoire,NAWA,BUYO,FACILITY AT LEVEL 4: BUYO
cwsaNzJub0Y,Côte d'Ivoire,ABIDJAN 1,YOPOUGON-OUEST SONGON,FACILITY AT LEVEL 4: YOPOUGON-OUEST SONGON
CwSv8Hsi7g8,Côte d'Ivoire,ABIDJAN 1,ANYAMA,FACILITY AT LEVEL 4: ANYAMA
CwtvN4I6Owf,Côte d'Ivoire,ABIDJAN 2,PORT-BOUET-VRIDI,FACILITY AT LEVEL 4: PORT-BOUET-VRIDI
CwxzbQzzHll,Côte d'Ivoire,GBEKE,BOTRO,FACILITY AT LEVEL 4: BOTRO
cxL1KYw2uro,Côte d'Ivoire,ABIDJAN 2,TREICHVILLE-MARCORY,FACILITY AT LEVEL 4: TREICHVILLE-MARCORY
CXpI8mc7ULB,Côte d'Ivoire,GUEMON,KOUIBLY,FACILITY AT LEVEL 4: KOUIBLY
cxwqY3mYlit,Côte d'Ivoire,TONKPI,DANANE,FACILITY AT LEVEL 4: DANANE
cxZuOFAsQBI,Côte d'Ivoire,ABIDJAN 1,ANYAMA,FACILITY AT LEVEL 4: ANYAMA
cy9Nrfl3TXQ,Côte d'Ivoire,N'ZI,DIMBOKRO,FACILITY AT LEVEL 4: DIMBOKRO
CyAC5WEzrYz,Côte d'Ivoire,MARAHOUE,BOUAFLE,FACILITY AT LEVEL 4: BOUAFLE
cYdf80ait88,Côte d'Ivoire,GONTOUGO,KOUN-FAO,FACILITY AT LEVEL 4: KOUN-FAO
Cyoh2YfXFMU,Côte d'Ivoire,ABIDJAN 2,COCODY BINGERVILLE,FACILITY AT LEVEL 4: COCODY BINGERVILLE
CYQCkGDwRYo,Côte d'Ivoire,CAVALLY,TAI,FACILITY AT LEVEL 4: TAI
CYSXNa08Fj0,Côte d'Ivoire,PORO,M'BENGUE,FACILITY AT LEVEL 4: M'BENGUE
CYWLqcwm9GX,Côte d'Ivoire,ABIDJAN 2,KOUMASSI,FACILITY AT LEVEL 4: KOUMASSI
cyWSuKy2Kxx,Côte d'Ivoire,BELIER,DIDIEVI,FACILITY AT LEVEL 4: DIDIEVI
cZdHrb2rx3h,Côte d'Ivoire,KABADOUGOU,ODIENNE,FACILITY AT LEVEL 4: ODIENNE
czlLWO6ZiMW,Côte d'Ivoire,PORO,KORHOGO 1,FACILITY AT LEVEL 4: KORHOGO 1
CzNGYnubEbl,Côte d'Ivoire,GUEMON,KOUIBLY,FACILITY AT LEVEL 4: KOUIBLY
CZQEyy6Y8tk,Côte d'Ivoire,HAMBOL,NIAKARAMADOUGOU,FACILITY AT LEVEL 4: NIAKARAMADOUGOU
CzU75XF8PFn,Côte d'Ivoire,GBEKE,BOUAKE-SUD,FACILITY AT LEVEL 4: BOUAKE-SUD
CZuxmHjqpGK,Côte d'Ivoire,GBOKLE,FRESCO,FACILITY AT LEVEL 4: FRESCO
CzvwqxmFnBp,Côte d'Ivoire,GBEKE,BOUAKE-SUD,FACILITY AT LEVEL 4: BOUAKE-SUD
D0FK08nsi0g,Côte d'Ivoire,CAVALLY,BLOLEQUIN,FACILITY AT LEVEL 4: BLOLEQUIN
D0K3aQm4rCO,Côte d'Ivoire,GONTOUGO,TRANSUA,FACILITY AT LEVEL 4: TRANSUA
D0rle7eePwK,Côte d'Ivoire,GBEKE,SAKASSOU,FACILITY AT LEVEL 4: SAKASSOU
d0UHbHsNLYr,Côte d'Ivoire,LÔH-DJIBOUA,GUITRY,FACILITY AT LEVEL 4: GUITRY
d19jESrtqgi,Côte d'Ivoire,TONKPI,BIANKOUMA,FACILITY AT LEVEL 4: BIANKOUMA
D1Iehj3CfaK,Côte d'Ivoire,AGNEBY-TIASSA,TIASSALE,FACILITY AT LEVEL 4: TIASSALE
d1QbzPw3Lm9,Côte d'Ivoire,ABIDJAN 1,YOPOUGON-OUEST SONGON,FACILITY AT LEVEL 4: YOPOUGON-OUEST SONGON
d1qUOrcooOq,Côte d'Ivoire,CAVALLY,GUIGLO,FACILITY AT LEVEL 4: GUIGLO
d1U9WXbERZM,Côte d'Ivoire,MARAHOUE,SINFRA,FACILITY AT LEVEL 4: SINFRA
D1YdCIodO3V,Côte d'Ivoire,MORONOU,BONGOUANOU,FACILITY AT LEVEL 4: BONGOUANOU
D21JqRLIRMK,Côte d'Ivoire,MORONOU,BONGOUANOU,FACILITY AT LEVEL 4: BONGOUANOU
D2MlHBjMK26,Côte d'Ivoire,HAUT SASSANDRA,DALOA,FACILITY AT LEVEL 4: DALOA
D31rMWiK3Fe,Côte d'Ivoire,AGNEBY-TIASSA,TIASSALE,FACILITY AT LEVEL 4: TIASSALE
d32onjI0WTe,Côte d'Ivoire,LÔH-DJIBOUA,LAKOTA,FACILITY AT LEVEL 4: LAKOTA
d3KwFFS0A9j,Côte d'Ivoire,BOUNKANI,BOUNA,FACILITY AT LEVEL 4: BOUNA
d3nKtc0xKMp,Côte d'Ivoire,BAFING,KORO,FACILITY AT LEVEL 4: KORO
d3o8ZFIVzIw,Côte d'Ivoire,ABIDJAN 2,COCODY BINGERVILLE,FACILITY AT LEVEL 4: COCODY BINGERVILLE
D3SI8fLzweN,Côte d'Ivoire,GUEMON,KOUIBLY,FACILITY AT LEVEL 4: KOUIBLY
D4J8YGRsVws,Côte d'Ivoire,GONTOUGO,TANDA,FACILITY AT LEVEL 4: TANDA
d4vuLEIO8l6,Côte d'Ivoire,LÔH-DJIBOUA,DIVO,FACILITY AT LEVEL 4: DIVO
D54yChgQMHB,Côte d'Ivoire,SAN PEDRO,TABOU,FACILITY AT LEVEL 4: TABOU
d5mzWgWKo2x,Côte d'Ivoire,ABIDJAN 2,COCODY BINGERVILLE,FACILITY AT LEVEL 4: COCODY BINGERVILLE
d5TCI3X2KNe,Côte d'Ivoire,GBOKLE,SASSANDRA,FACILITY AT LEVEL 4: SASSANDRA
d5TeV3FtYB3,Côte d'Ivoire,ABIDJAN 2,COCODY BINGERVILLE,FACILITY AT LEVEL 4: COCODY BINGERVILLE
D5ZdtUpzc69,Côte d'Ivoire,GBEKE,BOUAKE-SUD,FACILITY AT LEVEL 4: BOUAKE-SUD
d5zTwkolwWV,Côte d'Ivoire,HAUT SASSANDRA,DALOA,FACILITY AT LEVEL 4: DALOA
d65mI2JbznE,Côte d'Ivoire,ABIDJAN 2,KOUMASSI,FACILITY AT LEVEL 4: KOUMASSI
d6ibMcpjOS6,Côte d'Ivoire,BERE,MANKONO,FACILITY AT LEVEL 4: MANKONO
D6jKRrdpOb0,Côte d'Ivoire,BELIER,YAMOUSSOUKRO,FACILITY AT LEVEL 4: YAMOUSSOUKRO
d6MiRxVntQg,Côte d'Ivoire,GONTOUGO,BONDOUKOU,FACILITY AT LEVEL 4: BONDOUKOU
d6U5WUIGdJ7,Côte d'Ivoire,LÔH-DJIBOUA,DIVO,FACILITY AT LEVEL 4: DIVO
D74c9A9m4Hq,Côte d'Ivoire,GBEKE,BEOUMI,FACILITY AT LEVEL 4: BEOUMI
D78BjmHVeOO,Côte d'Ivoire,ABIDJAN 2,COCODY BINGERVILLE,FACILITY AT LEVEL 4: COCODY BINGERVILLE
d7aKeaLtl5H,Côte d'Ivoire,MORONOU,ARRAH,FACILITY AT LEVEL 4: ARRAH
d7K0LTguaPQ,Côte d'Ivoire,ABIDJAN 2,COCODY BINGERVILLE,FACILITY AT LEVEL 4: COCODY BINGERVILLE
D8uoK8m9Bfi,Côte d'Ivoire,BELIER,DIDIEVI,FACILITY AT LEVEL 4: DIDIEVI
D8yv6u1p9jA,Côte d'Ivoire,ABIDJAN 2,COCODY BINGERVILLE,FACILITY AT LEVEL 4: COCODY BINGERVILLE
d9DswmF2WMr,Côte d'Ivoire,GBEKE,BEOUMI,FACILITY AT LEVEL 4: BEOUMI
D9fzIxg5Nzz,Côte d'Ivoire,GBOKLE,FRESCO,FACILITY AT LEVEL 4: FRESCO
d9m5Z1gxxYf,Côte d'Ivoire,SUD-COMOE,GRAND-BASSAM,FACILITY AT LEVEL 4: GRAND-BASSAM
d9mih4hlTLF,Côte d'Ivoire,ABIDJAN 1,ABOBO EST,FACILITY AT LEVEL 4: ABOBO EST
D9rRHP0lKr8,Côte d'Ivoire,GONTOUGO,BONDOUKOU,FACILITY AT LEVEL 4: BONDOUKOU
dAIuLa2z1mQ,Côte d'Ivoire,CAVALLY,TOULEPLEU,FACILITY AT LEVEL 4: TOULEPLEU
DALypRddlXt,Côte d'Ivoire,GÔH,GAGNOA 1,FACILITY AT LEVEL 4: GAGNOA 1
daR4KNEnbub,Côte d'Ivoire,SUD-COMOE,GRAND-BASSAM,FACILITY AT LEVEL 4: GRAND-BASSAM
DaX05AyqXFn,Côte d'Ivoire,GONTOUGO,SANDEGUE,FACILITY AT LEVEL 4: SANDEGUE
DaX2xXnwnqR,Côte d'Ivoire,INDENIE-DUABLIN,ABENGOUROU,FACILITY AT LEVEL 4: ABENGOUROU
DaYbnmWAdej,Côte d'Ivoire,TCHOLOGO,KONG,FACILITY AT LEVEL 4: KONG
dBARCog0xcp,Côte d'Ivoire,SUD-COMOE,TIAPOUM,FACILITY AT LEVEL 4: TIAPOUM
DbH64RnSJVN,Côte d'Ivoire,BELIER,YAMOUSSOUKRO,FACILITY AT LEVEL 4: YAMOUSSOUKRO
DBhK2m4GMoM,Côte d'Ivoire,GONTOUGO,SANDEGUE,FACILITY AT LEVEL 4: SANDEGUE
dbkGcznIkUu,Côte d'Ivoire,AGNEBY-TIASSA,TIASSALE,FACILITY AT LEVEL 4: TIASSALE
DbodMW8etVz,Côte d'Ivoire,CAVALLY,BLOLEQUIN,FACILITY AT LEVEL 4: BLOLEQUIN
dbQSMpjKZZV,Côte d'Ivoire,ABIDJAN 1,YOPOUGON-OUEST SONGON,FACILITY AT LEVEL 4: YOPOUGON-OUEST SONGON
dbX4PHVfnFZ,Côte d'Ivoire,BAGOUE,TENGRELA,FACILITY AT LEVEL 4: TENGRELA
dc5oUFoQRCQ,Côte d'Ivoire,TONKPI,MAN,FACILITY AT LEVEL 4: MAN
dC9cewXMORF,Côte d'Ivoire,IFFOU,MBAHIAKRO,FACILITY AT LEVEL 4: MBAHIAKRO
dcCQqqorPO9,Côte d'Ivoire,HAUT SASSANDRA,ISSIA,FACILITY AT LEVEL 4: ISSIA
DCn4ijMbf3H,Côte d'Ivoire,CAVALLY,GUIGLO,FACILITY AT LEVEL 4: GUIGLO
Dcr7iQL6wMM,Côte d'Ivoire,ME,ALEPE,FACILITY AT LEVEL 4: ALEPE
DcsBPtco15x,Côte d'Ivoire,INDENIE-DUABLIN,AGNIBILEKROU,FACILITY AT LEVEL 4: AGNIBILEKROU
DCsHuHs7KfX,Côte d'Ivoire,ABIDJAN 2,COCODY BINGERVILLE,FACILITY AT LEVEL 4: COCODY BINGERVILLE
DCxDNQv668N,Côte d'Ivoire,TONKPI,DANANE,FACILITY AT LEVEL 4: DANANE
DcZbnlOoTxX,Côte d'Ivoire,ABIDJAN 2,COCODY BINGERVILLE,FACILITY AT LEVEL 4: COCODY BINGERVILLE
dd0F3QsfU3o,Côte d'Ivoire,ABIDJAN 2,COCODY BINGERVILLE,FACILITY AT LEVEL 4: COCODY BINGERVILLE
dd23WpzquNJ,Côte d'Ivoire,MORONOU,BONGOUANOU,FACILITY AT LEVEL 4: BONGOUANOU
DdbASCOt7vn,Côte d'Ivoire,KABADOUGOU,MADINANI,FACILITY AT LEVEL 4: MADINANI
DdkO7gVcpWD,Côte d'Ivoire,MARAHOUE,BOUAFLE,FACILITY AT LEVEL 4: BOUAFLE
DdmZu5fgYTO,Côte d'Ivoire,TONKPI,BIANKOUMA,FACILITY AT LEVEL 4: BIANKOUMA
dDSgv7NDUHv,Côte d'Ivoire,GBOKLE,SASSANDRA,FACILITY AT LEVEL 4: SASSANDRA
DE9QyykBO1Q,Côte d'Ivoire,TONKPI,BIANKOUMA,FACILITY AT LEVEL 4: BIANKOUMA
debyJkjed8G,Côte d'Ivoire,ABIDJAN 2,COCODY BINGERVILLE,FACILITY AT LEVEL 4: COCODY BINGERVILLE
DEckTCpgI6E,Côte d'Ivoire,AGNEBY-TIASSA,TIASSALE,FACILITY AT LEVEL 4: TIASSALE
DEEBChsGUM9,Côte d'Ivoire,BAFING,KORO,FACILITY AT LEVEL 4: KORO
DEi9ozjiEPt,Côte d'Ivoire,TONKPI,ZOUAN-HOUNIEN,FACILITY AT LEVEL 4: ZOUAN-HOUNIEN
dEJMwPIUL9F,Côte d'Ivoire,BAGOUE,BOUNDIALI,FACILITY AT LEVEL 4: BOUNDIALI
deJPfc9oLY5,Côte d'Ivoire,HAUT SASSANDRA,DALOA,FACILITY AT LEVEL 4: DALOA
DejXuWqWmju,Côte d'Ivoire,ABIDJAN 2,COCODY BINGERVILLE,FACILITY AT LEVEL 4: COCODY BINGERVILLE
demQ6f1RIE7,Côte d'Ivoire,AGNEBY-TIASSA,TIASSALE,FACILITY AT LEVEL 4: TIASSALE
DemWLYbM93Y,Côte d'Ivoire,BERE,DIANRA,FACILITY AT LEVEL 4: DIANRA
dEnVMT8KigA,Côte d'Ivoire,KABADOUGOU,ODIENNE,FACILITY AT LEVEL 4: ODIENNE
DF5UfYDM2cx,Côte d'Ivoire,BERE,MANKONO,FACILITY AT LEVEL 4: MANKONO
df5zH1E38K6,Côte d'Ivoire,ABIDJAN 2,ADJAME-PLATEAU-ATTECOUBE,FACILITY AT LEVEL 4: ADJAME-PLATEAU-ATTECOUBE
DFNIFugTNcZ,Côte d'Ivoire,GUEMON,KOUIBLY,FACILITY AT LEVEL 4: KOUIBLY
DG5aYrAHXwK,Côte d'Ivoire,ABIDJAN 1,YOPOUGON-OUEST SONGON,FACILITY AT LEVEL 4: YOPOUGON-OUEST SONGON
dGfifMJbUe1,Côte d'Ivoire,ABIDJAN 2,COCODY BINGERVILLE,FACILITY AT LEVEL 4: COCODY BINGERVILLE
DgGOfASBgO2,Côte d'Ivoire,BAGOUE,KOUTO,FACILITY AT LEVEL 4: KOUTO
Dgta1RAuskb,Côte d'Ivoire,GBEKE,BEOUMI,FACILITY AT LEVEL 4: BEOUMI
dgzl5jBFSk6,Côte d'Ivoire,PORO,KORHOGO 1,FACILITY AT LEVEL 4: KORHOGO 1
DHbXXPpMgPm,Côte d'Ivoire,HAUT SASSANDRA,DALOA,FACILITY AT LEVEL 4: DALOA
dhMoBTZNcoW,Côte d'Ivoire,PORO,SINEMATIALI,FACILITY AT LEVEL 4: SINEMATIALI
DhYZLciYDi4,Côte d'Ivoire,ABIDJAN 1,YOPOUGON-OUEST SONGON,FACILITY AT LEVEL 4: YOPOUGON-OUEST SONGON
di5AUg36cDz,Côte d'Ivoire,LÔH-DJIBOUA,DIVO,FACILITY AT LEVEL 4: DIVO
DI5b3fbKeSZ,Côte d'Ivoire,HAUT SASSANDRA,DALOA,FACILITY AT LEVEL 4: DALOA
dIE0CnUGozT,Côte d'Ivoire,HAMBOL,DABAKALA,FACILITY AT LEVEL 4: DABAKALA
DIHScLaWhLJ,Côte d'Ivoire,INDENIE-DUABLIN,ABENGOUROU,FACILITY AT LEVEL 4: ABENGOUROU
diOQtTByRkq,Côte d'Ivoire,GBEKE,BOTRO,FACILITY AT LEVEL 4: BOTRO
dIRsACrjJvU,Côte d'Ivoire,MORONOU,ARRAH,FACILITY AT LEVEL 4: ARRAH
DizWOZMXFsB,Côte d'Ivoire,GBEKE,BOUAKE NORD-EST,FACILITY AT LEVEL 4: BOUAKE NORD-EST
dj6vtuKX6vj,Côte d'Ivoire,NAWA,GUEYO,FACILITY AT LEVEL 4: GUEYO
djBF7T4jK4d,Côte d'Ivoire,ABIDJAN 1,ABOBO OUEST,FACILITY AT LEVEL 4: ABOBO OUEST
DjxXNfGLieT,Côte d'Ivoire,ABIDJAN 2,COCODY BINGERVILLE,FACILITY AT LEVEL 4: COCODY BINGERVILLE
dk8GZZ8YOgy,Côte d'Ivoire,ABIDJAN 2,PORT-BOUET-VRIDI,FACILITY AT LEVEL 4: PORT-BOUET-VRIDI
dkcxja9eLmk,Côte d'Ivoire,BELIER,YAMOUSSOUKRO,FACILITY AT LEVEL 4: YAMOUSSOUKRO
DKFPP9a4vwz,Côte d'Ivoire,GONTOUGO,BONDOUKOU,FACILITY AT LEVEL 4: BONDOUKOU
DkHNi9mfms0,Côte d'Ivoire,ABIDJAN 2,KOUMASSI,FACILITY AT LEVEL 4: KOUMASSI
dkLFjVtoVud,Côte d'Ivoire,HAUT SASSANDRA,VAVOUA,FACILITY AT LEVEL 4: VAVOUA
NE66StZ5Dt1,Côte d'Ivoire,TONKPI,MAN,FACILITY AT LEVEL 4: MAN
DkMgspqqI6G,Côte d'Ivoire,PORO,KORHOGO 1,FACILITY AT LEVEL 4: KORHOGO 1
DKRXYDBbifk,Côte d'Ivoire,INDENIE-DUABLIN,ABENGOUROU,FACILITY AT LEVEL 4: ABENGOUROU
Dl020oZroBq,Côte d'Ivoire,IFFOU,DAOUKRO,FACILITY AT LEVEL 4: DAOUKRO
dlBDyABLexm,Côte d'Ivoire,INDENIE-DUABLIN,ABENGOUROU,FACILITY AT LEVEL 4: ABENGOUROU
dLblgrfLscW,Côte d'Ivoire,GONTOUGO,BONDOUKOU,FACILITY AT LEVEL 4: BONDOUKOU
DLC5BmKgFCL,Côte d'Ivoire,NAWA,MEAGUI,FACILITY AT LEVEL 4: MEAGUI
DlDuNku1b66,Côte d'Ivoire,BAGOUE,BOUNDIALI,FACILITY AT LEVEL 4: BOUNDIALI
DlGaPAUaOvW,Côte d'Ivoire,MORONOU,BONGOUANOU,FACILITY AT LEVEL 4: BONGOUANOU
dLiEA0PpX3Y,Côte d'Ivoire,BAGOUE,TENGRELA,FACILITY AT LEVEL 4: TENGRELA
DlkdOp92YL4,Côte d'Ivoire,ABIDJAN 1,YOPOUGON-OUEST SONGON,FACILITY AT LEVEL 4: YOPOUGON-OUEST SONGON
DLVjfSI99Zy,Côte d'Ivoire,INDENIE-DUABLIN,ABENGOUROU,FACILITY AT LEVEL 4: ABENGOUROU
dlyEOaOu0XE,Côte d'Ivoire,GBEKE,BOUAKE-SUD,FACILITY AT LEVEL 4: BOUAKE-SUD
DLysJo3VdFa,Côte d'Ivoire,BOUNKANI,NASSIAN,FACILITY AT LEVEL 4: NASSIAN
dM8cGPkOHLM,Côte d'Ivoire,ABIDJAN 2,COCODY BINGERVILLE,FACILITY AT LEVEL 4: COCODY BINGERVILLE
dmd7ZqYOz46,Côte d'Ivoire,BERE,MANKONO,FACILITY AT LEVEL 4: MANKONO
DMk6LpMtUDz,Côte d'Ivoire,GUEMON,BANGOLO,FACILITY AT LEVEL 4: BANGOLO
dmng1dIJfzL,Côte d'Ivoire,ME,ALEPE,FACILITY AT LEVEL 4: ALEPE
DMnt8N2ad3d,Côte d'Ivoire,BAGOUE,KOUTO,FACILITY AT LEVEL 4: KOUTO
dMraiGVVBXG,Côte d'Ivoire,BOUNKANI,DOROPO,FACILITY AT LEVEL 4: DOROPO
dnAY9Xcx1Rq,Côte d'Ivoire,GONTOUGO,SANDEGUE,FACILITY AT LEVEL 4: SANDEGUE
dndTPmwDGyL,Côte d'Ivoire,GBEKE,BOUAKE-SUD,FACILITY AT LEVEL 4: BOUAKE-SUD
dnfA8Kc5z3W,Côte d'Ivoire,HAMBOL,DABAKALA,FACILITY AT LEVEL 4: DABAKALA
dnolPQXGK0k,Côte d'Ivoire,ABIDJAN 2,TREICHVILLE-MARCORY,FACILITY AT LEVEL 4: TREICHVILLE-MARCORY
dnt5MU1Oh1B,Côte d'Ivoire,ABIDJAN 1,ABOBO EST,FACILITY AT LEVEL 4: ABOBO EST
dnWRXzgCyMq,Côte d'Ivoire,GBEKE,BOUAKE NORD-OUEST,FACILITY AT LEVEL 4: BOUAKE NORD-OUEST
Dod7Dy3zqTo,Côte d'Ivoire,TONKPI,BIANKOUMA,FACILITY AT LEVEL 4: BIANKOUMA
DojIHXYPf7P,Côte d'Ivoire,SAN PEDRO,TABOU,FACILITY AT LEVEL 4: TABOU
DOPFmVbdH7U,Côte d'Ivoire,ABIDJAN 1,YOPOUGON-EST,FACILITY AT LEVEL 4: YOPOUGON-EST
doQq5EAf7vq,Côte d'Ivoire,TONKPI,MAN,FACILITY AT LEVEL 4: MAN
dOqQZ6trynI,Côte d'Ivoire,ABIDJAN 1,ABOBO EST,FACILITY AT LEVEL 4: ABOBO EST
dOSiQNrW1BE,Côte d'Ivoire,ABIDJAN 2,ADJAME-PLATEAU-ATTECOUBE,FACILITY AT LEVEL 4: ADJAME-PLATEAU-ATTECOUBE
dOuvjKSD6Hn,Côte d'Ivoire,GRANDS PONTS,GRAND-LAHOU,FACILITY AT LEVEL 4: GRAND-LAHOU
dOVJYohE0Vn,Côte d'Ivoire,TCHOLOGO,FERKESSEDOUGOU,FACILITY AT LEVEL 4: FERKESSEDOUGOU
dp5l9GiIJsi,Côte d'Ivoire,MARAHOUE,BOUAFLE,FACILITY AT LEVEL 4: BOUAFLE
dP5TQmTvcRZ,Côte d'Ivoire,SAN PEDRO,SAN-PEDRO,FACILITY AT LEVEL 4: SAN-PEDRO
Dp6XolEi9ka,Côte d'Ivoire,ME,ADZOPE,FACILITY AT LEVEL 4: ADZOPE
DP7ul57BXfV,Côte d'Ivoire,ABIDJAN 2,ADJAME-PLATEAU-ATTECOUBE,FACILITY AT LEVEL 4: ADJAME-PLATEAU-ATTECOUBE
dpCPH6CtfGM,Côte d'Ivoire,GBOKLE,SASSANDRA,FACILITY AT LEVEL 4: SASSANDRA
DPKaN8PGYzf,Côte d'Ivoire,ABIDJAN 2,KOUMASSI,FACILITY AT LEVEL 4: KOUMASSI
DPSUCbGtwEH,Côte d'Ivoire,SAN PEDRO,TABOU,FACILITY AT LEVEL 4: TABOU
DpyDh5wQoGh,Côte d'Ivoire,GBEKE,BOUAKE NORD-OUEST,FACILITY AT LEVEL 4: BOUAKE NORD-OUEST
DPYpj5qgd9F,Côte d'Ivoire,SUD-COMOE,GRAND-BASSAM,FACILITY AT LEVEL 4: GRAND-BASSAM
dPZtZ1CN5jK,Côte d'Ivoire,MARAHOUE,SINFRA,FACILITY AT LEVEL 4: SINFRA
dq0DcnVFNGR,Côte d'Ivoire,TCHOLOGO,FERKESSEDOUGOU,FACILITY AT LEVEL 4: FERKESSEDOUGOU
DQ25ZfyqLiX,Côte d'Ivoire,BAGOUE,KOUTO,FACILITY AT LEVEL 4: KOUTO
dQ2QtHODZaO,Côte d'Ivoire,SAN PEDRO,SAN-PEDRO,FACILITY AT LEVEL 4: SAN-PEDRO
dQ44QwFyunw,Côte d'Ivoire,KABADOUGOU,ODIENNE,FACILITY AT LEVEL 4: ODIENNE
dQbMXhfqs80,Côte d'Ivoire,ABIDJAN 2,COCODY BINGERVILLE,FACILITY AT LEVEL 4: COCODY BINGERVILLE
dQgml7fcQXX,Côte d'Ivoire,SUD-COMOE,ADIAKE,FACILITY AT LEVEL 4: ADIAKE
dQhvafG6jux,Côte d'Ivoire,WORODOUGOU,SEGUELA,FACILITY AT LEVEL 4: SEGUELA
DQKdgbvulDB,Côte d'Ivoire,GBOKLE,SASSANDRA,FACILITY AT LEVEL 4: SASSANDRA
dQuw2YGs3rQ,Côte d'Ivoire,MARAHOUE,BOUAFLE,FACILITY AT LEVEL 4: BOUAFLE
dqwksMwpW4w,Côte d'Ivoire,NAWA,BUYO,FACILITY AT LEVEL 4: BUYO
dqYUfJaffqA,Côte d'Ivoire,AGNEBY-TIASSA,AGBOVILLE,FACILITY AT LEVEL 4: AGBOVILLE
DR1ylsfwlou,Côte d'Ivoire,GONTOUGO,KOUN-FAO,FACILITY AT LEVEL 4: KOUN-FAO
dr7PV4gaqyK,Côte d'Ivoire,HAUT SASSANDRA,VAVOUA,FACILITY AT LEVEL 4: VAVOUA
dRigs62u5z1,Côte d'Ivoire,AGNEBY-TIASSA,SIKENSI,FACILITY AT LEVEL 4: SIKENSI
DRmCKGYNLfk,Côte d'Ivoire,ABIDJAN 1,YOPOUGON-EST,FACILITY AT LEVEL 4: YOPOUGON-EST
dRUWLV8n1yd,Côte d'Ivoire,SUD-COMOE,ABOISSO,FACILITY AT LEVEL 4: ABOISSO
dS1yFsbOQHe,Côte d'Ivoire,GONTOUGO,TANDA,FACILITY AT LEVEL 4: TANDA
Dsa5MB5hhLQ,Côte d'Ivoire,ABIDJAN 2,TREICHVILLE-MARCORY,FACILITY AT LEVEL 4: TREICHVILLE-MARCORY
DScDxDlwPah,Côte d'Ivoire,GBEKE,BOUAKE NORD-EST,FACILITY AT LEVEL 4: BOUAKE NORD-EST
DSEmgg75zMV,Côte d'Ivoire,BERE,MANKONO,FACILITY AT LEVEL 4: MANKONO
DsqRCvhUaM7,Côte d'Ivoire,LÔH-DJIBOUA,GUITRY,FACILITY AT LEVEL 4: GUITRY
dsw2mWwyTYF,Côte d'Ivoire,LÔH-DJIBOUA,DIVO,FACILITY AT LEVEL 4: DIVO
dt7ptFUh3go,Côte d'Ivoire,LÔH-DJIBOUA,DIVO,FACILITY AT LEVEL 4: DIVO
DTA0hz0UVBT,Côte d'Ivoire,ABIDJAN 2,COCODY BINGERVILLE,FACILITY AT LEVEL 4: COCODY BINGERVILLE
DtG84cHnM7X,Côte d'Ivoire,ABIDJAN 2,COCODY BINGERVILLE,FACILITY AT LEVEL 4: COCODY BINGERVILLE
dTGxA9DSdEX,Côte d'Ivoire,BELIER,YAMOUSSOUKRO,FACILITY AT LEVEL 4: YAMOUSSOUKRO
Dtl1BWzosCD,Côte d'Ivoire,ABIDJAN 2,COCODY BINGERVILLE,FACILITY AT LEVEL 4: COCODY BINGERVILLE
DtLZUnEzrwL,Côte d'Ivoire,WORODOUGOU,KANI,FACILITY AT LEVEL 4: KANI
Dto395fHIvK,Côte d'Ivoire,ABIDJAN 2,PORT-BOUET-VRIDI,FACILITY AT LEVEL 4: PORT-BOUET-VRIDI
dTUxEfG6rZe,Côte d'Ivoire,ABIDJAN 2,COCODY BINGERVILLE,FACILITY AT LEVEL 4: COCODY BINGERVILLE
Du1YtKyhrxi,Côte d'Ivoire,MARAHOUE,BOUAFLE,FACILITY AT LEVEL 4: BOUAFLE
duEzYSpwtQY,Côte d'Ivoire,AGNEBY-TIASSA,TIASSALE,FACILITY AT LEVEL 4: TIASSALE
DUGVViJ74xV,Côte d'Ivoire,GBEKE,SAKASSOU,FACILITY AT LEVEL 4: SAKASSOU
DuhEJ25cEfO,Côte d'Ivoire,SUD-COMOE,ADIAKE,FACILITY AT LEVEL 4: ADIAKE
dulT6nauWEg,Côte d'Ivoire,ABIDJAN 1,ANYAMA,FACILITY AT LEVEL 4: ANYAMA
duNANknQO4l,Côte d'Ivoire,IFFOU,DAOUKRO,FACILITY AT LEVEL 4: DAOUKRO
DUPj1wDFL76,Côte d'Ivoire,GRANDS PONTS,JACQUEVILLE,FACILITY AT LEVEL 4: JACQUEVILLE
DutAww7LVEI,Côte d'Ivoire,AGNEBY-TIASSA,AGBOVILLE,FACILITY AT LEVEL 4: AGBOVILLE
dux1VhCqocx,Côte d'Ivoire,TONKPI,MAN,FACILITY AT LEVEL 4: MAN
DVBOvb8FN28,Côte d'Ivoire,GÔH,OUME,FACILITY AT LEVEL 4: OUME
DvjTDRSnVtN,Côte d'Ivoire,MARAHOUE,ZUENOULA,FACILITY AT LEVEL 4: ZUENOULA
dvnOgRR8lFf,Côte d'Ivoire,ME,YAKASSE-ATTOBROU,FACILITY AT LEVEL 4: YAKASSE-ATTOBROU
Dw9I1vovUKY,Côte d'Ivoire,SUD-COMOE,ABOISSO,FACILITY AT LEVEL 4: ABOISSO
DwADvWLCMGg,Côte d'Ivoire,LÔH-DJIBOUA,DIVO,FACILITY AT LEVEL 4: DIVO
Dwg8bjQ95v5,Côte d'Ivoire,KABADOUGOU,ODIENNE,FACILITY AT LEVEL 4: ODIENNE
dWhzMKjSPkz,Côte d'Ivoire,ABIDJAN 1,YOPOUGON-OUEST SONGON,FACILITY AT LEVEL 4: YOPOUGON-OUEST SONGON
dwp9XT3avwn,Côte d'Ivoire,HAUT SASSANDRA,DALOA,FACILITY AT LEVEL 4: DALOA
DWRblnjr7iu,Côte d'Ivoire,GBEKE,BEOUMI,FACILITY AT LEVEL 4: BEOUMI
DwSlvPKzyeB,Côte d'Ivoire,ABIDJAN 1,YOPOUGON-EST,FACILITY AT LEVEL 4: YOPOUGON-EST
dwsSyf9njUn,Côte d'Ivoire,GONTOUGO,TANDA,FACILITY AT LEVEL 4: TANDA
DX41BOBn1lI,Côte d'Ivoire,ABIDJAN 2,ADJAME-PLATEAU-ATTECOUBE,FACILITY AT LEVEL 4: ADJAME-PLATEAU-ATTECOUBE
DX6sZ0pBIIS,Côte d'Ivoire,ABIDJAN 2,KOUMASSI,FACILITY AT LEVEL 4: KOUMASSI
DxixRJsjTRR,Côte d'Ivoire,ABIDJAN 2,ADJAME-PLATEAU-ATTECOUBE,FACILITY AT LEVEL 4: ADJAME-PLATEAU-ATTECOUBE
Dxq3ea61t8g,Côte d'Ivoire,SAN PEDRO,TABOU,FACILITY AT LEVEL 4: TABOU
DXRN9r3Duob,Côte d'Ivoire,ABIDJAN 2,COCODY BINGERVILLE,FACILITY AT LEVEL 4: COCODY BINGERVILLE
dXSBxdzqyC1,Côte d'Ivoire,HAUT SASSANDRA,DALOA,FACILITY AT LEVEL 4: DALOA
dxUk7h1GyIt,Côte d'Ivoire,HAUT SASSANDRA,VAVOUA,FACILITY AT LEVEL 4: VAVOUA
Dxv9BsvEZLh,Côte d'Ivoire,MORONOU,M'BATTO,FACILITY AT LEVEL 4: M'BATTO
dY2F6bpC4hO,Côte d'Ivoire,PORO,KORHOGO 1,FACILITY AT LEVEL 4: KORHOGO 1
DYbRDT2zZsS,Côte d'Ivoire,ABIDJAN 1,YOPOUGON-OUEST SONGON,FACILITY AT LEVEL 4: YOPOUGON-OUEST SONGON
DYFBf6MwWFL,Côte d'Ivoire,SUD-COMOE,GRAND-BASSAM,FACILITY AT LEVEL 4: GRAND-BASSAM
dyH3ppkE2sh,Côte d'Ivoire,GUEMON,BANGOLO,FACILITY AT LEVEL 4: BANGOLO
dYHcR6J7Abc,Côte d'Ivoire,BERE,MANKONO,FACILITY AT LEVEL 4: MANKONO
dyqtigUT60R,Côte d'Ivoire,SUD-COMOE,ABOISSO,FACILITY AT LEVEL 4: ABOISSO
DYSYH4fblSk,Côte d'Ivoire,BAFING,TOUBA,FACILITY AT LEVEL 4: TOUBA
DYYAwRBoYG2,Côte d'Ivoire,GRANDS PONTS,DABOU,FACILITY AT LEVEL 4: DABOU
DZi1LydHCtD,Côte d'Ivoire,FOLON,MINIGNAN,FACILITY AT LEVEL 4: MINIGNAN
DzJDJTl7xia,Côte d'Ivoire,BELIER,YAMOUSSOUKRO,FACILITY AT LEVEL 4: YAMOUSSOUKRO
dzjYtsdPBnB,Côte d'Ivoire,BAGOUE,BOUNDIALI,FACILITY AT LEVEL 4: BOUNDIALI
dZszFGdGfXk,Côte d'Ivoire,TONKPI,MAN,FACILITY AT LEVEL 4: MAN
E0sWxp1enqW,Côte d'Ivoire,TCHOLOGO,OUANGOLODOUGOU,FACILITY AT LEVEL 4: OUANGOLODOUGOU
E19k4iMWltN,Côte d'Ivoire,BERE,MANKONO,FACILITY AT LEVEL 4: MANKONO
E19uQbVzrG6,Côte d'Ivoire,ABIDJAN 2,COCODY BINGERVILLE,FACILITY AT LEVEL 4: COCODY BINGERVILLE
e1bsrxGLi8W,Côte d'Ivoire,TCHOLOGO,OUANGOLODOUGOU,FACILITY AT LEVEL 4: OUANGOLODOUGOU
e1kLtVA3TED,Côte d'Ivoire,HAMBOL,NIAKARAMADOUGOU,FACILITY AT LEVEL 4: NIAKARAMADOUGOU
E1Uc8UcMExN,Côte d'Ivoire,ABIDJAN 2,KOUMASSI,FACILITY AT LEVEL 4: KOUMASSI
e2FGZS33Do0,Côte d'Ivoire,ABIDJAN 1,YOPOUGON-OUEST SONGON,FACILITY AT LEVEL 4: YOPOUGON-OUEST SONGON
e2M7aiZQE4e,Côte d'Ivoire,GBEKE,BOUAKE NORD-EST,FACILITY AT LEVEL 4: BOUAKE NORD-EST
E2qPg9DGdNt,Côte d'Ivoire,AGNEBY-TIASSA,AGBOVILLE,FACILITY AT LEVEL 4: AGBOVILLE
e2UKsuSL1Pc,Côte d'Ivoire,TONKPI,MAN,FACILITY AT LEVEL 4: MAN
E392epw5IwM,Côte d'Ivoire,ABIDJAN 1,ABOBO EST,FACILITY AT LEVEL 4: ABOBO EST
e45Eq2Bc9DN,Côte d'Ivoire,N'ZI,DIMBOKRO,FACILITY AT LEVEL 4: DIMBOKRO
e4ySYmFeqwO,Côte d'Ivoire,HAUT SASSANDRA,VAVOUA,FACILITY AT LEVEL 4: VAVOUA
E6kMbzfPQsx,Côte d'Ivoire,ABIDJAN 2,TREICHVILLE-MARCORY,FACILITY AT LEVEL 4: TREICHVILLE-MARCORY
E6kvtMFCIYa,Côte d'Ivoire,SUD-COMOE,ABOISSO,FACILITY AT LEVEL 4: ABOISSO
E72VbXF1fE1,Côte d'Ivoire,BAGOUE,TENGRELA,FACILITY AT LEVEL 4: TENGRELA
e7jiuYw3TD7,Côte d'Ivoire,GÔH,GAGNOA 2,FACILITY AT LEVEL 4: GAGNOA 2
E7LyAixSNEK,Côte d'Ivoire,PORO,KORHOGO 1,FACILITY AT LEVEL 4: KORHOGO 1
e89DjHAQkI7,Côte d'Ivoire,HAUT SASSANDRA,ISSIA,FACILITY AT LEVEL 4: ISSIA
E95jvXVcqLx,Côte d'Ivoire,GBOKLE,SASSANDRA,FACILITY AT LEVEL 4: SASSANDRA
E991s19hH6l,Côte d'Ivoire,BAFING,TOUBA,FACILITY AT LEVEL 4: TOUBA
E9fe9egQcUv,Côte d'Ivoire,ABIDJAN 2,COCODY BINGERVILLE,FACILITY AT LEVEL 4: COCODY BINGERVILLE
e9iwTgr6lYJ,Côte d'Ivoire,KABADOUGOU,MADINANI,FACILITY AT LEVEL 4: MADINANI
EA4HtsQhkuQ,Côte d'Ivoire,CAVALLY,GUIGLO,FACILITY AT LEVEL 4: GUIGLO
eAFPQ6h5OVP,Côte d'Ivoire,INDENIE-DUABLIN,ABENGOUROU,FACILITY AT LEVEL 4: ABENGOUROU
eAI9ceJBSjl,Côte d'Ivoire,N'ZI,BOCANDA,FACILITY AT LEVEL 4: BOCANDA
EArqQGjNegL,Côte d'Ivoire,PORO,KORHOGO 1,FACILITY AT LEVEL 4: KORHOGO 1
EAufEBWridz,Côte d'Ivoire,WORODOUGOU,SEGUELA,FACILITY AT LEVEL 4: SEGUELA
eAvXQoXDecC,Côte d'Ivoire,WORODOUGOU,SEGUELA,FACILITY AT LEVEL 4: SEGUELA
eaYPvAImqRD,Côte d'Ivoire,BELIER,DIDIEVI,FACILITY AT LEVEL 4: DIDIEVI
Eb9RE5pv3ow,Côte d'Ivoire,SUD-COMOE,TIAPOUM,FACILITY AT LEVEL 4: TIAPOUM
EBH26h8xEHS,Côte d'Ivoire,SUD-COMOE,GRAND-BASSAM,FACILITY AT LEVEL 4: GRAND-BASSAM
eBNqiLJ3sfJ,Côte d'Ivoire,GBEKE,BOUAKE NORD-EST,FACILITY AT LEVEL 4: BOUAKE NORD-EST
EbtP6sgDPtd,Côte d'Ivoire,ABIDJAN 1,YOPOUGON-OUEST SONGON,FACILITY AT LEVEL 4: YOPOUGON-OUEST SONGON
ebv5Oj5dpKv,Côte d'Ivoire,ABIDJAN 1,YOPOUGON-OUEST SONGON,FACILITY AT LEVEL 4: YOPOUGON-OUEST SONGON
EBWhrVyXPDJ,Côte d'Ivoire,ME,AKOUPE,FACILITY AT LEVEL 4: AKOUPE
EC4YxFnP9zR,Côte d'Ivoire,ABIDJAN 1,YOPOUGON-EST,FACILITY AT LEVEL 4: YOPOUGON-EST
eC7OZaHy9Er,Côte d'Ivoire,BAGOUE,BOUNDIALI,FACILITY AT LEVEL 4: BOUNDIALI
ECadFFezuoX,Côte d'Ivoire,GBEKE,BEOUMI,FACILITY AT LEVEL 4: BEOUMI
EcDBz1TyI9b,Côte d'Ivoire,ABIDJAN 2,COCODY BINGERVILLE,FACILITY AT LEVEL 4: COCODY BINGERVILLE
EchnBdJ4aHp,Côte d'Ivoire,FOLON,MINIGNAN,FACILITY AT LEVEL 4: MINIGNAN
EcklTgiE7vX,Côte d'Ivoire,GÔH,GAGNOA 1,FACILITY AT LEVEL 4: GAGNOA 1
eCXOR0L7v0X,Côte d'Ivoire,GBEKE,BOUAKE NORD-OUEST,FACILITY AT LEVEL 4: BOUAKE NORD-OUEST
Ed2Y8qbg78R,Côte d'Ivoire,BERE,MANKONO,FACILITY AT LEVEL 4: MANKONO
ED3mZ9GQIKP,Côte d'Ivoire,HAUT SASSANDRA,VAVOUA,FACILITY AT LEVEL 4: VAVOUA
EDDCLGSo9hx,Côte d'Ivoire,ABIDJAN 2,COCODY BINGERVILLE,FACILITY AT LEVEL 4: COCODY BINGERVILLE
EDJw2gYz0kM,Côte d'Ivoire,LÔH-DJIBOUA,DIVO,FACILITY AT LEVEL 4: DIVO
EDjzJo5HqT5,Côte d'Ivoire,TCHOLOGO,FERKESSEDOUGOU,FACILITY AT LEVEL 4: FERKESSEDOUGOU
edl4Ll5l24N,Côte d'Ivoire,TCHOLOGO,FERKESSEDOUGOU,FACILITY AT LEVEL 4: FERKESSEDOUGOU
EDlUidCaNoX,Côte d'Ivoire,HAMBOL,KATIOLA,FACILITY AT LEVEL 4: KATIOLA
EdsmaFPMuCV,Côte d'Ivoire,ABIDJAN 1,YOPOUGON-EST,FACILITY AT LEVEL 4: YOPOUGON-EST
Ee5jChBHIl9,Côte d'Ivoire,BELIER,TIEBISSOU,FACILITY AT LEVEL 4: TIEBISSOU
ee7ESKPY0SK,Côte d'Ivoire,NAWA,SOUBRE,FACILITY AT LEVEL 4: SOUBRE
EE7ns6c8dR2,Côte d'Ivoire,ME,YAKASSE-ATTOBROU,FACILITY AT LEVEL 4: YAKASSE-ATTOBROU
EeCYRgueWay,Côte d'Ivoire,ABIDJAN 1,YOPOUGON-EST,FACILITY AT LEVEL 4: YOPOUGON-EST
eEGmkJlg5DH,Côte d'Ivoire,GBEKE,SAKASSOU,FACILITY AT LEVEL 4: SAKASSOU
eegPqP34qEl,Côte d'Ivoire,FOLON,KANIASSO,FACILITY AT LEVEL 4: KANIASSO
eEHJ4Dc5JWi,Côte d'Ivoire,GÔH,GAGNOA 2,FACILITY AT LEVEL 4: GAGNOA 2
Eeq7j7a9kQj,Côte d'Ivoire,PORO,M'BENGUE,FACILITY AT LEVEL 4: M'BENGUE
Eey5ShuFdu2,Côte d'Ivoire,BAFING,KORO,FACILITY AT LEVEL 4: KORO
efI2p3DwKnq,Côte d'Ivoire,ABIDJAN 2,ADJAME-PLATEAU-ATTECOUBE,FACILITY AT LEVEL 4: ADJAME-PLATEAU-ATTECOUBE
eFkN4dHabhK,Côte d'Ivoire,GBEKE,BOUAKE NORD-OUEST,FACILITY AT LEVEL 4: BOUAKE NORD-OUEST
EfnAboGQLxc,Côte d'Ivoire,SUD-COMOE,GRAND-BASSAM,FACILITY AT LEVEL 4: GRAND-BASSAM
eFSB0KRDeXq,Côte d'Ivoire,TONKPI,DANANE,FACILITY AT LEVEL 4: DANANE
Eg6BoufFtHv,Côte d'Ivoire,MORONOU,M'BATTO,FACILITY AT LEVEL 4: M'BATTO
Eg9rjaJj9Zw,Côte d'Ivoire,BAFING,TOUBA,FACILITY AT LEVEL 4: TOUBA
Egcpo14rhnN,Côte d'Ivoire,GONTOUGO,TANDA,FACILITY AT LEVEL 4: TANDA
EgDDvkPK3Sr,Côte d'Ivoire,BAFING,OUANINOU,FACILITY AT LEVEL 4: OUANINOU
eGxqjhKMtCS,Côte d'Ivoire,BELIER,TOUMODI,FACILITY AT LEVEL 4: TOUMODI
eH9a0MLYJCP,Côte d'Ivoire,NAWA,MEAGUI,FACILITY AT LEVEL 4: MEAGUI
eHGj3TIsp1l,Côte d'Ivoire,ABIDJAN 2,ADJAME-PLATEAU-ATTECOUBE,FACILITY AT LEVEL 4: ADJAME-PLATEAU-ATTECOUBE
ehjAkagwCkx,Côte d'Ivoire,TCHOLOGO,FERKESSEDOUGOU,FACILITY AT LEVEL 4: FERKESSEDOUGOU
ehK3Ly7e7K6,Côte d'Ivoire,BELIER,YAMOUSSOUKRO,FACILITY AT LEVEL 4: YAMOUSSOUKRO
EiARCmBCUyS,Côte d'Ivoire,GRANDS PONTS,DABOU,FACILITY AT LEVEL 4: DABOU
EIBeOE4ZZDQ,Côte d'Ivoire,AGNEBY-TIASSA,TIASSALE,FACILITY AT LEVEL 4: TIASSALE
eigafNrAUJ2,Côte d'Ivoire,ABIDJAN 2,ADJAME-PLATEAU-ATTECOUBE,FACILITY AT LEVEL 4: ADJAME-PLATEAU-ATTECOUBE
eiJQajBCtvS,Côte d'Ivoire,LÔH-DJIBOUA,LAKOTA,FACILITY AT LEVEL 4: LAKOTA
EIOnYmECfmq,Côte d'Ivoire,LÔH-DJIBOUA,DIVO,FACILITY AT LEVEL 4: DIVO
eIQcywkDKbH,Côte d'Ivoire,TCHOLOGO,OUANGOLODOUGOU,FACILITY AT LEVEL 4: OUANGOLODOUGOU
EIuCLQdHSK6,Côte d'Ivoire,ABIDJAN 2,PORT-BOUET-VRIDI,FACILITY AT LEVEL 4: PORT-BOUET-VRIDI
eIwzV33zR0a,Côte d'Ivoire,NAWA,MEAGUI,FACILITY AT LEVEL 4: MEAGUI
eiyQhIiq6B8,Côte d'Ivoire,KABADOUGOU,ODIENNE,FACILITY AT LEVEL 4: ODIENNE
eJ1NCIbKFeL,Côte d'Ivoire,GBEKE,BOUAKE NORD-OUEST,FACILITY AT LEVEL 4: BOUAKE NORD-OUEST
eJ9HKHJru29,Côte d'Ivoire,HAUT SASSANDRA,DALOA,FACILITY AT LEVEL 4: DALOA
ejdLY4RhIFZ,Côte d'Ivoire,AGNEBY-TIASSA,TIASSALE,FACILITY AT LEVEL 4: TIASSALE
EjGlx5pUdAx,Côte d'Ivoire,SUD-COMOE,ABOISSO,FACILITY AT LEVEL 4: ABOISSO
ejHozNnIdYG,Côte d'Ivoire,NAWA,MEAGUI,FACILITY AT LEVEL 4: MEAGUI
EjsItGPbyn0,Côte d'Ivoire,AGNEBY-TIASSA,TIASSALE,FACILITY AT LEVEL 4: TIASSALE
ejW14chBpNX,Côte d'Ivoire,BELIER,TOUMODI,FACILITY AT LEVEL 4: TOUMODI
EK0LkzCzhFa,Côte d'Ivoire,CAVALLY,TOULEPLEU,FACILITY AT LEVEL 4: TOULEPLEU
EK23juOVAl6,Côte d'Ivoire,BERE,DIANRA,FACILITY AT LEVEL 4: DIANRA
eK6v8LTPdoI,Côte d'Ivoire,ABIDJAN 2,TREICHVILLE-MARCORY,FACILITY AT LEVEL 4: TREICHVILLE-MARCORY
eKcJJYxM5bZ,Côte d'Ivoire,GONTOUGO,KOUN-FAO,FACILITY AT LEVEL 4: KOUN-FAO
ekFsAHd8Vvc,Côte d'Ivoire,ABIDJAN 1,YOPOUGON-EST,FACILITY AT LEVEL 4: YOPOUGON-EST
EknS8OEyuHh,Côte d'Ivoire,N'ZI,DIMBOKRO,FACILITY AT LEVEL 4: DIMBOKRO
eKp8fW6cOCZ,Côte d'Ivoire,GÔH,GAGNOA 2,FACILITY AT LEVEL 4: GAGNOA 2
ElF7UA6vc7t,Côte d'Ivoire,TONKPI,ZOUAN-HOUNIEN,FACILITY AT LEVEL 4: ZOUAN-HOUNIEN
ELrilIB7yIR,Côte d'Ivoire,SAN PEDRO,SAN-PEDRO,FACILITY AT LEVEL 4: SAN-PEDRO
els7som2jwm,Côte d'Ivoire,KABADOUGOU,ODIENNE,FACILITY AT LEVEL 4: ODIENNE
elzkYL1gIQE,Côte d'Ivoire,MORONOU,BONGOUANOU,FACILITY AT LEVEL 4: BONGOUANOU
ELzMcGisGqi,Côte d'Ivoire,SUD-COMOE,GRAND-BASSAM,FACILITY AT LEVEL 4: GRAND-BASSAM
em1BDfGXyHJ,Côte d'Ivoire,GÔH,GAGNOA 2,FACILITY AT LEVEL 4: GAGNOA 2
eM1c4D3LJeV,Côte d'Ivoire,ABIDJAN 2,COCODY BINGERVILLE,FACILITY AT LEVEL 4: COCODY BINGERVILLE
Em1q3YcXORk,Côte d'Ivoire,ABIDJAN 2,ADJAME-PLATEAU-ATTECOUBE,FACILITY AT LEVEL 4: ADJAME-PLATEAU-ATTECOUBE
Em3Y3RuqPRL,Côte d'Ivoire,BELIER,YAMOUSSOUKRO,FACILITY AT LEVEL 4: YAMOUSSOUKRO
em55ybCRXLF,Côte d'Ivoire,TONKPI,BIANKOUMA,FACILITY AT LEVEL 4: BIANKOUMA
eMBfKRLdN8k,Côte d'Ivoire,ABIDJAN 1,ANYAMA,FACILITY AT LEVEL 4: ANYAMA
EMD1WemnCBW,Côte d'Ivoire,HAUT SASSANDRA,VAVOUA,FACILITY AT LEVEL 4: VAVOUA
eMLjzUuveLF,Côte d'Ivoire,GRANDS PONTS,DABOU,FACILITY AT LEVEL 4: DABOU
EMLsRKB3O9g,Côte d'Ivoire,NAWA,MEAGUI,FACILITY AT LEVEL 4: MEAGUI
emqEG7Ajqk4,Côte d'Ivoire,ABIDJAN 2,ADJAME-PLATEAU-ATTECOUBE,FACILITY AT LEVEL 4: ADJAME-PLATEAU-ATTECOUBE
emXfKpymvVL,Côte d'Ivoire,BOUNKANI,BOUNA,FACILITY AT LEVEL 4: BOUNA
eN0GNgGYDLY,Côte d'Ivoire,ABIDJAN 2,TREICHVILLE-MARCORY,FACILITY AT LEVEL 4: TREICHVILLE-MARCORY
ENhKQxBgy4x,Côte d'Ivoire,NAWA,SOUBRE,FACILITY AT LEVEL 4: SOUBRE
Enl6oNeQkbF,Côte d'Ivoire,WORODOUGOU,SEGUELA,FACILITY AT LEVEL 4: SEGUELA
EnmmwdHSApp,Côte d'Ivoire,WORODOUGOU,SEGUELA,FACILITY AT LEVEL 4: SEGUELA
Enrtq0TAZbT,Côte d'Ivoire,TONKPI,ZOUAN-HOUNIEN,FACILITY AT LEVEL 4: ZOUAN-HOUNIEN
eNyv1VGkor6,Côte d'Ivoire,N'ZI,BOCANDA,FACILITY AT LEVEL 4: BOCANDA
EoCCYm3pwM5,Côte d'Ivoire,ABIDJAN 1,YOPOUGON-EST,FACILITY AT LEVEL 4: YOPOUGON-EST
EoLrHZ9URks,Côte d'Ivoire,GONTOUGO,KOUN-FAO,FACILITY AT LEVEL 4: KOUN-FAO
EoTj0DdRhSW,Côte d'Ivoire,SUD-COMOE,GRAND-BASSAM,FACILITY AT LEVEL 4: GRAND-BASSAM
EoxAZrVuKdk,Côte d'Ivoire,GÔH,GAGNOA 1,FACILITY AT LEVEL 4: GAGNOA 1
EozMkvtKPrb,Côte d'Ivoire,BELIER,YAMOUSSOUKRO,FACILITY AT LEVEL 4: YAMOUSSOUKRO
eoZyzsQMUdP,Côte d'Ivoire,ABIDJAN 2,COCODY BINGERVILLE,FACILITY AT LEVEL 4: COCODY BINGERVILLE
Ep0VIcbxVYT,Côte d'Ivoire,ABIDJAN 1,ABOBO OUEST,FACILITY AT LEVEL 4: ABOBO OUEST
ep88w1ZbCNE,Côte d'Ivoire,AGNEBY-TIASSA,AGBOVILLE,FACILITY AT LEVEL 4: AGBOVILLE
epAXoMcUZ7Z,Côte d'Ivoire,BAFING,KORO,FACILITY AT LEVEL 4: KORO
ePuy1RNXaFU,Côte d'Ivoire,MARAHOUE,BOUAFLE,FACILITY AT LEVEL 4: BOUAFLE
epvBZQq6CTi,Côte d'Ivoire,TONKPI,DANANE,FACILITY AT LEVEL 4: DANANE
Eq5j0nGlrFG,Côte d'Ivoire,TONKPI,ZOUAN-HOUNIEN,FACILITY AT LEVEL 4: ZOUAN-HOUNIEN
eQJpYIDxGnN,Côte d'Ivoire,GONTOUGO,BONDOUKOU,FACILITY AT LEVEL 4: BONDOUKOU
EqL0DLB2o4W,Côte d'Ivoire,GONTOUGO,BONDOUKOU,FACILITY AT LEVEL 4: BONDOUKOU
EQQPyoukut9,Côte d'Ivoire,ABIDJAN 2,ADJAME-PLATEAU-ATTECOUBE,FACILITY AT LEVEL 4: ADJAME-PLATEAU-ATTECOUBE
eQT6PwZmFTy,Côte d'Ivoire,HAUT SASSANDRA,VAVOUA,FACILITY AT LEVEL 4: VAVOUA
EQVdDszrAXa,Côte d'Ivoire,ABIDJAN 2,PORT-BOUET-VRIDI,FACILITY AT LEVEL 4: PORT-BOUET-VRIDI
eQy2FJ9EtXL,Côte d'Ivoire,ABIDJAN 1,ANYAMA,FACILITY AT LEVEL 4: ANYAMA
EqybejCQcXb,Côte d'Ivoire,ABIDJAN 1,YOPOUGON-OUEST SONGON,FACILITY AT LEVEL 4: YOPOUGON-OUEST SONGON
Er16lLjeG6v,Côte d'Ivoire,BERE,MANKONO,FACILITY AT LEVEL 4: MANKONO
Er6yp9aXl9a,Côte d'Ivoire,SUD-COMOE,ABOISSO,FACILITY AT LEVEL 4: ABOISSO
ERCGg2t86Ms,Côte d'Ivoire,ABIDJAN 1,ANYAMA,FACILITY AT LEVEL 4: ANYAMA
erDyqQMhRQN,Côte d'Ivoire,LÔH-DJIBOUA,LAKOTA,FACILITY AT LEVEL 4: LAKOTA
ErEzlkXJb1r,Côte d'Ivoire,BELIER,YAMOUSSOUKRO,FACILITY AT LEVEL 4: YAMOUSSOUKRO
eRlN9uGZpGg,Côte d'Ivoire,BAGOUE,BOUNDIALI,FACILITY AT LEVEL 4: BOUNDIALI
ErnMNYzf4pG,Côte d'Ivoire,GUEMON,KOUIBLY,FACILITY AT LEVEL 4: KOUIBLY
ERW4M5c4UDy,Côte d'Ivoire,ABIDJAN 2,COCODY BINGERVILLE,FACILITY AT LEVEL 4: COCODY BINGERVILLE
ERwZBXlsbiX,Côte d'Ivoire,INDENIE-DUABLIN,ABENGOUROU,FACILITY AT LEVEL 4: ABENGOUROU
ERxPElQckoH,Côte d'Ivoire,GONTOUGO,SANDEGUE,FACILITY AT LEVEL 4: SANDEGUE
eSemCdQu2XS,Côte d'Ivoire,BOUNKANI,NASSIAN,FACILITY AT LEVEL 4: NASSIAN
ESghrfHAgQ0,Côte d'Ivoire,MORONOU,M'BATTO,FACILITY AT LEVEL 4: M'BATTO
EshTcZgf2BM,Côte d'Ivoire,HAUT SASSANDRA,VAVOUA,FACILITY AT LEVEL 4: VAVOUA
Esi4BTsQPkI,Côte d'Ivoire,PORO,KORHOGO 1,FACILITY AT LEVEL 4: KORHOGO 1
EsSYeXEc2OD,Côte d'Ivoire,BOUNKANI,BOUNA,FACILITY AT LEVEL 4: BOUNA
Esw4Rcz2nBm,Côte d'Ivoire,ABIDJAN 2,ADJAME-PLATEAU-ATTECOUBE,FACILITY AT LEVEL 4: ADJAME-PLATEAU-ATTECOUBE
ESX3vSOxPrO,Côte d'Ivoire,ABIDJAN 2,COCODY BINGERVILLE,FACILITY AT LEVEL 4: COCODY BINGERVILLE
ET2dJL1qVHh,Côte d'Ivoire,NAWA,SOUBRE,FACILITY AT LEVEL 4: SOUBRE
etAuK2ZAq1q,Côte d'Ivoire,LÔH-DJIBOUA,GUITRY,FACILITY AT LEVEL 4: GUITRY
EtHwNRoaBJu,Côte d'Ivoire,ABIDJAN 1,ANYAMA,FACILITY AT LEVEL 4: ANYAMA
etVKrUHPwMd,Côte d'Ivoire,SAN PEDRO,SAN-PEDRO,FACILITY AT LEVEL 4: SAN-PEDRO
eUbVvAxEwX1,Côte d'Ivoire,ABIDJAN 1,ABOBO OUEST,FACILITY AT LEVEL 4: ABOBO OUEST
eUGMvZBTTWi,Côte d'Ivoire,SUD-COMOE,ADIAKE,FACILITY AT LEVEL 4: ADIAKE
EUJOn0QLaeM,Côte d'Ivoire,ABIDJAN 2,TREICHVILLE-MARCORY,FACILITY AT LEVEL 4: TREICHVILLE-MARCORY
EuRxm058jNp,Côte d'Ivoire,BOUNKANI,TEHINI,FACILITY AT LEVEL 4: TEHINI
eUYbyc0u76K,Côte d'Ivoire,BELIER,TOUMODI,FACILITY AT LEVEL 4: TOUMODI
eV2h07pua9j,Côte d'Ivoire,CAVALLY,GUIGLO,FACILITY AT LEVEL 4: GUIGLO
EV7ppor0EwT,Côte d'Ivoire,GUEMON,KOUIBLY,FACILITY AT LEVEL 4: KOUIBLY
ev8vNoUt06h,Côte d'Ivoire,LÔH-DJIBOUA,GUITRY,FACILITY AT LEVEL 4: GUITRY
eVkjSAXyz3T,Côte d'Ivoire,FOLON,KANIASSO,FACILITY AT LEVEL 4: KANIASSO
EVKYztE3n2q,Côte d'Ivoire,ABIDJAN 1,YOPOUGON-OUEST SONGON,FACILITY AT LEVEL 4: YOPOUGON-OUEST SONGON
EvMZz5gSPy5,Côte d'Ivoire,INDENIE-DUABLIN,AGNIBILEKROU,FACILITY AT LEVEL 4: AGNIBILEKROU
evsZsvzSQcT,Côte d'Ivoire,ABIDJAN 2,ADJAME-PLATEAU-ATTECOUBE,FACILITY AT LEVEL 4: ADJAME-PLATEAU-ATTECOUBE
EvvMi4UlwMc,Côte d'Ivoire,CAVALLY,TAI,FACILITY AT LEVEL 4: TAI
EW16alWctgl,Côte d'Ivoire,ME,ALEPE,FACILITY AT LEVEL 4: ALEPE
EW7AwmyAqV5,Côte d'Ivoire,SAN PEDRO,TABOU,FACILITY AT LEVEL 4: TABOU
ew7dnqz26G8,Côte d'Ivoire,KABADOUGOU,ODIENNE,FACILITY AT LEVEL 4: ODIENNE
eWbOakzx0Q8,Côte d'Ivoire,MORONOU,M'BATTO,FACILITY AT LEVEL 4: M'BATTO
ewEGG99XfMp,Côte d'Ivoire,GBOKLE,SASSANDRA,FACILITY AT LEVEL 4: SASSANDRA
eWLJjzD9ICx,Côte d'Ivoire,SAN PEDRO,TABOU,FACILITY AT LEVEL 4: TABOU
EwtpoSnkpxW,Côte d'Ivoire,BAFING,OUANINOU,FACILITY AT LEVEL 4: OUANINOU
eXaOVBEoIdB,Côte d'Ivoire,KABADOUGOU,ODIENNE,FACILITY AT LEVEL 4: ODIENNE
Exb5pgDiOAj,Côte d'Ivoire,ABIDJAN 1,ABOBO OUEST,FACILITY AT LEVEL 4: ABOBO OUEST
eXCERu40Bwu,Côte d'Ivoire,ABIDJAN 2,COCODY BINGERVILLE,FACILITY AT LEVEL 4: COCODY BINGERVILLE
exfs4Ituxk3,Côte d'Ivoire,BOUNKANI,BOUNA,FACILITY AT LEVEL 4: BOUNA
eXuHiCpHQJP,Côte d'Ivoire,GRANDS PONTS,GRAND-LAHOU,FACILITY AT LEVEL 4: GRAND-LAHOU
eXxcXRbu9cE,Côte d'Ivoire,BAFING,OUANINOU,FACILITY AT LEVEL 4: OUANINOU
EybhNfdTVwt,Côte d'Ivoire,ABIDJAN 2,PORT-BOUET-VRIDI,FACILITY AT LEVEL 4: PORT-BOUET-VRIDI
eYeaOXVt039,Côte d'Ivoire,GÔH,GAGNOA 1,FACILITY AT LEVEL 4: GAGNOA 1
eyFO2soIzqG,Côte d'Ivoire,PORO,KORHOGO 1,FACILITY AT LEVEL 4: KORHOGO 1
eYGSMk2775h,Côte d'Ivoire,ABIDJAN 1,YOPOUGON-EST,FACILITY AT LEVEL 4: YOPOUGON-EST
eysrXX8Kz1H,Côte d'Ivoire,ABIDJAN 1,YOPOUGON-EST,FACILITY AT LEVEL 4: YOPOUGON-EST
EywuypYUmLP,Côte d'Ivoire,AGNEBY-TIASSA,SIKENSI,FACILITY AT LEVEL 4: SIKENSI
eYYyZUvr6ep,Côte d'Ivoire,GONTOUGO,BONDOUKOU,FACILITY AT LEVEL 4: BONDOUKOU
eZ26ldUQ6JH,Côte d'Ivoire,AGNEBY-TIASSA,TIASSALE,FACILITY AT LEVEL 4: TIASSALE
EZbRA1OHP9Q,Côte d'Ivoire,LÔH-DJIBOUA,DIVO,FACILITY AT LEVEL 4: DIVO
EZduybPx6eC,Côte d'Ivoire,PORO,M'BENGUE,FACILITY AT LEVEL 4: M'BENGUE
EzGbJniGiWl,Côte d'Ivoire,BELIER,DIDIEVI,FACILITY AT LEVEL 4: DIDIEVI
EZjyDAWzP5k,Côte d'Ivoire,GBEKE,BOUAKE NORD-OUEST,FACILITY AT LEVEL 4: BOUAKE NORD-OUEST
eZOXSHsF12I,Côte d'Ivoire,ABIDJAN 2,COCODY BINGERVILLE,FACILITY AT LEVEL 4: COCODY BINGERVILLE
EzphVeZfn3i,Côte d'Ivoire,BERE,DIANRA,FACILITY AT LEVEL 4: DIANRA
EzU6zvq45G9,Côte d'Ivoire,ABIDJAN 2,PORT-BOUET-VRIDI,FACILITY AT LEVEL 4: PORT-BOUET-VRIDI
ezzJGal72jS,Côte d'Ivoire,TONKPI,MAN,FACILITY AT LEVEL 4: MAN
ezzNVuBqMdH,Côte d'Ivoire,BAGOUE,TENGRELA,FACILITY AT LEVEL 4: TENGRELA
F0jbbkyQBuj,Côte d'Ivoire,GUEMON,DUEKOUE,FACILITY AT LEVEL 4: DUEKOUE
f0ydfXMcXLp,Côte d'Ivoire,ABIDJAN 2,COCODY BINGERVILLE,FACILITY AT LEVEL 4: COCODY BINGERVILLE
F13tWZ5wwDT,Côte d'Ivoire,BAFING,KORO,FACILITY AT LEVEL 4: KORO
f1glFBoLk1L,Côte d'Ivoire,NAWA,GUEYO,FACILITY AT LEVEL 4: GUEYO
F1jYumCNRvk,Côte d'Ivoire,PORO,KORHOGO 1,FACILITY AT LEVEL 4: KORHOGO 1
F1lvPxRAPSD,Côte d'Ivoire,ABIDJAN 1,YOPOUGON-OUEST SONGON,FACILITY AT LEVEL 4: YOPOUGON-OUEST SONGON
f1PzRmpKEQ5,Côte d'Ivoire,LÔH-DJIBOUA,LAKOTA,FACILITY AT LEVEL 4: LAKOTA
f1Qx0G6vZTi,Côte d'Ivoire,BAGOUE,TENGRELA,FACILITY AT LEVEL 4: TENGRELA
F1UMMzoOWs7,Côte d'Ivoire,ABIDJAN 1,YOPOUGON-OUEST SONGON,FACILITY AT LEVEL 4: YOPOUGON-OUEST SONGON
f1zwDqbHEw9,Côte d'Ivoire,ABIDJAN 2,COCODY BINGERVILLE,FACILITY AT LEVEL 4: COCODY BINGERVILLE
F256pn456tL,Côte d'Ivoire,BELIER,DIDIEVI,FACILITY AT LEVEL 4: DIDIEVI
F2BGeSu8iad,Côte d'Ivoire,ABIDJAN 2,COCODY BINGERVILLE,FACILITY AT LEVEL 4: COCODY BINGERVILLE
f2RU8QWiEdJ,Côte d'Ivoire,MARAHOUE,SINFRA,FACILITY AT LEVEL 4: SINFRA
f2vhFHBKpbI,Côte d'Ivoire,GONTOUGO,BONDOUKOU,FACILITY AT LEVEL 4: BONDOUKOU
f3dAOiFiysx,Côte d'Ivoire,IFFOU,DAOUKRO,FACILITY AT LEVEL 4: DAOUKRO
F3fnO1wHREz,Côte d'Ivoire,ABIDJAN 2,COCODY BINGERVILLE,FACILITY AT LEVEL 4: COCODY BINGERVILLE
F3LMRR29sKE,Côte d'Ivoire,TONKPI,DANANE,FACILITY AT LEVEL 4: DANANE
F483XRce1m9,Côte d'Ivoire,TONKPI,DANANE,FACILITY AT LEVEL 4: DANANE
F4HLTxnnM3I,Côte d'Ivoire,GONTOUGO,BONDOUKOU,FACILITY AT LEVEL 4: BONDOUKOU
F4uBQ4jyAcX,Côte d'Ivoire,INDENIE-DUABLIN,ABENGOUROU,FACILITY AT LEVEL 4: ABENGOUROU
f5F2h5nQYpt,Côte d'Ivoire,GBOKLE,FRESCO,FACILITY AT LEVEL 4: FRESCO
f5QU0kJCwCo,Côte d'Ivoire,ABIDJAN 2,PORT-BOUET-VRIDI,FACILITY AT LEVEL 4: PORT-BOUET-VRIDI
f6OiPBaI2eo,Côte d'Ivoire,WORODOUGOU,SEGUELA,FACILITY AT LEVEL 4: SEGUELA
f6yE45MhKlF,Côte d'Ivoire,TONKPI,ZOUAN-HOUNIEN,FACILITY AT LEVEL 4: ZOUAN-HOUNIEN
F7xbbfIKUWv,Côte d'Ivoire,TONKPI,BIANKOUMA,FACILITY AT LEVEL 4: BIANKOUMA
f83Yaxd6prq,Côte d'Ivoire,ABIDJAN 1,YOPOUGON-OUEST SONGON,FACILITY AT LEVEL 4: YOPOUGON-OUEST SONGON
f8GtuEKYs8q,Côte d'Ivoire,KABADOUGOU,ODIENNE,FACILITY AT LEVEL 4: ODIENNE
f8iguhYJHxi,Côte d'Ivoire,ABIDJAN 1,YOPOUGON-EST,FACILITY AT LEVEL 4: YOPOUGON-EST
F8jA2OYicnT,Côte d'Ivoire,BERE,MANKONO,FACILITY AT LEVEL 4: MANKONO
f8MTDp21nuX,Côte d'Ivoire,PORO,DIKODOUGOU,FACILITY AT LEVEL 4: DIKODOUGOU
F8uETYHaq9b,Côte d'Ivoire,ABIDJAN 1,ANYAMA,FACILITY AT LEVEL 4: ANYAMA
F8W53IkegIL,Côte d'Ivoire,GÔH,GAGNOA 1,FACILITY AT LEVEL 4: GAGNOA 1
F950Ll646Sk,Côte d'Ivoire,GONTOUGO,BONDOUKOU,FACILITY AT LEVEL 4: BONDOUKOU
F9N0ffnS2tD,Côte d'Ivoire,SUD-COMOE,GRAND-BASSAM,FACILITY AT LEVEL 4: GRAND-BASSAM
Fa4U0rDYIlJ,Côte d'Ivoire,TONKPI,DANANE,FACILITY AT LEVEL 4: DANANE
FAdkGEkjdxN,Côte d'Ivoire,ABIDJAN 2,COCODY BINGERVILLE,FACILITY AT LEVEL 4: COCODY BINGERVILLE
faEH9QdKlg5,Côte d'Ivoire,ABIDJAN 2,ADJAME-PLATEAU-ATTECOUBE,FACILITY AT LEVEL 4: ADJAME-PLATEAU-ATTECOUBE
FAiKX1Jusu1,Côte d'Ivoire,IFFOU,MBAHIAKRO,FACILITY AT LEVEL 4: MBAHIAKRO
fAoBAH2LAuV,Côte d'Ivoire,BAGOUE,TENGRELA,FACILITY AT LEVEL 4: TENGRELA
faRck845ya8,Côte d'Ivoire,MARAHOUE,SINFRA,FACILITY AT LEVEL 4: SINFRA
faWnwnREAkq,Côte d'Ivoire,ME,ALEPE,FACILITY AT LEVEL 4: ALEPE
fAzFH9HX5Ml,Côte d'Ivoire,GBOKLE,SASSANDRA,FACILITY AT LEVEL 4: SASSANDRA
FAZVf4rx0QR,Côte d'Ivoire,ABIDJAN 2,COCODY BINGERVILLE,FACILITY AT LEVEL 4: COCODY BINGERVILLE
fb3ZeWLrTRk,Côte d'Ivoire,GRANDS PONTS,DABOU,FACILITY AT LEVEL 4: DABOU
FB9NDQwGtKJ,Côte d'Ivoire,ABIDJAN 2,COCODY BINGERVILLE,FACILITY AT LEVEL 4: COCODY BINGERVILLE
fbqAiSsFLUV,Côte d'Ivoire,GUEMON,DUEKOUE,FACILITY AT LEVEL 4: DUEKOUE
fBSelUvLST7,Côte d'Ivoire,LÔH-DJIBOUA,DIVO,FACILITY AT LEVEL 4: DIVO
fbVs9uAce8L,Côte d'Ivoire,ABIDJAN 2,ADJAME-PLATEAU-ATTECOUBE,FACILITY AT LEVEL 4: ADJAME-PLATEAU-ATTECOUBE
FBwh9zPFfou,Côte d'Ivoire,GONTOUGO,TANDA,FACILITY AT LEVEL 4: TANDA
FBxA3kPtlDB,Côte d'Ivoire,GBEKE,BOUAKE NORD-OUEST,FACILITY AT LEVEL 4: BOUAKE NORD-OUEST
FC0dyKxD2mL,Côte d'Ivoire,TCHOLOGO,KONG,FACILITY AT LEVEL 4: KONG
fC4jfBrd5CT,Côte d'Ivoire,BELIER,TOUMODI,FACILITY AT LEVEL 4: TOUMODI
fC5IZTforou,Côte d'Ivoire,N'ZI,KOUASSI KOUASSIKRO,FACILITY AT LEVEL 4: KOUASSI KOUASSIKRO
fc6Ikfb6puX,Côte d'Ivoire,ABIDJAN 2,COCODY BINGERVILLE,FACILITY AT LEVEL 4: COCODY BINGERVILLE
fCaInQelsZ5,Côte d'Ivoire,IFFOU,DAOUKRO,FACILITY AT LEVEL 4: DAOUKRO
fCgDm4aOcYI,Côte d'Ivoire,GBEKE,SAKASSOU,FACILITY AT LEVEL 4: SAKASSOU
fCK0zczdqjm,Côte d'Ivoire,GRANDS PONTS,JACQUEVILLE,FACILITY AT LEVEL 4: JACQUEVILLE
fCKIi0TB6g8,Côte d'Ivoire,AGNEBY-TIASSA,AGBOVILLE,FACILITY AT LEVEL 4: AGBOVILLE
FCpwW3KOxtf,Côte d'Ivoire,GUEMON,KOUIBLY,FACILITY AT LEVEL 4: KOUIBLY
FcQzzW6U8Y8,Côte d'Ivoire,SUD-COMOE,ABOISSO,FACILITY AT LEVEL 4: ABOISSO
fcX6y9GRmZ3,Côte d'Ivoire,AGNEBY-TIASSA,TIASSALE,FACILITY AT LEVEL 4: TIASSALE
fdloYAmU6Yj,Côte d'Ivoire,MARAHOUE,BOUAFLE,FACILITY AT LEVEL 4: BOUAFLE
fDlx5LjHpYH,Côte d'Ivoire,ABIDJAN 2,COCODY BINGERVILLE,FACILITY AT LEVEL 4: COCODY BINGERVILLE
fDrDgOgcMu8,Côte d'Ivoire,SAN PEDRO,SAN-PEDRO,FACILITY AT LEVEL 4: SAN-PEDRO
FdsFbCaN7Ja,Côte d'Ivoire,GÔH,GAGNOA 1,FACILITY AT LEVEL 4: GAGNOA 1
Fdu706gYYLa,Côte d'Ivoire,NAWA,BUYO,FACILITY AT LEVEL 4: BUYO
fdVcCJbR1hB,Côte d'Ivoire,ABIDJAN 2,COCODY BINGERVILLE,FACILITY AT LEVEL 4: COCODY BINGERVILLE
fdxtYsa73dN,Côte d'Ivoire,BAFING,KORO,FACILITY AT LEVEL 4: KORO
fe0CfHNRzSV,Côte d'Ivoire,MARAHOUE,BOUAFLE,FACILITY AT LEVEL 4: BOUAFLE
FecMChU0Ogi,Côte d'Ivoire,GRANDS PONTS,GRAND-LAHOU,FACILITY AT LEVEL 4: GRAND-LAHOU
feGolnd9TUy,Côte d'Ivoire,MARAHOUE,BOUAFLE,FACILITY AT LEVEL 4: BOUAFLE
fEn2tVTwMeb,Côte d'Ivoire,WORODOUGOU,SEGUELA,FACILITY AT LEVEL 4: SEGUELA
FEozhjPbSm8,Côte d'Ivoire,ABIDJAN 2,TREICHVILLE-MARCORY,FACILITY AT LEVEL 4: TREICHVILLE-MARCORY
FeW1d4AbrjD,Côte d'Ivoire,ABIDJAN 2,COCODY BINGERVILLE,FACILITY AT LEVEL 4: COCODY BINGERVILLE
ffbwAzHSqa2,Côte d'Ivoire,AGNEBY-TIASSA,TIASSALE,FACILITY AT LEVEL 4: TIASSALE
fFe3syfwZcb,Côte d'Ivoire,ABIDJAN 2,COCODY BINGERVILLE,FACILITY AT LEVEL 4: COCODY BINGERVILLE
fFuBunxNene,Côte d'Ivoire,GONTOUGO,KOUN-FAO,FACILITY AT LEVEL 4: KOUN-FAO
fFXEYa60KJs,Côte d'Ivoire,LÔH-DJIBOUA,LAKOTA,FACILITY AT LEVEL 4: LAKOTA
FGfBgfSgtU1,Côte d'Ivoire,HAUT SASSANDRA,VAVOUA,FACILITY AT LEVEL 4: VAVOUA
fgFfr3X0YEK,Côte d'Ivoire,MARAHOUE,BOUAFLE,FACILITY AT LEVEL 4: BOUAFLE
fgFHcyio9YQ,Côte d'Ivoire,HAUT SASSANDRA,DALOA,FACILITY AT LEVEL 4: DALOA
FGFTxdLXjvu,Côte d'Ivoire,GUEMON,DUEKOUE,FACILITY AT LEVEL 4: DUEKOUE
FgHoAGcmrkX,Côte d'Ivoire,BOUNKANI,DOROPO,FACILITY AT LEVEL 4: DOROPO
FGkCmlt2uk0,Côte d'Ivoire,ME,ADZOPE,FACILITY AT LEVEL 4: ADZOPE
fgKV68bmDom,Côte d'Ivoire,TCHOLOGO,FERKESSEDOUGOU,FACILITY AT LEVEL 4: FERKESSEDOUGOU
fhHy06oEixO,Côte d'Ivoire,CAVALLY,BLOLEQUIN,FACILITY AT LEVEL 4: BLOLEQUIN
FHRY3k0wlsE,Côte d'Ivoire,GRANDS PONTS,JACQUEVILLE,FACILITY AT LEVEL 4: JACQUEVILLE
fhw7GnYzt9f,Côte d'Ivoire,GONTOUGO,BONDOUKOU,FACILITY AT LEVEL 4: BONDOUKOU
FHwmVcGuIQk,Côte d'Ivoire,MARAHOUE,ZUENOULA,FACILITY AT LEVEL 4: ZUENOULA
Fhzyc2hDVPT,Côte d'Ivoire,BERE,MANKONO,FACILITY AT LEVEL 4: MANKONO
FiD5fxH9zRE,Côte d'Ivoire,PORO,KORHOGO 1,FACILITY AT LEVEL 4: KORHOGO 1
FifkhjW3KHN,Côte d'Ivoire,ABIDJAN 2,COCODY BINGERVILLE,FACILITY AT LEVEL 4: COCODY BINGERVILLE
fIHGIoUNTPa,Côte d'Ivoire,ABIDJAN 2,TREICHVILLE-MARCORY,FACILITY AT LEVEL 4: TREICHVILLE-MARCORY
FImYs7XZfbz,Côte d'Ivoire,ME,AKOUPE,FACILITY AT LEVEL 4: AKOUPE
fIqfuDPWEhM,Côte d'Ivoire,ABIDJAN 2,COCODY BINGERVILLE,FACILITY AT LEVEL 4: COCODY BINGERVILLE
fiWcdY4wnjJ,Côte d'Ivoire,CAVALLY,GUIGLO,FACILITY AT LEVEL 4: GUIGLO
Fj2cWwnW67W,Côte d'Ivoire,GONTOUGO,BONDOUKOU,FACILITY AT LEVEL 4: BONDOUKOU
Fj3FwFtVPtU,Côte d'Ivoire,GBEKE,SAKASSOU,FACILITY AT LEVEL 4: SAKASSOU
FJ67YZFK0BF,Côte d'Ivoire,SAN PEDRO,TABOU,FACILITY AT LEVEL 4: TABOU
Fj9jDQMcBqf,Côte d'Ivoire,GÔH,GAGNOA 2,FACILITY AT LEVEL 4: GAGNOA 2
Fja9YiCxaGn,Côte d'Ivoire,GUEMON,DUEKOUE,FACILITY AT LEVEL 4: DUEKOUE
FJFaJS52uJ4,Côte d'Ivoire,SUD-COMOE,ABOISSO,FACILITY AT LEVEL 4: ABOISSO
FJoPuR9oVHR,Côte d'Ivoire,ABIDJAN 1,YOPOUGON-OUEST SONGON,FACILITY AT LEVEL 4: YOPOUGON-OUEST SONGON
fjsXLEIXfim,Côte d'Ivoire,GBEKE,BOUAKE-SUD,FACILITY AT LEVEL 4: BOUAKE-SUD
fjUeqXHcZM1,Côte d'Ivoire,GONTOUGO,BONDOUKOU,FACILITY AT LEVEL 4: BONDOUKOU
fk6MDEKeREo,Côte d'Ivoire,ABIDJAN 2,KOUMASSI,FACILITY AT LEVEL 4: KOUMASSI
FkAEqvG9vKo,Côte d'Ivoire,AGNEBY-TIASSA,AGBOVILLE,FACILITY AT LEVEL 4: AGBOVILLE
Fkb6PCvZAkv,Côte d'Ivoire,LÔH-DJIBOUA,DIVO,FACILITY AT LEVEL 4: DIVO
FKfZVr7SBHe,Côte d'Ivoire,BELIER,YAMOUSSOUKRO,FACILITY AT LEVEL 4: YAMOUSSOUKRO
fkggXsPoBkP,Côte d'Ivoire,NAWA,MEAGUI,FACILITY AT LEVEL 4: MEAGUI
fKmn59IPUQk,Côte d'Ivoire,LÔH-DJIBOUA,DIVO,FACILITY AT LEVEL 4: DIVO
FKop2zegFIU,Côte d'Ivoire,GONTOUGO,BONDOUKOU,FACILITY AT LEVEL 4: BONDOUKOU
FkQBzFtJymp,Côte d'Ivoire,ABIDJAN 1,YOPOUGON-EST,FACILITY AT LEVEL 4: YOPOUGON-EST
fKsdOUVTFup,Côte d'Ivoire,SUD-COMOE,GRAND-BASSAM,FACILITY AT LEVEL 4: GRAND-BASSAM
fkt6HkdVOIF,Côte d'Ivoire,CAVALLY,TAI,FACILITY AT LEVEL 4: TAI
fKwbuLhcF2N,Côte d'Ivoire,GRANDS PONTS,DABOU,FACILITY AT LEVEL 4: DABOU
fLJQCVqUZTS,Côte d'Ivoire,BAFING,KORO,FACILITY AT LEVEL 4: KORO
FllWYav6pG0,Côte d'Ivoire,HAMBOL,KATIOLA,FACILITY AT LEVEL 4: KATIOLA
flRjMgUFEzN,Côte d'Ivoire,ABIDJAN 2,COCODY BINGERVILLE,FACILITY AT LEVEL 4: COCODY BINGERVILLE
flSmsD9afAt,Côte d'Ivoire,ME,ALEPE,FACILITY AT LEVEL 4: ALEPE
FM2MVBNbHw6,Côte d'Ivoire,AGNEBY-TIASSA,AGBOVILLE,FACILITY AT LEVEL 4: AGBOVILLE
FM2ZEIAx7eE,Côte d'Ivoire,BELIER,YAMOUSSOUKRO,FACILITY AT LEVEL 4: YAMOUSSOUKRO
FM4W3DA0khf,Côte d'Ivoire,WORODOUGOU,KANI,FACILITY AT LEVEL 4: KANI
fm6Bk63NEN2,Côte d'Ivoire,SUD-COMOE,ABOISSO,FACILITY AT LEVEL 4: ABOISSO
FmdWGryL7z1,Côte d'Ivoire,NAWA,SOUBRE,FACILITY AT LEVEL 4: SOUBRE
FMirgBvrEAq,Côte d'Ivoire,PORO,DIKODOUGOU,FACILITY AT LEVEL 4: DIKODOUGOU
fmJxz7vlEUw,Côte d'Ivoire,GÔH,OUME,FACILITY AT LEVEL 4: OUME
FMqdOhcKtCF,Côte d'Ivoire,TCHOLOGO,FERKESSEDOUGOU,FACILITY AT LEVEL 4: FERKESSEDOUGOU
FMTLXYK8vto,Côte d'Ivoire,IFFOU,PRIKRO,FACILITY AT LEVEL 4: PRIKRO
fMyczldheOH,Côte d'Ivoire,BOUNKANI,BOUNA,FACILITY AT LEVEL 4: BOUNA
fncv2MmkNFs,Côte d'Ivoire,KABADOUGOU,ODIENNE,FACILITY AT LEVEL 4: ODIENNE
FnLNrHP86sm,Côte d'Ivoire,TONKPI,DANANE,FACILITY AT LEVEL 4: DANANE
fnn7xBTE0sO,Côte d'Ivoire,ABIDJAN 1,ABOBO EST,FACILITY AT LEVEL 4: ABOBO EST
Fnndvk0hBPM,Côte d'Ivoire,CAVALLY,BLOLEQUIN,FACILITY AT LEVEL 4: BLOLEQUIN
fnomliaZ2e6,Côte d'Ivoire,LÔH-DJIBOUA,DIVO,FACILITY AT LEVEL 4: DIVO
fNWPolZ9PMP,Côte d'Ivoire,HAUT SASSANDRA,VAVOUA,FACILITY AT LEVEL 4: VAVOUA
FoalpnNhJW0,Côte d'Ivoire,BELIER,YAMOUSSOUKRO,FACILITY AT LEVEL 4: YAMOUSSOUKRO
FoAz5tmFdt0,Côte d'Ivoire,ABIDJAN 1,ANYAMA,FACILITY AT LEVEL 4: ANYAMA
FOEnCJ15qYz,Côte d'Ivoire,ABIDJAN 2,ADJAME-PLATEAU-ATTECOUBE,FACILITY AT LEVEL 4: ADJAME-PLATEAU-ATTECOUBE
FOQCbzsjgbi,Côte d'Ivoire,BAGOUE,BOUNDIALI,FACILITY AT LEVEL 4: BOUNDIALI
fOQjN1X4mAQ,Côte d'Ivoire,AGNEBY-TIASSA,AGBOVILLE,FACILITY AT LEVEL 4: AGBOVILLE
fOQjYxICYPA,Côte d'Ivoire,ABIDJAN 1,YOPOUGON-EST,FACILITY AT LEVEL 4: YOPOUGON-EST
fP2jksq3TLU,Côte d'Ivoire,ABIDJAN 1,YOPOUGON-EST,FACILITY AT LEVEL 4: YOPOUGON-EST
Fp7mrXIFhKM,Côte d'Ivoire,ABIDJAN 2,ADJAME-PLATEAU-ATTECOUBE,FACILITY AT LEVEL 4: ADJAME-PLATEAU-ATTECOUBE
fPHt9VnyhBF,Côte d'Ivoire,FOLON,MINIGNAN,FACILITY AT LEVEL 4: MINIGNAN
FPIeTw3A4Oh,Côte d'Ivoire,TONKPI,ZOUAN-HOUNIEN,FACILITY AT LEVEL 4: ZOUAN-HOUNIEN
fPmlxsOal96,Côte d'Ivoire,AGNEBY-TIASSA,AGBOVILLE,FACILITY AT LEVEL 4: AGBOVILLE
fpoiR6W8HJD,Côte d'Ivoire,FOLON,MINIGNAN,FACILITY AT LEVEL 4: MINIGNAN
FqAfxSzubdy,Côte d'Ivoire,ABIDJAN 1,ABOBO EST,FACILITY AT LEVEL 4: ABOBO EST
FQB5XI5l2fg,Côte d'Ivoire,GONTOUGO,TRANSUA,FACILITY AT LEVEL 4: TRANSUA
fQchTMt926s,Côte d'Ivoire,BOUNKANI,BOUNA,FACILITY AT LEVEL 4: BOUNA
fqFVu2C1enW,Côte d'Ivoire,ABIDJAN 2,KOUMASSI,FACILITY AT LEVEL 4: KOUMASSI
FqGa96f9nrc,Côte d'Ivoire,GÔH,GAGNOA 2,FACILITY AT LEVEL 4: GAGNOA 2
fQkfMcFH0Xk,Côte d'Ivoire,GRANDS PONTS,JACQUEVILLE,FACILITY AT LEVEL 4: JACQUEVILLE
FqKVs7kYJg7,Côte d'Ivoire,SAN PEDRO,TABOU,FACILITY AT LEVEL 4: TABOU
FQs34xcmpUK,Côte d'Ivoire,GBEKE,BEOUMI,FACILITY AT LEVEL 4: BEOUMI
Fqt4AyEJJ3l,Côte d'Ivoire,SUD-COMOE,ABOISSO,FACILITY AT LEVEL 4: ABOISSO
FRaFNpjPG9b,Côte d'Ivoire,ABIDJAN 2,KOUMASSI,FACILITY AT LEVEL 4: KOUMASSI
FRcdDORqJZw,Côte d'Ivoire,HAMBOL,DABAKALA,FACILITY AT LEVEL 4: DABAKALA
fRjipab4tIQ,Côte d'Ivoire,BAGOUE,BOUNDIALI,FACILITY AT LEVEL 4: BOUNDIALI
FRkITWYb9oD,Côte d'Ivoire,BAGOUE,KOUTO,FACILITY AT LEVEL 4: KOUTO
fRl8y3brzNs,Côte d'Ivoire,BELIER,TIEBISSOU,FACILITY AT LEVEL 4: TIEBISSOU
FrmnHp1CyjR,Côte d'Ivoire,BELIER,YAMOUSSOUKRO,FACILITY AT LEVEL 4: YAMOUSSOUKRO
frORonslTLE,Côte d'Ivoire,GBEKE,BOUAKE NORD-OUEST,FACILITY AT LEVEL 4: BOUAKE NORD-OUEST
froW8QOIDrm,Côte d'Ivoire,LÔH-DJIBOUA,DIVO,FACILITY AT LEVEL 4: DIVO
FRr5D0NPON7,Côte d'Ivoire,AGNEBY-TIASSA,TIASSALE,FACILITY AT LEVEL 4: TIASSALE
FRtRpm3w3Ok,Côte d'Ivoire,ABIDJAN 2,COCODY BINGERVILLE,FACILITY AT LEVEL 4: COCODY BINGERVILLE
FsFd5YWwfkP,Côte d'Ivoire,ABIDJAN 2,ADJAME-PLATEAU-ATTECOUBE,FACILITY AT LEVEL 4: ADJAME-PLATEAU-ATTECOUBE
qyJQhrfUdYJ,Côte d'Ivoire,TONKPI,MAN,FACILITY AT LEVEL 4: MAN
FsiZ3vyKiAU,Côte d'Ivoire,GUEMON,BANGOLO,FACILITY AT LEVEL 4: BANGOLO
FsnEkhQl7AX,Côte d'Ivoire,MARAHOUE,BOUAFLE,FACILITY AT LEVEL 4: BOUAFLE
FsNU4Q70U3r,Côte d'Ivoire,AGNEBY-TIASSA,TIASSALE,FACILITY AT LEVEL 4: TIASSALE
fSODnfnThKt,Côte d'Ivoire,PORO,KORHOGO 1,FACILITY AT LEVEL 4: KORHOGO 1
FsPHdw5CkZI,Côte d'Ivoire,INDENIE-DUABLIN,ABENGOUROU,FACILITY AT LEVEL 4: ABENGOUROU
fspUWQx17AT,Côte d'Ivoire,WORODOUGOU,SEGUELA,FACILITY AT LEVEL 4: SEGUELA
FSRiJnKFtQJ,Côte d'Ivoire,SUD-COMOE,ABOISSO,FACILITY AT LEVEL 4: ABOISSO
FSZAIN7HTQN,Côte d'Ivoire,ABIDJAN 1,YOPOUGON-EST,FACILITY AT LEVEL 4: YOPOUGON-EST
FSzvKuWP4eS,Côte d'Ivoire,ABIDJAN 1,YOPOUGON-OUEST SONGON,FACILITY AT LEVEL 4: YOPOUGON-OUEST SONGON
FTkiqazls6I,Côte d'Ivoire,ABIDJAN 2,COCODY BINGERVILLE,FACILITY AT LEVEL 4: COCODY BINGERVILLE
FTqS0LRJt5Q,Côte d'Ivoire,FOLON,MINIGNAN,FACILITY AT LEVEL 4: MINIGNAN
FU4DdzThwiC,Côte d'Ivoire,N'ZI,DIMBOKRO,FACILITY AT LEVEL 4: DIMBOKRO
Fu6V7CVnikU,Côte d'Ivoire,INDENIE-DUABLIN,BETTIE,FACILITY AT LEVEL 4: BETTIE
fu9kNd9t1pB,Côte d'Ivoire,ABIDJAN 2,COCODY BINGERVILLE,FACILITY AT LEVEL 4: COCODY BINGERVILLE
Fu9vow7WzeY,Côte d'Ivoire,HAUT SASSANDRA,DALOA,FACILITY AT LEVEL 4: DALOA
FuJQwLEmDzn,Côte d'Ivoire,ABIDJAN 2,COCODY BINGERVILLE,FACILITY AT LEVEL 4: COCODY BINGERVILLE
funzKZ2xYgf,Côte d'Ivoire,HAUT SASSANDRA,DALOA,FACILITY AT LEVEL 4: DALOA
FuPzTiQ3trQ,Côte d'Ivoire,PORO,KORHOGO 2,FACILITY AT LEVEL 4: KORHOGO 2
FV03hgATQ2H,Côte d'Ivoire,HAMBOL,DABAKALA,FACILITY AT LEVEL 4: DABAKALA
fvbZsIWC5PZ,Côte d'Ivoire,HAMBOL,DABAKALA,FACILITY AT LEVEL 4: DABAKALA
FVflWKHD6Ma,Côte d'Ivoire,BELIER,DIDIEVI,FACILITY AT LEVEL 4: DIDIEVI
FvlL9KrAuYY,Côte d'Ivoire,NAWA,SOUBRE,FACILITY AT LEVEL 4: SOUBRE
Fvvv5R07GuP,Côte d'Ivoire,BAGOUE,TENGRELA,FACILITY AT LEVEL 4: TENGRELA
fVXspSayPsp,Côte d'Ivoire,HAUT SASSANDRA,DALOA,FACILITY AT LEVEL 4: DALOA
fw4OoFDD8ik,Côte d'Ivoire,GBEKE,BOUAKE-SUD,FACILITY AT LEVEL 4: BOUAKE-SUD
fW8nG9cTyth,Côte d'Ivoire,ABIDJAN 2,COCODY BINGERVILLE,FACILITY AT LEVEL 4: COCODY BINGERVILLE
FWFtgkFuk92,Côte d'Ivoire,GÔH,GAGNOA 2,FACILITY AT LEVEL 4: GAGNOA 2
fwOsBKgfVi7,Côte d'Ivoire,GÔH,GAGNOA 1,FACILITY AT LEVEL 4: GAGNOA 1
fWul3JFIVdF,Côte d'Ivoire,BELIER,TOUMODI,FACILITY AT LEVEL 4: TOUMODI
fWzvQtKZThS,Côte d'Ivoire,ABIDJAN 2,ADJAME-PLATEAU-ATTECOUBE,FACILITY AT LEVEL 4: ADJAME-PLATEAU-ATTECOUBE
fXOca0kyjxj,Côte d'Ivoire,N'ZI,BOCANDA,FACILITY AT LEVEL 4: BOCANDA
FxosHxc7t87,Côte d'Ivoire,GBEKE,BOTRO,FACILITY AT LEVEL 4: BOTRO
FxqBJWy8Pce,Côte d'Ivoire,CAVALLY,TOULEPLEU,FACILITY AT LEVEL 4: TOULEPLEU
FxuIRbiZ4hV,Côte d'Ivoire,HAUT SASSANDRA,VAVOUA,FACILITY AT LEVEL 4: VAVOUA
fxZnHPMbzbM,Côte d'Ivoire,MORONOU,BONGOUANOU,FACILITY AT LEVEL 4: BONGOUANOU
FY2qVVrSdRW,Côte d'Ivoire,GRANDS PONTS,GRAND-LAHOU,FACILITY AT LEVEL 4: GRAND-LAHOU
FYb8uswU4Yv,Côte d'Ivoire,GONTOUGO,KOUN-FAO,FACILITY AT LEVEL 4: KOUN-FAO
FyCdn8kgKTc,Côte d'Ivoire,AGNEBY-TIASSA,TIASSALE,FACILITY AT LEVEL 4: TIASSALE
FYknVPR8kUy,Côte d'Ivoire,ABIDJAN 2,KOUMASSI,FACILITY AT LEVEL 4: KOUMASSI
fYozk8EEYoJ,Côte d'Ivoire,ABIDJAN 2,COCODY BINGERVILLE,FACILITY AT LEVEL 4: COCODY BINGERVILLE
fyrVG90gRSN,Côte d'Ivoire,HAUT SASSANDRA,ISSIA,FACILITY AT LEVEL 4: ISSIA
fz3mmw8l3nP,Côte d'Ivoire,AGNEBY-TIASSA,AGBOVILLE,FACILITY AT LEVEL 4: AGBOVILLE
Fzrs73LOOIW,Côte d'Ivoire,NAWA,MEAGUI,FACILITY AT LEVEL 4: MEAGUI
g0MpCfAFokB,Côte d'Ivoire,AGNEBY-TIASSA,TIASSALE,FACILITY AT LEVEL 4: TIASSALE
G0ywuTVnvoj,Côte d'Ivoire,IFFOU,MBAHIAKRO,FACILITY AT LEVEL 4: MBAHIAKRO
G1JxzBEMux1,Côte d'Ivoire,NAWA,BUYO,FACILITY AT LEVEL 4: BUYO
G27Vr01Gifm,Côte d'Ivoire,GBEKE,BOUAKE-SUD,FACILITY AT LEVEL 4: BOUAKE-SUD
G292e2ihWrT,Côte d'Ivoire,ABIDJAN 2,TREICHVILLE-MARCORY,FACILITY AT LEVEL 4: TREICHVILLE-MARCORY
g2A1rz16678,Côte d'Ivoire,BERE,DIANRA,FACILITY AT LEVEL 4: DIANRA
g2EeoUScEzu,Côte d'Ivoire,ABIDJAN 2,ADJAME-PLATEAU-ATTECOUBE,FACILITY AT LEVEL 4: ADJAME-PLATEAU-ATTECOUBE
G2iJIO7xlmG,Côte d'Ivoire,GONTOUGO,TRANSUA,FACILITY AT LEVEL 4: TRANSUA
G33Onfnan3c,Côte d'Ivoire,N'ZI,BOCANDA,FACILITY AT LEVEL 4: BOCANDA
g33QmHY8zoz,Côte d'Ivoire,ABIDJAN 2,COCODY BINGERVILLE,FACILITY AT LEVEL 4: COCODY BINGERVILLE
g3AMPfZ7ZiD,Côte d'Ivoire,IFFOU,PRIKRO,FACILITY AT LEVEL 4: PRIKRO
G3TTx3HOIZu,Côte d'Ivoire,SUD-COMOE,ABOISSO,FACILITY AT LEVEL 4: ABOISSO
G40fSqX77Fu,Côte d'Ivoire,ABIDJAN 2,TREICHVILLE-MARCORY,FACILITY AT LEVEL 4: TREICHVILLE-MARCORY
g4BofTdqaGb,Côte d'Ivoire,GBEKE,BOUAKE NORD-OUEST,FACILITY AT LEVEL 4: BOUAKE NORD-OUEST
G4gQTpQSi9s,Côte d'Ivoire,ABIDJAN 1,YOPOUGON-EST,FACILITY AT LEVEL 4: YOPOUGON-EST
g4GS30X0oz7,Côte d'Ivoire,ABIDJAN 1,YOPOUGON-EST,FACILITY AT LEVEL 4: YOPOUGON-EST
g4l0cfvxBGR,Côte d'Ivoire,GÔH,GAGNOA 1,FACILITY AT LEVEL 4: GAGNOA 1
g4rWlg3FKUP,Côte d'Ivoire,BOUNKANI,DOROPO,FACILITY AT LEVEL 4: DOROPO
G4TOy4yGuFa,Côte d'Ivoire,ABIDJAN 2,TREICHVILLE-MARCORY,FACILITY AT LEVEL 4: TREICHVILLE-MARCORY
G4zxaAFPFPy,Côte d'Ivoire,ABIDJAN 2,COCODY BINGERVILLE,FACILITY AT LEVEL 4: COCODY BINGERVILLE
g5oijWNlrTp,Côte d'Ivoire,MARAHOUE,ZUENOULA,FACILITY AT LEVEL 4: ZUENOULA
G5R2dIcBCoi,Côte d'Ivoire,PORO,KORHOGO 1,FACILITY AT LEVEL 4: KORHOGO 1
g5UC62FBloI,Côte d'Ivoire,GUEMON,DUEKOUE,FACILITY AT LEVEL 4: DUEKOUE
G6q8HBJathN,Côte d'Ivoire,INDENIE-DUABLIN,ABENGOUROU,FACILITY AT LEVEL 4: ABENGOUROU
G6UMfezPqze,Côte d'Ivoire,GBEKE,SAKASSOU,FACILITY AT LEVEL 4: SAKASSOU
g6yoxeEmYrD,Côte d'Ivoire,ABIDJAN 2,ADJAME-PLATEAU-ATTECOUBE,FACILITY AT LEVEL 4: ADJAME-PLATEAU-ATTECOUBE
g704qWV3hEo,Côte d'Ivoire,PORO,KORHOGO 1,FACILITY AT LEVEL 4: KORHOGO 1
G7eJd6nSghG,Côte d'Ivoire,GUEMON,KOUIBLY,FACILITY AT LEVEL 4: KOUIBLY
g7fSaXpPVc5,Côte d'Ivoire,GRANDS PONTS,GRAND-LAHOU,FACILITY AT LEVEL 4: GRAND-LAHOU
g7Ii3FVB1bY,Côte d'Ivoire,ABIDJAN 2,ADJAME-PLATEAU-ATTECOUBE,FACILITY AT LEVEL 4: ADJAME-PLATEAU-ATTECOUBE
g7lwEV8YnDI,Côte d'Ivoire,TONKPI,DANANE,FACILITY AT LEVEL 4: DANANE
g7NtNMbOQl3,Côte d'Ivoire,BAGOUE,KOUTO,FACILITY AT LEVEL 4: KOUTO
g7ZzfTkldFJ,Côte d'Ivoire,ABIDJAN 2,TREICHVILLE-MARCORY,FACILITY AT LEVEL 4: TREICHVILLE-MARCORY
g83vbb5sCuZ,Côte d'Ivoire,ABIDJAN 2,COCODY BINGERVILLE,FACILITY AT LEVEL 4: COCODY BINGERVILLE
G8yK9Bepw42,Côte d'Ivoire,GONTOUGO,TRANSUA,FACILITY AT LEVEL 4: TRANSUA
g9DMxXZouBw,Côte d'Ivoire,ABIDJAN 1,ANYAMA,FACILITY AT LEVEL 4: ANYAMA
g9EPDcDa0Ik,Côte d'Ivoire,ABIDJAN 1,YOPOUGON-OUEST SONGON,FACILITY AT LEVEL 4: YOPOUGON-OUEST SONGON
G9InxHZh8GW,Côte d'Ivoire,ABIDJAN 2,KOUMASSI,FACILITY AT LEVEL 4: KOUMASSI
g9U1ZzdIwch,Côte d'Ivoire,MORONOU,BONGOUANOU,FACILITY AT LEVEL 4: BONGOUANOU
g9VtNdI3MGz,Côte d'Ivoire,GBEKE,BOTRO,FACILITY AT LEVEL 4: BOTRO
G9whWBxuzKi,Côte d'Ivoire,N'ZI,DIMBOKRO,FACILITY AT LEVEL 4: DIMBOKRO
GA1TM835gJW,Côte d'Ivoire,GBEKE,BEOUMI,FACILITY AT LEVEL 4: BEOUMI
gAAkigtY7Cp,Côte d'Ivoire,ABIDJAN 2,PORT-BOUET-VRIDI,FACILITY AT LEVEL 4: PORT-BOUET-VRIDI
GAbOhTpoEMC,Côte d'Ivoire,HAUT SASSANDRA,VAVOUA,FACILITY AT LEVEL 4: VAVOUA
GacrQPaotcj,Côte d'Ivoire,LÔH-DJIBOUA,GUITRY,FACILITY AT LEVEL 4: GUITRY
gAGXJVwvwme,Côte d'Ivoire,GONTOUGO,KOUN-FAO,FACILITY AT LEVEL 4: KOUN-FAO
GAOOSDQWVx3,Côte d'Ivoire,BOUNKANI,BOUNA,FACILITY AT LEVEL 4: BOUNA
gAOWmDrXMFh,Côte d'Ivoire,GRANDS PONTS,DABOU,FACILITY AT LEVEL 4: DABOU
gaVjKyJCbMl,Côte d'Ivoire,LÔH-DJIBOUA,LAKOTA,FACILITY AT LEVEL 4: LAKOTA
gB4GSDPFSJJ,Côte d'Ivoire,ABIDJAN 2,PORT-BOUET-VRIDI,FACILITY AT LEVEL 4: PORT-BOUET-VRIDI
gb7Ezhx1nKZ,Côte d'Ivoire,ABIDJAN 1,ABOBO EST,FACILITY AT LEVEL 4: ABOBO EST
GB9GcIP0RIf,Côte d'Ivoire,GBEKE,BEOUMI,FACILITY AT LEVEL 4: BEOUMI
GbEIMKrTTuA,Côte d'Ivoire,ABIDJAN 2,ADJAME-PLATEAU-ATTECOUBE,FACILITY AT LEVEL 4: ADJAME-PLATEAU-ATTECOUBE
gBKZtuOfCaj,Côte d'Ivoire,ME,ALEPE,FACILITY AT LEVEL 4: ALEPE
gbQ6moBp9qw,Côte d'Ivoire,TONKPI,ZOUAN-HOUNIEN,FACILITY AT LEVEL 4: ZOUAN-HOUNIEN
GBrBjaxhBNU,Côte d'Ivoire,ABIDJAN 1,ABOBO OUEST,FACILITY AT LEVEL 4: ABOBO OUEST
GbWwMrFFYRt,Côte d'Ivoire,ME,AKOUPE,FACILITY AT LEVEL 4: AKOUPE
gcsKpK1l9eZ,Côte d'Ivoire,AGNEBY-TIASSA,AGBOVILLE,FACILITY AT LEVEL 4: AGBOVILLE
GctUcPvX5im,Côte d'Ivoire,PORO,SINEMATIALI,FACILITY AT LEVEL 4: SINEMATIALI
gcu9hp4NRUe,Côte d'Ivoire,ABIDJAN 2,TREICHVILLE-MARCORY,FACILITY AT LEVEL 4: TREICHVILLE-MARCORY
GCxQySHWl0s,Côte d'Ivoire,HAUT SASSANDRA,VAVOUA,FACILITY AT LEVEL 4: VAVOUA
gcxxMvTpZGH,Côte d'Ivoire,NAWA,MEAGUI,FACILITY AT LEVEL 4: MEAGUI
gCZOOp0Qjmk,Côte d'Ivoire,BERE,MANKONO,FACILITY AT LEVEL 4: MANKONO
gDHG8qbWpGh,Côte d'Ivoire,SAN PEDRO,SAN-PEDRO,FACILITY AT LEVEL 4: SAN-PEDRO
gDnYtoObXau,Côte d'Ivoire,LÔH-DJIBOUA,DIVO,FACILITY AT LEVEL 4: DIVO
GDpPwohmZR5,Côte d'Ivoire,GBEKE,BEOUMI,FACILITY AT LEVEL 4: BEOUMI
gdu6o6CoXVk,Côte d'Ivoire,GONTOUGO,KOUN-FAO,FACILITY AT LEVEL 4: KOUN-FAO
GEbBu8ALs5H,Côte d'Ivoire,SAN PEDRO,SAN-PEDRO,FACILITY AT LEVEL 4: SAN-PEDRO
geldAQlGhIy,Côte d'Ivoire,BELIER,YAMOUSSOUKRO,FACILITY AT LEVEL 4: YAMOUSSOUKRO
geLsftNOWPO,Côte d'Ivoire,ABIDJAN 2,COCODY BINGERVILLE,FACILITY AT LEVEL 4: COCODY BINGERVILLE
GelVgpRfBP0,Côte d'Ivoire,LÔH-DJIBOUA,LAKOTA,FACILITY AT LEVEL 4: LAKOTA
gErMcWAwDYM,Côte d'Ivoire,TONKPI,DANANE,FACILITY AT LEVEL 4: DANANE
GEzcv3kfDOM,Côte d'Ivoire,TONKPI,MAN,FACILITY AT LEVEL 4: MAN
GfF4Fs6WVHR,Côte d'Ivoire,ABIDJAN 1,ABOBO EST,FACILITY AT LEVEL 4: ABOBO EST
GfjNCGYbhNY,Côte d'Ivoire,ABIDJAN 1,YOPOUGON-OUEST SONGON,FACILITY AT LEVEL 4: YOPOUGON-OUEST SONGON
GfKos5mYzLB,Côte d'Ivoire,BELIER,YAMOUSSOUKRO,FACILITY AT LEVEL 4: YAMOUSSOUKRO
gfnaoSt0egS,Côte d'Ivoire,LÔH-DJIBOUA,GUITRY,FACILITY AT LEVEL 4: GUITRY
GfSPTQGs3kE,Côte d'Ivoire,GRANDS PONTS,GRAND-LAHOU,FACILITY AT LEVEL 4: GRAND-LAHOU
GftPJlsXYya,Côte d'Ivoire,NAWA,SOUBRE,FACILITY AT LEVEL 4: SOUBRE
gfvu6KK2NpQ,Côte d'Ivoire,ABIDJAN 1,YOPOUGON-OUEST SONGON,FACILITY AT LEVEL 4: YOPOUGON-OUEST SONGON
gg0biK4FD2k,Côte d'Ivoire,ABIDJAN 2,ADJAME-PLATEAU-ATTECOUBE,FACILITY AT LEVEL 4: ADJAME-PLATEAU-ATTECOUBE
gg0fYvR9D86,Côte d'Ivoire,TONKPI,MAN,FACILITY AT LEVEL 4: MAN
gG23t6nvaqf,Côte d'Ivoire,INDENIE-DUABLIN,AGNIBILEKROU,FACILITY AT LEVEL 4: AGNIBILEKROU
ggainP3wKRX,Côte d'Ivoire,SUD-COMOE,ABOISSO,FACILITY AT LEVEL 4: ABOISSO
GGBRXgVQRdo,Côte d'Ivoire,PORO,DIKODOUGOU,FACILITY AT LEVEL 4: DIKODOUGOU
gGer4ePXv3N,Côte d'Ivoire,ABIDJAN 2,COCODY BINGERVILLE,FACILITY AT LEVEL 4: COCODY BINGERVILLE
Ggl3if9g6i9,Côte d'Ivoire,MARAHOUE,BOUAFLE,FACILITY AT LEVEL 4: BOUAFLE
ggNeo0tvIvk,Côte d'Ivoire,ABIDJAN 2,PORT-BOUET-VRIDI,FACILITY AT LEVEL 4: PORT-BOUET-VRIDI
GgRMy4zda3j,Côte d'Ivoire,BELIER,YAMOUSSOUKRO,FACILITY AT LEVEL 4: YAMOUSSOUKRO
gGVy5BTlS6g,Côte d'Ivoire,ABIDJAN 2,ADJAME-PLATEAU-ATTECOUBE,FACILITY AT LEVEL 4: ADJAME-PLATEAU-ATTECOUBE
gh0ybckORun,Côte d'Ivoire,GUEMON,BANGOLO,FACILITY AT LEVEL 4: BANGOLO
gh3WpAvKmMV,Côte d'Ivoire,ABIDJAN 1,YOPOUGON-EST,FACILITY AT LEVEL 4: YOPOUGON-EST
uGOpFqowOkm,Côte d'Ivoire,TONKPI,MAN,FACILITY AT LEVEL 4: MAN
gHAhv4Fo97q,Côte d'Ivoire,ABIDJAN 2,COCODY BINGERVILLE,FACILITY AT LEVEL 4: COCODY BINGERVILLE
ghc21GH29F0,Côte d'Ivoire,MORONOU,BONGOUANOU,FACILITY AT LEVEL 4: BONGOUANOU
GHe6aBTeb2X,Côte d'Ivoire,ABIDJAN 1,ABOBO OUEST,FACILITY AT LEVEL 4: ABOBO OUEST
GhIouEeFVtT,Côte d'Ivoire,ABIDJAN 1,YOPOUGON-OUEST SONGON,FACILITY AT LEVEL 4: YOPOUGON-OUEST SONGON
Ghk9YQfpEOW,Côte d'Ivoire,BAFING,TOUBA,FACILITY AT LEVEL 4: TOUBA
GhlGy3E9062,Côte d'Ivoire,AGNEBY-TIASSA,AGBOVILLE,FACILITY AT LEVEL 4: AGBOVILLE
GhlW9JtrxJO,Côte d'Ivoire,SAN PEDRO,SAN-PEDRO,FACILITY AT LEVEL 4: SAN-PEDRO
GHMuykRYMYS,Côte d'Ivoire,TONKPI,ZOUAN-HOUNIEN,FACILITY AT LEVEL 4: ZOUAN-HOUNIEN
GHYY5r0Tbs0,Côte d'Ivoire,ABIDJAN 1,YOPOUGON-OUEST SONGON,FACILITY AT LEVEL 4: YOPOUGON-OUEST SONGON
giBWiBiW1oF,Côte d'Ivoire,ABIDJAN 2,COCODY BINGERVILLE,FACILITY AT LEVEL 4: COCODY BINGERVILLE
gIJls1GgxI7,Côte d'Ivoire,GBOKLE,SASSANDRA,FACILITY AT LEVEL 4: SASSANDRA
gIQNDfSoTMa,Côte d'Ivoire,INDENIE-DUABLIN,ABENGOUROU,FACILITY AT LEVEL 4: ABENGOUROU
GixhLOGj4xL,Côte d'Ivoire,GUEMON,KOUIBLY,FACILITY AT LEVEL 4: KOUIBLY
GJ5FftKqk3D,Côte d'Ivoire,HAMBOL,NIAKARAMADOUGOU,FACILITY AT LEVEL 4: NIAKARAMADOUGOU
GJ73WfsHr5E,Côte d'Ivoire,CAVALLY,BLOLEQUIN,FACILITY AT LEVEL 4: BLOLEQUIN
gjCk9nZSTFV,Côte d'Ivoire,MARAHOUE,SINFRA,FACILITY AT LEVEL 4: SINFRA
gJqN4yvssis,Côte d'Ivoire,HAUT SASSANDRA,VAVOUA,FACILITY AT LEVEL 4: VAVOUA
gjRqy9UoeQM,Côte d'Ivoire,HAUT SASSANDRA,DALOA,FACILITY AT LEVEL 4: DALOA
GjWhpLlbuzG,Côte d'Ivoire,GBEKE,BOUAKE NORD-OUEST,FACILITY AT LEVEL 4: BOUAKE NORD-OUEST
gjZomZtd4HD,Côte d'Ivoire,IFFOU,DAOUKRO,FACILITY AT LEVEL 4: DAOUKRO
gK7uGTVqT4I,Côte d'Ivoire,SUD-COMOE,TIAPOUM,FACILITY AT LEVEL 4: TIAPOUM
GKbl7tNClTE,Côte d'Ivoire,PORO,M'BENGUE,FACILITY AT LEVEL 4: M'BENGUE
GKs8hLomBsy,Côte d'Ivoire,NAWA,BUYO,FACILITY AT LEVEL 4: BUYO
GKVWmTPr4mC,Côte d'Ivoire,ABIDJAN 2,KOUMASSI,FACILITY AT LEVEL 4: KOUMASSI
GKxUHWGuzYw,Côte d'Ivoire,KABADOUGOU,ODIENNE,FACILITY AT LEVEL 4: ODIENNE
glapnnHyWQY,Côte d'Ivoire,ABIDJAN 2,PORT-BOUET-VRIDI,FACILITY AT LEVEL 4: PORT-BOUET-VRIDI
GleytW6pJ57,Côte d'Ivoire,BERE,DIANRA,FACILITY AT LEVEL 4: DIANRA
GLfgZFkBeYm,Côte d'Ivoire,TCHOLOGO,KONG,FACILITY AT LEVEL 4: KONG
GLhYhUohjLc,Côte d'Ivoire,ABIDJAN 2,ADJAME-PLATEAU-ATTECOUBE,FACILITY AT LEVEL 4: ADJAME-PLATEAU-ATTECOUBE
GLk81xg74p4,Côte d'Ivoire,N'ZI,BOCANDA,FACILITY AT LEVEL 4: BOCANDA
gloKYzVT67e,Côte d'Ivoire,ABIDJAN 1,ABOBO EST,FACILITY AT LEVEL 4: ABOBO EST
GLppjdUQswj,Côte d'Ivoire,ABIDJAN 2,COCODY BINGERVILLE,FACILITY AT LEVEL 4: COCODY BINGERVILLE
gLpZOjx1xOd,Côte d'Ivoire,HAUT SASSANDRA,DALOA,FACILITY AT LEVEL 4: DALOA
GLTudsmGrhW,Côte d'Ivoire,ABIDJAN 2,COCODY BINGERVILLE,FACILITY AT LEVEL 4: COCODY BINGERVILLE
GM1OUpqchFe,Côte d'Ivoire,TONKPI,BIANKOUMA,FACILITY AT LEVEL 4: BIANKOUMA
GMelZ11u0Ny,Côte d'Ivoire,GBEKE,SAKASSOU,FACILITY AT LEVEL 4: SAKASSOU
Gn7XMx9P7E8,Côte d'Ivoire,GÔH,GAGNOA 1,FACILITY AT LEVEL 4: GAGNOA 1
gN8JsT7l3EV,Côte d'Ivoire,NAWA,GUEYO,FACILITY AT LEVEL 4: GUEYO
Gnb7qSC1gcX,Côte d'Ivoire,ABIDJAN 1,ANYAMA,FACILITY AT LEVEL 4: ANYAMA
gnbU5f5CM08,Côte d'Ivoire,NAWA,BUYO,FACILITY AT LEVEL 4: BUYO
gNGMFC7HN1m,Côte d'Ivoire,BAGOUE,TENGRELA,FACILITY AT LEVEL 4: TENGRELA
GnIuAwZ3Ewe,Côte d'Ivoire,ABIDJAN 2,COCODY BINGERVILLE,FACILITY AT LEVEL 4: COCODY BINGERVILLE
Gnpal9QuDgA,Côte d'Ivoire,ABIDJAN 2,ADJAME-PLATEAU-ATTECOUBE,FACILITY AT LEVEL 4: ADJAME-PLATEAU-ATTECOUBE
Gntdd73KTLs,Côte d'Ivoire,IFFOU,DAOUKRO,FACILITY AT LEVEL 4: DAOUKRO
gO8VFUEuL8I,Côte d'Ivoire,CAVALLY,TOULEPLEU,FACILITY AT LEVEL 4: TOULEPLEU
goGBnsehByC,Côte d'Ivoire,GÔH,GAGNOA 1,FACILITY AT LEVEL 4: GAGNOA 1
gOgqOCQYdaC,Côte d'Ivoire,GUEMON,BANGOLO,FACILITY AT LEVEL 4: BANGOLO
gopPki3Td91,Côte d'Ivoire,BERE,KOUNAHIRI,FACILITY AT LEVEL 4: KOUNAHIRI
GouugLO2rmH,Côte d'Ivoire,PORO,KORHOGO 1,FACILITY AT LEVEL 4: KORHOGO 1
gP0YJiWbpx4,Côte d'Ivoire,GONTOUGO,TRANSUA,FACILITY AT LEVEL 4: TRANSUA
gp3DGbCltRS,Côte d'Ivoire,WORODOUGOU,SEGUELA,FACILITY AT LEVEL 4: SEGUELA
GP3WVJClxzX,Côte d'Ivoire,ABIDJAN 2,ADJAME-PLATEAU-ATTECOUBE,FACILITY AT LEVEL 4: ADJAME-PLATEAU-ATTECOUBE
GP4554mI1FD,Côte d'Ivoire,ABIDJAN 2,ADJAME-PLATEAU-ATTECOUBE,FACILITY AT LEVEL 4: ADJAME-PLATEAU-ATTECOUBE
Gp5aAebaSNK,Côte d'Ivoire,BAFING,TOUBA,FACILITY AT LEVEL 4: TOUBA
GpbNBF6zLVo,Côte d'Ivoire,ABIDJAN 2,PORT-BOUET-VRIDI,FACILITY AT LEVEL 4: PORT-BOUET-VRIDI
gPfUHBl1o6J,Côte d'Ivoire,LÔH-DJIBOUA,DIVO,FACILITY AT LEVEL 4: DIVO
gPKC3fPPvf4,Côte d'Ivoire,TONKPI,BIANKOUMA,FACILITY AT LEVEL 4: BIANKOUMA
GpN3PRaHG4f,Côte d'Ivoire,PORO,KORHOGO 1,FACILITY AT LEVEL 4: KORHOGO 1
GPR07SjIMNl,Côte d'Ivoire,BELIER,TOUMODI,FACILITY AT LEVEL 4: TOUMODI
gPR1x4RGbru,Côte d'Ivoire,AGNEBY-TIASSA,AGBOVILLE,FACILITY AT LEVEL 4: AGBOVILLE
gptsRw8TEao,Côte d'Ivoire,ABIDJAN 2,COCODY BINGERVILLE,FACILITY AT LEVEL 4: COCODY BINGERVILLE
gPYWu6L0Cow,Côte d'Ivoire,ABIDJAN 2,COCODY BINGERVILLE,FACILITY AT LEVEL 4: COCODY BINGERVILLE
GQcGWobVYc4,Côte d'Ivoire,LÔH-DJIBOUA,DIVO,FACILITY AT LEVEL 4: DIVO
gqEGIDiISfS,Côte d'Ivoire,N'ZI,BOCANDA,FACILITY AT LEVEL 4: BOCANDA
GQGH3lcRVfr,Côte d'Ivoire,BELIER,YAMOUSSOUKRO,FACILITY AT LEVEL 4: YAMOUSSOUKRO
GqgJjc3pRIM,Côte d'Ivoire,N'ZI,DIMBOKRO,FACILITY AT LEVEL 4: DIMBOKRO
gqHLYogaSeX,Côte d'Ivoire,ABIDJAN 1,YOPOUGON-OUEST SONGON,FACILITY AT LEVEL 4: YOPOUGON-OUEST SONGON
gQjEW99U7uP,Côte d'Ivoire,ABIDJAN 2,ADJAME-PLATEAU-ATTECOUBE,FACILITY AT LEVEL 4: ADJAME-PLATEAU-ATTECOUBE
GQK9szMIEdI,Côte d'Ivoire,GRANDS PONTS,DABOU,FACILITY AT LEVEL 4: DABOU
gQlTqZ9E5K5,Côte d'Ivoire,ABIDJAN 1,YOPOUGON-OUEST SONGON,FACILITY AT LEVEL 4: YOPOUGON-OUEST SONGON
gQO4V0DkLWt,Côte d'Ivoire,ABIDJAN 1,YOPOUGON-OUEST SONGON,FACILITY AT LEVEL 4: YOPOUGON-OUEST SONGON
GQr1SE7MPQp,Côte d'Ivoire,ME,AKOUPE,FACILITY AT LEVEL 4: AKOUPE
gqtzCpBxN3w,Côte d'Ivoire,TCHOLOGO,OUANGOLODOUGOU,FACILITY AT LEVEL 4: OUANGOLODOUGOU
gRCMHL4Kd0n,Côte d'Ivoire,ABIDJAN 2,ADJAME-PLATEAU-ATTECOUBE,FACILITY AT LEVEL 4: ADJAME-PLATEAU-ATTECOUBE
GrhQXT38WfX,Côte d'Ivoire,GBEKE,BOUAKE-SUD,FACILITY AT LEVEL 4: BOUAKE-SUD
gRMBiIbffxa,Côte d'Ivoire,ABIDJAN 2,KOUMASSI,FACILITY AT LEVEL 4: KOUMASSI
gROaNI9lqxf,Côte d'Ivoire,NAWA,SOUBRE,FACILITY AT LEVEL 4: SOUBRE
grptjri0p7M,Côte d'Ivoire,ABIDJAN 1,YOPOUGON-EST,FACILITY AT LEVEL 4: YOPOUGON-EST
grqb8xgLgHX,Côte d'Ivoire,INDENIE-DUABLIN,ABENGOUROU,FACILITY AT LEVEL 4: ABENGOUROU
GrwBI6ePkhI,Côte d'Ivoire,GUEMON,BANGOLO,FACILITY AT LEVEL 4: BANGOLO
gSe2VsLMeAK,Côte d'Ivoire,BELIER,YAMOUSSOUKRO,FACILITY AT LEVEL 4: YAMOUSSOUKRO
Gsnp20ValtV,Côte d'Ivoire,ABIDJAN 2,COCODY BINGERVILLE,FACILITY AT LEVEL 4: COCODY BINGERVILLE
gSx4huZ8orw,Côte d'Ivoire,CAVALLY,GUIGLO,FACILITY AT LEVEL 4: GUIGLO
Gt9rJxzdcdE,Côte d'Ivoire,MARAHOUE,SINFRA,FACILITY AT LEVEL 4: SINFRA
GtaCZD3yCo8,Côte d'Ivoire,ABIDJAN 1,ABOBO EST,FACILITY AT LEVEL 4: ABOBO EST
GtDYFKHPx1g,Côte d'Ivoire,CAVALLY,GUIGLO,FACILITY AT LEVEL 4: GUIGLO
gthKGm1k54k,Côte d'Ivoire,MARAHOUE,ZUENOULA,FACILITY AT LEVEL 4: ZUENOULA
GtLzpDgKnQ2,Côte d'Ivoire,ABIDJAN 1,ABOBO OUEST,FACILITY AT LEVEL 4: ABOBO OUEST
GTm8GEXKOsw,Côte d'Ivoire,GÔH,GAGNOA 2,FACILITY AT LEVEL 4: GAGNOA 2
GTOQ2d0t0do,Côte d'Ivoire,GRANDS PONTS,JACQUEVILLE,FACILITY AT LEVEL 4: JACQUEVILLE
gtsQXHLGam2,Côte d'Ivoire,SAN PEDRO,SAN-PEDRO,FACILITY AT LEVEL 4: SAN-PEDRO
gttsaXD4n1u,Côte d'Ivoire,GBEKE,SAKASSOU,FACILITY AT LEVEL 4: SAKASSOU
gtVH50VhokD,Côte d'Ivoire,ABIDJAN 2,KOUMASSI,FACILITY AT LEVEL 4: KOUMASSI
gtz3H5ccKZp,Côte d'Ivoire,PORO,KORHOGO 1,FACILITY AT LEVEL 4: KORHOGO 1
GU90uRWJ5au,Côte d'Ivoire,LÔH-DJIBOUA,DIVO,FACILITY AT LEVEL 4: DIVO
GUAyHWU9cCu,Côte d'Ivoire,TONKPI,MAN,FACILITY AT LEVEL 4: MAN
guDOChjSGvN,Côte d'Ivoire,TCHOLOGO,FERKESSEDOUGOU,FACILITY AT LEVEL 4: FERKESSEDOUGOU
gufu2RqUmuS,Côte d'Ivoire,FOLON,KANIASSO,FACILITY AT LEVEL 4: KANIASSO
guhl24YzVdM,Côte d'Ivoire,NAWA,MEAGUI,FACILITY AT LEVEL 4: MEAGUI
guhLDWFlbkE,Côte d'Ivoire,ABIDJAN 1,YOPOUGON-EST,FACILITY AT LEVEL 4: YOPOUGON-EST
gui1qghlwvg,Côte d'Ivoire,ABIDJAN 2,KOUMASSI,FACILITY AT LEVEL 4: KOUMASSI
GULEETAmtK3,Côte d'Ivoire,SUD-COMOE,ABOISSO,FACILITY AT LEVEL 4: ABOISSO
GUnP2Zi69UR,Côte d'Ivoire,ABIDJAN 1,ABOBO OUEST,FACILITY AT LEVEL 4: ABOBO OUEST
gunXNgz60Vv,Côte d'Ivoire,AGNEBY-TIASSA,SIKENSI,FACILITY AT LEVEL 4: SIKENSI
guopgKyeKuR,Côte d'Ivoire,ABIDJAN 1,YOPOUGON-OUEST SONGON,FACILITY AT LEVEL 4: YOPOUGON-OUEST SONGON
gupMEWNKQkY,Côte d'Ivoire,ABIDJAN 1,YOPOUGON-OUEST SONGON,FACILITY AT LEVEL 4: YOPOUGON-OUEST SONGON
gUrxduvyA88,Côte d'Ivoire,CAVALLY,GUIGLO,FACILITY AT LEVEL 4: GUIGLO
guWeClpAZ5t,Côte d'Ivoire,BERE,MANKONO,FACILITY AT LEVEL 4: MANKONO
gv6r4BroPVG,Côte d'Ivoire,SAN PEDRO,SAN-PEDRO,FACILITY AT LEVEL 4: SAN-PEDRO
GV9B39jEWVn,Côte d'Ivoire,MARAHOUE,ZUENOULA,FACILITY AT LEVEL 4: ZUENOULA
GvjkTxgxNgP,Côte d'Ivoire,ABIDJAN 2,COCODY BINGERVILLE,FACILITY AT LEVEL 4: COCODY BINGERVILLE
gvxaSgEt9nZ,Côte d'Ivoire,ABIDJAN 1,YOPOUGON-EST,FACILITY AT LEVEL 4: YOPOUGON-EST
gvxZ9YpmK1v,Côte d'Ivoire,SAN PEDRO,SAN-PEDRO,FACILITY AT LEVEL 4: SAN-PEDRO
GwefelosA5C,Côte d'Ivoire,ABIDJAN 1,YOPOUGON-OUEST SONGON,FACILITY AT LEVEL 4: YOPOUGON-OUEST SONGON
GWgBkEZXC02,Côte d'Ivoire,TCHOLOGO,FERKESSEDOUGOU,FACILITY AT LEVEL 4: FERKESSEDOUGOU
GWj3b4sQLMX,Côte d'Ivoire,HAMBOL,DABAKALA,FACILITY AT LEVEL 4: DABAKALA
GWs06XIIOFQ,Côte d'Ivoire,ABIDJAN 2,TREICHVILLE-MARCORY,FACILITY AT LEVEL 4: TREICHVILLE-MARCORY
gWSjWbnFlwI,Côte d'Ivoire,TONKPI,MAN,FACILITY AT LEVEL 4: MAN
gWUVw8ARDEq,Côte d'Ivoire,AGNEBY-TIASSA,AGBOVILLE,FACILITY AT LEVEL 4: AGBOVILLE
GX6LzCzznCy,Côte d'Ivoire,BELIER,YAMOUSSOUKRO,FACILITY AT LEVEL 4: YAMOUSSOUKRO
gXAbBadYQSQ,Côte d'Ivoire,BAGOUE,TENGRELA,FACILITY AT LEVEL 4: TENGRELA
gxLOLoHyHcl,Côte d'Ivoire,MORONOU,BONGOUANOU,FACILITY AT LEVEL 4: BONGOUANOU
GxlQFxpzwUH,Côte d'Ivoire,ABIDJAN 2,COCODY BINGERVILLE,FACILITY AT LEVEL 4: COCODY BINGERVILLE
GxSIHJvaffT,Côte d'Ivoire,KABADOUGOU,MADINANI,FACILITY AT LEVEL 4: MADINANI
gxulIQuIj8A,Côte d'Ivoire,IFFOU,PRIKRO,FACILITY AT LEVEL 4: PRIKRO
GXVaMFxqDME,Côte d'Ivoire,ABIDJAN 1,YOPOUGON-EST,FACILITY AT LEVEL 4: YOPOUGON-EST
Gyb5SWn4tsH,Côte d'Ivoire,BOUNKANI,DOROPO,FACILITY AT LEVEL 4: DOROPO
gyHR69ayCpd,Côte d'Ivoire,GBEKE,BOUAKE-SUD,FACILITY AT LEVEL 4: BOUAKE-SUD
gYkBwYHWcFb,Côte d'Ivoire,NAWA,SOUBRE,FACILITY AT LEVEL 4: SOUBRE
gyNCiFp8sWX,Côte d'Ivoire,BELIER,TOUMODI,FACILITY AT LEVEL 4: TOUMODI
GYpd8O6nqQi,Côte d'Ivoire,INDENIE-DUABLIN,ABENGOUROU,FACILITY AT LEVEL 4: ABENGOUROU
GyREENlrnYq,Côte d'Ivoire,NAWA,SOUBRE,FACILITY AT LEVEL 4: SOUBRE
gyRy8lUJAhO,Côte d'Ivoire,TCHOLOGO,FERKESSEDOUGOU,FACILITY AT LEVEL 4: FERKESSEDOUGOU
Gyv4pyey2Ai,Côte d'Ivoire,HAUT SASSANDRA,ZOUKOUGBEU,FACILITY AT LEVEL 4: ZOUKOUGBEU
gZaCpLQkpeW,Côte d'Ivoire,HAUT SASSANDRA,VAVOUA,FACILITY AT LEVEL 4: VAVOUA
Gzbz24sTj8r,Côte d'Ivoire,ABIDJAN 1,YOPOUGON-EST,FACILITY AT LEVEL 4: YOPOUGON-EST
gZhwUZWynkd,Côte d'Ivoire,SUD-COMOE,GRAND-BASSAM,FACILITY AT LEVEL 4: GRAND-BASSAM
gzSlLQ5bfFt,Côte d'Ivoire,ABIDJAN 2,COCODY BINGERVILLE,FACILITY AT LEVEL 4: COCODY BINGERVILLE
gzthwBG4dOm,Côte d'Ivoire,BELIER,YAMOUSSOUKRO,FACILITY AT LEVEL 4: YAMOUSSOUKRO
GZwSA9KjcIL,Côte d'Ivoire,BELIER,DIDIEVI,FACILITY AT LEVEL 4: DIDIEVI
gzx0EOVa47i,Côte d'Ivoire,ABIDJAN 2,COCODY BINGERVILLE,FACILITY AT LEVEL 4: COCODY BINGERVILLE
h0hoCdpArUr,Côte d'Ivoire,ABIDJAN 2,KOUMASSI,FACILITY AT LEVEL 4: KOUMASSI
h0MSld1fn2I,Côte d'Ivoire,GBEKE,BOUAKE-SUD,FACILITY AT LEVEL 4: BOUAKE-SUD
H0vusW98jk7,Côte d'Ivoire,HAUT SASSANDRA,VAVOUA,FACILITY AT LEVEL 4: VAVOUA
h0yeqL8UG60,Côte d'Ivoire,IFFOU,DAOUKRO,FACILITY AT LEVEL 4: DAOUKRO
H0YxIeQuwMM,Côte d'Ivoire,INDENIE-DUABLIN,ABENGOUROU,FACILITY AT LEVEL 4: ABENGOUROU
H1eqz0jQXYd,Côte d'Ivoire,HAUT SASSANDRA,DALOA,FACILITY AT LEVEL 4: DALOA
h2D4Pc8AtLL,Côte d'Ivoire,BELIER,TOUMODI,FACILITY AT LEVEL 4: TOUMODI
H2fn9ca2z8d,Côte d'Ivoire,PORO,KORHOGO 1,FACILITY AT LEVEL 4: KORHOGO 1
H2LR1frzCo4,Côte d'Ivoire,KABADOUGOU,ODIENNE,FACILITY AT LEVEL 4: ODIENNE
h2qqrkjSXo9,Côte d'Ivoire,IFFOU,DAOUKRO,FACILITY AT LEVEL 4: DAOUKRO
h3u3nQFe4sS,Côte d'Ivoire,AGNEBY-TIASSA,TIASSALE,FACILITY AT LEVEL 4: TIASSALE
h3XQxmPnXts,Côte d'Ivoire,BAGOUE,TENGRELA,FACILITY AT LEVEL 4: TENGRELA
H3YmgmVA9zr,Côte d'Ivoire,SAN PEDRO,SAN-PEDRO,FACILITY AT LEVEL 4: SAN-PEDRO
h4CXMgU3olP,Côte d'Ivoire,AGNEBY-TIASSA,TIASSALE,FACILITY AT LEVEL 4: TIASSALE
h4J04kydo7y,Côte d'Ivoire,NAWA,MEAGUI,FACILITY AT LEVEL 4: MEAGUI
H4YKbNXLTWR,Côte d'Ivoire,SAN PEDRO,TABOU,FACILITY AT LEVEL 4: TABOU
h5JSCsy3rPZ,Côte d'Ivoire,ME,ALEPE,FACILITY AT LEVEL 4: ALEPE
H5kqKK3bZMJ,Côte d'Ivoire,NAWA,BUYO,FACILITY AT LEVEL 4: BUYO
h5SFcZt5G1I,Côte d'Ivoire,ABIDJAN 1,YOPOUGON-EST,FACILITY AT LEVEL 4: YOPOUGON-EST
h5SRqGqzQFf,Côte d'Ivoire,ABIDJAN 2,PORT-BOUET-VRIDI,FACILITY AT LEVEL 4: PORT-BOUET-VRIDI
H627AlofZ7M,Côte d'Ivoire,HAUT SASSANDRA,VAVOUA,FACILITY AT LEVEL 4: VAVOUA
h6EBpyeYXQX,Côte d'Ivoire,BAGOUE,BOUNDIALI,FACILITY AT LEVEL 4: BOUNDIALI
H6Li4WMERM7,Côte d'Ivoire,BERE,DIANRA,FACILITY AT LEVEL 4: DIANRA
h6T5MRCT3qW,Côte d'Ivoire,BOUNKANI,BOUNA,FACILITY AT LEVEL 4: BOUNA
h6ZoU1gQKYP,Côte d'Ivoire,IFFOU,MBAHIAKRO,FACILITY AT LEVEL 4: MBAHIAKRO
H74ohnpKiVc,Côte d'Ivoire,BAFING,KORO,FACILITY AT LEVEL 4: KORO
h7diHExBH9j,Côte d'Ivoire,ABIDJAN 1,ANYAMA,FACILITY AT LEVEL 4: ANYAMA
h7eWst0TeIn,Côte d'Ivoire,HAUT SASSANDRA,DALOA,FACILITY AT LEVEL 4: DALOA
H7Lgx7jZlbv,Côte d'Ivoire,ABIDJAN 2,TREICHVILLE-MARCORY,FACILITY AT LEVEL 4: TREICHVILLE-MARCORY
H7sKcZvP9T6,Côte d'Ivoire,PORO,KORHOGO 1,FACILITY AT LEVEL 4: KORHOGO 1
h8V5zVkBgic,Côte d'Ivoire,HAUT SASSANDRA,DALOA,FACILITY AT LEVEL 4: DALOA
h8Y2pqqx4ds,Côte d'Ivoire,ABIDJAN 1,ANYAMA,FACILITY AT LEVEL 4: ANYAMA
H9ayxSSXG0x,Côte d'Ivoire,ABIDJAN 2,TREICHVILLE-MARCORY,FACILITY AT LEVEL 4: TREICHVILLE-MARCORY
h9Dt8E8VyMq,Côte d'Ivoire,LÔH-DJIBOUA,LAKOTA,FACILITY AT LEVEL 4: LAKOTA
h9eIWtxf7st,Côte d'Ivoire,ABIDJAN 2,COCODY BINGERVILLE,FACILITY AT LEVEL 4: COCODY BINGERVILLE
H9GwFXSXFBg,Côte d'Ivoire,TONKPI,ZOUAN-HOUNIEN,FACILITY AT LEVEL 4: ZOUAN-HOUNIEN
hA63ZnXDOcZ,Côte d'Ivoire,SAN PEDRO,SAN-PEDRO,FACILITY AT LEVEL 4: SAN-PEDRO
HaF4efX375K,Côte d'Ivoire,ME,ADZOPE,FACILITY AT LEVEL 4: ADZOPE
haH40EF3fbM,Côte d'Ivoire,SUD-COMOE,TIAPOUM,FACILITY AT LEVEL 4: TIAPOUM
haIMZwBjsJM,Côte d'Ivoire,ABIDJAN 1,YOPOUGON-EST,FACILITY AT LEVEL 4: YOPOUGON-EST
HB2pdBL12sG,Côte d'Ivoire,KABADOUGOU,ODIENNE,FACILITY AT LEVEL 4: ODIENNE
HBhABfmZYjs,Côte d'Ivoire,BAFING,KORO,FACILITY AT LEVEL 4: KORO
hbRI6YtqRhR,Côte d'Ivoire,IFFOU,MBAHIAKRO,FACILITY AT LEVEL 4: MBAHIAKRO
HcAJuXJgLTb,Côte d'Ivoire,ABIDJAN 2,ADJAME-PLATEAU-ATTECOUBE,FACILITY AT LEVEL 4: ADJAME-PLATEAU-ATTECOUBE
hccT4qWTTxb,Côte d'Ivoire,ABIDJAN 2,COCODY BINGERVILLE,FACILITY AT LEVEL 4: COCODY BINGERVILLE
hcGRDG4FAWx,Côte d'Ivoire,BELIER,YAMOUSSOUKRO,FACILITY AT LEVEL 4: YAMOUSSOUKRO
HchLHu47dIl,Côte d'Ivoire,GÔH,GAGNOA 2,FACILITY AT LEVEL 4: GAGNOA 2
hcKmOtGuhit,Côte d'Ivoire,ABIDJAN 2,COCODY BINGERVILLE,FACILITY AT LEVEL 4: COCODY BINGERVILLE
HCoggZyFGoF,Côte d'Ivoire,BOUNKANI,DOROPO,FACILITY AT LEVEL 4: DOROPO
hCRqN3S7mvi,Côte d'Ivoire,GUEMON,DUEKOUE,FACILITY AT LEVEL 4: DUEKOUE
hD90OKY1eqC,Côte d'Ivoire,BOUNKANI,BOUNA,FACILITY AT LEVEL 4: BOUNA
hDkV2cOAIf7,Côte d'Ivoire,ABIDJAN 2,COCODY BINGERVILLE,FACILITY AT LEVEL 4: COCODY BINGERVILLE
hdlaTX6GNBB,Côte d'Ivoire,INDENIE-DUABLIN,ABENGOUROU,FACILITY AT LEVEL 4: ABENGOUROU
HdnSzK7gX4o,Côte d'Ivoire,GBEKE,BOTRO,FACILITY AT LEVEL 4: BOTRO
Hdqc1d7Kmso,Côte d'Ivoire,SUD-COMOE,GRAND-BASSAM,FACILITY AT LEVEL 4: GRAND-BASSAM
hdQYFKD7y2Q,Côte d'Ivoire,PORO,KORHOGO 1,FACILITY AT LEVEL 4: KORHOGO 1
HEiFT8THeHw,Côte d'Ivoire,ABIDJAN 2,TREICHVILLE-MARCORY,FACILITY AT LEVEL 4: TREICHVILLE-MARCORY
hEjuxgJhaZD,Côte d'Ivoire,BOUNKANI,DOROPO,FACILITY AT LEVEL 4: DOROPO
hEl4ttvyGso,Côte d'Ivoire,TCHOLOGO,FERKESSEDOUGOU,FACILITY AT LEVEL 4: FERKESSEDOUGOU
HEM7h0a8RIR,Côte d'Ivoire,ABIDJAN 1,ANYAMA,FACILITY AT LEVEL 4: ANYAMA
HeMdaG5s8nC,Côte d'Ivoire,ABIDJAN 1,YOPOUGON-OUEST SONGON,FACILITY AT LEVEL 4: YOPOUGON-OUEST SONGON
HenrD4pNEqN,Côte d'Ivoire,MARAHOUE,BOUAFLE,FACILITY AT LEVEL 4: BOUAFLE
hesX5Lz2Xy1,Côte d'Ivoire,ABIDJAN 2,TREICHVILLE-MARCORY,FACILITY AT LEVEL 4: TREICHVILLE-MARCORY
HF2U1YQy3NS,Côte d'Ivoire,ABIDJAN 1,ABOBO EST,FACILITY AT LEVEL 4: ABOBO EST
Hf75zeSkQXb,Côte d'Ivoire,MARAHOUE,BOUAFLE,FACILITY AT LEVEL 4: BOUAFLE
hf87Zrxku9R,Côte d'Ivoire,ABIDJAN 2,COCODY BINGERVILLE,FACILITY AT LEVEL 4: COCODY BINGERVILLE
hf8ftHfAMgc,Côte d'Ivoire,TCHOLOGO,OUANGOLODOUGOU,FACILITY AT LEVEL 4: OUANGOLODOUGOU
hFanN2VKvCH,Côte d'Ivoire,NAWA,MEAGUI,FACILITY AT LEVEL 4: MEAGUI
HFbEXzkjTsJ,Côte d'Ivoire,LÔH-DJIBOUA,LAKOTA,FACILITY AT LEVEL 4: LAKOTA
hFD3JSNzlYv,Côte d'Ivoire,GUEMON,DUEKOUE,FACILITY AT LEVEL 4: DUEKOUE
hfdyehtX3KV,Côte d'Ivoire,BAFING,TOUBA,FACILITY AT LEVEL 4: TOUBA
hFi5qBTzzcR,Côte d'Ivoire,SAN PEDRO,SAN-PEDRO,FACILITY AT LEVEL 4: SAN-PEDRO
HFLrPC4Nf6q,Côte d'Ivoire,ABIDJAN 2,KOUMASSI,FACILITY AT LEVEL 4: KOUMASSI
HfM0x6fWUKW,Côte d'Ivoire,HAUT SASSANDRA,VAVOUA,FACILITY AT LEVEL 4: VAVOUA
HfXPzR1TukO,Côte d'Ivoire,ABIDJAN 2,COCODY BINGERVILLE,FACILITY AT LEVEL 4: COCODY BINGERVILLE
hg3ypAkahoO,Côte d'Ivoire,GRANDS PONTS,JACQUEVILLE,FACILITY AT LEVEL 4: JACQUEVILLE
hGalwSiElh2,Côte d'Ivoire,BAGOUE,KOUTO,FACILITY AT LEVEL 4: KOUTO
hgF3CVxWKBs,Côte d'Ivoire,ABIDJAN 1,ABOBO EST,FACILITY AT LEVEL 4: ABOBO EST
HGgfPKXA3nb,Côte d'Ivoire,WORODOUGOU,SEGUELA,FACILITY AT LEVEL 4: SEGUELA
HgHlx5HTSiC,Côte d'Ivoire,ABIDJAN 1,YOPOUGON-OUEST SONGON,FACILITY AT LEVEL 4: YOPOUGON-OUEST SONGON
hgIfb6cXD79,Côte d'Ivoire,ABIDJAN 1,ABOBO EST,FACILITY AT LEVEL 4: ABOBO EST
hgLfYL5bHiG,Côte d'Ivoire,HAMBOL,KATIOLA,FACILITY AT LEVEL 4: KATIOLA
HgQCFkML87Y,Côte d'Ivoire,GBOKLE,SASSANDRA,FACILITY AT LEVEL 4: SASSANDRA
HGRHP1hje1w,Côte d'Ivoire,SAN PEDRO,TABOU,FACILITY AT LEVEL 4: TABOU
hgZtPuU0Sb0,Côte d'Ivoire,HAUT SASSANDRA,ISSIA,FACILITY AT LEVEL 4: ISSIA
hh225P9zLrX,Côte d'Ivoire,TONKPI,DANANE,FACILITY AT LEVEL 4: DANANE
hHbkFHHnGLL,Côte d'Ivoire,BELIER,TIEBISSOU,FACILITY AT LEVEL 4: TIEBISSOU
hhDsCG5fMJZ,Côte d'Ivoire,HAUT SASSANDRA,DALOA,FACILITY AT LEVEL 4: DALOA
hHehz7IW76W,Côte d'Ivoire,GBEKE,BOUAKE NORD-EST,FACILITY AT LEVEL 4: BOUAKE NORD-EST
hhF9Nwg2oy3,Côte d'Ivoire,BOUNKANI,BOUNA,FACILITY AT LEVEL 4: BOUNA
hHkDZW9AaeC,Côte d'Ivoire,PORO,M'BENGUE,FACILITY AT LEVEL 4: M'BENGUE
hHXmoyoH1tP,Côte d'Ivoire,NAWA,MEAGUI,FACILITY AT LEVEL 4: MEAGUI
hI1JTqpFoAw,Côte d'Ivoire,ABIDJAN 1,ABOBO EST,FACILITY AT LEVEL 4: ABOBO EST
hI3aOAKqCtW,Côte d'Ivoire,GONTOUGO,BONDOUKOU,FACILITY AT LEVEL 4: BONDOUKOU
hih7BfD0mPe,Côte d'Ivoire,GRANDS PONTS,DABOU,FACILITY AT LEVEL 4: DABOU
HIQCz6wJx4k,Côte d'Ivoire,GBEKE,BOTRO,FACILITY AT LEVEL 4: BOTRO
hiqIAG8oG1b,Côte d'Ivoire,TONKPI,BIANKOUMA,FACILITY AT LEVEL 4: BIANKOUMA
hIRkjkhZgIg,Côte d'Ivoire,AGNEBY-TIASSA,TIASSALE,FACILITY AT LEVEL 4: TIASSALE
HITLGuItseV,Côte d'Ivoire,GBEKE,SAKASSOU,FACILITY AT LEVEL 4: SAKASSOU
Hix39LJIRc8,Côte d'Ivoire,TONKPI,DANANE,FACILITY AT LEVEL 4: DANANE
HJ6XPsddD52,Côte d'Ivoire,IFFOU,MBAHIAKRO,FACILITY AT LEVEL 4: MBAHIAKRO
HJEIIyE9GdO,Côte d'Ivoire,ABIDJAN 1,YOPOUGON-OUEST SONGON,FACILITY AT LEVEL 4: YOPOUGON-OUEST SONGON
hJrRl1znK7u,Côte d'Ivoire,HAMBOL,KATIOLA,FACILITY AT LEVEL 4: KATIOLA
hJXKU5DTju0,Côte d'Ivoire,BAFING,OUANINOU,FACILITY AT LEVEL 4: OUANINOU
hK5svYdsab4,Côte d'Ivoire,GUEMON,DUEKOUE,FACILITY AT LEVEL 4: DUEKOUE
hkaZh4A0WBo,Côte d'Ivoire,MARAHOUE,SINFRA,FACILITY AT LEVEL 4: SINFRA
hKhN7mvx5qu,Côte d'Ivoire,SUD-COMOE,ABOISSO,FACILITY AT LEVEL 4: ABOISSO
HKld6oFiqhC,Côte d'Ivoire,CAVALLY,BLOLEQUIN,FACILITY AT LEVEL 4: BLOLEQUIN
HKopou9pAB6,Côte d'Ivoire,BELIER,TOUMODI,FACILITY AT LEVEL 4: TOUMODI
HkQgL2oM0g7,Côte d'Ivoire,HAUT SASSANDRA,DALOA,FACILITY AT LEVEL 4: DALOA
hkTonCkfwjc,Côte d'Ivoire,HAMBOL,NIAKARAMADOUGOU,FACILITY AT LEVEL 4: NIAKARAMADOUGOU
hLGRTw9HMzk,Côte d'Ivoire,GBEKE,BOUAKE NORD-EST,FACILITY AT LEVEL 4: BOUAKE NORD-EST
hLioF4sBlne,Côte d'Ivoire,CAVALLY,TOULEPLEU,FACILITY AT LEVEL 4: TOULEPLEU
HljBY2QVY53,Côte d'Ivoire,N'ZI,DIMBOKRO,FACILITY AT LEVEL 4: DIMBOKRO
HluzDcVACRb,Côte d'Ivoire,ABIDJAN 1,YOPOUGON-EST,FACILITY AT LEVEL 4: YOPOUGON-EST
hMdpairzALk,Côte d'Ivoire,TONKPI,ZOUAN-HOUNIEN,FACILITY AT LEVEL 4: ZOUAN-HOUNIEN
HMEN3AsXCdJ,Côte d'Ivoire,AGNEBY-TIASSA,TIASSALE,FACILITY AT LEVEL 4: TIASSALE
HmeNsFNJHJv,Côte d'Ivoire,SUD-COMOE,ADIAKE,FACILITY AT LEVEL 4: ADIAKE
HmFiq6dldEG,Côte d'Ivoire,ABIDJAN 2,KOUMASSI,FACILITY AT LEVEL 4: KOUMASSI
HMl96pTVhtF,Côte d'Ivoire,GBOKLE,FRESCO,FACILITY AT LEVEL 4: FRESCO
HmT4gudRgSw,Côte d'Ivoire,NAWA,GUEYO,FACILITY AT LEVEL 4: GUEYO
hN2OSNX39LH,Côte d'Ivoire,ABIDJAN 1,ABOBO EST,FACILITY AT LEVEL 4: ABOBO EST
HN5nvf9wC7p,Côte d'Ivoire,NAWA,SOUBRE,FACILITY AT LEVEL 4: SOUBRE
hN8TzNcsqEa,Côte d'Ivoire,SAN PEDRO,TABOU,FACILITY AT LEVEL 4: TABOU
hnAcBh8UTrz,Côte d'Ivoire,BAGOUE,KOUTO,FACILITY AT LEVEL 4: KOUTO
HNRYDxjvAQQ,Côte d'Ivoire,NAWA,MEAGUI,FACILITY AT LEVEL 4: MEAGUI
HnttTTAMIt0,Côte d'Ivoire,BAGOUE,BOUNDIALI,FACILITY AT LEVEL 4: BOUNDIALI
HNy62zKvaxq,Côte d'Ivoire,ABIDJAN 1,YOPOUGON-OUEST SONGON,FACILITY AT LEVEL 4: YOPOUGON-OUEST SONGON
hnZfwl2RGFo,Côte d'Ivoire,GBEKE,BOUAKE NORD-OUEST,FACILITY AT LEVEL 4: BOUAKE NORD-OUEST
ho26229Td1I,Côte d'Ivoire,ABIDJAN 2,TREICHVILLE-MARCORY,FACILITY AT LEVEL 4: TREICHVILLE-MARCORY
Hoau0myphXO,Côte d'Ivoire,GONTOUGO,TANDA,FACILITY AT LEVEL 4: TANDA
hOErLhq0tXw,Côte d'Ivoire,LÔH-DJIBOUA,DIVO,FACILITY AT LEVEL 4: DIVO
HopqwnIwX8o,Côte d'Ivoire,GONTOUGO,BONDOUKOU,FACILITY AT LEVEL 4: BONDOUKOU
HP9EFrKSBIi,Côte d'Ivoire,HAUT SASSANDRA,ISSIA,FACILITY AT LEVEL 4: ISSIA
hPcQ9VdJ8Dj,Côte d'Ivoire,ABIDJAN 1,YOPOUGON-OUEST SONGON,FACILITY AT LEVEL 4: YOPOUGON-OUEST SONGON
HpFEce6vxFX,Côte d'Ivoire,CAVALLY,BLOLEQUIN,FACILITY AT LEVEL 4: BLOLEQUIN
hPFZ1G3jGm0,Côte d'Ivoire,ABIDJAN 2,ADJAME-PLATEAU-ATTECOUBE,FACILITY AT LEVEL 4: ADJAME-PLATEAU-ATTECOUBE
hPHBEamfR9r,Côte d'Ivoire,GBEKE,BOUAKE-SUD,FACILITY AT LEVEL 4: BOUAKE-SUD
hPL3DXfnJQs,Côte d'Ivoire,SAN PEDRO,TABOU,FACILITY AT LEVEL 4: TABOU
hQ572oBgJMj,Côte d'Ivoire,ABIDJAN 1,ABOBO EST,FACILITY AT LEVEL 4: ABOBO EST
HqhPgCS65Jh,Côte d'Ivoire,SUD-COMOE,ABOISSO,FACILITY AT LEVEL 4: ABOISSO
hqjyNM9rNFN,Côte d'Ivoire,GÔH,GAGNOA 1,FACILITY AT LEVEL 4: GAGNOA 1
HqsTYTI4rwv,Côte d'Ivoire,IFFOU,DAOUKRO,FACILITY AT LEVEL 4: DAOUKRO
hqviaQexnU7,Côte d'Ivoire,INDENIE-DUABLIN,AGNIBILEKROU,FACILITY AT LEVEL 4: AGNIBILEKROU
hqvkeW5QBOJ,Côte d'Ivoire,GBEKE,SAKASSOU,FACILITY AT LEVEL 4: SAKASSOU
HQZlmaKG8W5,Côte d'Ivoire,ABIDJAN 2,COCODY BINGERVILLE,FACILITY AT LEVEL 4: COCODY BINGERVILLE
HQZrTUPppNA,Côte d'Ivoire,BOUNKANI,DOROPO,FACILITY AT LEVEL 4: DOROPO
HRBg9rjmgNb,Côte d'Ivoire,PORO,SINEMATIALI,FACILITY AT LEVEL 4: SINEMATIALI
HRHahg3o1yJ,Côte d'Ivoire,TONKPI,ZOUAN-HOUNIEN,FACILITY AT LEVEL 4: ZOUAN-HOUNIEN
hRnFyAxbVSu,Côte d'Ivoire,TONKPI,BIANKOUMA,FACILITY AT LEVEL 4: BIANKOUMA
hRsy4L78Rht,Côte d'Ivoire,ABIDJAN 1,ANYAMA,FACILITY AT LEVEL 4: ANYAMA
HrzvYz8IOSC,Côte d'Ivoire,ABIDJAN 1,ABOBO OUEST,FACILITY AT LEVEL 4: ABOBO OUEST
hs0twOPvOPk,Côte d'Ivoire,ABIDJAN 2,COCODY BINGERVILLE,FACILITY AT LEVEL 4: COCODY BINGERVILLE
hS0uizbmGiV,Côte d'Ivoire,ABIDJAN 2,PORT-BOUET-VRIDI,FACILITY AT LEVEL 4: PORT-BOUET-VRIDI
HsB3ex0EMbb,Côte d'Ivoire,GONTOUGO,BONDOUKOU,FACILITY AT LEVEL 4: BONDOUKOU
hSKG7zZ4ULB,Côte d'Ivoire,GRANDS PONTS,GRAND-LAHOU,FACILITY AT LEVEL 4: GRAND-LAHOU
hskJrToJM6X,Côte d'Ivoire,SAN PEDRO,TABOU,FACILITY AT LEVEL 4: TABOU
HsMdtxqPGFK,Côte d'Ivoire,BERE,MANKONO,FACILITY AT LEVEL 4: MANKONO
HsOknZ4iqQk,Côte d'Ivoire,BOUNKANI,BOUNA,FACILITY AT LEVEL 4: BOUNA
hSQTa9g0tAX,Côte d'Ivoire,N'ZI,DIMBOKRO,FACILITY AT LEVEL 4: DIMBOKRO
HsvbqRnMox0,Côte d'Ivoire,GRANDS PONTS,JACQUEVILLE,FACILITY AT LEVEL 4: JACQUEVILLE
hSvCtdQdBWW,Côte d'Ivoire,ABIDJAN 2,ADJAME-PLATEAU-ATTECOUBE,FACILITY AT LEVEL 4: ADJAME-PLATEAU-ATTECOUBE
HSW6jjRtxPc,Côte d'Ivoire,TCHOLOGO,FERKESSEDOUGOU,FACILITY AT LEVEL 4: FERKESSEDOUGOU
HT5fvEbXC77,Côte d'Ivoire,INDENIE-DUABLIN,ABENGOUROU,FACILITY AT LEVEL 4: ABENGOUROU
HtaEyk8HLgQ,Côte d'Ivoire,ABIDJAN 2,KOUMASSI,FACILITY AT LEVEL 4: KOUMASSI
HtBpfusot9i,Côte d'Ivoire,ABIDJAN 1,ABOBO EST,FACILITY AT LEVEL 4: ABOBO EST
htg6mW4qgC1,Côte d'Ivoire,TCHOLOGO,FERKESSEDOUGOU,FACILITY AT LEVEL 4: FERKESSEDOUGOU
hTGfkdOpNbh,Côte d'Ivoire,GBEKE,BOUAKE-SUD,FACILITY AT LEVEL 4: BOUAKE-SUD
hthnzTA9QEz,Côte d'Ivoire,MARAHOUE,BOUAFLE,FACILITY AT LEVEL 4: BOUAFLE
HTHtVHpKMaa,Côte d'Ivoire,FOLON,MINIGNAN,FACILITY AT LEVEL 4: MINIGNAN
hToFFo5ic7E,Côte d'Ivoire,ABIDJAN 2,TREICHVILLE-MARCORY,FACILITY AT LEVEL 4: TREICHVILLE-MARCORY
HTRE697c9L2,Côte d'Ivoire,IFFOU,MBAHIAKRO,FACILITY AT LEVEL 4: MBAHIAKRO
HtwlAiuRCzl,Côte d'Ivoire,BAFING,TOUBA,FACILITY AT LEVEL 4: TOUBA
hu2f11B2GJS,Côte d'Ivoire,ABIDJAN 1,ANYAMA,FACILITY AT LEVEL 4: ANYAMA
HU8MysAwDlL,Côte d'Ivoire,ABIDJAN 2,TREICHVILLE-MARCORY,FACILITY AT LEVEL 4: TREICHVILLE-MARCORY
huf8ceU9WYg,Côte d'Ivoire,ABIDJAN 2,PORT-BOUET-VRIDI,FACILITY AT LEVEL 4: PORT-BOUET-VRIDI
hv3AKXi9b2R,Côte d'Ivoire,NAWA,SOUBRE,FACILITY AT LEVEL 4: SOUBRE
HV92lBe6UDe,Côte d'Ivoire,ABIDJAN 1,ABOBO EST,FACILITY AT LEVEL 4: ABOBO EST
hVNQwYNal1w,Côte d'Ivoire,BOUNKANI,DOROPO,FACILITY AT LEVEL 4: DOROPO
hvp3geX4FVn,Côte d'Ivoire,HAUT SASSANDRA,ISSIA,FACILITY AT LEVEL 4: ISSIA
HvUbAtIkq4x,Côte d'Ivoire,LÔH-DJIBOUA,GUITRY,FACILITY AT LEVEL 4: GUITRY
hVYSiKuRAVo,Côte d'Ivoire,GRANDS PONTS,DABOU,FACILITY AT LEVEL 4: DABOU
hvzlCxhEjrm,Côte d'Ivoire,ABIDJAN 2,COCODY BINGERVILLE,FACILITY AT LEVEL 4: COCODY BINGERVILLE
HW0q9Ootovw,Côte d'Ivoire,WORODOUGOU,SEGUELA,FACILITY AT LEVEL 4: SEGUELA
Hw1gDxNAYDL,Côte d'Ivoire,NAWA,SOUBRE,FACILITY AT LEVEL 4: SOUBRE
hwb4jbz5M6H,Côte d'Ivoire,GBEKE,BOTRO,FACILITY AT LEVEL 4: BOTRO
hwntxYzze39,Côte d'Ivoire,BELIER,DIDIEVI,FACILITY AT LEVEL 4: DIDIEVI
hwOAP8MEMW1,Côte d'Ivoire,NAWA,GUEYO,FACILITY AT LEVEL 4: GUEYO
HwzGY2GhuNl,Côte d'Ivoire,ABIDJAN 1,ABOBO EST,FACILITY AT LEVEL 4: ABOBO EST
hwzx6HWLaub,Côte d'Ivoire,ABIDJAN 2,COCODY BINGERVILLE,FACILITY AT LEVEL 4: COCODY BINGERVILLE
hx3BYK2THta,Côte d'Ivoire,LÔH-DJIBOUA,GUITRY,FACILITY AT LEVEL 4: GUITRY
hxHaqqMaIjO,Côte d'Ivoire,ABIDJAN 2,KOUMASSI,FACILITY AT LEVEL 4: KOUMASSI
hXSfBcvTA9k,Côte d'Ivoire,LÔH-DJIBOUA,DIVO,FACILITY AT LEVEL 4: DIVO
HxTPIXpHK2J,Côte d'Ivoire,GONTOUGO,BONDOUKOU,FACILITY AT LEVEL 4: BONDOUKOU
HXTqOwavkdB,Côte d'Ivoire,BERE,MANKONO,FACILITY AT LEVEL 4: MANKONO
HXxIkJo4UlH,Côte d'Ivoire,HAUT SASSANDRA,VAVOUA,FACILITY AT LEVEL 4: VAVOUA
hXyqdN20E7o,Côte d'Ivoire,NAWA,SOUBRE,FACILITY AT LEVEL 4: SOUBRE
HXyVf1JN6NV,Côte d'Ivoire,HAMBOL,NIAKARAMADOUGOU,FACILITY AT LEVEL 4: NIAKARAMADOUGOU
HY4OVlUx7bq,Côte d'Ivoire,GONTOUGO,KOUN-FAO,FACILITY AT LEVEL 4: KOUN-FAO
hy4y80DxUAZ,Côte d'Ivoire,ABIDJAN 2,ADJAME-PLATEAU-ATTECOUBE,FACILITY AT LEVEL 4: ADJAME-PLATEAU-ATTECOUBE
Hy9kbfZLbEu,Côte d'Ivoire,BOUNKANI,BOUNA,FACILITY AT LEVEL 4: BOUNA
hy9w3qQrUfu,Côte d'Ivoire,GUEMON,DUEKOUE,FACILITY AT LEVEL 4: DUEKOUE
hYS6f9y2Mp0,Côte d'Ivoire,ABIDJAN 1,ANYAMA,FACILITY AT LEVEL 4: ANYAMA
HZj9UP8uBXt,Côte d'Ivoire,BERE,DIANRA,FACILITY AT LEVEL 4: DIANRA
HzN8AhyCR1V,Côte d'Ivoire,MORONOU,ARRAH,FACILITY AT LEVEL 4: ARRAH
hZOk3ACtAsk,Côte d'Ivoire,ABIDJAN 2,TREICHVILLE-MARCORY,FACILITY AT LEVEL 4: TREICHVILLE-MARCORY
HZS30werfQI,Côte d'Ivoire,GUEMON,DUEKOUE,FACILITY AT LEVEL 4: DUEKOUE
hZyvi6hEuTc,Côte d'Ivoire,GBEKE,BOTRO,FACILITY AT LEVEL 4: BOTRO
I0NavaepNgA,Côte d'Ivoire,BERE,DIANRA,FACILITY AT LEVEL 4: DIANRA
i0rpgbre6tW,Côte d'Ivoire,SAN PEDRO,SAN-PEDRO,FACILITY AT LEVEL 4: SAN-PEDRO
i0U0m9xZ57l,Côte d'Ivoire,SAN PEDRO,SAN-PEDRO,FACILITY AT LEVEL 4: SAN-PEDRO
i1ZVIMcpNw2,Côte d'Ivoire,BERE,MANKONO,FACILITY AT LEVEL 4: MANKONO
i2DrjhajrK9,Côte d'Ivoire,SAN PEDRO,TABOU,FACILITY AT LEVEL 4: TABOU
I2UpLHvMjgR,Côte d'Ivoire,BOUNKANI,BOUNA,FACILITY AT LEVEL 4: BOUNA
I2xsJugrbwE,Côte d'Ivoire,IFFOU,MBAHIAKRO,FACILITY AT LEVEL 4: MBAHIAKRO
I342IKVFy5C,Côte d'Ivoire,TONKPI,MAN,FACILITY AT LEVEL 4: MAN
I3Q4c9e1bFg,Côte d'Ivoire,GBOKLE,FRESCO,FACILITY AT LEVEL 4: FRESCO
I3rHQXlTqZL,Côte d'Ivoire,ABIDJAN 2,COCODY BINGERVILLE,FACILITY AT LEVEL 4: COCODY BINGERVILLE
I3vRP5Bni5b,Côte d'Ivoire,SAN PEDRO,SAN-PEDRO,FACILITY AT LEVEL 4: SAN-PEDRO
i4zWyzPSMrh,Côte d'Ivoire,ABIDJAN 2,COCODY BINGERVILLE,FACILITY AT LEVEL 4: COCODY BINGERVILLE
I57wpcgmcQS,Côte d'Ivoire,MORONOU,BONGOUANOU,FACILITY AT LEVEL 4: BONGOUANOU
I5FdImNwFfl,Côte d'Ivoire,BERE,MANKONO,FACILITY AT LEVEL 4: MANKONO
I5ouUmhRZXt,Côte d'Ivoire,BAFING,OUANINOU,FACILITY AT LEVEL 4: OUANINOU
I5OzEOibBsd,Côte d'Ivoire,GONTOUGO,KOUN-FAO,FACILITY AT LEVEL 4: KOUN-FAO
I5UASyYTwW0,Côte d'Ivoire,GBEKE,BEOUMI,FACILITY AT LEVEL 4: BEOUMI
i5YydYSv5bE,Côte d'Ivoire,HAUT SASSANDRA,VAVOUA,FACILITY AT LEVEL 4: VAVOUA
I6HZcwgJqUL,Côte d'Ivoire,GUEMON,KOUIBLY,FACILITY AT LEVEL 4: KOUIBLY
I6PuAPwVqA5,Côte d'Ivoire,ABIDJAN 2,ADJAME-PLATEAU-ATTECOUBE,FACILITY AT LEVEL 4: ADJAME-PLATEAU-ATTECOUBE
i6TCJEwssdE,Côte d'Ivoire,WORODOUGOU,SEGUELA,FACILITY AT LEVEL 4: SEGUELA
i6ZbkohHBsj,Côte d'Ivoire,AGNEBY-TIASSA,SIKENSI,FACILITY AT LEVEL 4: SIKENSI
i7DUixndVFU,Côte d'Ivoire,KABADOUGOU,ODIENNE,FACILITY AT LEVEL 4: ODIENNE
I7uFKlcFAya,Côte d'Ivoire,KABADOUGOU,ODIENNE,FACILITY AT LEVEL 4: ODIENNE
I8pqrvjpJIj,Côte d'Ivoire,GONTOUGO,TRANSUA,FACILITY AT LEVEL 4: TRANSUA
I8WZerBPhaQ,Côte d'Ivoire,GBEKE,BOTRO,FACILITY AT LEVEL 4: BOTRO
I9ByLokj2po,Côte d'Ivoire,ABIDJAN 2,ADJAME-PLATEAU-ATTECOUBE,FACILITY AT LEVEL 4: ADJAME-PLATEAU-ATTECOUBE
I9Du5dDmb5c,Côte d'Ivoire,BAFING,TOUBA,FACILITY AT LEVEL 4: TOUBA
I9JczYK377Z,Côte d'Ivoire,INDENIE-DUABLIN,ABENGOUROU,FACILITY AT LEVEL 4: ABENGOUROU
i9RXBEa9GoU,Côte d'Ivoire,SUD-COMOE,ADIAKE,FACILITY AT LEVEL 4: ADIAKE
I9xGh2RvsTn,Côte d'Ivoire,N'ZI,DIMBOKRO,FACILITY AT LEVEL 4: DIMBOKRO
ia6KtG87QMi,Côte d'Ivoire,INDENIE-DUABLIN,AGNIBILEKROU,FACILITY AT LEVEL 4: AGNIBILEKROU
iacIJtmOmZr,Côte d'Ivoire,N'ZI,DIMBOKRO,FACILITY AT LEVEL 4: DIMBOKRO
iAcSJjvEa2I,Côte d'Ivoire,GONTOUGO,TRANSUA,FACILITY AT LEVEL 4: TRANSUA
IaDoA7xVKzG,Côte d'Ivoire,ABIDJAN 1,YOPOUGON-OUEST SONGON,FACILITY AT LEVEL 4: YOPOUGON-OUEST SONGON
iaiMSWX94Ml,Côte d'Ivoire,CAVALLY,TOULEPLEU,FACILITY AT LEVEL 4: TOULEPLEU
iAj7Ewxdwa3,Côte d'Ivoire,GÔH,GAGNOA 1,FACILITY AT LEVEL 4: GAGNOA 1
IakBJpJ6ZDk,Côte d'Ivoire,BAFING,TOUBA,FACILITY AT LEVEL 4: TOUBA
iAKscvYINVg,Côte d'Ivoire,BERE,DIANRA,FACILITY AT LEVEL 4: DIANRA
IaLymjcVyIe,Côte d'Ivoire,TONKPI,DANANE,FACILITY AT LEVEL 4: DANANE
iaqYrHPEOZz,Côte d'Ivoire,ABIDJAN 2,ADJAME-PLATEAU-ATTECOUBE,FACILITY AT LEVEL 4: ADJAME-PLATEAU-ATTECOUBE
iaTSPSIVkSY,Côte d'Ivoire,ABIDJAN 2,ADJAME-PLATEAU-ATTECOUBE,FACILITY AT LEVEL 4: ADJAME-PLATEAU-ATTECOUBE
iaYwKUBe3tK,Côte d'Ivoire,NAWA,MEAGUI,FACILITY AT LEVEL 4: MEAGUI
IB1d83qbIO7,Côte d'Ivoire,ME,AKOUPE,FACILITY AT LEVEL 4: AKOUPE
iB2ZwGB842F,Côte d'Ivoire,GBEKE,BOUAKE NORD-EST,FACILITY AT LEVEL 4: BOUAKE NORD-EST
ibDXqiPGxQA,Côte d'Ivoire,BELIER,YAMOUSSOUKRO,FACILITY AT LEVEL 4: YAMOUSSOUKRO
ibHXV4mAUFF,Côte d'Ivoire,NAWA,MEAGUI,FACILITY AT LEVEL 4: MEAGUI
IBkzzCEiF7A,Côte d'Ivoire,ABIDJAN 2,KOUMASSI,FACILITY AT LEVEL 4: KOUMASSI
iBMgR8OJeDe,Côte d'Ivoire,TCHOLOGO,OUANGOLODOUGOU,FACILITY AT LEVEL 4: OUANGOLODOUGOU
IBP3iBEioe2,Côte d'Ivoire,CAVALLY,TAI,FACILITY AT LEVEL 4: TAI
IBy5Yw1ZCVi,Côte d'Ivoire,ABIDJAN 1,YOPOUGON-EST,FACILITY AT LEVEL 4: YOPOUGON-EST
IbYAr9jOADV,Côte d'Ivoire,GÔH,GAGNOA 1,FACILITY AT LEVEL 4: GAGNOA 1
iC2RxldAh84,Côte d'Ivoire,ABIDJAN 1,YOPOUGON-OUEST SONGON,FACILITY AT LEVEL 4: YOPOUGON-OUEST SONGON
Ic6DsSpn2Wj,Côte d'Ivoire,SUD-COMOE,ABOISSO,FACILITY AT LEVEL 4: ABOISSO
IcBpwd7exPJ,Côte d'Ivoire,ABIDJAN 2,COCODY BINGERVILLE,FACILITY AT LEVEL 4: COCODY BINGERVILLE
IcpwDtN03Bt,Côte d'Ivoire,ABIDJAN 2,KOUMASSI,FACILITY AT LEVEL 4: KOUMASSI
ICRqMuuHNxp,Côte d'Ivoire,TONKPI,MAN,FACILITY AT LEVEL 4: MAN
iCv6dixr5SM,Côte d'Ivoire,SUD-COMOE,GRAND-BASSAM,FACILITY AT LEVEL 4: GRAND-BASSAM
IcvVgDkz7KG,Côte d'Ivoire,INDENIE-DUABLIN,AGNIBILEKROU,FACILITY AT LEVEL 4: AGNIBILEKROU
iCyG2czEo9z,Côte d'Ivoire,ABIDJAN 2,COCODY BINGERVILLE,FACILITY AT LEVEL 4: COCODY BINGERVILLE
Id3FvX3GrwV,Côte d'Ivoire,SUD-COMOE,GRAND-BASSAM,FACILITY AT LEVEL 4: GRAND-BASSAM
IDqnDXlk0i5,Côte d'Ivoire,PORO,KORHOGO 1,FACILITY AT LEVEL 4: KORHOGO 1
IdXZ8KjGdlh,Côte d'Ivoire,GBEKE,BOUAKE NORD-OUEST,FACILITY AT LEVEL 4: BOUAKE NORD-OUEST
IeAjqsC1ku7,Côte d'Ivoire,HAUT SASSANDRA,VAVOUA,FACILITY AT LEVEL 4: VAVOUA
iECNVrw4d6L,Côte d'Ivoire,BAGOUE,BOUNDIALI,FACILITY AT LEVEL 4: BOUNDIALI
Ieg2xum6dhc,Côte d'Ivoire,GÔH,OUME,FACILITY AT LEVEL 4: OUME
iEusXhOY9hp,Côte d'Ivoire,NAWA,MEAGUI,FACILITY AT LEVEL 4: MEAGUI
IEVg8NY3MmS,Côte d'Ivoire,ABIDJAN 2,ADJAME-PLATEAU-ATTECOUBE,FACILITY AT LEVEL 4: ADJAME-PLATEAU-ATTECOUBE
IEX2ujGUPko,Côte d'Ivoire,PORO,KORHOGO 1,FACILITY AT LEVEL 4: KORHOGO 1
IfIZUl1IrO5,Côte d'Ivoire,GONTOUGO,TANDA,FACILITY AT LEVEL 4: TANDA
IFJQeH0FYqb,Côte d'Ivoire,ABIDJAN 2,ADJAME-PLATEAU-ATTECOUBE,FACILITY AT LEVEL 4: ADJAME-PLATEAU-ATTECOUBE
ifkSXIi2W8K,Côte d'Ivoire,TCHOLOGO,OUANGOLODOUGOU,FACILITY AT LEVEL 4: OUANGOLODOUGOU
iFMlCv54LBA,Côte d'Ivoire,GBEKE,BOUAKE-SUD,FACILITY AT LEVEL 4: BOUAKE-SUD
IfR5RgZniUI,Côte d'Ivoire,BELIER,YAMOUSSOUKRO,FACILITY AT LEVEL 4: YAMOUSSOUKRO
ifSZ5zzZmS5,Côte d'Ivoire,GBEKE,SAKASSOU,FACILITY AT LEVEL 4: SAKASSOU
IGCNbKZeeY5,Côte d'Ivoire,ABIDJAN 1,YOPOUGON-EST,FACILITY AT LEVEL 4: YOPOUGON-EST
IGGWbCC8eF3,Côte d'Ivoire,ABIDJAN 1,YOPOUGON-OUEST SONGON,FACILITY AT LEVEL 4: YOPOUGON-OUEST SONGON
iGI73OFMw9J,Côte d'Ivoire,GBOKLE,SASSANDRA,FACILITY AT LEVEL 4: SASSANDRA
iglTBRgztSf,Côte d'Ivoire,SUD-COMOE,GRAND-BASSAM,FACILITY AT LEVEL 4: GRAND-BASSAM
iGMUEYwCq5s,Côte d'Ivoire,LÔH-DJIBOUA,GUITRY,FACILITY AT LEVEL 4: GUITRY
IgtkLK0QFdh,Côte d'Ivoire,GBOKLE,FRESCO,FACILITY AT LEVEL 4: FRESCO
IGtLoNYu3m3,Côte d'Ivoire,IFFOU,MBAHIAKRO,FACILITY AT LEVEL 4: MBAHIAKRO
IgtXqhgIJVI,Côte d'Ivoire,ABIDJAN 2,PORT-BOUET-VRIDI,FACILITY AT LEVEL 4: PORT-BOUET-VRIDI
IH0Uj77ljrm,Côte d'Ivoire,ABIDJAN 2,COCODY BINGERVILLE,FACILITY AT LEVEL 4: COCODY BINGERVILLE
ihBSwcMlrhf,Côte d'Ivoire,WORODOUGOU,KANI,FACILITY AT LEVEL 4: KANI
IHHUhdtZZRb,Côte d'Ivoire,LÔH-DJIBOUA,DIVO,FACILITY AT LEVEL 4: DIVO
ihksmEcK2bM,Côte d'Ivoire,ABIDJAN 1,YOPOUGON-OUEST SONGON,FACILITY AT LEVEL 4: YOPOUGON-OUEST SONGON
iHQdnkj8ysv,Côte d'Ivoire,ABIDJAN 1,YOPOUGON-OUEST SONGON,FACILITY AT LEVEL 4: YOPOUGON-OUEST SONGON
Ii0NMsQnzVI,Côte d'Ivoire,LÔH-DJIBOUA,DIVO,FACILITY AT LEVEL 4: DIVO
IiC3TA08F8V,Côte d'Ivoire,GBEKE,BOUAKE NORD-EST,FACILITY AT LEVEL 4: BOUAKE NORD-EST
IIeNrOrnhH0,Côte d'Ivoire,ME,ALEPE,FACILITY AT LEVEL 4: ALEPE
IIWbMkV3HkB,Côte d'Ivoire,BAGOUE,KOUTO,FACILITY AT LEVEL 4: KOUTO
iJ1VH3XU5ic,Côte d'Ivoire,TONKPI,ZOUAN-HOUNIEN,FACILITY AT LEVEL 4: ZOUAN-HOUNIEN
IJ2XzGcz1rh,Côte d'Ivoire,AGNEBY-TIASSA,SIKENSI,FACILITY AT LEVEL 4: SIKENSI
IJAqv78eBQU,Côte d'Ivoire,GBEKE,BEOUMI,FACILITY AT LEVEL 4: BEOUMI
iJEcBqV0IhN,Côte d'Ivoire,ABIDJAN 2,TREICHVILLE-MARCORY,FACILITY AT LEVEL 4: TREICHVILLE-MARCORY
ijiXqPKZpkG,Côte d'Ivoire,ABIDJAN 2,COCODY BINGERVILLE,FACILITY AT LEVEL 4: COCODY BINGERVILLE
ijOphJBiTaU,Côte d'Ivoire,ABIDJAN 1,ABOBO OUEST,FACILITY AT LEVEL 4: ABOBO OUEST
iJQVU0B6nHt,Côte d'Ivoire,SAN PEDRO,SAN-PEDRO,FACILITY AT LEVEL 4: SAN-PEDRO
iJRE2BLh6sn,Côte d'Ivoire,GBOKLE,SASSANDRA,FACILITY AT LEVEL 4: SASSANDRA
iJVXhb7CaUx,Côte d'Ivoire,GBEKE,BOUAKE NORD-OUEST,FACILITY AT LEVEL 4: BOUAKE NORD-OUEST
iJWPbIMf3XH,Côte d'Ivoire,ABIDJAN 2,PORT-BOUET-VRIDI,FACILITY AT LEVEL 4: PORT-BOUET-VRIDI
iKAcH4FX2Qi,Côte d'Ivoire,GRANDS PONTS,DABOU,FACILITY AT LEVEL 4: DABOU
iKAl5SWJrSK,Côte d'Ivoire,GUEMON,DUEKOUE,FACILITY AT LEVEL 4: DUEKOUE
Ikly4Z4FGzc,Côte d'Ivoire,ABIDJAN 2,TREICHVILLE-MARCORY,FACILITY AT LEVEL 4: TREICHVILLE-MARCORY
ikmWWl1lYQe,Côte d'Ivoire,AGNEBY-TIASSA,AGBOVILLE,FACILITY AT LEVEL 4: AGBOVILLE
IKWobjBLD7s,Côte d'Ivoire,ABIDJAN 1,YOPOUGON-OUEST SONGON,FACILITY AT LEVEL 4: YOPOUGON-OUEST SONGON
ilHa4I89d7i,Côte d'Ivoire,GRANDS PONTS,JACQUEVILLE,FACILITY AT LEVEL 4: JACQUEVILLE
iLKpjabeSju,Côte d'Ivoire,GÔH,OUME,FACILITY AT LEVEL 4: OUME
iLMeoliS2AN,Côte d'Ivoire,N'ZI,BOCANDA,FACILITY AT LEVEL 4: BOCANDA
iLUfUFx4mEF,Côte d'Ivoire,BELIER,TOUMODI,FACILITY AT LEVEL 4: TOUMODI
IM9BKg9HTeC,Côte d'Ivoire,HAUT SASSANDRA,VAVOUA,FACILITY AT LEVEL 4: VAVOUA
iMAqmLCM7pW,Côte d'Ivoire,GUEMON,BANGOLO,FACILITY AT LEVEL 4: BANGOLO
iMcanJLDED2,Côte d'Ivoire,GRANDS PONTS,GRAND-LAHOU,FACILITY AT LEVEL 4: GRAND-LAHOU
IMCVGW71Cqh,Côte d'Ivoire,ABIDJAN 1,YOPOUGON-OUEST SONGON,FACILITY AT LEVEL 4: YOPOUGON-OUEST SONGON
imjr9QsUqc0,Côte d'Ivoire,ABIDJAN 2,COCODY BINGERVILLE,FACILITY AT LEVEL 4: COCODY BINGERVILLE
IMRbfdPiQBL,Côte d'Ivoire,PORO,M'BENGUE,FACILITY AT LEVEL 4: M'BENGUE
iMSTuCsVerx,Côte d'Ivoire,ABIDJAN 2,KOUMASSI,FACILITY AT LEVEL 4: KOUMASSI
In4xmv0EIKE,Côte d'Ivoire,SUD-COMOE,ADIAKE,FACILITY AT LEVEL 4: ADIAKE
In5jlY6WfP7,Côte d'Ivoire,IFFOU,DAOUKRO,FACILITY AT LEVEL 4: DAOUKRO
INA8czfW02J,Côte d'Ivoire,MARAHOUE,ZUENOULA,FACILITY AT LEVEL 4: ZUENOULA
INkmICN0I2u,Côte d'Ivoire,ABIDJAN 1,ABOBO OUEST,FACILITY AT LEVEL 4: ABOBO OUEST
INYdf2ZGJt4,Côte d'Ivoire,GONTOUGO,SANDEGUE,FACILITY AT LEVEL 4: SANDEGUE
IoD93AqFTed,Côte d'Ivoire,MORONOU,M'BATTO,FACILITY AT LEVEL 4: M'BATTO
iohLy51Wucq,Côte d'Ivoire,GÔH,OUME,FACILITY AT LEVEL 4: OUME
IoLWBXJDOn1,Côte d'Ivoire,SUD-COMOE,ADIAKE,FACILITY AT LEVEL 4: ADIAKE
ioo0Yu6ubfI,Côte d'Ivoire,BELIER,YAMOUSSOUKRO,FACILITY AT LEVEL 4: YAMOUSSOUKRO
IOQJteT7lV3,Côte d'Ivoire,SUD-COMOE,ABOISSO,FACILITY AT LEVEL 4: ABOISSO
iOQvaAQ49PB,Côte d'Ivoire,HAUT SASSANDRA,DALOA,FACILITY AT LEVEL 4: DALOA
IOznsQPh0eT,Côte d'Ivoire,BELIER,YAMOUSSOUKRO,FACILITY AT LEVEL 4: YAMOUSSOUKRO
iPfENtZjvw5,Côte d'Ivoire,HAMBOL,DABAKALA,FACILITY AT LEVEL 4: DABAKALA
Ipk4TEVOStc,Côte d'Ivoire,ABIDJAN 2,PORT-BOUET-VRIDI,FACILITY AT LEVEL 4: PORT-BOUET-VRIDI
IPpdr6vYRpp,Côte d'Ivoire,GBEKE,BOUAKE NORD-EST,FACILITY AT LEVEL 4: BOUAKE NORD-EST
iPq5N564scb,Côte d'Ivoire,ABIDJAN 1,ABOBO EST,FACILITY AT LEVEL 4: ABOBO EST
ipQBfevLRNY,Côte d'Ivoire,KABADOUGOU,MADINANI,FACILITY AT LEVEL 4: MADINANI
ipqQgBsGwhn,Côte d'Ivoire,ABIDJAN 2,COCODY BINGERVILLE,FACILITY AT LEVEL 4: COCODY BINGERVILLE
iPSXZ2yJVZa,Côte d'Ivoire,GBEKE,BOUAKE NORD-OUEST,FACILITY AT LEVEL 4: BOUAKE NORD-OUEST
ipT3QbzIeyX,Côte d'Ivoire,BELIER,YAMOUSSOUKRO,FACILITY AT LEVEL 4: YAMOUSSOUKRO
IQ19zVGMMwQ,Côte d'Ivoire,GÔH,GAGNOA 2,FACILITY AT LEVEL 4: GAGNOA 2
IQ2p0Q3ihxn,Côte d'Ivoire,TCHOLOGO,FERKESSEDOUGOU,FACILITY AT LEVEL 4: FERKESSEDOUGOU
Iq76Ca75nnj,Côte d'Ivoire,HAUT SASSANDRA,DALOA,FACILITY AT LEVEL 4: DALOA
iq8oNsM9ra5,Côte d'Ivoire,IFFOU,PRIKRO,FACILITY AT LEVEL 4: PRIKRO
iQ99IjaXfIk,Côte d'Ivoire,INDENIE-DUABLIN,AGNIBILEKROU,FACILITY AT LEVEL 4: AGNIBILEKROU
iQFooH7gLBu,Côte d'Ivoire,CAVALLY,GUIGLO,FACILITY AT LEVEL 4: GUIGLO
IQHQNoqd4nx,Côte d'Ivoire,BELIER,YAMOUSSOUKRO,FACILITY AT LEVEL 4: YAMOUSSOUKRO
iqIB5RZL6eh,Côte d'Ivoire,ABIDJAN 2,COCODY BINGERVILLE,FACILITY AT LEVEL 4: COCODY BINGERVILLE
iqOHc5rrGp9,Côte d'Ivoire,BOUNKANI,BOUNA,FACILITY AT LEVEL 4: BOUNA
IR1NJ1FJ5GU,Côte d'Ivoire,TCHOLOGO,OUANGOLODOUGOU,FACILITY AT LEVEL 4: OUANGOLODOUGOU
Ir5LRduyRs3,Côte d'Ivoire,TONKPI,DANANE,FACILITY AT LEVEL 4: DANANE
iRdLdLA0uNu,Côte d'Ivoire,GONTOUGO,BONDOUKOU,FACILITY AT LEVEL 4: BONDOUKOU
IRi3oH3og8c,Côte d'Ivoire,TONKPI,BIANKOUMA,FACILITY AT LEVEL 4: BIANKOUMA
iRPjJh7TaRw,Côte d'Ivoire,GBEKE,BOUAKE-SUD,FACILITY AT LEVEL 4: BOUAKE-SUD
irs6pqxITRk,Côte d'Ivoire,ABIDJAN 2,COCODY BINGERVILLE,FACILITY AT LEVEL 4: COCODY BINGERVILLE
IrTjw1nmSsU,Côte d'Ivoire,PORO,KORHOGO 1,FACILITY AT LEVEL 4: KORHOGO 1
irtXIWoKgUa,Côte d'Ivoire,MORONOU,BONGOUANOU,FACILITY AT LEVEL 4: BONGOUANOU
iRWc8xO1XAW,Côte d'Ivoire,BELIER,YAMOUSSOUKRO,FACILITY AT LEVEL 4: YAMOUSSOUKRO
is8feDhNqPX,Côte d'Ivoire,HAUT SASSANDRA,VAVOUA,FACILITY AT LEVEL 4: VAVOUA
IsCjVWCzDoP,Côte d'Ivoire,ABIDJAN 1,YOPOUGON-EST,FACILITY AT LEVEL 4: YOPOUGON-EST
IseiqOIac7j,Côte d'Ivoire,GÔH,GAGNOA 2,FACILITY AT LEVEL 4: GAGNOA 2
IsEkYRf1MR1,Côte d'Ivoire,HAUT SASSANDRA,VAVOUA,FACILITY AT LEVEL 4: VAVOUA
iShS4i0nlyX,Côte d'Ivoire,SUD-COMOE,GRAND-BASSAM,FACILITY AT LEVEL 4: GRAND-BASSAM
isppoCyGeei,Côte d'Ivoire,MORONOU,BONGOUANOU,FACILITY AT LEVEL 4: BONGOUANOU
iSQTZRaYval,Côte d'Ivoire,KABADOUGOU,ODIENNE,FACILITY AT LEVEL 4: ODIENNE
isTUxyVIfgc,Côte d'Ivoire,GRANDS PONTS,DABOU,FACILITY AT LEVEL 4: DABOU
iTdfO09Pzko,Côte d'Ivoire,HAUT SASSANDRA,DALOA,FACILITY AT LEVEL 4: DALOA
ItmNFu3zpe2,Côte d'Ivoire,SUD-COMOE,GRAND-BASSAM,FACILITY AT LEVEL 4: GRAND-BASSAM
iTP39rQKtDC,Côte d'Ivoire,ABIDJAN 1,ABOBO EST,FACILITY AT LEVEL 4: ABOBO EST
itqUOa7COWT,Côte d'Ivoire,IFFOU,PRIKRO,FACILITY AT LEVEL 4: PRIKRO
ITyHkdtNsld,Côte d'Ivoire,ABIDJAN 2,COCODY BINGERVILLE,FACILITY AT LEVEL 4: COCODY BINGERVILLE
Iu8GKS6jET3,Côte d'Ivoire,INDENIE-DUABLIN,ABENGOUROU,FACILITY AT LEVEL 4: ABENGOUROU
iUFqF1BrehL,Côte d'Ivoire,ABIDJAN 2,KOUMASSI,FACILITY AT LEVEL 4: KOUMASSI
IUjzIi2rP0a,Côte d'Ivoire,ABIDJAN 2,TREICHVILLE-MARCORY,FACILITY AT LEVEL 4: TREICHVILLE-MARCORY
iUKSmlBuqWY,Côte d'Ivoire,GUEMON,DUEKOUE,FACILITY AT LEVEL 4: DUEKOUE
iuMX7cC1bK0,Côte d'Ivoire,WORODOUGOU,KANI,FACILITY AT LEVEL 4: KANI
IUpt00CkPmE,Côte d'Ivoire,GRANDS PONTS,GRAND-LAHOU,FACILITY AT LEVEL 4: GRAND-LAHOU
IuPvfEqbYLi,Côte d'Ivoire,IFFOU,MBAHIAKRO,FACILITY AT LEVEL 4: MBAHIAKRO
IurqvEVNIqt,Côte d'Ivoire,ABIDJAN 2,TREICHVILLE-MARCORY,FACILITY AT LEVEL 4: TREICHVILLE-MARCORY
IvDzwEqHDQG,Côte d'Ivoire,ABIDJAN 1,YOPOUGON-OUEST SONGON,FACILITY AT LEVEL 4: YOPOUGON-OUEST SONGON
iVlqHoHfDE8,Côte d'Ivoire,SUD-COMOE,ADIAKE,FACILITY AT LEVEL 4: ADIAKE
IVP6W5sSQK6,Côte d'Ivoire,ABIDJAN 1,YOPOUGON-OUEST SONGON,FACILITY AT LEVEL 4: YOPOUGON-OUEST SONGON
ivSrurTYLbk,Côte d'Ivoire,BELIER,TIEBISSOU,FACILITY AT LEVEL 4: TIEBISSOU
IVtoSljamXE,Côte d'Ivoire,BERE,MANKONO,FACILITY AT LEVEL 4: MANKONO
IvYDDIbY6Ox,Côte d'Ivoire,SAN PEDRO,SAN-PEDRO,FACILITY AT LEVEL 4: SAN-PEDRO
ivZDEXONMHT,Côte d'Ivoire,ABIDJAN 2,TREICHVILLE-MARCORY,FACILITY AT LEVEL 4: TREICHVILLE-MARCORY
iwAJl0kv6En,Côte d'Ivoire,HAMBOL,NIAKARAMADOUGOU,FACILITY AT LEVEL 4: NIAKARAMADOUGOU
iWCSeZ5OJb2,Côte d'Ivoire,ABIDJAN 1,ANYAMA,FACILITY AT LEVEL 4: ANYAMA
Iwkp54VloVb,Côte d'Ivoire,ABIDJAN 2,TREICHVILLE-MARCORY,FACILITY AT LEVEL 4: TREICHVILLE-MARCORY
IWLKawMkN6V,Côte d'Ivoire,ABIDJAN 2,ADJAME-PLATEAU-ATTECOUBE,FACILITY AT LEVEL 4: ADJAME-PLATEAU-ATTECOUBE
IWMIqLqELNm,Côte d'Ivoire,SAN PEDRO,TABOU,FACILITY AT LEVEL 4: TABOU
iWrCCRCqMTg,Côte d'Ivoire,BELIER,YAMOUSSOUKRO,FACILITY AT LEVEL 4: YAMOUSSOUKRO
iWtgKW5yizV,Côte d'Ivoire,ABIDJAN 2,KOUMASSI,FACILITY AT LEVEL 4: KOUMASSI
ix2wsUzRgWa,Côte d'Ivoire,NAWA,BUYO,FACILITY AT LEVEL 4: BUYO
IxeN8shmAZ7,Côte d'Ivoire,ABIDJAN 1,ABOBO EST,FACILITY AT LEVEL 4: ABOBO EST
iXSmKsku3Ne,Côte d'Ivoire,GBEKE,BOUAKE NORD-EST,FACILITY AT LEVEL 4: BOUAKE NORD-EST
Iy0hhDHHDK7,Côte d'Ivoire,TCHOLOGO,FERKESSEDOUGOU,FACILITY AT LEVEL 4: FERKESSEDOUGOU
IY7QXrz0Qr8,Côte d'Ivoire,GONTOUGO,KOUN-FAO,FACILITY AT LEVEL 4: KOUN-FAO
IyCZTOLXUUy,Côte d'Ivoire,ABIDJAN 1,YOPOUGON-OUEST SONGON,FACILITY AT LEVEL 4: YOPOUGON-OUEST SONGON
iYDPhF4aS3Q,Côte d'Ivoire,SAN PEDRO,SAN-PEDRO,FACILITY AT LEVEL 4: SAN-PEDRO
IYGzwEzZ2fr,Côte d'Ivoire,GBOKLE,FRESCO,FACILITY AT LEVEL 4: FRESCO
iykc3JK7hEC,Côte d'Ivoire,SAN PEDRO,SAN-PEDRO,FACILITY AT LEVEL 4: SAN-PEDRO
iylpDxy3WMX,Côte d'Ivoire,BELIER,YAMOUSSOUKRO,FACILITY AT LEVEL 4: YAMOUSSOUKRO
iynIfkwOciG,Côte d'Ivoire,WORODOUGOU,SEGUELA,FACILITY AT LEVEL 4: SEGUELA
IyxiFteC8xx,Côte d'Ivoire,LÔH-DJIBOUA,DIVO,FACILITY AT LEVEL 4: DIVO
iZ6tzScHrd7,Côte d'Ivoire,GONTOUGO,TRANSUA,FACILITY AT LEVEL 4: TRANSUA
IzFsjq2z4Ut,Côte d'Ivoire,BELIER,TOUMODI,FACILITY AT LEVEL 4: TOUMODI
iZQubKBFPea,Côte d'Ivoire,BOUNKANI,NASSIAN,FACILITY AT LEVEL 4: NASSIAN
IzX2rV8a8Ho,Côte d'Ivoire,IFFOU,DAOUKRO,FACILITY AT LEVEL 4: DAOUKRO
j0Dh90jG7Bj,Côte d'Ivoire,INDENIE-DUABLIN,ABENGOUROU,FACILITY AT LEVEL 4: ABENGOUROU
j0SWJbcit5M,Côte d'Ivoire,GONTOUGO,TANDA,FACILITY AT LEVEL 4: TANDA
J0V9vIHbrdd,Côte d'Ivoire,HAUT SASSANDRA,VAVOUA,FACILITY AT LEVEL 4: VAVOUA
J13NOXEYIjY,Côte d'Ivoire,GUEMON,BANGOLO,FACILITY AT LEVEL 4: BANGOLO
j17OTOxKboa,Côte d'Ivoire,GRANDS PONTS,JACQUEVILLE,FACILITY AT LEVEL 4: JACQUEVILLE
J1zMeGefgJh,Côte d'Ivoire,HAMBOL,DABAKALA,FACILITY AT LEVEL 4: DABAKALA
j2E8ayaHFbb,Côte d'Ivoire,BAGOUE,BOUNDIALI,FACILITY AT LEVEL 4: BOUNDIALI
J2KlzUHregx,Côte d'Ivoire,GUEMON,KOUIBLY,FACILITY AT LEVEL 4: KOUIBLY
J2R6QOcUAQR,Côte d'Ivoire,MORONOU,M'BATTO,FACILITY AT LEVEL 4: M'BATTO
J2zYgrGQHQc,Côte d'Ivoire,KABADOUGOU,ODIENNE,FACILITY AT LEVEL 4: ODIENNE
J30SIG4ROT8,Côte d'Ivoire,WORODOUGOU,SEGUELA,FACILITY AT LEVEL 4: SEGUELA
j3Pi5ZQaDxC,Côte d'Ivoire,PORO,KORHOGO 1,FACILITY AT LEVEL 4: KORHOGO 1
j4AU8yO4ErF,Côte d'Ivoire,N'ZI,DIMBOKRO,FACILITY AT LEVEL 4: DIMBOKRO
J4DpQ2QEV9b,Côte d'Ivoire,BELIER,TOUMODI,FACILITY AT LEVEL 4: TOUMODI
j4ldsmvrjTE,Côte d'Ivoire,TCHOLOGO,OUANGOLODOUGOU,FACILITY AT LEVEL 4: OUANGOLODOUGOU
j5WQa9TMPSf,Côte d'Ivoire,ABIDJAN 2,TREICHVILLE-MARCORY,FACILITY AT LEVEL 4: TREICHVILLE-MARCORY
j62ikvjGr2n,Côte d'Ivoire,HAUT SASSANDRA,DALOA,FACILITY AT LEVEL 4: DALOA
J6zFMI7V6xJ,Côte d'Ivoire,NAWA,MEAGUI,FACILITY AT LEVEL 4: MEAGUI
j6Zl2qpZhgd,Côte d'Ivoire,GÔH,GAGNOA 2,FACILITY AT LEVEL 4: GAGNOA 2
j75vlFqUILf,Côte d'Ivoire,GBEKE,SAKASSOU,FACILITY AT LEVEL 4: SAKASSOU
J7zgCvxwFJ1,Côte d'Ivoire,ABIDJAN 1,YOPOUGON-EST,FACILITY AT LEVEL 4: YOPOUGON-EST
J8dDYPjLpOc,Côte d'Ivoire,SUD-COMOE,ABOISSO,FACILITY AT LEVEL 4: ABOISSO
J8EiZ36T6fV,Côte d'Ivoire,GBEKE,SAKASSOU,FACILITY AT LEVEL 4: SAKASSOU
j8g2tGUxPHE,Côte d'Ivoire,FOLON,KANIASSO,FACILITY AT LEVEL 4: KANIASSO
J8mn3SbuwWq,Côte d'Ivoire,GUEMON,KOUIBLY,FACILITY AT LEVEL 4: KOUIBLY
j8QuHSoarWG,Côte d'Ivoire,HAUT SASSANDRA,DALOA,FACILITY AT LEVEL 4: DALOA
J8SpkWBy3wp,Côte d'Ivoire,GBEKE,BOUAKE-SUD,FACILITY AT LEVEL 4: BOUAKE-SUD
j93R5zDcuzU,Côte d'Ivoire,GONTOUGO,SANDEGUE,FACILITY AT LEVEL 4: SANDEGUE
j9ENC5tn0om,Côte d'Ivoire,ABIDJAN 2,COCODY BINGERVILLE,FACILITY AT LEVEL 4: COCODY BINGERVILLE
jA02u1AdJdK,Côte d'Ivoire,GONTOUGO,BONDOUKOU,FACILITY AT LEVEL 4: BONDOUKOU
jA0YloRLb1y,Côte d'Ivoire,BERE,KOUNAHIRI,FACILITY AT LEVEL 4: KOUNAHIRI
ja5OeNp27uJ,Côte d'Ivoire,SUD-COMOE,GRAND-BASSAM,FACILITY AT LEVEL 4: GRAND-BASSAM
Jabrtlrhfg2,Côte d'Ivoire,TONKPI,BIANKOUMA,FACILITY AT LEVEL 4: BIANKOUMA
JAbtTIiFhAX,Côte d'Ivoire,ABIDJAN 2,COCODY BINGERVILLE,FACILITY AT LEVEL 4: COCODY BINGERVILLE
jaisqBfx3ku,Côte d'Ivoire,NAWA,BUYO,FACILITY AT LEVEL 4: BUYO
jaLbq15YhsN,Côte d'Ivoire,WORODOUGOU,SEGUELA,FACILITY AT LEVEL 4: SEGUELA
jaQFLRbjp7W,Côte d'Ivoire,MARAHOUE,SINFRA,FACILITY AT LEVEL 4: SINFRA
jaQTP2Jg3nj,Côte d'Ivoire,GONTOUGO,KOUN-FAO,FACILITY AT LEVEL 4: KOUN-FAO
JAUn4OHtIdM,Côte d'Ivoire,ABIDJAN 2,COCODY BINGERVILLE,FACILITY AT LEVEL 4: COCODY BINGERVILLE
JAv2gkP4MJT,Côte d'Ivoire,GBEKE,BEOUMI,FACILITY AT LEVEL 4: BEOUMI
jaWCWLbhdv7,Côte d'Ivoire,BELIER,TIEBISSOU,FACILITY AT LEVEL 4: TIEBISSOU
JBU18etaAp5,Côte d'Ivoire,HAUT SASSANDRA,DALOA,FACILITY AT LEVEL 4: DALOA
jByVChGDTDN,Côte d'Ivoire,GONTOUGO,KOUN-FAO,FACILITY AT LEVEL 4: KOUN-FAO
jckHKbmwrKT,Côte d'Ivoire,ABIDJAN 2,PORT-BOUET-VRIDI,FACILITY AT LEVEL 4: PORT-BOUET-VRIDI
JCsD1tr2Mda,Côte d'Ivoire,GONTOUGO,TRANSUA,FACILITY AT LEVEL 4: TRANSUA
jd6BGbckMLk,Côte d'Ivoire,GBEKE,SAKASSOU,FACILITY AT LEVEL 4: SAKASSOU
JdCkva30mY6,Côte d'Ivoire,BAGOUE,KOUTO,FACILITY AT LEVEL 4: KOUTO
jDmIT1KrV9Z,Côte d'Ivoire,PORO,KORHOGO 1,FACILITY AT LEVEL 4: KORHOGO 1
JdrmEWlkpdM,Côte d'Ivoire,ME,ADZOPE,FACILITY AT LEVEL 4: ADZOPE
JDvlTlYg9F5,Côte d'Ivoire,HAMBOL,NIAKARAMADOUGOU,FACILITY AT LEVEL 4: NIAKARAMADOUGOU
jdZWJAMCoJf,Côte d'Ivoire,ABIDJAN 2,ADJAME-PLATEAU-ATTECOUBE,FACILITY AT LEVEL 4: ADJAME-PLATEAU-ATTECOUBE
je00dYb0Fjt,Côte d'Ivoire,HAMBOL,DABAKALA,FACILITY AT LEVEL 4: DABAKALA
jeasS04VBBQ,Côte d'Ivoire,INDENIE-DUABLIN,AGNIBILEKROU,FACILITY AT LEVEL 4: AGNIBILEKROU
jEew49Qso1Y,Côte d'Ivoire,ABIDJAN 2,COCODY BINGERVILLE,FACILITY AT LEVEL 4: COCODY BINGERVILLE
jeRid8cKf3H,Côte d'Ivoire,ME,YAKASSE-ATTOBROU,FACILITY AT LEVEL 4: YAKASSE-ATTOBROU
jEy7oGUCFtW,Côte d'Ivoire,ABIDJAN 2,TREICHVILLE-MARCORY,FACILITY AT LEVEL 4: TREICHVILLE-MARCORY
jFAUfrT5Pfv,Côte d'Ivoire,BELIER,YAMOUSSOUKRO,FACILITY AT LEVEL 4: YAMOUSSOUKRO
JFFg71YXTNc,Côte d'Ivoire,ABIDJAN 2,COCODY BINGERVILLE,FACILITY AT LEVEL 4: COCODY BINGERVILLE
jFlcEy3FKjh,Côte d'Ivoire,WORODOUGOU,SEGUELA,FACILITY AT LEVEL 4: SEGUELA
jFokJcMQ4Jt,Côte d'Ivoire,BOUNKANI,TEHINI,FACILITY AT LEVEL 4: TEHINI
jfs8iMB7kSh,Côte d'Ivoire,SUD-COMOE,ABOISSO,FACILITY AT LEVEL 4: ABOISSO
JgAwun6NSKP,Côte d'Ivoire,GUEMON,DUEKOUE,FACILITY AT LEVEL 4: DUEKOUE
jGBAdilGmhE,Côte d'Ivoire,ABIDJAN 1,ABOBO EST,FACILITY AT LEVEL 4: ABOBO EST
jGcjLhlSzi2,Côte d'Ivoire,GÔH,GAGNOA 2,FACILITY AT LEVEL 4: GAGNOA 2
jGDeUfXtmX7,Côte d'Ivoire,ABIDJAN 2,TREICHVILLE-MARCORY,FACILITY AT LEVEL 4: TREICHVILLE-MARCORY
JGHcIHHeJ9v,Côte d'Ivoire,ME,ALEPE,FACILITY AT LEVEL 4: ALEPE
jgk0Lu2dHR4,Côte d'Ivoire,ABIDJAN 2,ADJAME-PLATEAU-ATTECOUBE,FACILITY AT LEVEL 4: ADJAME-PLATEAU-ATTECOUBE
jgp0YZf1nnm,Côte d'Ivoire,ABIDJAN 2,ADJAME-PLATEAU-ATTECOUBE,FACILITY AT LEVEL 4: ADJAME-PLATEAU-ATTECOUBE
jH1un8fVjmr,Côte d'Ivoire,GRANDS PONTS,DABOU,FACILITY AT LEVEL 4: DABOU
JH2U60po0BC,Côte d'Ivoire,ABIDJAN 1,YOPOUGON-EST,FACILITY AT LEVEL 4: YOPOUGON-EST
JhasSlhF4mz,Côte d'Ivoire,LÔH-DJIBOUA,DIVO,FACILITY AT LEVEL 4: DIVO
jHBs4pQH02w,Côte d'Ivoire,GBEKE,SAKASSOU,FACILITY AT LEVEL 4: SAKASSOU
jHcrJYEa3NN,Côte d'Ivoire,BOUNKANI,BOUNA,FACILITY AT LEVEL 4: BOUNA
JhE3SFN1x7K,Côte d'Ivoire,GRANDS PONTS,GRAND-LAHOU,FACILITY AT LEVEL 4: GRAND-LAHOU
jhj2snTXQsO,Côte d'Ivoire,HAMBOL,NIAKARAMADOUGOU,FACILITY AT LEVEL 4: NIAKARAMADOUGOU
jHPNwj6IQg8,Côte d'Ivoire,BELIER,TIEBISSOU,FACILITY AT LEVEL 4: TIEBISSOU
jHtXQo5UYtL,Côte d'Ivoire,GBEKE,BEOUMI,FACILITY AT LEVEL 4: BEOUMI
JHuguhkQwzL,Côte d'Ivoire,TONKPI,MAN,FACILITY AT LEVEL 4: MAN
jHxL0gO9f2c,Côte d'Ivoire,GONTOUGO,BONDOUKOU,FACILITY AT LEVEL 4: BONDOUKOU
JHyTheBiHKO,Côte d'Ivoire,ABIDJAN 2,COCODY BINGERVILLE,FACILITY AT LEVEL 4: COCODY BINGERVILLE
jI0XvYBVDfG,Côte d'Ivoire,BELIER,TIEBISSOU,FACILITY AT LEVEL 4: TIEBISSOU
JI3sYqKDTjh,Côte d'Ivoire,GONTOUGO,BONDOUKOU,FACILITY AT LEVEL 4: BONDOUKOU
ji9q5dX0h4v,Côte d'Ivoire,SAN PEDRO,TABOU,FACILITY AT LEVEL 4: TABOU
JiCwXiLnQ1w,Côte d'Ivoire,GRANDS PONTS,JACQUEVILLE,FACILITY AT LEVEL 4: JACQUEVILLE
jIFemD5Wzt2,Côte d'Ivoire,BOUNKANI,DOROPO,FACILITY AT LEVEL 4: DOROPO
jIFkAK9dkZc,Côte d'Ivoire,LÔH-DJIBOUA,DIVO,FACILITY AT LEVEL 4: DIVO
jIgkcDrs0WI,Côte d'Ivoire,ABIDJAN 2,COCODY BINGERVILLE,FACILITY AT LEVEL 4: COCODY BINGERVILLE
JIGSt2z7z3B,Côte d'Ivoire,BERE,KOUNAHIRI,FACILITY AT LEVEL 4: KOUNAHIRI
JIigpdhC4tR,Côte d'Ivoire,GBOKLE,SASSANDRA,FACILITY AT LEVEL 4: SASSANDRA
jIKMva7mLOn,Côte d'Ivoire,PORO,KORHOGO 1,FACILITY AT LEVEL 4: KORHOGO 1
JiPUW8iIo1N,Côte d'Ivoire,BELIER,YAMOUSSOUKRO,FACILITY AT LEVEL 4: YAMOUSSOUKRO
JISSmwdk4NU,Côte d'Ivoire,GÔH,OUME,FACILITY AT LEVEL 4: OUME
JIXvu2GKUD0,Côte d'Ivoire,ME,YAKASSE-ATTOBROU,FACILITY AT LEVEL 4: YAKASSE-ATTOBROU
jj4iEw8JIXr,Côte d'Ivoire,N'ZI,DIMBOKRO,FACILITY AT LEVEL 4: DIMBOKRO
jjc8SBrvpDO,Côte d'Ivoire,HAMBOL,KATIOLA,FACILITY AT LEVEL 4: KATIOLA
jjCwHWEyPua,Côte d'Ivoire,BERE,KOUNAHIRI,FACILITY AT LEVEL 4: KOUNAHIRI
jjf9b5EX0sN,Côte d'Ivoire,BERE,MANKONO,FACILITY AT LEVEL 4: MANKONO
jJLJVTp94ik,Côte d'Ivoire,MARAHOUE,BOUAFLE,FACILITY AT LEVEL 4: BOUAFLE
jjUzdoQXtbE,Côte d'Ivoire,MORONOU,BONGOUANOU,FACILITY AT LEVEL 4: BONGOUANOU
jjvAr5Ipu51,Côte d'Ivoire,FOLON,KANIASSO,FACILITY AT LEVEL 4: KANIASSO
jjvCGBwKlSI,Côte d'Ivoire,N'ZI,BOCANDA,FACILITY AT LEVEL 4: BOCANDA
jjVHfP0FWJM,Côte d'Ivoire,SUD-COMOE,TIAPOUM,FACILITY AT LEVEL 4: TIAPOUM
JJXqKSd1Q4F,Côte d'Ivoire,BELIER,TOUMODI,FACILITY AT LEVEL 4: TOUMODI
jK5RFcBSmlU,Côte d'Ivoire,ABIDJAN 2,PORT-BOUET-VRIDI,FACILITY AT LEVEL 4: PORT-BOUET-VRIDI
jKa66XRWEDo,Côte d'Ivoire,PORO,KORHOGO 2,FACILITY AT LEVEL 4: KORHOGO 2
jkd5t8qGEH0,Côte d'Ivoire,BELIER,TOUMODI,FACILITY AT LEVEL 4: TOUMODI
jkEAqE4KiWj,Côte d'Ivoire,PORO,KORHOGO 1,FACILITY AT LEVEL 4: KORHOGO 1
JkfynEmcYjl,Côte d'Ivoire,BOUNKANI,NASSIAN,FACILITY AT LEVEL 4: NASSIAN
jKOEimI0OIb,Côte d'Ivoire,HAUT SASSANDRA,ISSIA,FACILITY AT LEVEL 4: ISSIA
Jkp2ouJS4ud,Côte d'Ivoire,INDENIE-DUABLIN,AGNIBILEKROU,FACILITY AT LEVEL 4: AGNIBILEKROU
jKsytwVp8OS,Côte d'Ivoire,ABIDJAN 2,TREICHVILLE-MARCORY,FACILITY AT LEVEL 4: TREICHVILLE-MARCORY
jl5cOwjP5PO,Côte d'Ivoire,GBEKE,BOUAKE-SUD,FACILITY AT LEVEL 4: BOUAKE-SUD
JLmpmvulte0,Côte d'Ivoire,ABIDJAN 1,ABOBO OUEST,FACILITY AT LEVEL 4: ABOBO OUEST
Jm2z9TI6awk,Côte d'Ivoire,N'ZI,BOCANDA,FACILITY AT LEVEL 4: BOCANDA
jm4cLWtBkeZ,Côte d'Ivoire,TCHOLOGO,KONG,FACILITY AT LEVEL 4: KONG
JMaeDfo8bbn,Côte d'Ivoire,ABIDJAN 2,ADJAME-PLATEAU-ATTECOUBE,FACILITY AT LEVEL 4: ADJAME-PLATEAU-ATTECOUBE
jmDMlHnu48k,Côte d'Ivoire,GBOKLE,SASSANDRA,FACILITY AT LEVEL 4: SASSANDRA
jMfZnbGavPR,Côte d'Ivoire,ABIDJAN 2,TREICHVILLE-MARCORY,FACILITY AT LEVEL 4: TREICHVILLE-MARCORY
jml92IX921N,Côte d'Ivoire,TONKPI,DANANE,FACILITY AT LEVEL 4: DANANE
jmrkDwROsPW,Côte d'Ivoire,GBEKE,SAKASSOU,FACILITY AT LEVEL 4: SAKASSOU
JMts1T5U4D9,Côte d'Ivoire,GBEKE,SAKASSOU,FACILITY AT LEVEL 4: SAKASSOU
Jn4CNjcrPZJ,Côte d'Ivoire,BELIER,YAMOUSSOUKRO,FACILITY AT LEVEL 4: YAMOUSSOUKRO
jn6WxCovt6Y,Côte d'Ivoire,CAVALLY,TAI,FACILITY AT LEVEL 4: TAI
jnDICAPS4q0,Côte d'Ivoire,PORO,KORHOGO 1,FACILITY AT LEVEL 4: KORHOGO 1
jNDnGEHcwZP,Côte d'Ivoire,ME,AKOUPE,FACILITY AT LEVEL 4: AKOUPE
jnRNghb0PNh,Côte d'Ivoire,PORO,KORHOGO 1,FACILITY AT LEVEL 4: KORHOGO 1
JnV7u3yyjJD,Côte d'Ivoire,ABIDJAN 2,COCODY BINGERVILLE,FACILITY AT LEVEL 4: COCODY BINGERVILLE
jNVyctuqONn,Côte d'Ivoire,FOLON,MINIGNAN,FACILITY AT LEVEL 4: MINIGNAN
JNvzwIsghFp,Côte d'Ivoire,HAUT SASSANDRA,DALOA,FACILITY AT LEVEL 4: DALOA
jNxnohiGEvd,Côte d'Ivoire,IFFOU,DAOUKRO,FACILITY AT LEVEL 4: DAOUKRO
jNxOkbkY455,Côte d'Ivoire,ABIDJAN 2,COCODY BINGERVILLE,FACILITY AT LEVEL 4: COCODY BINGERVILLE
jo07BBwfZCe,Côte d'Ivoire,BOUNKANI,DOROPO,FACILITY AT LEVEL 4: DOROPO
Jo7TjMqsGsr,Côte d'Ivoire,GONTOUGO,TANDA,FACILITY AT LEVEL 4: TANDA
Jo8r6czq32Z,Côte d'Ivoire,GRANDS PONTS,GRAND-LAHOU,FACILITY AT LEVEL 4: GRAND-LAHOU
jOAIXvpGADD,Côte d'Ivoire,NAWA,GUEYO,FACILITY AT LEVEL 4: GUEYO
JopfwdVI9PM,Côte d'Ivoire,N'ZI,KOUASSI KOUASSIKRO,FACILITY AT LEVEL 4: KOUASSI KOUASSIKRO
JOrJQHKng8y,Côte d'Ivoire,HAUT SASSANDRA,VAVOUA,FACILITY AT LEVEL 4: VAVOUA
JOS7BDReyj7,Côte d'Ivoire,ABIDJAN 1,ABOBO OUEST,FACILITY AT LEVEL 4: ABOBO OUEST
JOwgBUshZbD,Côte d'Ivoire,MARAHOUE,SINFRA,FACILITY AT LEVEL 4: SINFRA
JoWZmHpGuUM,Côte d'Ivoire,ABIDJAN 1,YOPOUGON-OUEST SONGON,FACILITY AT LEVEL 4: YOPOUGON-OUEST SONGON
JpJuUW009Jh,Côte d'Ivoire,PORO,KORHOGO 1,FACILITY AT LEVEL 4: KORHOGO 1
jPLZRD86QwZ,Côte d'Ivoire,INDENIE-DUABLIN,ABENGOUROU,FACILITY AT LEVEL 4: ABENGOUROU
JPoUZVMqGri,Côte d'Ivoire,ABIDJAN 1,YOPOUGON-EST,FACILITY AT LEVEL 4: YOPOUGON-EST
jprv055BNpR,Côte d'Ivoire,KABADOUGOU,ODIENNE,FACILITY AT LEVEL 4: ODIENNE
jpXuHu5ZCzY,Côte d'Ivoire,SAN PEDRO,SAN-PEDRO,FACILITY AT LEVEL 4: SAN-PEDRO
jPZZ4z3YehE,Côte d'Ivoire,GONTOUGO,BONDOUKOU,FACILITY AT LEVEL 4: BONDOUKOU
JQgs5AHDtid,Côte d'Ivoire,KABADOUGOU,ODIENNE,FACILITY AT LEVEL 4: ODIENNE
jqleTIQFNSd,Côte d'Ivoire,MARAHOUE,ZUENOULA,FACILITY AT LEVEL 4: ZUENOULA
JqpJN6ahuvo,Côte d'Ivoire,GBEKE,BEOUMI,FACILITY AT LEVEL 4: BEOUMI
jqRvo3aHZaW,Côte d'Ivoire,ABIDJAN 2,PORT-BOUET-VRIDI,FACILITY AT LEVEL 4: PORT-BOUET-VRIDI
JQY2hgZOtoS,Côte d'Ivoire,AGNEBY-TIASSA,AGBOVILLE,FACILITY AT LEVEL 4: AGBOVILLE
jrfHAAMETHf,Côte d'Ivoire,BELIER,TIEBISSOU,FACILITY AT LEVEL 4: TIEBISSOU
jrNABUMwWYU,Côte d'Ivoire,GBOKLE,FRESCO,FACILITY AT LEVEL 4: FRESCO
jrQqEYjK528,Côte d'Ivoire,TONKPI,MAN,FACILITY AT LEVEL 4: MAN
jRSMyGwWpgG,Côte d'Ivoire,AGNEBY-TIASSA,AGBOVILLE,FACILITY AT LEVEL 4: AGBOVILLE
jsCAWo4H2XY,Côte d'Ivoire,NAWA,MEAGUI,FACILITY AT LEVEL 4: MEAGUI
JsCnEwJV3jQ,Côte d'Ivoire,NAWA,SOUBRE,FACILITY AT LEVEL 4: SOUBRE
JSVVdczqZzV,Côte d'Ivoire,SUD-COMOE,GRAND-BASSAM,FACILITY AT LEVEL 4: GRAND-BASSAM
jsW3dmtjV8M,Côte d'Ivoire,GBEKE,BOUAKE NORD-OUEST,FACILITY AT LEVEL 4: BOUAKE NORD-OUEST
jtELMZtnJ8u,Côte d'Ivoire,GBEKE,BOUAKE NORD-EST,FACILITY AT LEVEL 4: BOUAKE NORD-EST
jTKaRAjxpnr,Côte d'Ivoire,INDENIE-DUABLIN,ABENGOUROU,FACILITY AT LEVEL 4: ABENGOUROU
jtWHCaCKLoZ,Côte d'Ivoire,GRANDS PONTS,GRAND-LAHOU,FACILITY AT LEVEL 4: GRAND-LAHOU
ju0MjL9fEGJ,Côte d'Ivoire,IFFOU,PRIKRO,FACILITY AT LEVEL 4: PRIKRO
jU9c5lpUpa6,Côte d'Ivoire,GUEMON,DUEKOUE,FACILITY AT LEVEL 4: DUEKOUE
JUa5Fs0Qvao,Côte d'Ivoire,BELIER,DIDIEVI,FACILITY AT LEVEL 4: DIDIEVI
JUa8VsCXNoT,Côte d'Ivoire,TCHOLOGO,OUANGOLODOUGOU,FACILITY AT LEVEL 4: OUANGOLODOUGOU
jukHQ4vGVon,Côte d'Ivoire,TONKPI,DANANE,FACILITY AT LEVEL 4: DANANE
JuqK6gPFZCa,Côte d'Ivoire,TONKPI,BIANKOUMA,FACILITY AT LEVEL 4: BIANKOUMA
jv1xvOC4VcU,Côte d'Ivoire,BAGOUE,TENGRELA,FACILITY AT LEVEL 4: TENGRELA
JV2mYp62BhF,Côte d'Ivoire,HAUT SASSANDRA,VAVOUA,FACILITY AT LEVEL 4: VAVOUA
JV9GsxSCUTD,Côte d'Ivoire,BELIER,TOUMODI,FACILITY AT LEVEL 4: TOUMODI
JVe2ltng871,Côte d'Ivoire,HAUT SASSANDRA,ZOUKOUGBEU,FACILITY AT LEVEL 4: ZOUKOUGBEU
JVeWBag2e9y,Côte d'Ivoire,IFFOU,DAOUKRO,FACILITY AT LEVEL 4: DAOUKRO
JvG2cMIlEOo,Côte d'Ivoire,LÔH-DJIBOUA,GUITRY,FACILITY AT LEVEL 4: GUITRY
jvjrIYHQLV5,Côte d'Ivoire,LÔH-DJIBOUA,LAKOTA,FACILITY AT LEVEL 4: LAKOTA
jVllq06phbI,Côte d'Ivoire,BERE,DIANRA,FACILITY AT LEVEL 4: DIANRA
jVLn4RkYjo9,Côte d'Ivoire,MARAHOUE,BOUAFLE,FACILITY AT LEVEL 4: BOUAFLE
JVnOe8yAq8N,Côte d'Ivoire,GONTOUGO,TANDA,FACILITY AT LEVEL 4: TANDA
jVs2WVDUFTh,Côte d'Ivoire,ABIDJAN 1,YOPOUGON-OUEST SONGON,FACILITY AT LEVEL 4: YOPOUGON-OUEST SONGON
Jw2cH3eKRyl,Côte d'Ivoire,TONKPI,BIANKOUMA,FACILITY AT LEVEL 4: BIANKOUMA
JW3Z34Xdue4,Côte d'Ivoire,GUEMON,KOUIBLY,FACILITY AT LEVEL 4: KOUIBLY
Jw4lCv7xDGf,Côte d'Ivoire,PORO,KORHOGO 1,FACILITY AT LEVEL 4: KORHOGO 1
Jw4MoZMn7ts,Côte d'Ivoire,NAWA,BUYO,FACILITY AT LEVEL 4: BUYO
jWDvj4X61DN,Côte d'Ivoire,BOUNKANI,BOUNA,FACILITY AT LEVEL 4: BOUNA
JWInehlrWo5,Côte d'Ivoire,SUD-COMOE,GRAND-BASSAM,FACILITY AT LEVEL 4: GRAND-BASSAM
jxAxvpUtJBW,Côte d'Ivoire,ABIDJAN 2,PORT-BOUET-VRIDI,FACILITY AT LEVEL 4: PORT-BOUET-VRIDI
jXJNr6xpVtP,Côte d'Ivoire,GONTOUGO,BONDOUKOU,FACILITY AT LEVEL 4: BONDOUKOU
jXkJuHLkCUx,Côte d'Ivoire,BOUNKANI,DOROPO,FACILITY AT LEVEL 4: DOROPO
Jxs1MKUjhxL,Côte d'Ivoire,GUEMON,KOUIBLY,FACILITY AT LEVEL 4: KOUIBLY
JYBHeUA6iMj,Côte d'Ivoire,ME,ALEPE,FACILITY AT LEVEL 4: ALEPE
JYF751ckmSG,Côte d'Ivoire,GONTOUGO,BONDOUKOU,FACILITY AT LEVEL 4: BONDOUKOU
JYJxKPpCI6Y,Côte d'Ivoire,ABIDJAN 1,YOPOUGON-OUEST SONGON,FACILITY AT LEVEL 4: YOPOUGON-OUEST SONGON
jyK8oiPuNMz,Côte d'Ivoire,GÔH,GAGNOA 1,FACILITY AT LEVEL 4: GAGNOA 1
JyMz0ZL2C6m,Côte d'Ivoire,TONKPI,MAN,FACILITY AT LEVEL 4: MAN
jyukkJUmdng,Côte d'Ivoire,CAVALLY,BLOLEQUIN,FACILITY AT LEVEL 4: BLOLEQUIN
JYuxVpt5H5h,Côte d'Ivoire,IFFOU,DAOUKRO,FACILITY AT LEVEL 4: DAOUKRO
jYvMLbWlTOR,Côte d'Ivoire,TONKPI,ZOUAN-HOUNIEN,FACILITY AT LEVEL 4: ZOUAN-HOUNIEN
jZ5mEVS4etW,Côte d'Ivoire,BAFING,KORO,FACILITY AT LEVEL 4: KORO
jZ99yOEvnFx,Côte d'Ivoire,GBEKE,SAKASSOU,FACILITY AT LEVEL 4: SAKASSOU
jz9haIXGUuC,Côte d'Ivoire,BAFING,OUANINOU,FACILITY AT LEVEL 4: OUANINOU
jZBv2xhK2zC,Côte d'Ivoire,ABIDJAN 2,COCODY BINGERVILLE,FACILITY AT LEVEL 4: COCODY BINGERVILLE
jzCiy6sleUR,Côte d'Ivoire,SAN PEDRO,SAN-PEDRO,FACILITY AT LEVEL 4: SAN-PEDRO
JzGRvFgl6XX,Côte d'Ivoire,ABIDJAN 1,ABOBO EST,FACILITY AT LEVEL 4: ABOBO EST
Jzh4P7p8Hbr,Côte d'Ivoire,GBOKLE,SASSANDRA,FACILITY AT LEVEL 4: SASSANDRA
JzhBBw5KHNs,Côte d'Ivoire,ABIDJAN 1,ABOBO OUEST,FACILITY AT LEVEL 4: ABOBO OUEST
JZQk3w8sldD,Côte d'Ivoire,LÔH-DJIBOUA,LAKOTA,FACILITY AT LEVEL 4: LAKOTA
jzQqP2juEy6,Côte d'Ivoire,MARAHOUE,ZUENOULA,FACILITY AT LEVEL 4: ZUENOULA
jZQT732PZv7,Côte d'Ivoire,LÔH-DJIBOUA,DIVO,FACILITY AT LEVEL 4: DIVO
JZvOT6XCjKB,Côte d'Ivoire,GÔH,GAGNOA 1,FACILITY AT LEVEL 4: GAGNOA 1
JzwcX4Ffg6s,Côte d'Ivoire,TONKPI,BIANKOUMA,FACILITY AT LEVEL 4: BIANKOUMA
K1CZL28vdre,Côte d'Ivoire,KABADOUGOU,ODIENNE,FACILITY AT LEVEL 4: ODIENNE
K1fAArHJZFj,Côte d'Ivoire,BELIER,YAMOUSSOUKRO,FACILITY AT LEVEL 4: YAMOUSSOUKRO
k1m6se9uYnI,Côte d'Ivoire,MARAHOUE,ZUENOULA,FACILITY AT LEVEL 4: ZUENOULA
k1o0PL2BOP5,Côte d'Ivoire,GUEMON,KOUIBLY,FACILITY AT LEVEL 4: KOUIBLY
k2aUW1BmTGV,Côte d'Ivoire,BOUNKANI,BOUNA,FACILITY AT LEVEL 4: BOUNA
k2gaV2N7AfF,Côte d'Ivoire,ABIDJAN 2,COCODY BINGERVILLE,FACILITY AT LEVEL 4: COCODY BINGERVILLE
k2IiN1Oi8nx,Côte d'Ivoire,TONKPI,MAN,FACILITY AT LEVEL 4: MAN
k2iv6kfHUeW,Côte d'Ivoire,GONTOUGO,TRANSUA,FACILITY AT LEVEL 4: TRANSUA
K3OihMtClBE,Côte d'Ivoire,GBEKE,BOUAKE NORD-EST,FACILITY AT LEVEL 4: BOUAKE NORD-EST
k4aoMWcVUop,Côte d'Ivoire,KABADOUGOU,MADINANI,FACILITY AT LEVEL 4: MADINANI
K4lKJ3eAElx,Côte d'Ivoire,ABIDJAN 2,COCODY BINGERVILLE,FACILITY AT LEVEL 4: COCODY BINGERVILLE
k4NWA5Eecy7,Côte d'Ivoire,ME,ADZOPE,FACILITY AT LEVEL 4: ADZOPE
K4ypDWd8E2q,Côte d'Ivoire,MARAHOUE,BOUAFLE,FACILITY AT LEVEL 4: BOUAFLE
k5K7JG1bOYa,Côte d'Ivoire,PORO,KORHOGO 1,FACILITY AT LEVEL 4: KORHOGO 1
K61Q6gOCVXG,Côte d'Ivoire,LÔH-DJIBOUA,LAKOTA,FACILITY AT LEVEL 4: LAKOTA
K6F3xMVCHZp,Côte d'Ivoire,LÔH-DJIBOUA,LAKOTA,FACILITY AT LEVEL 4: LAKOTA
K6JzYLJqF8x,Côte d'Ivoire,HAMBOL,DABAKALA,FACILITY AT LEVEL 4: DABAKALA
K6NEOQsE6lB,Côte d'Ivoire,GBEKE,SAKASSOU,FACILITY AT LEVEL 4: SAKASSOU
k6xCW9UeXSJ,Côte d'Ivoire,ABIDJAN 1,YOPOUGON-OUEST SONGON,FACILITY AT LEVEL 4: YOPOUGON-OUEST SONGON
K7ADYLWbQyD,Côte d'Ivoire,ABIDJAN 1,ABOBO EST,FACILITY AT LEVEL 4: ABOBO EST
k7afkzmXJVn,Côte d'Ivoire,CAVALLY,GUIGLO,FACILITY AT LEVEL 4: GUIGLO
k7IkH9U9lZP,Côte d'Ivoire,GBOKLE,FRESCO,FACILITY AT LEVEL 4: FRESCO
k7Jz0QWEzJ8,Côte d'Ivoire,TONKPI,MAN,FACILITY AT LEVEL 4: MAN
K7Np2z0T9sj,Côte d'Ivoire,WORODOUGOU,KANI,FACILITY AT LEVEL 4: KANI
k7p35aZj22I,Côte d'Ivoire,TCHOLOGO,KONG,FACILITY AT LEVEL 4: KONG
K7WxxJlRFAx,Côte d'Ivoire,ABIDJAN 2,COCODY BINGERVILLE,FACILITY AT LEVEL 4: COCODY BINGERVILLE
K8fyOKeq1my,Côte d'Ivoire,ABIDJAN 2,COCODY BINGERVILLE,FACILITY AT LEVEL 4: COCODY BINGERVILLE
k8jnz66xV0f,Côte d'Ivoire,GÔH,GAGNOA 1,FACILITY AT LEVEL 4: GAGNOA 1
k8sDyq801QF,Côte d'Ivoire,SUD-COMOE,TIAPOUM,FACILITY AT LEVEL 4: TIAPOUM
k8Sov0ujnvB,Côte d'Ivoire,ABIDJAN 2,COCODY BINGERVILLE,FACILITY AT LEVEL 4: COCODY BINGERVILLE
K8W0P4ZLchk,Côte d'Ivoire,KABADOUGOU,MADINANI,FACILITY AT LEVEL 4: MADINANI
k9smRyS6OUg,Côte d'Ivoire,ABIDJAN 2,KOUMASSI,FACILITY AT LEVEL 4: KOUMASSI
kAaCNHaNFoc,Côte d'Ivoire,ABIDJAN 1,YOPOUGON-OUEST SONGON,FACILITY AT LEVEL 4: YOPOUGON-OUEST SONGON
kAUOuCAQ1cY,Côte d'Ivoire,ABIDJAN 2,KOUMASSI,FACILITY AT LEVEL 4: KOUMASSI
kb1FKueX7VX,Côte d'Ivoire,ABIDJAN 2,COCODY BINGERVILLE,FACILITY AT LEVEL 4: COCODY BINGERVILLE
Kb3255GCA3F,Côte d'Ivoire,NAWA,SOUBRE,FACILITY AT LEVEL 4: SOUBRE
kBLwaiZSrRe,Côte d'Ivoire,CAVALLY,BLOLEQUIN,FACILITY AT LEVEL 4: BLOLEQUIN
kBpMc3uWbhN,Côte d'Ivoire,ABIDJAN 2,COCODY BINGERVILLE,FACILITY AT LEVEL 4: COCODY BINGERVILLE
KBQJ21UsPon,Côte d'Ivoire,HAUT SASSANDRA,VAVOUA,FACILITY AT LEVEL 4: VAVOUA
KbThrY60L7l,Côte d'Ivoire,ABIDJAN 2,COCODY BINGERVILLE,FACILITY AT LEVEL 4: COCODY BINGERVILLE
kBTHS0AF8uv,Côte d'Ivoire,ABIDJAN 1,YOPOUGON-EST,FACILITY AT LEVEL 4: YOPOUGON-EST
KBwuvIoGnxU,Côte d'Ivoire,ABIDJAN 2,COCODY BINGERVILLE,FACILITY AT LEVEL 4: COCODY BINGERVILLE
kbwwO4MVVkF,Côte d'Ivoire,SUD-COMOE,ABOISSO,FACILITY AT LEVEL 4: ABOISSO
KBzvfYH2IA1,Côte d'Ivoire,IFFOU,DAOUKRO,FACILITY AT LEVEL 4: DAOUKRO
KC2kfmP6Ym5,Côte d'Ivoire,TCHOLOGO,OUANGOLODOUGOU,FACILITY AT LEVEL 4: OUANGOLODOUGOU
KcfIT29zGR7,Côte d'Ivoire,GUEMON,DUEKOUE,FACILITY AT LEVEL 4: DUEKOUE
KcfW8NK2Z7Y,Côte d'Ivoire,SAN PEDRO,SAN-PEDRO,FACILITY AT LEVEL 4: SAN-PEDRO
KCKsJOVndMZ,Côte d'Ivoire,WORODOUGOU,KANI,FACILITY AT LEVEL 4: KANI
KcLrKUQskbp,Côte d'Ivoire,GONTOUGO,BONDOUKOU,FACILITY AT LEVEL 4: BONDOUKOU
kcpaOwiXcpI,Côte d'Ivoire,ABIDJAN 2,ADJAME-PLATEAU-ATTECOUBE,FACILITY AT LEVEL 4: ADJAME-PLATEAU-ATTECOUBE
KCPRVsLEVaU,Côte d'Ivoire,LÔH-DJIBOUA,LAKOTA,FACILITY AT LEVEL 4: LAKOTA
kd9fWhxMEKG,Côte d'Ivoire,ABIDJAN 2,TREICHVILLE-MARCORY,FACILITY AT LEVEL 4: TREICHVILLE-MARCORY
kdCagzp8uMv,Côte d'Ivoire,SAN PEDRO,SAN-PEDRO,FACILITY AT LEVEL 4: SAN-PEDRO
kdH0vAzJEI0,Côte d'Ivoire,GONTOUGO,TRANSUA,FACILITY AT LEVEL 4: TRANSUA
KdHDMmcaDG5,Côte d'Ivoire,ABIDJAN 2,PORT-BOUET-VRIDI,FACILITY AT LEVEL 4: PORT-BOUET-VRIDI
kDmM5jEmXK0,Côte d'Ivoire,MARAHOUE,ZUENOULA,FACILITY AT LEVEL 4: ZUENOULA
kdnEImiak51,Côte d'Ivoire,LÔH-DJIBOUA,LAKOTA,FACILITY AT LEVEL 4: LAKOTA
KeCI1gfDHzn,Côte d'Ivoire,ABIDJAN 2,KOUMASSI,FACILITY AT LEVEL 4: KOUMASSI
kEdilSm3xCj,Côte d'Ivoire,ABIDJAN 1,YOPOUGON-OUEST SONGON,FACILITY AT LEVEL 4: YOPOUGON-OUEST SONGON
KEgdsBgDc6P,Côte d'Ivoire,BAGOUE,BOUNDIALI,FACILITY AT LEVEL 4: BOUNDIALI
kEgoAqyw74n,Côte d'Ivoire,HAUT SASSANDRA,VAVOUA,FACILITY AT LEVEL 4: VAVOUA
kELbW9hr1SW,Côte d'Ivoire,ABIDJAN 2,COCODY BINGERVILLE,FACILITY AT LEVEL 4: COCODY BINGERVILLE
KepKNYEgaCD,Côte d'Ivoire,SUD-COMOE,GRAND-BASSAM,FACILITY AT LEVEL 4: GRAND-BASSAM
KerdFMEvudA,Côte d'Ivoire,PORO,KORHOGO 1,FACILITY AT LEVEL 4: KORHOGO 1
KeRTMfobqNd,Côte d'Ivoire,HAUT SASSANDRA,VAVOUA,FACILITY AT LEVEL 4: VAVOUA
keuLmDzEcvi,Côte d'Ivoire,BERE,MANKONO,FACILITY AT LEVEL 4: MANKONO
keZ1b2AHgsI,Côte d'Ivoire,SAN PEDRO,TABOU,FACILITY AT LEVEL 4: TABOU
kf6epm5PjDR,Côte d'Ivoire,ABIDJAN 1,ABOBO EST,FACILITY AT LEVEL 4: ABOBO EST
kf6JG4xPtQu,Côte d'Ivoire,BAGOUE,BOUNDIALI,FACILITY AT LEVEL 4: BOUNDIALI
KffjSu8AWXP,Côte d'Ivoire,NAWA,SOUBRE,FACILITY AT LEVEL 4: SOUBRE
KFGaIbinVED,Côte d'Ivoire,IFFOU,MBAHIAKRO,FACILITY AT LEVEL 4: MBAHIAKRO
KfIECxJ1ZAE,Côte d'Ivoire,GBEKE,BOUAKE-SUD,FACILITY AT LEVEL 4: BOUAKE-SUD
kfmSovze9UV,Côte d'Ivoire,CAVALLY,TOULEPLEU,FACILITY AT LEVEL 4: TOULEPLEU
kfwfxItCFum,Côte d'Ivoire,GBEKE,BOUAKE-SUD,FACILITY AT LEVEL 4: BOUAKE-SUD
kgan6qV2qu5,Côte d'Ivoire,GBOKLE,SASSANDRA,FACILITY AT LEVEL 4: SASSANDRA
kgBxQRePniv,Côte d'Ivoire,KABADOUGOU,ODIENNE,FACILITY AT LEVEL 4: ODIENNE
KGDhXJcgIz2,Côte d'Ivoire,BERE,MANKONO,FACILITY AT LEVEL 4: MANKONO
kgI2kGyOHOQ,Côte d'Ivoire,ABIDJAN 2,COCODY BINGERVILLE,FACILITY AT LEVEL 4: COCODY BINGERVILLE
kGkYLF1FvpB,Côte d'Ivoire,SUD-COMOE,ADIAKE,FACILITY AT LEVEL 4: ADIAKE
KgmZAfCkn0V,Côte d'Ivoire,NAWA,SOUBRE,FACILITY AT LEVEL 4: SOUBRE
kgrgx9lUOLL,Côte d'Ivoire,INDENIE-DUABLIN,ABENGOUROU,FACILITY AT LEVEL 4: ABENGOUROU
kGtrBXfoOxW,Côte d'Ivoire,BELIER,TOUMODI,FACILITY AT LEVEL 4: TOUMODI
kGUxyt8hzpF,Côte d'Ivoire,SUD-COMOE,ABOISSO,FACILITY AT LEVEL 4: ABOISSO
kh2XrvZ07R9,Côte d'Ivoire,TCHOLOGO,KONG,FACILITY AT LEVEL 4: KONG
KH7LkPHm5k5,Côte d'Ivoire,GBOKLE,SASSANDRA,FACILITY AT LEVEL 4: SASSANDRA
khE8gRRZQNn,Côte d'Ivoire,ABIDJAN 2,COCODY BINGERVILLE,FACILITY AT LEVEL 4: COCODY BINGERVILLE
KHhejPlANZE,Côte d'Ivoire,BELIER,YAMOUSSOUKRO,FACILITY AT LEVEL 4: YAMOUSSOUKRO
KHhOtoYiDOG,Côte d'Ivoire,INDENIE-DUABLIN,BETTIE,FACILITY AT LEVEL 4: BETTIE
kHhYmHVGSPZ,Côte d'Ivoire,SUD-COMOE,ADIAKE,FACILITY AT LEVEL 4: ADIAKE
KHLhO97w6II,Côte d'Ivoire,GUEMON,KOUIBLY,FACILITY AT LEVEL 4: KOUIBLY
kHqKqVY5Jfa,Côte d'Ivoire,ABIDJAN 2,TREICHVILLE-MARCORY,FACILITY AT LEVEL 4: TREICHVILLE-MARCORY
KhVaRQpkxlO,Côte d'Ivoire,GÔH,GAGNOA 2,FACILITY AT LEVEL 4: GAGNOA 2
kHvk1gj2dfR,Côte d'Ivoire,ABIDJAN 2,COCODY BINGERVILLE,FACILITY AT LEVEL 4: COCODY BINGERVILLE
khWi4K8GC45,Côte d'Ivoire,KABADOUGOU,ODIENNE,FACILITY AT LEVEL 4: ODIENNE
KHwOdsjEU9x,Côte d'Ivoire,ABIDJAN 2,COCODY BINGERVILLE,FACILITY AT LEVEL 4: COCODY BINGERVILLE
Ki0AaPUvQwk,Côte d'Ivoire,FOLON,MINIGNAN,FACILITY AT LEVEL 4: MINIGNAN
kI0SufQ7aHj,Côte d'Ivoire,BELIER,TOUMODI,FACILITY AT LEVEL 4: TOUMODI
KidcrTwhAKk,Côte d'Ivoire,HAUT SASSANDRA,ISSIA,FACILITY AT LEVEL 4: ISSIA
KijawwvGExH,Côte d'Ivoire,ABIDJAN 2,COCODY BINGERVILLE,FACILITY AT LEVEL 4: COCODY BINGERVILLE
KIkeI99O52y,Côte d'Ivoire,BERE,KOUNAHIRI,FACILITY AT LEVEL 4: KOUNAHIRI
kiNoY2KN2sT,Côte d'Ivoire,LÔH-DJIBOUA,LAKOTA,FACILITY AT LEVEL 4: LAKOTA
kIZcDOtYRbO,Côte d'Ivoire,BELIER,TIEBISSOU,FACILITY AT LEVEL 4: TIEBISSOU
kjEEaUcFree,Côte d'Ivoire,KABADOUGOU,ODIENNE,FACILITY AT LEVEL 4: ODIENNE
KjguLUoJs8E,Côte d'Ivoire,ABIDJAN 1,ABOBO EST,FACILITY AT LEVEL 4: ABOBO EST
KJKEk8gaJHU,Côte d'Ivoire,BAGOUE,KOUTO,FACILITY AT LEVEL 4: KOUTO
KJPWIdXAkVS,Côte d'Ivoire,GBEKE,BOUAKE NORD-OUEST,FACILITY AT LEVEL 4: BOUAKE NORD-OUEST
kjwlT8flhle,Côte d'Ivoire,SUD-COMOE,ABOISSO,FACILITY AT LEVEL 4: ABOISSO
Kjxd0EoIRDA,Côte d'Ivoire,GBEKE,BEOUMI,FACILITY AT LEVEL 4: BEOUMI
KjYGHFJP1EF,Côte d'Ivoire,IFFOU,PRIKRO,FACILITY AT LEVEL 4: PRIKRO
kk3ubUvTkeF,Côte d'Ivoire,SAN PEDRO,SAN-PEDRO,FACILITY AT LEVEL 4: SAN-PEDRO
KkARfEGrujF,Côte d'Ivoire,IFFOU,PRIKRO,FACILITY AT LEVEL 4: PRIKRO
KKG8s3Z5EPH,Côte d'Ivoire,BOUNKANI,DOROPO,FACILITY AT LEVEL 4: DOROPO
kKgvoM5yqiU,Côte d'Ivoire,ABIDJAN 2,COCODY BINGERVILLE,FACILITY AT LEVEL 4: COCODY BINGERVILLE
KkHPtkgzKgt,Côte d'Ivoire,GÔH,GAGNOA 1,FACILITY AT LEVEL 4: GAGNOA 1
kkM3AHiTZRy,Côte d'Ivoire,ABIDJAN 2,ADJAME-PLATEAU-ATTECOUBE,FACILITY AT LEVEL 4: ADJAME-PLATEAU-ATTECOUBE
kKMSAINBBoh,Côte d'Ivoire,TCHOLOGO,OUANGOLODOUGOU,FACILITY AT LEVEL 4: OUANGOLODOUGOU
kKRNvJxeLch,Côte d'Ivoire,KABADOUGOU,ODIENNE,FACILITY AT LEVEL 4: ODIENNE
kkU8EdByI06,Côte d'Ivoire,FOLON,MINIGNAN,FACILITY AT LEVEL 4: MINIGNAN
KkYL8M005ju,Côte d'Ivoire,GBEKE,BEOUMI,FACILITY AT LEVEL 4: BEOUMI
KLaXSsAgfZq,Côte d'Ivoire,ABIDJAN 2,ADJAME-PLATEAU-ATTECOUBE,FACILITY AT LEVEL 4: ADJAME-PLATEAU-ATTECOUBE
kLbIhl5e2Ol,Côte d'Ivoire,BOUNKANI,BOUNA,FACILITY AT LEVEL 4: BOUNA
KLDnzcvbmXB,Côte d'Ivoire,BAGOUE,KOUTO,FACILITY AT LEVEL 4: KOUTO
KLEIeni3XAw,Côte d'Ivoire,NAWA,SOUBRE,FACILITY AT LEVEL 4: SOUBRE
kLLxj2d81eJ,Côte d'Ivoire,TCHOLOGO,OUANGOLODOUGOU,FACILITY AT LEVEL 4: OUANGOLODOUGOU
KLQ6EjYJtSs,Côte d'Ivoire,NAWA,MEAGUI,FACILITY AT LEVEL 4: MEAGUI
klvjKLLdGno,Côte d'Ivoire,GÔH,GAGNOA 1,FACILITY AT LEVEL 4: GAGNOA 1
KlWzFKnzCxy,Côte d'Ivoire,ABIDJAN 1,YOPOUGON-OUEST SONGON,FACILITY AT LEVEL 4: YOPOUGON-OUEST SONGON
KMb9khqacZZ,Côte d'Ivoire,BELIER,TOUMODI,FACILITY AT LEVEL 4: TOUMODI
KMD1hlO3JFE,Côte d'Ivoire,NAWA,MEAGUI,FACILITY AT LEVEL 4: MEAGUI
KMM6ALhQajz,Côte d'Ivoire,PORO,KORHOGO 1,FACILITY AT LEVEL 4: KORHOGO 1
KmpAbYaJ3YN,Côte d'Ivoire,ABIDJAN 2,COCODY BINGERVILLE,FACILITY AT LEVEL 4: COCODY BINGERVILLE
kMqgc7WLKM2,Côte d'Ivoire,ABIDJAN 2,COCODY BINGERVILLE,FACILITY AT LEVEL 4: COCODY BINGERVILLE
kMsHZRoNDNv,Côte d'Ivoire,AGNEBY-TIASSA,TIASSALE,FACILITY AT LEVEL 4: TIASSALE
KMYrKBgTklI,Côte d'Ivoire,MARAHOUE,SINFRA,FACILITY AT LEVEL 4: SINFRA
kN4txWtuwyq,Côte d'Ivoire,ABIDJAN 2,KOUMASSI,FACILITY AT LEVEL 4: KOUMASSI
KNMhaaSOKoJ,Côte d'Ivoire,ABIDJAN 1,YOPOUGON-EST,FACILITY AT LEVEL 4: YOPOUGON-EST
kNrVcNQ6qsI,Côte d'Ivoire,BELIER,YAMOUSSOUKRO,FACILITY AT LEVEL 4: YAMOUSSOUKRO
Knsr5wP8GYI,Côte d'Ivoire,GBEKE,BOUAKE NORD-OUEST,FACILITY AT LEVEL 4: BOUAKE NORD-OUEST
kntMUzl7Vt6,Côte d'Ivoire,NAWA,BUYO,FACILITY AT LEVEL 4: BUYO
kNv1M4eAZrW,Côte d'Ivoire,BAGOUE,BOUNDIALI,FACILITY AT LEVEL 4: BOUNDIALI
KnwLGQlW0iw,Côte d'Ivoire,GONTOUGO,TRANSUA,FACILITY AT LEVEL 4: TRANSUA
KnYhvwXXK0C,Côte d'Ivoire,BOUNKANI,BOUNA,FACILITY AT LEVEL 4: BOUNA
ko1lSrBATHX,Côte d'Ivoire,LÔH-DJIBOUA,LAKOTA,FACILITY AT LEVEL 4: LAKOTA
ko78Z75b6YN,Côte d'Ivoire,ABIDJAN 1,YOPOUGON-OUEST SONGON,FACILITY AT LEVEL 4: YOPOUGON-OUEST SONGON
KOExHsBref6,Côte d'Ivoire,NAWA,BUYO,FACILITY AT LEVEL 4: BUYO
KoNDOGOTup2,Côte d'Ivoire,MARAHOUE,BOUAFLE,FACILITY AT LEVEL 4: BOUAFLE
koPeSBICmrp,Côte d'Ivoire,SUD-COMOE,ABOISSO,FACILITY AT LEVEL 4: ABOISSO
KOpT9J2RgKk,Côte d'Ivoire,GUEMON,DUEKOUE,FACILITY AT LEVEL 4: DUEKOUE
kOvoflxqkGw,Côte d'Ivoire,ABIDJAN 1,ABOBO EST,FACILITY AT LEVEL 4: ABOBO EST
Kp4Q9nxrsH5,Côte d'Ivoire,TONKPI,MAN,FACILITY AT LEVEL 4: MAN
KP7MT2E1mhZ,Côte d'Ivoire,KABADOUGOU,ODIENNE,FACILITY AT LEVEL 4: ODIENNE
KPCzoj1FCus,Côte d'Ivoire,SUD-COMOE,ABOISSO,FACILITY AT LEVEL 4: ABOISSO
kpF3AjbAV2F,Côte d'Ivoire,GONTOUGO,BONDOUKOU,FACILITY AT LEVEL 4: BONDOUKOU
kPYPRl1cddq,Côte d'Ivoire,ABIDJAN 2,ADJAME-PLATEAU-ATTECOUBE,FACILITY AT LEVEL 4: ADJAME-PLATEAU-ATTECOUBE
Kq1uajqoUFk,Côte d'Ivoire,GÔH,GAGNOA 2,FACILITY AT LEVEL 4: GAGNOA 2
kQoFlsWgAPv,Côte d'Ivoire,ABIDJAN 1,YOPOUGON-EST,FACILITY AT LEVEL 4: YOPOUGON-EST
KqRLiVyowPf,Côte d'Ivoire,BOUNKANI,DOROPO,FACILITY AT LEVEL 4: DOROPO
kqsWemfdGOQ,Côte d'Ivoire,HAUT SASSANDRA,DALOA,FACILITY AT LEVEL 4: DALOA
KqTrxo7jngs,Côte d'Ivoire,KABADOUGOU,ODIENNE,FACILITY AT LEVEL 4: ODIENNE
kqXJc3f9lTL,Côte d'Ivoire,AGNEBY-TIASSA,AGBOVILLE,FACILITY AT LEVEL 4: AGBOVILLE
kr1iiFwbA2t,Côte d'Ivoire,ABIDJAN 1,YOPOUGON-EST,FACILITY AT LEVEL 4: YOPOUGON-EST
kr1XsJ2I9h4,Côte d'Ivoire,ABIDJAN 1,YOPOUGON-OUEST SONGON,FACILITY AT LEVEL 4: YOPOUGON-OUEST SONGON
KRAZiaejzfy,Côte d'Ivoire,BELIER,TOUMODI,FACILITY AT LEVEL 4: TOUMODI
KRfE2ZKe9j8,Côte d'Ivoire,AGNEBY-TIASSA,SIKENSI,FACILITY AT LEVEL 4: SIKENSI
krNhKiOv76z,Côte d'Ivoire,CAVALLY,GUIGLO,FACILITY AT LEVEL 4: GUIGLO
KroJUqgCaFw,Côte d'Ivoire,PORO,SINEMATIALI,FACILITY AT LEVEL 4: SINEMATIALI
krq8BqQbbmI,Côte d'Ivoire,AGNEBY-TIASSA,AGBOVILLE,FACILITY AT LEVEL 4: AGBOVILLE
KRY1k9epXli,Côte d'Ivoire,BAGOUE,KOUTO,FACILITY AT LEVEL 4: KOUTO
KrYEOKqlhe4,Côte d'Ivoire,ABIDJAN 2,TREICHVILLE-MARCORY,FACILITY AT LEVEL 4: TREICHVILLE-MARCORY
kS7pHZXopzA,Côte d'Ivoire,LÔH-DJIBOUA,LAKOTA,FACILITY AT LEVEL 4: LAKOTA
ksACwihn4zU,Côte d'Ivoire,ABIDJAN 2,COCODY BINGERVILLE,FACILITY AT LEVEL 4: COCODY BINGERVILLE
kSb9WbodZd7,Côte d'Ivoire,ABIDJAN 1,YOPOUGON-OUEST SONGON,FACILITY AT LEVEL 4: YOPOUGON-OUEST SONGON
KSRCzL2dHHo,Côte d'Ivoire,GÔH,GAGNOA 1,FACILITY AT LEVEL 4: GAGNOA 1
ksvP2WvyQbu,Côte d'Ivoire,HAMBOL,NIAKARAMADOUGOU,FACILITY AT LEVEL 4: NIAKARAMADOUGOU
Kt4ixaGIniH,Côte d'Ivoire,CAVALLY,BLOLEQUIN,FACILITY AT LEVEL 4: BLOLEQUIN
KtEDJZX6RrJ,Côte d'Ivoire,HAUT SASSANDRA,DALOA,FACILITY AT LEVEL 4: DALOA
KtlCnh9ADLM,Côte d'Ivoire,INDENIE-DUABLIN,ABENGOUROU,FACILITY AT LEVEL 4: ABENGOUROU
KTr5koWXh9q,Côte d'Ivoire,MARAHOUE,BOUAFLE,FACILITY AT LEVEL 4: BOUAFLE
KtwEaQjnQ9z,Côte d'Ivoire,TONKPI,MAN,FACILITY AT LEVEL 4: MAN
ktYn8eqdPH0,Côte d'Ivoire,LÔH-DJIBOUA,DIVO,FACILITY AT LEVEL 4: DIVO
KuHtoElOeWo,Côte d'Ivoire,BERE,MANKONO,FACILITY AT LEVEL 4: MANKONO
KuKq7mafedt,Côte d'Ivoire,GONTOUGO,BONDOUKOU,FACILITY AT LEVEL 4: BONDOUKOU
kus3EaRMHOp,Côte d'Ivoire,NAWA,BUYO,FACILITY AT LEVEL 4: BUYO
KuyxbV2Nqze,Côte d'Ivoire,GUEMON,BANGOLO,FACILITY AT LEVEL 4: BANGOLO
KUZC2aERr27,Côte d'Ivoire,LÔH-DJIBOUA,DIVO,FACILITY AT LEVEL 4: DIVO
kV8xJ9EM0aY,Côte d'Ivoire,GBEKE,BOUAKE NORD-EST,FACILITY AT LEVEL 4: BOUAKE NORD-EST
kV9Go9PIhNb,Côte d'Ivoire,LÔH-DJIBOUA,DIVO,FACILITY AT LEVEL 4: DIVO
KVcTmvHWZtq,Côte d'Ivoire,TCHOLOGO,FERKESSEDOUGOU,FACILITY AT LEVEL 4: FERKESSEDOUGOU
kVGqn6XsNXA,Côte d'Ivoire,KABADOUGOU,ODIENNE,FACILITY AT LEVEL 4: ODIENNE
kVjJlyikPxp,Côte d'Ivoire,GRANDS PONTS,GRAND-LAHOU,FACILITY AT LEVEL 4: GRAND-LAHOU
kvL8tEJBjIs,Côte d'Ivoire,PORO,KORHOGO 2,FACILITY AT LEVEL 4: KORHOGO 2
KVn5fnK1y8t,Côte d'Ivoire,SUD-COMOE,ABOISSO,FACILITY AT LEVEL 4: ABOISSO
kVx7sKWnHRj,Côte d'Ivoire,N'ZI,DIMBOKRO,FACILITY AT LEVEL 4: DIMBOKRO
KvxbnHd7y84,Côte d'Ivoire,KABADOUGOU,ODIENNE,FACILITY AT LEVEL 4: ODIENNE
KWa6g7o5MCz,Côte d'Ivoire,ME,AKOUPE,FACILITY AT LEVEL 4: AKOUPE
kwAMw6zWcvA,Côte d'Ivoire,ME,ADZOPE,FACILITY AT LEVEL 4: ADZOPE
KWfPakpFjLS,Côte d'Ivoire,KABADOUGOU,ODIENNE,FACILITY AT LEVEL 4: ODIENNE
kWjl2ct0ELu,Côte d'Ivoire,ABIDJAN 2,PORT-BOUET-VRIDI,FACILITY AT LEVEL 4: PORT-BOUET-VRIDI
KwjPvt4rggS,Côte d'Ivoire,HAUT SASSANDRA,VAVOUA,FACILITY AT LEVEL 4: VAVOUA
KWUazrtE8af,Côte d'Ivoire,HAUT SASSANDRA,DALOA,FACILITY AT LEVEL 4: DALOA
kwvcZO19qQM,Côte d'Ivoire,MARAHOUE,SINFRA,FACILITY AT LEVEL 4: SINFRA
KXATggvXUzZ,Côte d'Ivoire,ABIDJAN 2,TREICHVILLE-MARCORY,FACILITY AT LEVEL 4: TREICHVILLE-MARCORY
KXHbKyxVKfG,Côte d'Ivoire,PORO,M'BENGUE,FACILITY AT LEVEL 4: M'BENGUE
kxj58cIaKGk,Côte d'Ivoire,HAUT SASSANDRA,DALOA,FACILITY AT LEVEL 4: DALOA
KXm1bkRwXDM,Côte d'Ivoire,ABIDJAN 2,COCODY BINGERVILLE,FACILITY AT LEVEL 4: COCODY BINGERVILLE
KxOK8Ts5xC7,Côte d'Ivoire,PORO,DIKODOUGOU,FACILITY AT LEVEL 4: DIKODOUGOU
Kxtv3KavBA1,Côte d'Ivoire,ABIDJAN 1,YOPOUGON-OUEST SONGON,FACILITY AT LEVEL 4: YOPOUGON-OUEST SONGON
kxye1QiucMF,Côte d'Ivoire,KABADOUGOU,ODIENNE,FACILITY AT LEVEL 4: ODIENNE
ky3niGS9snt,Côte d'Ivoire,TONKPI,ZOUAN-HOUNIEN,FACILITY AT LEVEL 4: ZOUAN-HOUNIEN
KY7PY6Oek9l,Côte d'Ivoire,GRANDS PONTS,DABOU,FACILITY AT LEVEL 4: DABOU
kyATsd6uKiq,Côte d'Ivoire,MARAHOUE,ZUENOULA,FACILITY AT LEVEL 4: ZUENOULA
KynKCypNiZC,Côte d'Ivoire,IFFOU,PRIKRO,FACILITY AT LEVEL 4: PRIKRO
kYO8VYUo2gy,Côte d'Ivoire,GBOKLE,SASSANDRA,FACILITY AT LEVEL 4: SASSANDRA
kYuexjTMEw3,Côte d'Ivoire,ABIDJAN 2,PORT-BOUET-VRIDI,FACILITY AT LEVEL 4: PORT-BOUET-VRIDI
kyVsWxM5xpz,Côte d'Ivoire,GUEMON,DUEKOUE,FACILITY AT LEVEL 4: DUEKOUE
KZGnnypVV0Z,Côte d'Ivoire,GBEKE,BOUAKE NORD-EST,FACILITY AT LEVEL 4: BOUAKE NORD-EST
kzhPa9dd2R8,Côte d'Ivoire,TCHOLOGO,OUANGOLODOUGOU,FACILITY AT LEVEL 4: OUANGOLODOUGOU
kZMgEXF0EiF,Côte d'Ivoire,ABIDJAN 1,YOPOUGON-OUEST SONGON,FACILITY AT LEVEL 4: YOPOUGON-OUEST SONGON
KzwP3CMWKGJ,Côte d'Ivoire,SAN PEDRO,SAN-PEDRO,FACILITY AT LEVEL 4: SAN-PEDRO
KZyImnBOCQ5,Côte d'Ivoire,GRANDS PONTS,GRAND-LAHOU,FACILITY AT LEVEL 4: GRAND-LAHOU
l0Kf39kXCZ6,Côte d'Ivoire,ABIDJAN 1,ABOBO OUEST,FACILITY AT LEVEL 4: ABOBO OUEST
l1CInyXGgAz,Côte d'Ivoire,PORO,KORHOGO 1,FACILITY AT LEVEL 4: KORHOGO 1
l1e6KOpIuqu,Côte d'Ivoire,BAFING,TOUBA,FACILITY AT LEVEL 4: TOUBA
L1LgIDIrH2u,Côte d'Ivoire,FOLON,MINIGNAN,FACILITY AT LEVEL 4: MINIGNAN
L22BgG63Gdh,Côte d'Ivoire,ABIDJAN 1,YOPOUGON-OUEST SONGON,FACILITY AT LEVEL 4: YOPOUGON-OUEST SONGON
L2pNGjAdjJB,Côte d'Ivoire,NAWA,SOUBRE,FACILITY AT LEVEL 4: SOUBRE
L2ZAOf3Ky6C,Côte d'Ivoire,HAUT SASSANDRA,VAVOUA,FACILITY AT LEVEL 4: VAVOUA
l2zj74XXb7G,Côte d'Ivoire,MORONOU,BONGOUANOU,FACILITY AT LEVEL 4: BONGOUANOU
l3dWbXKlY9e,Côte d'Ivoire,HAMBOL,KATIOLA,FACILITY AT LEVEL 4: KATIOLA
l3lbFnEX8II,Côte d'Ivoire,ABIDJAN 2,COCODY BINGERVILLE,FACILITY AT LEVEL 4: COCODY BINGERVILLE
L3OQoPOwSFy,Côte d'Ivoire,GUEMON,BANGOLO,FACILITY AT LEVEL 4: BANGOLO
l3TJVDTaogL,Côte d'Ivoire,LÔH-DJIBOUA,GUITRY,FACILITY AT LEVEL 4: GUITRY
l4avWQJzaUD,Côte d'Ivoire,IFFOU,DAOUKRO,FACILITY AT LEVEL 4: DAOUKRO
l4bBkadoPEJ,Côte d'Ivoire,MORONOU,ARRAH,FACILITY AT LEVEL 4: ARRAH
L4DHjgIFMS2,Côte d'Ivoire,GBEKE,BOUAKE NORD-OUEST,FACILITY AT LEVEL 4: BOUAKE NORD-OUEST
L4k4a0dpH2S,Côte d'Ivoire,GÔH,GAGNOA 1,FACILITY AT LEVEL 4: GAGNOA 1
L4r7HZMiUnM,Côte d'Ivoire,GONTOUGO,BONDOUKOU,FACILITY AT LEVEL 4: BONDOUKOU
L4sGrTCjq5v,Côte d'Ivoire,GONTOUGO,KOUN-FAO,FACILITY AT LEVEL 4: KOUN-FAO
l4z1TtykbCv,Côte d'Ivoire,ABIDJAN 2,ADJAME-PLATEAU-ATTECOUBE,FACILITY AT LEVEL 4: ADJAME-PLATEAU-ATTECOUBE
L5QegIyR0Jd,Côte d'Ivoire,ABIDJAN 2,TREICHVILLE-MARCORY,FACILITY AT LEVEL 4: TREICHVILLE-MARCORY
L5UARu29IIB,Côte d'Ivoire,ABIDJAN 2,PORT-BOUET-VRIDI,FACILITY AT LEVEL 4: PORT-BOUET-VRIDI
L6F0E4rNlTK,Côte d'Ivoire,SUD-COMOE,TIAPOUM,FACILITY AT LEVEL 4: TIAPOUM
L7Cw94aYF7n,Côte d'Ivoire,BAGOUE,TENGRELA,FACILITY AT LEVEL 4: TENGRELA
L7eFMWbR1k0,Côte d'Ivoire,AGNEBY-TIASSA,AGBOVILLE,FACILITY AT LEVEL 4: AGBOVILLE
L7gCR3dZF7x,Côte d'Ivoire,BELIER,YAMOUSSOUKRO,FACILITY AT LEVEL 4: YAMOUSSOUKRO
L7hcovFqWhT,Côte d'Ivoire,BELIER,YAMOUSSOUKRO,FACILITY AT LEVEL 4: YAMOUSSOUKRO
L7Z9WWQHXXW,Côte d'Ivoire,GÔH,GAGNOA 1,FACILITY AT LEVEL 4: GAGNOA 1
L86C5iDdkmu,Côte d'Ivoire,ABIDJAN 2,COCODY BINGERVILLE,FACILITY AT LEVEL 4: COCODY BINGERVILLE
l8Cj9yzytP5,Côte d'Ivoire,ABIDJAN 2,ADJAME-PLATEAU-ATTECOUBE,FACILITY AT LEVEL 4: ADJAME-PLATEAU-ATTECOUBE
L8cz2leP7zh,Côte d'Ivoire,GONTOUGO,TRANSUA,FACILITY AT LEVEL 4: TRANSUA
l8MAIijr4wE,Côte d'Ivoire,NAWA,BUYO,FACILITY AT LEVEL 4: BUYO
L8o1s7K1zuu,Côte d'Ivoire,BOUNKANI,BOUNA,FACILITY AT LEVEL 4: BOUNA
L994AL5RQY0,Côte d'Ivoire,MARAHOUE,ZUENOULA,FACILITY AT LEVEL 4: ZUENOULA
L9Eg5QcnYuX,Côte d'Ivoire,ABIDJAN 1,ANYAMA,FACILITY AT LEVEL 4: ANYAMA
l9K5iESJ5xr,Côte d'Ivoire,ABIDJAN 1,ABOBO EST,FACILITY AT LEVEL 4: ABOBO EST
l9sxI3LFgOh,Côte d'Ivoire,BAFING,KORO,FACILITY AT LEVEL 4: KORO
LA2eqVd2UWw,Côte d'Ivoire,WORODOUGOU,KANI,FACILITY AT LEVEL 4: KANI
LAdgX5R3HNy,Côte d'Ivoire,BELIER,YAMOUSSOUKRO,FACILITY AT LEVEL 4: YAMOUSSOUKRO
LAjmEPLQ9PC,Côte d'Ivoire,CAVALLY,TOULEPLEU,FACILITY AT LEVEL 4: TOULEPLEU
lAYbqGWZLhe,Côte d'Ivoire,PORO,KORHOGO 1,FACILITY AT LEVEL 4: KORHOGO 1
lAzsBmrrM1l,Côte d'Ivoire,MORONOU,M'BATTO,FACILITY AT LEVEL 4: M'BATTO
lBeVyNgAorJ,Côte d'Ivoire,HAUT SASSANDRA,ISSIA,FACILITY AT LEVEL 4: ISSIA
Lbfg4szGfyn,Côte d'Ivoire,HAUT SASSANDRA,ISSIA,FACILITY AT LEVEL 4: ISSIA
LBITGXF1RKp,Côte d'Ivoire,ABIDJAN 2,COCODY BINGERVILLE,FACILITY AT LEVEL 4: COCODY BINGERVILLE
lBkL9Poo7Xi,Côte d'Ivoire,HAMBOL,DABAKALA,FACILITY AT LEVEL 4: DABAKALA
LBNgzOuABXB,Côte d'Ivoire,PORO,KORHOGO 1,FACILITY AT LEVEL 4: KORHOGO 1
lBrkUwNpNa4,Côte d'Ivoire,GBOKLE,SASSANDRA,FACILITY AT LEVEL 4: SASSANDRA
LbzbJhQRvLk,Côte d'Ivoire,MORONOU,ARRAH,FACILITY AT LEVEL 4: ARRAH
LC2o7n10X57,Côte d'Ivoire,PORO,M'BENGUE,FACILITY AT LEVEL 4: M'BENGUE
Lci2Z5GKzx0,Côte d'Ivoire,HAMBOL,NIAKARAMADOUGOU,FACILITY AT LEVEL 4: NIAKARAMADOUGOU
lCiVETJTxzH,Côte d'Ivoire,ABIDJAN 2,COCODY BINGERVILLE,FACILITY AT LEVEL 4: COCODY BINGERVILLE
LclKnZUAXJ1,Côte d'Ivoire,HAUT SASSANDRA,ZOUKOUGBEU,FACILITY AT LEVEL 4: ZOUKOUGBEU
lCogLVGOnAu,Côte d'Ivoire,GONTOUGO,BONDOUKOU,FACILITY AT LEVEL 4: BONDOUKOU
LcrCmRvc2dY,Côte d'Ivoire,BOUNKANI,BOUNA,FACILITY AT LEVEL 4: BOUNA
lCvWPVeh3bi,Côte d'Ivoire,BELIER,DIDIEVI,FACILITY AT LEVEL 4: DIDIEVI
LCZ0jFgaCEm,Côte d'Ivoire,HAUT SASSANDRA,DALOA,FACILITY AT LEVEL 4: DALOA
LdCzrlFXSZ6,Côte d'Ivoire,HAUT SASSANDRA,VAVOUA,FACILITY AT LEVEL 4: VAVOUA
ldJltwJ3lJL,Côte d'Ivoire,HAMBOL,KATIOLA,FACILITY AT LEVEL 4: KATIOLA
Le6eLgfvOov,Côte d'Ivoire,TCHOLOGO,KONG,FACILITY AT LEVEL 4: KONG
lEbejEUGi4U,Côte d'Ivoire,TONKPI,BIANKOUMA,FACILITY AT LEVEL 4: BIANKOUMA
LEdm5rQP8ZG,Côte d'Ivoire,NAWA,BUYO,FACILITY AT LEVEL 4: BUYO
ledzgtUphJj,Côte d'Ivoire,INDENIE-DUABLIN,ABENGOUROU,FACILITY AT LEVEL 4: ABENGOUROU
LeE0YLhfYX4,Côte d'Ivoire,PORO,KORHOGO 1,FACILITY AT LEVEL 4: KORHOGO 1
lemiKyVbgZn,Côte d'Ivoire,SAN PEDRO,SAN-PEDRO,FACILITY AT LEVEL 4: SAN-PEDRO
LemXsoRIQwH,Côte d'Ivoire,GBEKE,BOUAKE NORD-EST,FACILITY AT LEVEL 4: BOUAKE NORD-EST
lEYTmpusQkf,Côte d'Ivoire,SAN PEDRO,SAN-PEDRO,FACILITY AT LEVEL 4: SAN-PEDRO
lEzSyfRs0VE,Côte d'Ivoire,TCHOLOGO,FERKESSEDOUGOU,FACILITY AT LEVEL 4: FERKESSEDOUGOU
lfA2tW7PLt6,Côte d'Ivoire,IFFOU,PRIKRO,FACILITY AT LEVEL 4: PRIKRO
LFoc1dglD7m,Côte d'Ivoire,GÔH,GAGNOA 1,FACILITY AT LEVEL 4: GAGNOA 1
lFTTvjwF0Vv,Côte d'Ivoire,PORO,KORHOGO 2,FACILITY AT LEVEL 4: KORHOGO 2
lG3ArWHewzy,Côte d'Ivoire,MARAHOUE,SINFRA,FACILITY AT LEVEL 4: SINFRA
Lg6nf7nwpEA,Côte d'Ivoire,ABIDJAN 2,COCODY BINGERVILLE,FACILITY AT LEVEL 4: COCODY BINGERVILLE
LgbJIRdKIWd,Côte d'Ivoire,GBEKE,BOUAKE NORD-OUEST,FACILITY AT LEVEL 4: BOUAKE NORD-OUEST
LGdq6IxjmRL,Côte d'Ivoire,BELIER,TIEBISSOU,FACILITY AT LEVEL 4: TIEBISSOU
LgiBWb1OeyW,Côte d'Ivoire,KABADOUGOU,ODIENNE,FACILITY AT LEVEL 4: ODIENNE
lGqIDvuelR8,Côte d'Ivoire,TONKPI,MAN,FACILITY AT LEVEL 4: MAN
LGR5WethiEH,Côte d'Ivoire,PORO,KORHOGO 1,FACILITY AT LEVEL 4: KORHOGO 1
lH7YwbMycve,Côte d'Ivoire,TCHOLOGO,FERKESSEDOUGOU,FACILITY AT LEVEL 4: FERKESSEDOUGOU
lh8hCAWwFnD,Côte d'Ivoire,ABIDJAN 1,ABOBO OUEST,FACILITY AT LEVEL 4: ABOBO OUEST
LhScwLDVbWc,Côte d'Ivoire,GRANDS PONTS,DABOU,FACILITY AT LEVEL 4: DABOU
LHxMpgL743S,Côte d'Ivoire,HAMBOL,NIAKARAMADOUGOU,FACILITY AT LEVEL 4: NIAKARAMADOUGOU
li6ZZ8WSzYQ,Côte d'Ivoire,AGNEBY-TIASSA,TIASSALE,FACILITY AT LEVEL 4: TIASSALE
LiFStmSg6tU,Côte d'Ivoire,AGNEBY-TIASSA,TIASSALE,FACILITY AT LEVEL 4: TIASSALE
limfuCt04Dr,Côte d'Ivoire,TONKPI,MAN,FACILITY AT LEVEL 4: MAN
LIOrpC8YMct,Côte d'Ivoire,KABADOUGOU,ODIENNE,FACILITY AT LEVEL 4: ODIENNE
lJ2cyJubvva,Côte d'Ivoire,TONKPI,ZOUAN-HOUNIEN,FACILITY AT LEVEL 4: ZOUAN-HOUNIEN
LJ8DtpJ4flg,Côte d'Ivoire,HAUT SASSANDRA,DALOA,FACILITY AT LEVEL 4: DALOA
Ljm34iKs1ZY,Côte d'Ivoire,HAUT SASSANDRA,DALOA,FACILITY AT LEVEL 4: DALOA
lJTycmnbJIZ,Côte d'Ivoire,ABIDJAN 2,COCODY BINGERVILLE,FACILITY AT LEVEL 4: COCODY BINGERVILLE
LJWGHj5pj2Y,Côte d'Ivoire,BAGOUE,BOUNDIALI,FACILITY AT LEVEL 4: BOUNDIALI
LK5aV1EMwb1,Côte d'Ivoire,ABIDJAN 2,COCODY BINGERVILLE,FACILITY AT LEVEL 4: COCODY BINGERVILLE
lkD3naG4ax6,Côte d'Ivoire,MARAHOUE,ZUENOULA,FACILITY AT LEVEL 4: ZUENOULA
LkfEuHBjru3,Côte d'Ivoire,ABIDJAN 2,COCODY BINGERVILLE,FACILITY AT LEVEL 4: COCODY BINGERVILLE
lKflSQZDtGo,Côte d'Ivoire,TONKPI,MAN,FACILITY AT LEVEL 4: MAN
lKgrhFd77kC,Côte d'Ivoire,ABIDJAN 2,ADJAME-PLATEAU-ATTECOUBE,FACILITY AT LEVEL 4: ADJAME-PLATEAU-ATTECOUBE
LkkRfdgIMHO,Côte d'Ivoire,GONTOUGO,TANDA,FACILITY AT LEVEL 4: TANDA
lKyrJXUZ7YS,Côte d'Ivoire,ME,ADZOPE,FACILITY AT LEVEL 4: ADZOPE
lL5r5qCYEVW,Côte d'Ivoire,BELIER,TIEBISSOU,FACILITY AT LEVEL 4: TIEBISSOU
LlqR6cEoPLM,Côte d'Ivoire,BAGOUE,TENGRELA,FACILITY AT LEVEL 4: TENGRELA
llt2qeVACDn,Côte d'Ivoire,ABIDJAN 1,ABOBO OUEST,FACILITY AT LEVEL 4: ABOBO OUEST
LLYpO5omR26,Côte d'Ivoire,ABIDJAN 1,ANYAMA,FACILITY AT LEVEL 4: ANYAMA
lLyWhh4v6XJ,Côte d'Ivoire,NAWA,MEAGUI,FACILITY AT LEVEL 4: MEAGUI
lMhlxJL0DIn,Côte d'Ivoire,FOLON,KANIASSO,FACILITY AT LEVEL 4: KANIASSO
LMHQ2bwqVZb,Côte d'Ivoire,ABIDJAN 1,YOPOUGON-EST,FACILITY AT LEVEL 4: YOPOUGON-EST
lmjC0XitRfk,Côte d'Ivoire,GBOKLE,SASSANDRA,FACILITY AT LEVEL 4: SASSANDRA
Ln21IbovpYa,Côte d'Ivoire,ABIDJAN 1,ABOBO EST,FACILITY AT LEVEL 4: ABOBO EST
Ln9YDxpUyga,Côte d'Ivoire,LÔH-DJIBOUA,LAKOTA,FACILITY AT LEVEL 4: LAKOTA
LNai4fzhvGN,Côte d'Ivoire,AGNEBY-TIASSA,AGBOVILLE,FACILITY AT LEVEL 4: AGBOVILLE
lnAYMiASnj7,Côte d'Ivoire,BELIER,YAMOUSSOUKRO,FACILITY AT LEVEL 4: YAMOUSSOUKRO
lnbeMIB22aM,Côte d'Ivoire,GONTOUGO,BONDOUKOU,FACILITY AT LEVEL 4: BONDOUKOU
LNGluubHKwQ,Côte d'Ivoire,ABIDJAN 1,YOPOUGON-EST,FACILITY AT LEVEL 4: YOPOUGON-EST
LNIAmgfJ3OO,Côte d'Ivoire,KABADOUGOU,ODIENNE,FACILITY AT LEVEL 4: ODIENNE
lNVfti2VHOX,Côte d'Ivoire,ABIDJAN 2,PORT-BOUET-VRIDI,FACILITY AT LEVEL 4: PORT-BOUET-VRIDI
lnxoilmDawx,Côte d'Ivoire,ABIDJAN 2,COCODY BINGERVILLE,FACILITY AT LEVEL 4: COCODY BINGERVILLE
LNyTm9Nwni5,Côte d'Ivoire,NAWA,SOUBRE,FACILITY AT LEVEL 4: SOUBRE
Lo5u78zjVmI,Côte d'Ivoire,BOUNKANI,NASSIAN,FACILITY AT LEVEL 4: NASSIAN
lOEIIgnccF2,Côte d'Ivoire,BOUNKANI,BOUNA,FACILITY AT LEVEL 4: BOUNA
loLgOMT0Uwe,Côte d'Ivoire,HAMBOL,NIAKARAMADOUGOU,FACILITY AT LEVEL 4: NIAKARAMADOUGOU
lomhP21q6lJ,Côte d'Ivoire,ABIDJAN 1,ABOBO OUEST,FACILITY AT LEVEL 4: ABOBO OUEST
LpBLQU5LUSc,Côte d'Ivoire,INDENIE-DUABLIN,ABENGOUROU,FACILITY AT LEVEL 4: ABENGOUROU
LPgtwcQsI3l,Côte d'Ivoire,MARAHOUE,BOUAFLE,FACILITY AT LEVEL 4: BOUAFLE
LPLhQsWZ3HM,Côte d'Ivoire,TONKPI,BIANKOUMA,FACILITY AT LEVEL 4: BIANKOUMA
lpwlWhegHX7,Côte d'Ivoire,HAMBOL,DABAKALA,FACILITY AT LEVEL 4: DABAKALA
lpxM2SDN1Zi,Côte d'Ivoire,NAWA,MEAGUI,FACILITY AT LEVEL 4: MEAGUI
lpzUqeDyaXG,Côte d'Ivoire,BAGOUE,KOUTO,FACILITY AT LEVEL 4: KOUTO
lQ4xBMNlNo7,Côte d'Ivoire,BOUNKANI,BOUNA,FACILITY AT LEVEL 4: BOUNA
lq7DqXjLYjd,Côte d'Ivoire,GUEMON,KOUIBLY,FACILITY AT LEVEL 4: KOUIBLY
LqghfxcOSTN,Côte d'Ivoire,BOUNKANI,DOROPO,FACILITY AT LEVEL 4: DOROPO
LQHcC0TpbgQ,Côte d'Ivoire,N'ZI,DIMBOKRO,FACILITY AT LEVEL 4: DIMBOKRO
LqUaDcUQjca,Côte d'Ivoire,ABIDJAN 2,COCODY BINGERVILLE,FACILITY AT LEVEL 4: COCODY BINGERVILLE
LqZl3bmpZ5L,Côte d'Ivoire,ABIDJAN 1,ABOBO EST,FACILITY AT LEVEL 4: ABOBO EST
lr9J6r6tv6h,Côte d'Ivoire,ABIDJAN 2,TREICHVILLE-MARCORY,FACILITY AT LEVEL 4: TREICHVILLE-MARCORY
lRadJM5kYe9,Côte d'Ivoire,ABIDJAN 1,YOPOUGON-OUEST SONGON,FACILITY AT LEVEL 4: YOPOUGON-OUEST SONGON
lRjySFLPOvV,Côte d'Ivoire,GÔH,GAGNOA 1,FACILITY AT LEVEL 4: GAGNOA 1
lrnUABSHIFZ,Côte d'Ivoire,GÔH,GAGNOA 2,FACILITY AT LEVEL 4: GAGNOA 2
lrNXVeRKb9K,Côte d'Ivoire,TONKPI,MAN,FACILITY AT LEVEL 4: MAN
lRwJyTNmcE4,Côte d'Ivoire,ME,ADZOPE,FACILITY AT LEVEL 4: ADZOPE
ls4mOkNLjL9,Côte d'Ivoire,TONKPI,BIANKOUMA,FACILITY AT LEVEL 4: BIANKOUMA
LS7fn234S9g,Côte d'Ivoire,SAN PEDRO,TABOU,FACILITY AT LEVEL 4: TABOU
ls7mRM1kvcV,Côte d'Ivoire,ABIDJAN 2,COCODY BINGERVILLE,FACILITY AT LEVEL 4: COCODY BINGERVILLE
lscAsvBERtm,Côte d'Ivoire,AGNEBY-TIASSA,TIASSALE,FACILITY AT LEVEL 4: TIASSALE
LsCxV7cfiM1,Côte d'Ivoire,INDENIE-DUABLIN,AGNIBILEKROU,FACILITY AT LEVEL 4: AGNIBILEKROU
lSDHAe7SVXW,Côte d'Ivoire,HAUT SASSANDRA,VAVOUA,FACILITY AT LEVEL 4: VAVOUA
LsSc30wIhtV,Côte d'Ivoire,TCHOLOGO,FERKESSEDOUGOU,FACILITY AT LEVEL 4: FERKESSEDOUGOU
LSt7ymrwfQX,Côte d'Ivoire,NAWA,SOUBRE,FACILITY AT LEVEL 4: SOUBRE
LstymRRzibj,Côte d'Ivoire,HAMBOL,NIAKARAMADOUGOU,FACILITY AT LEVEL 4: NIAKARAMADOUGOU
lsUHC2VPbZP,Côte d'Ivoire,BAGOUE,KOUTO,FACILITY AT LEVEL 4: KOUTO
LT5Erj2vDC6,Côte d'Ivoire,KABADOUGOU,ODIENNE,FACILITY AT LEVEL 4: ODIENNE
Lt9LzfnMDhb,Côte d'Ivoire,WORODOUGOU,SEGUELA,FACILITY AT LEVEL 4: SEGUELA
lTE1oC5AY0D,Côte d'Ivoire,ABIDJAN 2,TREICHVILLE-MARCORY,FACILITY AT LEVEL 4: TREICHVILLE-MARCORY
ltf3vIoFOgZ,Côte d'Ivoire,ABIDJAN 1,YOPOUGON-OUEST SONGON,FACILITY AT LEVEL 4: YOPOUGON-OUEST SONGON
Ltgs94mfeWq,Côte d'Ivoire,AGNEBY-TIASSA,TIASSALE,FACILITY AT LEVEL 4: TIASSALE
LTH71qT4stu,Côte d'Ivoire,TCHOLOGO,OUANGOLODOUGOU,FACILITY AT LEVEL 4: OUANGOLODOUGOU
LtkjHeFAmMq,Côte d'Ivoire,FOLON,MINIGNAN,FACILITY AT LEVEL 4: MINIGNAN
lucilwmv6sc,Côte d'Ivoire,ME,ALEPE,FACILITY AT LEVEL 4: ALEPE
lURD75OToc5,Côte d'Ivoire,KABADOUGOU,ODIENNE,FACILITY AT LEVEL 4: ODIENNE
lurs9MeHo7D,Côte d'Ivoire,INDENIE-DUABLIN,BETTIE,FACILITY AT LEVEL 4: BETTIE
lUYT12uBl46,Côte d'Ivoire,PORO,KORHOGO 1,FACILITY AT LEVEL 4: KORHOGO 1
LViiiQsryn1,Côte d'Ivoire,TONKPI,ZOUAN-HOUNIEN,FACILITY AT LEVEL 4: ZOUAN-HOUNIEN
LvOFvYNDLBT,Côte d'Ivoire,PORO,KORHOGO 1,FACILITY AT LEVEL 4: KORHOGO 1
lvsyjBd2HzY,Côte d'Ivoire,N'ZI,BOCANDA,FACILITY AT LEVEL 4: BOCANDA
Lvw2QTPcsJD,Côte d'Ivoire,ABIDJAN 2,KOUMASSI,FACILITY AT LEVEL 4: KOUMASSI
lvWcISmT3Pd,Côte d'Ivoire,ABIDJAN 2,PORT-BOUET-VRIDI,FACILITY AT LEVEL 4: PORT-BOUET-VRIDI
lwEjClqwUML,Côte d'Ivoire,SUD-COMOE,ABOISSO,FACILITY AT LEVEL 4: ABOISSO
lwh2Lsuq7I1,Côte d'Ivoire,ABIDJAN 2,COCODY BINGERVILLE,FACILITY AT LEVEL 4: COCODY BINGERVILLE
LwiKtagwE8O,Côte d'Ivoire,BERE,DIANRA,FACILITY AT LEVEL 4: DIANRA
lwmXBt6k0JT,Côte d'Ivoire,ABIDJAN 2,PORT-BOUET-VRIDI,FACILITY AT LEVEL 4: PORT-BOUET-VRIDI
LX4dQpxRDQP,Côte d'Ivoire,ME,ALEPE,FACILITY AT LEVEL 4: ALEPE
lX52axaL3HG,Côte d'Ivoire,ABIDJAN 2,COCODY BINGERVILLE,FACILITY AT LEVEL 4: COCODY BINGERVILLE
lX812rGiMPZ,Côte d'Ivoire,BELIER,TOUMODI,FACILITY AT LEVEL 4: TOUMODI
LxAgA2Bm0pT,Côte d'Ivoire,ABIDJAN 2,TREICHVILLE-MARCORY,FACILITY AT LEVEL 4: TREICHVILLE-MARCORY
LXCVfc8Hq16,Côte d'Ivoire,ABIDJAN 2,PORT-BOUET-VRIDI,FACILITY AT LEVEL 4: PORT-BOUET-VRIDI
Lxd0PNjH7Yq,Côte d'Ivoire,GONTOUGO,TANDA,FACILITY AT LEVEL 4: TANDA
LXITXf2fnGp,Côte d'Ivoire,ABIDJAN 2,PORT-BOUET-VRIDI,FACILITY AT LEVEL 4: PORT-BOUET-VRIDI
lXMPIg74RGG,Côte d'Ivoire,GONTOUGO,BONDOUKOU,FACILITY AT LEVEL 4: BONDOUKOU
LXPJtgoBdQX,Côte d'Ivoire,BAGOUE,TENGRELA,FACILITY AT LEVEL 4: TENGRELA
Ly2yY7nlRjH,Côte d'Ivoire,BAGOUE,BOUNDIALI,FACILITY AT LEVEL 4: BOUNDIALI
lyaaFqM9aKS,Côte d'Ivoire,GÔH,GAGNOA 1,FACILITY AT LEVEL 4: GAGNOA 1
LyHInhcvcNy,Côte d'Ivoire,BERE,MANKONO,FACILITY AT LEVEL 4: MANKONO
lYlaeKZx6as,Côte d'Ivoire,KABADOUGOU,ODIENNE,FACILITY AT LEVEL 4: ODIENNE
lYnq4oSJyj5,Côte d'Ivoire,ABIDJAN 1,YOPOUGON-OUEST SONGON,FACILITY AT LEVEL 4: YOPOUGON-OUEST SONGON
lypAxr8DkCa,Côte d'Ivoire,ABIDJAN 1,YOPOUGON-OUEST SONGON,FACILITY AT LEVEL 4: YOPOUGON-OUEST SONGON
lYQXSl1r5XR,Côte d'Ivoire,ABIDJAN 2,COCODY BINGERVILLE,FACILITY AT LEVEL 4: COCODY BINGERVILLE
lyUQCDYniai,Côte d'Ivoire,SUD-COMOE,ABOISSO,FACILITY AT LEVEL 4: ABOISSO
LYvT77hpkUR,Côte d'Ivoire,GONTOUGO,BONDOUKOU,FACILITY AT LEVEL 4: BONDOUKOU
lZdR6a6gXza,Côte d'Ivoire,MORONOU,M'BATTO,FACILITY AT LEVEL 4: M'BATTO
lZecPzbOsbr,Côte d'Ivoire,ME,AKOUPE,FACILITY AT LEVEL 4: AKOUPE
LZjIqL6eWP9,Côte d'Ivoire,GBEKE,BOUAKE NORD-OUEST,FACILITY AT LEVEL 4: BOUAKE NORD-OUEST
LzldQ4rGuC2,Côte d'Ivoire,SUD-COMOE,GRAND-BASSAM,FACILITY AT LEVEL 4: GRAND-BASSAM
LZS1Y7MyGPN,Côte d'Ivoire,HAMBOL,DABAKALA,FACILITY AT LEVEL 4: DABAKALA
lZvNFg4kOdf,Côte d'Ivoire,ABIDJAN 2,COCODY BINGERVILLE,FACILITY AT LEVEL 4: COCODY BINGERVILLE
lZxQjgqInzr,Côte d'Ivoire,NAWA,SOUBRE,FACILITY AT LEVEL 4: SOUBRE
m00wB3h3vPb,Côte d'Ivoire,BELIER,YAMOUSSOUKRO,FACILITY AT LEVEL 4: YAMOUSSOUKRO
m02LNOH0FnO,Côte d'Ivoire,NAWA,SOUBRE,FACILITY AT LEVEL 4: SOUBRE
m04piiZQr7k,Côte d'Ivoire,TONKPI,ZOUAN-HOUNIEN,FACILITY AT LEVEL 4: ZOUAN-HOUNIEN
m0OUXDF73W4,Côte d'Ivoire,INDENIE-DUABLIN,ABENGOUROU,FACILITY AT LEVEL 4: ABENGOUROU
m0waywPx7OL,Côte d'Ivoire,GÔH,OUME,FACILITY AT LEVEL 4: OUME
M17B9ve1RUv,Côte d'Ivoire,AGNEBY-TIASSA,AGBOVILLE,FACILITY AT LEVEL 4: AGBOVILLE
M1bWQKGXnBQ,Côte d'Ivoire,IFFOU,DAOUKRO,FACILITY AT LEVEL 4: DAOUKRO
M1qT3oCDwLF,Côte d'Ivoire,ABIDJAN 1,ANYAMA,FACILITY AT LEVEL 4: ANYAMA
M1WhdeTf5Pm,Côte d'Ivoire,ABIDJAN 2,COCODY BINGERVILLE,FACILITY AT LEVEL 4: COCODY BINGERVILLE
M2rcwq5Tf9g,Côte d'Ivoire,ABIDJAN 1,ABOBO EST,FACILITY AT LEVEL 4: ABOBO EST
M2YKyPjsAYm,Côte d'Ivoire,BERE,MANKONO,FACILITY AT LEVEL 4: MANKONO
m3eyTINTgmc,Côte d'Ivoire,GBOKLE,SASSANDRA,FACILITY AT LEVEL 4: SASSANDRA
m3oymufTfBh,Côte d'Ivoire,BELIER,YAMOUSSOUKRO,FACILITY AT LEVEL 4: YAMOUSSOUKRO
M4JuAlTLJnD,Côte d'Ivoire,IFFOU,MBAHIAKRO,FACILITY AT LEVEL 4: MBAHIAKRO
m4suCjvR0Hy,Côte d'Ivoire,FOLON,MINIGNAN,FACILITY AT LEVEL 4: MINIGNAN
M5gKSBoxeep,Côte d'Ivoire,SAN PEDRO,SAN-PEDRO,FACILITY AT LEVEL 4: SAN-PEDRO
m5hcXmrbkiA,Côte d'Ivoire,ABIDJAN 2,TREICHVILLE-MARCORY,FACILITY AT LEVEL 4: TREICHVILLE-MARCORY
m5Oezf4608z,Côte d'Ivoire,TONKPI,BIANKOUMA,FACILITY AT LEVEL 4: BIANKOUMA
M5pq2FZDWGk,Côte d'Ivoire,TONKPI,MAN,FACILITY AT LEVEL 4: MAN
M5XBSLvivg7,Côte d'Ivoire,ABIDJAN 2,KOUMASSI,FACILITY AT LEVEL 4: KOUMASSI
M6BCVT7IxBs,Côte d'Ivoire,GÔH,OUME,FACILITY AT LEVEL 4: OUME
m6gwVMazAQE,Côte d'Ivoire,ABIDJAN 1,ABOBO EST,FACILITY AT LEVEL 4: ABOBO EST
M6hljPzblFr,Côte d'Ivoire,TONKPI,ZOUAN-HOUNIEN,FACILITY AT LEVEL 4: ZOUAN-HOUNIEN
m7ldr30TdVZ,Côte d'Ivoire,ABIDJAN 2,COCODY BINGERVILLE,FACILITY AT LEVEL 4: COCODY BINGERVILLE
M7phBZQCjQc,Côte d'Ivoire,GBEKE,BOUAKE-SUD,FACILITY AT LEVEL 4: BOUAKE-SUD
M7qT4kiEcXU,Côte d'Ivoire,PORO,SINEMATIALI,FACILITY AT LEVEL 4: SINEMATIALI
m8aR0OQcDHv,Côte d'Ivoire,ABIDJAN 1,YOPOUGON-OUEST SONGON,FACILITY AT LEVEL 4: YOPOUGON-OUEST SONGON
m8pRTzESbRL,Côte d'Ivoire,MARAHOUE,BOUAFLE,FACILITY AT LEVEL 4: BOUAFLE
M8QmuXwtccx,Côte d'Ivoire,HAMBOL,NIAKARAMADOUGOU,FACILITY AT LEVEL 4: NIAKARAMADOUGOU
M9209ubMMY2,Côte d'Ivoire,ABIDJAN 2,TREICHVILLE-MARCORY,FACILITY AT LEVEL 4: TREICHVILLE-MARCORY
m9gDV2tgz0z,Côte d'Ivoire,BELIER,YAMOUSSOUKRO,FACILITY AT LEVEL 4: YAMOUSSOUKRO
m9HhGVbm9ZQ,Côte d'Ivoire,GBEKE,BOUAKE NORD-OUEST,FACILITY AT LEVEL 4: BOUAKE NORD-OUEST
M9MBisTQQSe,Côte d'Ivoire,INDENIE-DUABLIN,ABENGOUROU,FACILITY AT LEVEL 4: ABENGOUROU
M9tswpHBJak,Côte d'Ivoire,ABIDJAN 2,COCODY BINGERVILLE,FACILITY AT LEVEL 4: COCODY BINGERVILLE
M9zdJTQx5tE,Côte d'Ivoire,GBOKLE,SASSANDRA,FACILITY AT LEVEL 4: SASSANDRA
m9zkLiqFNrV,Côte d'Ivoire,LÔH-DJIBOUA,DIVO,FACILITY AT LEVEL 4: DIVO
MA15a0RFnXL,Côte d'Ivoire,HAUT SASSANDRA,ISSIA,FACILITY AT LEVEL 4: ISSIA
MA81WCiGm8L,Côte d'Ivoire,ABIDJAN 2,COCODY BINGERVILLE,FACILITY AT LEVEL 4: COCODY BINGERVILLE
maBGec9efgs,Côte d'Ivoire,ABIDJAN 2,COCODY BINGERVILLE,FACILITY AT LEVEL 4: COCODY BINGERVILLE
maCvZDkFdgT,Côte d'Ivoire,ABIDJAN 2,ADJAME-PLATEAU-ATTECOUBE,FACILITY AT LEVEL 4: ADJAME-PLATEAU-ATTECOUBE
MADPPE6B27k,Côte d'Ivoire,ABIDJAN 1,ABOBO EST,FACILITY AT LEVEL 4: ABOBO EST
MAJjT9qfWUe,Côte d'Ivoire,ABIDJAN 1,YOPOUGON-EST,FACILITY AT LEVEL 4: YOPOUGON-EST
mAl0KfsyXVM,Côte d'Ivoire,LÔH-DJIBOUA,LAKOTA,FACILITY AT LEVEL 4: LAKOTA
mAlVEzog6VX,Côte d'Ivoire,BERE,MANKONO,FACILITY AT LEVEL 4: MANKONO
Mavey9h4406,Côte d'Ivoire,MARAHOUE,BOUAFLE,FACILITY AT LEVEL 4: BOUAFLE
mBcaG92hjlk,Côte d'Ivoire,SUD-COMOE,GRAND-BASSAM,FACILITY AT LEVEL 4: GRAND-BASSAM
mBeIpdWhJH6,Côte d'Ivoire,BOUNKANI,BOUNA,FACILITY AT LEVEL 4: BOUNA
MBi07H0IQKo,Côte d'Ivoire,ABIDJAN 1,YOPOUGON-EST,FACILITY AT LEVEL 4: YOPOUGON-EST
MBUL8c9AkDS,Côte d'Ivoire,ABIDJAN 2,KOUMASSI,FACILITY AT LEVEL 4: KOUMASSI
Mc1aACHkL97,Côte d'Ivoire,ABIDJAN 2,COCODY BINGERVILLE,FACILITY AT LEVEL 4: COCODY BINGERVILLE
Mc4tufcmy1W,Côte d'Ivoire,HAUT SASSANDRA,DALOA,FACILITY AT LEVEL 4: DALOA
mC6RjftvQhz,Côte d'Ivoire,BELIER,TOUMODI,FACILITY AT LEVEL 4: TOUMODI
mCfmHR3PQzc,Côte d'Ivoire,ABIDJAN 2,PORT-BOUET-VRIDI,FACILITY AT LEVEL 4: PORT-BOUET-VRIDI
mClZSQwnmQq,Côte d'Ivoire,HAUT SASSANDRA,VAVOUA,FACILITY AT LEVEL 4: VAVOUA
mcoby6HcY9M,Côte d'Ivoire,BELIER,YAMOUSSOUKRO,FACILITY AT LEVEL 4: YAMOUSSOUKRO
mCp5Rjm8Xfs,Côte d'Ivoire,ABIDJAN 2,TREICHVILLE-MARCORY,FACILITY AT LEVEL 4: TREICHVILLE-MARCORY
mCsrHgInpyg,Côte d'Ivoire,GBEKE,BOUAKE-SUD,FACILITY AT LEVEL 4: BOUAKE-SUD
mcUIzUQnNbd,Côte d'Ivoire,ABIDJAN 1,ANYAMA,FACILITY AT LEVEL 4: ANYAMA
MDCJKrz4mzS,Côte d'Ivoire,FOLON,MINIGNAN,FACILITY AT LEVEL 4: MINIGNAN
mdI3srqVzmZ,Côte d'Ivoire,ABIDJAN 2,KOUMASSI,FACILITY AT LEVEL 4: KOUMASSI
mdlWLxCpK7x,Côte d'Ivoire,ABIDJAN 2,ADJAME-PLATEAU-ATTECOUBE,FACILITY AT LEVEL 4: ADJAME-PLATEAU-ATTECOUBE
mdnaPN9m7ZT,Côte d'Ivoire,WORODOUGOU,SEGUELA,FACILITY AT LEVEL 4: SEGUELA
mDvggfOIXuy,Côte d'Ivoire,BELIER,TOUMODI,FACILITY AT LEVEL 4: TOUMODI
ME2ZBDsuhqU,Côte d'Ivoire,GBEKE,BOTRO,FACILITY AT LEVEL 4: BOTRO
mE3HjykT1B8,Côte d'Ivoire,MORONOU,BONGOUANOU,FACILITY AT LEVEL 4: BONGOUANOU
meaUCG7XimL,Côte d'Ivoire,HAMBOL,KATIOLA,FACILITY AT LEVEL 4: KATIOLA
MeeOir63Hyy,Côte d'Ivoire,ABIDJAN 1,ABOBO EST,FACILITY AT LEVEL 4: ABOBO EST
meHOjeLJ4jz,Côte d'Ivoire,N'ZI,KOUASSI KOUASSIKRO,FACILITY AT LEVEL 4: KOUASSI KOUASSIKRO
mEoJIrcgrA4,Côte d'Ivoire,GRANDS PONTS,GRAND-LAHOU,FACILITY AT LEVEL 4: GRAND-LAHOU
mEUK4Rh1FDU,Côte d'Ivoire,ABIDJAN 2,PORT-BOUET-VRIDI,FACILITY AT LEVEL 4: PORT-BOUET-VRIDI
mEzIZ4ahcT9,Côte d'Ivoire,ABIDJAN 2,ADJAME-PLATEAU-ATTECOUBE,FACILITY AT LEVEL 4: ADJAME-PLATEAU-ATTECOUBE
MF6ddDEMGmN,Côte d'Ivoire,TONKPI,BIANKOUMA,FACILITY AT LEVEL 4: BIANKOUMA
mf9WYAGXeCV,Côte d'Ivoire,ABIDJAN 1,YOPOUGON-EST,FACILITY AT LEVEL 4: YOPOUGON-EST
mFAF53qZpec,Côte d'Ivoire,NAWA,SOUBRE,FACILITY AT LEVEL 4: SOUBRE
mfBtyDcG3Sl,Côte d'Ivoire,PORO,KORHOGO 2,FACILITY AT LEVEL 4: KORHOGO 2
mfFOBmX4xEc,Côte d'Ivoire,BELIER,TOUMODI,FACILITY AT LEVEL 4: TOUMODI
Mfih2UjlMq8,Côte d'Ivoire,SUD-COMOE,ADIAKE,FACILITY AT LEVEL 4: ADIAKE
mFkrU0bpyJI,Côte d'Ivoire,SAN PEDRO,SAN-PEDRO,FACILITY AT LEVEL 4: SAN-PEDRO
MFmsmS3piXZ,Côte d'Ivoire,ABIDJAN 2,KOUMASSI,FACILITY AT LEVEL 4: KOUMASSI
Mfv7bYqx90q,Côte d'Ivoire,INDENIE-DUABLIN,ABENGOUROU,FACILITY AT LEVEL 4: ABENGOUROU
mfy7Wbj9Shf,Côte d'Ivoire,GBEKE,BOUAKE NORD-EST,FACILITY AT LEVEL 4: BOUAKE NORD-EST
mFyhkjQGryn,Côte d'Ivoire,SUD-COMOE,GRAND-BASSAM,FACILITY AT LEVEL 4: GRAND-BASSAM
MFzMNSC2bio,Côte d'Ivoire,IFFOU,DAOUKRO,FACILITY AT LEVEL 4: DAOUKRO
mG8adrrysc3,Côte d'Ivoire,SAN PEDRO,SAN-PEDRO,FACILITY AT LEVEL 4: SAN-PEDRO
mgEzZMPoVsM,Côte d'Ivoire,BOUNKANI,NASSIAN,FACILITY AT LEVEL 4: NASSIAN
mgiXuaxaqvA,Côte d'Ivoire,GONTOUGO,TRANSUA,FACILITY AT LEVEL 4: TRANSUA
mGMDZwsc7Le,Côte d'Ivoire,GUEMON,KOUIBLY,FACILITY AT LEVEL 4: KOUIBLY
mGVQk2qGJ5h,Côte d'Ivoire,NAWA,SOUBRE,FACILITY AT LEVEL 4: SOUBRE
MH1O2stu3Xk,Côte d'Ivoire,PORO,M'BENGUE,FACILITY AT LEVEL 4: M'BENGUE
Mha4eVe0kGL,Côte d'Ivoire,TCHOLOGO,OUANGOLODOUGOU,FACILITY AT LEVEL 4: OUANGOLODOUGOU
MhGGDxyKezr,Côte d'Ivoire,ABIDJAN 2,COCODY BINGERVILLE,FACILITY AT LEVEL 4: COCODY BINGERVILLE
mhpV1p8k0uC,Côte d'Ivoire,BAFING,TOUBA,FACILITY AT LEVEL 4: TOUBA
mhrDYMwGych,Côte d'Ivoire,ABIDJAN 2,KOUMASSI,FACILITY AT LEVEL 4: KOUMASSI
mhs9W9luxFt,Côte d'Ivoire,ABIDJAN 1,ABOBO OUEST,FACILITY AT LEVEL 4: ABOBO OUEST
mHxwn8ncOJw,Côte d'Ivoire,GONTOUGO,TANDA,FACILITY AT LEVEL 4: TANDA
MI0iP5jfVeg,Côte d'Ivoire,GONTOUGO,TANDA,FACILITY AT LEVEL 4: TANDA
Mi0QgAZ7jEG,Côte d'Ivoire,PORO,SINEMATIALI,FACILITY AT LEVEL 4: SINEMATIALI
mi4TEVsuCdU,Côte d'Ivoire,ABIDJAN 1,ANYAMA,FACILITY AT LEVEL 4: ANYAMA
mI6TumlhMsY,Côte d'Ivoire,GUEMON,DUEKOUE,FACILITY AT LEVEL 4: DUEKOUE
mIbcTJvfdkl,Côte d'Ivoire,PORO,M'BENGUE,FACILITY AT LEVEL 4: M'BENGUE
miBfFkMKSFj,Côte d'Ivoire,BERE,DIANRA,FACILITY AT LEVEL 4: DIANRA
mijffd3S1zC,Côte d'Ivoire,BELIER,YAMOUSSOUKRO,FACILITY AT LEVEL 4: YAMOUSSOUKRO
miqQQV0Ij4B,Côte d'Ivoire,AGNEBY-TIASSA,SIKENSI,FACILITY AT LEVEL 4: SIKENSI
Mita3yG7aXx,Côte d'Ivoire,BELIER,YAMOUSSOUKRO,FACILITY AT LEVEL 4: YAMOUSSOUKRO
MIwZRBfOxUx,Côte d'Ivoire,TCHOLOGO,KONG,FACILITY AT LEVEL 4: KONG
MiXkP7xgU0q,Côte d'Ivoire,AGNEBY-TIASSA,TIASSALE,FACILITY AT LEVEL 4: TIASSALE
mj5lBkGeqVd,Côte d'Ivoire,TONKPI,MAN,FACILITY AT LEVEL 4: MAN
MJbgZyNQn0z,Côte d'Ivoire,ABIDJAN 2,COCODY BINGERVILLE,FACILITY AT LEVEL 4: COCODY BINGERVILLE
MJD5N9louMg,Côte d'Ivoire,ABIDJAN 1,YOPOUGON-OUEST SONGON,FACILITY AT LEVEL 4: YOPOUGON-OUEST SONGON
mJVds1oUm7r,Côte d'Ivoire,ABIDJAN 2,ADJAME-PLATEAU-ATTECOUBE,FACILITY AT LEVEL 4: ADJAME-PLATEAU-ATTECOUBE
MjVr7jCutMQ,Côte d'Ivoire,TCHOLOGO,FERKESSEDOUGOU,FACILITY AT LEVEL 4: FERKESSEDOUGOU
MJyiVDpQhtG,Côte d'Ivoire,BERE,MANKONO,FACILITY AT LEVEL 4: MANKONO
mkhlowm5D7O,Côte d'Ivoire,ABIDJAN 2,TREICHVILLE-MARCORY,FACILITY AT LEVEL 4: TREICHVILLE-MARCORY
MKKWMsuNF1D,Côte d'Ivoire,BAGOUE,BOUNDIALI,FACILITY AT LEVEL 4: BOUNDIALI
mKOOL4LhZvt,Côte d'Ivoire,AGNEBY-TIASSA,TIASSALE,FACILITY AT LEVEL 4: TIASSALE
MKQDyajwc0E,Côte d'Ivoire,AGNEBY-TIASSA,TIASSALE,FACILITY AT LEVEL 4: TIASSALE
Mkw9avwLBSZ,Côte d'Ivoire,HAUT SASSANDRA,ISSIA,FACILITY AT LEVEL 4: ISSIA
MkXOec5tfT1,Côte d'Ivoire,SAN PEDRO,TABOU,FACILITY AT LEVEL 4: TABOU
mKy8F58RNxW,Côte d'Ivoire,HAUT SASSANDRA,DALOA,FACILITY AT LEVEL 4: DALOA
mKYON3i2GHg,Côte d'Ivoire,SAN PEDRO,TABOU,FACILITY AT LEVEL 4: TABOU
mL3UjzzQN5D,Côte d'Ivoire,ABIDJAN 1,YOPOUGON-OUEST SONGON,FACILITY AT LEVEL 4: YOPOUGON-OUEST SONGON
ML4nIEJMkHm,Côte d'Ivoire,GBEKE,BOUAKE NORD-OUEST,FACILITY AT LEVEL 4: BOUAKE NORD-OUEST
MLGlXy5lOlx,Côte d'Ivoire,BERE,DIANRA,FACILITY AT LEVEL 4: DIANRA
MLm1iPh5szN,Côte d'Ivoire,ABIDJAN 2,ADJAME-PLATEAU-ATTECOUBE,FACILITY AT LEVEL 4: ADJAME-PLATEAU-ATTECOUBE
mlqT2ofQLCq,Côte d'Ivoire,TONKPI,MAN,FACILITY AT LEVEL 4: MAN
MLQzJUNXkGb,Côte d'Ivoire,GUEMON,KOUIBLY,FACILITY AT LEVEL 4: KOUIBLY
mLrrvPLjGiu,Côte d'Ivoire,NAWA,SOUBRE,FACILITY AT LEVEL 4: SOUBRE
mlwFz6XY7RD,Côte d'Ivoire,PORO,KORHOGO 1,FACILITY AT LEVEL 4: KORHOGO 1
MM1ztjfUBvZ,Côte d'Ivoire,ABIDJAN 2,ADJAME-PLATEAU-ATTECOUBE,FACILITY AT LEVEL 4: ADJAME-PLATEAU-ATTECOUBE
mMgw1sA551b,Côte d'Ivoire,ABIDJAN 2,COCODY BINGERVILLE,FACILITY AT LEVEL 4: COCODY BINGERVILLE
MmlCujRndkp,Côte d'Ivoire,INDENIE-DUABLIN,ABENGOUROU,FACILITY AT LEVEL 4: ABENGOUROU
MMoJe0cogFt,Côte d'Ivoire,TONKPI,MAN,FACILITY AT LEVEL 4: MAN
mmpRXEalGoK,Côte d'Ivoire,CAVALLY,TAI,FACILITY AT LEVEL 4: TAI
mmQ3IGBKExL,Côte d'Ivoire,N'ZI,DIMBOKRO,FACILITY AT LEVEL 4: DIMBOKRO
MmRKAIfG1xy,Côte d'Ivoire,TONKPI,MAN,FACILITY AT LEVEL 4: MAN
mmYjVjUIq9T,Côte d'Ivoire,BOUNKANI,BOUNA,FACILITY AT LEVEL 4: BOUNA
mmZqFygFvnw,Côte d'Ivoire,LÔH-DJIBOUA,GUITRY,FACILITY AT LEVEL 4: GUITRY
mNCrqGaPhc2,Côte d'Ivoire,NAWA,SOUBRE,FACILITY AT LEVEL 4: SOUBRE
mnEiVLPIM9X,Côte d'Ivoire,ABIDJAN 2,COCODY BINGERVILLE,FACILITY AT LEVEL 4: COCODY BINGERVILLE
mNHkvb3mSPT,Côte d'Ivoire,LÔH-DJIBOUA,DIVO,FACILITY AT LEVEL 4: DIVO
MNJReCDqWEz,Côte d'Ivoire,ABIDJAN 2,ADJAME-PLATEAU-ATTECOUBE,FACILITY AT LEVEL 4: ADJAME-PLATEAU-ATTECOUBE
mnPLlTGXl5C,Côte d'Ivoire,ABIDJAN 2,TREICHVILLE-MARCORY,FACILITY AT LEVEL 4: TREICHVILLE-MARCORY
MNzhtYGWLVY,Côte d'Ivoire,MORONOU,BONGOUANOU,FACILITY AT LEVEL 4: BONGOUANOU
MoA4qeAOv1m,Côte d'Ivoire,BOUNKANI,BOUNA,FACILITY AT LEVEL 4: BOUNA
moAlVM6Y6nD,Côte d'Ivoire,HAUT SASSANDRA,VAVOUA,FACILITY AT LEVEL 4: VAVOUA
mOchMUVJPbo,Côte d'Ivoire,AGNEBY-TIASSA,AGBOVILLE,FACILITY AT LEVEL 4: AGBOVILLE
mOynHvhg6n9,Côte d'Ivoire,BELIER,YAMOUSSOUKRO,FACILITY AT LEVEL 4: YAMOUSSOUKRO
Mp5k8gqmq8b,Côte d'Ivoire,WORODOUGOU,SEGUELA,FACILITY AT LEVEL 4: SEGUELA
mP8GlE1ElQD,Côte d'Ivoire,NAWA,SOUBRE,FACILITY AT LEVEL 4: SOUBRE
mPd02uh9koc,Côte d'Ivoire,ABIDJAN 1,ABOBO EST,FACILITY AT LEVEL 4: ABOBO EST
MPgB3Vdvsmi,Côte d'Ivoire,ABIDJAN 1,ABOBO EST,FACILITY AT LEVEL 4: ABOBO EST
mPnIkr8wEA0,Côte d'Ivoire,TONKPI,MAN,FACILITY AT LEVEL 4: MAN
MppeufK8EIn,Côte d'Ivoire,ABIDJAN 2,COCODY BINGERVILLE,FACILITY AT LEVEL 4: COCODY BINGERVILLE
MPqsNozhesT,Côte d'Ivoire,GBOKLE,FRESCO,FACILITY AT LEVEL 4: FRESCO
MPrZAw4hRvL,Côte d'Ivoire,ABIDJAN 1,YOPOUGON-OUEST SONGON,FACILITY AT LEVEL 4: YOPOUGON-OUEST SONGON
MPXjAuCEZbc,Côte d'Ivoire,BELIER,TOUMODI,FACILITY AT LEVEL 4: TOUMODI
MpY5kCUd2mF,Côte d'Ivoire,BELIER,TIEBISSOU,FACILITY AT LEVEL 4: TIEBISSOU
mPzEC12Yd7k,Côte d'Ivoire,ABIDJAN 1,ABOBO EST,FACILITY AT LEVEL 4: ABOBO EST
MpzW5fnjKm0,Côte d'Ivoire,GUEMON,KOUIBLY,FACILITY AT LEVEL 4: KOUIBLY
MQ98gHIk3K4,Côte d'Ivoire,CAVALLY,GUIGLO,FACILITY AT LEVEL 4: GUIGLO
Mqh89YdVBta,Côte d'Ivoire,CAVALLY,TOULEPLEU,FACILITY AT LEVEL 4: TOULEPLEU
mQhJcEMG9y3,Côte d'Ivoire,MARAHOUE,ZUENOULA,FACILITY AT LEVEL 4: ZUENOULA
mqMPMFvpTue,Côte d'Ivoire,BAGOUE,BOUNDIALI,FACILITY AT LEVEL 4: BOUNDIALI
MQWubt4niuo,Côte d'Ivoire,ABIDJAN 2,ADJAME-PLATEAU-ATTECOUBE,FACILITY AT LEVEL 4: ADJAME-PLATEAU-ATTECOUBE
mr7OwDuAP4z,Côte d'Ivoire,HAMBOL,DABAKALA,FACILITY AT LEVEL 4: DABAKALA
MR9LHv3e9I3,Côte d'Ivoire,TONKPI,BIANKOUMA,FACILITY AT LEVEL 4: BIANKOUMA
mrBndhiKqjA,Côte d'Ivoire,GBEKE,SAKASSOU,FACILITY AT LEVEL 4: SAKASSOU
mrbnzHsSQws,Côte d'Ivoire,ABIDJAN 2,COCODY BINGERVILLE,FACILITY AT LEVEL 4: COCODY BINGERVILLE
MRePckvSGyw,Côte d'Ivoire,TONKPI,BIANKOUMA,FACILITY AT LEVEL 4: BIANKOUMA
MrfgzMnTIIW,Côte d'Ivoire,ABIDJAN 2,COCODY BINGERVILLE,FACILITY AT LEVEL 4: COCODY BINGERVILLE
mRkl4fD1CuZ,Côte d'Ivoire,ABIDJAN 2,ADJAME-PLATEAU-ATTECOUBE,FACILITY AT LEVEL 4: ADJAME-PLATEAU-ATTECOUBE
MRsOEFFCxgk,Côte d'Ivoire,KABADOUGOU,ODIENNE,FACILITY AT LEVEL 4: ODIENNE
mRtFgk14qta,Côte d'Ivoire,TCHOLOGO,FERKESSEDOUGOU,FACILITY AT LEVEL 4: FERKESSEDOUGOU
MrWkmyh3Xa9,Côte d'Ivoire,ABIDJAN 2,PORT-BOUET-VRIDI,FACILITY AT LEVEL 4: PORT-BOUET-VRIDI
mryxrsqoTOf,Côte d'Ivoire,PORO,KORHOGO 1,FACILITY AT LEVEL 4: KORHOGO 1
mS4S4e5S9Ik,Côte d'Ivoire,ABIDJAN 1,YOPOUGON-OUEST SONGON,FACILITY AT LEVEL 4: YOPOUGON-OUEST SONGON
mS6gjCre79w,Côte d'Ivoire,GONTOUGO,BONDOUKOU,FACILITY AT LEVEL 4: BONDOUKOU
mSJSkkmA4Wl,Côte d'Ivoire,HAUT SASSANDRA,ISSIA,FACILITY AT LEVEL 4: ISSIA
MSjsRmnDHDU,Côte d'Ivoire,SAN PEDRO,SAN-PEDRO,FACILITY AT LEVEL 4: SAN-PEDRO
MTcLzAqlOiw,Côte d'Ivoire,HAUT SASSANDRA,VAVOUA,FACILITY AT LEVEL 4: VAVOUA
MtfWCbwa642,Côte d'Ivoire,BELIER,DIDIEVI,FACILITY AT LEVEL 4: DIDIEVI
MThDfZ8kLrW,Côte d'Ivoire,GONTOUGO,KOUN-FAO,FACILITY AT LEVEL 4: KOUN-FAO
MTuFmeMFVQs,Côte d'Ivoire,GRANDS PONTS,DABOU,FACILITY AT LEVEL 4: DABOU
MtUnWGZpJuX,Côte d'Ivoire,ABIDJAN 2,COCODY BINGERVILLE,FACILITY AT LEVEL 4: COCODY BINGERVILLE
MU5VPuk3rW5,Côte d'Ivoire,WORODOUGOU,SEGUELA,FACILITY AT LEVEL 4: SEGUELA
muf6o2eQBaj,Côte d'Ivoire,ABIDJAN 1,YOPOUGON-EST,FACILITY AT LEVEL 4: YOPOUGON-EST
MUScyJUehcr,Côte d'Ivoire,PORO,KORHOGO 1,FACILITY AT LEVEL 4: KORHOGO 1
MuSKxFNYTWh,Côte d'Ivoire,INDENIE-DUABLIN,ABENGOUROU,FACILITY AT LEVEL 4: ABENGOUROU
muUjARslqt9,Côte d'Ivoire,ABIDJAN 1,YOPOUGON-OUEST SONGON,FACILITY AT LEVEL 4: YOPOUGON-OUEST SONGON
MUWg71cmqDD,Côte d'Ivoire,BELIER,YAMOUSSOUKRO,FACILITY AT LEVEL 4: YAMOUSSOUKRO
Mv6CT3OHjbo,Côte d'Ivoire,ABIDJAN 1,YOPOUGON-OUEST SONGON,FACILITY AT LEVEL 4: YOPOUGON-OUEST SONGON
Mv8OFlBpIPu,Côte d'Ivoire,SUD-COMOE,ABOISSO,FACILITY AT LEVEL 4: ABOISSO
mVIHzvqRIyv,Côte d'Ivoire,ABIDJAN 1,ABOBO EST,FACILITY AT LEVEL 4: ABOBO EST
Mvqq3JAo61t,Côte d'Ivoire,ABIDJAN 2,KOUMASSI,FACILITY AT LEVEL 4: KOUMASSI
MVT9GvVuFzt,Côte d'Ivoire,ABIDJAN 2,PORT-BOUET-VRIDI,FACILITY AT LEVEL 4: PORT-BOUET-VRIDI
Mw1VdFy0Y1F,Côte d'Ivoire,IFFOU,MBAHIAKRO,FACILITY AT LEVEL 4: MBAHIAKRO
mW8yNi34XW3,Côte d'Ivoire,GÔH,GAGNOA 1,FACILITY AT LEVEL 4: GAGNOA 1
MWqU4PC8cHf,Côte d'Ivoire,SUD-COMOE,GRAND-BASSAM,FACILITY AT LEVEL 4: GRAND-BASSAM
mx5kymUVSqC,Côte d'Ivoire,TCHOLOGO,FERKESSEDOUGOU,FACILITY AT LEVEL 4: FERKESSEDOUGOU
MX7QIZEGv1z,Côte d'Ivoire,FOLON,MINIGNAN,FACILITY AT LEVEL 4: MINIGNAN
MXDfZwbBmxs,Côte d'Ivoire,PORO,DIKODOUGOU,FACILITY AT LEVEL 4: DIKODOUGOU
mXec4ntz7OW,Côte d'Ivoire,CAVALLY,TAI,FACILITY AT LEVEL 4: TAI
mXivK01oPF2,Côte d'Ivoire,BAFING,KORO,FACILITY AT LEVEL 4: KORO
MxqPs1YDfYj,Côte d'Ivoire,ABIDJAN 2,COCODY BINGERVILLE,FACILITY AT LEVEL 4: COCODY BINGERVILLE
mxrCWchp87u,Côte d'Ivoire,ABIDJAN 2,COCODY BINGERVILLE,FACILITY AT LEVEL 4: COCODY BINGERVILLE
MXTyJNDmm1c,Côte d'Ivoire,NAWA,MEAGUI,FACILITY AT LEVEL 4: MEAGUI
mxVDBldmFzl,Côte d'Ivoire,SAN PEDRO,TABOU,FACILITY AT LEVEL 4: TABOU
MxzPZqX06xj,Côte d'Ivoire,SUD-COMOE,GRAND-BASSAM,FACILITY AT LEVEL 4: GRAND-BASSAM
My9TXwq4e3a,Côte d'Ivoire,BELIER,YAMOUSSOUKRO,FACILITY AT LEVEL 4: YAMOUSSOUKRO
MyCjnty1IsQ,Côte d'Ivoire,BELIER,YAMOUSSOUKRO,FACILITY AT LEVEL 4: YAMOUSSOUKRO
mYIJtiORZSw,Côte d'Ivoire,BAGOUE,KOUTO,FACILITY AT LEVEL 4: KOUTO
MYr9oYNh5eH,Côte d'Ivoire,NAWA,MEAGUI,FACILITY AT LEVEL 4: MEAGUI
mZgIWuhdl7S,Côte d'Ivoire,INDENIE-DUABLIN,BETTIE,FACILITY AT LEVEL 4: BETTIE
mZgZEjSfLc1,Côte d'Ivoire,PORO,KORHOGO 1,FACILITY AT LEVEL 4: KORHOGO 1
mzU18N69g2X,Côte d'Ivoire,GÔH,GAGNOA 2,FACILITY AT LEVEL 4: GAGNOA 2
n061bwGWIsK,Côte d'Ivoire,INDENIE-DUABLIN,ABENGOUROU,FACILITY AT LEVEL 4: ABENGOUROU
n0HT5ZSO7yJ,Côte d'Ivoire,TONKPI,BIANKOUMA,FACILITY AT LEVEL 4: BIANKOUMA
n0WeUOPcAwp,Côte d'Ivoire,GBEKE,SAKASSOU,FACILITY AT LEVEL 4: SAKASSOU
N0YAr6aSiUZ,Côte d'Ivoire,ABIDJAN 2,COCODY BINGERVILLE,FACILITY AT LEVEL 4: COCODY BINGERVILLE
n0yT4PVFH5e,Côte d'Ivoire,LÔH-DJIBOUA,DIVO,FACILITY AT LEVEL 4: DIVO
n1l5aX0kURV,Côte d'Ivoire,ABIDJAN 1,ANYAMA,FACILITY AT LEVEL 4: ANYAMA
n1ZtfmV5iXo,Côte d'Ivoire,CAVALLY,GUIGLO,FACILITY AT LEVEL 4: GUIGLO
n277YIC9U2q,Côte d'Ivoire,SUD-COMOE,ADIAKE,FACILITY AT LEVEL 4: ADIAKE
N28XhsYpqIG,Côte d'Ivoire,TONKPI,MAN,FACILITY AT LEVEL 4: MAN
N2BMifTXTJW,Côte d'Ivoire,GÔH,GAGNOA 2,FACILITY AT LEVEL 4: GAGNOA 2
n2CzrOFHflh,Côte d'Ivoire,BELIER,YAMOUSSOUKRO,FACILITY AT LEVEL 4: YAMOUSSOUKRO
N2HQSQCZlnp,Côte d'Ivoire,ME,ADZOPE,FACILITY AT LEVEL 4: ADZOPE
N2zr04rW0yG,Côte d'Ivoire,IFFOU,DAOUKRO,FACILITY AT LEVEL 4: DAOUKRO
n32Do23x95z,Côte d'Ivoire,GBEKE,BOUAKE NORD-OUEST,FACILITY AT LEVEL 4: BOUAKE NORD-OUEST
n3hEjfVRaS4,Côte d'Ivoire,ABIDJAN 1,YOPOUGON-OUEST SONGON,FACILITY AT LEVEL 4: YOPOUGON-OUEST SONGON
N4e23km7SaF,Côte d'Ivoire,MARAHOUE,BOUAFLE,FACILITY AT LEVEL 4: BOUAFLE
n4HyfSLfLZt,Côte d'Ivoire,AGNEBY-TIASSA,AGBOVILLE,FACILITY AT LEVEL 4: AGBOVILLE
N4j31jvwW0Y,Côte d'Ivoire,GRANDS PONTS,JACQUEVILLE,FACILITY AT LEVEL 4: JACQUEVILLE
N4obDG4O4ac,Côte d'Ivoire,ABIDJAN 2,PORT-BOUET-VRIDI,FACILITY AT LEVEL 4: PORT-BOUET-VRIDI
n4wETNZkfSr,Côte d'Ivoire,GÔH,GAGNOA 1,FACILITY AT LEVEL 4: GAGNOA 1
n5r4IdR25JQ,Côte d'Ivoire,ABIDJAN 1,ABOBO EST,FACILITY AT LEVEL 4: ABOBO EST
n64rIxNP3AG,Côte d'Ivoire,GUEMON,DUEKOUE,FACILITY AT LEVEL 4: DUEKOUE
N6TnrjD7EOF,Côte d'Ivoire,SAN PEDRO,SAN-PEDRO,FACILITY AT LEVEL 4: SAN-PEDRO
n6ttgbYwKrn,Côte d'Ivoire,ABIDJAN 2,KOUMASSI,FACILITY AT LEVEL 4: KOUMASSI
N6yIHZZBOQ2,Côte d'Ivoire,BAFING,OUANINOU,FACILITY AT LEVEL 4: OUANINOU
N6Yva6Ga2ob,Côte d'Ivoire,CAVALLY,GUIGLO,FACILITY AT LEVEL 4: GUIGLO
N6Z9f7Q5oB4,Côte d'Ivoire,ABIDJAN 2,COCODY BINGERVILLE,FACILITY AT LEVEL 4: COCODY BINGERVILLE
n70neTIwxn4,Côte d'Ivoire,ABIDJAN 1,ANYAMA,FACILITY AT LEVEL 4: ANYAMA
n7P2cG72iAQ,Côte d'Ivoire,HAUT SASSANDRA,VAVOUA,FACILITY AT LEVEL 4: VAVOUA
n7pR26eJOBv,Côte d'Ivoire,BERE,MANKONO,FACILITY AT LEVEL 4: MANKONO
N7qnHXK5FGb,Côte d'Ivoire,N'ZI,DIMBOKRO,FACILITY AT LEVEL 4: DIMBOKRO
n8UsOkSp3IJ,Côte d'Ivoire,BAGOUE,TENGRELA,FACILITY AT LEVEL 4: TENGRELA
N9cKNnintUD,Côte d'Ivoire,PORO,M'BENGUE,FACILITY AT LEVEL 4: M'BENGUE
NadEpHzevJj,Côte d'Ivoire,ME,ADZOPE,FACILITY AT LEVEL 4: ADZOPE
NAJaX88KJVs,Côte d'Ivoire,GONTOUGO,BONDOUKOU,FACILITY AT LEVEL 4: BONDOUKOU
nAKvEswLh5C,Côte d'Ivoire,HAUT SASSANDRA,ISSIA,FACILITY AT LEVEL 4: ISSIA
NAnOQYpT2v3,Côte d'Ivoire,BELIER,DIDIEVI,FACILITY AT LEVEL 4: DIDIEVI
nAr2xbOf5iT,Côte d'Ivoire,GBEKE,BOUAKE-SUD,FACILITY AT LEVEL 4: BOUAKE-SUD
NAxk1atfa7V,Côte d'Ivoire,ABIDJAN 2,TREICHVILLE-MARCORY,FACILITY AT LEVEL 4: TREICHVILLE-MARCORY
nAy0YQmzZ1D,Côte d'Ivoire,CAVALLY,TOULEPLEU,FACILITY AT LEVEL 4: TOULEPLEU
Nb7W7hkZMzF,Côte d'Ivoire,FOLON,KANIASSO,FACILITY AT LEVEL 4: KANIASSO
nbi5dTY4uJi,Côte d'Ivoire,KABADOUGOU,MADINANI,FACILITY AT LEVEL 4: MADINANI
NBz96Wz0QHP,Côte d'Ivoire,GONTOUGO,SANDEGUE,FACILITY AT LEVEL 4: SANDEGUE
Nc0Jyfl41Fh,Côte d'Ivoire,ABIDJAN 2,TREICHVILLE-MARCORY,FACILITY AT LEVEL 4: TREICHVILLE-MARCORY
Nc2ZV8p3kMc,Côte d'Ivoire,ME,ALEPE,FACILITY AT LEVEL 4: ALEPE
nC9aiFkUhTT,Côte d'Ivoire,TONKPI,DANANE,FACILITY AT LEVEL 4: DANANE
NCaA5PT6CIk,Côte d'Ivoire,BERE,DIANRA,FACILITY AT LEVEL 4: DIANRA
NDKGDCVwyyr,Côte d'Ivoire,ABIDJAN 1,YOPOUGON-OUEST SONGON,FACILITY AT LEVEL 4: YOPOUGON-OUEST SONGON
NdmMH8Wfc5s,Côte d'Ivoire,ABIDJAN 1,YOPOUGON-EST,FACILITY AT LEVEL 4: YOPOUGON-EST
NdNNYcak8px,Côte d'Ivoire,PORO,KORHOGO 1,FACILITY AT LEVEL 4: KORHOGO 1
NeNJgIg8uHE,Côte d'Ivoire,GRANDS PONTS,GRAND-LAHOU,FACILITY AT LEVEL 4: GRAND-LAHOU
neXhiINUSiH,Côte d'Ivoire,ABIDJAN 2,TREICHVILLE-MARCORY,FACILITY AT LEVEL 4: TREICHVILLE-MARCORY
nF3UQGBmFd7,Côte d'Ivoire,WORODOUGOU,KANI,FACILITY AT LEVEL 4: KANI
Nf9yOm0o1eY,Côte d'Ivoire,ABIDJAN 1,YOPOUGON-OUEST SONGON,FACILITY AT LEVEL 4: YOPOUGON-OUEST SONGON
nFasRhFdGJr,Côte d'Ivoire,HAMBOL,KATIOLA,FACILITY AT LEVEL 4: KATIOLA
nFCMiXqdvKo,Côte d'Ivoire,LÔH-DJIBOUA,LAKOTA,FACILITY AT LEVEL 4: LAKOTA
nfOS8g8FtgQ,Côte d'Ivoire,IFFOU,MBAHIAKRO,FACILITY AT LEVEL 4: MBAHIAKRO
NFSKZC5odhj,Côte d'Ivoire,ABIDJAN 2,ADJAME-PLATEAU-ATTECOUBE,FACILITY AT LEVEL 4: ADJAME-PLATEAU-ATTECOUBE
nFW78RdRUdf,Côte d'Ivoire,BOUNKANI,BOUNA,FACILITY AT LEVEL 4: BOUNA
nfZZHB0YBIk,Côte d'Ivoire,ABIDJAN 2,COCODY BINGERVILLE,FACILITY AT LEVEL 4: COCODY BINGERVILLE
NGdZX8qX6BK,Côte d'Ivoire,NAWA,SOUBRE,FACILITY AT LEVEL 4: SOUBRE
NGJpKYKBer0,Côte d'Ivoire,TCHOLOGO,FERKESSEDOUGOU,FACILITY AT LEVEL 4: FERKESSEDOUGOU
NGKCNTwKPQJ,Côte d'Ivoire,BAFING,TOUBA,FACILITY AT LEVEL 4: TOUBA
ngspxR3ClJ8,Côte d'Ivoire,HAUT SASSANDRA,VAVOUA,FACILITY AT LEVEL 4: VAVOUA
nhCwBn41HbZ,Côte d'Ivoire,GRANDS PONTS,DABOU,FACILITY AT LEVEL 4: DABOU
NHhA3BioKkX,Côte d'Ivoire,GONTOUGO,KOUN-FAO,FACILITY AT LEVEL 4: KOUN-FAO
nHiOq4lIlTM,Côte d'Ivoire,HAUT SASSANDRA,DALOA,FACILITY AT LEVEL 4: DALOA
nHMLpsfYBfl,Côte d'Ivoire,ABIDJAN 1,ABOBO EST,FACILITY AT LEVEL 4: ABOBO EST
NHMs8vyPvz8,Côte d'Ivoire,BELIER,TIEBISSOU,FACILITY AT LEVEL 4: TIEBISSOU
NhoYItremlo,Côte d'Ivoire,ABIDJAN 2,COCODY BINGERVILLE,FACILITY AT LEVEL 4: COCODY BINGERVILLE
nhtrMy1GkC9,Côte d'Ivoire,ABIDJAN 1,ANYAMA,FACILITY AT LEVEL 4: ANYAMA
nhxC7Mph8M9,Côte d'Ivoire,PORO,DIKODOUGOU,FACILITY AT LEVEL 4: DIKODOUGOU
NHXpG74NWB7,Côte d'Ivoire,HAMBOL,NIAKARAMADOUGOU,FACILITY AT LEVEL 4: NIAKARAMADOUGOU
Ni2W87QqMWA,Côte d'Ivoire,GONTOUGO,BONDOUKOU,FACILITY AT LEVEL 4: BONDOUKOU
nI970DZUP2S,Côte d'Ivoire,BERE,MANKONO,FACILITY AT LEVEL 4: MANKONO
NiBSqfOJTK9,Côte d'Ivoire,ABIDJAN 1,ABOBO OUEST,FACILITY AT LEVEL 4: ABOBO OUEST
NIlrVpWScdx,Côte d'Ivoire,ABIDJAN 1,ANYAMA,FACILITY AT LEVEL 4: ANYAMA
NiTV5gphaYq,Côte d'Ivoire,ABIDJAN 2,TREICHVILLE-MARCORY,FACILITY AT LEVEL 4: TREICHVILLE-MARCORY
nIXOdAExhVP,Côte d'Ivoire,ABIDJAN 1,YOPOUGON-OUEST SONGON,FACILITY AT LEVEL 4: YOPOUGON-OUEST SONGON
nJ8eMbwFFyx,Côte d'Ivoire,BOUNKANI,BOUNA,FACILITY AT LEVEL 4: BOUNA
NJBVmZBrVhQ,Côte d'Ivoire,GONTOUGO,TANDA,FACILITY AT LEVEL 4: TANDA
nJdII0s5teU,Côte d'Ivoire,ABIDJAN 2,COCODY BINGERVILLE,FACILITY AT LEVEL 4: COCODY BINGERVILLE
NKdsYuW27kb,Côte d'Ivoire,AGNEBY-TIASSA,AGBOVILLE,FACILITY AT LEVEL 4: AGBOVILLE
NKF5duTMQUp,Côte d'Ivoire,ABIDJAN 2,COCODY BINGERVILLE,FACILITY AT LEVEL 4: COCODY BINGERVILLE
NKiBpnUwO9p,Côte d'Ivoire,GUEMON,KOUIBLY,FACILITY AT LEVEL 4: KOUIBLY
nKjg50Y5aFs,Côte d'Ivoire,BOUNKANI,NASSIAN,FACILITY AT LEVEL 4: NASSIAN
nKm10q5i0rv,Côte d'Ivoire,ABIDJAN 1,ANYAMA,FACILITY AT LEVEL 4: ANYAMA
NKn3wzOvztk,Côte d'Ivoire,ABIDJAN 2,COCODY BINGERVILLE,FACILITY AT LEVEL 4: COCODY BINGERVILLE
nKOoyTkUQV0,Côte d'Ivoire,ME,ALEPE,FACILITY AT LEVEL 4: ALEPE
nkPsHwXHRki,Côte d'Ivoire,HAUT SASSANDRA,VAVOUA,FACILITY AT LEVEL 4: VAVOUA
nKQkEAU9xQD,Côte d'Ivoire,MARAHOUE,ZUENOULA,FACILITY AT LEVEL 4: ZUENOULA
nKxeEfrnSdL,Côte d'Ivoire,BERE,KOUNAHIRI,FACILITY AT LEVEL 4: KOUNAHIRI
NLaVvvZ7h9a,Côte d'Ivoire,HAUT SASSANDRA,ISSIA,FACILITY AT LEVEL 4: ISSIA
nlfUpdDWfry,Côte d'Ivoire,BELIER,YAMOUSSOUKRO,FACILITY AT LEVEL 4: YAMOUSSOUKRO
nlSZ7WHPsKZ,Côte d'Ivoire,NAWA,SOUBRE,FACILITY AT LEVEL 4: SOUBRE
NLw9vq9pKvi,Côte d'Ivoire,HAUT SASSANDRA,DALOA,FACILITY AT LEVEL 4: DALOA
nlxWdsB82Wv,Côte d'Ivoire,ABIDJAN 2,TREICHVILLE-MARCORY,FACILITY AT LEVEL 4: TREICHVILLE-MARCORY
Nm2QnWFguG0,Côte d'Ivoire,ABIDJAN 1,YOPOUGON-OUEST SONGON,FACILITY AT LEVEL 4: YOPOUGON-OUEST SONGON
nmCNUOcr4mK,Côte d'Ivoire,BAGOUE,KOUTO,FACILITY AT LEVEL 4: KOUTO
NmDfWp1tbv1,Côte d'Ivoire,LÔH-DJIBOUA,GUITRY,FACILITY AT LEVEL 4: GUITRY
nmuJUIvCOD7,Côte d'Ivoire,PORO,KORHOGO 2,FACILITY AT LEVEL 4: KORHOGO 2
NMzMQdANtfT,Côte d'Ivoire,LÔH-DJIBOUA,DIVO,FACILITY AT LEVEL 4: DIVO
NN7wSSV18dW,Côte d'Ivoire,ABIDJAN 1,ABOBO EST,FACILITY AT LEVEL 4: ABOBO EST
nnCPMNv5lyk,Côte d'Ivoire,PORO,SINEMATIALI,FACILITY AT LEVEL 4: SINEMATIALI
NNeT7Setv6Q,Côte d'Ivoire,INDENIE-DUABLIN,BETTIE,FACILITY AT LEVEL 4: BETTIE
nNfWAu8J87O,Côte d'Ivoire,BELIER,TIEBISSOU,FACILITY AT LEVEL 4: TIEBISSOU
nnilAOaSqli,Côte d'Ivoire,BAFING,TOUBA,FACILITY AT LEVEL 4: TOUBA
NNzcAXJIFrW,Côte d'Ivoire,ABIDJAN 1,YOPOUGON-EST,FACILITY AT LEVEL 4: YOPOUGON-EST
NO7y7D7asHz,Côte d'Ivoire,GRANDS PONTS,JACQUEVILLE,FACILITY AT LEVEL 4: JACQUEVILLE
nodhR6M8qae,Côte d'Ivoire,HAUT SASSANDRA,DALOA,FACILITY AT LEVEL 4: DALOA
NOeuLD8N3Oh,Côte d'Ivoire,ABIDJAN 2,COCODY BINGERVILLE,FACILITY AT LEVEL 4: COCODY BINGERVILLE
nOIfI2qdQPf,Côte d'Ivoire,PORO,KORHOGO 1,FACILITY AT LEVEL 4: KORHOGO 1
noK22y2hRdJ,Côte d'Ivoire,ABIDJAN 1,ANYAMA,FACILITY AT LEVEL 4: ANYAMA
noN0atXkode,Côte d'Ivoire,BERE,KOUNAHIRI,FACILITY AT LEVEL 4: KOUNAHIRI
NoNEdV7IyKU,Côte d'Ivoire,MARAHOUE,BOUAFLE,FACILITY AT LEVEL 4: BOUAFLE
NoRhA269m7f,Côte d'Ivoire,CAVALLY,TOULEPLEU,FACILITY AT LEVEL 4: TOULEPLEU
norNVVTJVAk,Côte d'Ivoire,SUD-COMOE,ABOISSO,FACILITY AT LEVEL 4: ABOISSO
NoTCS7xBSx5,Côte d'Ivoire,BOUNKANI,BOUNA,FACILITY AT LEVEL 4: BOUNA
nP6xqXEYoCI,Côte d'Ivoire,ME,AKOUPE,FACILITY AT LEVEL 4: AKOUPE
nPEG4E7yRi1,Côte d'Ivoire,GONTOUGO,TRANSUA,FACILITY AT LEVEL 4: TRANSUA
npeZdLFeQ7j,Côte d'Ivoire,SAN PEDRO,SAN-PEDRO,FACILITY AT LEVEL 4: SAN-PEDRO
NPhhXuDhbMX,Côte d'Ivoire,CAVALLY,GUIGLO,FACILITY AT LEVEL 4: GUIGLO
NpI6EFhEAhM,Côte d'Ivoire,PORO,KORHOGO 2,FACILITY AT LEVEL 4: KORHOGO 2
NPRtWd0C70p,Côte d'Ivoire,AGNEBY-TIASSA,TIASSALE,FACILITY AT LEVEL 4: TIASSALE
NpXGU3ssDrE,Côte d'Ivoire,ABIDJAN 1,YOPOUGON-OUEST SONGON,FACILITY AT LEVEL 4: YOPOUGON-OUEST SONGON
nQkoDXX9cte,Côte d'Ivoire,SUD-COMOE,GRAND-BASSAM,FACILITY AT LEVEL 4: GRAND-BASSAM
nqoiZ0FQTYA,Côte d'Ivoire,LÔH-DJIBOUA,DIVO,FACILITY AT LEVEL 4: DIVO
nqvP6m9qyQA,Côte d'Ivoire,GBOKLE,SASSANDRA,FACILITY AT LEVEL 4: SASSANDRA
NR21keDf3Mn,Côte d'Ivoire,ABIDJAN 2,COCODY BINGERVILLE,FACILITY AT LEVEL 4: COCODY BINGERVILLE
nr2kqIsxuKj,Côte d'Ivoire,AGNEBY-TIASSA,SIKENSI,FACILITY AT LEVEL 4: SIKENSI
nR7quusz3YP,Côte d'Ivoire,ABIDJAN 2,PORT-BOUET-VRIDI,FACILITY AT LEVEL 4: PORT-BOUET-VRIDI
NR8ALkGErVJ,Côte d'Ivoire,GUEMON,DUEKOUE,FACILITY AT LEVEL 4: DUEKOUE
nRjIP2ZbFsE,Côte d'Ivoire,MARAHOUE,ZUENOULA,FACILITY AT LEVEL 4: ZUENOULA
nsCU1Fw8zbV,Côte d'Ivoire,LÔH-DJIBOUA,DIVO,FACILITY AT LEVEL 4: DIVO
NsdUpcVYozo,Côte d'Ivoire,BELIER,YAMOUSSOUKRO,FACILITY AT LEVEL 4: YAMOUSSOUKRO
NsguyhcXRMS,Côte d'Ivoire,ABIDJAN 2,COCODY BINGERVILLE,FACILITY AT LEVEL 4: COCODY BINGERVILLE
NsJanWgBUVB,Côte d'Ivoire,SAN PEDRO,SAN-PEDRO,FACILITY AT LEVEL 4: SAN-PEDRO
NsTIq0ioWLz,Côte d'Ivoire,ABIDJAN 2,ADJAME-PLATEAU-ATTECOUBE,FACILITY AT LEVEL 4: ADJAME-PLATEAU-ATTECOUBE
nsu5qQPSbmC,Côte d'Ivoire,WORODOUGOU,SEGUELA,FACILITY AT LEVEL 4: SEGUELA
NtKnGoFbuIP,Côte d'Ivoire,ABIDJAN 1,YOPOUGON-OUEST SONGON,FACILITY AT LEVEL 4: YOPOUGON-OUEST SONGON
NTrXihaptMH,Côte d'Ivoire,GRANDS PONTS,JACQUEVILLE,FACILITY AT LEVEL 4: JACQUEVILLE
NTwCNeStk9f,Côte d'Ivoire,ABIDJAN 2,TREICHVILLE-MARCORY,FACILITY AT LEVEL 4: TREICHVILLE-MARCORY
NU1xhBcfulk,Côte d'Ivoire,TONKPI,DANANE,FACILITY AT LEVEL 4: DANANE
nu5clH7a1lF,Côte d'Ivoire,KABADOUGOU,MADINANI,FACILITY AT LEVEL 4: MADINANI
Nu969mIacpF,Côte d'Ivoire,INDENIE-DUABLIN,ABENGOUROU,FACILITY AT LEVEL 4: ABENGOUROU
nUDksmfT01R,Côte d'Ivoire,LÔH-DJIBOUA,DIVO,FACILITY AT LEVEL 4: DIVO
NUeTnjJlDII,Côte d'Ivoire,KABADOUGOU,MADINANI,FACILITY AT LEVEL 4: MADINANI
NuiSVp8xqGy,Côte d'Ivoire,ABIDJAN 2,PORT-BOUET-VRIDI,FACILITY AT LEVEL 4: PORT-BOUET-VRIDI
NuUADzRGBLu,Côte d'Ivoire,ABIDJAN 2,PORT-BOUET-VRIDI,FACILITY AT LEVEL 4: PORT-BOUET-VRIDI
nUuqLgn8Qc3,Côte d'Ivoire,PORO,SINEMATIALI,FACILITY AT LEVEL 4: SINEMATIALI
nuzj6P2AUM4,Côte d'Ivoire,BOUNKANI,DOROPO,FACILITY AT LEVEL 4: DOROPO
nv65aTD6Qzg,Côte d'Ivoire,ABIDJAN 2,ADJAME-PLATEAU-ATTECOUBE,FACILITY AT LEVEL 4: ADJAME-PLATEAU-ATTECOUBE
nv6HF0ZitPN,Côte d'Ivoire,ABIDJAN 2,COCODY BINGERVILLE,FACILITY AT LEVEL 4: COCODY BINGERVILLE
Nv8dtry2e6e,Côte d'Ivoire,TONKPI,ZOUAN-HOUNIEN,FACILITY AT LEVEL 4: ZOUAN-HOUNIEN
Nvdzxsib4Sw,Côte d'Ivoire,HAUT SASSANDRA,VAVOUA,FACILITY AT LEVEL 4: VAVOUA
nVecYeuwXRF,Côte d'Ivoire,MARAHOUE,BOUAFLE,FACILITY AT LEVEL 4: BOUAFLE
NVm0zU0mvFp,Côte d'Ivoire,CAVALLY,TOULEPLEU,FACILITY AT LEVEL 4: TOULEPLEU
nvO3bO3qkHC,Côte d'Ivoire,ABIDJAN 1,YOPOUGON-OUEST SONGON,FACILITY AT LEVEL 4: YOPOUGON-OUEST SONGON
NvsbcAMSQxF,Côte d'Ivoire,HAMBOL,NIAKARAMADOUGOU,FACILITY AT LEVEL 4: NIAKARAMADOUGOU
nVThjMrvuIt,Côte d'Ivoire,GBEKE,BOUAKE NORD-EST,FACILITY AT LEVEL 4: BOUAKE NORD-EST
NVzgUowrSOa,Côte d'Ivoire,GONTOUGO,BONDOUKOU,FACILITY AT LEVEL 4: BONDOUKOU
NW2JvC6z5JS,Côte d'Ivoire,TONKPI,BIANKOUMA,FACILITY AT LEVEL 4: BIANKOUMA
NW3drvMylpJ,Côte d'Ivoire,HAUT SASSANDRA,VAVOUA,FACILITY AT LEVEL 4: VAVOUA
nW5hn4qdZHY,Côte d'Ivoire,PORO,KORHOGO 1,FACILITY AT LEVEL 4: KORHOGO 1
NwGeMu9DUv2,Côte d'Ivoire,ABIDJAN 1,ABOBO EST,FACILITY AT LEVEL 4: ABOBO EST
NWgpyqNloqS,Côte d'Ivoire,PORO,KORHOGO 1,FACILITY AT LEVEL 4: KORHOGO 1
NWhroKYPn1A,Côte d'Ivoire,ABIDJAN 1,ABOBO OUEST,FACILITY AT LEVEL 4: ABOBO OUEST
nwK9gdlYTIP,Côte d'Ivoire,GONTOUGO,BONDOUKOU,FACILITY AT LEVEL 4: BONDOUKOU
NWLec7e9XRn,Côte d'Ivoire,HAMBOL,NIAKARAMADOUGOU,FACILITY AT LEVEL 4: NIAKARAMADOUGOU
nWm6OHAdTcy,Côte d'Ivoire,GONTOUGO,BONDOUKOU,FACILITY AT LEVEL 4: BONDOUKOU
NWOvvlkEQAr,Côte d'Ivoire,GBEKE,BOUAKE NORD-OUEST,FACILITY AT LEVEL 4: BOUAKE NORD-OUEST
NWqXCi4s8fA,Côte d'Ivoire,ABIDJAN 2,TREICHVILLE-MARCORY,FACILITY AT LEVEL 4: TREICHVILLE-MARCORY
NWvBaj6A8Bg,Côte d'Ivoire,GBEKE,BOUAKE-SUD,FACILITY AT LEVEL 4: BOUAKE-SUD
NwvNHaSq9wv,Côte d'Ivoire,BELIER,TOUMODI,FACILITY AT LEVEL 4: TOUMODI
NwWR8nf7U1Q,Côte d'Ivoire,GÔH,GAGNOA 1,FACILITY AT LEVEL 4: GAGNOA 1
Nx7fm5EQ5gN,Côte d'Ivoire,INDENIE-DUABLIN,AGNIBILEKROU,FACILITY AT LEVEL 4: AGNIBILEKROU
nxb6Drki2NU,Côte d'Ivoire,ABIDJAN 2,COCODY BINGERVILLE,FACILITY AT LEVEL 4: COCODY BINGERVILLE
nXhXKvXQVXe,Côte d'Ivoire,WORODOUGOU,SEGUELA,FACILITY AT LEVEL 4: SEGUELA
NXTfAHdVqXj,Côte d'Ivoire,GONTOUGO,KOUN-FAO,FACILITY AT LEVEL 4: KOUN-FAO
nxvO0IkxI2B,Côte d'Ivoire,HAUT SASSANDRA,ISSIA,FACILITY AT LEVEL 4: ISSIA
nxxeV8NmQpg,Côte d'Ivoire,GÔH,GAGNOA 1,FACILITY AT LEVEL 4: GAGNOA 1
ny5xGrgFbt4,Côte d'Ivoire,BERE,KOUNAHIRI,FACILITY AT LEVEL 4: KOUNAHIRI
NYDEsmbOovd,Côte d'Ivoire,HAMBOL,KATIOLA,FACILITY AT LEVEL 4: KATIOLA
NylLchFHmmd,Côte d'Ivoire,GÔH,GAGNOA 1,FACILITY AT LEVEL 4: GAGNOA 1
nyoFsCf3XsR,Côte d'Ivoire,ABIDJAN 2,COCODY BINGERVILLE,FACILITY AT LEVEL 4: COCODY BINGERVILLE
NYPqLUFwzW7,Côte d'Ivoire,GONTOUGO,KOUN-FAO,FACILITY AT LEVEL 4: KOUN-FAO
NYvIHCSOFaz,Côte d'Ivoire,BELIER,YAMOUSSOUKRO,FACILITY AT LEVEL 4: YAMOUSSOUKRO
nyXKHCD6RyM,Côte d'Ivoire,LÔH-DJIBOUA,GUITRY,FACILITY AT LEVEL 4: GUITRY
nZgB2ajcOrN,Côte d'Ivoire,GÔH,GAGNOA 2,FACILITY AT LEVEL 4: GAGNOA 2
NznNMBIPb8o,Côte d'Ivoire,ABIDJAN 1,YOPOUGON-EST,FACILITY AT LEVEL 4: YOPOUGON-EST
NzPtXejJqoP,Côte d'Ivoire,PORO,SINEMATIALI,FACILITY AT LEVEL 4: SINEMATIALI
nZSn8og034z,Côte d'Ivoire,PORO,M'BENGUE,FACILITY AT LEVEL 4: M'BENGUE
nztBh8XIpgT,Côte d'Ivoire,GÔH,GAGNOA 2,FACILITY AT LEVEL 4: GAGNOA 2
nZtfUFqsE4J,Côte d'Ivoire,ABIDJAN 2,COCODY BINGERVILLE,FACILITY AT LEVEL 4: COCODY BINGERVILLE
o0b4oNnXXNW,Côte d'Ivoire,GÔH,GAGNOA 1,FACILITY AT LEVEL 4: GAGNOA 1
o0J1lAtfZqk,Côte d'Ivoire,HAUT SASSANDRA,ISSIA,FACILITY AT LEVEL 4: ISSIA
O0Q3UNvaQEW,Côte d'Ivoire,GÔH,GAGNOA 1,FACILITY AT LEVEL 4: GAGNOA 1
o1iYfvSnLcj,Côte d'Ivoire,ABIDJAN 2,ADJAME-PLATEAU-ATTECOUBE,FACILITY AT LEVEL 4: ADJAME-PLATEAU-ATTECOUBE
O1rRlySqR2A,Côte d'Ivoire,SUD-COMOE,GRAND-BASSAM,FACILITY AT LEVEL 4: GRAND-BASSAM
o27TbVFUwdC,Côte d'Ivoire,ABIDJAN 2,KOUMASSI,FACILITY AT LEVEL 4: KOUMASSI
O2JQWTUELnF,Côte d'Ivoire,GBOKLE,SASSANDRA,FACILITY AT LEVEL 4: SASSANDRA
O2TL7mWlZ2b,Côte d'Ivoire,GUEMON,DUEKOUE,FACILITY AT LEVEL 4: DUEKOUE
o2uR8KOdB1E,Côte d'Ivoire,SUD-COMOE,ABOISSO,FACILITY AT LEVEL 4: ABOISSO
O3mmGiJpEiP,Côte d'Ivoire,TCHOLOGO,FERKESSEDOUGOU,FACILITY AT LEVEL 4: FERKESSEDOUGOU
o3PDrJRu66e,Côte d'Ivoire,PORO,KORHOGO 2,FACILITY AT LEVEL 4: KORHOGO 2
o3UwSXjpPoh,Côte d'Ivoire,BELIER,TOUMODI,FACILITY AT LEVEL 4: TOUMODI
o3ZSHOjwZCT,Côte d'Ivoire,MORONOU,BONGOUANOU,FACILITY AT LEVEL 4: BONGOUANOU
O41R77wEUfv,Côte d'Ivoire,ABIDJAN 2,COCODY BINGERVILLE,FACILITY AT LEVEL 4: COCODY BINGERVILLE
O4B6S4LdiV5,Côte d'Ivoire,GBEKE,SAKASSOU,FACILITY AT LEVEL 4: SAKASSOU
o4HjmsKgUBy,Côte d'Ivoire,ABIDJAN 1,YOPOUGON-OUEST SONGON,FACILITY AT LEVEL 4: YOPOUGON-OUEST SONGON
o5eA4rxjaEA,Côte d'Ivoire,HAUT SASSANDRA,ISSIA,FACILITY AT LEVEL 4: ISSIA
O5HZTrdAIy1,Côte d'Ivoire,INDENIE-DUABLIN,ABENGOUROU,FACILITY AT LEVEL 4: ABENGOUROU
O5ocaaS9063,Côte d'Ivoire,GBEKE,BOUAKE NORD-OUEST,FACILITY AT LEVEL 4: BOUAKE NORD-OUEST
o5QrJea3hop,Côte d'Ivoire,GBEKE,SAKASSOU,FACILITY AT LEVEL 4: SAKASSOU
O5wSU9F4p5B,Côte d'Ivoire,BAFING,TOUBA,FACILITY AT LEVEL 4: TOUBA
O6pfAFbVAAR,Côte d'Ivoire,INDENIE-DUABLIN,ABENGOUROU,FACILITY AT LEVEL 4: ABENGOUROU
O6PIlQIPZK6,Côte d'Ivoire,ABIDJAN 2,COCODY BINGERVILLE,FACILITY AT LEVEL 4: COCODY BINGERVILLE
O6y6WbAghnl,Côte d'Ivoire,SUD-COMOE,ADIAKE,FACILITY AT LEVEL 4: ADIAKE
O7o6P0L4uff,Côte d'Ivoire,CAVALLY,GUIGLO,FACILITY AT LEVEL 4: GUIGLO
o7qvXc3AcU0,Côte d'Ivoire,ABIDJAN 2,ADJAME-PLATEAU-ATTECOUBE,FACILITY AT LEVEL 4: ADJAME-PLATEAU-ATTECOUBE
o9J1ar4hM1L,Côte d'Ivoire,INDENIE-DUABLIN,ABENGOUROU,FACILITY AT LEVEL 4: ABENGOUROU
o9OLbcHWOS6,Côte d'Ivoire,GRANDS PONTS,DABOU,FACILITY AT LEVEL 4: DABOU
o9PurgprXFB,Côte d'Ivoire,ME,ALEPE,FACILITY AT LEVEL 4: ALEPE
O9Y65fwz0EZ,Côte d'Ivoire,BAGOUE,BOUNDIALI,FACILITY AT LEVEL 4: BOUNDIALI
Oa8I45tlQB3,Côte d'Ivoire,NAWA,SOUBRE,FACILITY AT LEVEL 4: SOUBRE
OahtKdydrdf,Côte d'Ivoire,ABIDJAN 2,ADJAME-PLATEAU-ATTECOUBE,FACILITY AT LEVEL 4: ADJAME-PLATEAU-ATTECOUBE
OaXBMIE1eQO,Côte d'Ivoire,GBEKE,SAKASSOU,FACILITY AT LEVEL 4: SAKASSOU
ob0kaztYBdv,Côte d'Ivoire,ABIDJAN 2,ADJAME-PLATEAU-ATTECOUBE,FACILITY AT LEVEL 4: ADJAME-PLATEAU-ATTECOUBE
obour8gYJL1,Côte d'Ivoire,TCHOLOGO,KONG,FACILITY AT LEVEL 4: KONG
oBsvwwpprx9,Côte d'Ivoire,ABIDJAN 2,ADJAME-PLATEAU-ATTECOUBE,FACILITY AT LEVEL 4: ADJAME-PLATEAU-ATTECOUBE
obxZFOcDYGS,Côte d'Ivoire,BELIER,DIDIEVI,FACILITY AT LEVEL 4: DIDIEVI
oC6b1e3JuHH,Côte d'Ivoire,LÔH-DJIBOUA,DIVO,FACILITY AT LEVEL 4: DIVO
oc7tqtQov95,Côte d'Ivoire,GBOKLE,SASSANDRA,FACILITY AT LEVEL 4: SASSANDRA
oCC1QKfF35y,Côte d'Ivoire,SAN PEDRO,SAN-PEDRO,FACILITY AT LEVEL 4: SAN-PEDRO
oCGj37yqeHW,Côte d'Ivoire,ABIDJAN 2,COCODY BINGERVILLE,FACILITY AT LEVEL 4: COCODY BINGERVILLE
Och1Y2SQiyU,Côte d'Ivoire,HAUT SASSANDRA,DALOA,FACILITY AT LEVEL 4: DALOA
OCi4115nFsX,Côte d'Ivoire,NAWA,MEAGUI,FACILITY AT LEVEL 4: MEAGUI
ocLbXmLEv4X,Côte d'Ivoire,SUD-COMOE,ABOISSO,FACILITY AT LEVEL 4: ABOISSO
OcMwbJRHtsV,Côte d'Ivoire,ABIDJAN 2,COCODY BINGERVILLE,FACILITY AT LEVEL 4: COCODY BINGERVILLE
oCSkhmS12o7,Côte d'Ivoire,ABIDJAN 1,YOPOUGON-EST,FACILITY AT LEVEL 4: YOPOUGON-EST
oCY8DaRvfZf,Côte d'Ivoire,IFFOU,DAOUKRO,FACILITY AT LEVEL 4: DAOUKRO
OD5DpL4rg4J,Côte d'Ivoire,ABIDJAN 1,YOPOUGON-EST,FACILITY AT LEVEL 4: YOPOUGON-EST
oDgJM8o9rg3,Côte d'Ivoire,SUD-COMOE,GRAND-BASSAM,FACILITY AT LEVEL 4: GRAND-BASSAM
odH9lte4uec,Côte d'Ivoire,ABIDJAN 2,COCODY BINGERVILLE,FACILITY AT LEVEL 4: COCODY BINGERVILLE
ODTUMc7NXff,Côte d'Ivoire,N'ZI,KOUASSI KOUASSIKRO,FACILITY AT LEVEL 4: KOUASSI KOUASSIKRO
Oe34PhxG7WK,Côte d'Ivoire,TONKPI,BIANKOUMA,FACILITY AT LEVEL 4: BIANKOUMA
oEgAw6YDyaZ,Côte d'Ivoire,IFFOU,PRIKRO,FACILITY AT LEVEL 4: PRIKRO
oEMXXHA5aGx,Côte d'Ivoire,MARAHOUE,ZUENOULA,FACILITY AT LEVEL 4: ZUENOULA
OePlArRCE8r,Côte d'Ivoire,AGNEBY-TIASSA,AGBOVILLE,FACILITY AT LEVEL 4: AGBOVILLE
oEWPYdJvdE2,Côte d'Ivoire,ABIDJAN 1,ABOBO EST,FACILITY AT LEVEL 4: ABOBO EST
OeYj6ZR0Pqa,Côte d'Ivoire,ABIDJAN 2,COCODY BINGERVILLE,FACILITY AT LEVEL 4: COCODY BINGERVILLE
oF2TYKnfIWj,Côte d'Ivoire,NAWA,SOUBRE,FACILITY AT LEVEL 4: SOUBRE
ofHgE75zePD,Côte d'Ivoire,GBEKE,BOUAKE NORD-OUEST,FACILITY AT LEVEL 4: BOUAKE NORD-OUEST
OFIrbJOCa8t,Côte d'Ivoire,HAUT SASSANDRA,VAVOUA,FACILITY AT LEVEL 4: VAVOUA
OfWmQyZmCxO,Côte d'Ivoire,ME,AKOUPE,FACILITY AT LEVEL 4: AKOUPE
OG3I3fdFo08,Côte d'Ivoire,TONKPI,ZOUAN-HOUNIEN,FACILITY AT LEVEL 4: ZOUAN-HOUNIEN
Og4IrbfB6B4,Côte d'Ivoire,SUD-COMOE,ABOISSO,FACILITY AT LEVEL 4: ABOISSO
OGEAyAfOSsn,Côte d'Ivoire,BERE,MANKONO,FACILITY AT LEVEL 4: MANKONO
OgkR7quvLp7,Côte d'Ivoire,INDENIE-DUABLIN,ABENGOUROU,FACILITY AT LEVEL 4: ABENGOUROU
OGOHhA2JITt,Côte d'Ivoire,BELIER,TIEBISSOU,FACILITY AT LEVEL 4: TIEBISSOU
ogyO28fADpX,Côte d'Ivoire,WORODOUGOU,SEGUELA,FACILITY AT LEVEL 4: SEGUELA
OGyrrK1sOsh,Côte d'Ivoire,AGNEBY-TIASSA,TIASSALE,FACILITY AT LEVEL 4: TIASSALE
OHac2cifYHu,Côte d'Ivoire,ABIDJAN 2,COCODY BINGERVILLE,FACILITY AT LEVEL 4: COCODY BINGERVILLE
ohbMquuL4GQ,Côte d'Ivoire,TONKPI,DANANE,FACILITY AT LEVEL 4: DANANE
oheJlv56lNV,Côte d'Ivoire,HAMBOL,NIAKARAMADOUGOU,FACILITY AT LEVEL 4: NIAKARAMADOUGOU
oHnafjU7HQn,Côte d'Ivoire,ABIDJAN 1,ABOBO EST,FACILITY AT LEVEL 4: ABOBO EST
oiatYnkC0xR,Côte d'Ivoire,TONKPI,MAN,FACILITY AT LEVEL 4: MAN
OIgQ06HZUBB,Côte d'Ivoire,GÔH,OUME,FACILITY AT LEVEL 4: OUME
OISw3MLShrO,Côte d'Ivoire,GONTOUGO,KOUN-FAO,FACILITY AT LEVEL 4: KOUN-FAO
oiYONDJ6qz7,Côte d'Ivoire,GONTOUGO,KOUN-FAO,FACILITY AT LEVEL 4: KOUN-FAO
OJekIYGAJd9,Côte d'Ivoire,TCHOLOGO,FERKESSEDOUGOU,FACILITY AT LEVEL 4: FERKESSEDOUGOU
ojHQOYnQp5f,Côte d'Ivoire,KABADOUGOU,ODIENNE,FACILITY AT LEVEL 4: ODIENNE
oJLOlJSjBj1,Côte d'Ivoire,BAGOUE,BOUNDIALI,FACILITY AT LEVEL 4: BOUNDIALI
OJM3gcOUnNb,Côte d'Ivoire,BAGOUE,TENGRELA,FACILITY AT LEVEL 4: TENGRELA
ojmNKvb4jAf,Côte d'Ivoire,BELIER,TOUMODI,FACILITY AT LEVEL 4: TOUMODI
oJMXsIRBbq0,Côte d'Ivoire,ABIDJAN 2,COCODY BINGERVILLE,FACILITY AT LEVEL 4: COCODY BINGERVILLE
OJnbpJANbHh,Côte d'Ivoire,NAWA,SOUBRE,FACILITY AT LEVEL 4: SOUBRE
oJTyrmGWHZh,Côte d'Ivoire,SUD-COMOE,GRAND-BASSAM,FACILITY AT LEVEL 4: GRAND-BASSAM
OJUZTPzC1lE,Côte d'Ivoire,ABIDJAN 2,PORT-BOUET-VRIDI,FACILITY AT LEVEL 4: PORT-BOUET-VRIDI
oKaNW7Y96Um,Côte d'Ivoire,GONTOUGO,BONDOUKOU,FACILITY AT LEVEL 4: BONDOUKOU
OkEP0F800rb,Côte d'Ivoire,ABIDJAN 2,TREICHVILLE-MARCORY,FACILITY AT LEVEL 4: TREICHVILLE-MARCORY
oKjRlaOPkyZ,Côte d'Ivoire,N'ZI,KOUASSI KOUASSIKRO,FACILITY AT LEVEL 4: KOUASSI KOUASSIKRO
OKucwkQqPiR,Côte d'Ivoire,MARAHOUE,SINFRA,FACILITY AT LEVEL 4: SINFRA
okUPxUNA394,Côte d'Ivoire,PORO,SINEMATIALI,FACILITY AT LEVEL 4: SINEMATIALI
oKwe9PMQhgo,Côte d'Ivoire,BELIER,YAMOUSSOUKRO,FACILITY AT LEVEL 4: YAMOUSSOUKRO
OkxtrUIb1DQ,Côte d'Ivoire,BELIER,YAMOUSSOUKRO,FACILITY AT LEVEL 4: YAMOUSSOUKRO
ol2BOdREmeX,Côte d'Ivoire,ABIDJAN 2,COCODY BINGERVILLE,FACILITY AT LEVEL 4: COCODY BINGERVILLE
OL2fM4ILLcX,Côte d'Ivoire,GÔH,GAGNOA 1,FACILITY AT LEVEL 4: GAGNOA 1
OlaLbOMsPfK,Côte d'Ivoire,PORO,KORHOGO 1,FACILITY AT LEVEL 4: KORHOGO 1
OlCQ3YdtfK9,Côte d'Ivoire,PORO,DIKODOUGOU,FACILITY AT LEVEL 4: DIKODOUGOU
oLdmDr8baLT,Côte d'Ivoire,AGNEBY-TIASSA,AGBOVILLE,FACILITY AT LEVEL 4: AGBOVILLE
OLdOSAwzEc5,Côte d'Ivoire,ABIDJAN 2,KOUMASSI,FACILITY AT LEVEL 4: KOUMASSI
olDPtfsdQVQ,Côte d'Ivoire,CAVALLY,TAI,FACILITY AT LEVEL 4: TAI
OLenfKgCore,Côte d'Ivoire,SUD-COMOE,ABOISSO,FACILITY AT LEVEL 4: ABOISSO
olezcaJSiDd,Côte d'Ivoire,PORO,KORHOGO 2,FACILITY AT LEVEL 4: KORHOGO 2
olMCPYWjb7g,Côte d'Ivoire,ABIDJAN 1,YOPOUGON-EST,FACILITY AT LEVEL 4: YOPOUGON-EST
olur2SZdQqC,Côte d'Ivoire,MORONOU,ARRAH,FACILITY AT LEVEL 4: ARRAH
OM0adkTeys8,Côte d'Ivoire,INDENIE-DUABLIN,AGNIBILEKROU,FACILITY AT LEVEL 4: AGNIBILEKROU
OM5nuJkMj7n,Côte d'Ivoire,KABADOUGOU,ODIENNE,FACILITY AT LEVEL 4: ODIENNE
omf6FfS4ysx,Côte d'Ivoire,AGNEBY-TIASSA,TIASSALE,FACILITY AT LEVEL 4: TIASSALE
omFDCDDd3C9,Côte d'Ivoire,BAGOUE,BOUNDIALI,FACILITY AT LEVEL 4: BOUNDIALI
oMLtZFTZ8po,Côte d'Ivoire,SUD-COMOE,ADIAKE,FACILITY AT LEVEL 4: ADIAKE
On6zvYriRzS,Côte d'Ivoire,BAGOUE,BOUNDIALI,FACILITY AT LEVEL 4: BOUNDIALI
oNhx6y8wjOL,Côte d'Ivoire,ABIDJAN 1,YOPOUGON-OUEST SONGON,FACILITY AT LEVEL 4: YOPOUGON-OUEST SONGON
onldO7gfdSw,Côte d'Ivoire,GUEMON,KOUIBLY,FACILITY AT LEVEL 4: KOUIBLY
onPyKyH0l3V,Côte d'Ivoire,LÔH-DJIBOUA,LAKOTA,FACILITY AT LEVEL 4: LAKOTA
oNrKKmm2dlf,Côte d'Ivoire,WORODOUGOU,SEGUELA,FACILITY AT LEVEL 4: SEGUELA
OO10hddb0SE,Côte d'Ivoire,ME,ALEPE,FACILITY AT LEVEL 4: ALEPE
Oo7N8aa4rqP,Côte d'Ivoire,TCHOLOGO,FERKESSEDOUGOU,FACILITY AT LEVEL 4: FERKESSEDOUGOU
oOH7qqNuiD1,Côte d'Ivoire,IFFOU,DAOUKRO,FACILITY AT LEVEL 4: DAOUKRO
oOsDr78Hdlf,Côte d'Ivoire,BELIER,TIEBISSOU,FACILITY AT LEVEL 4: TIEBISSOU
ooY2P7YMWVY,Côte d'Ivoire,ABIDJAN 1,YOPOUGON-OUEST SONGON,FACILITY AT LEVEL 4: YOPOUGON-OUEST SONGON
OpfZq5fSKDi,Côte d'Ivoire,HAMBOL,NIAKARAMADOUGOU,FACILITY AT LEVEL 4: NIAKARAMADOUGOU
OPnEgT5iIK2,Côte d'Ivoire,ABIDJAN 2,PORT-BOUET-VRIDI,FACILITY AT LEVEL 4: PORT-BOUET-VRIDI
OptJ7lOSfhV,Côte d'Ivoire,BOUNKANI,NASSIAN,FACILITY AT LEVEL 4: NASSIAN
OpTjTojwTW4,Côte d'Ivoire,IFFOU,DAOUKRO,FACILITY AT LEVEL 4: DAOUKRO
oPzuWJGjLvm,Côte d'Ivoire,ABIDJAN 1,YOPOUGON-EST,FACILITY AT LEVEL 4: YOPOUGON-EST
OQdg7LgRm4N,Côte d'Ivoire,BELIER,YAMOUSSOUKRO,FACILITY AT LEVEL 4: YAMOUSSOUKRO
OqEizV7AQQ3,Côte d'Ivoire,GBEKE,SAKASSOU,FACILITY AT LEVEL 4: SAKASSOU
oql97puM3kA,Côte d'Ivoire,BOUNKANI,TEHINI,FACILITY AT LEVEL 4: TEHINI
OQLDqdxxgX6,Côte d'Ivoire,BOUNKANI,BOUNA,FACILITY AT LEVEL 4: BOUNA
OQuRu1ytLMF,Côte d'Ivoire,BAGOUE,TENGRELA,FACILITY AT LEVEL 4: TENGRELA
oqYCnVBaPJz,Côte d'Ivoire,ABIDJAN 1,YOPOUGON-EST,FACILITY AT LEVEL 4: YOPOUGON-EST
Or7xm5hVWyb,Côte d'Ivoire,BAGOUE,BOUNDIALI,FACILITY AT LEVEL 4: BOUNDIALI
oRI05S3uP7U,Côte d'Ivoire,TCHOLOGO,KONG,FACILITY AT LEVEL 4: KONG
oRiPgfOl9lq,Côte d'Ivoire,ABIDJAN 1,ANYAMA,FACILITY AT LEVEL 4: ANYAMA
ORkFbgtCEh1,Côte d'Ivoire,ABIDJAN 2,ADJAME-PLATEAU-ATTECOUBE,FACILITY AT LEVEL 4: ADJAME-PLATEAU-ATTECOUBE
OrPI1rihSSf,Côte d'Ivoire,ABIDJAN 2,COCODY BINGERVILLE,FACILITY AT LEVEL 4: COCODY BINGERVILLE
OrWDfEktbpc,Côte d'Ivoire,GONTOUGO,BONDOUKOU,FACILITY AT LEVEL 4: BONDOUKOU
ORXJKAEWa8R,Côte d'Ivoire,ABIDJAN 2,TREICHVILLE-MARCORY,FACILITY AT LEVEL 4: TREICHVILLE-MARCORY
OrY5v19U1a3,Côte d'Ivoire,ABIDJAN 2,TREICHVILLE-MARCORY,FACILITY AT LEVEL 4: TREICHVILLE-MARCORY
OS3sXR5nkqM,Côte d'Ivoire,HAUT SASSANDRA,DALOA,FACILITY AT LEVEL 4: DALOA
Os6Lfw4QNcT,Côte d'Ivoire,TONKPI,MAN,FACILITY AT LEVEL 4: MAN
OsiWXsujNmv,Côte d'Ivoire,ME,ALEPE,FACILITY AT LEVEL 4: ALEPE
OsjH3mS7af4,Côte d'Ivoire,ME,ALEPE,FACILITY AT LEVEL 4: ALEPE
OsKMbQMp54Z,Côte d'Ivoire,ABIDJAN 2,ADJAME-PLATEAU-ATTECOUBE,FACILITY AT LEVEL 4: ADJAME-PLATEAU-ATTECOUBE
Osmj7KfUlrZ,Côte d'Ivoire,ME,ALEPE,FACILITY AT LEVEL 4: ALEPE
OsWsbDwRMVB,Côte d'Ivoire,KABADOUGOU,MADINANI,FACILITY AT LEVEL 4: MADINANI
oSXTrK6WYEO,Côte d'Ivoire,HAUT SASSANDRA,VAVOUA,FACILITY AT LEVEL 4: VAVOUA
OTIM7YYULO8,Côte d'Ivoire,TONKPI,DANANE,FACILITY AT LEVEL 4: DANANE
otkxeFxVkzj,Côte d'Ivoire,HAUT SASSANDRA,VAVOUA,FACILITY AT LEVEL 4: VAVOUA
OtlPAL0mwS4,Côte d'Ivoire,MARAHOUE,ZUENOULA,FACILITY AT LEVEL 4: ZUENOULA
oTnsv8nF2xg,Côte d'Ivoire,ABIDJAN 2,COCODY BINGERVILLE,FACILITY AT LEVEL 4: COCODY BINGERVILLE
oTrWbXYga0R,Côte d'Ivoire,ABIDJAN 2,COCODY BINGERVILLE,FACILITY AT LEVEL 4: COCODY BINGERVILLE
OtWItoNqhys,Côte d'Ivoire,GUEMON,BANGOLO,FACILITY AT LEVEL 4: BANGOLO
OTxN3Xr6RQr,Côte d'Ivoire,ME,ADZOPE,FACILITY AT LEVEL 4: ADZOPE
oTYEEpgxtgX,Côte d'Ivoire,GONTOUGO,BONDOUKOU,FACILITY AT LEVEL 4: BONDOUKOU
ou8aaIZ5JQG,Côte d'Ivoire,SAN PEDRO,SAN-PEDRO,FACILITY AT LEVEL 4: SAN-PEDRO
oua9bZ7xkfS,Côte d'Ivoire,HAUT SASSANDRA,VAVOUA,FACILITY AT LEVEL 4: VAVOUA
ouesB8N6Sd8,Côte d'Ivoire,ABIDJAN 2,COCODY BINGERVILLE,FACILITY AT LEVEL 4: COCODY BINGERVILLE
oUM54gQRb63,Côte d'Ivoire,N'ZI,BOCANDA,FACILITY AT LEVEL 4: BOCANDA
oUOhXqAghHE,Côte d'Ivoire,GRANDS PONTS,DABOU,FACILITY AT LEVEL 4: DABOU
OV4h1AILwDH,Côte d'Ivoire,ABIDJAN 2,COCODY BINGERVILLE,FACILITY AT LEVEL 4: COCODY BINGERVILLE
OV4Y0FsVdgp,Côte d'Ivoire,LÔH-DJIBOUA,GUITRY,FACILITY AT LEVEL 4: GUITRY
ovbbYqcNjEY,Côte d'Ivoire,ABIDJAN 1,ANYAMA,FACILITY AT LEVEL 4: ANYAMA
ovGHR2PP2xt,Côte d'Ivoire,PORO,KORHOGO 1,FACILITY AT LEVEL 4: KORHOGO 1
oviXGMoL0mp,Côte d'Ivoire,GONTOUGO,BONDOUKOU,FACILITY AT LEVEL 4: BONDOUKOU
ovOUo5jrC22,Côte d'Ivoire,ME,ADZOPE,FACILITY AT LEVEL 4: ADZOPE
OVQmfsHARWU,Côte d'Ivoire,HAMBOL,NIAKARAMADOUGOU,FACILITY AT LEVEL 4: NIAKARAMADOUGOU
ovqx1s4UvwX,Côte d'Ivoire,SAN PEDRO,SAN-PEDRO,FACILITY AT LEVEL 4: SAN-PEDRO
ovxTi8n3w10,Côte d'Ivoire,FOLON,KANIASSO,FACILITY AT LEVEL 4: KANIASSO
oWFhMuTIIts,Côte d'Ivoire,MARAHOUE,BOUAFLE,FACILITY AT LEVEL 4: BOUAFLE
OWFOdcsMPi2,Côte d'Ivoire,ABIDJAN 2,TREICHVILLE-MARCORY,FACILITY AT LEVEL 4: TREICHVILLE-MARCORY
OWg0fhDQiMl,Côte d'Ivoire,LÔH-DJIBOUA,DIVO,FACILITY AT LEVEL 4: DIVO
OwhZQEPw1u6,Côte d'Ivoire,ABIDJAN 1,ABOBO EST,FACILITY AT LEVEL 4: ABOBO EST
oWkwN01B6Nf,Côte d'Ivoire,BELIER,TIEBISSOU,FACILITY AT LEVEL 4: TIEBISSOU
owQEbFcapKu,Côte d'Ivoire,HAUT SASSANDRA,DALOA,FACILITY AT LEVEL 4: DALOA
OWuwgYAcFfy,Côte d'Ivoire,HAUT SASSANDRA,VAVOUA,FACILITY AT LEVEL 4: VAVOUA
oWvysuKkuax,Côte d'Ivoire,GONTOUGO,BONDOUKOU,FACILITY AT LEVEL 4: BONDOUKOU
Ox0ri02ccXu,Côte d'Ivoire,BERE,KOUNAHIRI,FACILITY AT LEVEL 4: KOUNAHIRI
ox4J8UzxwMZ,Côte d'Ivoire,ABIDJAN 2,COCODY BINGERVILLE,FACILITY AT LEVEL 4: COCODY BINGERVILLE
oX4pNcEQt8l,Côte d'Ivoire,BAFING,OUANINOU,FACILITY AT LEVEL 4: OUANINOU
oxFD0KlrZtd,Côte d'Ivoire,BELIER,DIDIEVI,FACILITY AT LEVEL 4: DIDIEVI
OXHE08rPXm1,Côte d'Ivoire,WORODOUGOU,SEGUELA,FACILITY AT LEVEL 4: SEGUELA
oXhpGsnm8Al,Côte d'Ivoire,GBOKLE,SASSANDRA,FACILITY AT LEVEL 4: SASSANDRA
oXOpq3xFqoa,Côte d'Ivoire,ABIDJAN 2,ADJAME-PLATEAU-ATTECOUBE,FACILITY AT LEVEL 4: ADJAME-PLATEAU-ATTECOUBE
OXroFdR3EyB,Côte d'Ivoire,AGNEBY-TIASSA,TIASSALE,FACILITY AT LEVEL 4: TIASSALE
oxvmM2n6DR5,Côte d'Ivoire,HAMBOL,DABAKALA,FACILITY AT LEVEL 4: DABAKALA
oxWlJAvF8XY,Côte d'Ivoire,GÔH,OUME,FACILITY AT LEVEL 4: OUME
Oy39dnEWOK2,Côte d'Ivoire,LÔH-DJIBOUA,DIVO,FACILITY AT LEVEL 4: DIVO
Oy4zTwAFIYm,Côte d'Ivoire,TONKPI,MAN,FACILITY AT LEVEL 4: MAN
OyBpWd2oAiS,Côte d'Ivoire,MARAHOUE,SINFRA,FACILITY AT LEVEL 4: SINFRA
OygfFjzvhNo,Côte d'Ivoire,ABIDJAN 2,KOUMASSI,FACILITY AT LEVEL 4: KOUMASSI
oygTu90sWvA,Côte d'Ivoire,ABIDJAN 2,PORT-BOUET-VRIDI,FACILITY AT LEVEL 4: PORT-BOUET-VRIDI
OyoED7OBJGk,Côte d'Ivoire,MARAHOUE,ZUENOULA,FACILITY AT LEVEL 4: ZUENOULA
OYu4rNy6BoX,Côte d'Ivoire,TONKPI,MAN,FACILITY AT LEVEL 4: MAN
oYWkYnoYzAO,Côte d'Ivoire,ABIDJAN 2,COCODY BINGERVILLE,FACILITY AT LEVEL 4: COCODY BINGERVILLE
oZcCjwrbIKz,Côte d'Ivoire,LÔH-DJIBOUA,DIVO,FACILITY AT LEVEL 4: DIVO
OZHhNP5X4q7,Côte d'Ivoire,ABIDJAN 2,COCODY BINGERVILLE,FACILITY AT LEVEL 4: COCODY BINGERVILLE
OZHQ1puF7s4,Côte d'Ivoire,HAUT SASSANDRA,ISSIA,FACILITY AT LEVEL 4: ISSIA
ozJtldnzVci,Côte d'Ivoire,GUEMON,DUEKOUE,FACILITY AT LEVEL 4: DUEKOUE
OZnxdTvuFzD,Côte d'Ivoire,GONTOUGO,SANDEGUE,FACILITY AT LEVEL 4: SANDEGUE
ozq3zNYAieB,Côte d'Ivoire,ABIDJAN 2,COCODY BINGERVILLE,FACILITY AT LEVEL 4: COCODY BINGERVILLE
OzqeRflAtev,Côte d'Ivoire,BAGOUE,BOUNDIALI,FACILITY AT LEVEL 4: BOUNDIALI
oZR2s7eM3Fk,Côte d'Ivoire,MORONOU,M'BATTO,FACILITY AT LEVEL 4: M'BATTO
OzrLhULKTvy,Côte d'Ivoire,SAN PEDRO,SAN-PEDRO,FACILITY AT LEVEL 4: SAN-PEDRO
oztnomFGksy,Côte d'Ivoire,ABIDJAN 2,ADJAME-PLATEAU-ATTECOUBE,FACILITY AT LEVEL 4: ADJAME-PLATEAU-ATTECOUBE
Ozw43SfVIqw,Côte d'Ivoire,HAUT SASSANDRA,DALOA,FACILITY AT LEVEL 4: DALOA
oZYJDYbfzdb,Côte d'Ivoire,HAUT SASSANDRA,DALOA,FACILITY AT LEVEL 4: DALOA
P0eFUHga8X0,Côte d'Ivoire,ABIDJAN 2,COCODY BINGERVILLE,FACILITY AT LEVEL 4: COCODY BINGERVILLE
p0VRcgYMFoN,Côte d'Ivoire,ME,ADZOPE,FACILITY AT LEVEL 4: ADZOPE
p1117dugcct,Côte d'Ivoire,GUEMON,DUEKOUE,FACILITY AT LEVEL 4: DUEKOUE
P18APgInH6h,Côte d'Ivoire,WORODOUGOU,SEGUELA,FACILITY AT LEVEL 4: SEGUELA
p1egLEARcZy,Côte d'Ivoire,GBEKE,BEOUMI,FACILITY AT LEVEL 4: BEOUMI
p1JdUO2Wf2V,Côte d'Ivoire,KABADOUGOU,MADINANI,FACILITY AT LEVEL 4: MADINANI
p25EP2o81O5,Côte d'Ivoire,FOLON,MINIGNAN,FACILITY AT LEVEL 4: MINIGNAN
P2C4fQY2dPQ,Côte d'Ivoire,ABIDJAN 1,YOPOUGON-OUEST SONGON,FACILITY AT LEVEL 4: YOPOUGON-OUEST SONGON
p2cHs4bwern,Côte d'Ivoire,PORO,KORHOGO 1,FACILITY AT LEVEL 4: KORHOGO 1
p2SDZZGQnVn,Côte d'Ivoire,ABIDJAN 2,COCODY BINGERVILLE,FACILITY AT LEVEL 4: COCODY BINGERVILLE
P2WqNppWhpH,Côte d'Ivoire,N'ZI,DIMBOKRO,FACILITY AT LEVEL 4: DIMBOKRO
p3d71rTkD2z,Côte d'Ivoire,LÔH-DJIBOUA,LAKOTA,FACILITY AT LEVEL 4: LAKOTA
P3MOVHqxd31,Côte d'Ivoire,KABADOUGOU,MADINANI,FACILITY AT LEVEL 4: MADINANI
P3PAsd5bocn,Côte d'Ivoire,BOUNKANI,BOUNA,FACILITY AT LEVEL 4: BOUNA
P3YSk7IN2eq,Côte d'Ivoire,GBOKLE,SASSANDRA,FACILITY AT LEVEL 4: SASSANDRA
p4JXdGK2NxW,Côte d'Ivoire,GBEKE,BOUAKE NORD-EST,FACILITY AT LEVEL 4: BOUAKE NORD-EST
P4Ljen6OCis,Côte d'Ivoire,SAN PEDRO,SAN-PEDRO,FACILITY AT LEVEL 4: SAN-PEDRO
p4SuQU8KLYQ,Côte d'Ivoire,PORO,SINEMATIALI,FACILITY AT LEVEL 4: SINEMATIALI
p5jIluxTBMQ,Côte d'Ivoire,LÔH-DJIBOUA,DIVO,FACILITY AT LEVEL 4: DIVO
p5vBB8iIOOy,Côte d'Ivoire,GONTOUGO,BONDOUKOU,FACILITY AT LEVEL 4: BONDOUKOU
p8I1jCARIlk,Côte d'Ivoire,MARAHOUE,BOUAFLE,FACILITY AT LEVEL 4: BOUAFLE
p8KyoBije52,Côte d'Ivoire,ABIDJAN 2,COCODY BINGERVILLE,FACILITY AT LEVEL 4: COCODY BINGERVILLE
p8T9xNBUlGA,Côte d'Ivoire,ABIDJAN 2,ADJAME-PLATEAU-ATTECOUBE,FACILITY AT LEVEL 4: ADJAME-PLATEAU-ATTECOUBE
P8XdTqEDM6U,Côte d'Ivoire,ABIDJAN 2,COCODY BINGERVILLE,FACILITY AT LEVEL 4: COCODY BINGERVILLE
p97QGsi0RrM,Côte d'Ivoire,TONKPI,BIANKOUMA,FACILITY AT LEVEL 4: BIANKOUMA
p9CFTaiyOdQ,Côte d'Ivoire,ABIDJAN 2,ADJAME-PLATEAU-ATTECOUBE,FACILITY AT LEVEL 4: ADJAME-PLATEAU-ATTECOUBE
P9EEIcB9X1a,Côte d'Ivoire,BOUNKANI,BOUNA,FACILITY AT LEVEL 4: BOUNA
P9mWsLb1iuy,Côte d'Ivoire,SUD-COMOE,ABOISSO,FACILITY AT LEVEL 4: ABOISSO
p9TMrt2mad3,Côte d'Ivoire,GBEKE,BEOUMI,FACILITY AT LEVEL 4: BEOUMI
p9wTDnu3tEx,Côte d'Ivoire,LÔH-DJIBOUA,LAKOTA,FACILITY AT LEVEL 4: LAKOTA
pafASdCcD3F,Côte d'Ivoire,NAWA,MEAGUI,FACILITY AT LEVEL 4: MEAGUI
PAGzK2IHcNH,Côte d'Ivoire,BELIER,YAMOUSSOUKRO,FACILITY AT LEVEL 4: YAMOUSSOUKRO
paoQIjVmtqz,Côte d'Ivoire,PORO,KORHOGO 1,FACILITY AT LEVEL 4: KORHOGO 1
PaPNKk1mBRE,Côte d'Ivoire,INDENIE-DUABLIN,ABENGOUROU,FACILITY AT LEVEL 4: ABENGOUROU
pASsPn2WpS1,Côte d'Ivoire,BAGOUE,KOUTO,FACILITY AT LEVEL 4: KOUTO
pAxx2iyxH5v,Côte d'Ivoire,PORO,DIKODOUGOU,FACILITY AT LEVEL 4: DIKODOUGOU
PazEBdcslao,Côte d'Ivoire,ABIDJAN 1,YOPOUGON-OUEST SONGON,FACILITY AT LEVEL 4: YOPOUGON-OUEST SONGON
Pb1L8dflx2j,Côte d'Ivoire,LÔH-DJIBOUA,LAKOTA,FACILITY AT LEVEL 4: LAKOTA
pB1wIv0ih9M,Côte d'Ivoire,SAN PEDRO,TABOU,FACILITY AT LEVEL 4: TABOU
pb62QK3itU5,Côte d'Ivoire,ABIDJAN 2,ADJAME-PLATEAU-ATTECOUBE,FACILITY AT LEVEL 4: ADJAME-PLATEAU-ATTECOUBE
pbaglCtu7em,Côte d'Ivoire,BAGOUE,TENGRELA,FACILITY AT LEVEL 4: TENGRELA
Pbl6opXm4qo,Côte d'Ivoire,GONTOUGO,TANDA,FACILITY AT LEVEL 4: TANDA
PblfYhvfcvR,Côte d'Ivoire,LÔH-DJIBOUA,DIVO,FACILITY AT LEVEL 4: DIVO
PbMyZmvfLIU,Côte d'Ivoire,TONKPI,DANANE,FACILITY AT LEVEL 4: DANANE
PbN5cqV5Fut,Côte d'Ivoire,KABADOUGOU,MADINANI,FACILITY AT LEVEL 4: MADINANI
pbOTks1VF9v,Côte d'Ivoire,ABIDJAN 2,TREICHVILLE-MARCORY,FACILITY AT LEVEL 4: TREICHVILLE-MARCORY
PbXfxMxsMpw,Côte d'Ivoire,CAVALLY,GUIGLO,FACILITY AT LEVEL 4: GUIGLO
pC4T1SUQU5m,Côte d'Ivoire,KABADOUGOU,MADINANI,FACILITY AT LEVEL 4: MADINANI
pc9pwq4cSNF,Côte d'Ivoire,IFFOU,PRIKRO,FACILITY AT LEVEL 4: PRIKRO
pcA1rkwOxbI,Côte d'Ivoire,TONKPI,DANANE,FACILITY AT LEVEL 4: DANANE
pcB6FLnqkJF,Côte d'Ivoire,ABIDJAN 2,COCODY BINGERVILLE,FACILITY AT LEVEL 4: COCODY BINGERVILLE
PccFqCgeqxM,Côte d'Ivoire,BELIER,DIDIEVI,FACILITY AT LEVEL 4: DIDIEVI
pCO7nV5n5CA,Côte d'Ivoire,CAVALLY,BLOLEQUIN,FACILITY AT LEVEL 4: BLOLEQUIN
Pcpc2wQ6NxU,Côte d'Ivoire,IFFOU,MBAHIAKRO,FACILITY AT LEVEL 4: MBAHIAKRO
PCpZNiqCg3E,Côte d'Ivoire,INDENIE-DUABLIN,BETTIE,FACILITY AT LEVEL 4: BETTIE
pcRcnsa538F,Côte d'Ivoire,GUEMON,DUEKOUE,FACILITY AT LEVEL 4: DUEKOUE
pD8vik52aMk,Côte d'Ivoire,ABIDJAN 2,PORT-BOUET-VRIDI,FACILITY AT LEVEL 4: PORT-BOUET-VRIDI
pdATaIbKKYh,Côte d'Ivoire,SUD-COMOE,GRAND-BASSAM,FACILITY AT LEVEL 4: GRAND-BASSAM
pdd3bbzqJuz,Côte d'Ivoire,TONKPI,DANANE,FACILITY AT LEVEL 4: DANANE
PdfmwEAa7xp,Côte d'Ivoire,NAWA,SOUBRE,FACILITY AT LEVEL 4: SOUBRE
pdv9Xmpk8MT,Côte d'Ivoire,ABIDJAN 2,COCODY BINGERVILLE,FACILITY AT LEVEL 4: COCODY BINGERVILLE
pdzOTleBcpo,Côte d'Ivoire,ABIDJAN 2,COCODY BINGERVILLE,FACILITY AT LEVEL 4: COCODY BINGERVILLE
peSp6EEmaNj,Côte d'Ivoire,ABIDJAN 2,COCODY BINGERVILLE,FACILITY AT LEVEL 4: COCODY BINGERVILLE
PEyB8YTFOWJ,Côte d'Ivoire,BELIER,YAMOUSSOUKRO,FACILITY AT LEVEL 4: YAMOUSSOUKRO
PEZBhrM3olb,Côte d'Ivoire,GRANDS PONTS,GRAND-LAHOU,FACILITY AT LEVEL 4: GRAND-LAHOU
pf6hbxz673J,Côte d'Ivoire,ABIDJAN 2,COCODY BINGERVILLE,FACILITY AT LEVEL 4: COCODY BINGERVILLE
pfZgLTNHJVz,Côte d'Ivoire,ABIDJAN 1,ABOBO EST,FACILITY AT LEVEL 4: ABOBO EST
pfZq0KcFlW7,Côte d'Ivoire,ABIDJAN 2,COCODY BINGERVILLE,FACILITY AT LEVEL 4: COCODY BINGERVILLE
pg4MKQIQ2Jo,Côte d'Ivoire,ME,ADZOPE,FACILITY AT LEVEL 4: ADZOPE
pGtrdb7CHzr,Côte d'Ivoire,ABIDJAN 2,TREICHVILLE-MARCORY,FACILITY AT LEVEL 4: TREICHVILLE-MARCORY
pGw8wH1qJeD,Côte d'Ivoire,GONTOUGO,BONDOUKOU,FACILITY AT LEVEL 4: BONDOUKOU
PGz7WM8dgyk,Côte d'Ivoire,ABIDJAN 1,YOPOUGON-EST,FACILITY AT LEVEL 4: YOPOUGON-EST
Ph0kT2qKmp5,Côte d'Ivoire,SUD-COMOE,ADIAKE,FACILITY AT LEVEL 4: ADIAKE
pH4ckFuEK0o,Côte d'Ivoire,TCHOLOGO,OUANGOLODOUGOU,FACILITY AT LEVEL 4: OUANGOLODOUGOU
PhYZwGdtc6z,Côte d'Ivoire,ME,ADZOPE,FACILITY AT LEVEL 4: ADZOPE
PhzcPiLjrrH,Côte d'Ivoire,IFFOU,MBAHIAKRO,FACILITY AT LEVEL 4: MBAHIAKRO
pICEZv79HeG,Côte d'Ivoire,TCHOLOGO,FERKESSEDOUGOU,FACILITY AT LEVEL 4: FERKESSEDOUGOU
PIcVTr8OrZv,Côte d'Ivoire,HAMBOL,KATIOLA,FACILITY AT LEVEL 4: KATIOLA
pIf9uaSUR5M,Côte d'Ivoire,ABIDJAN 1,ANYAMA,FACILITY AT LEVEL 4: ANYAMA
PIGufMYeGrZ,Côte d'Ivoire,BELIER,YAMOUSSOUKRO,FACILITY AT LEVEL 4: YAMOUSSOUKRO
PIhT6SAr5Me,Côte d'Ivoire,BOUNKANI,TEHINI,FACILITY AT LEVEL 4: TEHINI
PIPiBUGXRS6,Côte d'Ivoire,GBEKE,BOUAKE-SUD,FACILITY AT LEVEL 4: BOUAKE-SUD
PIsHZpHEzn9,Côte d'Ivoire,GBEKE,BOTRO,FACILITY AT LEVEL 4: BOTRO
PItsnM5P8kF,Côte d'Ivoire,INDENIE-DUABLIN,ABENGOUROU,FACILITY AT LEVEL 4: ABENGOUROU
pITu8PZZwAX,Côte d'Ivoire,ABIDJAN 1,YOPOUGON-EST,FACILITY AT LEVEL 4: YOPOUGON-EST
PITWmJraW9r,Côte d'Ivoire,GÔH,GAGNOA 1,FACILITY AT LEVEL 4: GAGNOA 1
PIvggX3ALdP,Côte d'Ivoire,BERE,KOUNAHIRI,FACILITY AT LEVEL 4: KOUNAHIRI
piVtV8f412q,Côte d'Ivoire,GRANDS PONTS,DABOU,FACILITY AT LEVEL 4: DABOU
PiXUQ8HA4d4,Côte d'Ivoire,HAUT SASSANDRA,DALOA,FACILITY AT LEVEL 4: DALOA
pJctvSkn2de,Côte d'Ivoire,HAUT SASSANDRA,DALOA,FACILITY AT LEVEL 4: DALOA
pjHCs8KvtSx,Côte d'Ivoire,TONKPI,DANANE,FACILITY AT LEVEL 4: DANANE
pJtnoiKxxMK,Côte d'Ivoire,BOUNKANI,BOUNA,FACILITY AT LEVEL 4: BOUNA
PJyOAcjJqJY,Côte d'Ivoire,ABIDJAN 1,YOPOUGON-OUEST SONGON,FACILITY AT LEVEL 4: YOPOUGON-OUEST SONGON
PKaC6hSkP7a,Côte d'Ivoire,KABADOUGOU,ODIENNE,FACILITY AT LEVEL 4: ODIENNE
pKFHJ9TSt4P,Côte d'Ivoire,HAMBOL,DABAKALA,FACILITY AT LEVEL 4: DABAKALA
pknpU6PgUEc,Côte d'Ivoire,TONKPI,DANANE,FACILITY AT LEVEL 4: DANANE
pKOP4kH3yaP,Côte d'Ivoire,BAFING,KORO,FACILITY AT LEVEL 4: KORO
PKThdqDGe3b,Côte d'Ivoire,NAWA,MEAGUI,FACILITY AT LEVEL 4: MEAGUI
PKVE5CI8J31,Côte d'Ivoire,ABIDJAN 1,ABOBO EST,FACILITY AT LEVEL 4: ABOBO EST
PkXxoEKbMYH,Côte d'Ivoire,GBEKE,BOUAKE NORD-OUEST,FACILITY AT LEVEL 4: BOUAKE NORD-OUEST
pL1FAfipkQj,Côte d'Ivoire,BAGOUE,TENGRELA,FACILITY AT LEVEL 4: TENGRELA
PL7dgXGTlvG,Côte d'Ivoire,ABIDJAN 2,TREICHVILLE-MARCORY,FACILITY AT LEVEL 4: TREICHVILLE-MARCORY
pLE1oGk7c0n,Côte d'Ivoire,GRANDS PONTS,DABOU,FACILITY AT LEVEL 4: DABOU
PLgZEwe3kce,Côte d'Ivoire,ABIDJAN 2,ADJAME-PLATEAU-ATTECOUBE,FACILITY AT LEVEL 4: ADJAME-PLATEAU-ATTECOUBE
pLvyZROh7w5,Côte d'Ivoire,ME,YAKASSE-ATTOBROU,FACILITY AT LEVEL 4: YAKASSE-ATTOBROU
PMfipWHYbGl,Côte d'Ivoire,MORONOU,BONGOUANOU,FACILITY AT LEVEL 4: BONGOUANOU
PMH2UFyqFH9,Côte d'Ivoire,SUD-COMOE,ABOISSO,FACILITY AT LEVEL 4: ABOISSO
pMH8t5RymJl,Côte d'Ivoire,NAWA,BUYO,FACILITY AT LEVEL 4: BUYO
Pmj0jWhE4KE,Côte d'Ivoire,MARAHOUE,SINFRA,FACILITY AT LEVEL 4: SINFRA
pmJPelI2gxt,Côte d'Ivoire,ME,ADZOPE,FACILITY AT LEVEL 4: ADZOPE
pmmoOVLRU91,Côte d'Ivoire,GBOKLE,SASSANDRA,FACILITY AT LEVEL 4: SASSANDRA
pMnWaF5RXg0,Côte d'Ivoire,GBEKE,BOUAKE NORD-OUEST,FACILITY AT LEVEL 4: BOUAKE NORD-OUEST
PN5hDOhIIF1,Côte d'Ivoire,TCHOLOGO,OUANGOLODOUGOU,FACILITY AT LEVEL 4: OUANGOLODOUGOU
PNdayccdNqs,Côte d'Ivoire,GBEKE,BOUAKE NORD-EST,FACILITY AT LEVEL 4: BOUAKE NORD-EST
PNENKOkRHNy,Côte d'Ivoire,PORO,KORHOGO 1,FACILITY AT LEVEL 4: KORHOGO 1
PNfvBIHIZI3,Côte d'Ivoire,PORO,KORHOGO 1,FACILITY AT LEVEL 4: KORHOGO 1
pNHqO5R9fv9,Côte d'Ivoire,ABIDJAN 2,PORT-BOUET-VRIDI,FACILITY AT LEVEL 4: PORT-BOUET-VRIDI
PNjNSBKem0p,Côte d'Ivoire,ABIDJAN 2,COCODY BINGERVILLE,FACILITY AT LEVEL 4: COCODY BINGERVILLE
pNN0BsLqQYg,Côte d'Ivoire,TCHOLOGO,FERKESSEDOUGOU,FACILITY AT LEVEL 4: FERKESSEDOUGOU
pnuO25COIDD,Côte d'Ivoire,BELIER,YAMOUSSOUKRO,FACILITY AT LEVEL 4: YAMOUSSOUKRO
pnwgTcQLlIY,Côte d'Ivoire,GONTOUGO,TRANSUA,FACILITY AT LEVEL 4: TRANSUA
Poe3qeiGn8z,Côte d'Ivoire,ABIDJAN 1,YOPOUGON-EST,FACILITY AT LEVEL 4: YOPOUGON-EST
poFeGPc400T,Côte d'Ivoire,FOLON,MINIGNAN,FACILITY AT LEVEL 4: MINIGNAN
pOFnsdZGS3R,Côte d'Ivoire,SUD-COMOE,ABOISSO,FACILITY AT LEVEL 4: ABOISSO
PoQB7a54u9Z,Côte d'Ivoire,BAFING,TOUBA,FACILITY AT LEVEL 4: TOUBA
PosOJo9dFA8,Côte d'Ivoire,ABIDJAN 1,YOPOUGON-OUEST SONGON,FACILITY AT LEVEL 4: YOPOUGON-OUEST SONGON
POtQRvBjEyX,Côte d'Ivoire,ABIDJAN 2,COCODY BINGERVILLE,FACILITY AT LEVEL 4: COCODY BINGERVILLE
pOxc8gmDhtS,Côte d'Ivoire,N'ZI,DIMBOKRO,FACILITY AT LEVEL 4: DIMBOKRO
poXLW7j5eUG,Côte d'Ivoire,HAUT SASSANDRA,VAVOUA,FACILITY AT LEVEL 4: VAVOUA
PPC5QtOsmEC,Côte d'Ivoire,BAFING,OUANINOU,FACILITY AT LEVEL 4: OUANINOU
PpfcrMHrqOc,Côte d'Ivoire,BERE,MANKONO,FACILITY AT LEVEL 4: MANKONO
PPTOBEeEYho,Côte d'Ivoire,GRANDS PONTS,DABOU,FACILITY AT LEVEL 4: DABOU
ppw1FHgpvMI,Côte d'Ivoire,HAUT SASSANDRA,DALOA,FACILITY AT LEVEL 4: DALOA
pQ7ezTjaaik,Côte d'Ivoire,GÔH,OUME,FACILITY AT LEVEL 4: OUME
pqpInsYlF1b,Côte d'Ivoire,PORO,M'BENGUE,FACILITY AT LEVEL 4: M'BENGUE
pqqtwJyy4km,Côte d'Ivoire,ABIDJAN 1,ANYAMA,FACILITY AT LEVEL 4: ANYAMA
PqTBRQeXkyH,Côte d'Ivoire,SAN PEDRO,SAN-PEDRO,FACILITY AT LEVEL 4: SAN-PEDRO
pqXsrHKRpRS,Côte d'Ivoire,ABIDJAN 2,ADJAME-PLATEAU-ATTECOUBE,FACILITY AT LEVEL 4: ADJAME-PLATEAU-ATTECOUBE
pR5hw6zSvkq,Côte d'Ivoire,PORO,KORHOGO 1,FACILITY AT LEVEL 4: KORHOGO 1
pRC8FuysKff,Côte d'Ivoire,GÔH,OUME,FACILITY AT LEVEL 4: OUME
PriwTqVreMn,Côte d'Ivoire,GÔH,GAGNOA 1,FACILITY AT LEVEL 4: GAGNOA 1
Prk2JLLN5i8,Côte d'Ivoire,AGNEBY-TIASSA,AGBOVILLE,FACILITY AT LEVEL 4: AGBOVILLE
PRpG2JzN6Bw,Côte d'Ivoire,NAWA,MEAGUI,FACILITY AT LEVEL 4: MEAGUI
PRSH45Enj2c,Côte d'Ivoire,ABIDJAN 1,YOPOUGON-EST,FACILITY AT LEVEL 4: YOPOUGON-EST
pRvbODMc1vO,Côte d'Ivoire,ABIDJAN 2,COCODY BINGERVILLE,FACILITY AT LEVEL 4: COCODY BINGERVILLE
pRVReNCGtQX,Côte d'Ivoire,BELIER,TOUMODI,FACILITY AT LEVEL 4: TOUMODI
PS2KpU6supQ,Côte d'Ivoire,BOUNKANI,TEHINI,FACILITY AT LEVEL 4: TEHINI
PsaScwbmuZB,Côte d'Ivoire,AGNEBY-TIASSA,TIASSALE,FACILITY AT LEVEL 4: TIASSALE
PSI7sqMMmKs,Côte d'Ivoire,BAGOUE,TENGRELA,FACILITY AT LEVEL 4: TENGRELA
PsNeguUSaVD,Côte d'Ivoire,TONKPI,MAN,FACILITY AT LEVEL 4: MAN
pSvSzOPYgAL,Côte d'Ivoire,ABIDJAN 1,YOPOUGON-OUEST SONGON,FACILITY AT LEVEL 4: YOPOUGON-OUEST SONGON
pSWEnB9ljoU,Côte d'Ivoire,ABIDJAN 2,COCODY BINGERVILLE,FACILITY AT LEVEL 4: COCODY BINGERVILLE
pTBVLMk1oWv,Côte d'Ivoire,ABIDJAN 1,ABOBO EST,FACILITY AT LEVEL 4: ABOBO EST
pTfGkoLIyQB,Côte d'Ivoire,ABIDJAN 1,ANYAMA,FACILITY AT LEVEL 4: ANYAMA
PtHKgFNIita,Côte d'Ivoire,SAN PEDRO,TABOU,FACILITY AT LEVEL 4: TABOU
PTJr5s05KHx,Côte d'Ivoire,KABADOUGOU,ODIENNE,FACILITY AT LEVEL 4: ODIENNE
ptmgSGOphUC,Côte d'Ivoire,PORO,KORHOGO 2,FACILITY AT LEVEL 4: KORHOGO 2
ptrv4b9KlzK,Côte d'Ivoire,NAWA,GUEYO,FACILITY AT LEVEL 4: GUEYO
ptsLFDDd6IX,Côte d'Ivoire,ME,ADZOPE,FACILITY AT LEVEL 4: ADZOPE
pTVZ1Zz3DT6,Côte d'Ivoire,INDENIE-DUABLIN,AGNIBILEKROU,FACILITY AT LEVEL 4: AGNIBILEKROU
PuiYW6Bz7Kh,Côte d'Ivoire,SUD-COMOE,GRAND-BASSAM,FACILITY AT LEVEL 4: GRAND-BASSAM
puYklR1cY9G,Côte d'Ivoire,ABIDJAN 2,COCODY BINGERVILLE,FACILITY AT LEVEL 4: COCODY BINGERVILLE
PvDzSeyMO4W,Côte d'Ivoire,GBEKE,BOUAKE NORD-EST,FACILITY AT LEVEL 4: BOUAKE NORD-EST
pvF8oargeP8,Côte d'Ivoire,ABIDJAN 2,ADJAME-PLATEAU-ATTECOUBE,FACILITY AT LEVEL 4: ADJAME-PLATEAU-ATTECOUBE
PvIC1N9KGNz,Côte d'Ivoire,PORO,KORHOGO 1,FACILITY AT LEVEL 4: KORHOGO 1
pVkDnI2J6Wi,Côte d'Ivoire,GÔH,GAGNOA 2,FACILITY AT LEVEL 4: GAGNOA 2
PvUAAGiEqKH,Côte d'Ivoire,AGNEBY-TIASSA,TIASSALE,FACILITY AT LEVEL 4: TIASSALE
PVulHDVzOeb,Côte d'Ivoire,ABIDJAN 1,YOPOUGON-EST,FACILITY AT LEVEL 4: YOPOUGON-EST
PVvkHnLCRub,Côte d'Ivoire,BERE,DIANRA,FACILITY AT LEVEL 4: DIANRA
pvwB2y1fXO3,Côte d'Ivoire,BAGOUE,KOUTO,FACILITY AT LEVEL 4: KOUTO
pvZTcaKK9C6,Côte d'Ivoire,GBOKLE,SASSANDRA,FACILITY AT LEVEL 4: SASSANDRA
PW1vvAVcngf,Côte d'Ivoire,ABIDJAN 2,TREICHVILLE-MARCORY,FACILITY AT LEVEL 4: TREICHVILLE-MARCORY
pw5wPMjAv96,Côte d'Ivoire,HAMBOL,NIAKARAMADOUGOU,FACILITY AT LEVEL 4: NIAKARAMADOUGOU
pWEIn4w0Esh,Côte d'Ivoire,LÔH-DJIBOUA,LAKOTA,FACILITY AT LEVEL 4: LAKOTA
pwpvbfJGKlK,Côte d'Ivoire,GBEKE,BEOUMI,FACILITY AT LEVEL 4: BEOUMI
PWQAaktr5ON,Côte d'Ivoire,ABIDJAN 2,TREICHVILLE-MARCORY,FACILITY AT LEVEL 4: TREICHVILLE-MARCORY
pWutAn5p2Jc,Côte d'Ivoire,TCHOLOGO,FERKESSEDOUGOU,FACILITY AT LEVEL 4: FERKESSEDOUGOU
pwxLmSXBKZk,Côte d'Ivoire,LÔH-DJIBOUA,LAKOTA,FACILITY AT LEVEL 4: LAKOTA
pxeRLxxqDn5,Côte d'Ivoire,GBEKE,BOUAKE NORD-OUEST,FACILITY AT LEVEL 4: BOUAKE NORD-OUEST
PxjSplrXkjv,Côte d'Ivoire,TCHOLOGO,FERKESSEDOUGOU,FACILITY AT LEVEL 4: FERKESSEDOUGOU
pxN7ETKWCqF,Côte d'Ivoire,GBEKE,BOUAKE-SUD,FACILITY AT LEVEL 4: BOUAKE-SUD
pxniZHZEpfR,Côte d'Ivoire,N'ZI,KOUASSI KOUASSIKRO,FACILITY AT LEVEL 4: KOUASSI KOUASSIKRO
PXt5ELPbAgk,Côte d'Ivoire,TONKPI,MAN,FACILITY AT LEVEL 4: MAN
pxY7o1Z4iRz,Côte d'Ivoire,BELIER,TOUMODI,FACILITY AT LEVEL 4: TOUMODI
PYaPgbz8NlV,Côte d'Ivoire,GÔH,OUME,FACILITY AT LEVEL 4: OUME
pyarIMflqsp,Côte d'Ivoire,PORO,M'BENGUE,FACILITY AT LEVEL 4: M'BENGUE
pYFPHYbVbvx,Côte d'Ivoire,CAVALLY,TAI,FACILITY AT LEVEL 4: TAI
PYGrWaQUBDW,Côte d'Ivoire,TONKPI,DANANE,FACILITY AT LEVEL 4: DANANE
Pyj4rmNYykK,Côte d'Ivoire,ABIDJAN 2,TREICHVILLE-MARCORY,FACILITY AT LEVEL 4: TREICHVILLE-MARCORY
PYMvB4nTFST,Côte d'Ivoire,ABIDJAN 2,TREICHVILLE-MARCORY,FACILITY AT LEVEL 4: TREICHVILLE-MARCORY
Pz3pIbpRp0f,Côte d'Ivoire,ABIDJAN 1,YOPOUGON-OUEST SONGON,FACILITY AT LEVEL 4: YOPOUGON-OUEST SONGON
pzbyaPNmCq6,Côte d'Ivoire,ABIDJAN 2,COCODY BINGERVILLE,FACILITY AT LEVEL 4: COCODY BINGERVILLE
PzHggKApNEp,Côte d'Ivoire,INDENIE-DUABLIN,AGNIBILEKROU,FACILITY AT LEVEL 4: AGNIBILEKROU
PZjAPpF9mmx,Côte d'Ivoire,AGNEBY-TIASSA,AGBOVILLE,FACILITY AT LEVEL 4: AGBOVILLE
pzjcGGGjRgt,Côte d'Ivoire,AGNEBY-TIASSA,TIASSALE,FACILITY AT LEVEL 4: TIASSALE
pZL5iSrc7Te,Côte d'Ivoire,NAWA,MEAGUI,FACILITY AT LEVEL 4: MEAGUI
PZmGrpH45To,Côte d'Ivoire,HAMBOL,KATIOLA,FACILITY AT LEVEL 4: KATIOLA
pzpiH6wt7b7,Côte d'Ivoire,MARAHOUE,BOUAFLE,FACILITY AT LEVEL 4: BOUAFLE
PzribgWYmPy,Côte d'Ivoire,AGNEBY-TIASSA,TIASSALE,FACILITY AT LEVEL 4: TIASSALE
Q0n5FKoUS6l,Côte d'Ivoire,BELIER,YAMOUSSOUKRO,FACILITY AT LEVEL 4: YAMOUSSOUKRO
Q0zre9N4jgV,Côte d'Ivoire,BAGOUE,BOUNDIALI,FACILITY AT LEVEL 4: BOUNDIALI
q1O6MvgFZxp,Côte d'Ivoire,BOUNKANI,TEHINI,FACILITY AT LEVEL 4: TEHINI
q1qhDrIElrR,Côte d'Ivoire,SUD-COMOE,ADIAKE,FACILITY AT LEVEL 4: ADIAKE
Q2p7krv0RMc,Côte d'Ivoire,INDENIE-DUABLIN,BETTIE,FACILITY AT LEVEL 4: BETTIE
Q2Pz2Y95bGM,Côte d'Ivoire,GRANDS PONTS,DABOU,FACILITY AT LEVEL 4: DABOU
Q38IKbvHaP4,Côte d'Ivoire,GRANDS PONTS,DABOU,FACILITY AT LEVEL 4: DABOU
q3fs3NVlOEN,Côte d'Ivoire,GÔH,OUME,FACILITY AT LEVEL 4: OUME
q3IbFJqsrvz,Côte d'Ivoire,KABADOUGOU,ODIENNE,FACILITY AT LEVEL 4: ODIENNE
Q3KHzbqLGdN,Côte d'Ivoire,MARAHOUE,SINFRA,FACILITY AT LEVEL 4: SINFRA
q3naTQd3vk4,Côte d'Ivoire,PORO,KORHOGO 1,FACILITY AT LEVEL 4: KORHOGO 1
q3qcTYmEuWu,Côte d'Ivoire,HAMBOL,NIAKARAMADOUGOU,FACILITY AT LEVEL 4: NIAKARAMADOUGOU
q3vst3dBga3,Côte d'Ivoire,N'ZI,BOCANDA,FACILITY AT LEVEL 4: BOCANDA
q3wEzr3bE4s,Côte d'Ivoire,TONKPI,BIANKOUMA,FACILITY AT LEVEL 4: BIANKOUMA
Q458LafO4aP,Côte d'Ivoire,GBEKE,BEOUMI,FACILITY AT LEVEL 4: BEOUMI
Q4j2vs04v7h,Côte d'Ivoire,GONTOUGO,BONDOUKOU,FACILITY AT LEVEL 4: BONDOUKOU
Q4voy1ZfBml,Côte d'Ivoire,GBEKE,BOUAKE NORD-OUEST,FACILITY AT LEVEL 4: BOUAKE NORD-OUEST
Q4zDxDix9bq,Côte d'Ivoire,WORODOUGOU,SEGUELA,FACILITY AT LEVEL 4: SEGUELA
q56l8XAU0Qq,Côte d'Ivoire,ABIDJAN 1,ABOBO EST,FACILITY AT LEVEL 4: ABOBO EST
Q59JcLOfIxn,Côte d'Ivoire,BERE,MANKONO,FACILITY AT LEVEL 4: MANKONO
Q59Yl2yrUdH,Côte d'Ivoire,ME,AKOUPE,FACILITY AT LEVEL 4: AKOUPE
Q5aCxMEcR85,Côte d'Ivoire,ABIDJAN 2,TREICHVILLE-MARCORY,FACILITY AT LEVEL 4: TREICHVILLE-MARCORY
Q5pPVaZBdF0,Côte d'Ivoire,BERE,MANKONO,FACILITY AT LEVEL 4: MANKONO
q5RI3DC3u1b,Côte d'Ivoire,BELIER,YAMOUSSOUKRO,FACILITY AT LEVEL 4: YAMOUSSOUKRO
Q69n0EBG8qQ,Côte d'Ivoire,MARAHOUE,BOUAFLE,FACILITY AT LEVEL 4: BOUAFLE
q6FsDtTCP3r,Côte d'Ivoire,INDENIE-DUABLIN,BETTIE,FACILITY AT LEVEL 4: BETTIE
Q6Lhtm8s3Lv,Côte d'Ivoire,AGNEBY-TIASSA,AGBOVILLE,FACILITY AT LEVEL 4: AGBOVILLE
q6OuKULLwHn,Côte d'Ivoire,ABIDJAN 2,COCODY BINGERVILLE,FACILITY AT LEVEL 4: COCODY BINGERVILLE
q6r94UZtgFo,Côte d'Ivoire,NAWA,SOUBRE,FACILITY AT LEVEL 4: SOUBRE
Q7sjbn3Puxi,Côte d'Ivoire,HAMBOL,KATIOLA,FACILITY AT LEVEL 4: KATIOLA
Q7yK5h9j52s,Côte d'Ivoire,TCHOLOGO,OUANGOLODOUGOU,FACILITY AT LEVEL 4: OUANGOLODOUGOU
Q7yTPmEVjGX,Côte d'Ivoire,ABIDJAN 2,TREICHVILLE-MARCORY,FACILITY AT LEVEL 4: TREICHVILLE-MARCORY
q8uq6vpnjFi,Côte d'Ivoire,ME,ADZOPE,FACILITY AT LEVEL 4: ADZOPE
Q9DHKhuA5V9,Côte d'Ivoire,MARAHOUE,BOUAFLE,FACILITY AT LEVEL 4: BOUAFLE
q9dZvVjALQk,Côte d'Ivoire,BAFING,OUANINOU,FACILITY AT LEVEL 4: OUANINOU
Q9hPS1NB5Jy,Côte d'Ivoire,ABIDJAN 1,YOPOUGON-OUEST SONGON,FACILITY AT LEVEL 4: YOPOUGON-OUEST SONGON
qa9Y0ezvop7,Côte d'Ivoire,NAWA,MEAGUI,FACILITY AT LEVEL 4: MEAGUI
QabXL5zE6QT,Côte d'Ivoire,TONKPI,DANANE,FACILITY AT LEVEL 4: DANANE
QadVziJSnmk,Côte d'Ivoire,TONKPI,MAN,FACILITY AT LEVEL 4: MAN
qAEsKR6PbsZ,Côte d'Ivoire,HAUT SASSANDRA,VAVOUA,FACILITY AT LEVEL 4: VAVOUA
qaFmuVdsiOq,Côte d'Ivoire,TONKPI,MAN,FACILITY AT LEVEL 4: MAN
qaJ9GkmDG5S,Côte d'Ivoire,MARAHOUE,BOUAFLE,FACILITY AT LEVEL 4: BOUAFLE
QaPiKeYunF8,Côte d'Ivoire,BELIER,TOUMODI,FACILITY AT LEVEL 4: TOUMODI
qaq9gvcYlQ9,Côte d'Ivoire,GBEKE,BOUAKE-SUD,FACILITY AT LEVEL 4: BOUAKE-SUD
qAZslOY493w,Côte d'Ivoire,ABIDJAN 2,TREICHVILLE-MARCORY,FACILITY AT LEVEL 4: TREICHVILLE-MARCORY
qBcYl4PRDgt,Côte d'Ivoire,PORO,KORHOGO 2,FACILITY AT LEVEL 4: KORHOGO 2
qbee4sKpkXO,Côte d'Ivoire,GÔH,GAGNOA 1,FACILITY AT LEVEL 4: GAGNOA 1
qbH2UqDbfQb,Côte d'Ivoire,ABIDJAN 1,YOPOUGON-EST,FACILITY AT LEVEL 4: YOPOUGON-EST
qBNvgYOaQyZ,Côte d'Ivoire,BAGOUE,KOUTO,FACILITY AT LEVEL 4: KOUTO
QbodNMbKvx2,Côte d'Ivoire,TONKPI,MAN,FACILITY AT LEVEL 4: MAN
QBor90lhdm7,Côte d'Ivoire,ABIDJAN 2,PORT-BOUET-VRIDI,FACILITY AT LEVEL 4: PORT-BOUET-VRIDI
qbpBDBdF1Ub,Côte d'Ivoire,HAMBOL,KATIOLA,FACILITY AT LEVEL 4: KATIOLA
qBpVj3rOZ7N,Côte d'Ivoire,GBOKLE,SASSANDRA,FACILITY AT LEVEL 4: SASSANDRA
qcfftcIN6Ll,Côte d'Ivoire,ABIDJAN 1,YOPOUGON-EST,FACILITY AT LEVEL 4: YOPOUGON-EST
qcjMMl3kRJi,Côte d'Ivoire,PORO,KORHOGO 1,FACILITY AT LEVEL 4: KORHOGO 1
QcOla8xILGP,Côte d'Ivoire,IFFOU,DAOUKRO,FACILITY AT LEVEL 4: DAOUKRO
qczavgAw4FY,Côte d'Ivoire,GUEMON,KOUIBLY,FACILITY AT LEVEL 4: KOUIBLY
qCznngUd0qf,Côte d'Ivoire,BAFING,KORO,FACILITY AT LEVEL 4: KORO
QDBOBWKfXbA,Côte d'Ivoire,GONTOUGO,TRANSUA,FACILITY AT LEVEL 4: TRANSUA
Qdi3FShBTZl,Côte d'Ivoire,TONKPI,BIANKOUMA,FACILITY AT LEVEL 4: BIANKOUMA
qDOybbEk2hy,Côte d'Ivoire,KABADOUGOU,ODIENNE,FACILITY AT LEVEL 4: ODIENNE
QdpI5VophiD,Côte d'Ivoire,ABIDJAN 2,ADJAME-PLATEAU-ATTECOUBE,FACILITY AT LEVEL 4: ADJAME-PLATEAU-ATTECOUBE
qDSjVCb94M1,Côte d'Ivoire,GRANDS PONTS,DABOU,FACILITY AT LEVEL 4: DABOU
QDVIS50NPLJ,Côte d'Ivoire,SUD-COMOE,ADIAKE,FACILITY AT LEVEL 4: ADIAKE
qEAo0RFI8BB,Côte d'Ivoire,HAMBOL,DABAKALA,FACILITY AT LEVEL 4: DABAKALA
QebzFfYdaRs,Côte d'Ivoire,BAGOUE,KOUTO,FACILITY AT LEVEL 4: KOUTO
QedXVQoxvRd,Côte d'Ivoire,TONKPI,ZOUAN-HOUNIEN,FACILITY AT LEVEL 4: ZOUAN-HOUNIEN
qEIdMO1ROPh,Côte d'Ivoire,ABIDJAN 2,COCODY BINGERVILLE,FACILITY AT LEVEL 4: COCODY BINGERVILLE
qEKD05eEH9g,Côte d'Ivoire,ABIDJAN 2,COCODY BINGERVILLE,FACILITY AT LEVEL 4: COCODY BINGERVILLE
Qel3jU50F6K,Côte d'Ivoire,TONKPI,MAN,FACILITY AT LEVEL 4: MAN
qer4ip8bZ4P,Côte d'Ivoire,GBEKE,BOUAKE-SUD,FACILITY AT LEVEL 4: BOUAKE-SUD
QFkzkfSYmpX,Côte d'Ivoire,TONKPI,MAN,FACILITY AT LEVEL 4: MAN
QFLpt9GLt7O,Côte d'Ivoire,PORO,DIKODOUGOU,FACILITY AT LEVEL 4: DIKODOUGOU
QFpqLHH7rCF,Côte d'Ivoire,NAWA,BUYO,FACILITY AT LEVEL 4: BUYO
QFWdVc2gsOR,Côte d'Ivoire,ABIDJAN 2,PORT-BOUET-VRIDI,FACILITY AT LEVEL 4: PORT-BOUET-VRIDI
QgBEQQzsLCb,Côte d'Ivoire,ABIDJAN 1,YOPOUGON-EST,FACILITY AT LEVEL 4: YOPOUGON-EST
QGBXfiWmO2v,Côte d'Ivoire,MORONOU,ARRAH,FACILITY AT LEVEL 4: ARRAH
qghfVf1FWx2,Côte d'Ivoire,N'ZI,BOCANDA,FACILITY AT LEVEL 4: BOCANDA
qGhphtoDuF9,Côte d'Ivoire,ABIDJAN 1,ABOBO EST,FACILITY AT LEVEL 4: ABOBO EST
qgi2SfJgoq1,Côte d'Ivoire,IFFOU,DAOUKRO,FACILITY AT LEVEL 4: DAOUKRO
QgIi1wXb6KK,Côte d'Ivoire,ABIDJAN 2,COCODY BINGERVILLE,FACILITY AT LEVEL 4: COCODY BINGERVILLE
qGMnda3wdGC,Côte d'Ivoire,AGNEBY-TIASSA,TIASSALE,FACILITY AT LEVEL 4: TIASSALE
qgNo8tg3Di7,Côte d'Ivoire,HAUT SASSANDRA,ISSIA,FACILITY AT LEVEL 4: ISSIA
qGpsi66iEXv,Côte d'Ivoire,ABIDJAN 2,ADJAME-PLATEAU-ATTECOUBE,FACILITY AT LEVEL 4: ADJAME-PLATEAU-ATTECOUBE
QgsHT0ChU9Y,Côte d'Ivoire,ABIDJAN 1,YOPOUGON-OUEST SONGON,FACILITY AT LEVEL 4: YOPOUGON-OUEST SONGON
Qh2d0acu0t3,Côte d'Ivoire,ABIDJAN 2,KOUMASSI,FACILITY AT LEVEL 4: KOUMASSI
qh6q9I3acm3,Côte d'Ivoire,ME,ADZOPE,FACILITY AT LEVEL 4: ADZOPE
QHFNpH0NjcE,Côte d'Ivoire,ABIDJAN 1,ANYAMA,FACILITY AT LEVEL 4: ANYAMA
qhizkAySKwC,Côte d'Ivoire,HAUT SASSANDRA,DALOA,FACILITY AT LEVEL 4: DALOA
qhj5M5kjGEB,Côte d'Ivoire,BAFING,TOUBA,FACILITY AT LEVEL 4: TOUBA
qhLg0XbN0kP,Côte d'Ivoire,GBEKE,BOTRO,FACILITY AT LEVEL 4: BOTRO
qHM0SCRfeKu,Côte d'Ivoire,MORONOU,M'BATTO,FACILITY AT LEVEL 4: M'BATTO
QiClm2MWlj7,Côte d'Ivoire,GRANDS PONTS,GRAND-LAHOU,FACILITY AT LEVEL 4: GRAND-LAHOU
QiDR0FAe3RM,Côte d'Ivoire,BELIER,TIEBISSOU,FACILITY AT LEVEL 4: TIEBISSOU
qiI48uDJtzq,Côte d'Ivoire,ABIDJAN 1,YOPOUGON-OUEST SONGON,FACILITY AT LEVEL 4: YOPOUGON-OUEST SONGON
QiIIY2apRKB,Côte d'Ivoire,ABIDJAN 1,YOPOUGON-OUEST SONGON,FACILITY AT LEVEL 4: YOPOUGON-OUEST SONGON
qiKQveJF54d,Côte d'Ivoire,GÔH,GAGNOA 1,FACILITY AT LEVEL 4: GAGNOA 1
qisBi5ksxNW,Côte d'Ivoire,ABIDJAN 2,TREICHVILLE-MARCORY,FACILITY AT LEVEL 4: TREICHVILLE-MARCORY
qIwuQ4oLKC1,Côte d'Ivoire,KABADOUGOU,ODIENNE,FACILITY AT LEVEL 4: ODIENNE
qj340arkHO6,Côte d'Ivoire,AGNEBY-TIASSA,SIKENSI,FACILITY AT LEVEL 4: SIKENSI
qJhsAz9XxKf,Côte d'Ivoire,ABIDJAN 2,ADJAME-PLATEAU-ATTECOUBE,FACILITY AT LEVEL 4: ADJAME-PLATEAU-ATTECOUBE
QJiVa7OxI81,Côte d'Ivoire,ABIDJAN 1,YOPOUGON-OUEST SONGON,FACILITY AT LEVEL 4: YOPOUGON-OUEST SONGON
QjjX3Hj5lVB,Côte d'Ivoire,ME,ALEPE,FACILITY AT LEVEL 4: ALEPE
QjsT50Xvf0Z,Côte d'Ivoire,ME,ADZOPE,FACILITY AT LEVEL 4: ADZOPE
QJX6K9FlNbG,Côte d'Ivoire,KABADOUGOU,ODIENNE,FACILITY AT LEVEL 4: ODIENNE
qK81IFiClRk,Côte d'Ivoire,LÔH-DJIBOUA,DIVO,FACILITY AT LEVEL 4: DIVO
qK93EXF2leZ,Côte d'Ivoire,AGNEBY-TIASSA,TIASSALE,FACILITY AT LEVEL 4: TIASSALE
QkaisroplQb,Côte d'Ivoire,MARAHOUE,SINFRA,FACILITY AT LEVEL 4: SINFRA
qKaOljktnHq,Côte d'Ivoire,ABIDJAN 2,ADJAME-PLATEAU-ATTECOUBE,FACILITY AT LEVEL 4: ADJAME-PLATEAU-ATTECOUBE
qKcFZgrlhQt,Côte d'Ivoire,ABIDJAN 2,ADJAME-PLATEAU-ATTECOUBE,FACILITY AT LEVEL 4: ADJAME-PLATEAU-ATTECOUBE
qkfbmBsBoNz,Côte d'Ivoire,BERE,DIANRA,FACILITY AT LEVEL 4: DIANRA
qkN8w4WuGyL,Côte d'Ivoire,BAFING,KORO,FACILITY AT LEVEL 4: KORO
qKPwbYdPFUm,Côte d'Ivoire,INDENIE-DUABLIN,AGNIBILEKROU,FACILITY AT LEVEL 4: AGNIBILEKROU
qKQWsqXzkfE,Côte d'Ivoire,TONKPI,MAN,FACILITY AT LEVEL 4: MAN
qKSq8mDlNy8,Côte d'Ivoire,GBEKE,BOUAKE-SUD,FACILITY AT LEVEL 4: BOUAKE-SUD
qlB3VFc4UMH,Côte d'Ivoire,ABIDJAN 2,COCODY BINGERVILLE,FACILITY AT LEVEL 4: COCODY BINGERVILLE
QLFj5cZQWLj,Côte d'Ivoire,SAN PEDRO,SAN-PEDRO,FACILITY AT LEVEL 4: SAN-PEDRO
QLRuHeOqMsm,Côte d'Ivoire,ABIDJAN 2,COCODY BINGERVILLE,FACILITY AT LEVEL 4: COCODY BINGERVILLE
qlsQBSHpRwA,Côte d'Ivoire,ABIDJAN 1,YOPOUGON-EST,FACILITY AT LEVEL 4: YOPOUGON-EST
QltoMhOG84t,Côte d'Ivoire,TONKPI,ZOUAN-HOUNIEN,FACILITY AT LEVEL 4: ZOUAN-HOUNIEN
qlTTJxZeVif,Côte d'Ivoire,BAGOUE,TENGRELA,FACILITY AT LEVEL 4: TENGRELA
QluPFENPRXA,Côte d'Ivoire,MORONOU,BONGOUANOU,FACILITY AT LEVEL 4: BONGOUANOU
qMABUusqGNJ,Côte d'Ivoire,GUEMON,DUEKOUE,FACILITY AT LEVEL 4: DUEKOUE
qmBcWhcZPSz,Côte d'Ivoire,SAN PEDRO,TABOU,FACILITY AT LEVEL 4: TABOU
QmgjREs8ugj,Côte d'Ivoire,MARAHOUE,SINFRA,FACILITY AT LEVEL 4: SINFRA
qmHCJU9rGxZ,Côte d'Ivoire,ABIDJAN 1,ABOBO OUEST,FACILITY AT LEVEL 4: ABOBO OUEST
qMsCsPGzBI2,Côte d'Ivoire,BELIER,YAMOUSSOUKRO,FACILITY AT LEVEL 4: YAMOUSSOUKRO
QmWe2rNcVo7,Côte d'Ivoire,CAVALLY,TOULEPLEU,FACILITY AT LEVEL 4: TOULEPLEU
Qmxmomz94es,Côte d'Ivoire,ME,ALEPE,FACILITY AT LEVEL 4: ALEPE
QnCRGLHHe6N,Côte d'Ivoire,SAN PEDRO,SAN-PEDRO,FACILITY AT LEVEL 4: SAN-PEDRO
qNEUmDo8mbm,Côte d'Ivoire,ABIDJAN 1,ABOBO OUEST,FACILITY AT LEVEL 4: ABOBO OUEST
QNfC5NIDX8d,Côte d'Ivoire,ABIDJAN 2,COCODY BINGERVILLE,FACILITY AT LEVEL 4: COCODY BINGERVILLE
QNKhE87p99N,Côte d'Ivoire,SUD-COMOE,ABOISSO,FACILITY AT LEVEL 4: ABOISSO
QNN0jPKhsg9,Côte d'Ivoire,PORO,M'BENGUE,FACILITY AT LEVEL 4: M'BENGUE
QnX2a3zZOZ2,Côte d'Ivoire,BELIER,TIEBISSOU,FACILITY AT LEVEL 4: TIEBISSOU
qO108QL4ZRE,Côte d'Ivoire,GRANDS PONTS,JACQUEVILLE,FACILITY AT LEVEL 4: JACQUEVILLE
qo9G4Mee6fh,Côte d'Ivoire,ABIDJAN 1,ANYAMA,FACILITY AT LEVEL 4: ANYAMA
QO9PT4p9cY8,Côte d'Ivoire,BERE,MANKONO,FACILITY AT LEVEL 4: MANKONO
qOapebUavrO,Côte d'Ivoire,WORODOUGOU,SEGUELA,FACILITY AT LEVEL 4: SEGUELA
qOD07vxwbqz,Côte d'Ivoire,HAUT SASSANDRA,ISSIA,FACILITY AT LEVEL 4: ISSIA
qoDNCkXepGV,Côte d'Ivoire,ABIDJAN 2,ADJAME-PLATEAU-ATTECOUBE,FACILITY AT LEVEL 4: ADJAME-PLATEAU-ATTECOUBE
QofUgka9VFj,Côte d'Ivoire,ABIDJAN 1,ABOBO EST,FACILITY AT LEVEL 4: ABOBO EST
qoZyfoQVyTD,Côte d'Ivoire,GBEKE,BOUAKE-SUD,FACILITY AT LEVEL 4: BOUAKE-SUD
QpJSF4IQTAL,Côte d'Ivoire,ABIDJAN 1,YOPOUGON-EST,FACILITY AT LEVEL 4: YOPOUGON-EST
qpKhewUM3nW,Côte d'Ivoire,ABIDJAN 2,PORT-BOUET-VRIDI,FACILITY AT LEVEL 4: PORT-BOUET-VRIDI
QPUXVD8DJLG,Côte d'Ivoire,PORO,M'BENGUE,FACILITY AT LEVEL 4: M'BENGUE
QPyg4am8tzw,Côte d'Ivoire,HAUT SASSANDRA,VAVOUA,FACILITY AT LEVEL 4: VAVOUA
Qpznxy9AOyt,Côte d'Ivoire,TONKPI,ZOUAN-HOUNIEN,FACILITY AT LEVEL 4: ZOUAN-HOUNIEN
Qqed2D85sDL,Côte d'Ivoire,TONKPI,ZOUAN-HOUNIEN,FACILITY AT LEVEL 4: ZOUAN-HOUNIEN
QqkbVLsixrY,Côte d'Ivoire,NAWA,BUYO,FACILITY AT LEVEL 4: BUYO
QQKZBppQ1Yg,Côte d'Ivoire,SAN PEDRO,SAN-PEDRO,FACILITY AT LEVEL 4: SAN-PEDRO
Qqmkw4Kowwe,Côte d'Ivoire,ABIDJAN 1,YOPOUGON-EST,FACILITY AT LEVEL 4: YOPOUGON-EST
QQxEwS2zA1P,Côte d'Ivoire,PORO,KORHOGO 1,FACILITY AT LEVEL 4: KORHOGO 1
QqXojKlexg4,Côte d'Ivoire,HAMBOL,DABAKALA,FACILITY AT LEVEL 4: DABAKALA
QR4BsyDoya8,Côte d'Ivoire,BOUNKANI,BOUNA,FACILITY AT LEVEL 4: BOUNA
QrJqomBCcXp,Côte d'Ivoire,SUD-COMOE,ABOISSO,FACILITY AT LEVEL 4: ABOISSO
QRnF3HksUMu,Côte d'Ivoire,MORONOU,M'BATTO,FACILITY AT LEVEL 4: M'BATTO
Qru7ONX1EvN,Côte d'Ivoire,ABIDJAN 1,YOPOUGON-OUEST SONGON,FACILITY AT LEVEL 4: YOPOUGON-OUEST SONGON
QRuCpHn1ZVZ,Côte d'Ivoire,BELIER,TOUMODI,FACILITY AT LEVEL 4: TOUMODI
qRwecomj6jo,Côte d'Ivoire,INDENIE-DUABLIN,AGNIBILEKROU,FACILITY AT LEVEL 4: AGNIBILEKROU
qRY6vngpkET,Côte d'Ivoire,IFFOU,DAOUKRO,FACILITY AT LEVEL 4: DAOUKRO
Qs7989gIUyd,Côte d'Ivoire,KABADOUGOU,ODIENNE,FACILITY AT LEVEL 4: ODIENNE
qS9NEpGEhlr,Côte d'Ivoire,ABIDJAN 2,KOUMASSI,FACILITY AT LEVEL 4: KOUMASSI
QsdsseecDWZ,Côte d'Ivoire,ABIDJAN 2,TREICHVILLE-MARCORY,FACILITY AT LEVEL 4: TREICHVILLE-MARCORY
qskdwD8wHGe,Côte d'Ivoire,KABADOUGOU,ODIENNE,FACILITY AT LEVEL 4: ODIENNE
qSkkzO25Oed,Côte d'Ivoire,LÔH-DJIBOUA,DIVO,FACILITY AT LEVEL 4: DIVO
QSW5KAzikuT,Côte d'Ivoire,GBEKE,BOUAKE-SUD,FACILITY AT LEVEL 4: BOUAKE-SUD
qTd47nsMoQn,Côte d'Ivoire,MARAHOUE,ZUENOULA,FACILITY AT LEVEL 4: ZUENOULA
qTFqoMcNb8O,Côte d'Ivoire,NAWA,SOUBRE,FACILITY AT LEVEL 4: SOUBRE
qthyWVbotQC,Côte d'Ivoire,GONTOUGO,TRANSUA,FACILITY AT LEVEL 4: TRANSUA
QtKtTpKw7up,Côte d'Ivoire,LÔH-DJIBOUA,GUITRY,FACILITY AT LEVEL 4: GUITRY
qTlNI1m2sgI,Côte d'Ivoire,NAWA,SOUBRE,FACILITY AT LEVEL 4: SOUBRE
QTt3cJKjwRl,Côte d'Ivoire,GBEKE,SAKASSOU,FACILITY AT LEVEL 4: SAKASSOU
QTUW4sUrBWE,Côte d'Ivoire,SAN PEDRO,SAN-PEDRO,FACILITY AT LEVEL 4: SAN-PEDRO
QuIDecovcIX,Côte d'Ivoire,BAGOUE,BOUNDIALI,FACILITY AT LEVEL 4: BOUNDIALI
QuMiCgDs8cB,Côte d'Ivoire,TONKPI,MAN,FACILITY AT LEVEL 4: MAN
QUPnbGNDxUf,Côte d'Ivoire,SUD-COMOE,GRAND-BASSAM,FACILITY AT LEVEL 4: GRAND-BASSAM
qurlLuBdUw2,Côte d'Ivoire,ABIDJAN 2,ADJAME-PLATEAU-ATTECOUBE,FACILITY AT LEVEL 4: ADJAME-PLATEAU-ATTECOUBE
qUrqwKkNFIx,Côte d'Ivoire,ABIDJAN 1,YOPOUGON-EST,FACILITY AT LEVEL 4: YOPOUGON-EST
QuzM0smriDe,Côte d'Ivoire,GONTOUGO,BONDOUKOU,FACILITY AT LEVEL 4: BONDOUKOU
QvG3egej9Kj,Côte d'Ivoire,GUEMON,DUEKOUE,FACILITY AT LEVEL 4: DUEKOUE
QVIjVnhdadP,Côte d'Ivoire,ME,AKOUPE,FACILITY AT LEVEL 4: AKOUPE
qvKYtvSWzfW,Côte d'Ivoire,GBEKE,BOUAKE NORD-OUEST,FACILITY AT LEVEL 4: BOUAKE NORD-OUEST
QvMExiAJhu6,Côte d'Ivoire,ABIDJAN 2,ADJAME-PLATEAU-ATTECOUBE,FACILITY AT LEVEL 4: ADJAME-PLATEAU-ATTECOUBE
qVR6g1wTLBH,Côte d'Ivoire,GONTOUGO,BONDOUKOU,FACILITY AT LEVEL 4: BONDOUKOU
qVSJjoQxqXP,Côte d'Ivoire,ABIDJAN 1,ANYAMA,FACILITY AT LEVEL 4: ANYAMA
qVWBrtcaEpc,Côte d'Ivoire,BAGOUE,BOUNDIALI,FACILITY AT LEVEL 4: BOUNDIALI
qw4LSItHBuJ,Côte d'Ivoire,PORO,KORHOGO 1,FACILITY AT LEVEL 4: KORHOGO 1
qWBNBtlvo5n,Côte d'Ivoire,GÔH,GAGNOA 1,FACILITY AT LEVEL 4: GAGNOA 1
qWCu96ePuiD,Côte d'Ivoire,ABIDJAN 1,YOPOUGON-OUEST SONGON,FACILITY AT LEVEL 4: YOPOUGON-OUEST SONGON
qWdVYZP8NGe,Côte d'Ivoire,GÔH,GAGNOA 1,FACILITY AT LEVEL 4: GAGNOA 1
Qwgy9ucLlL5,Côte d'Ivoire,ABIDJAN 2,COCODY BINGERVILLE,FACILITY AT LEVEL 4: COCODY BINGERVILLE
QWO08Ebwtl3,Côte d'Ivoire,GBOKLE,SASSANDRA,FACILITY AT LEVEL 4: SASSANDRA
qWslk59QHkK,Côte d'Ivoire,CAVALLY,TAI,FACILITY AT LEVEL 4: TAI
qx8ozr7t7nB,Côte d'Ivoire,PORO,KORHOGO 1,FACILITY AT LEVEL 4: KORHOGO 1
qx9Yd8Pzp6R,Côte d'Ivoire,PORO,M'BENGUE,FACILITY AT LEVEL 4: M'BENGUE
QxBGpnmD55Y,Côte d'Ivoire,KABADOUGOU,MADINANI,FACILITY AT LEVEL 4: MADINANI
qXHYtmiJRVs,Côte d'Ivoire,MARAHOUE,ZUENOULA,FACILITY AT LEVEL 4: ZUENOULA
qXKDw2jnaFc,Côte d'Ivoire,GONTOUGO,BONDOUKOU,FACILITY AT LEVEL 4: BONDOUKOU
qXl71PMcg4F,Côte d'Ivoire,ABIDJAN 1,YOPOUGON-OUEST SONGON,FACILITY AT LEVEL 4: YOPOUGON-OUEST SONGON
qxyUoF6NXkJ,Côte d'Ivoire,PORO,KORHOGO 1,FACILITY AT LEVEL 4: KORHOGO 1
QybF2Ku5Ozu,Côte d'Ivoire,HAUT SASSANDRA,VAVOUA,FACILITY AT LEVEL 4: VAVOUA
qYcajvL5vz5,Côte d'Ivoire,CAVALLY,GUIGLO,FACILITY AT LEVEL 4: GUIGLO
qycIMdoPhy3,Côte d'Ivoire,HAUT SASSANDRA,ISSIA,FACILITY AT LEVEL 4: ISSIA
QYE5xUAhLdU,Côte d'Ivoire,KABADOUGOU,MADINANI,FACILITY AT LEVEL 4: MADINANI
qyMGuZ2UvEl,Côte d'Ivoire,ABIDJAN 2,TREICHVILLE-MARCORY,FACILITY AT LEVEL 4: TREICHVILLE-MARCORY
QYNZAoEMnXz,Côte d'Ivoire,INDENIE-DUABLIN,ABENGOUROU,FACILITY AT LEVEL 4: ABENGOUROU
QYTlBnbOQc2,Côte d'Ivoire,GUEMON,BANGOLO,FACILITY AT LEVEL 4: BANGOLO
qyuS90jef8r,Côte d'Ivoire,MARAHOUE,BOUAFLE,FACILITY AT LEVEL 4: BOUAFLE
qYz57fmgGVo,Côte d'Ivoire,ABIDJAN 1,YOPOUGON-OUEST SONGON,FACILITY AT LEVEL 4: YOPOUGON-OUEST SONGON
QzaNItkFO7s,Côte d'Ivoire,SUD-COMOE,TIAPOUM,FACILITY AT LEVEL 4: TIAPOUM
QZCn0Ev62ts,Côte d'Ivoire,KABADOUGOU,ODIENNE,FACILITY AT LEVEL 4: ODIENNE
qZEdl8gjHk4,Côte d'Ivoire,TONKPI,MAN,FACILITY AT LEVEL 4: MAN
QziBU5OT17k,Côte d'Ivoire,BAGOUE,BOUNDIALI,FACILITY AT LEVEL 4: BOUNDIALI
qZNNDXDCF8K,Côte d'Ivoire,NAWA,MEAGUI,FACILITY AT LEVEL 4: MEAGUI
qzP5oF7seEt,Côte d'Ivoire,ABIDJAN 2,ADJAME-PLATEAU-ATTECOUBE,FACILITY AT LEVEL 4: ADJAME-PLATEAU-ATTECOUBE
QZVlKun3NjS,Côte d'Ivoire,INDENIE-DUABLIN,AGNIBILEKROU,FACILITY AT LEVEL 4: AGNIBILEKROU
qzZygQ57L2r,Côte d'Ivoire,BAFING,TOUBA,FACILITY AT LEVEL 4: TOUBA
R0t0buL8lkX,Côte d'Ivoire,ABIDJAN 2,COCODY BINGERVILLE,FACILITY AT LEVEL 4: COCODY BINGERVILLE
R0ypTeXAva5,Côte d'Ivoire,ABIDJAN 2,TREICHVILLE-MARCORY,FACILITY AT LEVEL 4: TREICHVILLE-MARCORY
R166IiklAJC,Côte d'Ivoire,IFFOU,DAOUKRO,FACILITY AT LEVEL 4: DAOUKRO
r1I94XfbSBX,Côte d'Ivoire,GUEMON,BANGOLO,FACILITY AT LEVEL 4: BANGOLO
r2IqzLpdj5t,Côte d'Ivoire,BELIER,TOUMODI,FACILITY AT LEVEL 4: TOUMODI
R2JKPCa46HW,Côte d'Ivoire,N'ZI,BOCANDA,FACILITY AT LEVEL 4: BOCANDA
r2TlHQ3PA6b,Côte d'Ivoire,SAN PEDRO,SAN-PEDRO,FACILITY AT LEVEL 4: SAN-PEDRO
r3xkvyHGZlY,Côte d'Ivoire,HAMBOL,DABAKALA,FACILITY AT LEVEL 4: DABAKALA
R4LpXgpojzJ,Côte d'Ivoire,ME,ADZOPE,FACILITY AT LEVEL 4: ADZOPE
R4ph8PWKReI,Côte d'Ivoire,GONTOUGO,BONDOUKOU,FACILITY AT LEVEL 4: BONDOUKOU
r5buTJ0mB2D,Côte d'Ivoire,BAFING,KORO,FACILITY AT LEVEL 4: KORO
R5cg9zdcCbE,Côte d'Ivoire,ABIDJAN 2,COCODY BINGERVILLE,FACILITY AT LEVEL 4: COCODY BINGERVILLE
R5Lb5QQGX7h,Côte d'Ivoire,LÔH-DJIBOUA,GUITRY,FACILITY AT LEVEL 4: GUITRY
R6Cjiweapkp,Côte d'Ivoire,ABIDJAN 1,YOPOUGON-OUEST SONGON,FACILITY AT LEVEL 4: YOPOUGON-OUEST SONGON
R6fdoaVxlUn,Côte d'Ivoire,GBOKLE,SASSANDRA,FACILITY AT LEVEL 4: SASSANDRA
r6jCtKrDg4L,Côte d'Ivoire,BELIER,TOUMODI,FACILITY AT LEVEL 4: TOUMODI
r6QphTbnehw,Côte d'Ivoire,INDENIE-DUABLIN,ABENGOUROU,FACILITY AT LEVEL 4: ABENGOUROU
R6vhG8TUljy,Côte d'Ivoire,WORODOUGOU,SEGUELA,FACILITY AT LEVEL 4: SEGUELA
R6vvggxyf56,Côte d'Ivoire,ABIDJAN 2,COCODY BINGERVILLE,FACILITY AT LEVEL 4: COCODY BINGERVILLE
R7crmY0wk9d,Côte d'Ivoire,ABIDJAN 1,YOPOUGON-EST,FACILITY AT LEVEL 4: YOPOUGON-EST
R95g2g0ShvJ,Côte d'Ivoire,INDENIE-DUABLIN,ABENGOUROU,FACILITY AT LEVEL 4: ABENGOUROU
R9Miwub2Bbq,Côte d'Ivoire,ABIDJAN 1,ABOBO OUEST,FACILITY AT LEVEL 4: ABOBO OUEST
R9PlP6Kps5z,Côte d'Ivoire,GRANDS PONTS,DABOU,FACILITY AT LEVEL 4: DABOU
R9Uqa93ORxP,Côte d'Ivoire,WORODOUGOU,SEGUELA,FACILITY AT LEVEL 4: SEGUELA
R9v9Mb2Z3KB,Côte d'Ivoire,NAWA,SOUBRE,FACILITY AT LEVEL 4: SOUBRE
R9VwqjvZmTP,Côte d'Ivoire,TONKPI,MAN,FACILITY AT LEVEL 4: MAN
RA0c6fkLQaT,Côte d'Ivoire,FOLON,MINIGNAN,FACILITY AT LEVEL 4: MINIGNAN
Ra2UWBS4gjX,Côte d'Ivoire,GUEMON,DUEKOUE,FACILITY AT LEVEL 4: DUEKOUE
raD3776wKpM,Côte d'Ivoire,ABIDJAN 1,ANYAMA,FACILITY AT LEVEL 4: ANYAMA
RAm8A7loeoh,Côte d'Ivoire,BAGOUE,KOUTO,FACILITY AT LEVEL 4: KOUTO
RANPcUxINhm,Côte d'Ivoire,ABIDJAN 1,YOPOUGON-OUEST SONGON,FACILITY AT LEVEL 4: YOPOUGON-OUEST SONGON
RAPB2F35Ekj,Côte d'Ivoire,TONKPI,BIANKOUMA,FACILITY AT LEVEL 4: BIANKOUMA
RAQskc1lHxj,Côte d'Ivoire,ABIDJAN 2,ADJAME-PLATEAU-ATTECOUBE,FACILITY AT LEVEL 4: ADJAME-PLATEAU-ATTECOUBE
RarwVaP1miS,Côte d'Ivoire,NAWA,SOUBRE,FACILITY AT LEVEL 4: SOUBRE
rb0VeLD7nl5,Côte d'Ivoire,PORO,KORHOGO 1,FACILITY AT LEVEL 4: KORHOGO 1
RB7Wk3Bkanr,Côte d'Ivoire,HAUT SASSANDRA,DALOA,FACILITY AT LEVEL 4: DALOA
rbCicUS2uMY,Côte d'Ivoire,ABIDJAN 1,ABOBO OUEST,FACILITY AT LEVEL 4: ABOBO OUEST
rBDCnOwfLp3,Côte d'Ivoire,ABIDJAN 2,COCODY BINGERVILLE,FACILITY AT LEVEL 4: COCODY BINGERVILLE
RBDX47pyQQH,Côte d'Ivoire,LÔH-DJIBOUA,GUITRY,FACILITY AT LEVEL 4: GUITRY
rBhEExYM6Vq,Côte d'Ivoire,N'ZI,DIMBOKRO,FACILITY AT LEVEL 4: DIMBOKRO
RBkn3orPjiz,Côte d'Ivoire,GONTOUGO,BONDOUKOU,FACILITY AT LEVEL 4: BONDOUKOU
rbQkVTX1cAj,Côte d'Ivoire,GBEKE,BOUAKE-SUD,FACILITY AT LEVEL 4: BOUAKE-SUD
RCbuwNmct6F,Côte d'Ivoire,INDENIE-DUABLIN,AGNIBILEKROU,FACILITY AT LEVEL 4: AGNIBILEKROU
RCGR1XLGfbP,Côte d'Ivoire,TONKPI,BIANKOUMA,FACILITY AT LEVEL 4: BIANKOUMA
rCqFv1rEWDj,Côte d'Ivoire,BELIER,TIEBISSOU,FACILITY AT LEVEL 4: TIEBISSOU
RCzjHTTKtel,Côte d'Ivoire,TCHOLOGO,OUANGOLODOUGOU,FACILITY AT LEVEL 4: OUANGOLODOUGOU
RD5DzigDjiz,Côte d'Ivoire,SAN PEDRO,SAN-PEDRO,FACILITY AT LEVEL 4: SAN-PEDRO
rDfBWRlOOzD,Côte d'Ivoire,INDENIE-DUABLIN,ABENGOUROU,FACILITY AT LEVEL 4: ABENGOUROU
rDfwvqhOjEu,Côte d'Ivoire,KABADOUGOU,ODIENNE,FACILITY AT LEVEL 4: ODIENNE
RDhmsV3lHAN,Côte d'Ivoire,GÔH,OUME,FACILITY AT LEVEL 4: OUME
rDIJySp9eE8,Côte d'Ivoire,GRANDS PONTS,JACQUEVILLE,FACILITY AT LEVEL 4: JACQUEVILLE
rdk2EQRUsrc,Côte d'Ivoire,TONKPI,MAN,FACILITY AT LEVEL 4: MAN
Rdp08RsSQnc,Côte d'Ivoire,GBEKE,BOUAKE NORD-OUEST,FACILITY AT LEVEL 4: BOUAKE NORD-OUEST
RDtWan9S5gP,Côte d'Ivoire,NAWA,MEAGUI,FACILITY AT LEVEL 4: MEAGUI
RdxDkjKZIgO,Côte d'Ivoire,PORO,KORHOGO 1,FACILITY AT LEVEL 4: KORHOGO 1
ReaYfNwZ3Ri,Côte d'Ivoire,BAFING,TOUBA,FACILITY AT LEVEL 4: TOUBA
refSvcczxVN,Côte d'Ivoire,ABIDJAN 2,TREICHVILLE-MARCORY,FACILITY AT LEVEL 4: TREICHVILLE-MARCORY
regUiaPqBkd,Côte d'Ivoire,FOLON,KANIASSO,FACILITY AT LEVEL 4: KANIASSO
rEIzKmGpSMM,Côte d'Ivoire,MARAHOUE,BOUAFLE,FACILITY AT LEVEL 4: BOUAFLE
ReolvhEKnQ7,Côte d'Ivoire,AGNEBY-TIASSA,AGBOVILLE,FACILITY AT LEVEL 4: AGBOVILLE
rEOzIuKHUnk,Côte d'Ivoire,TCHOLOGO,FERKESSEDOUGOU,FACILITY AT LEVEL 4: FERKESSEDOUGOU
rey2PSYsDfy,Côte d'Ivoire,HAUT SASSANDRA,ISSIA,FACILITY AT LEVEL 4: ISSIA
Rf1ibz4MlwO,Côte d'Ivoire,KABADOUGOU,ODIENNE,FACILITY AT LEVEL 4: ODIENNE
RF4JC4GNi27,Côte d'Ivoire,ABIDJAN 1,YOPOUGON-EST,FACILITY AT LEVEL 4: YOPOUGON-EST
rf8Amsz2EJv,Côte d'Ivoire,TCHOLOGO,FERKESSEDOUGOU,FACILITY AT LEVEL 4: FERKESSEDOUGOU
RFbtLkjhCUO,Côte d'Ivoire,LÔH-DJIBOUA,DIVO,FACILITY AT LEVEL 4: DIVO
RfF7aXcrDwI,Côte d'Ivoire,BAFING,OUANINOU,FACILITY AT LEVEL 4: OUANINOU
rFfpRWejaNr,Côte d'Ivoire,BELIER,DIDIEVI,FACILITY AT LEVEL 4: DIDIEVI
rfos8HE28f7,Côte d'Ivoire,GBOKLE,SASSANDRA,FACILITY AT LEVEL 4: SASSANDRA
RfuZfAgIWmu,Côte d'Ivoire,ABIDJAN 1,YOPOUGON-OUEST SONGON,FACILITY AT LEVEL 4: YOPOUGON-OUEST SONGON
rFYvWx4oMKa,Côte d'Ivoire,HAUT SASSANDRA,DALOA,FACILITY AT LEVEL 4: DALOA
rFywUKFHZxr,Côte d'Ivoire,CAVALLY,GUIGLO,FACILITY AT LEVEL 4: GUIGLO
RGDs6QqKRoj,Côte d'Ivoire,BELIER,YAMOUSSOUKRO,FACILITY AT LEVEL 4: YAMOUSSOUKRO
RgeDYKt0AhZ,Côte d'Ivoire,GBOKLE,SASSANDRA,FACILITY AT LEVEL 4: SASSANDRA
rGJLv4lmSus,Côte d'Ivoire,PORO,KORHOGO 2,FACILITY AT LEVEL 4: KORHOGO 2
rGrWkuJQrqp,Côte d'Ivoire,ME,ADZOPE,FACILITY AT LEVEL 4: ADZOPE
rH0VineUPKN,Côte d'Ivoire,ABIDJAN 1,ABOBO EST,FACILITY AT LEVEL 4: ABOBO EST
RH1XDkUwc2y,Côte d'Ivoire,GBEKE,BOUAKE NORD-EST,FACILITY AT LEVEL 4: BOUAKE NORD-EST
RhCtWOOOsgq,Côte d'Ivoire,ABIDJAN 2,ADJAME-PLATEAU-ATTECOUBE,FACILITY AT LEVEL 4: ADJAME-PLATEAU-ATTECOUBE
RhDiD8ImCB0,Côte d'Ivoire,ME,ADZOPE,FACILITY AT LEVEL 4: ADZOPE
rHNuReOeE6w,Côte d'Ivoire,TONKPI,MAN,FACILITY AT LEVEL 4: MAN
RHnXPtC4MsP,Côte d'Ivoire,WORODOUGOU,SEGUELA,FACILITY AT LEVEL 4: SEGUELA
rhOji0GMfUj,Côte d'Ivoire,GONTOUGO,SANDEGUE,FACILITY AT LEVEL 4: SANDEGUE
rhr20eCsvtx,Côte d'Ivoire,ME,AKOUPE,FACILITY AT LEVEL 4: AKOUPE
RhvU7OcROij,Côte d'Ivoire,GUEMON,BANGOLO,FACILITY AT LEVEL 4: BANGOLO
rhyKLZCNtYC,Côte d'Ivoire,BELIER,YAMOUSSOUKRO,FACILITY AT LEVEL 4: YAMOUSSOUKRO
ri7jVJXey9A,Côte d'Ivoire,TONKPI,MAN,FACILITY AT LEVEL 4: MAN
RIa01WKl3lP,Côte d'Ivoire,ABIDJAN 2,KOUMASSI,FACILITY AT LEVEL 4: KOUMASSI
Rih8A7n4vMm,Côte d'Ivoire,MARAHOUE,BOUAFLE,FACILITY AT LEVEL 4: BOUAFLE
RII2uiUJqKD,Côte d'Ivoire,GRANDS PONTS,DABOU,FACILITY AT LEVEL 4: DABOU
rIthQJ0Zspg,Côte d'Ivoire,MARAHOUE,BOUAFLE,FACILITY AT LEVEL 4: BOUAFLE
rjABuELB5qH,Côte d'Ivoire,BAGOUE,KOUTO,FACILITY AT LEVEL 4: KOUTO
RJCd9cvbFJO,Côte d'Ivoire,ABIDJAN 2,PORT-BOUET-VRIDI,FACILITY AT LEVEL 4: PORT-BOUET-VRIDI
RjEISbzOwGa,Côte d'Ivoire,GBEKE,BOUAKE NORD-EST,FACILITY AT LEVEL 4: BOUAKE NORD-EST
RJEZLKOrp4e,Côte d'Ivoire,GUEMON,BANGOLO,FACILITY AT LEVEL 4: BANGOLO
rjHQxpkL02S,Côte d'Ivoire,SUD-COMOE,GRAND-BASSAM,FACILITY AT LEVEL 4: GRAND-BASSAM
rjNWdlvZQhg,Côte d'Ivoire,PORO,KORHOGO 1,FACILITY AT LEVEL 4: KORHOGO 1
rJrCbVVrRZf,Côte d'Ivoire,ABIDJAN 2,TREICHVILLE-MARCORY,FACILITY AT LEVEL 4: TREICHVILLE-MARCORY
RJZZqHxP2ne,Côte d'Ivoire,FOLON,KANIASSO,FACILITY AT LEVEL 4: KANIASSO
rkJneAaZLlW,Côte d'Ivoire,MORONOU,BONGOUANOU,FACILITY AT LEVEL 4: BONGOUANOU
rKN1bc92Hs8,Côte d'Ivoire,ABIDJAN 2,COCODY BINGERVILLE,FACILITY AT LEVEL 4: COCODY BINGERVILLE
RkO3q22RKYT,Côte d'Ivoire,GONTOUGO,BONDOUKOU,FACILITY AT LEVEL 4: BONDOUKOU
rKQCu4h0vUn,Côte d'Ivoire,ABIDJAN 2,COCODY BINGERVILLE,FACILITY AT LEVEL 4: COCODY BINGERVILLE
RL5uw9i34tl,Côte d'Ivoire,AGNEBY-TIASSA,TIASSALE,FACILITY AT LEVEL 4: TIASSALE
rLpWq6vu7RP,Côte d'Ivoire,ABIDJAN 2,COCODY BINGERVILLE,FACILITY AT LEVEL 4: COCODY BINGERVILLE
RLuHJ2lSqOw,Côte d'Ivoire,TONKPI,MAN,FACILITY AT LEVEL 4: MAN
RLypRD8Kt8T,Côte d'Ivoire,ABIDJAN 2,COCODY BINGERVILLE,FACILITY AT LEVEL 4: COCODY BINGERVILLE
rM6GuD0HUP0,Côte d'Ivoire,N'ZI,BOCANDA,FACILITY AT LEVEL 4: BOCANDA
rmAS9Xy0KHQ,Côte d'Ivoire,HAUT SASSANDRA,VAVOUA,FACILITY AT LEVEL 4: VAVOUA
rMLOSHsF0Yr,Côte d'Ivoire,GUEMON,BANGOLO,FACILITY AT LEVEL 4: BANGOLO
RMpA2SCMyGo,Côte d'Ivoire,BAGOUE,BOUNDIALI,FACILITY AT LEVEL 4: BOUNDIALI
RmYxH0uwXiB,Côte d'Ivoire,ABIDJAN 2,ADJAME-PLATEAU-ATTECOUBE,FACILITY AT LEVEL 4: ADJAME-PLATEAU-ATTECOUBE
rn1Njd6WQ7e,Côte d'Ivoire,ME,YAKASSE-ATTOBROU,FACILITY AT LEVEL 4: YAKASSE-ATTOBROU
RN4xlSim6P3,Côte d'Ivoire,BAGOUE,TENGRELA,FACILITY AT LEVEL 4: TENGRELA
rnjZOlisxNt,Côte d'Ivoire,SUD-COMOE,ADIAKE,FACILITY AT LEVEL 4: ADIAKE
rnTuDT0QWRN,Côte d'Ivoire,MARAHOUE,ZUENOULA,FACILITY AT LEVEL 4: ZUENOULA
RNuxv7YMzqB,Côte d'Ivoire,GONTOUGO,BONDOUKOU,FACILITY AT LEVEL 4: BONDOUKOU
RNv5ABKvcRt,Côte d'Ivoire,WORODOUGOU,SEGUELA,FACILITY AT LEVEL 4: SEGUELA
RNYLPckY4jc,Côte d'Ivoire,BERE,MANKONO,FACILITY AT LEVEL 4: MANKONO
Ro0zTlehHpg,Côte d'Ivoire,GUEMON,DUEKOUE,FACILITY AT LEVEL 4: DUEKOUE
Rod3WEAPAbM,Côte d'Ivoire,CAVALLY,BLOLEQUIN,FACILITY AT LEVEL 4: BLOLEQUIN
rohYGuO7b2I,Côte d'Ivoire,LÔH-DJIBOUA,LAKOTA,FACILITY AT LEVEL 4: LAKOTA
RoYtDJGqbFu,Côte d'Ivoire,BELIER,YAMOUSSOUKRO,FACILITY AT LEVEL 4: YAMOUSSOUKRO
RpbWxoA8bGh,Côte d'Ivoire,GBEKE,BOTRO,FACILITY AT LEVEL 4: BOTRO
RpFtfY1K9BH,Côte d'Ivoire,WORODOUGOU,KANI,FACILITY AT LEVEL 4: KANI
RPglyG8hqw5,Côte d'Ivoire,ABIDJAN 1,YOPOUGON-OUEST SONGON,FACILITY AT LEVEL 4: YOPOUGON-OUEST SONGON
RpGRA0u6Dcp,Côte d'Ivoire,TONKPI,MAN,FACILITY AT LEVEL 4: MAN
RpKHc77sF9a,Côte d'Ivoire,GONTOUGO,BONDOUKOU,FACILITY AT LEVEL 4: BONDOUKOU
rpRiCyIj8pM,Côte d'Ivoire,ABIDJAN 2,COCODY BINGERVILLE,FACILITY AT LEVEL 4: COCODY BINGERVILLE
RPSMI3gQe8M,Côte d'Ivoire,NAWA,SOUBRE,FACILITY AT LEVEL 4: SOUBRE
RQ1CAXOXPGc,Côte d'Ivoire,ABIDJAN 2,KOUMASSI,FACILITY AT LEVEL 4: KOUMASSI
Rq4PujZhgVv,Côte d'Ivoire,GÔH,GAGNOA 1,FACILITY AT LEVEL 4: GAGNOA 1
rQABSQJOmEl,Côte d'Ivoire,BELIER,YAMOUSSOUKRO,FACILITY AT LEVEL 4: YAMOUSSOUKRO
rqG9HUvb3R9,Côte d'Ivoire,AGNEBY-TIASSA,TIASSALE,FACILITY AT LEVEL 4: TIASSALE
rQpKw6phGnI,Côte d'Ivoire,ABIDJAN 1,YOPOUGON-EST,FACILITY AT LEVEL 4: YOPOUGON-EST
RqXnMYd9UeP,Côte d'Ivoire,KABADOUGOU,MADINANI,FACILITY AT LEVEL 4: MADINANI
rR5trwf0mzT,Côte d'Ivoire,SAN PEDRO,SAN-PEDRO,FACILITY AT LEVEL 4: SAN-PEDRO
Rr71mI9GJ0K,Côte d'Ivoire,HAMBOL,KATIOLA,FACILITY AT LEVEL 4: KATIOLA
RrYUzgL9K0x,Côte d'Ivoire,GONTOUGO,BONDOUKOU,FACILITY AT LEVEL 4: BONDOUKOU
RTC6vFWnDjE,Côte d'Ivoire,MARAHOUE,BOUAFLE,FACILITY AT LEVEL 4: BOUAFLE
rtF9slZoSZr,Côte d'Ivoire,ABIDJAN 1,ABOBO EST,FACILITY AT LEVEL 4: ABOBO EST
rtfBP41ZBm9,Côte d'Ivoire,SUD-COMOE,ABOISSO,FACILITY AT LEVEL 4: ABOISSO
rTgtQxrvEPQ,Côte d'Ivoire,MARAHOUE,BOUAFLE,FACILITY AT LEVEL 4: BOUAFLE
rTrOVvZqITY,Côte d'Ivoire,BELIER,DIDIEVI,FACILITY AT LEVEL 4: DIDIEVI
rTSsEeazs6w,Côte d'Ivoire,MARAHOUE,BOUAFLE,FACILITY AT LEVEL 4: BOUAFLE
RTZPIa5HdU4,Côte d'Ivoire,LÔH-DJIBOUA,DIVO,FACILITY AT LEVEL 4: DIVO
rub0EoVhPIM,Côte d'Ivoire,SAN PEDRO,SAN-PEDRO,FACILITY AT LEVEL 4: SAN-PEDRO
RubFlO3k9HS,Côte d'Ivoire,PORO,M'BENGUE,FACILITY AT LEVEL 4: M'BENGUE
RUFLNSV96B9,Côte d'Ivoire,ABIDJAN 1,YOPOUGON-EST,FACILITY AT LEVEL 4: YOPOUGON-EST
RUj7Pm5nov7,Côte d'Ivoire,BELIER,TIEBISSOU,FACILITY AT LEVEL 4: TIEBISSOU
rUoqnP86L2E,Côte d'Ivoire,ABIDJAN 2,COCODY BINGERVILLE,FACILITY AT LEVEL 4: COCODY BINGERVILLE
rUTnT6Q9FYl,Côte d'Ivoire,IFFOU,DAOUKRO,FACILITY AT LEVEL 4: DAOUKRO
RuU0jXOLbe1,Côte d'Ivoire,FOLON,KANIASSO,FACILITY AT LEVEL 4: KANIASSO
RuZFg0DMg0e,Côte d'Ivoire,GUEMON,BANGOLO,FACILITY AT LEVEL 4: BANGOLO
Rv5TLQXafm1,Côte d'Ivoire,ABIDJAN 2,COCODY BINGERVILLE,FACILITY AT LEVEL 4: COCODY BINGERVILLE
rvCCyZdpdML,Côte d'Ivoire,ABIDJAN 2,TREICHVILLE-MARCORY,FACILITY AT LEVEL 4: TREICHVILLE-MARCORY
rVHcroTv7W9,Côte d'Ivoire,ABIDJAN 1,ABOBO EST,FACILITY AT LEVEL 4: ABOBO EST
rvl7h2TZpHu,Côte d'Ivoire,AGNEBY-TIASSA,AGBOVILLE,FACILITY AT LEVEL 4: AGBOVILLE
Rvmh5Y2ZCk5,Côte d'Ivoire,LÔH-DJIBOUA,DIVO,FACILITY AT LEVEL 4: DIVO
rvSZ34dc495,Côte d'Ivoire,ABIDJAN 1,ABOBO EST,FACILITY AT LEVEL 4: ABOBO EST
rVVzK9G44L9,Côte d'Ivoire,ABIDJAN 2,TREICHVILLE-MARCORY,FACILITY AT LEVEL 4: TREICHVILLE-MARCORY
RVy9dlgSRKV,Côte d'Ivoire,BAGOUE,TENGRELA,FACILITY AT LEVEL 4: TENGRELA
rvyM1Po98LX,Côte d'Ivoire,HAUT SASSANDRA,DALOA,FACILITY AT LEVEL 4: DALOA
Rw5SNBBSQxJ,Côte d'Ivoire,TONKPI,MAN,FACILITY AT LEVEL 4: MAN
rWaylf9zbJv,Côte d'Ivoire,GBEKE,BOUAKE-SUD,FACILITY AT LEVEL 4: BOUAKE-SUD
RWJOqxracQ7,Côte d'Ivoire,ABIDJAN 2,COCODY BINGERVILLE,FACILITY AT LEVEL 4: COCODY BINGERVILLE
rWJoZMtzFdN,Côte d'Ivoire,ABIDJAN 2,ADJAME-PLATEAU-ATTECOUBE,FACILITY AT LEVEL 4: ADJAME-PLATEAU-ATTECOUBE
rwjqr2sflz7,Côte d'Ivoire,PORO,SINEMATIALI,FACILITY AT LEVEL 4: SINEMATIALI
RWNYfr2iw12,Côte d'Ivoire,ABIDJAN 2,COCODY BINGERVILLE,FACILITY AT LEVEL 4: COCODY BINGERVILLE
RwO0bsY4Qdy,Côte d'Ivoire,GONTOUGO,KOUN-FAO,FACILITY AT LEVEL 4: KOUN-FAO
rwqaD6SdBsn,Côte d'Ivoire,GRANDS PONTS,JACQUEVILLE,FACILITY AT LEVEL 4: JACQUEVILLE
rwTsaX9vYzs,Côte d'Ivoire,GBOKLE,SASSANDRA,FACILITY AT LEVEL 4: SASSANDRA
rWuCEfxJbjo,Côte d'Ivoire,INDENIE-DUABLIN,ABENGOUROU,FACILITY AT LEVEL 4: ABENGOUROU
rx2jPcgpSCz,Côte d'Ivoire,TONKPI,BIANKOUMA,FACILITY AT LEVEL 4: BIANKOUMA
RX6B2wUWPrC,Côte d'Ivoire,TONKPI,DANANE,FACILITY AT LEVEL 4: DANANE
Rx6eKV1BSms,Côte d'Ivoire,PORO,KORHOGO 2,FACILITY AT LEVEL 4: KORHOGO 2
Rx8bpoJfLuC,Côte d'Ivoire,AGNEBY-TIASSA,SIKENSI,FACILITY AT LEVEL 4: SIKENSI
RYBDxYqA7YQ,Côte d'Ivoire,ABIDJAN 1,YOPOUGON-OUEST SONGON,FACILITY AT LEVEL 4: YOPOUGON-OUEST SONGON
rYCSMnjWKv0,Côte d'Ivoire,GÔH,OUME,FACILITY AT LEVEL 4: OUME
rYFblMJ5SwN,Côte d'Ivoire,ABIDJAN 1,YOPOUGON-OUEST SONGON,FACILITY AT LEVEL 4: YOPOUGON-OUEST SONGON
RyH5SDDXeEU,Côte d'Ivoire,ABIDJAN 2,COCODY BINGERVILLE,FACILITY AT LEVEL 4: COCODY BINGERVILLE
RyQMuGCOYWY,Côte d'Ivoire,ABIDJAN 2,TREICHVILLE-MARCORY,FACILITY AT LEVEL 4: TREICHVILLE-MARCORY
rYrEQsYb2YJ,Côte d'Ivoire,ABIDJAN 2,COCODY BINGERVILLE,FACILITY AT LEVEL 4: COCODY BINGERVILLE
rYsrwcmK5CF,Côte d'Ivoire,ME,ADZOPE,FACILITY AT LEVEL 4: ADZOPE
RYWqx10e9m0,Côte d'Ivoire,ABIDJAN 1,YOPOUGON-OUEST SONGON,FACILITY AT LEVEL 4: YOPOUGON-OUEST SONGON
RZ7wUXHfYj1,Côte d'Ivoire,GONTOUGO,TRANSUA,FACILITY AT LEVEL 4: TRANSUA
rZa6Gr64Xq8,Côte d'Ivoire,GBEKE,BOUAKE NORD-EST,FACILITY AT LEVEL 4: BOUAKE NORD-EST
RzeY1JckTlc,Côte d'Ivoire,HAMBOL,NIAKARAMADOUGOU,FACILITY AT LEVEL 4: NIAKARAMADOUGOU
RzFAUpfhxhb,Côte d'Ivoire,HAUT SASSANDRA,ISSIA,FACILITY AT LEVEL 4: ISSIA
RzfY7S4ALSH,Côte d'Ivoire,BAGOUE,KOUTO,FACILITY AT LEVEL 4: KOUTO
rZpVfLTgh8g,Côte d'Ivoire,MARAHOUE,SINFRA,FACILITY AT LEVEL 4: SINFRA
RzpYBUQeLSs,Côte d'Ivoire,ABIDJAN 2,COCODY BINGERVILLE,FACILITY AT LEVEL 4: COCODY BINGERVILLE
RZyAALomFFv,Côte d'Ivoire,NAWA,SOUBRE,FACILITY AT LEVEL 4: SOUBRE
S04Pzo6A3PB,Côte d'Ivoire,SAN PEDRO,TABOU,FACILITY AT LEVEL 4: TABOU
S0FsI38iSWQ,Côte d'Ivoire,ABIDJAN 1,YOPOUGON-OUEST SONGON,FACILITY AT LEVEL 4: YOPOUGON-OUEST SONGON
S0IXhwQq5cE,Côte d'Ivoire,GUEMON,DUEKOUE,FACILITY AT LEVEL 4: DUEKOUE
S0q0jDkRS5v,Côte d'Ivoire,TCHOLOGO,OUANGOLODOUGOU,FACILITY AT LEVEL 4: OUANGOLODOUGOU
S0zly8enrPj,Côte d'Ivoire,BAGOUE,TENGRELA,FACILITY AT LEVEL 4: TENGRELA
s15Y0I2u3n9,Côte d'Ivoire,GBEKE,BOUAKE NORD-OUEST,FACILITY AT LEVEL 4: BOUAKE NORD-OUEST
S1ThhGKWsvb,Côte d'Ivoire,BERE,MANKONO,FACILITY AT LEVEL 4: MANKONO
S1XGnpgsTkr,Côte d'Ivoire,HAUT SASSANDRA,DALOA,FACILITY AT LEVEL 4: DALOA
s1yOdsijPH5,Côte d'Ivoire,PORO,KORHOGO 1,FACILITY AT LEVEL 4: KORHOGO 1
s2B7yvIFWwN,Côte d'Ivoire,IFFOU,MBAHIAKRO,FACILITY AT LEVEL 4: MBAHIAKRO
s2eG8iQfoo2,Côte d'Ivoire,GONTOUGO,TRANSUA,FACILITY AT LEVEL 4: TRANSUA
S2jx1KjftD4,Côte d'Ivoire,ABIDJAN 1,ABOBO OUEST,FACILITY AT LEVEL 4: ABOBO OUEST
S36Gm1R5ghI,Côte d'Ivoire,ABIDJAN 2,COCODY BINGERVILLE,FACILITY AT LEVEL 4: COCODY BINGERVILLE
S3eReuYVOb0,Côte d'Ivoire,GÔH,GAGNOA 2,FACILITY AT LEVEL 4: GAGNOA 2
s3gfBDdKQE8,Côte d'Ivoire,GBEKE,BOUAKE-SUD,FACILITY AT LEVEL 4: BOUAKE-SUD
s40CNsTf1LV,Côte d'Ivoire,ABIDJAN 2,COCODY BINGERVILLE,FACILITY AT LEVEL 4: COCODY BINGERVILLE
s4c425prOLU,Côte d'Ivoire,INDENIE-DUABLIN,ABENGOUROU,FACILITY AT LEVEL 4: ABENGOUROU
S4eCMCTJPBj,Côte d'Ivoire,MARAHOUE,BOUAFLE,FACILITY AT LEVEL 4: BOUAFLE
S4m6vJnjPuD,Côte d'Ivoire,MORONOU,M'BATTO,FACILITY AT LEVEL 4: M'BATTO
s5Ci64rMR3d,Côte d'Ivoire,NAWA,SOUBRE,FACILITY AT LEVEL 4: SOUBRE
S5GVdD2d3Bf,Côte d'Ivoire,BAGOUE,BOUNDIALI,FACILITY AT LEVEL 4: BOUNDIALI
S5V89CEaqHg,Côte d'Ivoire,SUD-COMOE,GRAND-BASSAM,FACILITY AT LEVEL 4: GRAND-BASSAM
S5VzIXgoK96,Côte d'Ivoire,IFFOU,MBAHIAKRO,FACILITY AT LEVEL 4: MBAHIAKRO
s5w5VgDpqxj,Côte d'Ivoire,PORO,KORHOGO 1,FACILITY AT LEVEL 4: KORHOGO 1
s66DM7OmatQ,Côte d'Ivoire,ABIDJAN 1,YOPOUGON-OUEST SONGON,FACILITY AT LEVEL 4: YOPOUGON-OUEST SONGON
S6iRwAeCzGO,Côte d'Ivoire,ABIDJAN 2,TREICHVILLE-MARCORY,FACILITY AT LEVEL 4: TREICHVILLE-MARCORY
s6IV3hOSft6,Côte d'Ivoire,BELIER,YAMOUSSOUKRO,FACILITY AT LEVEL 4: YAMOUSSOUKRO
S6owJ9PAgR2,Côte d'Ivoire,SAN PEDRO,SAN-PEDRO,FACILITY AT LEVEL 4: SAN-PEDRO
s7m6DdXbz7s,Côte d'Ivoire,TCHOLOGO,OUANGOLODOUGOU,FACILITY AT LEVEL 4: OUANGOLODOUGOU
S7pgH0McbKH,Côte d'Ivoire,GBOKLE,SASSANDRA,FACILITY AT LEVEL 4: SASSANDRA
s7xmBrwbJ1H,Côte d'Ivoire,BERE,MANKONO,FACILITY AT LEVEL 4: MANKONO
s7ZC1LAHapz,Côte d'Ivoire,BAFING,TOUBA,FACILITY AT LEVEL 4: TOUBA
S8gjimu7X3Z,Côte d'Ivoire,ABIDJAN 2,COCODY BINGERVILLE,FACILITY AT LEVEL 4: COCODY BINGERVILLE
S8kgYK5qw1i,Côte d'Ivoire,PORO,KORHOGO 2,FACILITY AT LEVEL 4: KORHOGO 2
S8vC8eUPHNj,Côte d'Ivoire,TONKPI,DANANE,FACILITY AT LEVEL 4: DANANE
S8YUWAEqIbo,Côte d'Ivoire,BAFING,TOUBA,FACILITY AT LEVEL 4: TOUBA
S8zO8XmvU1V,Côte d'Ivoire,SUD-COMOE,ABOISSO,FACILITY AT LEVEL 4: ABOISSO
S98SPWCofg0,Côte d'Ivoire,MARAHOUE,ZUENOULA,FACILITY AT LEVEL 4: ZUENOULA
S9BZ2FDmhpH,Côte d'Ivoire,PORO,KORHOGO 1,FACILITY AT LEVEL 4: KORHOGO 1
S9sXNagA6v3,Côte d'Ivoire,HAUT SASSANDRA,VAVOUA,FACILITY AT LEVEL 4: VAVOUA
s9u0TaGDJQX,Côte d'Ivoire,GONTOUGO,BONDOUKOU,FACILITY AT LEVEL 4: BONDOUKOU
saaJmLlRp5l,Côte d'Ivoire,ME,ALEPE,FACILITY AT LEVEL 4: ALEPE
SaAmoFAy3hU,Côte d'Ivoire,ABIDJAN 2,TREICHVILLE-MARCORY,FACILITY AT LEVEL 4: TREICHVILLE-MARCORY
saEMPUwTVG1,Côte d'Ivoire,SUD-COMOE,ABOISSO,FACILITY AT LEVEL 4: ABOISSO
SAhwDYs1RSD,Côte d'Ivoire,GONTOUGO,BONDOUKOU,FACILITY AT LEVEL 4: BONDOUKOU
sAijOguUgyU,Côte d'Ivoire,LÔH-DJIBOUA,DIVO,FACILITY AT LEVEL 4: DIVO
SaNmmo2388c,Côte d'Ivoire,AGNEBY-TIASSA,SIKENSI,FACILITY AT LEVEL 4: SIKENSI
sARzegYzuRQ,Côte d'Ivoire,GRANDS PONTS,JACQUEVILLE,FACILITY AT LEVEL 4: JACQUEVILLE
SAxkZwvavKT,Côte d'Ivoire,FOLON,KANIASSO,FACILITY AT LEVEL 4: KANIASSO
SaXvTuOPAD0,Côte d'Ivoire,HAMBOL,DABAKALA,FACILITY AT LEVEL 4: DABAKALA
sAZZwifAr7z,Côte d'Ivoire,AGNEBY-TIASSA,AGBOVILLE,FACILITY AT LEVEL 4: AGBOVILLE
sb7yo6CqPRc,Côte d'Ivoire,GÔH,OUME,FACILITY AT LEVEL 4: OUME
sbbhhFgmNYo,Côte d'Ivoire,GONTOUGO,BONDOUKOU,FACILITY AT LEVEL 4: BONDOUKOU
sBCBCa8QJHq,Côte d'Ivoire,SAN PEDRO,SAN-PEDRO,FACILITY AT LEVEL 4: SAN-PEDRO
SbJs5cqXDlv,Côte d'Ivoire,LÔH-DJIBOUA,GUITRY,FACILITY AT LEVEL 4: GUITRY
Sc4OR4lxFfo,Côte d'Ivoire,HAUT SASSANDRA,VAVOUA,FACILITY AT LEVEL 4: VAVOUA
ScBZT01BDyw,Côte d'Ivoire,HAUT SASSANDRA,DALOA,FACILITY AT LEVEL 4: DALOA
sCkFpAVwSHz,Côte d'Ivoire,INDENIE-DUABLIN,ABENGOUROU,FACILITY AT LEVEL 4: ABENGOUROU
ScqmhWxlFKJ,Côte d'Ivoire,BOUNKANI,TEHINI,FACILITY AT LEVEL 4: TEHINI
SCY3falEcJD,Côte d'Ivoire,NAWA,GUEYO,FACILITY AT LEVEL 4: GUEYO
SCYNkV42cBs,Côte d'Ivoire,GONTOUGO,KOUN-FAO,FACILITY AT LEVEL 4: KOUN-FAO
SdfJMQNOHWR,Côte d'Ivoire,INDENIE-DUABLIN,ABENGOUROU,FACILITY AT LEVEL 4: ABENGOUROU
SDKI1oF3nj9,Côte d'Ivoire,HAUT SASSANDRA,ISSIA,FACILITY AT LEVEL 4: ISSIA
SdW7AIxQjzw,Côte d'Ivoire,SUD-COMOE,ABOISSO,FACILITY AT LEVEL 4: ABOISSO
SebN7UV2WNg,Côte d'Ivoire,HAMBOL,NIAKARAMADOUGOU,FACILITY AT LEVEL 4: NIAKARAMADOUGOU
SEe98L5miA6,Côte d'Ivoire,GUEMON,KOUIBLY,FACILITY AT LEVEL 4: KOUIBLY
sEeebetLtMi,Côte d'Ivoire,ABIDJAN 2,COCODY BINGERVILLE,FACILITY AT LEVEL 4: COCODY BINGERVILLE
SekXdHQ6aKK,Côte d'Ivoire,BAGOUE,KOUTO,FACILITY AT LEVEL 4: KOUTO
sELnI7fwEKO,Côte d'Ivoire,BOUNKANI,DOROPO,FACILITY AT LEVEL 4: DOROPO
sEnmPtYa6Y1,Côte d'Ivoire,HAUT SASSANDRA,DALOA,FACILITY AT LEVEL 4: DALOA
sF0bS2qEFSy,Côte d'Ivoire,MARAHOUE,SINFRA,FACILITY AT LEVEL 4: SINFRA
sfFAasecThR,Côte d'Ivoire,GRANDS PONTS,DABOU,FACILITY AT LEVEL 4: DABOU
sfNljBgVKmV,Côte d'Ivoire,PORO,M'BENGUE,FACILITY AT LEVEL 4: M'BENGUE
SFQMGHMYS1S,Côte d'Ivoire,ME,ADZOPE,FACILITY AT LEVEL 4: ADZOPE
sFU5F2j2eTQ,Côte d'Ivoire,IFFOU,MBAHIAKRO,FACILITY AT LEVEL 4: MBAHIAKRO
SFuzfyuhpio,Côte d'Ivoire,BELIER,YAMOUSSOUKRO,FACILITY AT LEVEL 4: YAMOUSSOUKRO
SFWoIQl8pJq,Côte d'Ivoire,BELIER,TOUMODI,FACILITY AT LEVEL 4: TOUMODI
Sg9hxZ10WLH,Côte d'Ivoire,TONKPI,BIANKOUMA,FACILITY AT LEVEL 4: BIANKOUMA
sGAxzRAVyhF,Côte d'Ivoire,ABIDJAN 2,ADJAME-PLATEAU-ATTECOUBE,FACILITY AT LEVEL 4: ADJAME-PLATEAU-ATTECOUBE
sGfwdLgkCAK,Côte d'Ivoire,ABIDJAN 2,TREICHVILLE-MARCORY,FACILITY AT LEVEL 4: TREICHVILLE-MARCORY
sGRsEXi4HUA,Côte d'Ivoire,INDENIE-DUABLIN,ABENGOUROU,FACILITY AT LEVEL 4: ABENGOUROU
SgT3mjCVUKZ,Côte d'Ivoire,ABIDJAN 2,PORT-BOUET-VRIDI,FACILITY AT LEVEL 4: PORT-BOUET-VRIDI
SgVNzw10vvi,Côte d'Ivoire,ABIDJAN 2,ADJAME-PLATEAU-ATTECOUBE,FACILITY AT LEVEL 4: ADJAME-PLATEAU-ATTECOUBE
Sgwptmcdflt,Côte d'Ivoire,GONTOUGO,TANDA,FACILITY AT LEVEL 4: TANDA
sGWwGDi933f,Côte d'Ivoire,GUEMON,DUEKOUE,FACILITY AT LEVEL 4: DUEKOUE
SgYdtxiXXNt,Côte d'Ivoire,ABIDJAN 2,ADJAME-PLATEAU-ATTECOUBE,FACILITY AT LEVEL 4: ADJAME-PLATEAU-ATTECOUBE
SharriCAkMQ,Côte d'Ivoire,TCHOLOGO,OUANGOLODOUGOU,FACILITY AT LEVEL 4: OUANGOLODOUGOU
SHni2YastC5,Côte d'Ivoire,PORO,M'BENGUE,FACILITY AT LEVEL 4: M'BENGUE
sHQlkFFyC00,Côte d'Ivoire,LÔH-DJIBOUA,DIVO,FACILITY AT LEVEL 4: DIVO
shwrbTUmrAx,Côte d'Ivoire,N'ZI,BOCANDA,FACILITY AT LEVEL 4: BOCANDA
ShXrJAtK1lf,Côte d'Ivoire,ABIDJAN 2,COCODY BINGERVILLE,FACILITY AT LEVEL 4: COCODY BINGERVILLE
sI3jtG8LmGO,Côte d'Ivoire,HAUT SASSANDRA,ISSIA,FACILITY AT LEVEL 4: ISSIA
sI7hNYwtn3v,Côte d'Ivoire,BAFING,KORO,FACILITY AT LEVEL 4: KORO
Si95KVfq81a,Côte d'Ivoire,WORODOUGOU,SEGUELA,FACILITY AT LEVEL 4: SEGUELA
siaq8Je7jX1,Côte d'Ivoire,NAWA,SOUBRE,FACILITY AT LEVEL 4: SOUBRE
SIjjJdXltXN,Côte d'Ivoire,GBOKLE,SASSANDRA,FACILITY AT LEVEL 4: SASSANDRA
sJ2rOC42ck6,Côte d'Ivoire,INDENIE-DUABLIN,ABENGOUROU,FACILITY AT LEVEL 4: ABENGOUROU
SJ5BFlRKmRG,Côte d'Ivoire,BELIER,YAMOUSSOUKRO,FACILITY AT LEVEL 4: YAMOUSSOUKRO
SjCRGrCugU9,Côte d'Ivoire,HAUT SASSANDRA,VAVOUA,FACILITY AT LEVEL 4: VAVOUA
sjujLORMIR6,Côte d'Ivoire,TCHOLOGO,OUANGOLODOUGOU,FACILITY AT LEVEL 4: OUANGOLODOUGOU
sK3Vu1aTikL,Côte d'Ivoire,MORONOU,M'BATTO,FACILITY AT LEVEL 4: M'BATTO
SkeA4IL72Ld,Côte d'Ivoire,TONKPI,MAN,FACILITY AT LEVEL 4: MAN
SkkFlVzmvUq,Côte d'Ivoire,ABIDJAN 1,YOPOUGON-OUEST SONGON,FACILITY AT LEVEL 4: YOPOUGON-OUEST SONGON
SkmTDNoVzIz,Côte d'Ivoire,BERE,MANKONO,FACILITY AT LEVEL 4: MANKONO
sKRWFqlXaY2,Côte d'Ivoire,ABIDJAN 2,ADJAME-PLATEAU-ATTECOUBE,FACILITY AT LEVEL 4: ADJAME-PLATEAU-ATTECOUBE
sKxtxvhr8KW,Côte d'Ivoire,SUD-COMOE,GRAND-BASSAM,FACILITY AT LEVEL 4: GRAND-BASSAM
slgLEhBfTJa,Côte d'Ivoire,INDENIE-DUABLIN,ABENGOUROU,FACILITY AT LEVEL 4: ABENGOUROU
sLlD1iFlTVA,Côte d'Ivoire,PORO,KORHOGO 2,FACILITY AT LEVEL 4: KORHOGO 2
SLus3WmxuP6,Côte d'Ivoire,ABIDJAN 2,ADJAME-PLATEAU-ATTECOUBE,FACILITY AT LEVEL 4: ADJAME-PLATEAU-ATTECOUBE
slWlW8NVuhi,Côte d'Ivoire,AGNEBY-TIASSA,TIASSALE,FACILITY AT LEVEL 4: TIASSALE
sm1kxCD7b6u,Côte d'Ivoire,GRANDS PONTS,GRAND-LAHOU,FACILITY AT LEVEL 4: GRAND-LAHOU
sM4FFe8Ff9L,Côte d'Ivoire,ABIDJAN 2,COCODY BINGERVILLE,FACILITY AT LEVEL 4: COCODY BINGERVILLE
SMb4XtgmN7R,Côte d'Ivoire,ABIDJAN 1,ABOBO OUEST,FACILITY AT LEVEL 4: ABOBO OUEST
SML4EsvZC8h,Côte d'Ivoire,ABIDJAN 2,ADJAME-PLATEAU-ATTECOUBE,FACILITY AT LEVEL 4: ADJAME-PLATEAU-ATTECOUBE
SMNAb0b3wg4,Côte d'Ivoire,BELIER,DIDIEVI,FACILITY AT LEVEL 4: DIDIEVI
sN5R3Tiv5t9,Côte d'Ivoire,ABIDJAN 2,COCODY BINGERVILLE,FACILITY AT LEVEL 4: COCODY BINGERVILLE
Snb7KcCPUbh,Côte d'Ivoire,GBEKE,BOUAKE-SUD,FACILITY AT LEVEL 4: BOUAKE-SUD
sNBBf6HAaH7,Côte d'Ivoire,BERE,MANKONO,FACILITY AT LEVEL 4: MANKONO
sNCD46nc2m5,Côte d'Ivoire,PORO,M'BENGUE,FACILITY AT LEVEL 4: M'BENGUE
sNI8ZYGhosn,Côte d'Ivoire,MORONOU,ARRAH,FACILITY AT LEVEL 4: ARRAH
sNIfmLpAU19,Côte d'Ivoire,TONKPI,MAN,FACILITY AT LEVEL 4: MAN
sNXjFTquX0H,Côte d'Ivoire,TONKPI,DANANE,FACILITY AT LEVEL 4: DANANE
sNybHaol5jI,Côte d'Ivoire,ABIDJAN 1,YOPOUGON-EST,FACILITY AT LEVEL 4: YOPOUGON-EST
sO0s5WLpWuH,Côte d'Ivoire,HAUT SASSANDRA,DALOA,FACILITY AT LEVEL 4: DALOA
SO8snoI3Klj,Côte d'Ivoire,ME,AKOUPE,FACILITY AT LEVEL 4: AKOUPE
SOk5LKU75uW,Côte d'Ivoire,ABIDJAN 2,KOUMASSI,FACILITY AT LEVEL 4: KOUMASSI
SOmBImCrXu9,Côte d'Ivoire,ABIDJAN 2,TREICHVILLE-MARCORY,FACILITY AT LEVEL 4: TREICHVILLE-MARCORY
SoTBFNQ4G14,Côte d'Ivoire,MORONOU,ARRAH,FACILITY AT LEVEL 4: ARRAH
sozVOzBwDz2,Côte d'Ivoire,GONTOUGO,BONDOUKOU,FACILITY AT LEVEL 4: BONDOUKOU
Sp11Dlm8EC7,Côte d'Ivoire,TONKPI,BIANKOUMA,FACILITY AT LEVEL 4: BIANKOUMA
Sp81JsQG5F3,Côte d'Ivoire,MORONOU,BONGOUANOU,FACILITY AT LEVEL 4: BONGOUANOU
SpAdXJHsurf,Côte d'Ivoire,MORONOU,BONGOUANOU,FACILITY AT LEVEL 4: BONGOUANOU
SPcHUwGpF9p,Côte d'Ivoire,ABIDJAN 1,ABOBO EST,FACILITY AT LEVEL 4: ABOBO EST
SpD4gm27lKj,Côte d'Ivoire,ABIDJAN 1,YOPOUGON-OUEST SONGON,FACILITY AT LEVEL 4: YOPOUGON-OUEST SONGON
SPHnpiKigv1,Côte d'Ivoire,AGNEBY-TIASSA,AGBOVILLE,FACILITY AT LEVEL 4: AGBOVILLE
sphYYGPP3K1,Côte d'Ivoire,GÔH,GAGNOA 2,FACILITY AT LEVEL 4: GAGNOA 2
spMBota7EJV,Côte d'Ivoire,ABIDJAN 2,ADJAME-PLATEAU-ATTECOUBE,FACILITY AT LEVEL 4: ADJAME-PLATEAU-ATTECOUBE
spPxq7tMKMC,Côte d'Ivoire,SUD-COMOE,GRAND-BASSAM,FACILITY AT LEVEL 4: GRAND-BASSAM
SpQubkCdra4,Côte d'Ivoire,HAUT SASSANDRA,ISSIA,FACILITY AT LEVEL 4: ISSIA
SPrA2zIBGja,Côte d'Ivoire,SAN PEDRO,SAN-PEDRO,FACILITY AT LEVEL 4: SAN-PEDRO
SpVM8toLYfK,Côte d'Ivoire,TONKPI,BIANKOUMA,FACILITY AT LEVEL 4: BIANKOUMA
SpXVXzLd4J7,Côte d'Ivoire,AGNEBY-TIASSA,SIKENSI,FACILITY AT LEVEL 4: SIKENSI
spz1nZ1VIYX,Côte d'Ivoire,HAUT SASSANDRA,DALOA,FACILITY AT LEVEL 4: DALOA
SqGn0CIA0yH,Côte d'Ivoire,MORONOU,ARRAH,FACILITY AT LEVEL 4: ARRAH
sqgxmk27Zec,Côte d'Ivoire,BELIER,YAMOUSSOUKRO,FACILITY AT LEVEL 4: YAMOUSSOUKRO
sqjgmc0RlQk,Côte d'Ivoire,MORONOU,M'BATTO,FACILITY AT LEVEL 4: M'BATTO
sqNoCTQg7w7,Côte d'Ivoire,AGNEBY-TIASSA,TIASSALE,FACILITY AT LEVEL 4: TIASSALE
SqqL6a7b2tA,Côte d'Ivoire,CAVALLY,GUIGLO,FACILITY AT LEVEL 4: GUIGLO
sqRXIm3ZRAD,Côte d'Ivoire,ABIDJAN 1,ANYAMA,FACILITY AT LEVEL 4: ANYAMA
SQTPktns35S,Côte d'Ivoire,NAWA,SOUBRE,FACILITY AT LEVEL 4: SOUBRE
Sr2fIwM4HAq,Côte d'Ivoire,N'ZI,DIMBOKRO,FACILITY AT LEVEL 4: DIMBOKRO
srBycbBSULq,Côte d'Ivoire,AGNEBY-TIASSA,TIASSALE,FACILITY AT LEVEL 4: TIASSALE
SrlM7ASMDFF,Côte d'Ivoire,ME,ALEPE,FACILITY AT LEVEL 4: ALEPE
srY0AxIpIVk,Côte d'Ivoire,TONKPI,DANANE,FACILITY AT LEVEL 4: DANANE
SrycKAAnHxp,Côte d'Ivoire,ABIDJAN 1,YOPOUGON-EST,FACILITY AT LEVEL 4: YOPOUGON-EST
ssiDKBAQl14,Côte d'Ivoire,PORO,KORHOGO 1,FACILITY AT LEVEL 4: KORHOGO 1
SSm0v9lZnh8,Côte d'Ivoire,GBEKE,BEOUMI,FACILITY AT LEVEL 4: BEOUMI
SsRIE10f1Ri,Côte d'Ivoire,INDENIE-DUABLIN,BETTIE,FACILITY AT LEVEL 4: BETTIE
SsUw2anv34E,Côte d'Ivoire,SUD-COMOE,GRAND-BASSAM,FACILITY AT LEVEL 4: GRAND-BASSAM
SSXpxYhQsqQ,Côte d'Ivoire,TONKPI,BIANKOUMA,FACILITY AT LEVEL 4: BIANKOUMA
SttgPxp0UuS,Côte d'Ivoire,LÔH-DJIBOUA,DIVO,FACILITY AT LEVEL 4: DIVO
StuE62IP8UR,Côte d'Ivoire,BELIER,YAMOUSSOUKRO,FACILITY AT LEVEL 4: YAMOUSSOUKRO
SUb63WbnG7h,Côte d'Ivoire,BAGOUE,KOUTO,FACILITY AT LEVEL 4: KOUTO
SUQ79lxHpDv,Côte d'Ivoire,NAWA,MEAGUI,FACILITY AT LEVEL 4: MEAGUI
sv85qmgCXyv,Côte d'Ivoire,ABIDJAN 2,COCODY BINGERVILLE,FACILITY AT LEVEL 4: COCODY BINGERVILLE
SvadRExYvpx,Côte d'Ivoire,SAN PEDRO,SAN-PEDRO,FACILITY AT LEVEL 4: SAN-PEDRO
sVi9Z19rKHj,Côte d'Ivoire,GBEKE,BOUAKE-SUD,FACILITY AT LEVEL 4: BOUAKE-SUD
SVT9bPZYGIP,Côte d'Ivoire,GÔH,GAGNOA 2,FACILITY AT LEVEL 4: GAGNOA 2
sw9k3FkcfSX,Côte d'Ivoire,ABIDJAN 2,COCODY BINGERVILLE,FACILITY AT LEVEL 4: COCODY BINGERVILLE
Sw9P7yocbIE,Côte d'Ivoire,PORO,KORHOGO 1,FACILITY AT LEVEL 4: KORHOGO 1
SwawlQyw1Jr,Côte d'Ivoire,LÔH-DJIBOUA,DIVO,FACILITY AT LEVEL 4: DIVO
swcD9FvQp4j,Côte d'Ivoire,HAUT SASSANDRA,VAVOUA,FACILITY AT LEVEL 4: VAVOUA
sWJnnEz3q2x,Côte d'Ivoire,ABIDJAN 1,ANYAMA,FACILITY AT LEVEL 4: ANYAMA
sWJQmxeSKmM,Côte d'Ivoire,INDENIE-DUABLIN,ABENGOUROU,FACILITY AT LEVEL 4: ABENGOUROU
sWjrdaLOoak,Côte d'Ivoire,ABIDJAN 2,TREICHVILLE-MARCORY,FACILITY AT LEVEL 4: TREICHVILLE-MARCORY
sWQ2zpzI5gt,Côte d'Ivoire,BELIER,TIEBISSOU,FACILITY AT LEVEL 4: TIEBISSOU
SWrAqX5cL7t,Côte d'Ivoire,ABIDJAN 2,ADJAME-PLATEAU-ATTECOUBE,FACILITY AT LEVEL 4: ADJAME-PLATEAU-ATTECOUBE
sWZc9LfyOVb,Côte d'Ivoire,GONTOUGO,TANDA,FACILITY AT LEVEL 4: TANDA
sx1q4RAWv3H,Côte d'Ivoire,GÔH,GAGNOA 2,FACILITY AT LEVEL 4: GAGNOA 2
sX5KLZH61Bm,Côte d'Ivoire,MARAHOUE,BOUAFLE,FACILITY AT LEVEL 4: BOUAFLE
sXfwQOafasy,Côte d'Ivoire,LÔH-DJIBOUA,DIVO,FACILITY AT LEVEL 4: DIVO
SxMelMOT1ZI,Côte d'Ivoire,GBEKE,BOUAKE NORD-EST,FACILITY AT LEVEL 4: BOUAKE NORD-EST
Sxn4UckquR9,Côte d'Ivoire,INDENIE-DUABLIN,ABENGOUROU,FACILITY AT LEVEL 4: ABENGOUROU
SxrME3D8E0L,Côte d'Ivoire,MARAHOUE,BOUAFLE,FACILITY AT LEVEL 4: BOUAFLE
SxVc2y8PcxV,Côte d'Ivoire,GBEKE,BEOUMI,FACILITY AT LEVEL 4: BEOUMI
SXWM1Q8m1GN,Côte d'Ivoire,BELIER,DIDIEVI,FACILITY AT LEVEL 4: DIDIEVI
sxxLdV0QTML,Côte d'Ivoire,ABIDJAN 1,YOPOUGON-OUEST SONGON,FACILITY AT LEVEL 4: YOPOUGON-OUEST SONGON
sXZDTI7A8V8,Côte d'Ivoire,GUEMON,KOUIBLY,FACILITY AT LEVEL 4: KOUIBLY
syDzCfKOGBE,Côte d'Ivoire,ME,ADZOPE,FACILITY AT LEVEL 4: ADZOPE
sYkTToEujPF,Côte d'Ivoire,TCHOLOGO,FERKESSEDOUGOU,FACILITY AT LEVEL 4: FERKESSEDOUGOU
SYQogTIqyvI,Côte d'Ivoire,HAUT SASSANDRA,ISSIA,FACILITY AT LEVEL 4: ISSIA
syXNwTNhT7P,Côte d'Ivoire,ABIDJAN 2,COCODY BINGERVILLE,FACILITY AT LEVEL 4: COCODY BINGERVILLE
sz31bqLUP8N,Côte d'Ivoire,HAUT SASSANDRA,DALOA,FACILITY AT LEVEL 4: DALOA
SZA2xr3mtXX,Côte d'Ivoire,ABIDJAN 2,TREICHVILLE-MARCORY,FACILITY AT LEVEL 4: TREICHVILLE-MARCORY
sZevo7lN0IZ,Côte d'Ivoire,PORO,KORHOGO 1,FACILITY AT LEVEL 4: KORHOGO 1
sZFN54tggLF,Côte d'Ivoire,PORO,KORHOGO 2,FACILITY AT LEVEL 4: KORHOGO 2
szjf2SK42nL,Côte d'Ivoire,WORODOUGOU,KANI,FACILITY AT LEVEL 4: KANI
sZjqe376Gep,Côte d'Ivoire,GRANDS PONTS,GRAND-LAHOU,FACILITY AT LEVEL 4: GRAND-LAHOU
sZJtRKtOgnJ,Côte d'Ivoire,TCHOLOGO,FERKESSEDOUGOU,FACILITY AT LEVEL 4: FERKESSEDOUGOU
SzrwuMQLnJR,Côte d'Ivoire,ME,ADZOPE,FACILITY AT LEVEL 4: ADZOPE
sZtDiRPeUYj,Côte d'Ivoire,BELIER,TOUMODI,FACILITY AT LEVEL 4: TOUMODI
sZtV68WjwpG,Côte d'Ivoire,ABIDJAN 2,KOUMASSI,FACILITY AT LEVEL 4: KOUMASSI
SzwUPuKcZYK,Côte d'Ivoire,GÔH,GAGNOA 1,FACILITY AT LEVEL 4: GAGNOA 1
SzwvEs9IwAb,Côte d'Ivoire,TCHOLOGO,OUANGOLODOUGOU,FACILITY AT LEVEL 4: OUANGOLODOUGOU
SzZZCMKE6bR,Côte d'Ivoire,ABIDJAN 1,YOPOUGON-OUEST SONGON,FACILITY AT LEVEL 4: YOPOUGON-OUEST SONGON
T00ogLw26zJ,Côte d'Ivoire,GUEMON,BANGOLO,FACILITY AT LEVEL 4: BANGOLO
T05ZfxCpWml,Côte d'Ivoire,ABIDJAN 2,TREICHVILLE-MARCORY,FACILITY AT LEVEL 4: TREICHVILLE-MARCORY
T0CJY0T0doC,Côte d'Ivoire,NAWA,BUYO,FACILITY AT LEVEL 4: BUYO
T0DGSW0DP3B,Côte d'Ivoire,INDENIE-DUABLIN,ABENGOUROU,FACILITY AT LEVEL 4: ABENGOUROU
t0zZ6S8DeZB,Côte d'Ivoire,IFFOU,PRIKRO,FACILITY AT LEVEL 4: PRIKRO
t1MFxLm43vC,Côte d'Ivoire,HAUT SASSANDRA,ZOUKOUGBEU,FACILITY AT LEVEL 4: ZOUKOUGBEU
t2cXwIMNfN6,Côte d'Ivoire,TCHOLOGO,OUANGOLODOUGOU,FACILITY AT LEVEL 4: OUANGOLODOUGOU
T2SctWxgdU3,Côte d'Ivoire,ABIDJAN 2,COCODY BINGERVILLE,FACILITY AT LEVEL 4: COCODY BINGERVILLE
t2YFCWNaAtx,Côte d'Ivoire,BELIER,TIEBISSOU,FACILITY AT LEVEL 4: TIEBISSOU
t37BpImJzB4,Côte d'Ivoire,LÔH-DJIBOUA,LAKOTA,FACILITY AT LEVEL 4: LAKOTA
t3a8Jgy1c9R,Côte d'Ivoire,BOUNKANI,BOUNA,FACILITY AT LEVEL 4: BOUNA
T3wZvkH6nj6,Côte d'Ivoire,BERE,KOUNAHIRI,FACILITY AT LEVEL 4: KOUNAHIRI
t3ZBEjKR5Fe,Côte d'Ivoire,BELIER,TIEBISSOU,FACILITY AT LEVEL 4: TIEBISSOU
t40pWlXlLX9,Côte d'Ivoire,GÔH,GAGNOA 2,FACILITY AT LEVEL 4: GAGNOA 2
t4xNpQTV1sg,Côte d'Ivoire,ABIDJAN 1,ANYAMA,FACILITY AT LEVEL 4: ANYAMA
t5OYn8b8EOk,Côte d'Ivoire,SUD-COMOE,ADIAKE,FACILITY AT LEVEL 4: ADIAKE
t6HEdvLUqhI,Côte d'Ivoire,ABIDJAN 1,ANYAMA,FACILITY AT LEVEL 4: ANYAMA
t6zybwiIPtb,Côte d'Ivoire,SUD-COMOE,ABOISSO,FACILITY AT LEVEL 4: ABOISSO
t8By0wZDAEs,Côte d'Ivoire,SAN PEDRO,SAN-PEDRO,FACILITY AT LEVEL 4: SAN-PEDRO
T8dxbX2PRJZ,Côte d'Ivoire,GONTOUGO,TANDA,FACILITY AT LEVEL 4: TANDA
t8FylEz1hCS,Côte d'Ivoire,PORO,KORHOGO 2,FACILITY AT LEVEL 4: KORHOGO 2
t8LGdSM0ns4,Côte d'Ivoire,ABIDJAN 2,COCODY BINGERVILLE,FACILITY AT LEVEL 4: COCODY BINGERVILLE
T8oHya7W7PP,Côte d'Ivoire,BELIER,YAMOUSSOUKRO,FACILITY AT LEVEL 4: YAMOUSSOUKRO
T96WRiSvhaU,Côte d'Ivoire,GBEKE,BOUAKE NORD-OUEST,FACILITY AT LEVEL 4: BOUAKE NORD-OUEST
t9knpWhinRc,Côte d'Ivoire,BELIER,YAMOUSSOUKRO,FACILITY AT LEVEL 4: YAMOUSSOUKRO
T9kp3DLvP4W,Côte d'Ivoire,ABIDJAN 2,ADJAME-PLATEAU-ATTECOUBE,FACILITY AT LEVEL 4: ADJAME-PLATEAU-ATTECOUBE
T9YedgmDMm5,Côte d'Ivoire,ABIDJAN 2,ADJAME-PLATEAU-ATTECOUBE,FACILITY AT LEVEL 4: ADJAME-PLATEAU-ATTECOUBE
TA3gJFkRdFo,Côte d'Ivoire,HAUT SASSANDRA,VAVOUA,FACILITY AT LEVEL 4: VAVOUA
TAB1ghnZRfd,Côte d'Ivoire,ABIDJAN 1,YOPOUGON-EST,FACILITY AT LEVEL 4: YOPOUGON-EST
tABzAmJe44u,Côte d'Ivoire,BERE,KOUNAHIRI,FACILITY AT LEVEL 4: KOUNAHIRI
tADhM2tU3kl,Côte d'Ivoire,MARAHOUE,BOUAFLE,FACILITY AT LEVEL 4: BOUAFLE
tAjzJmzmwK3,Côte d'Ivoire,TONKPI,ZOUAN-HOUNIEN,FACILITY AT LEVEL 4: ZOUAN-HOUNIEN
TaLIhbdFuQz,Côte d'Ivoire,ABIDJAN 2,COCODY BINGERVILLE,FACILITY AT LEVEL 4: COCODY BINGERVILLE
TaQ7kfd2hQs,Côte d'Ivoire,NAWA,SOUBRE,FACILITY AT LEVEL 4: SOUBRE
taY1S1zmTQw,Côte d'Ivoire,ME,AKOUPE,FACILITY AT LEVEL 4: AKOUPE
TbbjHIxGtTb,Côte d'Ivoire,SAN PEDRO,SAN-PEDRO,FACILITY AT LEVEL 4: SAN-PEDRO
tblsKaWX5Sm,Côte d'Ivoire,INDENIE-DUABLIN,ABENGOUROU,FACILITY AT LEVEL 4: ABENGOUROU
Tby6SvmBySY,Côte d'Ivoire,GUEMON,DUEKOUE,FACILITY AT LEVEL 4: DUEKOUE
tBZtbB7hx47,Côte d'Ivoire,BELIER,YAMOUSSOUKRO,FACILITY AT LEVEL 4: YAMOUSSOUKRO
tc4uqRI7N2g,Côte d'Ivoire,BAFING,TOUBA,FACILITY AT LEVEL 4: TOUBA
tcj9SoEUj9y,Côte d'Ivoire,ABIDJAN 1,YOPOUGON-OUEST SONGON,FACILITY AT LEVEL 4: YOPOUGON-OUEST SONGON
tcJvK3MDFpA,Côte d'Ivoire,HAUT SASSANDRA,ZOUKOUGBEU,FACILITY AT LEVEL 4: ZOUKOUGBEU
tCKAurGbpq0,Côte d'Ivoire,AGNEBY-TIASSA,TIASSALE,FACILITY AT LEVEL 4: TIASSALE
TCOf9fgPadY,Côte d'Ivoire,TONKPI,MAN,FACILITY AT LEVEL 4: MAN
TcQ6elHuhF4,Côte d'Ivoire,GÔH,OUME,FACILITY AT LEVEL 4: OUME
TCvUM4ct1Aj,Côte d'Ivoire,ABIDJAN 2,PORT-BOUET-VRIDI,FACILITY AT LEVEL 4: PORT-BOUET-VRIDI
TdoNdBa6i4A,Côte d'Ivoire,NAWA,BUYO,FACILITY AT LEVEL 4: BUYO
tdq7TvixUzk,Côte d'Ivoire,KABADOUGOU,MADINANI,FACILITY AT LEVEL 4: MADINANI
tdXFMATR7Xu,Côte d'Ivoire,NAWA,SOUBRE,FACILITY AT LEVEL 4: SOUBRE
TE0SdiUhYTa,Côte d'Ivoire,ABIDJAN 1,YOPOUGON-OUEST SONGON,FACILITY AT LEVEL 4: YOPOUGON-OUEST SONGON
tE9JnSnV9ld,Côte d'Ivoire,ABIDJAN 2,COCODY BINGERVILLE,FACILITY AT LEVEL 4: COCODY BINGERVILLE
TEC5cW89iRa,Côte d'Ivoire,ABIDJAN 2,ADJAME-PLATEAU-ATTECOUBE,FACILITY AT LEVEL 4: ADJAME-PLATEAU-ATTECOUBE
TeclkKWZ29A,Côte d'Ivoire,ABIDJAN 2,PORT-BOUET-VRIDI,FACILITY AT LEVEL 4: PORT-BOUET-VRIDI
tEnFVk1BBEv,Côte d'Ivoire,GRANDS PONTS,DABOU,FACILITY AT LEVEL 4: DABOU
tEnHQCXABkG,Côte d'Ivoire,SUD-COMOE,GRAND-BASSAM,FACILITY AT LEVEL 4: GRAND-BASSAM
tePTZNauNtp,Côte d'Ivoire,GRANDS PONTS,JACQUEVILLE,FACILITY AT LEVEL 4: JACQUEVILLE
teRtPCqDgE6,Côte d'Ivoire,HAUT SASSANDRA,VAVOUA,FACILITY AT LEVEL 4: VAVOUA
tF9sVDQ3v7n,Côte d'Ivoire,NAWA,SOUBRE,FACILITY AT LEVEL 4: SOUBRE
tFnapZ55Kgl,Côte d'Ivoire,ABIDJAN 2,COCODY BINGERVILLE,FACILITY AT LEVEL 4: COCODY BINGERVILLE
tfreCWQXBNA,Côte d'Ivoire,ABIDJAN 2,ADJAME-PLATEAU-ATTECOUBE,FACILITY AT LEVEL 4: ADJAME-PLATEAU-ATTECOUBE
tFrOxLMuoX3,Côte d'Ivoire,ABIDJAN 1,YOPOUGON-EST,FACILITY AT LEVEL 4: YOPOUGON-EST
tFSJeNF6qKT,Côte d'Ivoire,INDENIE-DUABLIN,ABENGOUROU,FACILITY AT LEVEL 4: ABENGOUROU
tFvHbTHJgoB,Côte d'Ivoire,GÔH,GAGNOA 2,FACILITY AT LEVEL 4: GAGNOA 2
TFvs004qHpM,Côte d'Ivoire,ABIDJAN 1,YOPOUGON-OUEST SONGON,FACILITY AT LEVEL 4: YOPOUGON-OUEST SONGON
tG08CyWkxVJ,Côte d'Ivoire,GBOKLE,SASSANDRA,FACILITY AT LEVEL 4: SASSANDRA
TG80sobijni,Côte d'Ivoire,LÔH-DJIBOUA,DIVO,FACILITY AT LEVEL 4: DIVO
TG841V5TUjf,Côte d'Ivoire,LÔH-DJIBOUA,DIVO,FACILITY AT LEVEL 4: DIVO
TGcwut79OuV,Côte d'Ivoire,LÔH-DJIBOUA,LAKOTA,FACILITY AT LEVEL 4: LAKOTA
TgeZ5TBh38t,Côte d'Ivoire,ABIDJAN 2,ADJAME-PLATEAU-ATTECOUBE,FACILITY AT LEVEL 4: ADJAME-PLATEAU-ATTECOUBE
TgsSBveFya6,Côte d'Ivoire,INDENIE-DUABLIN,ABENGOUROU,FACILITY AT LEVEL 4: ABENGOUROU
tgtdjZmwqo2,Côte d'Ivoire,BAGOUE,KOUTO,FACILITY AT LEVEL 4: KOUTO
tGw5maoBEKa,Côte d'Ivoire,SUD-COMOE,ADIAKE,FACILITY AT LEVEL 4: ADIAKE
tgZNUU1Kn63,Côte d'Ivoire,LÔH-DJIBOUA,DIVO,FACILITY AT LEVEL 4: DIVO
TH0JytFTWB1,Côte d'Ivoire,FOLON,KANIASSO,FACILITY AT LEVEL 4: KANIASSO
ThD3rj6tvMi,Côte d'Ivoire,GBEKE,BOUAKE NORD-OUEST,FACILITY AT LEVEL 4: BOUAKE NORD-OUEST
ThFWblIv3Xs,Côte d'Ivoire,LÔH-DJIBOUA,LAKOTA,FACILITY AT LEVEL 4: LAKOTA
tHm1GsDYnuz,Côte d'Ivoire,TCHOLOGO,FERKESSEDOUGOU,FACILITY AT LEVEL 4: FERKESSEDOUGOU
tHn4CznxJ68,Côte d'Ivoire,TONKPI,ZOUAN-HOUNIEN,FACILITY AT LEVEL 4: ZOUAN-HOUNIEN
ThQSMOIT9Iw,Côte d'Ivoire,AGNEBY-TIASSA,AGBOVILLE,FACILITY AT LEVEL 4: AGBOVILLE
THtS3pBxvC9,Côte d'Ivoire,TONKPI,DANANE,FACILITY AT LEVEL 4: DANANE
ThyalKpbY0u,Côte d'Ivoire,NAWA,SOUBRE,FACILITY AT LEVEL 4: SOUBRE
THzsq2nYcw9,Côte d'Ivoire,ABIDJAN 2,COCODY BINGERVILLE,FACILITY AT LEVEL 4: COCODY BINGERVILLE
tI1uAMlfuUz,Côte d'Ivoire,BERE,DIANRA,FACILITY AT LEVEL 4: DIANRA
Ti2u39leAyB,Côte d'Ivoire,GÔH,GAGNOA 1,FACILITY AT LEVEL 4: GAGNOA 1
TiAxSIV1WsW,Côte d'Ivoire,ABIDJAN 2,ADJAME-PLATEAU-ATTECOUBE,FACILITY AT LEVEL 4: ADJAME-PLATEAU-ATTECOUBE
TIMdGB8AbUm,Côte d'Ivoire,CAVALLY,GUIGLO,FACILITY AT LEVEL 4: GUIGLO
tiwFczgRiKS,Côte d'Ivoire,HAUT SASSANDRA,ISSIA,FACILITY AT LEVEL 4: ISSIA
TiwP8S8SNZQ,Côte d'Ivoire,SAN PEDRO,SAN-PEDRO,FACILITY AT LEVEL 4: SAN-PEDRO
TiwqHog5Pm9,Côte d'Ivoire,HAMBOL,KATIOLA,FACILITY AT LEVEL 4: KATIOLA
tj62LBuY8T9,Côte d'Ivoire,WORODOUGOU,SEGUELA,FACILITY AT LEVEL 4: SEGUELA
tj6zlzsd5kd,Côte d'Ivoire,GUEMON,DUEKOUE,FACILITY AT LEVEL 4: DUEKOUE
tJ9NWrFQYIn,Côte d'Ivoire,BOUNKANI,DOROPO,FACILITY AT LEVEL 4: DOROPO
tJf2E5dEvtX,Côte d'Ivoire,GUEMON,DUEKOUE,FACILITY AT LEVEL 4: DUEKOUE
TJGlQpCVTBe,Côte d'Ivoire,BELIER,YAMOUSSOUKRO,FACILITY AT LEVEL 4: YAMOUSSOUKRO
tJMhAomHvRB,Côte d'Ivoire,PORO,KORHOGO 2,FACILITY AT LEVEL 4: KORHOGO 2
TJnK2LTl1mI,Côte d'Ivoire,BERE,MANKONO,FACILITY AT LEVEL 4: MANKONO
tJsgNjCb8b2,Côte d'Ivoire,SUD-COMOE,ABOISSO,FACILITY AT LEVEL 4: ABOISSO
Tk0DwBsjaOu,Côte d'Ivoire,GONTOUGO,KOUN-FAO,FACILITY AT LEVEL 4: KOUN-FAO
TK1WrNNwWjA,Côte d'Ivoire,MARAHOUE,SINFRA,FACILITY AT LEVEL 4: SINFRA
tK4pvbzQXom,Côte d'Ivoire,ABIDJAN 1,YOPOUGON-OUEST SONGON,FACILITY AT LEVEL 4: YOPOUGON-OUEST SONGON
TKAYaSq1UgB,Côte d'Ivoire,SUD-COMOE,ABOISSO,FACILITY AT LEVEL 4: ABOISSO
TluyVYBlmEI,Côte d'Ivoire,MARAHOUE,ZUENOULA,FACILITY AT LEVEL 4: ZUENOULA
Tm648BJovO9,Côte d'Ivoire,INDENIE-DUABLIN,ABENGOUROU,FACILITY AT LEVEL 4: ABENGOUROU
tm90emjVcPi,Côte d'Ivoire,KABADOUGOU,ODIENNE,FACILITY AT LEVEL 4: ODIENNE
tMfpHOVxe73,Côte d'Ivoire,HAUT SASSANDRA,DALOA,FACILITY AT LEVEL 4: DALOA
tMItDhNh4ro,Côte d'Ivoire,TONKPI,BIANKOUMA,FACILITY AT LEVEL 4: BIANKOUMA
tMk3Djk2RPh,Côte d'Ivoire,GÔH,GAGNOA 1,FACILITY AT LEVEL 4: GAGNOA 1
tMr3QrpNqyQ,Côte d'Ivoire,ABIDJAN 1,YOPOUGON-OUEST SONGON,FACILITY AT LEVEL 4: YOPOUGON-OUEST SONGON
tmxPSZifesq,Côte d'Ivoire,GBEKE,BOUAKE-SUD,FACILITY AT LEVEL 4: BOUAKE-SUD
tMYc2GYAhgk,Côte d'Ivoire,BELIER,YAMOUSSOUKRO,FACILITY AT LEVEL 4: YAMOUSSOUKRO
TMyRgQFgKi4,Côte d'Ivoire,ABIDJAN 1,ABOBO EST,FACILITY AT LEVEL 4: ABOBO EST
tNNRPq9amd8,Côte d'Ivoire,ABIDJAN 2,TREICHVILLE-MARCORY,FACILITY AT LEVEL 4: TREICHVILLE-MARCORY
tNQw4owjQGF,Côte d'Ivoire,BOUNKANI,BOUNA,FACILITY AT LEVEL 4: BOUNA
TNrbPsHN7SS,Côte d'Ivoire,GÔH,GAGNOA 2,FACILITY AT LEVEL 4: GAGNOA 2
To2z1rBQsfd,Côte d'Ivoire,BOUNKANI,BOUNA,FACILITY AT LEVEL 4: BOUNA
tOApd6i1Bez,Côte d'Ivoire,MARAHOUE,ZUENOULA,FACILITY AT LEVEL 4: ZUENOULA
ToET19Pkr9E,Côte d'Ivoire,WORODOUGOU,SEGUELA,FACILITY AT LEVEL 4: SEGUELA
toKING1lhR4,Côte d'Ivoire,TONKPI,DANANE,FACILITY AT LEVEL 4: DANANE
topksJogmVo,Côte d'Ivoire,BOUNKANI,DOROPO,FACILITY AT LEVEL 4: DOROPO
TOQP5dsGHqU,Côte d'Ivoire,GUEMON,DUEKOUE,FACILITY AT LEVEL 4: DUEKOUE
tOSpBijyuSP,Côte d'Ivoire,HAUT SASSANDRA,VAVOUA,FACILITY AT LEVEL 4: VAVOUA
Tp1KANrrTOJ,Côte d'Ivoire,CAVALLY,GUIGLO,FACILITY AT LEVEL 4: GUIGLO
tpeEG9eMRs5,Côte d'Ivoire,GBOKLE,SASSANDRA,FACILITY AT LEVEL 4: SASSANDRA
tPEwONuAeAc,Côte d'Ivoire,BELIER,YAMOUSSOUKRO,FACILITY AT LEVEL 4: YAMOUSSOUKRO
TpmPAwLDcLa,Côte d'Ivoire,ABIDJAN 2,COCODY BINGERVILLE,FACILITY AT LEVEL 4: COCODY BINGERVILLE
TpnA3BzQeSE,Côte d'Ivoire,LÔH-DJIBOUA,DIVO,FACILITY AT LEVEL 4: DIVO
TpqDscbLmkO,Côte d'Ivoire,GUEMON,DUEKOUE,FACILITY AT LEVEL 4: DUEKOUE
TQ45TWWIH3t,Côte d'Ivoire,ABIDJAN 1,YOPOUGON-OUEST SONGON,FACILITY AT LEVEL 4: YOPOUGON-OUEST SONGON
tQi5clIa7pc,Côte d'Ivoire,ABIDJAN 2,TREICHVILLE-MARCORY,FACILITY AT LEVEL 4: TREICHVILLE-MARCORY
tqO4HYGdW6x,Côte d'Ivoire,ABIDJAN 2,COCODY BINGERVILLE,FACILITY AT LEVEL 4: COCODY BINGERVILLE
tqo5jCbfdD8,Côte d'Ivoire,PORO,SINEMATIALI,FACILITY AT LEVEL 4: SINEMATIALI
tQq38H69XXS,Côte d'Ivoire,CAVALLY,BLOLEQUIN,FACILITY AT LEVEL 4: BLOLEQUIN
tqs6r11O0Bc,Côte d'Ivoire,GBOKLE,SASSANDRA,FACILITY AT LEVEL 4: SASSANDRA
tqWQn0wU9l4,Côte d'Ivoire,ABIDJAN 2,PORT-BOUET-VRIDI,FACILITY AT LEVEL 4: PORT-BOUET-VRIDI
tqzInCeS8QJ,Côte d'Ivoire,GÔH,GAGNOA 1,FACILITY AT LEVEL 4: GAGNOA 1
Tr6UmlJiq41,Côte d'Ivoire,GRANDS PONTS,JACQUEVILLE,FACILITY AT LEVEL 4: JACQUEVILLE
tr6xAmM5L0e,Côte d'Ivoire,BAFING,KORO,FACILITY AT LEVEL 4: KORO
tr7lSKvLsL0,Côte d'Ivoire,PORO,KORHOGO 2,FACILITY AT LEVEL 4: KORHOGO 2
TRLDKmYkZTR,Côte d'Ivoire,LÔH-DJIBOUA,DIVO,FACILITY AT LEVEL 4: DIVO
tRuRgsBkMBC,Côte d'Ivoire,LÔH-DJIBOUA,GUITRY,FACILITY AT LEVEL 4: GUITRY
TRVPvsrSa90,Côte d'Ivoire,NAWA,SOUBRE,FACILITY AT LEVEL 4: SOUBRE
ts1QGabzcYw,Côte d'Ivoire,BERE,KOUNAHIRI,FACILITY AT LEVEL 4: KOUNAHIRI
tS2gQPt37NE,Côte d'Ivoire,KABADOUGOU,ODIENNE,FACILITY AT LEVEL 4: ODIENNE
TSADPBElYzi,Côte d'Ivoire,BELIER,TOUMODI,FACILITY AT LEVEL 4: TOUMODI
TsglzO6wCoE,Côte d'Ivoire,INDENIE-DUABLIN,BETTIE,FACILITY AT LEVEL 4: BETTIE
tsGOroGbAnf,Côte d'Ivoire,INDENIE-DUABLIN,ABENGOUROU,FACILITY AT LEVEL 4: ABENGOUROU
tSGRiTiPmOb,Côte d'Ivoire,INDENIE-DUABLIN,AGNIBILEKROU,FACILITY AT LEVEL 4: AGNIBILEKROU
Tsjdn634KGn,Côte d'Ivoire,ABIDJAN 2,COCODY BINGERVILLE,FACILITY AT LEVEL 4: COCODY BINGERVILLE
TSMmkUDHWhG,Côte d'Ivoire,N'ZI,DIMBOKRO,FACILITY AT LEVEL 4: DIMBOKRO
TsS7lrq8T4E,Côte d'Ivoire,ME,ADZOPE,FACILITY AT LEVEL 4: ADZOPE
TsvL0rFah5i,Côte d'Ivoire,MARAHOUE,ZUENOULA,FACILITY AT LEVEL 4: ZUENOULA
tTEgvo9RQTE,Côte d'Ivoire,PORO,DIKODOUGOU,FACILITY AT LEVEL 4: DIKODOUGOU
TU6LmlPJV1A,Côte d'Ivoire,GONTOUGO,KOUN-FAO,FACILITY AT LEVEL 4: KOUN-FAO
TU8nXAahESN,Côte d'Ivoire,ABIDJAN 2,KOUMASSI,FACILITY AT LEVEL 4: KOUMASSI
tUhIo8WWEp6,Côte d'Ivoire,GBEKE,BOUAKE NORD-OUEST,FACILITY AT LEVEL 4: BOUAKE NORD-OUEST
TunPTFo0keR,Côte d'Ivoire,N'ZI,DIMBOKRO,FACILITY AT LEVEL 4: DIMBOKRO
tuOQTWUH1ax,Côte d'Ivoire,AGNEBY-TIASSA,TIASSALE,FACILITY AT LEVEL 4: TIASSALE
tUq8wo2Om4V,Côte d'Ivoire,SAN PEDRO,SAN-PEDRO,FACILITY AT LEVEL 4: SAN-PEDRO
tUuMNDjDvUT,Côte d'Ivoire,NAWA,SOUBRE,FACILITY AT LEVEL 4: SOUBRE
TuUmXovlC0v,Côte d'Ivoire,MARAHOUE,BOUAFLE,FACILITY AT LEVEL 4: BOUAFLE
TV4y3CtOJ3s,Côte d'Ivoire,SAN PEDRO,SAN-PEDRO,FACILITY AT LEVEL 4: SAN-PEDRO
TveoRAM7hSi,Côte d'Ivoire,ABIDJAN 2,COCODY BINGERVILLE,FACILITY AT LEVEL 4: COCODY BINGERVILLE
TVII8EAwRTK,Côte d'Ivoire,PORO,SINEMATIALI,FACILITY AT LEVEL 4: SINEMATIALI
tvLOKo7uaOP,Côte d'Ivoire,GRANDS PONTS,JACQUEVILLE,FACILITY AT LEVEL 4: JACQUEVILLE
tVNVfLo33lW,Côte d'Ivoire,GONTOUGO,TRANSUA,FACILITY AT LEVEL 4: TRANSUA
TvPS2BxFsSC,Côte d'Ivoire,BELIER,TIEBISSOU,FACILITY AT LEVEL 4: TIEBISSOU
TVULMaEbowK,Côte d'Ivoire,GBEKE,BOTRO,FACILITY AT LEVEL 4: BOTRO
tvWOkmmlxM2,Côte d'Ivoire,GRANDS PONTS,DABOU,FACILITY AT LEVEL 4: DABOU
tvYnyJId1WD,Côte d'Ivoire,GONTOUGO,BONDOUKOU,FACILITY AT LEVEL 4: BONDOUKOU
tw1nit11XG5,Côte d'Ivoire,PORO,KORHOGO 1,FACILITY AT LEVEL 4: KORHOGO 1
TWdFaF5MarN,Côte d'Ivoire,INDENIE-DUABLIN,AGNIBILEKROU,FACILITY AT LEVEL 4: AGNIBILEKROU
TWfHeGfGcWP,Côte d'Ivoire,TONKPI,MAN,FACILITY AT LEVEL 4: MAN
twKXygtEm9J,Côte d'Ivoire,ABIDJAN 2,COCODY BINGERVILLE,FACILITY AT LEVEL 4: COCODY BINGERVILLE
TWKYuqVgH7m,Côte d'Ivoire,NAWA,BUYO,FACILITY AT LEVEL 4: BUYO
TwLKcTwMYGy,Côte d'Ivoire,SAN PEDRO,SAN-PEDRO,FACILITY AT LEVEL 4: SAN-PEDRO
tWQFMVoGfmu,Côte d'Ivoire,PORO,KORHOGO 1,FACILITY AT LEVEL 4: KORHOGO 1
tWSCB8p6o3r,Côte d'Ivoire,BAFING,OUANINOU,FACILITY AT LEVEL 4: OUANINOU
Tx1JYLIv3Fj,Côte d'Ivoire,GONTOUGO,KOUN-FAO,FACILITY AT LEVEL 4: KOUN-FAO
TXgeLmTus31,Côte d'Ivoire,ABIDJAN 1,YOPOUGON-EST,FACILITY AT LEVEL 4: YOPOUGON-EST
txHBkKSxe8C,Côte d'Ivoire,HAMBOL,DABAKALA,FACILITY AT LEVEL 4: DABAKALA
TxvZGvbZt2c,Côte d'Ivoire,BOUNKANI,DOROPO,FACILITY AT LEVEL 4: DOROPO
TY1yPBvyMhT,Côte d'Ivoire,GUEMON,DUEKOUE,FACILITY AT LEVEL 4: DUEKOUE
ty3ZObcLJCH,Côte d'Ivoire,ABIDJAN 2,COCODY BINGERVILLE,FACILITY AT LEVEL 4: COCODY BINGERVILLE
tY7y4WrbTX6,Côte d'Ivoire,ABIDJAN 1,YOPOUGON-EST,FACILITY AT LEVEL 4: YOPOUGON-EST
TyE10DGhTZt,Côte d'Ivoire,FOLON,KANIASSO,FACILITY AT LEVEL 4: KANIASSO
TYEiJ6ZIHqW,Côte d'Ivoire,GONTOUGO,BONDOUKOU,FACILITY AT LEVEL 4: BONDOUKOU
TYgzUZx9Z3r,Côte d'Ivoire,SUD-COMOE,TIAPOUM,FACILITY AT LEVEL 4: TIAPOUM
tyJBtAXHLoo,Côte d'Ivoire,GBEKE,SAKASSOU,FACILITY AT LEVEL 4: SAKASSOU
tYM3Q7fGt2t,Côte d'Ivoire,ME,ADZOPE,FACILITY AT LEVEL 4: ADZOPE
tyQJarXmdLc,Côte d'Ivoire,GBEKE,BOUAKE NORD-OUEST,FACILITY AT LEVEL 4: BOUAKE NORD-OUEST
tyw435fDg96,Côte d'Ivoire,GÔH,GAGNOA 1,FACILITY AT LEVEL 4: GAGNOA 1
TzaGNKPDcuZ,Côte d'Ivoire,BELIER,TOUMODI,FACILITY AT LEVEL 4: TOUMODI
TZEWnCuG4nJ,Côte d'Ivoire,GBEKE,BOTRO,FACILITY AT LEVEL 4: BOTRO
TZL0cE2mWVI,Côte d'Ivoire,ABIDJAN 2,ADJAME-PLATEAU-ATTECOUBE,FACILITY AT LEVEL 4: ADJAME-PLATEAU-ATTECOUBE
tzM2SYWNgqg,Côte d'Ivoire,SUD-COMOE,GRAND-BASSAM,FACILITY AT LEVEL 4: GRAND-BASSAM
tzp4nMNsJYP,Côte d'Ivoire,SUD-COMOE,GRAND-BASSAM,FACILITY AT LEVEL 4: GRAND-BASSAM
tZv3bARJ6Xx,Côte d'Ivoire,BERE,KOUNAHIRI,FACILITY AT LEVEL 4: KOUNAHIRI
U04EkFnA2id,Côte d'Ivoire,GBEKE,BOUAKE NORD-EST,FACILITY AT LEVEL 4: BOUAKE NORD-EST
U0QkZ5HLcBh,Côte d'Ivoire,TONKPI,DANANE,FACILITY AT LEVEL 4: DANANE
U0Rwx5aTWEQ,Côte d'Ivoire,BERE,DIANRA,FACILITY AT LEVEL 4: DIANRA
U0uqzA98Ubq,Côte d'Ivoire,NAWA,SOUBRE,FACILITY AT LEVEL 4: SOUBRE
U1HhWLKgPyc,Côte d'Ivoire,ABIDJAN 1,ABOBO EST,FACILITY AT LEVEL 4: ABOBO EST
U1JUTjAgw16,Côte d'Ivoire,TCHOLOGO,OUANGOLODOUGOU,FACILITY AT LEVEL 4: OUANGOLODOUGOU
u1LpzuLP79U,Côte d'Ivoire,KABADOUGOU,MADINANI,FACILITY AT LEVEL 4: MADINANI
U1Y7swBzvRH,Côte d'Ivoire,GUEMON,DUEKOUE,FACILITY AT LEVEL 4: DUEKOUE
u1zgw8xV6sX,Côte d'Ivoire,BAFING,TOUBA,FACILITY AT LEVEL 4: TOUBA
U2fcL8MNu8s,Côte d'Ivoire,AGNEBY-TIASSA,TIASSALE,FACILITY AT LEVEL 4: TIASSALE
u2HkwgeJnN4,Côte d'Ivoire,BAGOUE,BOUNDIALI,FACILITY AT LEVEL 4: BOUNDIALI
u335jxe0ao2,Côte d'Ivoire,GÔH,GAGNOA 1,FACILITY AT LEVEL 4: GAGNOA 1
U3JQycdTmrf,Côte d'Ivoire,ABIDJAN 2,TREICHVILLE-MARCORY,FACILITY AT LEVEL 4: TREICHVILLE-MARCORY
U4lvyiEwooh,Côte d'Ivoire,FOLON,KANIASSO,FACILITY AT LEVEL 4: KANIASSO
u4qfcIAzZrb,Côte d'Ivoire,ABIDJAN 2,COCODY BINGERVILLE,FACILITY AT LEVEL 4: COCODY BINGERVILLE
U4rDX9YlXys,Côte d'Ivoire,KABADOUGOU,MADINANI,FACILITY AT LEVEL 4: MADINANI
u58mZhz1ALy,Côte d'Ivoire,ABIDJAN 1,YOPOUGON-OUEST SONGON,FACILITY AT LEVEL 4: YOPOUGON-OUEST SONGON
u5fdPkBPojq,Côte d'Ivoire,ABIDJAN 1,YOPOUGON-OUEST SONGON,FACILITY AT LEVEL 4: YOPOUGON-OUEST SONGON
u5KQNgeikiR,Côte d'Ivoire,IFFOU,DAOUKRO,FACILITY AT LEVEL 4: DAOUKRO
u5UxFyKlFY2,Côte d'Ivoire,GONTOUGO,BONDOUKOU,FACILITY AT LEVEL 4: BONDOUKOU
u5ygMoS4gFw,Côte d'Ivoire,ABIDJAN 2,PORT-BOUET-VRIDI,FACILITY AT LEVEL 4: PORT-BOUET-VRIDI
U6b21gXvLYa,Côte d'Ivoire,GÔH,GAGNOA 1,FACILITY AT LEVEL 4: GAGNOA 1
u6ZBka0T5wh,Côte d'Ivoire,HAUT SASSANDRA,ISSIA,FACILITY AT LEVEL 4: ISSIA
u7BJCUxztYw,Côte d'Ivoire,HAUT SASSANDRA,ZOUKOUGBEU,FACILITY AT LEVEL 4: ZOUKOUGBEU
U7IvefEO7JV,Côte d'Ivoire,SUD-COMOE,GRAND-BASSAM,FACILITY AT LEVEL 4: GRAND-BASSAM
u7WP90CqSw0,Côte d'Ivoire,ABIDJAN 2,ADJAME-PLATEAU-ATTECOUBE,FACILITY AT LEVEL 4: ADJAME-PLATEAU-ATTECOUBE
u7ZUFJw6cId,Côte d'Ivoire,ABIDJAN 2,TREICHVILLE-MARCORY,FACILITY AT LEVEL 4: TREICHVILLE-MARCORY
U8gw2VESkMh,Côte d'Ivoire,ABIDJAN 1,ABOBO EST,FACILITY AT LEVEL 4: ABOBO EST
u8JTnS25d14,Côte d'Ivoire,GRANDS PONTS,DABOU,FACILITY AT LEVEL 4: DABOU
u8lMFspZ968,Côte d'Ivoire,PORO,KORHOGO 1,FACILITY AT LEVEL 4: KORHOGO 1
u8PjuAqplGy,Côte d'Ivoire,KABADOUGOU,MADINANI,FACILITY AT LEVEL 4: MADINANI
u9oUaeuEJvg,Côte d'Ivoire,GÔH,GAGNOA 1,FACILITY AT LEVEL 4: GAGNOA 1
u9wACZdnnNn,Côte d'Ivoire,HAUT SASSANDRA,VAVOUA,FACILITY AT LEVEL 4: VAVOUA
U9WcLpS27Aa,Côte d'Ivoire,WORODOUGOU,SEGUELA,FACILITY AT LEVEL 4: SEGUELA
u9ZsXt4oCpE,Côte d'Ivoire,NAWA,SOUBRE,FACILITY AT LEVEL 4: SOUBRE
UaKn5BQ08fx,Côte d'Ivoire,MARAHOUE,ZUENOULA,FACILITY AT LEVEL 4: ZUENOULA
UaLmb77kIEs,Côte d'Ivoire,TONKPI,BIANKOUMA,FACILITY AT LEVEL 4: BIANKOUMA
uAmU0nbvA3o,Côte d'Ivoire,AGNEBY-TIASSA,SIKENSI,FACILITY AT LEVEL 4: SIKENSI
UapIjilaGjc,Côte d'Ivoire,ABIDJAN 2,COCODY BINGERVILLE,FACILITY AT LEVEL 4: COCODY BINGERVILLE
Ub2wH3CNEd7,Côte d'Ivoire,GBEKE,BEOUMI,FACILITY AT LEVEL 4: BEOUMI
ub95hxce5AN,Côte d'Ivoire,BAFING,OUANINOU,FACILITY AT LEVEL 4: OUANINOU
UBbSrjhM2l4,Côte d'Ivoire,AGNEBY-TIASSA,TIASSALE,FACILITY AT LEVEL 4: TIASSALE
UBgShK573vu,Côte d'Ivoire,HAUT SASSANDRA,VAVOUA,FACILITY AT LEVEL 4: VAVOUA
uBKLA06Ey0t,Côte d'Ivoire,BELIER,TOUMODI,FACILITY AT LEVEL 4: TOUMODI
uBl0VyuwO4p,Côte d'Ivoire,PORO,KORHOGO 1,FACILITY AT LEVEL 4: KORHOGO 1
ubRdUhPGdE1,Côte d'Ivoire,ABIDJAN 2,COCODY BINGERVILLE,FACILITY AT LEVEL 4: COCODY BINGERVILLE
ubUisS0sH7Y,Côte d'Ivoire,MARAHOUE,ZUENOULA,FACILITY AT LEVEL 4: ZUENOULA
uBVS1RLVpIR,Côte d'Ivoire,ABIDJAN 2,COCODY BINGERVILLE,FACILITY AT LEVEL 4: COCODY BINGERVILLE
UBZ4ww4Re1b,Côte d'Ivoire,GRANDS PONTS,JACQUEVILLE,FACILITY AT LEVEL 4: JACQUEVILLE
Uc0gGJh4WdQ,Côte d'Ivoire,ME,ALEPE,FACILITY AT LEVEL 4: ALEPE
uC8SoUvGjuF,Côte d'Ivoire,INDENIE-DUABLIN,AGNIBILEKROU,FACILITY AT LEVEL 4: AGNIBILEKROU
UCEjSQB7b3h,Côte d'Ivoire,GBOKLE,SASSANDRA,FACILITY AT LEVEL 4: SASSANDRA
UCgjym9Y5PL,Côte d'Ivoire,KABADOUGOU,ODIENNE,FACILITY AT LEVEL 4: ODIENNE
uCgPXAve9O8,Côte d'Ivoire,MORONOU,ARRAH,FACILITY AT LEVEL 4: ARRAH
UCj7SppzG83,Côte d'Ivoire,PORO,KORHOGO 1,FACILITY AT LEVEL 4: KORHOGO 1
uclR4O1hgHm,Côte d'Ivoire,LÔH-DJIBOUA,LAKOTA,FACILITY AT LEVEL 4: LAKOTA
UCLVTHu0hox,Côte d'Ivoire,ABIDJAN 2,COCODY BINGERVILLE,FACILITY AT LEVEL 4: COCODY BINGERVILLE
UCoJZsX7F59,Côte d'Ivoire,ABIDJAN 2,COCODY BINGERVILLE,FACILITY AT LEVEL 4: COCODY BINGERVILLE
UCpFs9Ve8aU,Côte d'Ivoire,NAWA,BUYO,FACILITY AT LEVEL 4: BUYO
Ucvn27dv6BC,Côte d'Ivoire,ABIDJAN 2,COCODY BINGERVILLE,FACILITY AT LEVEL 4: COCODY BINGERVILLE
Ud1c5D3VW8L,Côte d'Ivoire,CAVALLY,GUIGLO,FACILITY AT LEVEL 4: GUIGLO
uD2UxwkzUZe,Côte d'Ivoire,ABIDJAN 2,TREICHVILLE-MARCORY,FACILITY AT LEVEL 4: TREICHVILLE-MARCORY
UdgnuDRXHKa,Côte d'Ivoire,KABADOUGOU,ODIENNE,FACILITY AT LEVEL 4: ODIENNE
udM6JqUcsiM,Côte d'Ivoire,ABIDJAN 2,PORT-BOUET-VRIDI,FACILITY AT LEVEL 4: PORT-BOUET-VRIDI
udNGhVSpflJ,Côte d'Ivoire,AGNEBY-TIASSA,TIASSALE,FACILITY AT LEVEL 4: TIASSALE
UdnjL5aIJvP,Côte d'Ivoire,HAUT SASSANDRA,DALOA,FACILITY AT LEVEL 4: DALOA
UdQE1j7rbS3,Côte d'Ivoire,BAGOUE,TENGRELA,FACILITY AT LEVEL 4: TENGRELA
UdQeIZ9knyI,Côte d'Ivoire,ABIDJAN 1,YOPOUGON-EST,FACILITY AT LEVEL 4: YOPOUGON-EST
UE59KfabGJR,Côte d'Ivoire,ABIDJAN 2,COCODY BINGERVILLE,FACILITY AT LEVEL 4: COCODY BINGERVILLE
UeOctqIWUkP,Côte d'Ivoire,BAGOUE,BOUNDIALI,FACILITY AT LEVEL 4: BOUNDIALI
ueUTpWZE3IC,Côte d'Ivoire,IFFOU,DAOUKRO,FACILITY AT LEVEL 4: DAOUKRO
UF6K94f0zFM,Côte d'Ivoire,ABIDJAN 2,PORT-BOUET-VRIDI,FACILITY AT LEVEL 4: PORT-BOUET-VRIDI
UfDMv13OJCt,Côte d'Ivoire,ABIDJAN 2,PORT-BOUET-VRIDI,FACILITY AT LEVEL 4: PORT-BOUET-VRIDI
ufEHhOGhjYe,Côte d'Ivoire,GUEMON,BANGOLO,FACILITY AT LEVEL 4: BANGOLO
UfmXOgVNIxh,Côte d'Ivoire,ME,ALEPE,FACILITY AT LEVEL 4: ALEPE
uFO5tHtFUcM,Côte d'Ivoire,LÔH-DJIBOUA,DIVO,FACILITY AT LEVEL 4: DIVO
UfV9losMgxx,Côte d'Ivoire,SUD-COMOE,ABOISSO,FACILITY AT LEVEL 4: ABOISSO
Ugke7jbtPOy,Côte d'Ivoire,N'ZI,BOCANDA,FACILITY AT LEVEL 4: BOCANDA
UguBBMsbObg,Côte d'Ivoire,ABIDJAN 1,ABOBO OUEST,FACILITY AT LEVEL 4: ABOBO OUEST
UgZ7AP6L1mh,Côte d'Ivoire,BAGOUE,TENGRELA,FACILITY AT LEVEL 4: TENGRELA
uH6gR3CtE3R,Côte d'Ivoire,HAMBOL,DABAKALA,FACILITY AT LEVEL 4: DABAKALA
Uh72Sc0fKZV,Côte d'Ivoire,ABIDJAN 2,COCODY BINGERVILLE,FACILITY AT LEVEL 4: COCODY BINGERVILLE
uHEk92tXahX,Côte d'Ivoire,ABIDJAN 2,COCODY BINGERVILLE,FACILITY AT LEVEL 4: COCODY BINGERVILLE
UHEVUkfmf5L,Côte d'Ivoire,ABIDJAN 1,ABOBO EST,FACILITY AT LEVEL 4: ABOBO EST
uHjKqHyvG8i,Côte d'Ivoire,ABIDJAN 2,COCODY BINGERVILLE,FACILITY AT LEVEL 4: COCODY BINGERVILLE
UHOQ3hwW7AI,Côte d'Ivoire,BERE,DIANRA,FACILITY AT LEVEL 4: DIANRA
Ui2ZbWdaqQE,Côte d'Ivoire,GÔH,OUME,FACILITY AT LEVEL 4: OUME
ui9xS8lP54D,Côte d'Ivoire,ABIDJAN 1,YOPOUGON-EST,FACILITY AT LEVEL 4: YOPOUGON-EST
uIiuIBInEE4,Côte d'Ivoire,PORO,KORHOGO 1,FACILITY AT LEVEL 4: KORHOGO 1
uiLQhUgOlq5,Côte d'Ivoire,CAVALLY,GUIGLO,FACILITY AT LEVEL 4: GUIGLO
uitVbo06tpi,Côte d'Ivoire,HAUT SASSANDRA,ISSIA,FACILITY AT LEVEL 4: ISSIA
Uj0k3wbdfvc,Côte d'Ivoire,ABIDJAN 2,TREICHVILLE-MARCORY,FACILITY AT LEVEL 4: TREICHVILLE-MARCORY
ujcXJx1wyma,Côte d'Ivoire,PORO,KORHOGO 2,FACILITY AT LEVEL 4: KORHOGO 2
UjdFTwnem0s,Côte d'Ivoire,ME,ALEPE,FACILITY AT LEVEL 4: ALEPE
Uji6Ds4aqnF,Côte d'Ivoire,ABIDJAN 2,COCODY BINGERVILLE,FACILITY AT LEVEL 4: COCODY BINGERVILLE
UJjZPdrqxkp,Côte d'Ivoire,AGNEBY-TIASSA,SIKENSI,FACILITY AT LEVEL 4: SIKENSI
uJkGPpHwfP3,Côte d'Ivoire,SUD-COMOE,GRAND-BASSAM,FACILITY AT LEVEL 4: GRAND-BASSAM
uk6QSfa3EUq,Côte d'Ivoire,GUEMON,KOUIBLY,FACILITY AT LEVEL 4: KOUIBLY
UKDrGV0OsTM,Côte d'Ivoire,GUEMON,DUEKOUE,FACILITY AT LEVEL 4: DUEKOUE
ukJgi8P5Ozz,Côte d'Ivoire,LÔH-DJIBOUA,GUITRY,FACILITY AT LEVEL 4: GUITRY
uKNyTj9O0Oe,Côte d'Ivoire,N'ZI,BOCANDA,FACILITY AT LEVEL 4: BOCANDA
ukvQBoBpWC1,Côte d'Ivoire,HAUT SASSANDRA,VAVOUA,FACILITY AT LEVEL 4: VAVOUA
uL6zylR3jlr,Côte d'Ivoire,ABIDJAN 1,ANYAMA,FACILITY AT LEVEL 4: ANYAMA
ULAUNMsiNs6,Côte d'Ivoire,IFFOU,PRIKRO,FACILITY AT LEVEL 4: PRIKRO
ulDaqfxOLxS,Côte d'Ivoire,LÔH-DJIBOUA,LAKOTA,FACILITY AT LEVEL 4: LAKOTA
ulHTuGou4LR,Côte d'Ivoire,GBEKE,BEOUMI,FACILITY AT LEVEL 4: BEOUMI
ulI6WS7SMcf,Côte d'Ivoire,SUD-COMOE,ABOISSO,FACILITY AT LEVEL 4: ABOISSO
ULnRk3tVu3O,Côte d'Ivoire,MORONOU,BONGOUANOU,FACILITY AT LEVEL 4: BONGOUANOU
ULsug66wkkS,Côte d'Ivoire,KABADOUGOU,ODIENNE,FACILITY AT LEVEL 4: ODIENNE
Ulwamw8vARR,Côte d'Ivoire,TONKPI,MAN,FACILITY AT LEVEL 4: MAN
uLxuEoU2ETc,Côte d'Ivoire,PORO,SINEMATIALI,FACILITY AT LEVEL 4: SINEMATIALI
ulyoJV0q6cJ,Côte d'Ivoire,LÔH-DJIBOUA,LAKOTA,FACILITY AT LEVEL 4: LAKOTA
ulYrdhGl6VQ,Côte d'Ivoire,MARAHOUE,BOUAFLE,FACILITY AT LEVEL 4: BOUAFLE
umDtSJtq07B,Côte d'Ivoire,ME,ADZOPE,FACILITY AT LEVEL 4: ADZOPE
UMgJ65eiOqd,Côte d'Ivoire,IFFOU,DAOUKRO,FACILITY AT LEVEL 4: DAOUKRO
UmJqV09CEWJ,Côte d'Ivoire,ABIDJAN 2,TREICHVILLE-MARCORY,FACILITY AT LEVEL 4: TREICHVILLE-MARCORY
uMmRh1eO5Oi,Côte d'Ivoire,TONKPI,MAN,FACILITY AT LEVEL 4: MAN
UMq2wfDGS6l,Côte d'Ivoire,INDENIE-DUABLIN,AGNIBILEKROU,FACILITY AT LEVEL 4: AGNIBILEKROU
UMR5Y436O0F,Côte d'Ivoire,GÔH,GAGNOA 2,FACILITY AT LEVEL 4: GAGNOA 2
uMSvSoOcHpM,Côte d'Ivoire,TCHOLOGO,KONG,FACILITY AT LEVEL 4: KONG
uMURIhmHCNU,Côte d'Ivoire,ABIDJAN 1,ABOBO EST,FACILITY AT LEVEL 4: ABOBO EST
uniDV5n7I92,Côte d'Ivoire,GBOKLE,SASSANDRA,FACILITY AT LEVEL 4: SASSANDRA
UntbEZeo0nM,Côte d'Ivoire,WORODOUGOU,KANI,FACILITY AT LEVEL 4: KANI
UOOml6adqF3,Côte d'Ivoire,GÔH,GAGNOA 1,FACILITY AT LEVEL 4: GAGNOA 1
UowpDiy4cqO,Côte d'Ivoire,GONTOUGO,TRANSUA,FACILITY AT LEVEL 4: TRANSUA
upFJY0qUvh4,Côte d'Ivoire,ABIDJAN 2,COCODY BINGERVILLE,FACILITY AT LEVEL 4: COCODY BINGERVILLE
upKuGnxhxJA,Côte d'Ivoire,ABIDJAN 2,COCODY BINGERVILLE,FACILITY AT LEVEL 4: COCODY BINGERVILLE
upteAwMwusK,Côte d'Ivoire,PORO,KORHOGO 1,FACILITY AT LEVEL 4: KORHOGO 1
UPTEK1slgAh,Côte d'Ivoire,GONTOUGO,BONDOUKOU,FACILITY AT LEVEL 4: BONDOUKOU
uQ3dalfdWZn,Côte d'Ivoire,AGNEBY-TIASSA,AGBOVILLE,FACILITY AT LEVEL 4: AGBOVILLE
UQAZucrwwmm,Côte d'Ivoire,INDENIE-DUABLIN,AGNIBILEKROU,FACILITY AT LEVEL 4: AGNIBILEKROU
UqCHLYd6ZJW,Côte d'Ivoire,GONTOUGO,KOUN-FAO,FACILITY AT LEVEL 4: KOUN-FAO
uQdUFufJm74,Côte d'Ivoire,KABADOUGOU,ODIENNE,FACILITY AT LEVEL 4: ODIENNE
UQFN0GRVfhY,Côte d'Ivoire,ME,YAKASSE-ATTOBROU,FACILITY AT LEVEL 4: YAKASSE-ATTOBROU
uQhGaLpMMoh,Côte d'Ivoire,BAGOUE,BOUNDIALI,FACILITY AT LEVEL 4: BOUNDIALI
uQqfQWjx5If,Côte d'Ivoire,GUEMON,KOUIBLY,FACILITY AT LEVEL 4: KOUIBLY
uQQsAenwHZG,Côte d'Ivoire,FOLON,MINIGNAN,FACILITY AT LEVEL 4: MINIGNAN
uqu4OZ7QeMW,Côte d'Ivoire,ABIDJAN 2,COCODY BINGERVILLE,FACILITY AT LEVEL 4: COCODY BINGERVILLE
uqx29c77kcI,Côte d'Ivoire,ABIDJAN 1,ABOBO EST,FACILITY AT LEVEL 4: ABOBO EST
uqyrLA6f4Pr,Côte d'Ivoire,TONKPI,ZOUAN-HOUNIEN,FACILITY AT LEVEL 4: ZOUAN-HOUNIEN
Ur0muigzMHo,Côte d'Ivoire,ABIDJAN 2,PORT-BOUET-VRIDI,FACILITY AT LEVEL 4: PORT-BOUET-VRIDI
uRjq4MONX9T,Côte d'Ivoire,ABIDJAN 1,ANYAMA,FACILITY AT LEVEL 4: ANYAMA
uRkeVypjduI,Côte d'Ivoire,AGNEBY-TIASSA,TIASSALE,FACILITY AT LEVEL 4: TIASSALE
uRoqFMK9E1x,Côte d'Ivoire,GUEMON,BANGOLO,FACILITY AT LEVEL 4: BANGOLO
UROUHAfDSMJ,Côte d'Ivoire,PORO,KORHOGO 2,FACILITY AT LEVEL 4: KORHOGO 2
UrzvinLKbfv,Côte d'Ivoire,HAMBOL,DABAKALA,FACILITY AT LEVEL 4: DABAKALA
us0xxLxntBg,Côte d'Ivoire,GBEKE,BOUAKE NORD-OUEST,FACILITY AT LEVEL 4: BOUAKE NORD-OUEST
us7yjPh5iGX,Côte d'Ivoire,ABIDJAN 2,PORT-BOUET-VRIDI,FACILITY AT LEVEL 4: PORT-BOUET-VRIDI
uSdfZnGdrrP,Côte d'Ivoire,GÔH,GAGNOA 1,FACILITY AT LEVEL 4: GAGNOA 1
UsiNAl3Jzcl,Côte d'Ivoire,ABIDJAN 2,COCODY BINGERVILLE,FACILITY AT LEVEL 4: COCODY BINGERVILLE
USJTnOZow1K,Côte d'Ivoire,PORO,KORHOGO 1,FACILITY AT LEVEL 4: KORHOGO 1
uSqXue2NyqD,Côte d'Ivoire,AGNEBY-TIASSA,AGBOVILLE,FACILITY AT LEVEL 4: AGBOVILLE
uswM5xorTS7,Côte d'Ivoire,NAWA,SOUBRE,FACILITY AT LEVEL 4: SOUBRE
uSZ5UxxFa7M,Côte d'Ivoire,ABIDJAN 2,COCODY BINGERVILLE,FACILITY AT LEVEL 4: COCODY BINGERVILLE
uSZzbOgvLTj,Côte d'Ivoire,ABIDJAN 1,ABOBO EST,FACILITY AT LEVEL 4: ABOBO EST
ut6pZJE1b10,Côte d'Ivoire,INDENIE-DUABLIN,AGNIBILEKROU,FACILITY AT LEVEL 4: AGNIBILEKROU
uT8s6B3DZKX,Côte d'Ivoire,ABIDJAN 2,KOUMASSI,FACILITY AT LEVEL 4: KOUMASSI
UtD5MsMyTrK,Côte d'Ivoire,KABADOUGOU,ODIENNE,FACILITY AT LEVEL 4: ODIENNE
uTDgR6jrml3,Côte d'Ivoire,ABIDJAN 1,YOPOUGON-OUEST SONGON,FACILITY AT LEVEL 4: YOPOUGON-OUEST SONGON
UtDSIYVwEND,Côte d'Ivoire,ABIDJAN 2,COCODY BINGERVILLE,FACILITY AT LEVEL 4: COCODY BINGERVILLE
utkF5CZwQ4m,Côte d'Ivoire,AGNEBY-TIASSA,TIASSALE,FACILITY AT LEVEL 4: TIASSALE
utPGnJiZGLE,Côte d'Ivoire,ABIDJAN 2,COCODY BINGERVILLE,FACILITY AT LEVEL 4: COCODY BINGERVILLE
uTVV472Ctpz,Côte d'Ivoire,KABADOUGOU,MADINANI,FACILITY AT LEVEL 4: MADINANI
uUB1kNn43tc,Côte d'Ivoire,ABIDJAN 2,COCODY BINGERVILLE,FACILITY AT LEVEL 4: COCODY BINGERVILLE
uuIl8JqlsaW,Côte d'Ivoire,GRANDS PONTS,DABOU,FACILITY AT LEVEL 4: DABOU
uUK3LeeI2JI,Côte d'Ivoire,MARAHOUE,SINFRA,FACILITY AT LEVEL 4: SINFRA
uUSZoQB21WW,Côte d'Ivoire,ABIDJAN 2,COCODY BINGERVILLE,FACILITY AT LEVEL 4: COCODY BINGERVILLE
uuuqWJhEpIp,Côte d'Ivoire,PORO,SINEMATIALI,FACILITY AT LEVEL 4: SINEMATIALI
UUWwmlKT7LF,Côte d'Ivoire,ME,ALEPE,FACILITY AT LEVEL 4: ALEPE
uVATMgX83Zd,Côte d'Ivoire,KABADOUGOU,MADINANI,FACILITY AT LEVEL 4: MADINANI
uw3nb0fygIx,Côte d'Ivoire,ABIDJAN 2,COCODY BINGERVILLE,FACILITY AT LEVEL 4: COCODY BINGERVILLE
uwybthLhgcy,Côte d'Ivoire,GBEKE,BOUAKE NORD-OUEST,FACILITY AT LEVEL 4: BOUAKE NORD-OUEST
uXfAcKF2L3E,Côte d'Ivoire,NAWA,MEAGUI,FACILITY AT LEVEL 4: MEAGUI
UXhPdIDuqsv,Côte d'Ivoire,ABIDJAN 1,ABOBO OUEST,FACILITY AT LEVEL 4: ABOBO OUEST
UXMQr8fupj6,Côte d'Ivoire,LÔH-DJIBOUA,DIVO,FACILITY AT LEVEL 4: DIVO
uXr25l4RTvw,Côte d'Ivoire,WORODOUGOU,SEGUELA,FACILITY AT LEVEL 4: SEGUELA
UXrAuLSo4Sv,Côte d'Ivoire,ABIDJAN 2,TREICHVILLE-MARCORY,FACILITY AT LEVEL 4: TREICHVILLE-MARCORY
uxrs0jKjMZh,Côte d'Ivoire,FOLON,MINIGNAN,FACILITY AT LEVEL 4: MINIGNAN
uxue9u3FzQ2,Côte d'Ivoire,ABIDJAN 2,TREICHVILLE-MARCORY,FACILITY AT LEVEL 4: TREICHVILLE-MARCORY
UxuUJRl2n0l,Côte d'Ivoire,TONKPI,MAN,FACILITY AT LEVEL 4: MAN
uxWHRgYxZeh,Côte d'Ivoire,GUEMON,DUEKOUE,FACILITY AT LEVEL 4: DUEKOUE
UyAir5MslaS,Côte d'Ivoire,ABIDJAN 1,ABOBO EST,FACILITY AT LEVEL 4: ABOBO EST
UYcpSrv6mYJ,Côte d'Ivoire,CAVALLY,BLOLEQUIN,FACILITY AT LEVEL 4: BLOLEQUIN
UYdZqFEhbDg,Côte d'Ivoire,SUD-COMOE,ABOISSO,FACILITY AT LEVEL 4: ABOISSO
uyH4GBAwqFo,Côte d'Ivoire,PORO,KORHOGO 1,FACILITY AT LEVEL 4: KORHOGO 1
uymjACQV8J7,Côte d'Ivoire,HAUT SASSANDRA,DALOA,FACILITY AT LEVEL 4: DALOA
uyQdDdGn2g9,Côte d'Ivoire,INDENIE-DUABLIN,ABENGOUROU,FACILITY AT LEVEL 4: ABENGOUROU
uyrsMFLVkOB,Côte d'Ivoire,GONTOUGO,TANDA,FACILITY AT LEVEL 4: TANDA
UYunkHvBJXR,Côte d'Ivoire,BERE,MANKONO,FACILITY AT LEVEL 4: MANKONO
UYwlYm8PmUz,Côte d'Ivoire,ABIDJAN 2,COCODY BINGERVILLE,FACILITY AT LEVEL 4: COCODY BINGERVILLE
uYzWo1qIHDk,Côte d'Ivoire,GONTOUGO,BONDOUKOU,FACILITY AT LEVEL 4: BONDOUKOU
UZDFGARGUbi,Côte d'Ivoire,HAUT SASSANDRA,VAVOUA,FACILITY AT LEVEL 4: VAVOUA
uzf88cNoiV6,Côte d'Ivoire,AGNEBY-TIASSA,AGBOVILLE,FACILITY AT LEVEL 4: AGBOVILLE
uzgT5Eu82WO,Côte d'Ivoire,HAUT SASSANDRA,DALOA,FACILITY AT LEVEL 4: DALOA
UZKttAHwQ3O,Côte d'Ivoire,INDENIE-DUABLIN,AGNIBILEKROU,FACILITY AT LEVEL 4: AGNIBILEKROU
uzMLct5EivM,Côte d'Ivoire,ABIDJAN 2,TREICHVILLE-MARCORY,FACILITY AT LEVEL 4: TREICHVILLE-MARCORY
uZsjy6HlgQU,Côte d'Ivoire,ABIDJAN 2,COCODY BINGERVILLE,FACILITY AT LEVEL 4: COCODY BINGERVILLE
uZsR1LdSFJB,Côte d'Ivoire,HAUT SASSANDRA,ISSIA,FACILITY AT LEVEL 4: ISSIA
V09meXsQV80,Côte d'Ivoire,ME,ALEPE,FACILITY AT LEVEL 4: ALEPE
V0D4C9m0etj,Côte d'Ivoire,TONKPI,ZOUAN-HOUNIEN,FACILITY AT LEVEL 4: ZOUAN-HOUNIEN
v0kJSvKprAO,Côte d'Ivoire,LÔH-DJIBOUA,DIVO,FACILITY AT LEVEL 4: DIVO
v0m9yzBb1ls,Côte d'Ivoire,GONTOUGO,BONDOUKOU,FACILITY AT LEVEL 4: BONDOUKOU
V0mxRyW7KdJ,Côte d'Ivoire,MORONOU,M'BATTO,FACILITY AT LEVEL 4: M'BATTO
v1m7SA0NNuH,Côte d'Ivoire,IFFOU,PRIKRO,FACILITY AT LEVEL 4: PRIKRO
V1v67tAA0K3,Côte d'Ivoire,SAN PEDRO,SAN-PEDRO,FACILITY AT LEVEL 4: SAN-PEDRO
v20GQtLPipd,Côte d'Ivoire,ABIDJAN 2,KOUMASSI,FACILITY AT LEVEL 4: KOUMASSI
v28POn9NjQf,Côte d'Ivoire,MARAHOUE,BOUAFLE,FACILITY AT LEVEL 4: BOUAFLE
v2CgIYS9BBq,Côte d'Ivoire,ABIDJAN 2,ADJAME-PLATEAU-ATTECOUBE,FACILITY AT LEVEL 4: ADJAME-PLATEAU-ATTECOUBE
v2FoTjues3L,Côte d'Ivoire,AGNEBY-TIASSA,AGBOVILLE,FACILITY AT LEVEL 4: AGBOVILLE
V377T5btopb,Côte d'Ivoire,HAMBOL,DABAKALA,FACILITY AT LEVEL 4: DABAKALA
V38G1q5B1t8,Côte d'Ivoire,ABIDJAN 2,ADJAME-PLATEAU-ATTECOUBE,FACILITY AT LEVEL 4: ADJAME-PLATEAU-ATTECOUBE
v3h94LXJTk7,Côte d'Ivoire,ABIDJAN 2,COCODY BINGERVILLE,FACILITY AT LEVEL 4: COCODY BINGERVILLE
V3hhGsRuHbW,Côte d'Ivoire,GRANDS PONTS,GRAND-LAHOU,FACILITY AT LEVEL 4: GRAND-LAHOU
v3KQMeS0fbV,Côte d'Ivoire,MORONOU,BONGOUANOU,FACILITY AT LEVEL 4: BONGOUANOU
V3q3EMiUhGB,Côte d'Ivoire,NAWA,GUEYO,FACILITY AT LEVEL 4: GUEYO
V4C7YN2n3Z7,Côte d'Ivoire,ABIDJAN 2,KOUMASSI,FACILITY AT LEVEL 4: KOUMASSI
V4ojQCcaqBp,Côte d'Ivoire,HAMBOL,DABAKALA,FACILITY AT LEVEL 4: DABAKALA
V4ryZDSqFEK,Côte d'Ivoire,SUD-COMOE,ADIAKE,FACILITY AT LEVEL 4: ADIAKE
V5PJCNBvOMI,Côte d'Ivoire,ABIDJAN 1,ABOBO OUEST,FACILITY AT LEVEL 4: ABOBO OUEST
v5zsoAbD1UZ,Côte d'Ivoire,ABIDJAN 2,COCODY BINGERVILLE,FACILITY AT LEVEL 4: COCODY BINGERVILLE
V6S8ZnSnfZl,Côte d'Ivoire,GONTOUGO,TANDA,FACILITY AT LEVEL 4: TANDA
v7e9KpbgmkI,Côte d'Ivoire,FOLON,MINIGNAN,FACILITY AT LEVEL 4: MINIGNAN
v7FqtyLn8to,Côte d'Ivoire,GONTOUGO,BONDOUKOU,FACILITY AT LEVEL 4: BONDOUKOU
V7nzgao1pCE,Côte d'Ivoire,SUD-COMOE,ABOISSO,FACILITY AT LEVEL 4: ABOISSO
V7Oato4o2V5,Côte d'Ivoire,BELIER,YAMOUSSOUKRO,FACILITY AT LEVEL 4: YAMOUSSOUKRO
v7OOl5MQJ9P,Côte d'Ivoire,TCHOLOGO,KONG,FACILITY AT LEVEL 4: KONG
V7Pjg9rw6N0,Côte d'Ivoire,WORODOUGOU,SEGUELA,FACILITY AT LEVEL 4: SEGUELA
V7r7FZmkoNj,Côte d'Ivoire,ME,YAKASSE-ATTOBROU,FACILITY AT LEVEL 4: YAKASSE-ATTOBROU
V7SItxKNIgx,Côte d'Ivoire,TCHOLOGO,KONG,FACILITY AT LEVEL 4: KONG
v7xrKu3GzQ7,Côte d'Ivoire,ABIDJAN 2,COCODY BINGERVILLE,FACILITY AT LEVEL 4: COCODY BINGERVILLE
V7YtOMxbjxQ,Côte d'Ivoire,INDENIE-DUABLIN,ABENGOUROU,FACILITY AT LEVEL 4: ABENGOUROU
v86TtQuSeTc,Côte d'Ivoire,BAGOUE,BOUNDIALI,FACILITY AT LEVEL 4: BOUNDIALI
V8hfgMeoWd3,Côte d'Ivoire,FOLON,KANIASSO,FACILITY AT LEVEL 4: KANIASSO
V8KusxnqYbH,Côte d'Ivoire,NAWA,SOUBRE,FACILITY AT LEVEL 4: SOUBRE
V8l6LnTYrNA,Côte d'Ivoire,ABIDJAN 2,COCODY BINGERVILLE,FACILITY AT LEVEL 4: COCODY BINGERVILLE
v8rQVJLUqz4,Côte d'Ivoire,GBOKLE,SASSANDRA,FACILITY AT LEVEL 4: SASSANDRA
v96wp1gNJde,Côte d'Ivoire,CAVALLY,GUIGLO,FACILITY AT LEVEL 4: GUIGLO
v9daBMxUxHH,Côte d'Ivoire,GBOKLE,SASSANDRA,FACILITY AT LEVEL 4: SASSANDRA
v9g7uVzkaV8,Côte d'Ivoire,LÔH-DJIBOUA,DIVO,FACILITY AT LEVEL 4: DIVO
v9gQHtXA4s5,Côte d'Ivoire,BELIER,YAMOUSSOUKRO,FACILITY AT LEVEL 4: YAMOUSSOUKRO
v9lv6CYT69K,Côte d'Ivoire,GONTOUGO,TRANSUA,FACILITY AT LEVEL 4: TRANSUA
v9olqjLu9Al,Côte d'Ivoire,HAMBOL,KATIOLA,FACILITY AT LEVEL 4: KATIOLA
V9YFwKLG1Tb,Côte d'Ivoire,ABIDJAN 1,YOPOUGON-EST,FACILITY AT LEVEL 4: YOPOUGON-EST
vaEQmXOd0Le,Côte d'Ivoire,TONKPI,MAN,FACILITY AT LEVEL 4: MAN
VAL6bt6qZLW,Côte d'Ivoire,WORODOUGOU,KANI,FACILITY AT LEVEL 4: KANI
VaoXm4lICCc,Côte d'Ivoire,BELIER,YAMOUSSOUKRO,FACILITY AT LEVEL 4: YAMOUSSOUKRO
VarlBGnLjDt,Côte d'Ivoire,AGNEBY-TIASSA,TIASSALE,FACILITY AT LEVEL 4: TIASSALE
VassSilAL7I,Côte d'Ivoire,GBEKE,BOUAKE NORD-OUEST,FACILITY AT LEVEL 4: BOUAKE NORD-OUEST
VAvUYzmqjpN,Côte d'Ivoire,GBEKE,BOUAKE NORD-OUEST,FACILITY AT LEVEL 4: BOUAKE NORD-OUEST
VB2VSpGeIGf,Côte d'Ivoire,SAN PEDRO,SAN-PEDRO,FACILITY AT LEVEL 4: SAN-PEDRO
vbc9y77gd3D,Côte d'Ivoire,CAVALLY,TOULEPLEU,FACILITY AT LEVEL 4: TOULEPLEU
vBe0u2ntm8E,Côte d'Ivoire,MARAHOUE,BOUAFLE,FACILITY AT LEVEL 4: BOUAFLE
VBN5atwxIUu,Côte d'Ivoire,BELIER,TOUMODI,FACILITY AT LEVEL 4: TOUMODI
VbpwW3LqigE,Côte d'Ivoire,CAVALLY,GUIGLO,FACILITY AT LEVEL 4: GUIGLO
vBQzLWajd2g,Côte d'Ivoire,N'ZI,DIMBOKRO,FACILITY AT LEVEL 4: DIMBOKRO
VBsTsEbzGPI,Côte d'Ivoire,HAMBOL,NIAKARAMADOUGOU,FACILITY AT LEVEL 4: NIAKARAMADOUGOU
vbsuZzt4hpV,Côte d'Ivoire,ABIDJAN 1,YOPOUGON-OUEST SONGON,FACILITY AT LEVEL 4: YOPOUGON-OUEST SONGON
vBUBSuFmNST,Côte d'Ivoire,GUEMON,KOUIBLY,FACILITY AT LEVEL 4: KOUIBLY
vBXALSmjbvy,Côte d'Ivoire,KABADOUGOU,ODIENNE,FACILITY AT LEVEL 4: ODIENNE
vbyQ4eEyjbA,Côte d'Ivoire,GRANDS PONTS,DABOU,FACILITY AT LEVEL 4: DABOU
vBZeqBsk4t8,Côte d'Ivoire,PORO,KORHOGO 1,FACILITY AT LEVEL 4: KORHOGO 1
vc30HT4KC9H,Côte d'Ivoire,HAUT SASSANDRA,VAVOUA,FACILITY AT LEVEL 4: VAVOUA
Vc36hi7PkoP,Côte d'Ivoire,ABIDJAN 1,YOPOUGON-EST,FACILITY AT LEVEL 4: YOPOUGON-EST
VC6pxSsxOkE,Côte d'Ivoire,ABIDJAN 2,COCODY BINGERVILLE,FACILITY AT LEVEL 4: COCODY BINGERVILLE
VC76hlMJ8Sn,Côte d'Ivoire,BELIER,YAMOUSSOUKRO,FACILITY AT LEVEL 4: YAMOUSSOUKRO
Vcj6JJPBiSt,Côte d'Ivoire,NAWA,GUEYO,FACILITY AT LEVEL 4: GUEYO
vCNpM1fW28X,Côte d'Ivoire,ABIDJAN 2,TREICHVILLE-MARCORY,FACILITY AT LEVEL 4: TREICHVILLE-MARCORY
vcPtDIrU9d7,Côte d'Ivoire,FOLON,MINIGNAN,FACILITY AT LEVEL 4: MINIGNAN
Vcq8JVz8poZ,Côte d'Ivoire,PORO,M'BENGUE,FACILITY AT LEVEL 4: M'BENGUE
VCUjA71GZ2d,Côte d'Ivoire,MARAHOUE,SINFRA,FACILITY AT LEVEL 4: SINFRA
Vd1VRROd6Yy,Côte d'Ivoire,AGNEBY-TIASSA,AGBOVILLE,FACILITY AT LEVEL 4: AGBOVILLE
vDPEOTLjREA,Côte d'Ivoire,BOUNKANI,BOUNA,FACILITY AT LEVEL 4: BOUNA
vE0Sx9doaLj,Côte d'Ivoire,BELIER,YAMOUSSOUKRO,FACILITY AT LEVEL 4: YAMOUSSOUKRO
vE6c1Y3nYnw,Côte d'Ivoire,ABIDJAN 1,YOPOUGON-OUEST SONGON,FACILITY AT LEVEL 4: YOPOUGON-OUEST SONGON
VEfEyWiXDRm,Côte d'Ivoire,GUEMON,KOUIBLY,FACILITY AT LEVEL 4: KOUIBLY
vEgZzj3dGPe,Côte d'Ivoire,PORO,DIKODOUGOU,FACILITY AT LEVEL 4: DIKODOUGOU
vEkN9LoUdX3,Côte d'Ivoire,ABIDJAN 2,TREICHVILLE-MARCORY,FACILITY AT LEVEL 4: TREICHVILLE-MARCORY
VelvbJZb0zU,Côte d'Ivoire,HAUT SASSANDRA,ZOUKOUGBEU,FACILITY AT LEVEL 4: ZOUKOUGBEU
VfMiAKpB8kr,Côte d'Ivoire,GBEKE,BOUAKE-SUD,FACILITY AT LEVEL 4: BOUAKE-SUD
vFpovY04KHS,Côte d'Ivoire,INDENIE-DUABLIN,ABENGOUROU,FACILITY AT LEVEL 4: ABENGOUROU
VFxJ3MRFtTo,Côte d'Ivoire,ABIDJAN 1,ABOBO EST,FACILITY AT LEVEL 4: ABOBO EST
VfxUdTtVcAL,Côte d'Ivoire,ABIDJAN 1,ABOBO EST,FACILITY AT LEVEL 4: ABOBO EST
vfYblw5LxdL,Côte d'Ivoire,HAMBOL,NIAKARAMADOUGOU,FACILITY AT LEVEL 4: NIAKARAMADOUGOU
vg4p2PPktUP,Côte d'Ivoire,HAMBOL,DABAKALA,FACILITY AT LEVEL 4: DABAKALA
vgN2rqWElLn,Côte d'Ivoire,GONTOUGO,TANDA,FACILITY AT LEVEL 4: TANDA
VgOvDtece3p,Côte d'Ivoire,SAN PEDRO,SAN-PEDRO,FACILITY AT LEVEL 4: SAN-PEDRO
vGQMT3GCEM0,Côte d'Ivoire,BAGOUE,BOUNDIALI,FACILITY AT LEVEL 4: BOUNDIALI
vGV0p4gP5on,Côte d'Ivoire,LÔH-DJIBOUA,DIVO,FACILITY AT LEVEL 4: DIVO
Vh4q503pwra,Côte d'Ivoire,ABIDJAN 2,TREICHVILLE-MARCORY,FACILITY AT LEVEL 4: TREICHVILLE-MARCORY
vH5rOm0P0ut,Côte d'Ivoire,SAN PEDRO,SAN-PEDRO,FACILITY AT LEVEL 4: SAN-PEDRO
vHkm3AJs1fm,Côte d'Ivoire,SUD-COMOE,ADIAKE,FACILITY AT LEVEL 4: ADIAKE
VhnAWBJphc4,Côte d'Ivoire,INDENIE-DUABLIN,AGNIBILEKROU,FACILITY AT LEVEL 4: AGNIBILEKROU
vHxNPlpdGpt,Côte d'Ivoire,GRANDS PONTS,DABOU,FACILITY AT LEVEL 4: DABOU
VievADO9M21,Côte d'Ivoire,GÔH,GAGNOA 2,FACILITY AT LEVEL 4: GAGNOA 2
vIhGAp5N5vW,Côte d'Ivoire,GRANDS PONTS,JACQUEVILLE,FACILITY AT LEVEL 4: JACQUEVILLE
vIIKbfM9kE0,Côte d'Ivoire,GONTOUGO,BONDOUKOU,FACILITY AT LEVEL 4: BONDOUKOU
VImHQqBejjf,Côte d'Ivoire,NAWA,SOUBRE,FACILITY AT LEVEL 4: SOUBRE
VINXmSq6WlM,Côte d'Ivoire,SUD-COMOE,GRAND-BASSAM,FACILITY AT LEVEL 4: GRAND-BASSAM
vIq7IVCU6wk,Côte d'Ivoire,ABIDJAN 1,YOPOUGON-EST,FACILITY AT LEVEL 4: YOPOUGON-EST
VIVevZf6pQ2,Côte d'Ivoire,PORO,SINEMATIALI,FACILITY AT LEVEL 4: SINEMATIALI
vJ5mIf3sMgQ,Côte d'Ivoire,GONTOUGO,TANDA,FACILITY AT LEVEL 4: TANDA
VJ90d5AiL0j,Côte d'Ivoire,ABIDJAN 1,YOPOUGON-OUEST SONGON,FACILITY AT LEVEL 4: YOPOUGON-OUEST SONGON
vjBQNAtngKg,Côte d'Ivoire,ABIDJAN 2,TREICHVILLE-MARCORY,FACILITY AT LEVEL 4: TREICHVILLE-MARCORY
vjc5cCeCJ7C,Côte d'Ivoire,ABIDJAN 2,TREICHVILLE-MARCORY,FACILITY AT LEVEL 4: TREICHVILLE-MARCORY
VJDoPk2c9Mf,Côte d'Ivoire,WORODOUGOU,KANI,FACILITY AT LEVEL 4: KANI
VjNq7affiUz,Côte d'Ivoire,IFFOU,PRIKRO,FACILITY AT LEVEL 4: PRIKRO
vjVkzYeSzpG,Côte d'Ivoire,GRANDS PONTS,JACQUEVILLE,FACILITY AT LEVEL 4: JACQUEVILLE
Vk5xObL82Hb,Côte d'Ivoire,ABIDJAN 2,COCODY BINGERVILLE,FACILITY AT LEVEL 4: COCODY BINGERVILLE
vK66fR698SW,Côte d'Ivoire,ABIDJAN 1,ABOBO EST,FACILITY AT LEVEL 4: ABOBO EST
VkEBjujtKen,Côte d'Ivoire,TONKPI,BIANKOUMA,FACILITY AT LEVEL 4: BIANKOUMA
vkGJSWm1mFH,Côte d'Ivoire,BERE,MANKONO,FACILITY AT LEVEL 4: MANKONO
vkmFz7JMhfw,Côte d'Ivoire,GRANDS PONTS,DABOU,FACILITY AT LEVEL 4: DABOU
VkPhr6tHLbO,Côte d'Ivoire,PORO,KORHOGO 1,FACILITY AT LEVEL 4: KORHOGO 1
VkqppzZLNLL,Côte d'Ivoire,FOLON,KANIASSO,FACILITY AT LEVEL 4: KANIASSO
VKqtxA9D1x1,Côte d'Ivoire,LÔH-DJIBOUA,DIVO,FACILITY AT LEVEL 4: DIVO
vkS4KwKghyc,Côte d'Ivoire,MARAHOUE,BOUAFLE,FACILITY AT LEVEL 4: BOUAFLE
vl0G0QcUk2q,Côte d'Ivoire,NAWA,SOUBRE,FACILITY AT LEVEL 4: SOUBRE
vL5XhSZ05ZE,Côte d'Ivoire,CAVALLY,BLOLEQUIN,FACILITY AT LEVEL 4: BLOLEQUIN
vlCLDcWmgjc,Côte d'Ivoire,MORONOU,ARRAH,FACILITY AT LEVEL 4: ARRAH
VlfXTyi4gsp,Côte d'Ivoire,ABIDJAN 1,ABOBO EST,FACILITY AT LEVEL 4: ABOBO EST
vlh9UgShYdg,Côte d'Ivoire,BOUNKANI,BOUNA,FACILITY AT LEVEL 4: BOUNA
vLHMYIzKb98,Côte d'Ivoire,GÔH,GAGNOA 2,FACILITY AT LEVEL 4: GAGNOA 2
vlkowRy1TAI,Côte d'Ivoire,BAGOUE,TENGRELA,FACILITY AT LEVEL 4: TENGRELA
vLkRhIzRRak,Côte d'Ivoire,ABIDJAN 1,YOPOUGON-OUEST SONGON,FACILITY AT LEVEL 4: YOPOUGON-OUEST SONGON
vlmZCCRuUxh,Côte d'Ivoire,KABADOUGOU,ODIENNE,FACILITY AT LEVEL 4: ODIENNE
VmP7a5p4Zqc,Côte d'Ivoire,GBEKE,BOTRO,FACILITY AT LEVEL 4: BOTRO
vmRJoTiw23W,Côte d'Ivoire,ABIDJAN 1,YOPOUGON-EST,FACILITY AT LEVEL 4: YOPOUGON-EST
Vmsnp5hQl90,Côte d'Ivoire,BOUNKANI,NASSIAN,FACILITY AT LEVEL 4: NASSIAN
vMtnp0qCWTQ,Côte d'Ivoire,SAN PEDRO,SAN-PEDRO,FACILITY AT LEVEL 4: SAN-PEDRO
VNAPHh6SyJJ,Côte d'Ivoire,ABIDJAN 2,COCODY BINGERVILLE,FACILITY AT LEVEL 4: COCODY BINGERVILLE
vNiekb7USFA,Côte d'Ivoire,TONKPI,MAN,FACILITY AT LEVEL 4: MAN
vnp9tZVhrE2,Côte d'Ivoire,GONTOUGO,BONDOUKOU,FACILITY AT LEVEL 4: BONDOUKOU
vntT8vdy3Ww,Côte d'Ivoire,HAUT SASSANDRA,VAVOUA,FACILITY AT LEVEL 4: VAVOUA
VnuFt8agQiq,Côte d'Ivoire,NAWA,BUYO,FACILITY AT LEVEL 4: BUYO
VNwopsb7kn9,Côte d'Ivoire,SAN PEDRO,TABOU,FACILITY AT LEVEL 4: TABOU
vnzwDjsYYNe,Côte d'Ivoire,PORO,DIKODOUGOU,FACILITY AT LEVEL 4: DIKODOUGOU
Vo0l8SzUoOP,Côte d'Ivoire,AGNEBY-TIASSA,AGBOVILLE,FACILITY AT LEVEL 4: AGBOVILLE
Vp4KWSfDiAJ,Côte d'Ivoire,PORO,M'BENGUE,FACILITY AT LEVEL 4: M'BENGUE
VP92GYbmXk1,Côte d'Ivoire,TCHOLOGO,FERKESSEDOUGOU,FACILITY AT LEVEL 4: FERKESSEDOUGOU
vpkxWNbXgXy,Côte d'Ivoire,GONTOUGO,BONDOUKOU,FACILITY AT LEVEL 4: BONDOUKOU
vPmz1XHxrdk,Côte d'Ivoire,GONTOUGO,KOUN-FAO,FACILITY AT LEVEL 4: KOUN-FAO
vpPDQ6CEGyu,Côte d'Ivoire,GONTOUGO,SANDEGUE,FACILITY AT LEVEL 4: SANDEGUE
VPWHSJjpyJj,Côte d'Ivoire,ABIDJAN 2,ADJAME-PLATEAU-ATTECOUBE,FACILITY AT LEVEL 4: ADJAME-PLATEAU-ATTECOUBE
vPYS0PF8x29,Côte d'Ivoire,ABIDJAN 2,COCODY BINGERVILLE,FACILITY AT LEVEL 4: COCODY BINGERVILLE
vQ2TmL9rgCS,Côte d'Ivoire,TONKPI,ZOUAN-HOUNIEN,FACILITY AT LEVEL 4: ZOUAN-HOUNIEN
VQ3bsgV1rc5,Côte d'Ivoire,GONTOUGO,SANDEGUE,FACILITY AT LEVEL 4: SANDEGUE
VQKz6bjkd50,Côte d'Ivoire,SAN PEDRO,SAN-PEDRO,FACILITY AT LEVEL 4: SAN-PEDRO
VQuDFbj1mV4,Côte d'Ivoire,SUD-COMOE,ABOISSO,FACILITY AT LEVEL 4: ABOISSO
vqzLMEA9PHM,Côte d'Ivoire,HAUT SASSANDRA,DALOA,FACILITY AT LEVEL 4: DALOA
VRfcTzGvqld,Côte d'Ivoire,ABIDJAN 2,PORT-BOUET-VRIDI,FACILITY AT LEVEL 4: PORT-BOUET-VRIDI
vRgX0lZGnuo,Côte d'Ivoire,BELIER,DIDIEVI,FACILITY AT LEVEL 4: DIDIEVI
vRMRu0aQ9jT,Côte d'Ivoire,GONTOUGO,BONDOUKOU,FACILITY AT LEVEL 4: BONDOUKOU
vrSr04hB7ED,Côte d'Ivoire,TCHOLOGO,FERKESSEDOUGOU,FACILITY AT LEVEL 4: FERKESSEDOUGOU
VruuGsc1oVh,Côte d'Ivoire,ABIDJAN 2,PORT-BOUET-VRIDI,FACILITY AT LEVEL 4: PORT-BOUET-VRIDI
VS74omZuDxN,Côte d'Ivoire,ME,ADZOPE,FACILITY AT LEVEL 4: ADZOPE
vsbP959ijI2,Côte d'Ivoire,GÔH,GAGNOA 2,FACILITY AT LEVEL 4: GAGNOA 2
VSDIc0g3p33,Côte d'Ivoire,PORO,KORHOGO 2,FACILITY AT LEVEL 4: KORHOGO 2
vsH94z9yzVM,Côte d'Ivoire,CAVALLY,GUIGLO,FACILITY AT LEVEL 4: GUIGLO
VshFFac9uYG,Côte d'Ivoire,HAUT SASSANDRA,VAVOUA,FACILITY AT LEVEL 4: VAVOUA
VSxW6HYSTVl,Côte d'Ivoire,TCHOLOGO,FERKESSEDOUGOU,FACILITY AT LEVEL 4: FERKESSEDOUGOU
Vszj4vZDyUs,Côte d'Ivoire,TONKPI,MAN,FACILITY AT LEVEL 4: MAN
vt0Qgs3TSwf,Côte d'Ivoire,MARAHOUE,BOUAFLE,FACILITY AT LEVEL 4: BOUAFLE
vTbjX1lqHTW,Côte d'Ivoire,ABIDJAN 2,ADJAME-PLATEAU-ATTECOUBE,FACILITY AT LEVEL 4: ADJAME-PLATEAU-ATTECOUBE
VTFUHIKkEKt,Côte d'Ivoire,GBEKE,BOUAKE NORD-OUEST,FACILITY AT LEVEL 4: BOUAKE NORD-OUEST
vtLDTPm8mR8,Côte d'Ivoire,TONKPI,DANANE,FACILITY AT LEVEL 4: DANANE
VtoEPFOavQi,Côte d'Ivoire,ABIDJAN 2,COCODY BINGERVILLE,FACILITY AT LEVEL 4: COCODY BINGERVILLE
VtvntJxy2aP,Côte d'Ivoire,GBEKE,BOUAKE NORD-EST,FACILITY AT LEVEL 4: BOUAKE NORD-EST
vTx4EOyrchY,Côte d'Ivoire,HAUT SASSANDRA,VAVOUA,FACILITY AT LEVEL 4: VAVOUA
VU1Tjizg9Eq,Côte d'Ivoire,AGNEBY-TIASSA,AGBOVILLE,FACILITY AT LEVEL 4: AGBOVILLE
vuHLlPKOsUi,Côte d'Ivoire,ABIDJAN 2,COCODY BINGERVILLE,FACILITY AT LEVEL 4: COCODY BINGERVILLE
Vuk98kkLPSn,Côte d'Ivoire,BELIER,DIDIEVI,FACILITY AT LEVEL 4: DIDIEVI
VuKoJ8XY4rO,Côte d'Ivoire,INDENIE-DUABLIN,AGNIBILEKROU,FACILITY AT LEVEL 4: AGNIBILEKROU
vUSReLNEjX8,Côte d'Ivoire,BAGOUE,TENGRELA,FACILITY AT LEVEL 4: TENGRELA
VUtTrc7utP1,Côte d'Ivoire,BELIER,DIDIEVI,FACILITY AT LEVEL 4: DIDIEVI
vuWtipcge5e,Côte d'Ivoire,BELIER,TOUMODI,FACILITY AT LEVEL 4: TOUMODI
vV7CSgmJwMo,Côte d'Ivoire,BAGOUE,BOUNDIALI,FACILITY AT LEVEL 4: BOUNDIALI
VvempanQXFP,Côte d'Ivoire,BELIER,TOUMODI,FACILITY AT LEVEL 4: TOUMODI
vvGb0U01gOv,Côte d'Ivoire,ABIDJAN 1,YOPOUGON-OUEST SONGON,FACILITY AT LEVEL 4: YOPOUGON-OUEST SONGON
Vw1HSO3o5di,Côte d'Ivoire,BELIER,TOUMODI,FACILITY AT LEVEL 4: TOUMODI
VWCTysWfbpy,Côte d'Ivoire,PORO,KORHOGO 1,FACILITY AT LEVEL 4: KORHOGO 1
VwdFP03ucy2,Côte d'Ivoire,BELIER,TIEBISSOU,FACILITY AT LEVEL 4: TIEBISSOU
vWIwnGvMjcw,Côte d'Ivoire,KABADOUGOU,ODIENNE,FACILITY AT LEVEL 4: ODIENNE
VWJfRi9TVeu,Côte d'Ivoire,SUD-COMOE,ABOISSO,FACILITY AT LEVEL 4: ABOISSO
vwM0e5waa85,Côte d'Ivoire,KABADOUGOU,MADINANI,FACILITY AT LEVEL 4: MADINANI
vwOfkB5Tpfc,Côte d'Ivoire,MORONOU,M'BATTO,FACILITY AT LEVEL 4: M'BATTO
VwOK4c13bDS,Côte d'Ivoire,MARAHOUE,ZUENOULA,FACILITY AT LEVEL 4: ZUENOULA
VwQmJUCHGhp,Côte d'Ivoire,MORONOU,M'BATTO,FACILITY AT LEVEL 4: M'BATTO
vWXhyPAuad6,Côte d'Ivoire,ABIDJAN 2,ADJAME-PLATEAU-ATTECOUBE,FACILITY AT LEVEL 4: ADJAME-PLATEAU-ATTECOUBE
VwYjbGG7Bz8,Côte d'Ivoire,ABIDJAN 2,ADJAME-PLATEAU-ATTECOUBE,FACILITY AT LEVEL 4: ADJAME-PLATEAU-ATTECOUBE
VxaXlMO3o4X,Côte d'Ivoire,ABIDJAN 2,COCODY BINGERVILLE,FACILITY AT LEVEL 4: COCODY BINGERVILLE
VXHhYWYQT4f,Côte d'Ivoire,PORO,KORHOGO 2,FACILITY AT LEVEL 4: KORHOGO 2
VxslYtxm0fv,Côte d'Ivoire,HAUT SASSANDRA,DALOA,FACILITY AT LEVEL 4: DALOA
vXuHPgzMVXa,Côte d'Ivoire,NAWA,GUEYO,FACILITY AT LEVEL 4: GUEYO
VYJA77b9Q7r,Côte d'Ivoire,PORO,M'BENGUE,FACILITY AT LEVEL 4: M'BENGUE
vYkCMt5WbX0,Côte d'Ivoire,GUEMON,DUEKOUE,FACILITY AT LEVEL 4: DUEKOUE
vyOSHNNlu3t,Côte d'Ivoire,INDENIE-DUABLIN,BETTIE,FACILITY AT LEVEL 4: BETTIE
VYoxnjg9wiW,Côte d'Ivoire,BERE,DIANRA,FACILITY AT LEVEL 4: DIANRA
VysM8vs5q7z,Côte d'Ivoire,MARAHOUE,BOUAFLE,FACILITY AT LEVEL 4: BOUAFLE
VYwQVvXceME,Côte d'Ivoire,GÔH,GAGNOA 1,FACILITY AT LEVEL 4: GAGNOA 1
vz6JTv2M04f,Côte d'Ivoire,TONKPI,ZOUAN-HOUNIEN,FACILITY AT LEVEL 4: ZOUAN-HOUNIEN
Vz7RM29OOsG,Côte d'Ivoire,IFFOU,PRIKRO,FACILITY AT LEVEL 4: PRIKRO
vZlpAF0M0vt,Côte d'Ivoire,SUD-COMOE,GRAND-BASSAM,FACILITY AT LEVEL 4: GRAND-BASSAM
VZOzoYaVRlL,Côte d'Ivoire,LÔH-DJIBOUA,LAKOTA,FACILITY AT LEVEL 4: LAKOTA
vZQA8KJPdxx,Côte d'Ivoire,GRANDS PONTS,GRAND-LAHOU,FACILITY AT LEVEL 4: GRAND-LAHOU
VZQiAPpGmc4,Côte d'Ivoire,GBOKLE,FRESCO,FACILITY AT LEVEL 4: FRESCO
W0EntTJZTAC,Côte d'Ivoire,GONTOUGO,KOUN-FAO,FACILITY AT LEVEL 4: KOUN-FAO
w0TScUEFcwk,Côte d'Ivoire,ME,ADZOPE,FACILITY AT LEVEL 4: ADZOPE
w0woO8XTlaW,Côte d'Ivoire,GRANDS PONTS,GRAND-LAHOU,FACILITY AT LEVEL 4: GRAND-LAHOU
w12PJJwhEkK,Côte d'Ivoire,GONTOUGO,BONDOUKOU,FACILITY AT LEVEL 4: BONDOUKOU
w14udQ2GgbU,Côte d'Ivoire,GONTOUGO,SANDEGUE,FACILITY AT LEVEL 4: SANDEGUE
w1c9JPFn5CR,Côte d'Ivoire,ABIDJAN 1,ABOBO OUEST,FACILITY AT LEVEL 4: ABOBO OUEST
w27HtDmcYEZ,Côte d'Ivoire,ABIDJAN 1,ABOBO EST,FACILITY AT LEVEL 4: ABOBO EST
W2T8KfAgliR,Côte d'Ivoire,GRANDS PONTS,GRAND-LAHOU,FACILITY AT LEVEL 4: GRAND-LAHOU
W2w1rZI5kZz,Côte d'Ivoire,MORONOU,BONGOUANOU,FACILITY AT LEVEL 4: BONGOUANOU
w3gDMjMLr32,Côte d'Ivoire,INDENIE-DUABLIN,AGNIBILEKROU,FACILITY AT LEVEL 4: AGNIBILEKROU
w43AtSki36B,Côte d'Ivoire,GBEKE,BEOUMI,FACILITY AT LEVEL 4: BEOUMI
W43B6GUM2Tl,Côte d'Ivoire,GBEKE,SAKASSOU,FACILITY AT LEVEL 4: SAKASSOU
w49gjOzrk5j,Côte d'Ivoire,N'ZI,KOUASSI KOUASSIKRO,FACILITY AT LEVEL 4: KOUASSI KOUASSIKRO
W49R7xMagRD,Côte d'Ivoire,GONTOUGO,BONDOUKOU,FACILITY AT LEVEL 4: BONDOUKOU
w4BRzx78rWn,Côte d'Ivoire,ABIDJAN 1,YOPOUGON-EST,FACILITY AT LEVEL 4: YOPOUGON-EST
w4YlIoOJIkg,Côte d'Ivoire,GBEKE,BOTRO,FACILITY AT LEVEL 4: BOTRO
W51WrPVw6zv,Côte d'Ivoire,ABIDJAN 2,ADJAME-PLATEAU-ATTECOUBE,FACILITY AT LEVEL 4: ADJAME-PLATEAU-ATTECOUBE
W58U2NOn1UX,Côte d'Ivoire,TONKPI,MAN,FACILITY AT LEVEL 4: MAN
w5DbsPH4SSk,Côte d'Ivoire,INDENIE-DUABLIN,ABENGOUROU,FACILITY AT LEVEL 4: ABENGOUROU
w5doVYZH9R4,Côte d'Ivoire,ME,ALEPE,FACILITY AT LEVEL 4: ALEPE
w5eAbH241Dp,Côte d'Ivoire,GBEKE,BOUAKE-SUD,FACILITY AT LEVEL 4: BOUAKE-SUD
w5HLFpjPAVi,Côte d'Ivoire,BAGOUE,BOUNDIALI,FACILITY AT LEVEL 4: BOUNDIALI
W5uwdNcVITg,Côte d'Ivoire,ABIDJAN 1,YOPOUGON-EST,FACILITY AT LEVEL 4: YOPOUGON-EST
W6il9wTkvwu,Côte d'Ivoire,PORO,KORHOGO 1,FACILITY AT LEVEL 4: KORHOGO 1
w6naSlwGh2J,Côte d'Ivoire,GÔH,GAGNOA 2,FACILITY AT LEVEL 4: GAGNOA 2
w6vrng561gB,Côte d'Ivoire,ABIDJAN 2,COCODY BINGERVILLE,FACILITY AT LEVEL 4: COCODY BINGERVILLE
W6WHgzudBLK,Côte d'Ivoire,HAUT SASSANDRA,DALOA,FACILITY AT LEVEL 4: DALOA
w75CXOjdym5,Côte d'Ivoire,ABIDJAN 2,COCODY BINGERVILLE,FACILITY AT LEVEL 4: COCODY BINGERVILLE
W7gDLBAdBbE,Côte d'Ivoire,TONKPI,ZOUAN-HOUNIEN,FACILITY AT LEVEL 4: ZOUAN-HOUNIEN
W7HR0cCgVt6,Côte d'Ivoire,GBEKE,BOTRO,FACILITY AT LEVEL 4: BOTRO
w7HY2lysNo1,Côte d'Ivoire,ABIDJAN 2,COCODY BINGERVILLE,FACILITY AT LEVEL 4: COCODY BINGERVILLE
w7upYJ0Ynqc,Côte d'Ivoire,NAWA,SOUBRE,FACILITY AT LEVEL 4: SOUBRE
w7zPyExdAWn,Côte d'Ivoire,BOUNKANI,NASSIAN,FACILITY AT LEVEL 4: NASSIAN
w85lBgd8Ozk,Côte d'Ivoire,KABADOUGOU,MADINANI,FACILITY AT LEVEL 4: MADINANI
w8JeMzShT3n,Côte d'Ivoire,HAUT SASSANDRA,DALOA,FACILITY AT LEVEL 4: DALOA
w8ojPvnfjFU,Côte d'Ivoire,HAUT SASSANDRA,DALOA,FACILITY AT LEVEL 4: DALOA
w92ah6dK8rd,Côte d'Ivoire,ABIDJAN 2,COCODY BINGERVILLE,FACILITY AT LEVEL 4: COCODY BINGERVILLE
w9grWvUGdHu,Côte d'Ivoire,GONTOUGO,BONDOUKOU,FACILITY AT LEVEL 4: BONDOUKOU
w9Ka5TMJnC1,Côte d'Ivoire,WORODOUGOU,SEGUELA,FACILITY AT LEVEL 4: SEGUELA
W9RHzTyBZDQ,Côte d'Ivoire,HAMBOL,DABAKALA,FACILITY AT LEVEL 4: DABAKALA
W9YGhDZ2FQ2,Côte d'Ivoire,HAUT SASSANDRA,DALOA,FACILITY AT LEVEL 4: DALOA
Wa6t6xbPoMh,Côte d'Ivoire,NAWA,MEAGUI,FACILITY AT LEVEL 4: MEAGUI
WAM62JleVQx,Côte d'Ivoire,GONTOUGO,TANDA,FACILITY AT LEVEL 4: TANDA
WaUis1svMDO,Côte d'Ivoire,GRANDS PONTS,DABOU,FACILITY AT LEVEL 4: DABOU
wBASXdyr6re,Côte d'Ivoire,KABADOUGOU,MADINANI,FACILITY AT LEVEL 4: MADINANI
wbd2RfvEdPO,Côte d'Ivoire,IFFOU,MBAHIAKRO,FACILITY AT LEVEL 4: MBAHIAKRO
wbGjAQcScbh,Côte d'Ivoire,ABIDJAN 1,ABOBO EST,FACILITY AT LEVEL 4: ABOBO EST
WBHoS2ZAOIv,Côte d'Ivoire,GBEKE,BEOUMI,FACILITY AT LEVEL 4: BEOUMI
Wbk6cHV6L2n,Côte d'Ivoire,PORO,M'BENGUE,FACILITY AT LEVEL 4: M'BENGUE
WBKkXqtW4jM,Côte d'Ivoire,N'ZI,KOUASSI KOUASSIKRO,FACILITY AT LEVEL 4: KOUASSI KOUASSIKRO
WbLB35N55WC,Côte d'Ivoire,TONKPI,MAN,FACILITY AT LEVEL 4: MAN
WBo7nt0kp1g,Côte d'Ivoire,TCHOLOGO,KONG,FACILITY AT LEVEL 4: KONG
WBPidqcBN9I,Côte d'Ivoire,SAN PEDRO,TABOU,FACILITY AT LEVEL 4: TABOU
wbPj3BoOg3V,Côte d'Ivoire,ABIDJAN 1,YOPOUGON-OUEST SONGON,FACILITY AT LEVEL 4: YOPOUGON-OUEST SONGON
WbSOPMUSIjq,Côte d'Ivoire,TONKPI,MAN,FACILITY AT LEVEL 4: MAN
WbVAZdvcYJa,Côte d'Ivoire,BERE,MANKONO,FACILITY AT LEVEL 4: MANKONO
WBxXCCk9GKl,Côte d'Ivoire,SUD-COMOE,ABOISSO,FACILITY AT LEVEL 4: ABOISSO
wByywkNKJ26,Côte d'Ivoire,BELIER,TOUMODI,FACILITY AT LEVEL 4: TOUMODI
wc3V4xFj2MO,Côte d'Ivoire,GÔH,OUME,FACILITY AT LEVEL 4: OUME
Wc4vEGMjCjY,Côte d'Ivoire,NAWA,SOUBRE,FACILITY AT LEVEL 4: SOUBRE
Wc6VxQoCeyl,Côte d'Ivoire,GUEMON,BANGOLO,FACILITY AT LEVEL 4: BANGOLO
wc87kBLKL9E,Côte d'Ivoire,INDENIE-DUABLIN,ABENGOUROU,FACILITY AT LEVEL 4: ABENGOUROU
WcFNj1xjROd,Côte d'Ivoire,ABIDJAN 2,COCODY BINGERVILLE,FACILITY AT LEVEL 4: COCODY BINGERVILLE
wCjMiAg4dS3,Côte d'Ivoire,ABIDJAN 1,YOPOUGON-OUEST SONGON,FACILITY AT LEVEL 4: YOPOUGON-OUEST SONGON
wcKAgJ6QvbI,Côte d'Ivoire,HAUT SASSANDRA,ISSIA,FACILITY AT LEVEL 4: ISSIA
wcMOF23a1iw,Côte d'Ivoire,ABIDJAN 2,TREICHVILLE-MARCORY,FACILITY AT LEVEL 4: TREICHVILLE-MARCORY
WCmrCPCxIfv,Côte d'Ivoire,PORO,KORHOGO 1,FACILITY AT LEVEL 4: KORHOGO 1
WCPMuBOvpVT,Côte d'Ivoire,BAFING,TOUBA,FACILITY AT LEVEL 4: TOUBA
wd0F1779Aj9,Côte d'Ivoire,BELIER,YAMOUSSOUKRO,FACILITY AT LEVEL 4: YAMOUSSOUKRO
Wd4Apo7jsQX,Côte d'Ivoire,NAWA,BUYO,FACILITY AT LEVEL 4: BUYO
WdFFVSdqPmU,Côte d'Ivoire,TONKPI,ZOUAN-HOUNIEN,FACILITY AT LEVEL 4: ZOUAN-HOUNIEN
WDH4AkfaZQA,Côte d'Ivoire,BELIER,TOUMODI,FACILITY AT LEVEL 4: TOUMODI
WDPpQ1veOTU,Côte d'Ivoire,ABIDJAN 2,COCODY BINGERVILLE,FACILITY AT LEVEL 4: COCODY BINGERVILLE
wDrSPKn78dA,Côte d'Ivoire,GUEMON,DUEKOUE,FACILITY AT LEVEL 4: DUEKOUE
wdwuYPtSVRK,Côte d'Ivoire,INDENIE-DUABLIN,BETTIE,FACILITY AT LEVEL 4: BETTIE
wDZUT0UrkV8,Côte d'Ivoire,GBEKE,BOUAKE NORD-OUEST,FACILITY AT LEVEL 4: BOUAKE NORD-OUEST
we8IDoMzfoz,Côte d'Ivoire,ABIDJAN 2,COCODY BINGERVILLE,FACILITY AT LEVEL 4: COCODY BINGERVILLE
weFldB8B2D7,Côte d'Ivoire,GUEMON,DUEKOUE,FACILITY AT LEVEL 4: DUEKOUE
wEGaCHYF2R4,Côte d'Ivoire,INDENIE-DUABLIN,ABENGOUROU,FACILITY AT LEVEL 4: ABENGOUROU
weHRClRrnJq,Côte d'Ivoire,MORONOU,ARRAH,FACILITY AT LEVEL 4: ARRAH
WEIfWxE5EMf,Côte d'Ivoire,LÔH-DJIBOUA,GUITRY,FACILITY AT LEVEL 4: GUITRY
wEiXpAuX3xX,Côte d'Ivoire,ABIDJAN 1,YOPOUGON-OUEST SONGON,FACILITY AT LEVEL 4: YOPOUGON-OUEST SONGON
weoL19nwuVZ,Côte d'Ivoire,BAFING,TOUBA,FACILITY AT LEVEL 4: TOUBA
wEU4djGp72e,Côte d'Ivoire,ABIDJAN 1,YOPOUGON-EST,FACILITY AT LEVEL 4: YOPOUGON-EST
wF1JQp2z3YW,Côte d'Ivoire,WORODOUGOU,SEGUELA,FACILITY AT LEVEL 4: SEGUELA
wfhTwCcGWfz,Côte d'Ivoire,HAMBOL,KATIOLA,FACILITY AT LEVEL 4: KATIOLA
WFltN6tgqM9,Côte d'Ivoire,SUD-COMOE,ABOISSO,FACILITY AT LEVEL 4: ABOISSO
WfNSb6FE2nb,Côte d'Ivoire,BELIER,YAMOUSSOUKRO,FACILITY AT LEVEL 4: YAMOUSSOUKRO
WG0oLS9FrZu,Côte d'Ivoire,WORODOUGOU,SEGUELA,FACILITY AT LEVEL 4: SEGUELA
wG1a3Ns5V1N,Côte d'Ivoire,GÔH,GAGNOA 1,FACILITY AT LEVEL 4: GAGNOA 1
wg1JmqwahUh,Côte d'Ivoire,TCHOLOGO,OUANGOLODOUGOU,FACILITY AT LEVEL 4: OUANGOLODOUGOU
wg24GOkUqnM,Côte d'Ivoire,GRANDS PONTS,JACQUEVILLE,FACILITY AT LEVEL 4: JACQUEVILLE
Wg3UgsYrKlq,Côte d'Ivoire,BAGOUE,KOUTO,FACILITY AT LEVEL 4: KOUTO
Wg8iDulhfOB,Côte d'Ivoire,LÔH-DJIBOUA,DIVO,FACILITY AT LEVEL 4: DIVO
wggH1tCLG4y,Côte d'Ivoire,ABIDJAN 2,ADJAME-PLATEAU-ATTECOUBE,FACILITY AT LEVEL 4: ADJAME-PLATEAU-ATTECOUBE
wGNy9ynODN0,Côte d'Ivoire,ABIDJAN 2,COCODY BINGERVILLE,FACILITY AT LEVEL 4: COCODY BINGERVILLE
WgOIxH2kYvX,Côte d'Ivoire,SAN PEDRO,SAN-PEDRO,FACILITY AT LEVEL 4: SAN-PEDRO
WgpmqsXjMky,Côte d'Ivoire,NAWA,MEAGUI,FACILITY AT LEVEL 4: MEAGUI
WgRFdBTdfQi,Côte d'Ivoire,GÔH,OUME,FACILITY AT LEVEL 4: OUME
WGX1v9umWCm,Côte d'Ivoire,NAWA,SOUBRE,FACILITY AT LEVEL 4: SOUBRE
whi8VZxQsLV,Côte d'Ivoire,CAVALLY,GUIGLO,FACILITY AT LEVEL 4: GUIGLO
WHJeeko8o9N,Côte d'Ivoire,INDENIE-DUABLIN,AGNIBILEKROU,FACILITY AT LEVEL 4: AGNIBILEKROU
whX4R11QeQ5,Côte d'Ivoire,PORO,SINEMATIALI,FACILITY AT LEVEL 4: SINEMATIALI
wHZsdEzyGqi,Côte d'Ivoire,GONTOUGO,TRANSUA,FACILITY AT LEVEL 4: TRANSUA
wi5MSBJgWrS,Côte d'Ivoire,ABIDJAN 2,COCODY BINGERVILLE,FACILITY AT LEVEL 4: COCODY BINGERVILLE
wI9xZxHt1jj,Côte d'Ivoire,IFFOU,DAOUKRO,FACILITY AT LEVEL 4: DAOUKRO
WIn2BE8tm0P,Côte d'Ivoire,LÔH-DJIBOUA,DIVO,FACILITY AT LEVEL 4: DIVO
WIS2aSxaHKM,Côte d'Ivoire,GBEKE,BEOUMI,FACILITY AT LEVEL 4: BEOUMI
wixrC3wAJA6,Côte d'Ivoire,GBOKLE,FRESCO,FACILITY AT LEVEL 4: FRESCO
wJcGJIeR3qf,Côte d'Ivoire,ABIDJAN 2,COCODY BINGERVILLE,FACILITY AT LEVEL 4: COCODY BINGERVILLE
wjd5l3kHsd2,Côte d'Ivoire,BAFING,KORO,FACILITY AT LEVEL 4: KORO
wJhMpTNkoiO,Côte d'Ivoire,HAUT SASSANDRA,ISSIA,FACILITY AT LEVEL 4: ISSIA
Wji6WkDisms,Côte d'Ivoire,AGNEBY-TIASSA,AGBOVILLE,FACILITY AT LEVEL 4: AGBOVILLE
WJom3C20pMC,Côte d'Ivoire,TONKPI,MAN,FACILITY AT LEVEL 4: MAN
WJOMQq7KDBR,Côte d'Ivoire,BELIER,YAMOUSSOUKRO,FACILITY AT LEVEL 4: YAMOUSSOUKRO
WJsfL3cWo6u,Côte d'Ivoire,ABIDJAN 2,COCODY BINGERVILLE,FACILITY AT LEVEL 4: COCODY BINGERVILLE
wK4KJtRh5np,Côte d'Ivoire,INDENIE-DUABLIN,ABENGOUROU,FACILITY AT LEVEL 4: ABENGOUROU
wk77FIbcJnx,Côte d'Ivoire,TONKPI,MAN,FACILITY AT LEVEL 4: MAN
WKCXKaymSfs,Côte d'Ivoire,GÔH,OUME,FACILITY AT LEVEL 4: OUME
wKfpfXj4upc,Côte d'Ivoire,BERE,MANKONO,FACILITY AT LEVEL 4: MANKONO
WKjhvY9SHet,Côte d'Ivoire,ABIDJAN 1,YOPOUGON-OUEST SONGON,FACILITY AT LEVEL 4: YOPOUGON-OUEST SONGON
WKLDzbD3xJ4,Côte d'Ivoire,GBEKE,SAKASSOU,FACILITY AT LEVEL 4: SAKASSOU
wkYrcxc83vZ,Côte d'Ivoire,GBEKE,SAKASSOU,FACILITY AT LEVEL 4: SAKASSOU
WL0Gw9X15qa,Côte d'Ivoire,BELIER,YAMOUSSOUKRO,FACILITY AT LEVEL 4: YAMOUSSOUKRO
WL7lM3Rz6dy,Côte d'Ivoire,BOUNKANI,BOUNA,FACILITY AT LEVEL 4: BOUNA
Wlbu1Y86VYj,Côte d'Ivoire,TCHOLOGO,KONG,FACILITY AT LEVEL 4: KONG
WLcmiv8HoZg,Côte d'Ivoire,ABIDJAN 1,ANYAMA,FACILITY AT LEVEL 4: ANYAMA
WLFzquugKqb,Côte d'Ivoire,ABIDJAN 1,ANYAMA,FACILITY AT LEVEL 4: ANYAMA
wLGqRloxGLe,Côte d'Ivoire,HAUT SASSANDRA,VAVOUA,FACILITY AT LEVEL 4: VAVOUA
wlIdIU2y5Gk,Côte d'Ivoire,INDENIE-DUABLIN,AGNIBILEKROU,FACILITY AT LEVEL 4: AGNIBILEKROU
WLj60zqqQXc,Côte d'Ivoire,PORO,SINEMATIALI,FACILITY AT LEVEL 4: SINEMATIALI
Wm1IrYlngRU,Côte d'Ivoire,GUEMON,BANGOLO,FACILITY AT LEVEL 4: BANGOLO
Wmtbcwvb9JE,Côte d'Ivoire,ABIDJAN 2,PORT-BOUET-VRIDI,FACILITY AT LEVEL 4: PORT-BOUET-VRIDI
wmW6SjWfH5B,Côte d'Ivoire,ME,AKOUPE,FACILITY AT LEVEL 4: AKOUPE
wMxnvf6EEso,Côte d'Ivoire,INDENIE-DUABLIN,ABENGOUROU,FACILITY AT LEVEL 4: ABENGOUROU
WmyNyWwCCfv,Côte d'Ivoire,ABIDJAN 1,ABOBO EST,FACILITY AT LEVEL 4: ABOBO EST
wN4d1O1bl70,Côte d'Ivoire,SUD-COMOE,GRAND-BASSAM,FACILITY AT LEVEL 4: GRAND-BASSAM
Wn6ZujgHttw,Côte d'Ivoire,NAWA,SOUBRE,FACILITY AT LEVEL 4: SOUBRE
wNfup47fRLd,Côte d'Ivoire,TONKPI,ZOUAN-HOUNIEN,FACILITY AT LEVEL 4: ZOUAN-HOUNIEN
wNh3Qxh5aO7,Côte d'Ivoire,GBEKE,BOUAKE-SUD,FACILITY AT LEVEL 4: BOUAKE-SUD
wNiuQzpiKDE,Côte d'Ivoire,LÔH-DJIBOUA,DIVO,FACILITY AT LEVEL 4: DIVO
wnJFdPfzC4G,Côte d'Ivoire,KABADOUGOU,ODIENNE,FACILITY AT LEVEL 4: ODIENNE
wNLz6Idkoyt,Côte d'Ivoire,LÔH-DJIBOUA,DIVO,FACILITY AT LEVEL 4: DIVO
wO1L42u0DmW,Côte d'Ivoire,GONTOUGO,KOUN-FAO,FACILITY AT LEVEL 4: KOUN-FAO
wOcSLnEv6eE,Côte d'Ivoire,WORODOUGOU,KANI,FACILITY AT LEVEL 4: KANI
wONYHO8OqW0,Côte d'Ivoire,GBEKE,BOUAKE NORD-OUEST,FACILITY AT LEVEL 4: BOUAKE NORD-OUEST
wouHCIHfVhb,Côte d'Ivoire,INDENIE-DUABLIN,ABENGOUROU,FACILITY AT LEVEL 4: ABENGOUROU
WovqlZDGoQq,Côte d'Ivoire,TCHOLOGO,OUANGOLODOUGOU,FACILITY AT LEVEL 4: OUANGOLODOUGOU
Wowz55dyxRH,Côte d'Ivoire,ABIDJAN 2,ADJAME-PLATEAU-ATTECOUBE,FACILITY AT LEVEL 4: ADJAME-PLATEAU-ATTECOUBE
WoXiD46mGLe,Côte d'Ivoire,BOUNKANI,TEHINI,FACILITY AT LEVEL 4: TEHINI
WozxVvaR0rR,Côte d'Ivoire,GBEKE,BOUAKE NORD-OUEST,FACILITY AT LEVEL 4: BOUAKE NORD-OUEST
wP35CkKPKyv,Côte d'Ivoire,GÔH,GAGNOA 2,FACILITY AT LEVEL 4: GAGNOA 2
WPBWFriky7L,Côte d'Ivoire,KABADOUGOU,ODIENNE,FACILITY AT LEVEL 4: ODIENNE
WpgGzEPTWVx,Côte d'Ivoire,ABIDJAN 1,YOPOUGON-EST,FACILITY AT LEVEL 4: YOPOUGON-EST
WPn76QAx02O,Côte d'Ivoire,LÔH-DJIBOUA,DIVO,FACILITY AT LEVEL 4: DIVO
wpUXsfc50gu,Côte d'Ivoire,NAWA,MEAGUI,FACILITY AT LEVEL 4: MEAGUI
wPWnHk8Zsxx,Côte d'Ivoire,ABIDJAN 1,YOPOUGON-EST,FACILITY AT LEVEL 4: YOPOUGON-EST
wqb1glTqOuN,Côte d'Ivoire,IFFOU,PRIKRO,FACILITY AT LEVEL 4: PRIKRO
wQBORtz3T9t,Côte d'Ivoire,ABIDJAN 2,TREICHVILLE-MARCORY,FACILITY AT LEVEL 4: TREICHVILLE-MARCORY
WQC4U29qPvk,Côte d'Ivoire,HAUT SASSANDRA,VAVOUA,FACILITY AT LEVEL 4: VAVOUA
wqr0vnmvUMj,Côte d'Ivoire,BAFING,KORO,FACILITY AT LEVEL 4: KORO
wQsr3uVHCtA,Côte d'Ivoire,BOUNKANI,TEHINI,FACILITY AT LEVEL 4: TEHINI
wRBibz76XHJ,Côte d'Ivoire,TONKPI,BIANKOUMA,FACILITY AT LEVEL 4: BIANKOUMA
wrQtiRVpMsV,Côte d'Ivoire,MORONOU,BONGOUANOU,FACILITY AT LEVEL 4: BONGOUANOU
Wrqu6XDbpZE,Côte d'Ivoire,GONTOUGO,BONDOUKOU,FACILITY AT LEVEL 4: BONDOUKOU
WRSQSgwTvme,Côte d'Ivoire,ABIDJAN 1,YOPOUGON-EST,FACILITY AT LEVEL 4: YOPOUGON-EST
WRUPKXZLPSH,Côte d'Ivoire,WORODOUGOU,SEGUELA,FACILITY AT LEVEL 4: SEGUELA
wSCTKjMRg3K,Côte d'Ivoire,LÔH-DJIBOUA,DIVO,FACILITY AT LEVEL 4: DIVO
wsDfgp9cBd9,Côte d'Ivoire,TONKPI,BIANKOUMA,FACILITY AT LEVEL 4: BIANKOUMA
WsDFOwqHIa7,Côte d'Ivoire,IFFOU,PRIKRO,FACILITY AT LEVEL 4: PRIKRO
wsFlSt8f3PF,Côte d'Ivoire,ABIDJAN 2,TREICHVILLE-MARCORY,FACILITY AT LEVEL 4: TREICHVILLE-MARCORY
wsgR0GAzkyz,Côte d'Ivoire,ABIDJAN 2,COCODY BINGERVILLE,FACILITY AT LEVEL 4: COCODY BINGERVILLE
WsH059ZpmAs,Côte d'Ivoire,GÔH,OUME,FACILITY AT LEVEL 4: OUME
wsHnzH0FiHu,Côte d'Ivoire,ABIDJAN 2,ADJAME-PLATEAU-ATTECOUBE,FACILITY AT LEVEL 4: ADJAME-PLATEAU-ATTECOUBE
wSiPcn7jLEd,Côte d'Ivoire,ABIDJAN 1,YOPOUGON-OUEST SONGON,FACILITY AT LEVEL 4: YOPOUGON-OUEST SONGON
WSn6ylmgPcZ,Côte d'Ivoire,ABIDJAN 2,KOUMASSI,FACILITY AT LEVEL 4: KOUMASSI
wsV4zPistgk,Côte d'Ivoire,PORO,KORHOGO 1,FACILITY AT LEVEL 4: KORHOGO 1
WSwwRoV8hBB,Côte d'Ivoire,BAGOUE,BOUNDIALI,FACILITY AT LEVEL 4: BOUNDIALI
wTcgUBPTnf9,Côte d'Ivoire,BAGOUE,TENGRELA,FACILITY AT LEVEL 4: TENGRELA
wTHNIU9ea61,Côte d'Ivoire,ABIDJAN 2,KOUMASSI,FACILITY AT LEVEL 4: KOUMASSI
WtqlxEy8VR9,Côte d'Ivoire,BOUNKANI,TEHINI,FACILITY AT LEVEL 4: TEHINI
WtzbG2IRmsY,Côte d'Ivoire,GBEKE,BEOUMI,FACILITY AT LEVEL 4: BEOUMI
WUnOTGhfQRe,Côte d'Ivoire,SUD-COMOE,TIAPOUM,FACILITY AT LEVEL 4: TIAPOUM
WUoRxmYqtfU,Côte d'Ivoire,HAMBOL,KATIOLA,FACILITY AT LEVEL 4: KATIOLA
wuSwlbsk0im,Côte d'Ivoire,ABIDJAN 1,ABOBO EST,FACILITY AT LEVEL 4: ABOBO EST
WuU65qWNJet,Côte d'Ivoire,ABIDJAN 2,COCODY BINGERVILLE,FACILITY AT LEVEL 4: COCODY BINGERVILLE
wuUqf1wueRZ,Côte d'Ivoire,ME,ALEPE,FACILITY AT LEVEL 4: ALEPE
wv8H8M6hq2F,Côte d'Ivoire,GBEKE,BOUAKE-SUD,FACILITY AT LEVEL 4: BOUAKE-SUD
wvj0ietfz87,Côte d'Ivoire,PORO,KORHOGO 1,FACILITY AT LEVEL 4: KORHOGO 1
WvJmBdtUGPB,Côte d'Ivoire,IFFOU,PRIKRO,FACILITY AT LEVEL 4: PRIKRO
wVK6JEUa3dg,Côte d'Ivoire,GÔH,GAGNOA 1,FACILITY AT LEVEL 4: GAGNOA 1
WvQbZzvzfGt,Côte d'Ivoire,N'ZI,DIMBOKRO,FACILITY AT LEVEL 4: DIMBOKRO
WVsJxenqmLu,Côte d'Ivoire,TONKPI,DANANE,FACILITY AT LEVEL 4: DANANE
WVVhjx3AObr,Côte d'Ivoire,ABIDJAN 1,ABOBO EST,FACILITY AT LEVEL 4: ABOBO EST
wWGAFMqyxdx,Côte d'Ivoire,LÔH-DJIBOUA,DIVO,FACILITY AT LEVEL 4: DIVO
wWIUOHiRTCc,Côte d'Ivoire,ABIDJAN 2,COCODY BINGERVILLE,FACILITY AT LEVEL 4: COCODY BINGERVILLE
wWkO5e8tkrs,Côte d'Ivoire,NAWA,SOUBRE,FACILITY AT LEVEL 4: SOUBRE
wwn3ShjN7DW,Côte d'Ivoire,BOUNKANI,BOUNA,FACILITY AT LEVEL 4: BOUNA
wWpPWJ7tlo7,Côte d'Ivoire,AGNEBY-TIASSA,AGBOVILLE,FACILITY AT LEVEL 4: AGBOVILLE
WwwmVg3DcxC,Côte d'Ivoire,ABIDJAN 1,YOPOUGON-EST,FACILITY AT LEVEL 4: YOPOUGON-EST
Wx0dXFfo1wR,Côte d'Ivoire,NAWA,GUEYO,FACILITY AT LEVEL 4: GUEYO
wxExxTl9puh,Côte d'Ivoire,GÔH,GAGNOA 1,FACILITY AT LEVEL 4: GAGNOA 1
wXFl8kl4kIP,Côte d'Ivoire,GBEKE,BOUAKE NORD-OUEST,FACILITY AT LEVEL 4: BOUAKE NORD-OUEST
wxQnl60vRWE,Côte d'Ivoire,BOUNKANI,NASSIAN,FACILITY AT LEVEL 4: NASSIAN
WxtkBmuVGTX,Côte d'Ivoire,MARAHOUE,BOUAFLE,FACILITY AT LEVEL 4: BOUAFLE
wxudA3iY2IV,Côte d'Ivoire,INDENIE-DUABLIN,BETTIE,FACILITY AT LEVEL 4: BETTIE
wXwH5qm2qZa,Côte d'Ivoire,PORO,KORHOGO 1,FACILITY AT LEVEL 4: KORHOGO 1
wxwH8DIH1Bs,Côte d'Ivoire,N'ZI,BOCANDA,FACILITY AT LEVEL 4: BOCANDA
Wy8ad1wjlfd,Côte d'Ivoire,BAGOUE,BOUNDIALI,FACILITY AT LEVEL 4: BOUNDIALI
WycI6zp89Ao,Côte d'Ivoire,CAVALLY,GUIGLO,FACILITY AT LEVEL 4: GUIGLO
WYLKzigewr9,Côte d'Ivoire,BELIER,TOUMODI,FACILITY AT LEVEL 4: TOUMODI
wyq4M1nzdh5,Côte d'Ivoire,ME,ADZOPE,FACILITY AT LEVEL 4: ADZOPE
wysrzjjmlFV,Côte d'Ivoire,HAUT SASSANDRA,VAVOUA,FACILITY AT LEVEL 4: VAVOUA
wYTBPsNSraj,Côte d'Ivoire,ME,YAKASSE-ATTOBROU,FACILITY AT LEVEL 4: YAKASSE-ATTOBROU
Wz4mt8VSO0m,Côte d'Ivoire,BELIER,YAMOUSSOUKRO,FACILITY AT LEVEL 4: YAMOUSSOUKRO
wZkPF2bK90m,Côte d'Ivoire,ABIDJAN 2,ADJAME-PLATEAU-ATTECOUBE,FACILITY AT LEVEL 4: ADJAME-PLATEAU-ATTECOUBE
WZNz5DC3dKj,Côte d'Ivoire,INDENIE-DUABLIN,ABENGOUROU,FACILITY AT LEVEL 4: ABENGOUROU
wZtcSVBwPk3,Côte d'Ivoire,BOUNKANI,NASSIAN,FACILITY AT LEVEL 4: NASSIAN
wZTSgnydP5I,Côte d'Ivoire,GBEKE,BOUAKE-SUD,FACILITY AT LEVEL 4: BOUAKE-SUD
wzYWAIsRBLm,Côte d'Ivoire,GBEKE,BOTRO,FACILITY AT LEVEL 4: BOTRO
wZZORQPgn75,Côte d'Ivoire,TONKPI,BIANKOUMA,FACILITY AT LEVEL 4: BIANKOUMA
X00V3yPaJ8X,Côte d'Ivoire,GONTOUGO,TANDA,FACILITY AT LEVEL 4: TANDA
x0aAcsVjGVG,Côte d'Ivoire,ABIDJAN 2,TREICHVILLE-MARCORY,FACILITY AT LEVEL 4: TREICHVILLE-MARCORY
x1bME8yh73o,Côte d'Ivoire,PORO,KORHOGO 1,FACILITY AT LEVEL 4: KORHOGO 1
X1iHPpnbqLI,Côte d'Ivoire,ABIDJAN 2,COCODY BINGERVILLE,FACILITY AT LEVEL 4: COCODY BINGERVILLE
X2C7qiFrnPc,Côte d'Ivoire,ME,ALEPE,FACILITY AT LEVEL 4: ALEPE
x2F5SSKCRDw,Côte d'Ivoire,ABIDJAN 1,ABOBO EST,FACILITY AT LEVEL 4: ABOBO EST
X2gchOnaDRc,Côte d'Ivoire,ABIDJAN 1,YOPOUGON-EST,FACILITY AT LEVEL 4: YOPOUGON-EST
X2iNKYFI26W,Côte d'Ivoire,BOUNKANI,BOUNA,FACILITY AT LEVEL 4: BOUNA
X38cNVVlwgJ,Côte d'Ivoire,ABIDJAN 2,COCODY BINGERVILLE,FACILITY AT LEVEL 4: COCODY BINGERVILLE
X3NOrmGT8qW,Côte d'Ivoire,ABIDJAN 1,ABOBO EST,FACILITY AT LEVEL 4: ABOBO EST
X3oo3QizFmI,Côte d'Ivoire,ABIDJAN 2,COCODY BINGERVILLE,FACILITY AT LEVEL 4: COCODY BINGERVILLE
X3tLG8CwGJu,Côte d'Ivoire,GBEKE,BOUAKE-SUD,FACILITY AT LEVEL 4: BOUAKE-SUD
x4hlbVrzFMN,Côte d'Ivoire,ABIDJAN 2,COCODY BINGERVILLE,FACILITY AT LEVEL 4: COCODY BINGERVILLE
X4Pd2NoxEwQ,Côte d'Ivoire,ABIDJAN 1,YOPOUGON-OUEST SONGON,FACILITY AT LEVEL 4: YOPOUGON-OUEST SONGON
X5PsCWO83bV,Côte d'Ivoire,ABIDJAN 1,YOPOUGON-OUEST SONGON,FACILITY AT LEVEL 4: YOPOUGON-OUEST SONGON
X5xh5uS3bIB,Côte d'Ivoire,PORO,SINEMATIALI,FACILITY AT LEVEL 4: SINEMATIALI
X6968ZH1LKV,Côte d'Ivoire,LÔH-DJIBOUA,DIVO,FACILITY AT LEVEL 4: DIVO
x6M5kiqFvDz,Côte d'Ivoire,ABIDJAN 2,COCODY BINGERVILLE,FACILITY AT LEVEL 4: COCODY BINGERVILLE
X6pUIIZb61j,Côte d'Ivoire,SUD-COMOE,GRAND-BASSAM,FACILITY AT LEVEL 4: GRAND-BASSAM
x7NYaoRfqyE,Côte d'Ivoire,GUEMON,DUEKOUE,FACILITY AT LEVEL 4: DUEKOUE
X7rKEnIdnYR,Côte d'Ivoire,ABIDJAN 2,COCODY BINGERVILLE,FACILITY AT LEVEL 4: COCODY BINGERVILLE
x8ChdAn7wFz,Côte d'Ivoire,BELIER,YAMOUSSOUKRO,FACILITY AT LEVEL 4: YAMOUSSOUKRO
X8DYqJWe7N2,Côte d'Ivoire,GBEKE,BOUAKE-SUD,FACILITY AT LEVEL 4: BOUAKE-SUD
x8jclPd0nnx,Côte d'Ivoire,BOUNKANI,BOUNA,FACILITY AT LEVEL 4: BOUNA
X8lYK69kkOM,Côte d'Ivoire,PORO,KORHOGO 1,FACILITY AT LEVEL 4: KORHOGO 1
X8RKmI5bBgv,Côte d'Ivoire,HAUT SASSANDRA,DALOA,FACILITY AT LEVEL 4: DALOA
X9ddfElsnh6,Côte d'Ivoire,GBEKE,BOUAKE NORD-EST,FACILITY AT LEVEL 4: BOUAKE NORD-EST
x9Yha6Bh3RA,Côte d'Ivoire,GÔH,GAGNOA 1,FACILITY AT LEVEL 4: GAGNOA 1
xaEdKlRK7l4,Côte d'Ivoire,HAMBOL,KATIOLA,FACILITY AT LEVEL 4: KATIOLA
xAEfZFmflnp,Côte d'Ivoire,INDENIE-DUABLIN,AGNIBILEKROU,FACILITY AT LEVEL 4: AGNIBILEKROU
XaiUxVp2coB,Côte d'Ivoire,INDENIE-DUABLIN,ABENGOUROU,FACILITY AT LEVEL 4: ABENGOUROU
xaLjxxNKGBu,Côte d'Ivoire,ABIDJAN 1,YOPOUGON-OUEST SONGON,FACILITY AT LEVEL 4: YOPOUGON-OUEST SONGON
xAYFuyPIvA4,Côte d'Ivoire,ABIDJAN 2,COCODY BINGERVILLE,FACILITY AT LEVEL 4: COCODY BINGERVILLE
xAynrRvZyOr,Côte d'Ivoire,ABIDJAN 1,ABOBO EST,FACILITY AT LEVEL 4: ABOBO EST
XB3Qj0kYF0f,Côte d'Ivoire,AGNEBY-TIASSA,AGBOVILLE,FACILITY AT LEVEL 4: AGBOVILLE
Xb8cGAjh70K,Côte d'Ivoire,MORONOU,BONGOUANOU,FACILITY AT LEVEL 4: BONGOUANOU
XBHuMdmlExu,Côte d'Ivoire,ABIDJAN 1,YOPOUGON-OUEST SONGON,FACILITY AT LEVEL 4: YOPOUGON-OUEST SONGON
XBvhfgIFhUH,Côte d'Ivoire,BAGOUE,BOUNDIALI,FACILITY AT LEVEL 4: BOUNDIALI
XbXuiWLKkYp,Côte d'Ivoire,IFFOU,MBAHIAKRO,FACILITY AT LEVEL 4: MBAHIAKRO
xCjxAgbKCwI,Côte d'Ivoire,INDENIE-DUABLIN,ABENGOUROU,FACILITY AT LEVEL 4: ABENGOUROU
Xcm7moozDAL,Côte d'Ivoire,SUD-COMOE,ABOISSO,FACILITY AT LEVEL 4: ABOISSO
Xcn3E6zk8Lu,Côte d'Ivoire,BELIER,TOUMODI,FACILITY AT LEVEL 4: TOUMODI
xCozoBLImmX,Côte d'Ivoire,HAUT SASSANDRA,VAVOUA,FACILITY AT LEVEL 4: VAVOUA
Xcq3e4TeBc9,Côte d'Ivoire,ABIDJAN 1,ABOBO EST,FACILITY AT LEVEL 4: ABOBO EST
xcYd2l3lTt7,Côte d'Ivoire,CAVALLY,BLOLEQUIN,FACILITY AT LEVEL 4: BLOLEQUIN
xczhpx28kNO,Côte d'Ivoire,ABIDJAN 1,YOPOUGON-OUEST SONGON,FACILITY AT LEVEL 4: YOPOUGON-OUEST SONGON
xd7F2Vnojzu,Côte d'Ivoire,MARAHOUE,ZUENOULA,FACILITY AT LEVEL 4: ZUENOULA
XDBreEmC4X0,Côte d'Ivoire,ABIDJAN 2,TREICHVILLE-MARCORY,FACILITY AT LEVEL 4: TREICHVILLE-MARCORY
XdCoH1YKZBw,Côte d'Ivoire,ABIDJAN 1,ABOBO EST,FACILITY AT LEVEL 4: ABOBO EST
xdgLXe5SrDI,Côte d'Ivoire,SAN PEDRO,TABOU,FACILITY AT LEVEL 4: TABOU
xDlLrXddduL,Côte d'Ivoire,ABIDJAN 1,ABOBO EST,FACILITY AT LEVEL 4: ABOBO EST
XDo0i4HYDIK,Côte d'Ivoire,CAVALLY,TOULEPLEU,FACILITY AT LEVEL 4: TOULEPLEU
xDPfL2UhUmX,Côte d'Ivoire,WORODOUGOU,SEGUELA,FACILITY AT LEVEL 4: SEGUELA
XdqrwU91SGz,Côte d'Ivoire,BOUNKANI,TEHINI,FACILITY AT LEVEL 4: TEHINI
XDRRlz2vVbX,Côte d'Ivoire,INDENIE-DUABLIN,ABENGOUROU,FACILITY AT LEVEL 4: ABENGOUROU
xE0XNP4e8vw,Côte d'Ivoire,HAUT SASSANDRA,DALOA,FACILITY AT LEVEL 4: DALOA
xe5ZKv3Df1Q,Côte d'Ivoire,CAVALLY,TOULEPLEU,FACILITY AT LEVEL 4: TOULEPLEU
XE9k2CrZlS2,Côte d'Ivoire,NAWA,SOUBRE,FACILITY AT LEVEL 4: SOUBRE
xEkAlkmqYU8,Côte d'Ivoire,ABIDJAN 1,ABOBO OUEST,FACILITY AT LEVEL 4: ABOBO OUEST
XePjSPicDCW,Côte d'Ivoire,IFFOU,DAOUKRO,FACILITY AT LEVEL 4: DAOUKRO
xeQgqgxZMF0,Côte d'Ivoire,LÔH-DJIBOUA,LAKOTA,FACILITY AT LEVEL 4: LAKOTA
xeTnIw16Ixj,Côte d'Ivoire,WORODOUGOU,SEGUELA,FACILITY AT LEVEL 4: SEGUELA
XEWcNAr2QZN,Côte d'Ivoire,ABIDJAN 2,ADJAME-PLATEAU-ATTECOUBE,FACILITY AT LEVEL 4: ADJAME-PLATEAU-ATTECOUBE
xeXGnIyiKcR,Côte d'Ivoire,AGNEBY-TIASSA,AGBOVILLE,FACILITY AT LEVEL 4: AGBOVILLE
XEY4IGqp1iZ,Côte d'Ivoire,ABIDJAN 2,COCODY BINGERVILLE,FACILITY AT LEVEL 4: COCODY BINGERVILLE
xEYNPdAGuwC,Côte d'Ivoire,TONKPI,DANANE,FACILITY AT LEVEL 4: DANANE
xeZRbT0h5LH,Côte d'Ivoire,ME,YAKASSE-ATTOBROU,FACILITY AT LEVEL 4: YAKASSE-ATTOBROU
xF2Er7Pos1Z,Côte d'Ivoire,NAWA,BUYO,FACILITY AT LEVEL 4: BUYO
Xfafo8KB3Lm,Côte d'Ivoire,ABIDJAN 2,COCODY BINGERVILLE,FACILITY AT LEVEL 4: COCODY BINGERVILLE
xFCicFoHopy,Côte d'Ivoire,ABIDJAN 2,COCODY BINGERVILLE,FACILITY AT LEVEL 4: COCODY BINGERVILLE
XFExNOrfL9o,Côte d'Ivoire,FOLON,MINIGNAN,FACILITY AT LEVEL 4: MINIGNAN
XFG2CFfKAPQ,Côte d'Ivoire,ABIDJAN 2,PORT-BOUET-VRIDI,FACILITY AT LEVEL 4: PORT-BOUET-VRIDI
xFHN76GRabJ,Côte d'Ivoire,AGNEBY-TIASSA,AGBOVILLE,FACILITY AT LEVEL 4: AGBOVILLE
xG4ElM2rILq,Côte d'Ivoire,BELIER,TIEBISSOU,FACILITY AT LEVEL 4: TIEBISSOU
XglyerJlvLj,Côte d'Ivoire,GÔH,GAGNOA 2,FACILITY AT LEVEL 4: GAGNOA 2
XGu6uLsZeQJ,Côte d'Ivoire,HAUT SASSANDRA,DALOA,FACILITY AT LEVEL 4: DALOA
xGY839b4oss,Côte d'Ivoire,ABIDJAN 1,ABOBO EST,FACILITY AT LEVEL 4: ABOBO EST
xH7EzutIVpI,Côte d'Ivoire,ABIDJAN 2,ADJAME-PLATEAU-ATTECOUBE,FACILITY AT LEVEL 4: ADJAME-PLATEAU-ATTECOUBE
xHc1YPD6jbq,Côte d'Ivoire,NAWA,GUEYO,FACILITY AT LEVEL 4: GUEYO
XhGc6UfcD6N,Côte d'Ivoire,BELIER,TOUMODI,FACILITY AT LEVEL 4: TOUMODI
XHtkQoLWndu,Côte d'Ivoire,MARAHOUE,SINFRA,FACILITY AT LEVEL 4: SINFRA
XIbvDBXMNbn,Côte d'Ivoire,ABIDJAN 2,ADJAME-PLATEAU-ATTECOUBE,FACILITY AT LEVEL 4: ADJAME-PLATEAU-ATTECOUBE
xiLDCJuhg0q,Côte d'Ivoire,SUD-COMOE,ADIAKE,FACILITY AT LEVEL 4: ADIAKE
ximj2aqLENv,Côte d'Ivoire,SUD-COMOE,ABOISSO,FACILITY AT LEVEL 4: ABOISSO
XIPfXr7M5hD,Côte d'Ivoire,LÔH-DJIBOUA,GUITRY,FACILITY AT LEVEL 4: GUITRY
XitEiUepLkG,Côte d'Ivoire,ABIDJAN 2,COCODY BINGERVILLE,FACILITY AT LEVEL 4: COCODY BINGERVILLE
XJ9CPEET8nz,Côte d'Ivoire,ABIDJAN 2,COCODY BINGERVILLE,FACILITY AT LEVEL 4: COCODY BINGERVILLE
XjCDcVu2fTk,Côte d'Ivoire,BERE,MANKONO,FACILITY AT LEVEL 4: MANKONO
XJcrabyKTPv,Côte d'Ivoire,BELIER,TOUMODI,FACILITY AT LEVEL 4: TOUMODI
XJDxT2A0jU1,Côte d'Ivoire,GONTOUGO,BONDOUKOU,FACILITY AT LEVEL 4: BONDOUKOU
xjEmxqQPX9l,Côte d'Ivoire,GÔH,OUME,FACILITY AT LEVEL 4: OUME
xjfCBow0pdh,Côte d'Ivoire,PORO,KORHOGO 1,FACILITY AT LEVEL 4: KORHOGO 1
XJGrj2dUvzx,Côte d'Ivoire,ABIDJAN 2,COCODY BINGERVILLE,FACILITY AT LEVEL 4: COCODY BINGERVILLE
xJkFKB2v9qq,Côte d'Ivoire,ABIDJAN 2,COCODY BINGERVILLE,FACILITY AT LEVEL 4: COCODY BINGERVILLE
xjkz1RpCxkC,Côte d'Ivoire,ABIDJAN 2,TREICHVILLE-MARCORY,FACILITY AT LEVEL 4: TREICHVILLE-MARCORY
XjmIWbuOiCY,Côte d'Ivoire,ABIDJAN 2,COCODY BINGERVILLE,FACILITY AT LEVEL 4: COCODY BINGERVILLE
XjrvnofErUh,Côte d'Ivoire,CAVALLY,GUIGLO,FACILITY AT LEVEL 4: GUIGLO
XK3gVro1Hef,Côte d'Ivoire,ABIDJAN 2,KOUMASSI,FACILITY AT LEVEL 4: KOUMASSI
xkeKLJUvGIc,Côte d'Ivoire,MARAHOUE,BOUAFLE,FACILITY AT LEVEL 4: BOUAFLE
xkEwQj4O3ii,Côte d'Ivoire,ABIDJAN 2,COCODY BINGERVILLE,FACILITY AT LEVEL 4: COCODY BINGERVILLE
XKFPtFUoQOw,Côte d'Ivoire,BELIER,YAMOUSSOUKRO,FACILITY AT LEVEL 4: YAMOUSSOUKRO
xKlWfwQ9SJT,Côte d'Ivoire,NAWA,SOUBRE,FACILITY AT LEVEL 4: SOUBRE
xKQ2Len7DZW,Côte d'Ivoire,GBOKLE,SASSANDRA,FACILITY AT LEVEL 4: SASSANDRA
xKQXnxlPxU8,Côte d'Ivoire,MARAHOUE,BOUAFLE,FACILITY AT LEVEL 4: BOUAFLE
XktSSSGhFiM,Côte d'Ivoire,LÔH-DJIBOUA,DIVO,FACILITY AT LEVEL 4: DIVO
xkxe9OqbQp0,Côte d'Ivoire,BELIER,YAMOUSSOUKRO,FACILITY AT LEVEL 4: YAMOUSSOUKRO
xLcBMDfJA1C,Côte d'Ivoire,BELIER,TOUMODI,FACILITY AT LEVEL 4: TOUMODI
xlDvsb6kxze,Côte d'Ivoire,ABIDJAN 2,COCODY BINGERVILLE,FACILITY AT LEVEL 4: COCODY BINGERVILLE
Xlibk6iuB0u,Côte d'Ivoire,GBEKE,BOUAKE NORD-OUEST,FACILITY AT LEVEL 4: BOUAKE NORD-OUEST
xLL8E42eDho,Côte d'Ivoire,INDENIE-DUABLIN,AGNIBILEKROU,FACILITY AT LEVEL 4: AGNIBILEKROU
xLNpQyUHxC6,Côte d'Ivoire,GRANDS PONTS,DABOU,FACILITY AT LEVEL 4: DABOU
XLq4SbnoBHy,Côte d'Ivoire,NAWA,SOUBRE,FACILITY AT LEVEL 4: SOUBRE
XLqbh1mSCLB,Côte d'Ivoire,BERE,DIANRA,FACILITY AT LEVEL 4: DIANRA
xLuvmLCd9RR,Côte d'Ivoire,INDENIE-DUABLIN,ABENGOUROU,FACILITY AT LEVEL 4: ABENGOUROU
xM3XHBrWCy1,Côte d'Ivoire,TONKPI,DANANE,FACILITY AT LEVEL 4: DANANE
xMAhumLWbUj,Côte d'Ivoire,GONTOUGO,SANDEGUE,FACILITY AT LEVEL 4: SANDEGUE
xmel20RwgEM,Côte d'Ivoire,ABIDJAN 2,ADJAME-PLATEAU-ATTECOUBE,FACILITY AT LEVEL 4: ADJAME-PLATEAU-ATTECOUBE
xmFEsNjB25A,Côte d'Ivoire,ABIDJAN 2,COCODY BINGERVILLE,FACILITY AT LEVEL 4: COCODY BINGERVILLE
XmHZS0AVSgH,Côte d'Ivoire,GÔH,OUME,FACILITY AT LEVEL 4: OUME
xmJQN1v5LiE,Côte d'Ivoire,GUEMON,DUEKOUE,FACILITY AT LEVEL 4: DUEKOUE
XMolxZe0muS,Côte d'Ivoire,BAFING,TOUBA,FACILITY AT LEVEL 4: TOUBA
xN1n1dpwj8N,Côte d'Ivoire,GBEKE,BOUAKE NORD-EST,FACILITY AT LEVEL 4: BOUAKE NORD-EST
xNc3QnURji6,Côte d'Ivoire,BELIER,YAMOUSSOUKRO,FACILITY AT LEVEL 4: YAMOUSSOUKRO
xnKF5a5qpWq,Côte d'Ivoire,TCHOLOGO,OUANGOLODOUGOU,FACILITY AT LEVEL 4: OUANGOLODOUGOU
Xno6apDELIU,Côte d'Ivoire,SUD-COMOE,GRAND-BASSAM,FACILITY AT LEVEL 4: GRAND-BASSAM
xO7pyQJM2FV,Côte d'Ivoire,BAGOUE,KOUTO,FACILITY AT LEVEL 4: KOUTO
XOGCHkhvruA,Côte d'Ivoire,BOUNKANI,BOUNA,FACILITY AT LEVEL 4: BOUNA
Xoruy9OQVDn,Côte d'Ivoire,GÔH,GAGNOA 2,FACILITY AT LEVEL 4: GAGNOA 2
xOSewDyVnuU,Côte d'Ivoire,ABIDJAN 2,PORT-BOUET-VRIDI,FACILITY AT LEVEL 4: PORT-BOUET-VRIDI
xou1koq6X5Z,Côte d'Ivoire,BOUNKANI,NASSIAN,FACILITY AT LEVEL 4: NASSIAN
xpask7jp6zD,Côte d'Ivoire,HAUT SASSANDRA,DALOA,FACILITY AT LEVEL 4: DALOA
xpmIgxXB50B,Côte d'Ivoire,BAGOUE,KOUTO,FACILITY AT LEVEL 4: KOUTO
xPO1tJtoAjF,Côte d'Ivoire,SUD-COMOE,ABOISSO,FACILITY AT LEVEL 4: ABOISSO
xPtDHrAuPoA,Côte d'Ivoire,NAWA,SOUBRE,FACILITY AT LEVEL 4: SOUBRE
xPU0osaqkZX,Côte d'Ivoire,GONTOUGO,KOUN-FAO,FACILITY AT LEVEL 4: KOUN-FAO
XPYS5UmG78a,Côte d'Ivoire,AGNEBY-TIASSA,AGBOVILLE,FACILITY AT LEVEL 4: AGBOVILLE
xqd3HhbaMtp,Côte d'Ivoire,ABIDJAN 2,PORT-BOUET-VRIDI,FACILITY AT LEVEL 4: PORT-BOUET-VRIDI
XQeimQfReBQ,Côte d'Ivoire,GONTOUGO,KOUN-FAO,FACILITY AT LEVEL 4: KOUN-FAO
XQerhSrmhfi,Côte d'Ivoire,HAUT SASSANDRA,ZOUKOUGBEU,FACILITY AT LEVEL 4: ZOUKOUGBEU
XQHeq9u0Ev8,Côte d'Ivoire,ME,ADZOPE,FACILITY AT LEVEL 4: ADZOPE
xQhZUycUG6X,Côte d'Ivoire,BOUNKANI,TEHINI,FACILITY AT LEVEL 4: TEHINI
XQNCmYG6Whk,Côte d'Ivoire,HAMBOL,DABAKALA,FACILITY AT LEVEL 4: DABAKALA
xRd0xHrcIZZ,Côte d'Ivoire,SUD-COMOE,ABOISSO,FACILITY AT LEVEL 4: ABOISSO
XRS3RBFRMI7,Côte d'Ivoire,ABIDJAN 2,COCODY BINGERVILLE,FACILITY AT LEVEL 4: COCODY BINGERVILLE
xrSqLKQb7pT,Côte d'Ivoire,GBEKE,BEOUMI,FACILITY AT LEVEL 4: BEOUMI
xru21GTUWem,Côte d'Ivoire,TONKPI,MAN,FACILITY AT LEVEL 4: MAN
XRUD3Ij0OmQ,Côte d'Ivoire,ABIDJAN 2,ADJAME-PLATEAU-ATTECOUBE,FACILITY AT LEVEL 4: ADJAME-PLATEAU-ATTECOUBE
XRXBoBfK14N,Côte d'Ivoire,GÔH,GAGNOA 1,FACILITY AT LEVEL 4: GAGNOA 1
xrYxrptLL0G,Côte d'Ivoire,KABADOUGOU,ODIENNE,FACILITY AT LEVEL 4: ODIENNE
xrzcm1FWvBF,Côte d'Ivoire,GUEMON,KOUIBLY,FACILITY AT LEVEL 4: KOUIBLY
xSJL776PffE,Côte d'Ivoire,ABIDJAN 2,COCODY BINGERVILLE,FACILITY AT LEVEL 4: COCODY BINGERVILLE
xSp6gFThKVQ,Côte d'Ivoire,ABIDJAN 2,PORT-BOUET-VRIDI,FACILITY AT LEVEL 4: PORT-BOUET-VRIDI
xsuCZf6hnjT,Côte d'Ivoire,ABIDJAN 2,COCODY BINGERVILLE,FACILITY AT LEVEL 4: COCODY BINGERVILLE
xSumwVvukq6,Côte d'Ivoire,CAVALLY,GUIGLO,FACILITY AT LEVEL 4: GUIGLO
XsVF2SjKe9E,Côte d'Ivoire,ABIDJAN 2,COCODY BINGERVILLE,FACILITY AT LEVEL 4: COCODY BINGERVILLE
XsVnQFeFyox,Côte d'Ivoire,MORONOU,BONGOUANOU,FACILITY AT LEVEL 4: BONGOUANOU
xT6gvoymbUO,Côte d'Ivoire,WORODOUGOU,SEGUELA,FACILITY AT LEVEL 4: SEGUELA
xTaceC6WXww,Côte d'Ivoire,SUD-COMOE,GRAND-BASSAM,FACILITY AT LEVEL 4: GRAND-BASSAM
xtQAge7epL2,Côte d'Ivoire,BERE,DIANRA,FACILITY AT LEVEL 4: DIANRA
XtSEz4PutDi,Côte d'Ivoire,GUEMON,KOUIBLY,FACILITY AT LEVEL 4: KOUIBLY
xtUFtom3qVu,Côte d'Ivoire,GBOKLE,SASSANDRA,FACILITY AT LEVEL 4: SASSANDRA
Xtv4hPRpgZc,Côte d'Ivoire,ABIDJAN 1,YOPOUGON-EST,FACILITY AT LEVEL 4: YOPOUGON-EST
xtxxd8EoRZ8,Côte d'Ivoire,KABADOUGOU,MADINANI,FACILITY AT LEVEL 4: MADINANI
xtyqCSvxQJ8,Côte d'Ivoire,ABIDJAN 2,TREICHVILLE-MARCORY,FACILITY AT LEVEL 4: TREICHVILLE-MARCORY
XU0jdKgql5X,Côte d'Ivoire,ABIDJAN 2,COCODY BINGERVILLE,FACILITY AT LEVEL 4: COCODY BINGERVILLE
Xu0K6Z3qNO2,Côte d'Ivoire,PORO,DIKODOUGOU,FACILITY AT LEVEL 4: DIKODOUGOU
Xu84rwlxASh,Côte d'Ivoire,BAFING,TOUBA,FACILITY AT LEVEL 4: TOUBA
xuGd4VFZev5,Côte d'Ivoire,GONTOUGO,BONDOUKOU,FACILITY AT LEVEL 4: BONDOUKOU
xUJqWL3PAU4,Côte d'Ivoire,ABIDJAN 2,ADJAME-PLATEAU-ATTECOUBE,FACILITY AT LEVEL 4: ADJAME-PLATEAU-ATTECOUBE
xv2x3ViwyFX,Côte d'Ivoire,FOLON,KANIASSO,FACILITY AT LEVEL 4: KANIASSO
xVaAo6qUVZe,Côte d'Ivoire,HAUT SASSANDRA,ZOUKOUGBEU,FACILITY AT LEVEL 4: ZOUKOUGBEU
xvE8BZtT54o,Côte d'Ivoire,MORONOU,ARRAH,FACILITY AT LEVEL 4: ARRAH
XVERVdHqg31,Côte d'Ivoire,TONKPI,MAN,FACILITY AT LEVEL 4: MAN
xvexU43nCYd,Côte d'Ivoire,BAGOUE,TENGRELA,FACILITY AT LEVEL 4: TENGRELA
xvJvLvwuYJf,Côte d'Ivoire,GÔH,GAGNOA 1,FACILITY AT LEVEL 4: GAGNOA 1
XVlxS88BJz9,Côte d'Ivoire,PORO,KORHOGO 1,FACILITY AT LEVEL 4: KORHOGO 1
xvP8OhctQEk,Côte d'Ivoire,CAVALLY,GUIGLO,FACILITY AT LEVEL 4: GUIGLO
xVqfScSbEJM,Côte d'Ivoire,HAUT SASSANDRA,ISSIA,FACILITY AT LEVEL 4: ISSIA
xVSU1ujs4T8,Côte d'Ivoire,GÔH,GAGNOA 1,FACILITY AT LEVEL 4: GAGNOA 1
xw4Bzx4bLqh,Côte d'Ivoire,BAGOUE,BOUNDIALI,FACILITY AT LEVEL 4: BOUNDIALI
XWbaDPdGVft,Côte d'Ivoire,GBOKLE,SASSANDRA,FACILITY AT LEVEL 4: SASSANDRA
xwFiVFCqZrX,Côte d'Ivoire,TONKPI,BIANKOUMA,FACILITY AT LEVEL 4: BIANKOUMA
xwg1U0zlP9j,Côte d'Ivoire,PORO,KORHOGO 1,FACILITY AT LEVEL 4: KORHOGO 1
XwJIW9a0fC8,Côte d'Ivoire,SAN PEDRO,TABOU,FACILITY AT LEVEL 4: TABOU
XwLGW11h9Z4,Côte d'Ivoire,ME,YAKASSE-ATTOBROU,FACILITY AT LEVEL 4: YAKASSE-ATTOBROU
XWRW9uHOlji,Côte d'Ivoire,GBEKE,BOUAKE-SUD,FACILITY AT LEVEL 4: BOUAKE-SUD
XwtpHXCx8sX,Côte d'Ivoire,NAWA,SOUBRE,FACILITY AT LEVEL 4: SOUBRE
xx1KZkzI2EG,Côte d'Ivoire,ABIDJAN 2,COCODY BINGERVILLE,FACILITY AT LEVEL 4: COCODY BINGERVILLE
Xx2UQbqVvvo,Côte d'Ivoire,GONTOUGO,BONDOUKOU,FACILITY AT LEVEL 4: BONDOUKOU
Xxf0q3cFaiX,Côte d'Ivoire,IFFOU,MBAHIAKRO,FACILITY AT LEVEL 4: MBAHIAKRO
xxpbYHO0zQE,Côte d'Ivoire,ABIDJAN 2,TREICHVILLE-MARCORY,FACILITY AT LEVEL 4: TREICHVILLE-MARCORY
Xxq8S1G6fDx,Côte d'Ivoire,ME,ALEPE,FACILITY AT LEVEL 4: ALEPE
Xy6Uu2lOc5h,Côte d'Ivoire,WORODOUGOU,SEGUELA,FACILITY AT LEVEL 4: SEGUELA
xYA5Q4cUilk,Côte d'Ivoire,LÔH-DJIBOUA,LAKOTA,FACILITY AT LEVEL 4: LAKOTA
Xybm3mlz5A5,Côte d'Ivoire,BAGOUE,TENGRELA,FACILITY AT LEVEL 4: TENGRELA
XyDPJxjjbfD,Côte d'Ivoire,GBEKE,BOUAKE-SUD,FACILITY AT LEVEL 4: BOUAKE-SUD
xyJmqCjbtrT,Côte d'Ivoire,BAFING,KORO,FACILITY AT LEVEL 4: KORO
xym7Bc1y2hk,Côte d'Ivoire,KABADOUGOU,ODIENNE,FACILITY AT LEVEL 4: ODIENNE
xynHvIgIgFw,Côte d'Ivoire,TONKPI,DANANE,FACILITY AT LEVEL 4: DANANE
XYyMoILYXQC,Côte d'Ivoire,MORONOU,BONGOUANOU,FACILITY AT LEVEL 4: BONGOUANOU
xz9bO2LAq6f,Côte d'Ivoire,ABIDJAN 1,YOPOUGON-EST,FACILITY AT LEVEL 4: YOPOUGON-EST
xzhG4p5lZnH,Côte d'Ivoire,ABIDJAN 2,TREICHVILLE-MARCORY,FACILITY AT LEVEL 4: TREICHVILLE-MARCORY
xZiPfIy11Zu,Côte d'Ivoire,ME,ADZOPE,FACILITY AT LEVEL 4: ADZOPE
XzJyHqWngAw,Côte d'Ivoire,GONTOUGO,KOUN-FAO,FACILITY AT LEVEL 4: KOUN-FAO
XZnfgibPGUN,Côte d'Ivoire,TONKPI,BIANKOUMA,FACILITY AT LEVEL 4: BIANKOUMA
XZnHggpP3SR,Côte d'Ivoire,ABIDJAN 2,TREICHVILLE-MARCORY,FACILITY AT LEVEL 4: TREICHVILLE-MARCORY
xzsu9IZJMTv,Côte d'Ivoire,GBEKE,BOUAKE NORD-EST,FACILITY AT LEVEL 4: BOUAKE NORD-EST
y0deIadiit3,Côte d'Ivoire,ABIDJAN 1,YOPOUGON-OUEST SONGON,FACILITY AT LEVEL 4: YOPOUGON-OUEST SONGON
y0lVBOxZ8rg,Côte d'Ivoire,NAWA,BUYO,FACILITY AT LEVEL 4: BUYO
Y0OxS2QV1qT,Côte d'Ivoire,SAN PEDRO,SAN-PEDRO,FACILITY AT LEVEL 4: SAN-PEDRO
Y0xDhcMWpZM,Côte d'Ivoire,GUEMON,BANGOLO,FACILITY AT LEVEL 4: BANGOLO
Y19kmtMbtXW,Côte d'Ivoire,TONKPI,DANANE,FACILITY AT LEVEL 4: DANANE
y1QDBoy4iCH,Côte d'Ivoire,ME,ADZOPE,FACILITY AT LEVEL 4: ADZOPE
Y1R97EeU06Y,Côte d'Ivoire,ABIDJAN 1,YOPOUGON-OUEST SONGON,FACILITY AT LEVEL 4: YOPOUGON-OUEST SONGON
Y2GbeW09roO,Côte d'Ivoire,ABIDJAN 2,ADJAME-PLATEAU-ATTECOUBE,FACILITY AT LEVEL 4: ADJAME-PLATEAU-ATTECOUBE
Y2uuyvKsbuR,Côte d'Ivoire,GÔH,OUME,FACILITY AT LEVEL 4: OUME
Y4F0A5N9xW4,Côte d'Ivoire,GRANDS PONTS,DABOU,FACILITY AT LEVEL 4: DABOU
y4F4FPooV3W,Côte d'Ivoire,KABADOUGOU,ODIENNE,FACILITY AT LEVEL 4: ODIENNE
y4FCAVfR0tC,Côte d'Ivoire,IFFOU,DAOUKRO,FACILITY AT LEVEL 4: DAOUKRO
y4YzgXqrvPz,Côte d'Ivoire,ABIDJAN 1,YOPOUGON-OUEST SONGON,FACILITY AT LEVEL 4: YOPOUGON-OUEST SONGON
Y51kIJqEM02,Côte d'Ivoire,SUD-COMOE,ADIAKE,FACILITY AT LEVEL 4: ADIAKE
y56C1PE8TqZ,Côte d'Ivoire,MORONOU,BONGOUANOU,FACILITY AT LEVEL 4: BONGOUANOU
y5EcobmRqlf,Côte d'Ivoire,ABIDJAN 1,YOPOUGON-OUEST SONGON,FACILITY AT LEVEL 4: YOPOUGON-OUEST SONGON
Y6If2RkmfMm,Côte d'Ivoire,GBEKE,BOUAKE NORD-OUEST,FACILITY AT LEVEL 4: BOUAKE NORD-OUEST
Y76dJfBzES2,Côte d'Ivoire,ABIDJAN 2,KOUMASSI,FACILITY AT LEVEL 4: KOUMASSI
Y8k1IRo1Ln5,Côte d'Ivoire,BAGOUE,BOUNDIALI,FACILITY AT LEVEL 4: BOUNDIALI
y8NVrM0dCbB,Côte d'Ivoire,GBOKLE,FRESCO,FACILITY AT LEVEL 4: FRESCO
yaAhR3u0LkY,Côte d'Ivoire,BELIER,TOUMODI,FACILITY AT LEVEL 4: TOUMODI
yai7m3X6xXL,Côte d'Ivoire,CAVALLY,TAI,FACILITY AT LEVEL 4: TAI
YAIfiMG7VTP,Côte d'Ivoire,GUEMON,BANGOLO,FACILITY AT LEVEL 4: BANGOLO
yAjUZ8itV2O,Côte d'Ivoire,ABIDJAN 1,YOPOUGON-OUEST SONGON,FACILITY AT LEVEL 4: YOPOUGON-OUEST SONGON
YakeBgSsbOx,Côte d'Ivoire,GONTOUGO,SANDEGUE,FACILITY AT LEVEL 4: SANDEGUE
YaMjtfKVSCk,Côte d'Ivoire,NAWA,MEAGUI,FACILITY AT LEVEL 4: MEAGUI
yAqrRMyFbIn,Côte d'Ivoire,TONKPI,DANANE,FACILITY AT LEVEL 4: DANANE
yb9pJOYyLzp,Côte d'Ivoire,ABIDJAN 2,TREICHVILLE-MARCORY,FACILITY AT LEVEL 4: TREICHVILLE-MARCORY
yBAbJkEabiq,Côte d'Ivoire,TONKPI,MAN,FACILITY AT LEVEL 4: MAN
yBCeE1rz6hJ,Côte d'Ivoire,ABIDJAN 1,ABOBO EST,FACILITY AT LEVEL 4: ABOBO EST
YBJjav4OGaY,Côte d'Ivoire,LÔH-DJIBOUA,LAKOTA,FACILITY AT LEVEL 4: LAKOTA
YBoWCLKBgAh,Côte d'Ivoire,IFFOU,DAOUKRO,FACILITY AT LEVEL 4: DAOUKRO
YBs36SYidWh,Côte d'Ivoire,GRANDS PONTS,DABOU,FACILITY AT LEVEL 4: DABOU
yBy30TrSnDA,Côte d'Ivoire,MORONOU,BONGOUANOU,FACILITY AT LEVEL 4: BONGOUANOU
ycKFsbs3gYy,Côte d'Ivoire,BELIER,TOUMODI,FACILITY AT LEVEL 4: TOUMODI
YcMsipM7zKF,Côte d'Ivoire,MARAHOUE,SINFRA,FACILITY AT LEVEL 4: SINFRA
yCpLYbLi113,Côte d'Ivoire,NAWA,MEAGUI,FACILITY AT LEVEL 4: MEAGUI
YCTSlOlEeEi,Côte d'Ivoire,MARAHOUE,BOUAFLE,FACILITY AT LEVEL 4: BOUAFLE
yCu3XEgT2YA,Côte d'Ivoire,GRANDS PONTS,GRAND-LAHOU,FACILITY AT LEVEL 4: GRAND-LAHOU
yDkjEd6exF9,Côte d'Ivoire,TONKPI,DANANE,FACILITY AT LEVEL 4: DANANE
ydKxDNkNAsU,Côte d'Ivoire,LÔH-DJIBOUA,DIVO,FACILITY AT LEVEL 4: DIVO
YDnC4nTfo4U,Côte d'Ivoire,ABIDJAN 2,COCODY BINGERVILLE,FACILITY AT LEVEL 4: COCODY BINGERVILLE
YE8bEIV793k,Côte d'Ivoire,ABIDJAN 1,ABOBO EST,FACILITY AT LEVEL 4: ABOBO EST
yE9HDrKG67N,Côte d'Ivoire,BELIER,TIEBISSOU,FACILITY AT LEVEL 4: TIEBISSOU
yEAmMv0CG6n,Côte d'Ivoire,ABIDJAN 1,ANYAMA,FACILITY AT LEVEL 4: ANYAMA
yeGdf2Cdq4E,Côte d'Ivoire,SUD-COMOE,ABOISSO,FACILITY AT LEVEL 4: ABOISSO
yEgGKG5iLLL,Côte d'Ivoire,BELIER,DIDIEVI,FACILITY AT LEVEL 4: DIDIEVI
yeHprSCMWsf,Côte d'Ivoire,AGNEBY-TIASSA,TIASSALE,FACILITY AT LEVEL 4: TIASSALE
yeuwqWrKjmt,Côte d'Ivoire,N'ZI,DIMBOKRO,FACILITY AT LEVEL 4: DIMBOKRO
yf1TrU7Vfhk,Côte d'Ivoire,NAWA,SOUBRE,FACILITY AT LEVEL 4: SOUBRE
yfk8mxlj5DF,Côte d'Ivoire,INDENIE-DUABLIN,ABENGOUROU,FACILITY AT LEVEL 4: ABENGOUROU
Yfy5FMq0Ia9,Côte d'Ivoire,GBEKE,BOUAKE-SUD,FACILITY AT LEVEL 4: BOUAKE-SUD
yG6fyAnQWCu,Côte d'Ivoire,GRANDS PONTS,GRAND-LAHOU,FACILITY AT LEVEL 4: GRAND-LAHOU
ygDJ5pVQuUl,Côte d'Ivoire,ABIDJAN 2,COCODY BINGERVILLE,FACILITY AT LEVEL 4: COCODY BINGERVILLE
yGTq3sKtveY,Côte d'Ivoire,INDENIE-DUABLIN,AGNIBILEKROU,FACILITY AT LEVEL 4: AGNIBILEKROU
yGuL49Ynjd7,Côte d'Ivoire,GBOKLE,FRESCO,FACILITY AT LEVEL 4: FRESCO
ygWPaPAngpd,Côte d'Ivoire,ABIDJAN 1,YOPOUGON-OUEST SONGON,FACILITY AT LEVEL 4: YOPOUGON-OUEST SONGON
yGYdZBnuQY7,Côte d'Ivoire,MORONOU,BONGOUANOU,FACILITY AT LEVEL 4: BONGOUANOU
YGz2xhQkUru,Côte d'Ivoire,BOUNKANI,BOUNA,FACILITY AT LEVEL 4: BOUNA
YgZ4Z3kBRNl,Côte d'Ivoire,GÔH,GAGNOA 1,FACILITY AT LEVEL 4: GAGNOA 1
YGZxwG1vxCi,Côte d'Ivoire,KABADOUGOU,ODIENNE,FACILITY AT LEVEL 4: ODIENNE
yH1yrBlrr4R,Côte d'Ivoire,SUD-COMOE,TIAPOUM,FACILITY AT LEVEL 4: TIAPOUM
yHIV3DzYjPL,Côte d'Ivoire,BELIER,YAMOUSSOUKRO,FACILITY AT LEVEL 4: YAMOUSSOUKRO
YhivUg6odUM,Côte d'Ivoire,CAVALLY,BLOLEQUIN,FACILITY AT LEVEL 4: BLOLEQUIN
yhRXg7aPFxD,Côte d'Ivoire,ABIDJAN 1,ABOBO EST,FACILITY AT LEVEL 4: ABOBO EST
yHSZxV9zoCD,Côte d'Ivoire,ABIDJAN 1,ABOBO EST,FACILITY AT LEVEL 4: ABOBO EST
YHUOIEymNq5,Côte d'Ivoire,WORODOUGOU,SEGUELA,FACILITY AT LEVEL 4: SEGUELA
yi31yPEKH8p,Côte d'Ivoire,BOUNKANI,DOROPO,FACILITY AT LEVEL 4: DOROPO
Yi3s5l2nWR3,Côte d'Ivoire,BAGOUE,TENGRELA,FACILITY AT LEVEL 4: TENGRELA
yiHWwU1GwoZ,Côte d'Ivoire,GÔH,GAGNOA 1,FACILITY AT LEVEL 4: GAGNOA 1
yIIBAYVmLcx,Côte d'Ivoire,IFFOU,DAOUKRO,FACILITY AT LEVEL 4: DAOUKRO
yiIDLBWoovd,Côte d'Ivoire,GÔH,GAGNOA 1,FACILITY AT LEVEL 4: GAGNOA 1
YIjjlejd5fh,Côte d'Ivoire,BELIER,YAMOUSSOUKRO,FACILITY AT LEVEL 4: YAMOUSSOUKRO
YIRWibaWfFx,Côte d'Ivoire,BAGOUE,KOUTO,FACILITY AT LEVEL 4: KOUTO
YIxNlLm0yes,Côte d'Ivoire,SUD-COMOE,GRAND-BASSAM,FACILITY AT LEVEL 4: GRAND-BASSAM
Yj6LL0dafb0,Côte d'Ivoire,PORO,M'BENGUE,FACILITY AT LEVEL 4: M'BENGUE
yjhJ3JrhcmM,Côte d'Ivoire,ABIDJAN 1,YOPOUGON-OUEST SONGON,FACILITY AT LEVEL 4: YOPOUGON-OUEST SONGON
Yjuj2YSbzuO,Côte d'Ivoire,HAMBOL,DABAKALA,FACILITY AT LEVEL 4: DABAKALA
yJvg7V3sYDU,Côte d'Ivoire,ABIDJAN 2,COCODY BINGERVILLE,FACILITY AT LEVEL 4: COCODY BINGERVILLE
yjxkvIB90uc,Côte d'Ivoire,BELIER,YAMOUSSOUKRO,FACILITY AT LEVEL 4: YAMOUSSOUKRO
yk10X1agRpB,Côte d'Ivoire,BAFING,TOUBA,FACILITY AT LEVEL 4: TOUBA
yK4oZOB7EiG,Côte d'Ivoire,LÔH-DJIBOUA,GUITRY,FACILITY AT LEVEL 4: GUITRY
YkcuvKW0Elb,Côte d'Ivoire,ABIDJAN 2,COCODY BINGERVILLE,FACILITY AT LEVEL 4: COCODY BINGERVILLE
YkjabQMwWSY,Côte d'Ivoire,GONTOUGO,KOUN-FAO,FACILITY AT LEVEL 4: KOUN-FAO
yklBRnDdCBU,Côte d'Ivoire,PORO,KORHOGO 1,FACILITY AT LEVEL 4: KORHOGO 1
yKvqXttwwzr,Côte d'Ivoire,ABIDJAN 2,COCODY BINGERVILLE,FACILITY AT LEVEL 4: COCODY BINGERVILLE
Yl5KEZDFIjH,Côte d'Ivoire,AGNEBY-TIASSA,SIKENSI,FACILITY AT LEVEL 4: SIKENSI
Yl8UKSTO67F,Côte d'Ivoire,HAUT SASSANDRA,VAVOUA,FACILITY AT LEVEL 4: VAVOUA
yLiODvcJC0x,Côte d'Ivoire,GÔH,OUME,FACILITY AT LEVEL 4: OUME
yLLgphtsgMa,Côte d'Ivoire,GRANDS PONTS,GRAND-LAHOU,FACILITY AT LEVEL 4: GRAND-LAHOU
YLSb0oR14M8,Côte d'Ivoire,N'ZI,DIMBOKRO,FACILITY AT LEVEL 4: DIMBOKRO
ylYQyiLa1nT,Côte d'Ivoire,HAUT SASSANDRA,DALOA,FACILITY AT LEVEL 4: DALOA
YlzcywV2ekX,Côte d'Ivoire,NAWA,SOUBRE,FACILITY AT LEVEL 4: SOUBRE
ymAbZU8nz7J,Côte d'Ivoire,GBEKE,BOUAKE-SUD,FACILITY AT LEVEL 4: BOUAKE-SUD
yMbOiVGIpdq,Côte d'Ivoire,SUD-COMOE,ABOISSO,FACILITY AT LEVEL 4: ABOISSO
YMczwSLMzYy,Côte d'Ivoire,INDENIE-DUABLIN,ABENGOUROU,FACILITY AT LEVEL 4: ABENGOUROU
yMeRW5YE2Mc,Côte d'Ivoire,ABIDJAN 2,TREICHVILLE-MARCORY,FACILITY AT LEVEL 4: TREICHVILLE-MARCORY
YmgS6GmnIow,Côte d'Ivoire,SUD-COMOE,ABOISSO,FACILITY AT LEVEL 4: ABOISSO
YmJJ77pOcoc,Côte d'Ivoire,SAN PEDRO,SAN-PEDRO,FACILITY AT LEVEL 4: SAN-PEDRO
YMJuLPKAcph,Côte d'Ivoire,PORO,M'BENGUE,FACILITY AT LEVEL 4: M'BENGUE
YMkMpzQEaE1,Côte d'Ivoire,GÔH,GAGNOA 2,FACILITY AT LEVEL 4: GAGNOA 2
YmLZ4NiNIR2,Côte d'Ivoire,N'ZI,BOCANDA,FACILITY AT LEVEL 4: BOCANDA
YmQM6QxZmF1,Côte d'Ivoire,ME,YAKASSE-ATTOBROU,FACILITY AT LEVEL 4: YAKASSE-ATTOBROU
yN30LZEqji8,Côte d'Ivoire,NAWA,BUYO,FACILITY AT LEVEL 4: BUYO
ynCknLU4yp0,Côte d'Ivoire,ABIDJAN 1,YOPOUGON-OUEST SONGON,FACILITY AT LEVEL 4: YOPOUGON-OUEST SONGON
YND7BaTVeFl,Côte d'Ivoire,GBOKLE,SASSANDRA,FACILITY AT LEVEL 4: SASSANDRA
ynLghP3PuKg,Côte d'Ivoire,TCHOLOGO,OUANGOLODOUGOU,FACILITY AT LEVEL 4: OUANGOLODOUGOU
YNO3ZNvnk5q,Côte d'Ivoire,TONKPI,ZOUAN-HOUNIEN,FACILITY AT LEVEL 4: ZOUAN-HOUNIEN
YnWHcyaUx1U,Côte d'Ivoire,BAGOUE,TENGRELA,FACILITY AT LEVEL 4: TENGRELA
YO3cRz8LjQB,Côte d'Ivoire,GONTOUGO,TANDA,FACILITY AT LEVEL 4: TANDA
Yo4ctSutDX0,Côte d'Ivoire,ABIDJAN 2,ADJAME-PLATEAU-ATTECOUBE,FACILITY AT LEVEL 4: ADJAME-PLATEAU-ATTECOUBE
Yo6aq9oN8eE,Côte d'Ivoire,GRANDS PONTS,GRAND-LAHOU,FACILITY AT LEVEL 4: GRAND-LAHOU
YOC7ohJ3HUg,Côte d'Ivoire,ABIDJAN 1,ABOBO EST,FACILITY AT LEVEL 4: ABOBO EST
YoHGXka47uV,Côte d'Ivoire,PORO,KORHOGO 1,FACILITY AT LEVEL 4: KORHOGO 1
yOHjReVbym3,Côte d'Ivoire,ABIDJAN 1,ABOBO OUEST,FACILITY AT LEVEL 4: ABOBO OUEST
yONTxM0oTnC,Côte d'Ivoire,NAWA,MEAGUI,FACILITY AT LEVEL 4: MEAGUI
YoPOL3tx0bb,Côte d'Ivoire,INDENIE-DUABLIN,AGNIBILEKROU,FACILITY AT LEVEL 4: AGNIBILEKROU
yOr4gLFxp2p,Côte d'Ivoire,IFFOU,DAOUKRO,FACILITY AT LEVEL 4: DAOUKRO
yOsdnlPvpxf,Côte d'Ivoire,NAWA,SOUBRE,FACILITY AT LEVEL 4: SOUBRE
YoTdPuBh8W5,Côte d'Ivoire,ABIDJAN 2,PORT-BOUET-VRIDI,FACILITY AT LEVEL 4: PORT-BOUET-VRIDI
YOXfPBKdctd,Côte d'Ivoire,ABIDJAN 1,ANYAMA,FACILITY AT LEVEL 4: ANYAMA
YpItyNr3TsM,Côte d'Ivoire,NAWA,MEAGUI,FACILITY AT LEVEL 4: MEAGUI
yPJ4Te5qM1h,Côte d'Ivoire,WORODOUGOU,SEGUELA,FACILITY AT LEVEL 4: SEGUELA
YplgNARP2v9,Côte d'Ivoire,HAUT SASSANDRA,DALOA,FACILITY AT LEVEL 4: DALOA
Yq1B0MLqZ00,Côte d'Ivoire,AGNEBY-TIASSA,TIASSALE,FACILITY AT LEVEL 4: TIASSALE
yq1KaC1Eiwl,Côte d'Ivoire,ABIDJAN 2,KOUMASSI,FACILITY AT LEVEL 4: KOUMASSI
YqhXLZvknUO,Côte d'Ivoire,SUD-COMOE,ABOISSO,FACILITY AT LEVEL 4: ABOISSO
YQlYe58mcvr,Côte d'Ivoire,AGNEBY-TIASSA,TIASSALE,FACILITY AT LEVEL 4: TIASSALE
YQoiLO0wW9c,Côte d'Ivoire,ABIDJAN 2,ADJAME-PLATEAU-ATTECOUBE,FACILITY AT LEVEL 4: ADJAME-PLATEAU-ATTECOUBE
YqPmRqWYDmE,Côte d'Ivoire,ABIDJAN 2,ADJAME-PLATEAU-ATTECOUBE,FACILITY AT LEVEL 4: ADJAME-PLATEAU-ATTECOUBE
yqS64vl7G1P,Côte d'Ivoire,GÔH,GAGNOA 1,FACILITY AT LEVEL 4: GAGNOA 1
yQS9GbAniH7,Côte d'Ivoire,ABIDJAN 2,COCODY BINGERVILLE,FACILITY AT LEVEL 4: COCODY BINGERVILLE
YQwB39NwRW1,Côte d'Ivoire,BELIER,YAMOUSSOUKRO,FACILITY AT LEVEL 4: YAMOUSSOUKRO
YR05MtmIsHc,Côte d'Ivoire,CAVALLY,TOULEPLEU,FACILITY AT LEVEL 4: TOULEPLEU
YR2phiIQG7W,Côte d'Ivoire,NAWA,SOUBRE,FACILITY AT LEVEL 4: SOUBRE
yr4NhYRVa7I,Côte d'Ivoire,ABIDJAN 2,ADJAME-PLATEAU-ATTECOUBE,FACILITY AT LEVEL 4: ADJAME-PLATEAU-ATTECOUBE
yR699TwEKDs,Côte d'Ivoire,ABIDJAN 2,ADJAME-PLATEAU-ATTECOUBE,FACILITY AT LEVEL 4: ADJAME-PLATEAU-ATTECOUBE
yR6J2kQajke,Côte d'Ivoire,KABADOUGOU,MADINANI,FACILITY AT LEVEL 4: MADINANI
Yrr7m6PaoOe,Côte d'Ivoire,WORODOUGOU,SEGUELA,FACILITY AT LEVEL 4: SEGUELA
YRxRCR7zeyl,Côte d'Ivoire,HAMBOL,DABAKALA,FACILITY AT LEVEL 4: DABAKALA
YryMezGzLlZ,Côte d'Ivoire,GONTOUGO,BONDOUKOU,FACILITY AT LEVEL 4: BONDOUKOU
Ys009lKpDVz,Côte d'Ivoire,GBEKE,BEOUMI,FACILITY AT LEVEL 4: BEOUMI
Ys1arC4EZMl,Côte d'Ivoire,AGNEBY-TIASSA,AGBOVILLE,FACILITY AT LEVEL 4: AGBOVILLE
YSMY6ReKm1O,Côte d'Ivoire,BELIER,YAMOUSSOUKRO,FACILITY AT LEVEL 4: YAMOUSSOUKRO
YSWAmOVcAOO,Côte d'Ivoire,GRANDS PONTS,JACQUEVILLE,FACILITY AT LEVEL 4: JACQUEVILLE
Yt1ctIEdE6P,Côte d'Ivoire,ABIDJAN 2,COCODY BINGERVILLE,FACILITY AT LEVEL 4: COCODY BINGERVILLE
YTC7VOE44ul,Côte d'Ivoire,ABIDJAN 2,COCODY BINGERVILLE,FACILITY AT LEVEL 4: COCODY BINGERVILLE
YtcaGQr8yyX,Côte d'Ivoire,LÔH-DJIBOUA,DIVO,FACILITY AT LEVEL 4: DIVO
YtF7b5wZF9X,Côte d'Ivoire,CAVALLY,TOULEPLEU,FACILITY AT LEVEL 4: TOULEPLEU
ytHbYMerm2b,Côte d'Ivoire,BELIER,YAMOUSSOUKRO,FACILITY AT LEVEL 4: YAMOUSSOUKRO
yTNDFFhsxi6,Côte d'Ivoire,AGNEBY-TIASSA,SIKENSI,FACILITY AT LEVEL 4: SIKENSI
yTromKIC9FM,Côte d'Ivoire,BELIER,TOUMODI,FACILITY AT LEVEL 4: TOUMODI
yTx6l9Cm6f3,Côte d'Ivoire,GBOKLE,FRESCO,FACILITY AT LEVEL 4: FRESCO
YU7eItZxn2Z,Côte d'Ivoire,MARAHOUE,BOUAFLE,FACILITY AT LEVEL 4: BOUAFLE
yUakh5JVYAK,Côte d'Ivoire,HAUT SASSANDRA,ISSIA,FACILITY AT LEVEL 4: ISSIA
yuEsMxPps5z,Côte d'Ivoire,GÔH,GAGNOA 1,FACILITY AT LEVEL 4: GAGNOA 1
YuFTTihVtOq,Côte d'Ivoire,GRANDS PONTS,GRAND-LAHOU,FACILITY AT LEVEL 4: GRAND-LAHOU
YuGJj09MJtN,Côte d'Ivoire,ABIDJAN 2,COCODY BINGERVILLE,FACILITY AT LEVEL 4: COCODY BINGERVILLE
YUjh5T11T8J,Côte d'Ivoire,AGNEBY-TIASSA,AGBOVILLE,FACILITY AT LEVEL 4: AGBOVILLE
YUPqnxcM7Nw,Côte d'Ivoire,HAUT SASSANDRA,VAVOUA,FACILITY AT LEVEL 4: VAVOUA
yuTyqZbSguv,Côte d'Ivoire,GRANDS PONTS,DABOU,FACILITY AT LEVEL 4: DABOU
YUUdhncbLUL,Côte d'Ivoire,ABIDJAN 1,YOPOUGON-OUEST SONGON,FACILITY AT LEVEL 4: YOPOUGON-OUEST SONGON
YUUg4jQpZAy,Côte d'Ivoire,BELIER,TIEBISSOU,FACILITY AT LEVEL 4: TIEBISSOU
YUVOLvd05AE,Côte d'Ivoire,SAN PEDRO,TABOU,FACILITY AT LEVEL 4: TABOU
YUWokbTze4h,Côte d'Ivoire,NAWA,GUEYO,FACILITY AT LEVEL 4: GUEYO
YuXgvmUPQUM,Côte d'Ivoire,AGNEBY-TIASSA,SIKENSI,FACILITY AT LEVEL 4: SIKENSI
yuycMF2PWDJ,Côte d'Ivoire,ABIDJAN 1,YOPOUGON-EST,FACILITY AT LEVEL 4: YOPOUGON-EST
Yv104Z3jQ9r,Côte d'Ivoire,GUEMON,DUEKOUE,FACILITY AT LEVEL 4: DUEKOUE
YVdXYdu7Nqd,Côte d'Ivoire,GONTOUGO,BONDOUKOU,FACILITY AT LEVEL 4: BONDOUKOU
YVhs7K8Gd58,Côte d'Ivoire,HAUT SASSANDRA,VAVOUA,FACILITY AT LEVEL 4: VAVOUA
yvLPBoBydjF,Côte d'Ivoire,ABIDJAN 1,YOPOUGON-OUEST SONGON,FACILITY AT LEVEL 4: YOPOUGON-OUEST SONGON
yVnvjOMB5pZ,Côte d'Ivoire,GONTOUGO,BONDOUKOU,FACILITY AT LEVEL 4: BONDOUKOU
YVsbNJVobsS,Côte d'Ivoire,GÔH,GAGNOA 1,FACILITY AT LEVEL 4: GAGNOA 1
YVub7QjM6T0,Côte d'Ivoire,GRANDS PONTS,GRAND-LAHOU,FACILITY AT LEVEL 4: GRAND-LAHOU
YVVUHC0nsIT,Côte d'Ivoire,GONTOUGO,BONDOUKOU,FACILITY AT LEVEL 4: BONDOUKOU
yW3V2x9urRt,Côte d'Ivoire,SAN PEDRO,SAN-PEDRO,FACILITY AT LEVEL 4: SAN-PEDRO
yWgDMAeUum4,Côte d'Ivoire,IFFOU,DAOUKRO,FACILITY AT LEVEL 4: DAOUKRO
ywHRE9TZ7CG,Côte d'Ivoire,INDENIE-DUABLIN,AGNIBILEKROU,FACILITY AT LEVEL 4: AGNIBILEKROU
yWhxXlPgUTM,Côte d'Ivoire,GONTOUGO,KOUN-FAO,FACILITY AT LEVEL 4: KOUN-FAO
YWi8kJWrHme,Côte d'Ivoire,ABIDJAN 2,COCODY BINGERVILLE,FACILITY AT LEVEL 4: COCODY BINGERVILLE
yWoOwu9hcKZ,Côte d'Ivoire,ABIDJAN 2,COCODY BINGERVILLE,FACILITY AT LEVEL 4: COCODY BINGERVILLE
yWpe3oHnTZc,Côte d'Ivoire,ABIDJAN 1,YOPOUGON-EST,FACILITY AT LEVEL 4: YOPOUGON-EST
YwrmpoyhmfK,Côte d'Ivoire,ABIDJAN 2,COCODY BINGERVILLE,FACILITY AT LEVEL 4: COCODY BINGERVILLE
ywVXVpVBweL,Côte d'Ivoire,ABIDJAN 1,YOPOUGON-OUEST SONGON,FACILITY AT LEVEL 4: YOPOUGON-OUEST SONGON
YxDztbZTXq4,Côte d'Ivoire,LÔH-DJIBOUA,DIVO,FACILITY AT LEVEL 4: DIVO
YxtipXA59uX,Côte d'Ivoire,SAN PEDRO,TABOU,FACILITY AT LEVEL 4: TABOU
yxWgtnhFyMO,Côte d'Ivoire,ABIDJAN 2,ADJAME-PLATEAU-ATTECOUBE,FACILITY AT LEVEL 4: ADJAME-PLATEAU-ATTECOUBE
yY8WLY9gRhm,Côte d'Ivoire,GBEKE,BOTRO,FACILITY AT LEVEL 4: BOTRO
YYf9h9gIwpW,Côte d'Ivoire,GBEKE,BOUAKE NORD-EST,FACILITY AT LEVEL 4: BOUAKE NORD-EST
YYhpaiyEsmd,Côte d'Ivoire,SAN PEDRO,SAN-PEDRO,FACILITY AT LEVEL 4: SAN-PEDRO
yykWt5OKhY3,Côte d'Ivoire,BELIER,YAMOUSSOUKRO,FACILITY AT LEVEL 4: YAMOUSSOUKRO
YYWlNyNPPdZ,Côte d'Ivoire,ME,ADZOPE,FACILITY AT LEVEL 4: ADZOPE
YyXCdYoRUBN,Côte d'Ivoire,INDENIE-DUABLIN,ABENGOUROU,FACILITY AT LEVEL 4: ABENGOUROU
YyxzpZpB2s7,Côte d'Ivoire,BELIER,YAMOUSSOUKRO,FACILITY AT LEVEL 4: YAMOUSSOUKRO
YYYtsHB9ZmB,Côte d'Ivoire,GÔH,GAGNOA 1,FACILITY AT LEVEL 4: GAGNOA 1
yZ1G55WmmC2,Côte d'Ivoire,ABIDJAN 1,ABOBO OUEST,FACILITY AT LEVEL 4: ABOBO OUEST
yzg6w2Z0VP5,Côte d'Ivoire,AGNEBY-TIASSA,AGBOVILLE,FACILITY AT LEVEL 4: AGBOVILLE
yZgW4ocTGgY,Côte d'Ivoire,PORO,KORHOGO 1,FACILITY AT LEVEL 4: KORHOGO 1
yzlfbdvi3wz,Côte d'Ivoire,GUEMON,BANGOLO,FACILITY AT LEVEL 4: BANGOLO
yzpBZ6WONMz,Côte d'Ivoire,BELIER,YAMOUSSOUKRO,FACILITY AT LEVEL 4: YAMOUSSOUKRO
yZpGcAnW6XP,Côte d'Ivoire,ABIDJAN 1,YOPOUGON-OUEST SONGON,FACILITY AT LEVEL 4: YOPOUGON-OUEST SONGON
yzyTRoBQBtr,Côte d'Ivoire,KABADOUGOU,ODIENNE,FACILITY AT LEVEL 4: ODIENNE
z01qogI8qS0,Côte d'Ivoire,GBEKE,BEOUMI,FACILITY AT LEVEL 4: BEOUMI
z0jGRBxKc0e,Côte d'Ivoire,NAWA,SOUBRE,FACILITY AT LEVEL 4: SOUBRE
z10oLuMLhng,Côte d'Ivoire,SUD-COMOE,TIAPOUM,FACILITY AT LEVEL 4: TIAPOUM
z1hFWNXaAgG,Côte d'Ivoire,WORODOUGOU,SEGUELA,FACILITY AT LEVEL 4: SEGUELA
Z1kuM14s5o8,Côte d'Ivoire,GBOKLE,SASSANDRA,FACILITY AT LEVEL 4: SASSANDRA
Z1oFsYPvaqa,Côte d'Ivoire,ABIDJAN 1,YOPOUGON-EST,FACILITY AT LEVEL 4: YOPOUGON-EST
z234PZ30yaw,Côte d'Ivoire,MORONOU,M'BATTO,FACILITY AT LEVEL 4: M'BATTO
Z2NT1Ymafhj,Côte d'Ivoire,IFFOU,PRIKRO,FACILITY AT LEVEL 4: PRIKRO
z2SOH8fKQcS,Côte d'Ivoire,BAFING,TOUBA,FACILITY AT LEVEL 4: TOUBA
Z2tbmxM5jWr,Côte d'Ivoire,ABIDJAN 2,TREICHVILLE-MARCORY,FACILITY AT LEVEL 4: TREICHVILLE-MARCORY
z2wbCSXk3cW,Côte d'Ivoire,GBOKLE,SASSANDRA,FACILITY AT LEVEL 4: SASSANDRA
Z2wOMp0cYdZ,Côte d'Ivoire,ABIDJAN 2,COCODY BINGERVILLE,FACILITY AT LEVEL 4: COCODY BINGERVILLE
z2X1vurdKjs,Côte d'Ivoire,TONKPI,MAN,FACILITY AT LEVEL 4: MAN
z2ywSle628B,Côte d'Ivoire,ABIDJAN 2,COCODY BINGERVILLE,FACILITY AT LEVEL 4: COCODY BINGERVILLE
Z3EvzPMuHR9,Côte d'Ivoire,CAVALLY,BLOLEQUIN,FACILITY AT LEVEL 4: BLOLEQUIN
z3GifKe9KnP,Côte d'Ivoire,HAUT SASSANDRA,ZOUKOUGBEU,FACILITY AT LEVEL 4: ZOUKOUGBEU
Z3mlfLeGQKp,Côte d'Ivoire,GÔH,GAGNOA 2,FACILITY AT LEVEL 4: GAGNOA 2
Z3qExYRw8yt,Côte d'Ivoire,SUD-COMOE,ABOISSO,FACILITY AT LEVEL 4: ABOISSO
z3UW3WdLXMB,Côte d'Ivoire,TCHOLOGO,FERKESSEDOUGOU,FACILITY AT LEVEL 4: FERKESSEDOUGOU
z45OoUS0RO8,Côte d'Ivoire,SUD-COMOE,ABOISSO,FACILITY AT LEVEL 4: ABOISSO
z4Ha0Z8mixb,Côte d'Ivoire,NAWA,SOUBRE,FACILITY AT LEVEL 4: SOUBRE
Z4ta9ElJxxI,Côte d'Ivoire,ABIDJAN 2,KOUMASSI,FACILITY AT LEVEL 4: KOUMASSI
Z4wpKievfTL,Côte d'Ivoire,HAMBOL,DABAKALA,FACILITY AT LEVEL 4: DABAKALA
z5f0B6XGCmu,Côte d'Ivoire,ABIDJAN 2,COCODY BINGERVILLE,FACILITY AT LEVEL 4: COCODY BINGERVILLE
Z5X0ey7qWe7,Côte d'Ivoire,KABADOUGOU,ODIENNE,FACILITY AT LEVEL 4: ODIENNE
Z6bKbQFioAO,Côte d'Ivoire,NAWA,BUYO,FACILITY AT LEVEL 4: BUYO
Z6rZGiI0Zh1,Côte d'Ivoire,ABIDJAN 2,ADJAME-PLATEAU-ATTECOUBE,FACILITY AT LEVEL 4: ADJAME-PLATEAU-ATTECOUBE
Z6wIsiN1L79,Côte d'Ivoire,GBOKLE,SASSANDRA,FACILITY AT LEVEL 4: SASSANDRA
z72Le3wcqyG,Côte d'Ivoire,PORO,KORHOGO 1,FACILITY AT LEVEL 4: KORHOGO 1
Z7C8QERwPV1,Côte d'Ivoire,ABIDJAN 2,COCODY BINGERVILLE,FACILITY AT LEVEL 4: COCODY BINGERVILLE
Z7duDEkgWvY,Côte d'Ivoire,TONKPI,DANANE,FACILITY AT LEVEL 4: DANANE
Z7l1EF8BwqQ,Côte d'Ivoire,GÔH,GAGNOA 2,FACILITY AT LEVEL 4: GAGNOA 2
z7qXX5LXkE9,Côte d'Ivoire,CAVALLY,GUIGLO,FACILITY AT LEVEL 4: GUIGLO
z7ZpVK1KJqZ,Côte d'Ivoire,ABIDJAN 1,YOPOUGON-EST,FACILITY AT LEVEL 4: YOPOUGON-EST
Z8gNliJqFvQ,Côte d'Ivoire,MORONOU,BONGOUANOU,FACILITY AT LEVEL 4: BONGOUANOU
Z8kUpDIIQvk,Côte d'Ivoire,ABIDJAN 2,PORT-BOUET-VRIDI,FACILITY AT LEVEL 4: PORT-BOUET-VRIDI
z955P3cCmvA,Côte d'Ivoire,BELIER,YAMOUSSOUKRO,FACILITY AT LEVEL 4: YAMOUSSOUKRO
Z9iHn0yMX8b,Côte d'Ivoire,ABIDJAN 2,COCODY BINGERVILLE,FACILITY AT LEVEL 4: COCODY BINGERVILLE
z9lFsLb6Tnu,Côte d'Ivoire,BELIER,DIDIEVI,FACILITY AT LEVEL 4: DIDIEVI
Za4kZK4GAnV,Côte d'Ivoire,GUEMON,BANGOLO,FACILITY AT LEVEL 4: BANGOLO
ZA6OckFMH8y,Côte d'Ivoire,GBEKE,BOUAKE NORD-OUEST,FACILITY AT LEVEL 4: BOUAKE NORD-OUEST
zABs0LRlJWZ,Côte d'Ivoire,ABIDJAN 1,YOPOUGON-EST,FACILITY AT LEVEL 4: YOPOUGON-EST
ZAGlASWwLnR,Côte d'Ivoire,MORONOU,M'BATTO,FACILITY AT LEVEL 4: M'BATTO
zajjkmuN1Ok,Côte d'Ivoire,PORO,KORHOGO 1,FACILITY AT LEVEL 4: KORHOGO 1
ZanaTGoZue7,Côte d'Ivoire,ME,ADZOPE,FACILITY AT LEVEL 4: ADZOPE
zarirFTbETw,Côte d'Ivoire,TONKPI,MAN,FACILITY AT LEVEL 4: MAN
ZarzH6dbVZh,Côte d'Ivoire,LÔH-DJIBOUA,LAKOTA,FACILITY AT LEVEL 4: LAKOTA
zb00vTMZ06a,Côte d'Ivoire,BAFING,TOUBA,FACILITY AT LEVEL 4: TOUBA
zbFaAG32TlE,Côte d'Ivoire,ABIDJAN 1,ABOBO EST,FACILITY AT LEVEL 4: ABOBO EST
zbIHO9e09Ei,Côte d'Ivoire,BELIER,TOUMODI,FACILITY AT LEVEL 4: TOUMODI
zBKIqG1R5g9,Côte d'Ivoire,ABIDJAN 2,PORT-BOUET-VRIDI,FACILITY AT LEVEL 4: PORT-BOUET-VRIDI
ZboGPCG8kQv,Côte d'Ivoire,TONKPI,DANANE,FACILITY AT LEVEL 4: DANANE
zbz3PIscPzD,Côte d'Ivoire,ABIDJAN 1,ABOBO OUEST,FACILITY AT LEVEL 4: ABOBO OUEST
Zc5gvyjaSUb,Côte d'Ivoire,GRANDS PONTS,DABOU,FACILITY AT LEVEL 4: DABOU
zCB6jqb11v5,Côte d'Ivoire,INDENIE-DUABLIN,ABENGOUROU,FACILITY AT LEVEL 4: ABENGOUROU
ZCBhvGpapJT,Côte d'Ivoire,GBEKE,BOTRO,FACILITY AT LEVEL 4: BOTRO
zcBK4H6D8tl,Côte d'Ivoire,PORO,KORHOGO 1,FACILITY AT LEVEL 4: KORHOGO 1
ZcerdbZOQ06,Côte d'Ivoire,ABIDJAN 2,COCODY BINGERVILLE,FACILITY AT LEVEL 4: COCODY BINGERVILLE
ZCFOvxRtTNa,Côte d'Ivoire,SAN PEDRO,TABOU,FACILITY AT LEVEL 4: TABOU
ZCQTLSxANIq,Côte d'Ivoire,GBEKE,BOUAKE NORD-EST,FACILITY AT LEVEL 4: BOUAKE NORD-EST
zD4VWAyy2uh,Côte d'Ivoire,ABIDJAN 2,ADJAME-PLATEAU-ATTECOUBE,FACILITY AT LEVEL 4: ADJAME-PLATEAU-ATTECOUBE
ZddwSsiUgZ8,Côte d'Ivoire,SAN PEDRO,SAN-PEDRO,FACILITY AT LEVEL 4: SAN-PEDRO
ZDq48uzhwgp,Côte d'Ivoire,HAUT SASSANDRA,VAVOUA,FACILITY AT LEVEL 4: VAVOUA
zDuzwnbQOFT,Côte d'Ivoire,TCHOLOGO,OUANGOLODOUGOU,FACILITY AT LEVEL 4: OUANGOLODOUGOU
Zdv5VuPLcR6,Côte d'Ivoire,GRANDS PONTS,JACQUEVILLE,FACILITY AT LEVEL 4: JACQUEVILLE
ZE830mSvJIj,Côte d'Ivoire,HAUT SASSANDRA,DALOA,FACILITY AT LEVEL 4: DALOA
ZEDKoJgFXPz,Côte d'Ivoire,LÔH-DJIBOUA,LAKOTA,FACILITY AT LEVEL 4: LAKOTA
zeKQE1sXgtP,Côte d'Ivoire,BELIER,TIEBISSOU,FACILITY AT LEVEL 4: TIEBISSOU
zepc4Bi3Z3w,Côte d'Ivoire,ABIDJAN 2,COCODY BINGERVILLE,FACILITY AT LEVEL 4: COCODY BINGERVILLE
zerKCK3Ncn3,Côte d'Ivoire,MARAHOUE,BOUAFLE,FACILITY AT LEVEL 4: BOUAFLE
zeUM6KXiilI,Côte d'Ivoire,FOLON,KANIASSO,FACILITY AT LEVEL 4: KANIASSO
zfaQmyZq12J,Côte d'Ivoire,SAN PEDRO,TABOU,FACILITY AT LEVEL 4: TABOU
ZFvOc6I47s9,Côte d'Ivoire,MARAHOUE,BOUAFLE,FACILITY AT LEVEL 4: BOUAFLE
zfXBjurB08n,Côte d'Ivoire,ABIDJAN 1,ABOBO OUEST,FACILITY AT LEVEL 4: ABOBO OUEST
zg0aLWfPd6T,Côte d'Ivoire,GÔH,GAGNOA 1,FACILITY AT LEVEL 4: GAGNOA 1
zgDKc8tteWj,Côte d'Ivoire,SAN PEDRO,SAN-PEDRO,FACILITY AT LEVEL 4: SAN-PEDRO
ZGHtM1ou2fs,Côte d'Ivoire,ABIDJAN 2,ADJAME-PLATEAU-ATTECOUBE,FACILITY AT LEVEL 4: ADJAME-PLATEAU-ATTECOUBE
ZgiFBCF62hK,Côte d'Ivoire,ABIDJAN 2,TREICHVILLE-MARCORY,FACILITY AT LEVEL 4: TREICHVILLE-MARCORY
ZGLUWWvIzZE,Côte d'Ivoire,GÔH,GAGNOA 2,FACILITY AT LEVEL 4: GAGNOA 2
ZgMX4aKzw7s,Côte d'Ivoire,GRANDS PONTS,DABOU,FACILITY AT LEVEL 4: DABOU
zGNoSkzl7SA,Côte d'Ivoire,GBEKE,BEOUMI,FACILITY AT LEVEL 4: BEOUMI
zgQfvxrYSer,Côte d'Ivoire,PORO,KORHOGO 1,FACILITY AT LEVEL 4: KORHOGO 1
ZgqwIR8aZNk,Côte d'Ivoire,SAN PEDRO,TABOU,FACILITY AT LEVEL 4: TABOU
ZgrJfynih78,Côte d'Ivoire,GBEKE,BOUAKE-SUD,FACILITY AT LEVEL 4: BOUAKE-SUD
zGSjJCRzww1,Côte d'Ivoire,WORODOUGOU,SEGUELA,FACILITY AT LEVEL 4: SEGUELA
zgtSMt1VSVZ,Côte d'Ivoire,GBEKE,BOTRO,FACILITY AT LEVEL 4: BOTRO
zgYDcAtX11n,Côte d'Ivoire,N'ZI,KOUASSI KOUASSIKRO,FACILITY AT LEVEL 4: KOUASSI KOUASSIKRO
ZgYzJWj5W0a,Côte d'Ivoire,LÔH-DJIBOUA,DIVO,FACILITY AT LEVEL 4: DIVO
ZHaIFGe4NGT,Côte d'Ivoire,HAUT SASSANDRA,DALOA,FACILITY AT LEVEL 4: DALOA
ZhEUDUqyOWy,Côte d'Ivoire,IFFOU,DAOUKRO,FACILITY AT LEVEL 4: DAOUKRO
zHucVTWtUXj,Côte d'Ivoire,PORO,SINEMATIALI,FACILITY AT LEVEL 4: SINEMATIALI
zI7AWPJuHvs,Côte d'Ivoire,ABIDJAN 2,TREICHVILLE-MARCORY,FACILITY AT LEVEL 4: TREICHVILLE-MARCORY
ziEI3G0q7H0,Côte d'Ivoire,HAMBOL,DABAKALA,FACILITY AT LEVEL 4: DABAKALA
zIJBpRLfC4n,Côte d'Ivoire,SAN PEDRO,TABOU,FACILITY AT LEVEL 4: TABOU
ZiZ8obzUll5,Côte d'Ivoire,ABIDJAN 2,COCODY BINGERVILLE,FACILITY AT LEVEL 4: COCODY BINGERVILLE
zIZSAkPBYtf,Côte d'Ivoire,BELIER,TIEBISSOU,FACILITY AT LEVEL 4: TIEBISSOU
ZJ1fINtWZaV,Côte d'Ivoire,IFFOU,PRIKRO,FACILITY AT LEVEL 4: PRIKRO
ZJ6u61HhRVX,Côte d'Ivoire,GÔH,GAGNOA 1,FACILITY AT LEVEL 4: GAGNOA 1
ZjlSWouBQCf,Côte d'Ivoire,ABIDJAN 2,COCODY BINGERVILLE,FACILITY AT LEVEL 4: COCODY BINGERVILLE
zJOO4X9NRby,Côte d'Ivoire,ABIDJAN 1,ABOBO EST,FACILITY AT LEVEL 4: ABOBO EST
ZJPxnDs9bfO,Côte d'Ivoire,HAUT SASSANDRA,DALOA,FACILITY AT LEVEL 4: DALOA
ZJqzAlM5CM1,Côte d'Ivoire,BERE,MANKONO,FACILITY AT LEVEL 4: MANKONO
ZjTE6pmW02y,Côte d'Ivoire,GONTOUGO,KOUN-FAO,FACILITY AT LEVEL 4: KOUN-FAO
ZjuGTrJabtB,Côte d'Ivoire,BELIER,TIEBISSOU,FACILITY AT LEVEL 4: TIEBISSOU
zK03D5gf7wT,Côte d'Ivoire,N'ZI,DIMBOKRO,FACILITY AT LEVEL 4: DIMBOKRO
zk3VJfISOJP,Côte d'Ivoire,BAFING,TOUBA,FACILITY AT LEVEL 4: TOUBA
zKBGP6TDea4,Côte d'Ivoire,SUD-COMOE,GRAND-BASSAM,FACILITY AT LEVEL 4: GRAND-BASSAM
zKC8EatPme1,Côte d'Ivoire,GBEKE,SAKASSOU,FACILITY AT LEVEL 4: SAKASSOU
ZKGEVm2sCiu,Côte d'Ivoire,HAUT SASSANDRA,DALOA,FACILITY AT LEVEL 4: DALOA
ZKJnsGv2sWe,Côte d'Ivoire,GRANDS PONTS,GRAND-LAHOU,FACILITY AT LEVEL 4: GRAND-LAHOU
zKvDNHKAmFD,Côte d'Ivoire,ME,AKOUPE,FACILITY AT LEVEL 4: AKOUPE
zl0n5dVPAao,Côte d'Ivoire,NAWA,SOUBRE,FACILITY AT LEVEL 4: SOUBRE
zl33o8ENvDJ,Côte d'Ivoire,TONKPI,DANANE,FACILITY AT LEVEL 4: DANANE
ZL5lNJJiG9j,Côte d'Ivoire,ABIDJAN 2,ADJAME-PLATEAU-ATTECOUBE,FACILITY AT LEVEL 4: ADJAME-PLATEAU-ATTECOUBE
zL6SPqoh2W3,Côte d'Ivoire,FOLON,KANIASSO,FACILITY AT LEVEL 4: KANIASSO
ZLF6LA2P0HT,Côte d'Ivoire,BELIER,YAMOUSSOUKRO,FACILITY AT LEVEL 4: YAMOUSSOUKRO
zLqJOW4aqN0,Côte d'Ivoire,BELIER,TOUMODI,FACILITY AT LEVEL 4: TOUMODI
ZLrE3dtwW1D,Côte d'Ivoire,GBEKE,SAKASSOU,FACILITY AT LEVEL 4: SAKASSOU
ZlUc0Xg8DBQ,Côte d'Ivoire,ABIDJAN 1,ANYAMA,FACILITY AT LEVEL 4: ANYAMA
ZlvXUWvIMks,Côte d'Ivoire,SAN PEDRO,SAN-PEDRO,FACILITY AT LEVEL 4: SAN-PEDRO
zM4czlmCz24,Côte d'Ivoire,IFFOU,MBAHIAKRO,FACILITY AT LEVEL 4: MBAHIAKRO
zMD9L7M0ud9,Côte d'Ivoire,HAUT SASSANDRA,ISSIA,FACILITY AT LEVEL 4: ISSIA
zmE99HmGYpv,Côte d'Ivoire,BELIER,YAMOUSSOUKRO,FACILITY AT LEVEL 4: YAMOUSSOUKRO
zMljBpDbSPw,Côte d'Ivoire,BERE,KOUNAHIRI,FACILITY AT LEVEL 4: KOUNAHIRI
ZMrYua0m4nJ,Côte d'Ivoire,ABIDJAN 2,KOUMASSI,FACILITY AT LEVEL 4: KOUMASSI
zmSzEw8GF2l,Côte d'Ivoire,GRANDS PONTS,GRAND-LAHOU,FACILITY AT LEVEL 4: GRAND-LAHOU
ZMx1AIF0rXm,Côte d'Ivoire,IFFOU,DAOUKRO,FACILITY AT LEVEL 4: DAOUKRO
zmYjMV1SwZs,Côte d'Ivoire,MARAHOUE,ZUENOULA,FACILITY AT LEVEL 4: ZUENOULA
zNBwz36UuyW,Côte d'Ivoire,GBEKE,BOUAKE NORD-OUEST,FACILITY AT LEVEL 4: BOUAKE NORD-OUEST
ZNEXRG9L02p,Côte d'Ivoire,LÔH-DJIBOUA,DIVO,FACILITY AT LEVEL 4: DIVO
ZNrY0pWI2OA,Côte d'Ivoire,HAUT SASSANDRA,VAVOUA,FACILITY AT LEVEL 4: VAVOUA
znVU9rh0GEe,Côte d'Ivoire,WORODOUGOU,SEGUELA,FACILITY AT LEVEL 4: SEGUELA
zNWXUETn6ce,Côte d'Ivoire,BELIER,DIDIEVI,FACILITY AT LEVEL 4: DIDIEVI
ZNzYxYKIMXp,Côte d'Ivoire,GRANDS PONTS,DABOU,FACILITY AT LEVEL 4: DABOU
zo4GCx08IiQ,Côte d'Ivoire,ME,ADZOPE,FACILITY AT LEVEL 4: ADZOPE
Zo8SxVm8zzF,Côte d'Ivoire,INDENIE-DUABLIN,AGNIBILEKROU,FACILITY AT LEVEL 4: AGNIBILEKROU
Zo9Hioplv9Z,Côte d'Ivoire,FOLON,MINIGNAN,FACILITY AT LEVEL 4: MINIGNAN
ZOaH2Sa9XVO,Côte d'Ivoire,PORO,KORHOGO 1,FACILITY AT LEVEL 4: KORHOGO 1
zobViLy7lWs,Côte d'Ivoire,TONKPI,ZOUAN-HOUNIEN,FACILITY AT LEVEL 4: ZOUAN-HOUNIEN
zOD766gvaqN,Côte d'Ivoire,ABIDJAN 2,COCODY BINGERVILLE,FACILITY AT LEVEL 4: COCODY BINGERVILLE
zODZfEOKNHC,Côte d'Ivoire,AGNEBY-TIASSA,AGBOVILLE,FACILITY AT LEVEL 4: AGBOVILLE
ZoGcht7rrzJ,Côte d'Ivoire,ABIDJAN 2,KOUMASSI,FACILITY AT LEVEL 4: KOUMASSI
zohdJWi6RFq,Côte d'Ivoire,N'ZI,BOCANDA,FACILITY AT LEVEL 4: BOCANDA
zOkSIyUWV3U,Côte d'Ivoire,KABADOUGOU,ODIENNE,FACILITY AT LEVEL 4: ODIENNE
zOQ8bMRRM0R,Côte d'Ivoire,INDENIE-DUABLIN,ABENGOUROU,FACILITY AT LEVEL 4: ABENGOUROU
ZoTFLp2zdOW,Côte d'Ivoire,CAVALLY,TAI,FACILITY AT LEVEL 4: TAI
ZOyEYFBKVTa,Côte d'Ivoire,ABIDJAN 1,YOPOUGON-EST,FACILITY AT LEVEL 4: YOPOUGON-EST
Zp8mxkuN2C8,Côte d'Ivoire,SUD-COMOE,ABOISSO,FACILITY AT LEVEL 4: ABOISSO
ZPD1n8jJoJ0,Côte d'Ivoire,ABIDJAN 1,ABOBO EST,FACILITY AT LEVEL 4: ABOBO EST
ZPFtyoXKG43,Côte d'Ivoire,MORONOU,BONGOUANOU,FACILITY AT LEVEL 4: BONGOUANOU
Zpg7xK5Dp9V,Côte d'Ivoire,CAVALLY,TOULEPLEU,FACILITY AT LEVEL 4: TOULEPLEU
zpJovpBBfKM,Côte d'Ivoire,SAN PEDRO,TABOU,FACILITY AT LEVEL 4: TABOU
Zpo04q79JlW,Côte d'Ivoire,KABADOUGOU,ODIENNE,FACILITY AT LEVEL 4: ODIENNE
zpTlA0mecnK,Côte d'Ivoire,ABIDJAN 2,ADJAME-PLATEAU-ATTECOUBE,FACILITY AT LEVEL 4: ADJAME-PLATEAU-ATTECOUBE
ZPza58qYWCV,Côte d'Ivoire,AGNEBY-TIASSA,TIASSALE,FACILITY AT LEVEL 4: TIASSALE
ZqD8hC8KQhj,Côte d'Ivoire,SUD-COMOE,ADIAKE,FACILITY AT LEVEL 4: ADIAKE
ZqeYgCpP2VM,Côte d'Ivoire,BAFING,TOUBA,FACILITY AT LEVEL 4: TOUBA
zqiGf0gpDg1,Côte d'Ivoire,BAGOUE,KOUTO,FACILITY AT LEVEL 4: KOUTO
ZQOs27kVIOZ,Côte d'Ivoire,ABIDJAN 2,COCODY BINGERVILLE,FACILITY AT LEVEL 4: COCODY BINGERVILLE
ZquS8tb9amg,Côte d'Ivoire,ABIDJAN 1,ABOBO EST,FACILITY AT LEVEL 4: ABOBO EST
zr3X5VszkUJ,Côte d'Ivoire,ABIDJAN 2,COCODY BINGERVILLE,FACILITY AT LEVEL 4: COCODY BINGERVILLE
ZR6YVkSqGp4,Côte d'Ivoire,AGNEBY-TIASSA,TIASSALE,FACILITY AT LEVEL 4: TIASSALE
zrAoRNoLXxo,Côte d'Ivoire,ABIDJAN 1,ABOBO OUEST,FACILITY AT LEVEL 4: ABOBO OUEST
ZRDIMjkJBbd,Côte d'Ivoire,WORODOUGOU,KANI,FACILITY AT LEVEL 4: KANI
zrFMzXTGW5t,Côte d'Ivoire,HAMBOL,KATIOLA,FACILITY AT LEVEL 4: KATIOLA
ZrmM51S7ySE,Côte d'Ivoire,ABIDJAN 2,ADJAME-PLATEAU-ATTECOUBE,FACILITY AT LEVEL 4: ADJAME-PLATEAU-ATTECOUBE
zrO4npQ018X,Côte d'Ivoire,BELIER,TOUMODI,FACILITY AT LEVEL 4: TOUMODI
zRoVj3nwHaf,Côte d'Ivoire,GRANDS PONTS,GRAND-LAHOU,FACILITY AT LEVEL 4: GRAND-LAHOU
Zrq4LESheJZ,Côte d'Ivoire,ABIDJAN 2,ADJAME-PLATEAU-ATTECOUBE,FACILITY AT LEVEL 4: ADJAME-PLATEAU-ATTECOUBE
zrRnmB6gD18,Côte d'Ivoire,HAUT SASSANDRA,VAVOUA,FACILITY AT LEVEL 4: VAVOUA
zRt77oIajSb,Côte d'Ivoire,HAUT SASSANDRA,ISSIA,FACILITY AT LEVEL 4: ISSIA
zrX32H9sf55,Côte d'Ivoire,SUD-COMOE,GRAND-BASSAM,FACILITY AT LEVEL 4: GRAND-BASSAM
ZRxBNGxdKBv,Côte d'Ivoire,ABIDJAN 2,ADJAME-PLATEAU-ATTECOUBE,FACILITY AT LEVEL 4: ADJAME-PLATEAU-ATTECOUBE
zS8eSPDMsA1,Côte d'Ivoire,IFFOU,MBAHIAKRO,FACILITY AT LEVEL 4: MBAHIAKRO
zsbzewHbvxu,Côte d'Ivoire,BOUNKANI,DOROPO,FACILITY AT LEVEL 4: DOROPO
zsCdrJq77DX,Côte d'Ivoire,ABIDJAN 2,COCODY BINGERVILLE,FACILITY AT LEVEL 4: COCODY BINGERVILLE
zsk7VH8ScI7,Côte d'Ivoire,TONKPI,MAN,FACILITY AT LEVEL 4: MAN
zSO7Df60Xs1,Côte d'Ivoire,GBEKE,BOUAKE-SUD,FACILITY AT LEVEL 4: BOUAKE-SUD
zsXEXZmu6Yw,Côte d'Ivoire,CAVALLY,GUIGLO,FACILITY AT LEVEL 4: GUIGLO
Zt64WrJ7IfY,Côte d'Ivoire,HAUT SASSANDRA,ISSIA,FACILITY AT LEVEL 4: ISSIA
ZTAhCOTGuwy,Côte d'Ivoire,MORONOU,M'BATTO,FACILITY AT LEVEL 4: M'BATTO
ztBrg9qunbt,Côte d'Ivoire,ABIDJAN 2,COCODY BINGERVILLE,FACILITY AT LEVEL 4: COCODY BINGERVILLE
ZTK1Y2ZftV2,Côte d'Ivoire,MORONOU,BONGOUANOU,FACILITY AT LEVEL 4: BONGOUANOU
ZTlF5mYids5,Côte d'Ivoire,GBEKE,BOUAKE NORD-EST,FACILITY AT LEVEL 4: BOUAKE NORD-EST
ztlhMo0ZNhV,Côte d'Ivoire,GBEKE,BOUAKE NORD-OUEST,FACILITY AT LEVEL 4: BOUAKE NORD-OUEST
zUdyiCV4CIs,Côte d'Ivoire,SUD-COMOE,ABOISSO,FACILITY AT LEVEL 4: ABOISSO
ZulLBW1AQXc,Côte d'Ivoire,ABIDJAN 2,PORT-BOUET-VRIDI,FACILITY AT LEVEL 4: PORT-BOUET-VRIDI
zUOc5LTBlHk,Côte d'Ivoire,ABIDJAN 2,COCODY BINGERVILLE,FACILITY AT LEVEL 4: COCODY BINGERVILLE
ZUPlEAO5sFR,Côte d'Ivoire,GRANDS PONTS,DABOU,FACILITY AT LEVEL 4: DABOU
zUpyRGmtWRt,Côte d'Ivoire,GBOKLE,SASSANDRA,FACILITY AT LEVEL 4: SASSANDRA
zUqh7X2Mxx0,Côte d'Ivoire,SUD-COMOE,GRAND-BASSAM,FACILITY AT LEVEL 4: GRAND-BASSAM
zutWwHeapc6,Côte d'Ivoire,TONKPI,DANANE,FACILITY AT LEVEL 4: DANANE
ZUwoAwYI5VL,Côte d'Ivoire,ABIDJAN 1,YOPOUGON-EST,FACILITY AT LEVEL 4: YOPOUGON-EST
zV1GjNSVQ0v,Côte d'Ivoire,HAUT SASSANDRA,VAVOUA,FACILITY AT LEVEL 4: VAVOUA
zv7j9KieSrq,Côte d'Ivoire,GONTOUGO,BONDOUKOU,FACILITY AT LEVEL 4: BONDOUKOU
ZVsFK9S7iCz,Côte d'Ivoire,GUEMON,KOUIBLY,FACILITY AT LEVEL 4: KOUIBLY
ZVUYL1CCEru,Côte d'Ivoire,ABIDJAN 2,COCODY BINGERVILLE,FACILITY AT LEVEL 4: COCODY BINGERVILLE
ZW4Krr5ekhP,Côte d'Ivoire,BELIER,YAMOUSSOUKRO,FACILITY AT LEVEL 4: YAMOUSSOUKRO
zw7QKjueLpj,Côte d'Ivoire,ABIDJAN 2,PORT-BOUET-VRIDI,FACILITY AT LEVEL 4: PORT-BOUET-VRIDI
zw8HAdV98ZC,Côte d'Ivoire,INDENIE-DUABLIN,ABENGOUROU,FACILITY AT LEVEL 4: ABENGOUROU
ZWNfo2odfQB,Côte d'Ivoire,GUEMON,DUEKOUE,FACILITY AT LEVEL 4: DUEKOUE
Zwws5CQatMx,Côte d'Ivoire,GRANDS PONTS,DABOU,FACILITY AT LEVEL 4: DABOU
ZX0qwn83NmC,Côte d'Ivoire,TCHOLOGO,FERKESSEDOUGOU,FACILITY AT LEVEL 4: FERKESSEDOUGOU
zx8fvisx0SV,Côte d'Ivoire,LÔH-DJIBOUA,DIVO,FACILITY AT LEVEL 4: DIVO
ZxE5mEEYwLz,Côte d'Ivoire,MARAHOUE,ZUENOULA,FACILITY AT LEVEL 4: ZUENOULA
zXOXq5Z5k9Y,Côte d'Ivoire,GRANDS PONTS,GRAND-LAHOU,FACILITY AT LEVEL 4: GRAND-LAHOU
zXPBoSc4KyM,Côte d'Ivoire,KABADOUGOU,ODIENNE,FACILITY AT LEVEL 4: ODIENNE
ZxQ4QMmwXNU,Côte d'Ivoire,ABIDJAN 2,ADJAME-PLATEAU-ATTECOUBE,FACILITY AT LEVEL 4: ADJAME-PLATEAU-ATTECOUBE
ZxRA0U655yW,Côte d'Ivoire,HAMBOL,KATIOLA,FACILITY AT LEVEL 4: KATIOLA
ZXtZesiPjWJ,Côte d'Ivoire,ABIDJAN 1,ABOBO OUEST,FACILITY AT LEVEL 4: ABOBO OUEST
zycHXZMmlFY,Côte d'Ivoire,ABIDJAN 2,TREICHVILLE-MARCORY,FACILITY AT LEVEL 4: TREICHVILLE-MARCORY
zYeRb366Gj0,Côte d'Ivoire,ABIDJAN 2,COCODY BINGERVILLE,FACILITY AT LEVEL 4: COCODY BINGERVILLE
ZYGxMisgpXJ,Côte d'Ivoire,BOUNKANI,TEHINI,FACILITY AT LEVEL 4: TEHINI
Zyi7lDEFXEV,Côte d'Ivoire,LÔH-DJIBOUA,DIVO,FACILITY AT LEVEL 4: DIVO
zYpUuwyQFlD,Côte d'Ivoire,SUD-COMOE,ABOISSO,FACILITY AT LEVEL 4: ABOISSO
zyRTQBUnmHN,Côte d'Ivoire,GRANDS PONTS,DABOU,FACILITY AT LEVEL 4: DABOU
zYUGiHTVY9I,Côte d'Ivoire,BELIER,YAMOUSSOUKRO,FACILITY AT LEVEL 4: YAMOUSSOUKRO
ZYujNWJGn5B,Côte d'Ivoire,IFFOU,DAOUKRO,FACILITY AT LEVEL 4: DAOUKRO
ZyUPRVqmcT1,Côte d'Ivoire,BERE,MANKONO,FACILITY AT LEVEL 4: MANKONO
Zyw4NOI5mLn,Côte d'Ivoire,SUD-COMOE,GRAND-BASSAM,FACILITY AT LEVEL 4: GRAND-BASSAM
ZyWfkAqY8Ud,Côte d'Ivoire,ABIDJAN 2,KOUMASSI,FACILITY AT LEVEL 4: KOUMASSI
ZZ259bYVRaH,Côte d'Ivoire,ME,AKOUPE,FACILITY AT LEVEL 4: AKOUPE
Zz4Vmg1i7mN,Côte d'Ivoire,MARAHOUE,BOUAFLE,FACILITY AT LEVEL 4: BOUAFLE
zz81W4Pk0d6,Côte d'Ivoire,TONKPI,ZOUAN-HOUNIEN,FACILITY AT LEVEL 4: ZOUAN-HOUNIEN
zZ8z7D3wSNM,Côte d'Ivoire,PORO,KORHOGO 1,FACILITY AT LEVEL 4: KORHOGO 1
ZZAqTPgBn2S,Côte d'Ivoire,BERE,MANKONO,FACILITY AT LEVEL 4: MANKONO
zzbdqmpvTcI,Côte d'Ivoire,BELIER,TIEBISSOU,FACILITY AT LEVEL 4: TIEBISSOU
ZzhFJdCxxSv,Côte d'Ivoire,GUEMON,KOUIBLY,FACILITY AT LEVEL 4: KOUIBLY
zZJf4kjFDDS,Côte d'Ivoire,ABIDJAN 1,ABOBO OUEST,FACILITY AT LEVEL 4: ABOBO OUEST
ZZKTo2l3Afk,Côte d'Ivoire,GRANDS PONTS,DABOU,FACILITY AT LEVEL 4: DABOU
zztUpkj96gc,Côte d'Ivoire,PORO,KORHOGO 1,FACILITY AT LEVEL 4: KORHOGO 1
ZZYbPIT34Xp,Côte d'Ivoire,ABIDJAN 2,COCODY BINGERVILLE,FACILITY AT LEVEL 4: COCODY BINGERVILLE
ZZZ5r2A1Jye,Côte d'Ivoire,GBEKE,BOTRO,FACILITY AT LEVEL 4: BOTRO