facility_id,admin_area_1,admin_area_2,admin_area_3,admin_area_4
A0SSZxR8V5z,MOÇAMBIQUE,NAMPULA,MONAPO,FACILITY AT LEVEL 4: MONAPO
a1eoyaVa0ET,MOÇAMBIQUE,GAZA,CHIBUTO,FACILITY AT LEVEL 4: CHIBUTO
a1heQ4p4rvV,MOÇAMBIQUE,TETE,MARARA,FACILITY AT LEVEL 4: MARARA
a1izOXrOsNy,MOÇAMBIQUE,CABO DELGADO,MUIDUMBE,FACILITY AT LEVEL 4: MUIDUMBE
a1ymro2d2Mg,MOÇAMBIQUE,NAMPULA,MALEMA,FACILITY AT LEVEL 4: MALEMA
a2YasQD4kJk,MOÇAMBIQUE,TETE,MÁGOÈ,FACILITY AT LEVEL 4: MÁGOÈ
a32ZqD2E3Yx,MOÇAMBIQUE,MAPUTO CIDADE,KAMPFUMO,FACILITY AT LEVEL 4: KAMPFUMO
a33cvtuk1NA,MOÇAMBIQUE,MANICA,MACHAZE,FACILITY AT LEVEL 4: MACHAZE
A3PoJnxDNtG,MOÇAMBIQUE,TETE,DOA,FACILITY AT LEVEL 4: DOA
A46OcWC1yqL,MOÇAMBIQUE,MAPUTO CIDADE,NLHAMANKULU,FACILITY AT LEVEL 4: NLHAMANKULU
A53qiL4YX2Z,MOÇAMBIQUE,NIASSA,MECULA,FACILITY AT LEVEL 4: MECULA
a53u0Yd8O3F,MOÇAMBIQUE,ZAMBEZIA,PEBANE,FACILITY AT LEVEL 4: PEBANE
A5Gyo7yDaw1,MOÇAMBIQUE,MANICA,SUSSUNDENGA,FACILITY AT LEVEL 4: SUSSUNDENGA
A5LVALJosbY,MOÇAMBIQUE,INHAMBANE,INHARRIME,FACILITY AT LEVEL 4: INHARRIME
A66nql6zpW8,MOÇAMBIQUE,NIASSA,MARRUPA,FACILITY AT LEVEL 4: MARRUPA
a68GXh8WZrL,MOÇAMBIQUE,NAMPULA,MUECATE,FACILITY AT LEVEL 4: MUECATE
A7Ufxcr4R37,MOÇAMBIQUE,INHAMBANE,MAXIXE,FACILITY AT LEVEL 4: MAXIXE
A8IyTqWIP3L,MOÇAMBIQUE,GAZA,DISTRITO DE XAI-XAI (EXTINTO),FACILITY AT LEVEL 4: DISTRITO DE XAI-XAI (EXTINTO)
A90TdZN4Wqt,MOÇAMBIQUE,GAZA,GUIJÁ,FACILITY AT LEVEL 4: GUIJÁ
A94FoovvKnu,MOÇAMBIQUE,MANICA,SUSSUNDENGA,FACILITY AT LEVEL 4: SUSSUNDENGA
A9KLfTwW5Mn,MOÇAMBIQUE,SOFALA,CAIA,FACILITY AT LEVEL 4: CAIA
A9Y4RxUKdAL,MOÇAMBIQUE,NIASSA,SANGA,FACILITY AT LEVEL 4: SANGA
Aapbd7ddqn3,MOÇAMBIQUE,NAMPULA,MUECATE,FACILITY AT LEVEL 4: MUECATE
aAQjW2OA161,MOÇAMBIQUE,INHAMBANE,PANDA,FACILITY AT LEVEL 4: PANDA
aB3eIKccIF8,MOÇAMBIQUE,ZAMBEZIA,MOPEIA,FACILITY AT LEVEL 4: MOPEIA
ABdqBHs2wHA,MOÇAMBIQUE,MAPUTO CIDADE,KAMAVOTA,FACILITY AT LEVEL 4: KAMAVOTA
abg5UReivZX,MOÇAMBIQUE,MAPUTO CIDADE,KAMUBUKWANA,FACILITY AT LEVEL 4: KAMUBUKWANA
Aci6d2GcX5G,MOÇAMBIQUE,NAMPULA,ANGOCHE,FACILITY AT LEVEL 4: ANGOCHE
acmeTh7JQoS,MOÇAMBIQUE,ZAMBEZIA,MILANGE,FACILITY AT LEVEL 4: MILANGE
AcOwhz0rsNU,MOÇAMBIQUE,ZAMBEZIA,MOPEIA,FACILITY AT LEVEL 4: MOPEIA
ACSn11FXitD,MOÇAMBIQUE,SOFALA,DONDO,FACILITY AT LEVEL 4: DONDO
acVLsFICQbQ,MOÇAMBIQUE,CABO DELGADO,MONTEPUEZ,FACILITY AT LEVEL 4: MONTEPUEZ
ad3ZL1VUie5,MOÇAMBIQUE,TETE,MACANGA,FACILITY AT LEVEL 4: MACANGA
ADMOocyBT03,MOÇAMBIQUE,NIASSA,METARICA,FACILITY AT LEVEL 4: METARICA
aejpv9OUwnd,MOÇAMBIQUE,MAPUTO PROVINCIA,BOANE,FACILITY AT LEVEL 4: BOANE
AfAcllACxoN,MOÇAMBIQUE,MAPUTO PROVINCIA,MANHIÇA,FACILITY AT LEVEL 4: MANHIÇA
AfHkrqtNLYz,MOÇAMBIQUE,NIASSA,NGAÚMA,FACILITY AT LEVEL 4: NGAÚMA
AfMyWGIo6Fi,MOÇAMBIQUE,NAMPULA,MEMBA,FACILITY AT LEVEL 4: MEMBA
aFORnsfeGG1,MOÇAMBIQUE,NAMPULA,ANGOCHE,FACILITY AT LEVEL 4: ANGOCHE
aFsNwuQ9663,MOÇAMBIQUE,ZAMBEZIA,PEBANE,FACILITY AT LEVEL 4: PEBANE
AGRVQIewAk5,MOÇAMBIQUE,SOFALA,GORONGOSA,FACILITY AT LEVEL 4: GORONGOSA
AgSJ6GrWYbY,MOÇAMBIQUE,INHAMBANE,INHASSORO,FACILITY AT LEVEL 4: INHASSORO
agVSQo1X7he,MOÇAMBIQUE,GAZA,LIMPOPO,FACILITY AT LEVEL 4: LIMPOPO
agwdFPrFJnr,MOÇAMBIQUE,MANICA,GONDOLA,FACILITY AT LEVEL 4: GONDOLA
ah5Kfw2IC2f,MOÇAMBIQUE,NIASSA,MANDIMBA,FACILITY AT LEVEL 4: MANDIMBA
AHbMtiS1URg,MOÇAMBIQUE,MAPUTO CIDADE,KAMPFUMO,FACILITY AT LEVEL 4: KAMPFUMO
ahLtZ1K3YIK,MOÇAMBIQUE,NAMPULA,ERATI,FACILITY AT LEVEL 4: ERATI
AhQpA3DVfJf,MOÇAMBIQUE,INHAMBANE,ZAVALA,FACILITY AT LEVEL 4: ZAVALA
aHsoolCYPFk,MOÇAMBIQUE,INHAMBANE,INHARRIME,FACILITY AT LEVEL 4: INHARRIME
Aj4uieGHo99,MOÇAMBIQUE,MANICA,MOSSURIZE,FACILITY AT LEVEL 4: MOSSURIZE
AJfMOUNUKka,MOÇAMBIQUE,CABO DELGADO,CHIÚRE,FACILITY AT LEVEL 4: CHIÚRE
AjFQ7nIhuwp,MOÇAMBIQUE,CABO DELGADO,METUGE,FACILITY AT LEVEL 4: METUGE
aJlqvieYgYp,MOÇAMBIQUE,MANICA,MACOSSA,FACILITY AT LEVEL 4: MACOSSA
aJnPalevNLp,MOÇAMBIQUE,MANICA,GURO,FACILITY AT LEVEL 4: GURO
aJUsOWvMHNp,MOÇAMBIQUE,MAPUTO CIDADE,KAMAVOTA,FACILITY AT LEVEL 4: KAMAVOTA
ajvt7u73VwK,MOÇAMBIQUE,GAZA,CHIGUBO,FACILITY AT LEVEL 4: CHIGUBO
AK0UNNu6uk9,MOÇAMBIQUE,GAZA,CHIBUTO,FACILITY AT LEVEL 4: CHIBUTO
aKC8kaSDDi0,MOÇAMBIQUE,NIASSA,MARRUPA,FACILITY AT LEVEL 4: MARRUPA
akZ9OHThY4d,MOÇAMBIQUE,TETE,ANGÓNIA,FACILITY AT LEVEL 4: ANGÓNIA
aLaREoZWMpb,MOÇAMBIQUE,ZAMBEZIA,NAMACURRA,FACILITY AT LEVEL 4: NAMACURRA
AlHgsruO2on,MOÇAMBIQUE,SOFALA,MARROMEU,FACILITY AT LEVEL 4: MARROMEU
ALYZfnUVaQI,MOÇAMBIQUE,MANICA,BÁRUE,FACILITY AT LEVEL 4: BÁRUE
am2RpcS2oOg,MOÇAMBIQUE,NIASSA,MAVAGO,FACILITY AT LEVEL 4: MAVAGO
AmUtB10zP0b,MOÇAMBIQUE,CABO DELGADO,MONTEPUEZ,FACILITY AT LEVEL 4: MONTEPUEZ
ancJsK8iHnP,MOÇAMBIQUE,MAPUTO CIDADE,KAMAVOTA,FACILITY AT LEVEL 4: KAMAVOTA
ANQaR4TsZDO,MOÇAMBIQUE,MANICA,MACOSSA,FACILITY AT LEVEL 4: MACOSSA
aNweq7eRzPE,MOÇAMBIQUE,NAMPULA,MOSSURIL,FACILITY AT LEVEL 4: MOSSURIL
AOfbcJ6TLev,MOÇAMBIQUE,MAPUTO PROVINCIA,MATOLA,FACILITY AT LEVEL 4: MATOLA
AOWnboHGtHb,MOÇAMBIQUE,NAMPULA,MOMA,FACILITY AT LEVEL 4: MOMA
ap27tLsJRfs,MOÇAMBIQUE,SOFALA,DONDO,FACILITY AT LEVEL 4: DONDO
aP97DHTlosU,MOÇAMBIQUE,CABO DELGADO,BALAMA,FACILITY AT LEVEL 4: BALAMA
aPM8ZjngLTi,MOÇAMBIQUE,SOFALA,GORONGOSA,FACILITY AT LEVEL 4: GORONGOSA
apno1AmmrGK,MOÇAMBIQUE,SOFALA,BÚZI,FACILITY AT LEVEL 4: BÚZI
apOfQ2T3Al8,MOÇAMBIQUE,NAMPULA,MOSSURIL,FACILITY AT LEVEL 4: MOSSURIL
ApX90fcOZ5S,MOÇAMBIQUE,MAPUTO CIDADE,KAMPFUMO,FACILITY AT LEVEL 4: KAMPFUMO
aqh8fMNzazs,MOÇAMBIQUE,ZAMBEZIA,MOLUMBO,FACILITY AT LEVEL 4: MOLUMBO
aQMBBPpOurV,MOÇAMBIQUE,INHAMBANE,PANDA,FACILITY AT LEVEL 4: PANDA
AqRcdm8jU0p,MOÇAMBIQUE,NAMPULA,DISTRITO DE NAMPULA,FACILITY AT LEVEL 4: DISTRITO DE NAMPULA
aqwp0KZqqLX,MOÇAMBIQUE,MAPUTO CIDADE,KAMAXAKENE,FACILITY AT LEVEL 4: KAMAXAKENE
arHA4LIx6QG,MOÇAMBIQUE,MAPUTO PROVINCIA,BOANE,FACILITY AT LEVEL 4: BOANE
as5VX4mDxBA,MOÇAMBIQUE,NAMPULA,MOMA,FACILITY AT LEVEL 4: MOMA
ASfGbhIypSs,MOÇAMBIQUE,CABO DELGADO,NANGADE,FACILITY AT LEVEL 4: NANGADE
Asfy2J7Frkg,MOÇAMBIQUE,NAMPULA,MOGOVOLAS,FACILITY AT LEVEL 4: MOGOVOLAS
Asgbh9egF2q,MOÇAMBIQUE,TETE,MARÁVIA,FACILITY AT LEVEL 4: MARÁVIA
asPgdNC1FKB,MOÇAMBIQUE,NAMPULA,NACALA-PORTO,FACILITY AT LEVEL 4: NACALA-PORTO
ASWRSh4acC0,MOÇAMBIQUE,SOFALA,CIDADE DA BEIRA,FACILITY AT LEVEL 4: CIDADE DA BEIRA
aTe3ZlGnr6K,MOÇAMBIQUE,TETE,MARÁVIA,FACILITY AT LEVEL 4: MARÁVIA
aTIJhFf0xUf,MOÇAMBIQUE,MANICA,GONDOLA,FACILITY AT LEVEL 4: GONDOLA
ATTIixWEBk4,MOÇAMBIQUE,MANICA,MANICA,FACILITY AT LEVEL 4: MANICA
aTWyGue9NN4,MOÇAMBIQUE,SOFALA,CIDADE DA BEIRA,FACILITY AT LEVEL 4: CIDADE DA BEIRA
auJxo4yTtX2,MOÇAMBIQUE,INHAMBANE,MABOTE,FACILITY AT LEVEL 4: MABOTE
aunZkJS93EA,MOÇAMBIQUE,TETE,CHIUTA,FACILITY AT LEVEL 4: CHIUTA
aUqs37qapt4,MOÇAMBIQUE,MAPUTO CIDADE,KAMPFUMO,FACILITY AT LEVEL 4: KAMPFUMO
AVpoE52xBT5,MOÇAMBIQUE,TETE,MOATIZE,FACILITY AT LEVEL 4: MOATIZE
aW35iUtbFEa,MOÇAMBIQUE,MANICA,SUSSUNDENGA,FACILITY AT LEVEL 4: SUSSUNDENGA
aW5d7fJt2As,MOÇAMBIQUE,SOFALA,BÚZI,FACILITY AT LEVEL 4: BÚZI
awi0fVK1kur,MOÇAMBIQUE,MAPUTO CIDADE,KAMAVOTA,FACILITY AT LEVEL 4: KAMAVOTA
AwLXLxO8HsA,MOÇAMBIQUE,GAZA,CHONGOENE,FACILITY AT LEVEL 4: CHONGOENE
AWNZzlwBIWh,MOÇAMBIQUE,INHAMBANE,MASSINGA,FACILITY AT LEVEL 4: MASSINGA
axi3uF00ZDR,MOÇAMBIQUE,NIASSA,DISTRITO DE LICHINGA,FACILITY AT LEVEL 4: DISTRITO DE LICHINGA
AxwGVrcCFA2,MOÇAMBIQUE,SOFALA,CIDADE DA BEIRA,FACILITY AT LEVEL 4: CIDADE DA BEIRA
AxzI3N5DVu0,MOÇAMBIQUE,MAPUTO PROVINCIA,BOANE,FACILITY AT LEVEL 4: BOANE
ayi4xTcueS6,MOÇAMBIQUE,MAPUTO CIDADE,KAMPFUMO,FACILITY AT LEVEL 4: KAMPFUMO
AYleyHVYBYq,MOÇAMBIQUE,MAPUTO CIDADE,KAMAVOTA,FACILITY AT LEVEL 4: KAMAVOTA
AyurDos1Rmm,MOÇAMBIQUE,ZAMBEZIA,MORRUMBALA,FACILITY AT LEVEL 4: MORRUMBALA
AZALboQm68f,MOÇAMBIQUE,NAMPULA,ANGOCHE,FACILITY AT LEVEL 4: ANGOCHE
aZBGSOM2cgD,MOÇAMBIQUE,INHAMBANE,JANGAMO,FACILITY AT LEVEL 4: JANGAMO
azEkexvj0fC,MOÇAMBIQUE,ZAMBEZIA,DERRE,FACILITY AT LEVEL 4: DERRE
aZWSYJVgAjR,MOÇAMBIQUE,SOFALA,MUANZA,FACILITY AT LEVEL 4: MUANZA
azY0XD8ueFC,MOÇAMBIQUE,MANICA,MACATE,FACILITY AT LEVEL 4: MACATE
B0a5SpO1h4J,MOÇAMBIQUE,INHAMBANE,MAXIXE,FACILITY AT LEVEL 4: MAXIXE
b0ckAUaTVtZ,MOÇAMBIQUE,MAPUTO PROVINCIA,MARRACUENE,FACILITY AT LEVEL 4: MARRACUENE
b0NF54el39c,MOÇAMBIQUE,INHAMBANE,HOMOINE,FACILITY AT LEVEL 4: HOMOINE
b1ix5iqV6Tk,MOÇAMBIQUE,NIASSA,LAGO,FACILITY AT LEVEL 4: LAGO
b1K8G4QQ0VD,MOÇAMBIQUE,MAPUTO CIDADE,KAMPFUMO,FACILITY AT LEVEL 4: KAMPFUMO
b1XOAW3IJnZ,MOÇAMBIQUE,MAPUTO CIDADE,KAMPFUMO,FACILITY AT LEVEL 4: KAMPFUMO
B2FMHXKzi23,MOÇAMBIQUE,TETE,DOA,FACILITY AT LEVEL 4: DOA
B2ztHhJY3IV,MOÇAMBIQUE,ZAMBEZIA,ALTO MOLÓCUÈ,FACILITY AT LEVEL 4: ALTO MOLÓCUÈ
B4ke2NbcqxU,MOÇAMBIQUE,NAMPULA,MONAPO,FACILITY AT LEVEL 4: MONAPO
B4nZa45pFS6,MOÇAMBIQUE,TETE,ANGÓNIA,FACILITY AT LEVEL 4: ANGÓNIA
b5Fpt4B1fL7,MOÇAMBIQUE,MAPUTO CIDADE,KAMPFUMO,FACILITY AT LEVEL 4: KAMPFUMO
b6aCOlFWioM,MOÇAMBIQUE,NAMPULA,ANGOCHE,FACILITY AT LEVEL 4: ANGOCHE
B6b0MbsU37r,MOÇAMBIQUE,CABO DELGADO,QUISSANGA,FACILITY AT LEVEL 4: QUISSANGA
b7dYpgnGhKG,MOÇAMBIQUE,INHAMBANE,MABOTE,FACILITY AT LEVEL 4: MABOTE
b7tzsqi5Dgl,MOÇAMBIQUE,TETE,CIDADE DE TETE,FACILITY AT LEVEL 4: CIDADE DE TETE
b7ZjaHofjF5,MOÇAMBIQUE,INHAMBANE,INHARRIME,FACILITY AT LEVEL 4: INHARRIME
B9aV5xdIVo1,MOÇAMBIQUE,CABO DELGADO,MONTEPUEZ,FACILITY AT LEVEL 4: MONTEPUEZ
BAAyANAZujG,MOÇAMBIQUE,SOFALA,DONDO,FACILITY AT LEVEL 4: DONDO
BAhcRMD15hN,MOÇAMBIQUE,INHAMBANE,CIDADE DE INHAMBANE,FACILITY AT LEVEL 4: CIDADE DE INHAMBANE
bAqv9y7xlsX,MOÇAMBIQUE,MAPUTO PROVINCIA,MARRACUENE,FACILITY AT LEVEL 4: MARRACUENE
bASJpBopiG9,MOÇAMBIQUE,NAMPULA,MOGOVOLAS,FACILITY AT LEVEL 4: MOGOVOLAS
BaWn5TzRaZ0,MOÇAMBIQUE,NIASSA,NIPEPE,FACILITY AT LEVEL 4: NIPEPE
BbA8cwzECZk,MOÇAMBIQUE,ZAMBEZIA,MORRUMBALA,FACILITY AT LEVEL 4: MORRUMBALA
BbBu5wpPMoD,MOÇAMBIQUE,MANICA,VANDUZI,FACILITY AT LEVEL 4: VANDUZI
bbMVlHA2Ja3,MOÇAMBIQUE,SOFALA,DONDO,FACILITY AT LEVEL 4: DONDO
BCs1k1Cyvcj,MOÇAMBIQUE,CABO DELGADO,MUEDA,FACILITY AT LEVEL 4: MUEDA
BDcJggzcqmM,MOÇAMBIQUE,MAPUTO PROVINCIA,BOANE,FACILITY AT LEVEL 4: BOANE
bDyKsVs2S98,MOÇAMBIQUE,CABO DELGADO,QUISSANGA,FACILITY AT LEVEL 4: QUISSANGA
BE2kiCVGIDU,MOÇAMBIQUE,NIASSA,CUAMBA,FACILITY AT LEVEL 4: CUAMBA
BEIhKkXlEWf,MOÇAMBIQUE,MAPUTO PROVINCIA,MATOLA,FACILITY AT LEVEL 4: MATOLA
BeX9u3N9wOJ,MOÇAMBIQUE,GAZA,CHIBUTO,FACILITY AT LEVEL 4: CHIBUTO
bf9wa3p8JRj,MOÇAMBIQUE,ZAMBEZIA,GURUÉ,FACILITY AT LEVEL 4: GURUÉ
BflMnoz7SS3,MOÇAMBIQUE,SOFALA,MACHANGA,FACILITY AT LEVEL 4: MACHANGA
BfWANkR4YnE,MOÇAMBIQUE,GAZA,MANDLAKAZI,FACILITY AT LEVEL 4: MANDLAKAZI
bfxmBecZsio,MOÇAMBIQUE,NAMPULA,NACALA-PORTO,FACILITY AT LEVEL 4: NACALA-PORTO
bGEFKT99FRk,MOÇAMBIQUE,NAMPULA,MECUBURI,FACILITY AT LEVEL 4: MECUBURI
bGiYq1u7UmW,MOÇAMBIQUE,GAZA,MANDLAKAZI,FACILITY AT LEVEL 4: MANDLAKAZI
BGsnxWT4LjH,MOÇAMBIQUE,NIASSA,DISTRITO DE LICHINGA,FACILITY AT LEVEL 4: DISTRITO DE LICHINGA
BH4CuoQulq4,MOÇAMBIQUE,GAZA,LIMPOPO,FACILITY AT LEVEL 4: LIMPOPO
BhlazCIBnRl,MOÇAMBIQUE,MANICA,MACOSSA,FACILITY AT LEVEL 4: MACOSSA
BHQGOyL22hl,MOÇAMBIQUE,TETE,MÁGOÈ,FACILITY AT LEVEL 4: MÁGOÈ
BiMSKDNtFbM,MOÇAMBIQUE,NIASSA,CUAMBA,FACILITY AT LEVEL 4: CUAMBA
bINdrzyQeRE,MOÇAMBIQUE,NAMPULA,ILHA DE MOÇAMBIQUE,FACILITY AT LEVEL 4: ILHA DE MOÇAMBIQUE
BIQPm4NrRUO,MOÇAMBIQUE,NAMPULA,MONAPO,FACILITY AT LEVEL 4: MONAPO
bJavlIVSpJf,MOÇAMBIQUE,ZAMBEZIA,CHINDE,FACILITY AT LEVEL 4: CHINDE
bKpkK0vQIOk,MOÇAMBIQUE,SOFALA,MACHANGA,FACILITY AT LEVEL 4: MACHANGA
BkSpoAVCCJd,MOÇAMBIQUE,NIASSA,DISTRITO DE LICHINGA,FACILITY AT LEVEL 4: DISTRITO DE LICHINGA
BkVI1OHXHx0,MOÇAMBIQUE,CABO DELGADO,NAMUNO,FACILITY AT LEVEL 4: NAMUNO
BL8Nj79Cbky,MOÇAMBIQUE,CABO DELGADO,NAMUNO,FACILITY AT LEVEL 4: NAMUNO
BMckg9D5269,MOÇAMBIQUE,TETE,ANGÓNIA,FACILITY AT LEVEL 4: ANGÓNIA
bMju2RFFYaQ,MOÇAMBIQUE,CABO DELGADO,ANCUABE,FACILITY AT LEVEL 4: ANCUABE
BMrts6YHYoS,MOÇAMBIQUE,MAPUTO CIDADE,KAMPFUMO,FACILITY AT LEVEL 4: KAMPFUMO
bMUgAjeMESk,MOÇAMBIQUE,MAPUTO PROVINCIA,MARRACUENE,FACILITY AT LEVEL 4: MARRACUENE
bNdaL8iQRXy,MOÇAMBIQUE,MAPUTO CIDADE,KAMUBUKWANA,FACILITY AT LEVEL 4: KAMUBUKWANA
BnTfwQhLrmC,MOÇAMBIQUE,MAPUTO CIDADE,KAMPFUMO,FACILITY AT LEVEL 4: KAMPFUMO
BO819sAzSeY,MOÇAMBIQUE,NIASSA,MARRUPA,FACILITY AT LEVEL 4: MARRUPA
BoFtFCQ4Huk,MOÇAMBIQUE,SOFALA,CHERINGOMA,FACILITY AT LEVEL 4: CHERINGOMA
boKjPFOeP9F,MOÇAMBIQUE,INHAMBANE,ZAVALA,FACILITY AT LEVEL 4: ZAVALA
BPccZuVv29t,MOÇAMBIQUE,NIASSA,CHIMBONILA,FACILITY AT LEVEL 4: CHIMBONILA
BPIWiDzlFEs,MOÇAMBIQUE,SOFALA,BÚZI,FACILITY AT LEVEL 4: BÚZI
BPPfOsIo58u,MOÇAMBIQUE,SOFALA,DONDO,FACILITY AT LEVEL 4: DONDO
bPrceVA6Hue,MOÇAMBIQUE,MAPUTO CIDADE,KAMAVOTA,FACILITY AT LEVEL 4: KAMAVOTA
BQuXB0Gvpm2,MOÇAMBIQUE,ZAMBEZIA,INHASSUNGE,FACILITY AT LEVEL 4: INHASSUNGE
bqz75Z3ecDy,MOÇAMBIQUE,MAPUTO PROVINCIA,MATOLA,FACILITY AT LEVEL 4: MATOLA
bR1pBBS53qi,MOÇAMBIQUE,ZAMBEZIA,MORRUMBALA,FACILITY AT LEVEL 4: MORRUMBALA
Br40IrDyiND,MOÇAMBIQUE,TETE,MARARA,FACILITY AT LEVEL 4: MARARA
BR5hVp9AHQL,MOÇAMBIQUE,NAMPULA,LARDE,FACILITY AT LEVEL 4: LARDE
bRGUobgKVW6,MOÇAMBIQUE,MAPUTO CIDADE,KAMAVOTA,FACILITY AT LEVEL 4: KAMAVOTA
BrHMD7aiCzH,MOÇAMBIQUE,ZAMBEZIA,INHASSUNGE,FACILITY AT LEVEL 4: INHASSUNGE
BrVQHwx6ch5,MOÇAMBIQUE,SOFALA,MARÍNGUE,FACILITY AT LEVEL 4: MARÍNGUE
bRwcPmkzz9y,MOÇAMBIQUE,MAPUTO CIDADE,KAMPFUMO,FACILITY AT LEVEL 4: KAMPFUMO
bS5dU85gnx3,MOÇAMBIQUE,NIASSA,DISTRITO DE LICHINGA,FACILITY AT LEVEL 4: DISTRITO DE LICHINGA
bssonOTWdWk,MOÇAMBIQUE,ZAMBEZIA,ALTO MOLÓCUÈ,FACILITY AT LEVEL 4: ALTO MOLÓCUÈ
Bsvmy8SdCno,MOÇAMBIQUE,NAMPULA,MALEMA,FACILITY AT LEVEL 4: MALEMA
bt5Km2ZLnik,MOÇAMBIQUE,MAPUTO CIDADE,KAMPFUMO,FACILITY AT LEVEL 4: KAMPFUMO
bU7bD92clEY,MOÇAMBIQUE,MAPUTO CIDADE,KAMPFUMO,FACILITY AT LEVEL 4: KAMPFUMO
BUroyU8Qn4r,MOÇAMBIQUE,NAMPULA,DISTRITO DE NAMPULA,FACILITY AT LEVEL 4: DISTRITO DE NAMPULA
bV8283XigeD,MOÇAMBIQUE,ZAMBEZIA,MOPEIA,FACILITY AT LEVEL 4: MOPEIA
bvI3vKk8yEZ,MOÇAMBIQUE,SOFALA,CHEMBA,FACILITY AT LEVEL 4: CHEMBA
bW6dvSRsehO,MOÇAMBIQUE,MAPUTO CIDADE,NLHAMANKULU,FACILITY AT LEVEL 4: NLHAMANKULU
BwYQ4n1q0V9,MOÇAMBIQUE,MAPUTO CIDADE,KAMPFUMO,FACILITY AT LEVEL 4: KAMPFUMO
BXaJyQ0pzPq,MOÇAMBIQUE,ZAMBEZIA,NAMACURRA,FACILITY AT LEVEL 4: NAMACURRA
bXCwZkdj6sZ,MOÇAMBIQUE,MAPUTO CIDADE,KAMAVOTA,FACILITY AT LEVEL 4: KAMAVOTA
bxZbHbO6wtp,MOÇAMBIQUE,MANICA,SUSSUNDENGA,FACILITY AT LEVEL 4: SUSSUNDENGA
bYB2JfLO8Rp,MOÇAMBIQUE,ZAMBEZIA,CIDADE DE QUELIMANE,FACILITY AT LEVEL 4: CIDADE DE QUELIMANE
byGajrXfga3,MOÇAMBIQUE,NAMPULA,RAPALE,FACILITY AT LEVEL 4: RAPALE
bYpVT2En8p6,MOÇAMBIQUE,MAPUTO CIDADE,KAMPFUMO,FACILITY AT LEVEL 4: KAMPFUMO
bYUHcOVpJDz,MOÇAMBIQUE,SOFALA,MUANZA,FACILITY AT LEVEL 4: MUANZA
byY3qJ40ESl,MOÇAMBIQUE,SOFALA,MARÍNGUE,FACILITY AT LEVEL 4: MARÍNGUE
BzgzyuXXqEG,MOÇAMBIQUE,ZAMBEZIA,MOPEIA,FACILITY AT LEVEL 4: MOPEIA
C1N4cYkFdEe,MOÇAMBIQUE,SOFALA,CHIBABAVA,FACILITY AT LEVEL 4: CHIBABAVA
c4fAL4d5ZNU,MOÇAMBIQUE,NIASSA,MECULA,FACILITY AT LEVEL 4: MECULA
c4oT26n6v1s,MOÇAMBIQUE,ZAMBEZIA,PEBANE,FACILITY AT LEVEL 4: PEBANE
C5sZYUmuWE2,MOÇAMBIQUE,MANICA,BÁRUE,FACILITY AT LEVEL 4: BÁRUE
c6STuTMrowf,MOÇAMBIQUE,ZAMBEZIA,CIDADE DE QUELIMANE,FACILITY AT LEVEL 4: CIDADE DE QUELIMANE
C7Eveum7lMY,MOÇAMBIQUE,SOFALA,CIDADE DA BEIRA,FACILITY AT LEVEL 4: CIDADE DA BEIRA
c7IOPz4qhI2,MOÇAMBIQUE,SOFALA,MARÍNGUE,FACILITY AT LEVEL 4: MARÍNGUE
C8E6ydqobQC,MOÇAMBIQUE,MAPUTO CIDADE,KAMPFUMO,FACILITY AT LEVEL 4: KAMPFUMO
C9Tu4ZkYqS9,MOÇAMBIQUE,SOFALA,CIDADE DA BEIRA,FACILITY AT LEVEL 4: CIDADE DA BEIRA
ca4XpBdz0uH,MOÇAMBIQUE,MAPUTO PROVINCIA,MAGUDE,FACILITY AT LEVEL 4: MAGUDE
cb7fMqbswZv,MOÇAMBIQUE,ZAMBEZIA,MOCUBELA,FACILITY AT LEVEL 4: MOCUBELA
Cb9BEkQz4yr,MOÇAMBIQUE,MAPUTO PROVINCIA,MARRACUENE,FACILITY AT LEVEL 4: MARRACUENE
CBB0uflvQVx,MOÇAMBIQUE,MAPUTO CIDADE,KAMUBUKWANA,FACILITY AT LEVEL 4: KAMUBUKWANA
Cbjl13J2n4Z,MOÇAMBIQUE,NIASSA,MANDIMBA,FACILITY AT LEVEL 4: MANDIMBA
CBKvrypjoZb,MOÇAMBIQUE,SOFALA,CIDADE DA BEIRA,FACILITY AT LEVEL 4: CIDADE DA BEIRA
CCPbuINJbKl,MOÇAMBIQUE,MAPUTO PROVINCIA,BOANE,FACILITY AT LEVEL 4: BOANE
CCrIsOzS1nN,MOÇAMBIQUE,MAPUTO CIDADE,KAMUBUKWANA,FACILITY AT LEVEL 4: KAMUBUKWANA
cCZgLvaVYLA,MOÇAMBIQUE,NIASSA,SANGA,FACILITY AT LEVEL 4: SANGA
cDJnEnaqahh,MOÇAMBIQUE,GAZA,MANDLAKAZI,FACILITY AT LEVEL 4: MANDLAKAZI
cdmr9fWAt34,MOÇAMBIQUE,MAPUTO CIDADE,KAMPFUMO,FACILITY AT LEVEL 4: KAMPFUMO
CEbg5vQ707X,MOÇAMBIQUE,MAPUTO CIDADE,KAMPFUMO,FACILITY AT LEVEL 4: KAMPFUMO
CeP2ONGsGWS,MOÇAMBIQUE,ZAMBEZIA,CIDADE DE QUELIMANE,FACILITY AT LEVEL 4: CIDADE DE QUELIMANE
CeUz5tz4G1f,MOÇAMBIQUE,NAMPULA,MONAPO,FACILITY AT LEVEL 4: MONAPO
CfjTuqjjE8j,MOÇAMBIQUE,GAZA,CHICUALACUALA,FACILITY AT LEVEL 4: CHICUALACUALA
cfrzFUIh8nD,MOÇAMBIQUE,NIASSA,DISTRITO DE LICHINGA,FACILITY AT LEVEL 4: DISTRITO DE LICHINGA
CG21BfVLGPm,MOÇAMBIQUE,MANICA,MANICA,FACILITY AT LEVEL 4: MANICA
cgAHqOS7N72,MOÇAMBIQUE,TETE,MÁGOÈ,FACILITY AT LEVEL 4: MÁGOÈ
cgAuVw4hgrO,MOÇAMBIQUE,MAPUTO PROVINCIA,MATOLA,FACILITY AT LEVEL 4: MATOLA
CgH5aTlqbTe,MOÇAMBIQUE,TETE,CIDADE DE TETE,FACILITY AT LEVEL 4: CIDADE DE TETE
CGRIfjLLAoS,MOÇAMBIQUE,CABO DELGADO,BALAMA,FACILITY AT LEVEL 4: BALAMA
CgRnqdGpFKD,MOÇAMBIQUE,MAPUTO PROVINCIA,MANHIÇA,FACILITY AT LEVEL 4: MANHIÇA
ch9bM72AMIW,MOÇAMBIQUE,SOFALA,MARROMEU,FACILITY AT LEVEL 4: MARROMEU
cHfDkQ7a9Bc,MOÇAMBIQUE,ZAMBEZIA,INHASSUNGE,FACILITY AT LEVEL 4: INHASSUNGE
CiKSkYu9lSK,MOÇAMBIQUE,MAPUTO CIDADE,KAMPFUMO,FACILITY AT LEVEL 4: KAMPFUMO
CJ3X7dYMEwF,MOÇAMBIQUE,NAMPULA,RAPALE,FACILITY AT LEVEL 4: RAPALE
cJpbv04mJ4k,MOÇAMBIQUE,ZAMBEZIA,PEBANE,FACILITY AT LEVEL 4: PEBANE
CJVgVJB8d21,MOÇAMBIQUE,TETE,ZUMBO,FACILITY AT LEVEL 4: ZUMBO
ckkrDaM6NoT,MOÇAMBIQUE,MAPUTO CIDADE,KAMPFUMO,FACILITY AT LEVEL 4: KAMPFUMO
cL2Z8uALAmY,MOÇAMBIQUE,ZAMBEZIA,MILANGE,FACILITY AT LEVEL 4: MILANGE
cL7H0YeA6gJ,MOÇAMBIQUE,NAMPULA,LIUPO,FACILITY AT LEVEL 4: LIUPO
cLanHFGycpv,MOÇAMBIQUE,MAPUTO CIDADE,KAMPFUMO,FACILITY AT LEVEL 4: KAMPFUMO
clbe60CHURD,MOÇAMBIQUE,ZAMBEZIA,MOLUMBO,FACILITY AT LEVEL 4: MOLUMBO
CLCcPacJtA7,MOÇAMBIQUE,TETE,ZUMBO,FACILITY AT LEVEL 4: ZUMBO
clXojoTTptE,MOÇAMBIQUE,ZAMBEZIA,MULEVALA,FACILITY AT LEVEL 4: MULEVALA
ClYLUQHGbzw,MOÇAMBIQUE,INHAMBANE,MORRUMBENE,FACILITY AT LEVEL 4: MORRUMBENE
cm00aE5vLAm,MOÇAMBIQUE,CABO DELGADO,CHIÚRE,FACILITY AT LEVEL 4: CHIÚRE
cm9td6rQUyf,MOÇAMBIQUE,CABO DELGADO,MOCÍMBOA DA PRAIA,FACILITY AT LEVEL 4: MOCÍMBOA DA PRAIA
cMamt7xRf4l,MOÇAMBIQUE,ZAMBEZIA,ALTO MOLÓCUÈ,FACILITY AT LEVEL 4: ALTO MOLÓCUÈ
cmKcAaNXgOK,MOÇAMBIQUE,NAMPULA,ANGOCHE,FACILITY AT LEVEL 4: ANGOCHE
cmKisqcFNIb,MOÇAMBIQUE,NIASSA,MECANHELAS,FACILITY AT LEVEL 4: MECANHELAS
CNbi7z4VCLv,MOÇAMBIQUE,NAMPULA,MOSSURIL,FACILITY AT LEVEL 4: MOSSURIL
cnlTGIV229k,MOÇAMBIQUE,GAZA,MANDLAKAZI,FACILITY AT LEVEL 4: MANDLAKAZI
CnpfDHJ5I5q,MOÇAMBIQUE,INHAMBANE,INHASSORO,FACILITY AT LEVEL 4: INHASSORO
cnrD1ftEieG,MOÇAMBIQUE,MAPUTO PROVINCIA,MATOLA,FACILITY AT LEVEL 4: MATOLA
CnTDpeIxHuj,MOÇAMBIQUE,ZAMBEZIA,ILE,FACILITY AT LEVEL 4: ILE
CNytCgt9ccp,MOÇAMBIQUE,SOFALA,BÚZI,FACILITY AT LEVEL 4: BÚZI
COqmkJLUVML,MOÇAMBIQUE,NAMPULA,MECUBURI,FACILITY AT LEVEL 4: MECUBURI
cOtFaB35JrN,MOÇAMBIQUE,MAPUTO CIDADE,KAMPFUMO,FACILITY AT LEVEL 4: KAMPFUMO
CpHA7Av4L0j,MOÇAMBIQUE,MAPUTO CIDADE,KAMPFUMO,FACILITY AT LEVEL 4: KAMPFUMO
CPLg8aAA8Nb,MOÇAMBIQUE,NAMPULA,MOGINCUAL,FACILITY AT LEVEL 4: MOGINCUAL
CpLr4Y8vAR7,MOÇAMBIQUE,CABO DELGADO,CIDADE DE PEMBA,FACILITY AT LEVEL 4: CIDADE DE PEMBA
cpZ1RIm63X0,MOÇAMBIQUE,TETE,ANGÓNIA,FACILITY AT LEVEL 4: ANGÓNIA
cQGzy7ez571,MOÇAMBIQUE,MANICA,BÁRUE,FACILITY AT LEVEL 4: BÁRUE
cQMvtKi0vDO,MOÇAMBIQUE,NIASSA,LAGO,FACILITY AT LEVEL 4: LAGO
CQuZCqsENQC,MOÇAMBIQUE,MANICA,BÁRUE,FACILITY AT LEVEL 4: BÁRUE
cRkfIZfvar6,MOÇAMBIQUE,NAMPULA,DISTRITO DE NAMPULA,FACILITY AT LEVEL 4: DISTRITO DE NAMPULA
cRkt686vcyE,MOÇAMBIQUE,NAMPULA,MONAPO,FACILITY AT LEVEL 4: MONAPO
CrmkdXmnOzL,MOÇAMBIQUE,TETE,CIDADE DE TETE,FACILITY AT LEVEL 4: CIDADE DE TETE
CrRQSY76xOD,MOÇAMBIQUE,ZAMBEZIA,NICOADALA,FACILITY AT LEVEL 4: NICOADALA
cRswzQgzR9s,MOÇAMBIQUE,MAPUTO CIDADE,KAMPFUMO,FACILITY AT LEVEL 4: KAMPFUMO
Csf7UlfnWF1,MOÇAMBIQUE,CABO DELGADO,BALAMA,FACILITY AT LEVEL 4: BALAMA
csGoUYF3KHy,MOÇAMBIQUE,SOFALA,CHEMBA,FACILITY AT LEVEL 4: CHEMBA
CsibyX7eEp5,MOÇAMBIQUE,MAPUTO CIDADE,KAMUBUKWANA,FACILITY AT LEVEL 4: KAMUBUKWANA
Csl3ufwU3C7,MOÇAMBIQUE,MANICA,VANDUZI,FACILITY AT LEVEL 4: VANDUZI
csqhDvMNumL,MOÇAMBIQUE,GAZA,CHOKWÉ,FACILITY AT LEVEL 4: CHOKWÉ
cT2hgmYRU01,MOÇAMBIQUE,ZAMBEZIA,LUABO,FACILITY AT LEVEL 4: LUABO
ctdJ1ZG7EnB,MOÇAMBIQUE,MAPUTO PROVINCIA,MOAMBA,FACILITY AT LEVEL 4: MOAMBA
CTgtQlhxGOr,MOÇAMBIQUE,MANICA,MACATE,FACILITY AT LEVEL 4: MACATE
ctLOM5Jvw7X,MOÇAMBIQUE,SOFALA,GORONGOSA,FACILITY AT LEVEL 4: GORONGOSA
CTREDGDYWj7,MOÇAMBIQUE,NIASSA,MAJUNE,FACILITY AT LEVEL 4: MAJUNE
cTyNxUelUEN,MOÇAMBIQUE,MAPUTO CIDADE,KAMPFUMO,FACILITY AT LEVEL 4: KAMPFUMO
CU7WVzRLwSL,MOÇAMBIQUE,SOFALA,MARÍNGUE,FACILITY AT LEVEL 4: MARÍNGUE
cUsZG9FpQ5G,MOÇAMBIQUE,CABO DELGADO,MOCÍMBOA DA PRAIA,FACILITY AT LEVEL 4: MOCÍMBOA DA PRAIA
cUwm3VPo5YD,MOÇAMBIQUE,MAPUTO PROVINCIA,MATOLA,FACILITY AT LEVEL 4: MATOLA
cUZ6Q6UFJri,MOÇAMBIQUE,CABO DELGADO,MUIDUMBE,FACILITY AT LEVEL 4: MUIDUMBE
cv5VZB9eiPf,MOÇAMBIQUE,INHAMBANE,MASSINGA,FACILITY AT LEVEL 4: MASSINGA
CvBiVKgJEs9,MOÇAMBIQUE,ZAMBEZIA,NICOADALA,FACILITY AT LEVEL 4: NICOADALA
CvIIlQOydAY,MOÇAMBIQUE,MAPUTO PROVINCIA,MOAMBA,FACILITY AT LEVEL 4: MOAMBA
cvuk2JFmhvU,MOÇAMBIQUE,ZAMBEZIA,MOCUBA,FACILITY AT LEVEL 4: MOCUBA
CVzgfR7GX3a,MOÇAMBIQUE,MAPUTO CIDADE,KAMAXAKENE,FACILITY AT LEVEL 4: KAMAXAKENE
cw8cbrfAqTi,MOÇAMBIQUE,MANICA,MANICA,FACILITY AT LEVEL 4: MANICA
CWA1yBvZTc1,MOÇAMBIQUE,CABO DELGADO,MUEDA,FACILITY AT LEVEL 4: MUEDA
CWCQ4ITSuX7,MOÇAMBIQUE,TETE,MOATIZE,FACILITY AT LEVEL 4: MOATIZE
CwfXtPO7byG,MOÇAMBIQUE,INHAMBANE,JANGAMO,FACILITY AT LEVEL 4: JANGAMO
cwPNOuMIEzm,MOÇAMBIQUE,NIASSA,CUAMBA,FACILITY AT LEVEL 4: CUAMBA
CwYOAYiPquu,MOÇAMBIQUE,NAMPULA,DISTRITO DE NAMPULA,FACILITY AT LEVEL 4: DISTRITO DE NAMPULA
cxivgrGdPoZ,MOÇAMBIQUE,NIASSA,LAGO,FACILITY AT LEVEL 4: LAGO
CXJkUkh3hqp,MOÇAMBIQUE,ZAMBEZIA,ILE,FACILITY AT LEVEL 4: ILE
CxkeqQZFIun,MOÇAMBIQUE,SOFALA,CIDADE DA BEIRA,FACILITY AT LEVEL 4: CIDADE DA BEIRA
cXSEInNMnZI,MOÇAMBIQUE,MANICA,VANDUZI,FACILITY AT LEVEL 4: VANDUZI
cy57GlxLdeh,MOÇAMBIQUE,NIASSA,CUAMBA,FACILITY AT LEVEL 4: CUAMBA
Cy5YNcfXvW0,MOÇAMBIQUE,INHAMBANE,MAXIXE,FACILITY AT LEVEL 4: MAXIXE
cY8IyRdRHFY,MOÇAMBIQUE,INHAMBANE,VILANKULOS,FACILITY AT LEVEL 4: VILANKULOS
CYcJXUyinom,MOÇAMBIQUE,GAZA,BILENE,FACILITY AT LEVEL 4: BILENE
CyRnVPj989c,MOÇAMBIQUE,MAPUTO CIDADE,KAMPFUMO,FACILITY AT LEVEL 4: KAMPFUMO
CZ3dQbm8S5b,MOÇAMBIQUE,NIASSA,CUAMBA,FACILITY AT LEVEL 4: CUAMBA
CzPgi5AlyBD,MOÇAMBIQUE,MAPUTO CIDADE,KAMPFUMO,FACILITY AT LEVEL 4: KAMPFUMO
D0W5gMc3ZeD,MOÇAMBIQUE,NIASSA,MECANHELAS,FACILITY AT LEVEL 4: MECANHELAS
D1b6iPjiElw,MOÇAMBIQUE,ZAMBEZIA,MOCUBA,FACILITY AT LEVEL 4: MOCUBA
D22KVfU3ofa,MOÇAMBIQUE,MAPUTO CIDADE,KAMUBUKWANA,FACILITY AT LEVEL 4: KAMUBUKWANA
d2CVv2O1bPD,MOÇAMBIQUE,INHAMBANE,MAXIXE,FACILITY AT LEVEL 4: MAXIXE
D3KkMNOQ62J,MOÇAMBIQUE,CABO DELGADO,NAMUNO,FACILITY AT LEVEL 4: NAMUNO
D3vdYqHkLPT,MOÇAMBIQUE,GAZA,GUIJÁ,FACILITY AT LEVEL 4: GUIJÁ
D41J0KTUorZ,MOÇAMBIQUE,TETE,MOATIZE,FACILITY AT LEVEL 4: MOATIZE
D4lxzmURrss,MOÇAMBIQUE,GAZA,MANDLAKAZI,FACILITY AT LEVEL 4: MANDLAKAZI
d4UFMg4l7mU,MOÇAMBIQUE,INHAMBANE,CIDADE DE INHAMBANE,FACILITY AT LEVEL 4: CIDADE DE INHAMBANE
D6AHz1vuzAr,MOÇAMBIQUE,MANICA,MACATE,FACILITY AT LEVEL 4: MACATE
d6e2tYvdeEw,MOÇAMBIQUE,INHAMBANE,VILANKULOS,FACILITY AT LEVEL 4: VILANKULOS
d6syDRFTsUw,MOÇAMBIQUE,ZAMBEZIA,NAMACURRA,FACILITY AT LEVEL 4: NAMACURRA
d6UElvYmEtD,MOÇAMBIQUE,GAZA,CHIBUTO,FACILITY AT LEVEL 4: CHIBUTO
d7Gv45L3Xgp,MOÇAMBIQUE,TETE,ANGÓNIA,FACILITY AT LEVEL 4: ANGÓNIA
d8hTjNkMDcG,MOÇAMBIQUE,TETE,MARARA,FACILITY AT LEVEL 4: MARARA
DA1LPWGFY4T,MOÇAMBIQUE,NIASSA,CUAMBA,FACILITY AT LEVEL 4: CUAMBA
daBciskoByr,MOÇAMBIQUE,MAPUTO PROVINCIA,NAMAACHA,FACILITY AT LEVEL 4: NAMAACHA
DAoIpbeXYjM,MOÇAMBIQUE,CABO DELGADO,MONTEPUEZ,FACILITY AT LEVEL 4: MONTEPUEZ
DC1fXROixap,MOÇAMBIQUE,ZAMBEZIA,MORRUMBALA,FACILITY AT LEVEL 4: MORRUMBALA
DcwLcflxOvG,MOÇAMBIQUE,MANICA,BÁRUE,FACILITY AT LEVEL 4: BÁRUE
DDMKRpGCKf5,MOÇAMBIQUE,CABO DELGADO,METUGE,FACILITY AT LEVEL 4: METUGE
dE4oeD7vN51,MOÇAMBIQUE,SOFALA,CIDADE DA BEIRA,FACILITY AT LEVEL 4: CIDADE DA BEIRA
deglM0lQef9,MOÇAMBIQUE,MAPUTO CIDADE,KAMPFUMO,FACILITY AT LEVEL 4: KAMPFUMO
dema38RgdT8,MOÇAMBIQUE,MAPUTO CIDADE,KAMAXAKENE,FACILITY AT LEVEL 4: KAMAXAKENE
deYfMfR2mgP,MOÇAMBIQUE,INHAMBANE,HOMOINE,FACILITY AT LEVEL 4: HOMOINE
DF2Uftl0aPf,MOÇAMBIQUE,CABO DELGADO,ANCUABE,FACILITY AT LEVEL 4: ANCUABE
dfCtfKhN8Ls,MOÇAMBIQUE,SOFALA,DONDO,FACILITY AT LEVEL 4: DONDO
DGbRM8byEvs,MOÇAMBIQUE,NAMPULA,MECUBURI,FACILITY AT LEVEL 4: MECUBURI
dgmAnqOxknW,MOÇAMBIQUE,CABO DELGADO,QUISSANGA,FACILITY AT LEVEL 4: QUISSANGA
DH7T30CBDT1,MOÇAMBIQUE,MAPUTO PROVINCIA,MATOLA,FACILITY AT LEVEL 4: MATOLA
DihjbExVCLt,MOÇAMBIQUE,INHAMBANE,MASSINGA,FACILITY AT LEVEL 4: MASSINGA
dIqiJq47bHT,MOÇAMBIQUE,CABO DELGADO,MUEDA,FACILITY AT LEVEL 4: MUEDA
dIsfgsYMjzY,MOÇAMBIQUE,MAPUTO CIDADE,KAMPFUMO,FACILITY AT LEVEL 4: KAMPFUMO
DJ4qqhawxUC,MOÇAMBIQUE,ZAMBEZIA,CHINDE,FACILITY AT LEVEL 4: CHINDE
Djahp380CHM,MOÇAMBIQUE,MAPUTO PROVINCIA,MATOLA,FACILITY AT LEVEL 4: MATOLA
DjCXYG5n96z,MOÇAMBIQUE,NIASSA,MUEMBE,FACILITY AT LEVEL 4: MUEMBE
DJNaX9bo4sI,MOÇAMBIQUE,GAZA,MASSINGIR,FACILITY AT LEVEL 4: MASSINGIR
djNVcxfh98A,MOÇAMBIQUE,MAPUTO CIDADE,KAMPFUMO,FACILITY AT LEVEL 4: KAMPFUMO
dK25vCiag2T,MOÇAMBIQUE,GAZA,MANDLAKAZI,FACILITY AT LEVEL 4: MANDLAKAZI
dKjZT0tM430,MOÇAMBIQUE,MANICA,GONDOLA,FACILITY AT LEVEL 4: GONDOLA
dkRNjbdxVj9,MOÇAMBIQUE,NAMPULA,ILHA DE MOÇAMBIQUE,FACILITY AT LEVEL 4: ILHA DE MOÇAMBIQUE
dLRxs5nCjqd,MOÇAMBIQUE,MAPUTO CIDADE,KAMPFUMO,FACILITY AT LEVEL 4: KAMPFUMO
DnfDIBHlM9H,MOÇAMBIQUE,MAPUTO CIDADE,KAMAVOTA,FACILITY AT LEVEL 4: KAMAVOTA
Dou8fo5ZnKf,MOÇAMBIQUE,NIASSA,MAJUNE,FACILITY AT LEVEL 4: MAJUNE
DOWLOfAbez3,MOÇAMBIQUE,NAMPULA,RIBAUE,FACILITY AT LEVEL 4: RIBAUE
DP2pvf8QdN7,MOÇAMBIQUE,NAMPULA,NACAROA,FACILITY AT LEVEL 4: NACAROA
DpAZK5AmFte,MOÇAMBIQUE,ZAMBEZIA,MILANGE,FACILITY AT LEVEL 4: MILANGE
DPCRLNbfcSx,MOÇAMBIQUE,MAPUTO CIDADE,KAMPFUMO,FACILITY AT LEVEL 4: KAMPFUMO
Dpmgd62G2Bh,MOÇAMBIQUE,MAPUTO CIDADE,KAMPFUMO,FACILITY AT LEVEL 4: KAMPFUMO
DPzL6hulncw,MOÇAMBIQUE,MAPUTO PROVINCIA,MARRACUENE,FACILITY AT LEVEL 4: MARRACUENE
dqqwFxbIuMb,MOÇAMBIQUE,NAMPULA,MURRUPULA,FACILITY AT LEVEL 4: MURRUPULA
Dra0OKqNePG,MOÇAMBIQUE,NIASSA,MUEMBE,FACILITY AT LEVEL 4: MUEMBE
drG5LY20jni,MOÇAMBIQUE,CABO DELGADO,BALAMA,FACILITY AT LEVEL 4: BALAMA
dS3NXyNJ1Bs,MOÇAMBIQUE,NIASSA,DISTRITO DE LICHINGA,FACILITY AT LEVEL 4: DISTRITO DE LICHINGA
DskcGzJ9uzE,MOÇAMBIQUE,CABO DELGADO,ANCUABE,FACILITY AT LEVEL 4: ANCUABE
DszMpasMBjD,MOÇAMBIQUE,NIASSA,MECANHELAS,FACILITY AT LEVEL 4: MECANHELAS
dTa6jCYZRWM,MOÇAMBIQUE,INHAMBANE,MABOTE,FACILITY AT LEVEL 4: MABOTE
dtgeQxbZtLd,MOÇAMBIQUE,MAPUTO CIDADE,KAMPFUMO,FACILITY AT LEVEL 4: KAMPFUMO
du30cf6vzTj,MOÇAMBIQUE,GAZA,CHIBUTO,FACILITY AT LEVEL 4: CHIBUTO
dUcryHHgSv7,MOÇAMBIQUE,NIASSA,CUAMBA,FACILITY AT LEVEL 4: CUAMBA
DUmysYmLkmN,MOÇAMBIQUE,TETE,CHANGARA,FACILITY AT LEVEL 4: CHANGARA
DUWhFXuFWrt,MOÇAMBIQUE,MAPUTO CIDADE,KAMAVOTA,FACILITY AT LEVEL 4: KAMAVOTA
DvJLIegkOES,MOÇAMBIQUE,GAZA,CHOKWÉ,FACILITY AT LEVEL 4: CHOKWÉ
DVoQpHahY89,MOÇAMBIQUE,NAMPULA,MOMA,FACILITY AT LEVEL 4: MOMA
Dx7mYEoXBuP,MOÇAMBIQUE,SOFALA,CIDADE DA BEIRA,FACILITY AT LEVEL 4: CIDADE DA BEIRA
dxfC3iVN14U,MOÇAMBIQUE,MANICA,TAMBARA,FACILITY AT LEVEL 4: TAMBARA
dxr1EhQZWzs,MOÇAMBIQUE,INHAMBANE,MASSINGA,FACILITY AT LEVEL 4: MASSINGA
dxuDoidMXPz,MOÇAMBIQUE,MANICA,MACOSSA,FACILITY AT LEVEL 4: MACOSSA
DXW7F52ldRZ,MOÇAMBIQUE,MANICA,TAMBARA,FACILITY AT LEVEL 4: TAMBARA
dY0o4ZK1aNZ,MOÇAMBIQUE,GAZA,CHIBUTO,FACILITY AT LEVEL 4: CHIBUTO
dY22A3HEjnF,MOÇAMBIQUE,MAPUTO CIDADE,NLHAMANKULU,FACILITY AT LEVEL 4: NLHAMANKULU
DYDA3Wdu2xZ,MOÇAMBIQUE,TETE,MARÁVIA,FACILITY AT LEVEL 4: MARÁVIA
dZDLT5HPTyX,MOÇAMBIQUE,GAZA,CHOKWÉ,FACILITY AT LEVEL 4: CHOKWÉ
dZFIgcfLY19,MOÇAMBIQUE,INHAMBANE,GOVURO,FACILITY AT LEVEL 4: GOVURO
DZJ04hcY6Vj,MOÇAMBIQUE,MANICA,BÁRUE,FACILITY AT LEVEL 4: BÁRUE
E15hMrnuTpP,MOÇAMBIQUE,MAPUTO CIDADE,NLHAMANKULU,FACILITY AT LEVEL 4: NLHAMANKULU
e17MxqQXvLG,MOÇAMBIQUE,INHAMBANE,MAXIXE,FACILITY AT LEVEL 4: MAXIXE
E195Kngukyd,MOÇAMBIQUE,GAZA,CHOKWÉ,FACILITY AT LEVEL 4: CHOKWÉ
E4BDbzWkLsa,MOÇAMBIQUE,MAPUTO CIDADE,KAMAVOTA,FACILITY AT LEVEL 4: KAMAVOTA
E6enLylrkOJ,MOÇAMBIQUE,MAPUTO CIDADE,NLHAMANKULU,FACILITY AT LEVEL 4: NLHAMANKULU
e71n1qe7f69,MOÇAMBIQUE,GAZA,CHICUALACUALA,FACILITY AT LEVEL 4: CHICUALACUALA
E7FIwYbXHfd,MOÇAMBIQUE,GAZA,DISTRITO DE XAI-XAI (EXTINTO),FACILITY AT LEVEL 4: DISTRITO DE XAI-XAI (EXTINTO)
E801hVG6H4r,MOÇAMBIQUE,GAZA,CHONGOENE,FACILITY AT LEVEL 4: CHONGOENE
e94u5ioNGno,MOÇAMBIQUE,CABO DELGADO,CIDADE DE PEMBA,FACILITY AT LEVEL 4: CIDADE DE PEMBA
e9IyOwC3IxO,MOÇAMBIQUE,GAZA,BILENE,FACILITY AT LEVEL 4: BILENE
e9KcOq6JNbp,MOÇAMBIQUE,INHAMBANE,VILANKULOS,FACILITY AT LEVEL 4: VILANKULOS
eAKILLJfUZA,MOÇAMBIQUE,MAPUTO PROVINCIA,NAMAACHA,FACILITY AT LEVEL 4: NAMAACHA
EaMyHFOaIGr,MOÇAMBIQUE,NAMPULA,DISTRITO DE NAMPULA,FACILITY AT LEVEL 4: DISTRITO DE NAMPULA
EB2UQSNSNi2,MOÇAMBIQUE,ZAMBEZIA,GILÉ,FACILITY AT LEVEL 4: GILÉ
ebjZ0ud4Nmp,MOÇAMBIQUE,MAPUTO CIDADE,KAMPFUMO,FACILITY AT LEVEL 4: KAMPFUMO
ebx3wEMtRAE,MOÇAMBIQUE,NIASSA,SANGA,FACILITY AT LEVEL 4: SANGA
EdkqIg0gw8p,MOÇAMBIQUE,NIASSA,MARRUPA,FACILITY AT LEVEL 4: MARRUPA
eDrY7aCt6S4,MOÇAMBIQUE,MAPUTO PROVINCIA,BOANE,FACILITY AT LEVEL 4: BOANE
eduHSS0HVz5,MOÇAMBIQUE,NAMPULA,NACALA-PORTO,FACILITY AT LEVEL 4: NACALA-PORTO
Ee31HifiL1K,MOÇAMBIQUE,NIASSA,MANDIMBA,FACILITY AT LEVEL 4: MANDIMBA
EeHBwbqho3t,MOÇAMBIQUE,MAPUTO CIDADE,KAMPFUMO,FACILITY AT LEVEL 4: KAMPFUMO
eeyNP4Hhq80,MOÇAMBIQUE,INHAMBANE,MAXIXE,FACILITY AT LEVEL 4: MAXIXE
EF2Ycqj43ft,MOÇAMBIQUE,MAPUTO CIDADE,KAMUBUKWANA,FACILITY AT LEVEL 4: KAMUBUKWANA
efEiLhUkse2,MOÇAMBIQUE,MAPUTO PROVINCIA,BOANE,FACILITY AT LEVEL 4: BOANE
Eg8yDIObtPF,MOÇAMBIQUE,TETE,MUTARARA,FACILITY AT LEVEL 4: MUTARARA
EGuhiNCPtzN,MOÇAMBIQUE,INHAMBANE,MORRUMBENE,FACILITY AT LEVEL 4: MORRUMBENE
EgZqnXs5I1s,MOÇAMBIQUE,MAPUTO CIDADE,KAMPFUMO,FACILITY AT LEVEL 4: KAMPFUMO
ehTdVxrzBTY,MOÇAMBIQUE,NAMPULA,MONAPO,FACILITY AT LEVEL 4: MONAPO
ei4J0kvrRJt,MOÇAMBIQUE,ZAMBEZIA,INHASSUNGE,FACILITY AT LEVEL 4: INHASSUNGE
EI9snNjVqaz,MOÇAMBIQUE,TETE,MARÁVIA,FACILITY AT LEVEL 4: MARÁVIA
eIbjovFRQig,MOÇAMBIQUE,GAZA,CHOKWÉ,FACILITY AT LEVEL 4: CHOKWÉ
eiP7hT6LQLF,MOÇAMBIQUE,NAMPULA,ERATI,FACILITY AT LEVEL 4: ERATI
EJbxovjZW0U,MOÇAMBIQUE,SOFALA,BÚZI,FACILITY AT LEVEL 4: BÚZI
ejIVYXF21rB,MOÇAMBIQUE,INHAMBANE,GOVURO,FACILITY AT LEVEL 4: GOVURO
EJMaRyEK16V,MOÇAMBIQUE,MAPUTO CIDADE,KAMAVOTA,FACILITY AT LEVEL 4: KAMAVOTA
EJoi6NGZtPU,MOÇAMBIQUE,SOFALA,BÚZI,FACILITY AT LEVEL 4: BÚZI
EjVl1qW4fVY,MOÇAMBIQUE,ZAMBEZIA,CIDADE DE QUELIMANE,FACILITY AT LEVEL 4: CIDADE DE QUELIMANE
eKu7hG6MUNx,MOÇAMBIQUE,GAZA,CIDADE DE XAI-XAI,FACILITY AT LEVEL 4: CIDADE DE XAI-XAI
ekw9oC6wO9P,MOÇAMBIQUE,MANICA,TAMBARA,FACILITY AT LEVEL 4: TAMBARA
eM0Efh1749v,MOÇAMBIQUE,SOFALA,DONDO,FACILITY AT LEVEL 4: DONDO
em2M46QbW0F,MOÇAMBIQUE,CABO DELGADO,MOCÍMBOA DA PRAIA,FACILITY AT LEVEL 4: MOCÍMBOA DA PRAIA
EMp3n5IZG3R,MOÇAMBIQUE,INHAMBANE,VILANKULOS,FACILITY AT LEVEL 4: VILANKULOS
enrfpOFlcCS,MOÇAMBIQUE,NAMPULA,ANGOCHE,FACILITY AT LEVEL 4: ANGOCHE
eNuZ05xfP3k,MOÇAMBIQUE,MAPUTO CIDADE,NLHAMANKULU,FACILITY AT LEVEL 4: NLHAMANKULU
enxghv1OsHz,MOÇAMBIQUE,MAPUTO CIDADE,KAMPFUMO,FACILITY AT LEVEL 4: KAMPFUMO
eNyBCBA57Ku,MOÇAMBIQUE,NAMPULA,MEMBA,FACILITY AT LEVEL 4: MEMBA
eo9sPpj1OYF,MOÇAMBIQUE,SOFALA,BÚZI,FACILITY AT LEVEL 4: BÚZI
EP8QkQfyR2M,MOÇAMBIQUE,MANICA,MOSSURIZE,FACILITY AT LEVEL 4: MOSSURIZE
EpI9l2DKbfL,MOÇAMBIQUE,INHAMBANE,CIDADE DE INHAMBANE,FACILITY AT LEVEL 4: CIDADE DE INHAMBANE
ePv0zRM8AGd,MOÇAMBIQUE,CABO DELGADO,MONTEPUEZ,FACILITY AT LEVEL 4: MONTEPUEZ
EPvheeRmhYw,MOÇAMBIQUE,NIASSA,MARRUPA,FACILITY AT LEVEL 4: MARRUPA
EPzAPDoYsR4,MOÇAMBIQUE,MAPUTO PROVINCIA,MANHIÇA,FACILITY AT LEVEL 4: MANHIÇA
EqbLuPCcQLn,MOÇAMBIQUE,NIASSA,MUEMBE,FACILITY AT LEVEL 4: MUEMBE
eqetevF6ZXS,MOÇAMBIQUE,MAPUTO PROVINCIA,MATOLA,FACILITY AT LEVEL 4: MATOLA
EqRC39jDrAQ,MOÇAMBIQUE,NAMPULA,NACAROA,FACILITY AT LEVEL 4: NACAROA
ERhvzm2YEtw,MOÇAMBIQUE,NIASSA,MECANHELAS,FACILITY AT LEVEL 4: MECANHELAS
ermJvjKZLo8,MOÇAMBIQUE,NAMPULA,MOMA,FACILITY AT LEVEL 4: MOMA
eS01JYbWpDe,MOÇAMBIQUE,CABO DELGADO,MACOMIA,FACILITY AT LEVEL 4: MACOMIA
esJhSuV2ebx,MOÇAMBIQUE,NIASSA,LAGO,FACILITY AT LEVEL 4: LAGO
ESVnjIeYCIA,MOÇAMBIQUE,INHAMBANE,CIDADE DE INHAMBANE,FACILITY AT LEVEL 4: CIDADE DE INHAMBANE
ETBP8sv6mDb,MOÇAMBIQUE,CABO DELGADO,MONTEPUEZ,FACILITY AT LEVEL 4: MONTEPUEZ
eTccktgRjH4,MOÇAMBIQUE,MAPUTO PROVINCIA,MANHIÇA,FACILITY AT LEVEL 4: MANHIÇA
ETEsshRSbPM,MOÇAMBIQUE,INHAMBANE,MORRUMBENE,FACILITY AT LEVEL 4: MORRUMBENE
eU3cClvwfUq,MOÇAMBIQUE,NAMPULA,DISTRITO DE NAMPULA,FACILITY AT LEVEL 4: DISTRITO DE NAMPULA
EUrdt0jeAzK,MOÇAMBIQUE,CABO DELGADO,BALAMA,FACILITY AT LEVEL 4: BALAMA
eVTDwYLrsF1,MOÇAMBIQUE,ZAMBEZIA,MOLUMBO,FACILITY AT LEVEL 4: MOLUMBO
evvuRbNStU3,MOÇAMBIQUE,GAZA,DISTRITO DE XAI-XAI (EXTINTO),FACILITY AT LEVEL 4: DISTRITO DE XAI-XAI (EXTINTO)
eW4fB2puFZ0,MOÇAMBIQUE,SOFALA,NHAMATANDA,FACILITY AT LEVEL 4: NHAMATANDA
eWGIB5tDGtb,MOÇAMBIQUE,MAPUTO PROVINCIA,MARRACUENE,FACILITY AT LEVEL 4: MARRACUENE
eXBkucpVCW2,MOÇAMBIQUE,TETE,ZUMBO,FACILITY AT LEVEL 4: ZUMBO
EYT9q4UMDtO,MOÇAMBIQUE,TETE,MUTARARA,FACILITY AT LEVEL 4: MUTARARA
EYYj8vIIo2h,MOÇAMBIQUE,GAZA,MAPAI,FACILITY AT LEVEL 4: MAPAI
Ez9VaXW136l,MOÇAMBIQUE,MAPUTO CIDADE,KAMPFUMO,FACILITY AT LEVEL 4: KAMPFUMO
EZSLtYySKZy,MOÇAMBIQUE,MAPUTO PROVINCIA,MATOLA,FACILITY AT LEVEL 4: MATOLA
F0h88XUDFrp,MOÇAMBIQUE,SOFALA,CIDADE DA BEIRA,FACILITY AT LEVEL 4: CIDADE DA BEIRA
f0N67NM3twH,MOÇAMBIQUE,INHAMBANE,JANGAMO,FACILITY AT LEVEL 4: JANGAMO
F0XYrUsyXXH,MOÇAMBIQUE,ZAMBEZIA,CIDADE DE QUELIMANE,FACILITY AT LEVEL 4: CIDADE DE QUELIMANE
F2aPepgTtMO,MOÇAMBIQUE,NIASSA,LAGO,FACILITY AT LEVEL 4: LAGO
F3WvD8c8eMC,MOÇAMBIQUE,TETE,MARÁVIA,FACILITY AT LEVEL 4: MARÁVIA
f5m2f28NoKG,MOÇAMBIQUE,SOFALA,DONDO,FACILITY AT LEVEL 4: DONDO
f5xVXLdYm0P,MOÇAMBIQUE,NIASSA,LAGO,FACILITY AT LEVEL 4: LAGO
f69Q9zQvaY5,MOÇAMBIQUE,NAMPULA,MEMBA,FACILITY AT LEVEL 4: MEMBA
F7AYLWPjx7z,MOÇAMBIQUE,SOFALA,NHAMATANDA,FACILITY AT LEVEL 4: NHAMATANDA
F85NERjYREQ,MOÇAMBIQUE,MANICA,MACATE,FACILITY AT LEVEL 4: MACATE
F8JcvxDk3oU,MOÇAMBIQUE,MAPUTO CIDADE,KAMPFUMO,FACILITY AT LEVEL 4: KAMPFUMO
F9DSeVeJqtA,MOÇAMBIQUE,MANICA,MANICA,FACILITY AT LEVEL 4: MANICA
F9mVM6qkczC,MOÇAMBIQUE,TETE,MARÁVIA,FACILITY AT LEVEL 4: MARÁVIA
F9YHQ3iSRTd,MOÇAMBIQUE,NAMPULA,MUECATE,FACILITY AT LEVEL 4: MUECATE
Fa80DfDS7GU,MOÇAMBIQUE,GAZA,MANDLAKAZI,FACILITY AT LEVEL 4: MANDLAKAZI
faixKFniHPz,MOÇAMBIQUE,MAPUTO PROVINCIA,MATOLA,FACILITY AT LEVEL 4: MATOLA
FaQ8l02oeoC,MOÇAMBIQUE,GAZA,MABALANE,FACILITY AT LEVEL 4: MABALANE
FAqmoRnHtJz,MOÇAMBIQUE,NAMPULA,MEMBA,FACILITY AT LEVEL 4: MEMBA
fBeXxAA5Pwm,MOÇAMBIQUE,NAMPULA,MECUBURI,FACILITY AT LEVEL 4: MECUBURI
Fcby0PGFbdX,MOÇAMBIQUE,INHAMBANE,GOVURO,FACILITY AT LEVEL 4: GOVURO
Fch2tUN1Gxo,MOÇAMBIQUE,ZAMBEZIA,PEBANE,FACILITY AT LEVEL 4: PEBANE
fdg8pYjJO5B,MOÇAMBIQUE,MANICA,MANICA,FACILITY AT LEVEL 4: MANICA
FDT1WfNfwNe,MOÇAMBIQUE,INHAMBANE,HOMOINE,FACILITY AT LEVEL 4: HOMOINE
fDvPwgu9pGH,MOÇAMBIQUE,GAZA,CHOKWÉ,FACILITY AT LEVEL 4: CHOKWÉ
FdxA6o2oI2m,MOÇAMBIQUE,NAMPULA,ANGOCHE,FACILITY AT LEVEL 4: ANGOCHE
fe7GBJXf109,MOÇAMBIQUE,GAZA,CHICUALACUALA,FACILITY AT LEVEL 4: CHICUALACUALA
fE9opJzMG7i,MOÇAMBIQUE,MAPUTO PROVINCIA,MARRACUENE,FACILITY AT LEVEL 4: MARRACUENE
feo8hXD8YXr,MOÇAMBIQUE,NAMPULA,DISTRITO DE NAMPULA,FACILITY AT LEVEL 4: DISTRITO DE NAMPULA
fetH4NtAKcP,MOÇAMBIQUE,GAZA,MAPAI,FACILITY AT LEVEL 4: MAPAI
FFDqDYuomF9,MOÇAMBIQUE,ZAMBEZIA,ALTO MOLÓCUÈ,FACILITY AT LEVEL 4: ALTO MOLÓCUÈ
fFENTRQpsus,MOÇAMBIQUE,GAZA,MAPAI,FACILITY AT LEVEL 4: MAPAI
ffk7yEwFeOn,MOÇAMBIQUE,INHAMBANE,FUNHALOURO,FACILITY AT LEVEL 4: FUNHALOURO
fFs8TOTuE5x,MOÇAMBIQUE,GAZA,CIDADE DE XAI-XAI,FACILITY AT LEVEL 4: CIDADE DE XAI-XAI
fGCpDGtwtiB,MOÇAMBIQUE,GAZA,DISTRITO DE XAI-XAI (EXTINTO),FACILITY AT LEVEL 4: DISTRITO DE XAI-XAI (EXTINTO)
FGNBg2mQxso,MOÇAMBIQUE,TETE,CAHORA BASSA,FACILITY AT LEVEL 4: CAHORA BASSA
fGRAWUnGS4o,MOÇAMBIQUE,CABO DELGADO,CHIÚRE,FACILITY AT LEVEL 4: CHIÚRE
FHmj63LXtwX,MOÇAMBIQUE,ZAMBEZIA,MORRUMBALA,FACILITY AT LEVEL 4: MORRUMBALA
Fi2UPnup7uh,MOÇAMBIQUE,MAPUTO PROVINCIA,MATOLA,FACILITY AT LEVEL 4: MATOLA
fIERNyGNDB8,MOÇAMBIQUE,MAPUTO CIDADE,KAMUBUKWANA,FACILITY AT LEVEL 4: KAMUBUKWANA
Fj275WZuIB5,MOÇAMBIQUE,SOFALA,NHAMATANDA,FACILITY AT LEVEL 4: NHAMATANDA
fJbPpRquPc9,MOÇAMBIQUE,NAMPULA,RAPALE,FACILITY AT LEVEL 4: RAPALE
FjDywngVp2a,MOÇAMBIQUE,SOFALA,CIDADE DA BEIRA,FACILITY AT LEVEL 4: CIDADE DA BEIRA
FjlHYRg36ZZ,MOÇAMBIQUE,NAMPULA,MEMBA,FACILITY AT LEVEL 4: MEMBA
fjrvbdFYSN0,MOÇAMBIQUE,TETE,MUTARARA,FACILITY AT LEVEL 4: MUTARARA
Fke7gYDc4kd,MOÇAMBIQUE,MANICA,CIDADE DE CHIMOIO,FACILITY AT LEVEL 4: CIDADE DE CHIMOIO
fKN9oIt2cTC,MOÇAMBIQUE,MAPUTO PROVINCIA,MATOLA,FACILITY AT LEVEL 4: MATOLA
FKQlmp4fRv5,MOÇAMBIQUE,NAMPULA,MURRUPULA,FACILITY AT LEVEL 4: MURRUPULA
FkUYIegS10Y,MOÇAMBIQUE,TETE,CIDADE DE TETE,FACILITY AT LEVEL 4: CIDADE DE TETE
FlSZSKlTGNX,MOÇAMBIQUE,INHAMBANE,VILANKULOS,FACILITY AT LEVEL 4: VILANKULOS
fmb3KdzotPX,MOÇAMBIQUE,MAPUTO CIDADE,KAMPFUMO,FACILITY AT LEVEL 4: KAMPFUMO
fmMirj04kvv,MOÇAMBIQUE,ZAMBEZIA,MILANGE,FACILITY AT LEVEL 4: MILANGE
fmTBc9rBnMI,MOÇAMBIQUE,NAMPULA,MUECATE,FACILITY AT LEVEL 4: MUECATE
fnJIcD9jgBu,MOÇAMBIQUE,NIASSA,MECULA,FACILITY AT LEVEL 4: MECULA
FnYIk1xSVpg,MOÇAMBIQUE,CABO DELGADO,PALMA,FACILITY AT LEVEL 4: PALMA
FO2ov52UiAL,MOÇAMBIQUE,ZAMBEZIA,MULEVALA,FACILITY AT LEVEL 4: MULEVALA
FOISd25KRP9,MOÇAMBIQUE,ZAMBEZIA,LUGELA,FACILITY AT LEVEL 4: LUGELA
fOMensxYJQ4,MOÇAMBIQUE,CABO DELGADO,ANCUABE,FACILITY AT LEVEL 4: ANCUABE
fPaQL2tj7GB,MOÇAMBIQUE,ZAMBEZIA,MAGANJA DA COSTA,FACILITY AT LEVEL 4: MAGANJA DA COSTA
FPIJ2LvjkPl,MOÇAMBIQUE,NIASSA,NIPEPE,FACILITY AT LEVEL 4: NIPEPE
FpSZAoACTa8,MOÇAMBIQUE,TETE,MACANGA,FACILITY AT LEVEL 4: MACANGA
fqcCjphv0j8,MOÇAMBIQUE,MAPUTO CIDADE,KAMPFUMO,FACILITY AT LEVEL 4: KAMPFUMO
fQilmlOM0yS,MOÇAMBIQUE,ZAMBEZIA,MORRUMBALA,FACILITY AT LEVEL 4: MORRUMBALA
FqK8B4fcqpW,MOÇAMBIQUE,MAPUTO CIDADE,KAMUBUKWANA,FACILITY AT LEVEL 4: KAMUBUKWANA
fqTSFWmc6vX,MOÇAMBIQUE,GAZA,CHICUALACUALA,FACILITY AT LEVEL 4: CHICUALACUALA
fR1EnEkW7zv,MOÇAMBIQUE,GAZA,CHIBUTO,FACILITY AT LEVEL 4: CHIBUTO
fSiGg1TQzQx,MOÇAMBIQUE,MANICA,BÁRUE,FACILITY AT LEVEL 4: BÁRUE
ftpNOIJKjLL,MOÇAMBIQUE,GAZA,DISTRITO DE XAI-XAI (EXTINTO),FACILITY AT LEVEL 4: DISTRITO DE XAI-XAI (EXTINTO)
fUE0wYuBCdN,MOÇAMBIQUE,GAZA,CHOKWÉ,FACILITY AT LEVEL 4: CHOKWÉ
fuFCn0C769V,MOÇAMBIQUE,NIASSA,MANDIMBA,FACILITY AT LEVEL 4: MANDIMBA
fUgudyDevaj,MOÇAMBIQUE,TETE,MOATIZE,FACILITY AT LEVEL 4: MOATIZE
fuQyGLbb6nL,MOÇAMBIQUE,NAMPULA,LALAUA,FACILITY AT LEVEL 4: LALAUA
fuvtPqCjTbY,MOÇAMBIQUE,MAPUTO CIDADE,KAMPFUMO,FACILITY AT LEVEL 4: KAMPFUMO
FV6MG0l7WKb,MOÇAMBIQUE,TETE,MÁGOÈ,FACILITY AT LEVEL 4: MÁGOÈ
Fv8j8pSMFBd,MOÇAMBIQUE,NIASSA,SANGA,FACILITY AT LEVEL 4: SANGA
fv8q5uGVG5Y,MOÇAMBIQUE,ZAMBEZIA,NAMARROI,FACILITY AT LEVEL 4: NAMARROI
fvdTCq8pgt2,MOÇAMBIQUE,SOFALA,DONDO,FACILITY AT LEVEL 4: DONDO
fw8WhHTlN2W,MOÇAMBIQUE,NAMPULA,MALEMA,FACILITY AT LEVEL 4: MALEMA
fXduwI2OXvx,MOÇAMBIQUE,CABO DELGADO,MONTEPUEZ,FACILITY AT LEVEL 4: MONTEPUEZ
fXj9fD2iRbM,MOÇAMBIQUE,TETE,MOATIZE,FACILITY AT LEVEL 4: MOATIZE
fxoe5KU5x5X,MOÇAMBIQUE,NIASSA,DISTRITO DE LICHINGA,FACILITY AT LEVEL 4: DISTRITO DE LICHINGA
fXwGJyHowkx,MOÇAMBIQUE,MANICA,MOSSURIZE,FACILITY AT LEVEL 4: MOSSURIZE
fySHBDzfcfs,MOÇAMBIQUE,TETE,MÁGOÈ,FACILITY AT LEVEL 4: MÁGOÈ
fyTzJfizzhg,MOÇAMBIQUE,ZAMBEZIA,MORRUMBALA,FACILITY AT LEVEL 4: MORRUMBALA
FYvH5A8Zrcy,MOÇAMBIQUE,GAZA,BILENE,FACILITY AT LEVEL 4: BILENE
FZyn3d87ZiC,MOÇAMBIQUE,SOFALA,CIDADE DA BEIRA,FACILITY AT LEVEL 4: CIDADE DA BEIRA
G1ochR1Qrbi,MOÇAMBIQUE,INHAMBANE,INHARRIME,FACILITY AT LEVEL 4: INHARRIME
g27Iq9gmOkJ,MOÇAMBIQUE,MAPUTO PROVINCIA,MANHIÇA,FACILITY AT LEVEL 4: MANHIÇA
g2jdPaP48ch,MOÇAMBIQUE,MAPUTO CIDADE,KAMPFUMO,FACILITY AT LEVEL 4: KAMPFUMO
g3cRVQxCVM7,MOÇAMBIQUE,MANICA,MACHAZE,FACILITY AT LEVEL 4: MACHAZE
g5pJ4vZPgBT,MOÇAMBIQUE,MAPUTO CIDADE,KAMAXAKENE,FACILITY AT LEVEL 4: KAMAXAKENE
G9HZMNgDkMp,MOÇAMBIQUE,MAPUTO PROVINCIA,MANHIÇA,FACILITY AT LEVEL 4: MANHIÇA
g9I60BB2gmZ,MOÇAMBIQUE,MAPUTO CIDADE,KAMPFUMO,FACILITY AT LEVEL 4: KAMPFUMO
G9lkKjFz58F,MOÇAMBIQUE,GAZA,GUIJÁ,FACILITY AT LEVEL 4: GUIJÁ
G9mnQ4TkzuV,MOÇAMBIQUE,TETE,DOA,FACILITY AT LEVEL 4: DOA
GAhiQzYLQer,MOÇAMBIQUE,MAPUTO CIDADE,KAMUBUKWANA,FACILITY AT LEVEL 4: KAMUBUKWANA
GaiS33BPYwN,MOÇAMBIQUE,NIASSA,MAJUNE,FACILITY AT LEVEL 4: MAJUNE
gayUMrDzc0s,MOÇAMBIQUE,MAPUTO CIDADE,KAMUBUKWANA,FACILITY AT LEVEL 4: KAMUBUKWANA
gB6Fe2lRENS,MOÇAMBIQUE,MAPUTO PROVINCIA,MATOLA,FACILITY AT LEVEL 4: MATOLA
GBgmNxv8yJz,MOÇAMBIQUE,GAZA,DISTRITO DE XAI-XAI (EXTINTO),FACILITY AT LEVEL 4: DISTRITO DE XAI-XAI (EXTINTO)
GBRU9Bfs8kR,MOÇAMBIQUE,ZAMBEZIA,GURUÉ,FACILITY AT LEVEL 4: GURUÉ
gbTsamCnqQk,MOÇAMBIQUE,ZAMBEZIA,GURUÉ,FACILITY AT LEVEL 4: GURUÉ
gbvwxBV3LLJ,MOÇAMBIQUE,NAMPULA,MECONTA,FACILITY AT LEVEL 4: MECONTA
GC90o3PjGJl,MOÇAMBIQUE,NIASSA,NIPEPE,FACILITY AT LEVEL 4: NIPEPE
gcEI5N71UuE,MOÇAMBIQUE,GAZA,CHONGOENE,FACILITY AT LEVEL 4: CHONGOENE
GCF6zIvnKP8,MOÇAMBIQUE,MAPUTO CIDADE,KAMPFUMO,FACILITY AT LEVEL 4: KAMPFUMO
gCGaQs14Pfz,MOÇAMBIQUE,TETE,MOATIZE,FACILITY AT LEVEL 4: MOATIZE
Gcv44k8eBFR,MOÇAMBIQUE,ZAMBEZIA,CIDADE DE QUELIMANE,FACILITY AT LEVEL 4: CIDADE DE QUELIMANE
GcVn4POQhJn,MOÇAMBIQUE,ZAMBEZIA,GURUÉ,FACILITY AT LEVEL 4: GURUÉ
gD0I0MPrh7O,MOÇAMBIQUE,MAPUTO PROVINCIA,MANHIÇA,FACILITY AT LEVEL 4: MANHIÇA
GeeGb9bENzF,MOÇAMBIQUE,MAPUTO CIDADE,KAMPFUMO,FACILITY AT LEVEL 4: KAMPFUMO
gEw5aaD912n,MOÇAMBIQUE,TETE,CHIFUNDE,FACILITY AT LEVEL 4: CHIFUNDE
gF8verFv7Oe,MOÇAMBIQUE,ZAMBEZIA,MORRUMBALA,FACILITY AT LEVEL 4: MORRUMBALA
GgGtNpT05zh,MOÇAMBIQUE,CABO DELGADO,NANGADE,FACILITY AT LEVEL 4: NANGADE
gHGZi7u7RXD,MOÇAMBIQUE,ZAMBEZIA,LUABO,FACILITY AT LEVEL 4: LUABO
ghHbbWGOeWC,MOÇAMBIQUE,CABO DELGADO,MELUCO,FACILITY AT LEVEL 4: MELUCO
Ghn1u0yNbTT,MOÇAMBIQUE,INHAMBANE,ZAVALA,FACILITY AT LEVEL 4: ZAVALA
GIGxJHBpkAK,MOÇAMBIQUE,ZAMBEZIA,MOCUBA,FACILITY AT LEVEL 4: MOCUBA
gINfgRdH1bc,MOÇAMBIQUE,SOFALA,DONDO,FACILITY AT LEVEL 4: DONDO
GIo6pjLsIus,MOÇAMBIQUE,GAZA,CHIBUTO,FACILITY AT LEVEL 4: CHIBUTO
gjaJB4Kwi5N,MOÇAMBIQUE,TETE,ANGÓNIA,FACILITY AT LEVEL 4: ANGÓNIA
gji6MhRecOX,MOÇAMBIQUE,MAPUTO CIDADE,KAMPFUMO,FACILITY AT LEVEL 4: KAMPFUMO
gjRLgvy4fCZ,MOÇAMBIQUE,CABO DELGADO,ANCUABE,FACILITY AT LEVEL 4: ANCUABE
GJxMD4YakZ7,MOÇAMBIQUE,MAPUTO PROVINCIA,NAMAACHA,FACILITY AT LEVEL 4: NAMAACHA
gkywrPi5wx7,MOÇAMBIQUE,MAPUTO CIDADE,KAMPFUMO,FACILITY AT LEVEL 4: KAMPFUMO
Gl510LSWWJm,MOÇAMBIQUE,GAZA,MAPAI,FACILITY AT LEVEL 4: MAPAI
gm3ZfKVnAXa,MOÇAMBIQUE,ZAMBEZIA,MAGANJA DA COSTA,FACILITY AT LEVEL 4: MAGANJA DA COSTA
GMIiPr6bjTV,MOÇAMBIQUE,TETE,CAHORA BASSA,FACILITY AT LEVEL 4: CAHORA BASSA
GMIMwWhw9dO,MOÇAMBIQUE,SOFALA,GORONGOSA,FACILITY AT LEVEL 4: GORONGOSA
GmjONb59OBJ,MOÇAMBIQUE,ZAMBEZIA,MULEVALA,FACILITY AT LEVEL 4: MULEVALA
GMorjIOMHcx,MOÇAMBIQUE,SOFALA,BÚZI,FACILITY AT LEVEL 4: BÚZI
gn5PsxTj7fc,MOÇAMBIQUE,MANICA,CIDADE DE CHIMOIO,FACILITY AT LEVEL 4: CIDADE DE CHIMOIO
gn7b9tGF4fB,MOÇAMBIQUE,ZAMBEZIA,CIDADE DE QUELIMANE,FACILITY AT LEVEL 4: CIDADE DE QUELIMANE
gNhMmyImIEA,MOÇAMBIQUE,MAPUTO PROVINCIA,MATUTUÌNE,FACILITY AT LEVEL 4: MATUTUÌNE
gnikrCn6ZCG,MOÇAMBIQUE,MAPUTO CIDADE,KAMPFUMO,FACILITY AT LEVEL 4: KAMPFUMO
gnP6rzezWlY,MOÇAMBIQUE,MAPUTO PROVINCIA,MANHIÇA,FACILITY AT LEVEL 4: MANHIÇA
GOBrR5l6C7H,MOÇAMBIQUE,NAMPULA,NACALA-PORTO,FACILITY AT LEVEL 4: NACALA-PORTO
GoMvCjqpqI8,MOÇAMBIQUE,INHAMBANE,PANDA,FACILITY AT LEVEL 4: PANDA
GpHWeBXlvZZ,MOÇAMBIQUE,INHAMBANE,INHARRIME,FACILITY AT LEVEL 4: INHARRIME
GpknMJUqXaP,MOÇAMBIQUE,SOFALA,GORONGOSA,FACILITY AT LEVEL 4: GORONGOSA
gPksoW4pUYy,MOÇAMBIQUE,ZAMBEZIA,GURUÉ,FACILITY AT LEVEL 4: GURUÉ
GPLmpY1XB9b,MOÇAMBIQUE,CABO DELGADO,NAMUNO,FACILITY AT LEVEL 4: NAMUNO
gPmu4ERUQqZ,MOÇAMBIQUE,MAPUTO CIDADE,KAMAVOTA,FACILITY AT LEVEL 4: KAMAVOTA
GpRLGNod46l,MOÇAMBIQUE,MANICA,SUSSUNDENGA,FACILITY AT LEVEL 4: SUSSUNDENGA
GQKczfxn71x,MOÇAMBIQUE,MANICA,MACHAZE,FACILITY AT LEVEL 4: MACHAZE
GqPgn9btR2l,MOÇAMBIQUE,TETE,DOA,FACILITY AT LEVEL 4: DOA
gSiNzjWdnwS,MOÇAMBIQUE,NIASSA,MAÚA,FACILITY AT LEVEL 4: MAÚA
gTb78tKfbtE,MOÇAMBIQUE,SOFALA,CHIBABAVA,FACILITY AT LEVEL 4: CHIBABAVA
gtbgirQL12l,MOÇAMBIQUE,NAMPULA,NACALA-PORTO,FACILITY AT LEVEL 4: NACALA-PORTO
gTIIlDczaIm,MOÇAMBIQUE,NIASSA,MECANHELAS,FACILITY AT LEVEL 4: MECANHELAS
GTM6xb6qVCx,MOÇAMBIQUE,SOFALA,CHIBABAVA,FACILITY AT LEVEL 4: CHIBABAVA
GTp1AjUKM0z,MOÇAMBIQUE,NIASSA,NIPEPE,FACILITY AT LEVEL 4: NIPEPE
gTUOTtBBYFq,MOÇAMBIQUE,MAPUTO PROVINCIA,MAGUDE,FACILITY AT LEVEL 4: MAGUDE
Gu2AmJlcHNV,MOÇAMBIQUE,MAPUTO CIDADE,KAMAVOTA,FACILITY AT LEVEL 4: KAMAVOTA
GUdkBcE8RLd,MOÇAMBIQUE,TETE,ZUMBO,FACILITY AT LEVEL 4: ZUMBO
gVjo08MwLOp,MOÇAMBIQUE,INHAMBANE,GOVURO,FACILITY AT LEVEL 4: GOVURO
GWl5aEy80IZ,MOÇAMBIQUE,MAPUTO PROVINCIA,MATOLA,FACILITY AT LEVEL 4: MATOLA
GxHMluBeLY4,MOÇAMBIQUE,ZAMBEZIA,MORRUMBALA,FACILITY AT LEVEL 4: MORRUMBALA
gXiyfH0dLkm,MOÇAMBIQUE,SOFALA,MARROMEU,FACILITY AT LEVEL 4: MARROMEU
gxJQs3Wd4md,MOÇAMBIQUE,MANICA,MANICA,FACILITY AT LEVEL 4: MANICA
gXMvLNYQehu,MOÇAMBIQUE,MANICA,MOSSURIZE,FACILITY AT LEVEL 4: MOSSURIZE
gXqOh29sqNd,MOÇAMBIQUE,NAMPULA,MURRUPULA,FACILITY AT LEVEL 4: MURRUPULA
GxZHxhXodJZ,MOÇAMBIQUE,SOFALA,CHIBABAVA,FACILITY AT LEVEL 4: CHIBABAVA
GyBxuh726qJ,MOÇAMBIQUE,TETE,CHIUTA,FACILITY AT LEVEL 4: CHIUTA
GYjTA7MSRLZ,MOÇAMBIQUE,MAPUTO CIDADE,KAMPFUMO,FACILITY AT LEVEL 4: KAMPFUMO
GyKX6hNdo0M,MOÇAMBIQUE,INHAMBANE,CIDADE DE INHAMBANE,FACILITY AT LEVEL 4: CIDADE DE INHAMBANE
gZ7Fv8SEzRW,MOÇAMBIQUE,MAPUTO CIDADE,KAMPFUMO,FACILITY AT LEVEL 4: KAMPFUMO
gzeohXi0WGG,MOÇAMBIQUE,NAMPULA,LIUPO,FACILITY AT LEVEL 4: LIUPO
GzyPS2xc6vJ,MOÇAMBIQUE,NAMPULA,MALEMA,FACILITY AT LEVEL 4: MALEMA
H09Uml404TX,MOÇAMBIQUE,MAPUTO CIDADE,KAMUBUKWANA,FACILITY AT LEVEL 4: KAMUBUKWANA
h0bWskQUJQu,MOÇAMBIQUE,MAPUTO PROVINCIA,MARRACUENE,FACILITY AT LEVEL 4: MARRACUENE
h0GYFpzGopf,MOÇAMBIQUE,ZAMBEZIA,GURUÉ,FACILITY AT LEVEL 4: GURUÉ
h1fKcjKBpnx,MOÇAMBIQUE,ZAMBEZIA,NAMACURRA,FACILITY AT LEVEL 4: NAMACURRA
h1kVNe6XYd2,MOÇAMBIQUE,NAMPULA,MONAPO,FACILITY AT LEVEL 4: MONAPO
h1mzfd8QbVv,MOÇAMBIQUE,ZAMBEZIA,ALTO MOLÓCUÈ,FACILITY AT LEVEL 4: ALTO MOLÓCUÈ
H436FeCHje7,MOÇAMBIQUE,TETE,MÁGOÈ,FACILITY AT LEVEL 4: MÁGOÈ
h4XkAAWAHiB,MOÇAMBIQUE,INHAMBANE,MASSINGA,FACILITY AT LEVEL 4: MASSINGA
h540ZNrx6wB,MOÇAMBIQUE,GAZA,MABALANE,FACILITY AT LEVEL 4: MABALANE
h5IcBdkQ2Ij,MOÇAMBIQUE,MAPUTO CIDADE,KAMUBUKWANA,FACILITY AT LEVEL 4: KAMUBUKWANA
H6zlDsf3Ijk,MOÇAMBIQUE,GAZA,MANDLAKAZI,FACILITY AT LEVEL 4: MANDLAKAZI
h7wX0M7rLOt,MOÇAMBIQUE,ZAMBEZIA,GURUÉ,FACILITY AT LEVEL 4: GURUÉ
h8Tl1dNVxT0,MOÇAMBIQUE,SOFALA,MARÍNGUE,FACILITY AT LEVEL 4: MARÍNGUE
h93eKeFwQ5i,MOÇAMBIQUE,NAMPULA,DISTRITO DE NAMPULA,FACILITY AT LEVEL 4: DISTRITO DE NAMPULA
h9gAwPwzcod,MOÇAMBIQUE,MAPUTO CIDADE,KAMPFUMO,FACILITY AT LEVEL 4: KAMPFUMO
H9mOUBrLH8X,MOÇAMBIQUE,MAPUTO CIDADE,KAMUBUKWANA,FACILITY AT LEVEL 4: KAMUBUKWANA
h9UrrRY4cSo,MOÇAMBIQUE,NIASSA,METARICA,FACILITY AT LEVEL 4: METARICA
HamTWd99DjM,MOÇAMBIQUE,ZAMBEZIA,CIDADE DE QUELIMANE,FACILITY AT LEVEL 4: CIDADE DE QUELIMANE
Hax5N9hcKVk,MOÇAMBIQUE,NAMPULA,MOMA,FACILITY AT LEVEL 4: MOMA
hb0YEs6riOS,MOÇAMBIQUE,MAPUTO PROVINCIA,BOANE,FACILITY AT LEVEL 4: BOANE
HBAHPTE28jH,MOÇAMBIQUE,TETE,CAHORA BASSA,FACILITY AT LEVEL 4: CAHORA BASSA
hcHDACTXCum,MOÇAMBIQUE,NIASSA,DISTRITO DE LICHINGA,FACILITY AT LEVEL 4: DISTRITO DE LICHINGA
HcKhYZStyYS,MOÇAMBIQUE,GAZA,MANDLAKAZI,FACILITY AT LEVEL 4: MANDLAKAZI
hCtIJsUJf1z,MOÇAMBIQUE,TETE,CHANGARA,FACILITY AT LEVEL 4: CHANGARA
HDdLtuYDPFN,MOÇAMBIQUE,NAMPULA,NACALA-PORTO,FACILITY AT LEVEL 4: NACALA-PORTO
HdeIp5Wj6fw,MOÇAMBIQUE,MANICA,TAMBARA,FACILITY AT LEVEL 4: TAMBARA
hdEu0c3xCvF,MOÇAMBIQUE,MAPUTO CIDADE,KAMPFUMO,FACILITY AT LEVEL 4: KAMPFUMO
HdNBwjAxCNn,MOÇAMBIQUE,NAMPULA,MALEMA,FACILITY AT LEVEL 4: MALEMA
HDqLDHyRGMw,MOÇAMBIQUE,INHAMBANE,CIDADE DE INHAMBANE,FACILITY AT LEVEL 4: CIDADE DE INHAMBANE
HDtCGsErBiG,MOÇAMBIQUE,NAMPULA,MONAPO,FACILITY AT LEVEL 4: MONAPO
hdtxhbJkf4g,MOÇAMBIQUE,SOFALA,CIDADE DA BEIRA,FACILITY AT LEVEL 4: CIDADE DA BEIRA
HDxcLgcoPQX,MOÇAMBIQUE,ZAMBEZIA,NAMACURRA,FACILITY AT LEVEL 4: NAMACURRA
heCPyILQjNf,MOÇAMBIQUE,INHAMBANE,MAXIXE,FACILITY AT LEVEL 4: MAXIXE
HekUOcMXA2s,MOÇAMBIQUE,NAMPULA,RIBAUE,FACILITY AT LEVEL 4: RIBAUE
hENxnkFar9v,MOÇAMBIQUE,NIASSA,LAGO,FACILITY AT LEVEL 4: LAGO
HeVTpP6ZpH4,MOÇAMBIQUE,NAMPULA,LIUPO,FACILITY AT LEVEL 4: LIUPO
hFaBoVDUREo,MOÇAMBIQUE,CABO DELGADO,MONTEPUEZ,FACILITY AT LEVEL 4: MONTEPUEZ
hFahKQsq9bF,MOÇAMBIQUE,MAPUTO CIDADE,KAMPFUMO,FACILITY AT LEVEL 4: KAMPFUMO
hfrL5sAEveC,MOÇAMBIQUE,MANICA,MOSSURIZE,FACILITY AT LEVEL 4: MOSSURIZE
hfXZElkqidE,MOÇAMBIQUE,ZAMBEZIA,MOCUBELA,FACILITY AT LEVEL 4: MOCUBELA
hfYHQAAagJv,MOÇAMBIQUE,MAPUTO CIDADE,KAMAXAKENE,FACILITY AT LEVEL 4: KAMAXAKENE
hGlnx3eprkv,MOÇAMBIQUE,MANICA,BÁRUE,FACILITY AT LEVEL 4: BÁRUE
Hi6E30bACgF,MOÇAMBIQUE,NIASSA,LAGO,FACILITY AT LEVEL 4: LAGO
hIchi3opXGl,MOÇAMBIQUE,SOFALA,GORONGOSA,FACILITY AT LEVEL 4: GORONGOSA
hIjOBgFwPZe,MOÇAMBIQUE,NIASSA,LAGO,FACILITY AT LEVEL 4: LAGO
hIRFInweApR,MOÇAMBIQUE,SOFALA,CHEMBA,FACILITY AT LEVEL 4: CHEMBA
HjDJBbxOmOo,MOÇAMBIQUE,ZAMBEZIA,PEBANE,FACILITY AT LEVEL 4: PEBANE
HJEsroOw67o,MOÇAMBIQUE,CABO DELGADO,PALMA,FACILITY AT LEVEL 4: PALMA
hJp5k8xaLbb,MOÇAMBIQUE,NIASSA,MAVAGO,FACILITY AT LEVEL 4: MAVAGO
HJtMLAxXZ6p,MOÇAMBIQUE,SOFALA,CHERINGOMA,FACILITY AT LEVEL 4: CHERINGOMA
hkEaE0TSVdF,MOÇAMBIQUE,CABO DELGADO,MOCÍMBOA DA PRAIA,FACILITY AT LEVEL 4: MOCÍMBOA DA PRAIA
hkHoJ6IhOnT,MOÇAMBIQUE,NAMPULA,RIBAUE,FACILITY AT LEVEL 4: RIBAUE
HkllDLMAm2N,MOÇAMBIQUE,SOFALA,CIDADE DA BEIRA,FACILITY AT LEVEL 4: CIDADE DA BEIRA
HLcCKQO4Ozl,MOÇAMBIQUE,NIASSA,CUAMBA,FACILITY AT LEVEL 4: CUAMBA
hLpTQxcjuws,MOÇAMBIQUE,MAPUTO CIDADE,KAMPFUMO,FACILITY AT LEVEL 4: KAMPFUMO
hLUlignVCe6,MOÇAMBIQUE,NAMPULA,LALAUA,FACILITY AT LEVEL 4: LALAUA
hMebVt7gOmV,MOÇAMBIQUE,TETE,MOATIZE,FACILITY AT LEVEL 4: MOATIZE
hmlVoLLXgYE,MOÇAMBIQUE,MANICA,BÁRUE,FACILITY AT LEVEL 4: BÁRUE
hMVPFmfg7sM,MOÇAMBIQUE,GAZA,CHOKWÉ,FACILITY AT LEVEL 4: CHOKWÉ
hnaYPiGmdlA,MOÇAMBIQUE,MAPUTO CIDADE,KAMPFUMO,FACILITY AT LEVEL 4: KAMPFUMO
hnL1ulIcUwI,MOÇAMBIQUE,TETE,CIDADE DE TETE,FACILITY AT LEVEL 4: CIDADE DE TETE
HNshZ1h4vFL,MOÇAMBIQUE,NAMPULA,ANGOCHE,FACILITY AT LEVEL 4: ANGOCHE
hOddq3L2s9g,MOÇAMBIQUE,TETE,MÁGOÈ,FACILITY AT LEVEL 4: MÁGOÈ
hOfJSJkP7n5,MOÇAMBIQUE,NIASSA,SANGA,FACILITY AT LEVEL 4: SANGA
HPAR1tUE5Bw,MOÇAMBIQUE,SOFALA,CHERINGOMA,FACILITY AT LEVEL 4: CHERINGOMA
HPGgftOMRjx,MOÇAMBIQUE,ZAMBEZIA,MILANGE,FACILITY AT LEVEL 4: MILANGE
hposEZv2Bod,MOÇAMBIQUE,SOFALA,MACHANGA,FACILITY AT LEVEL 4: MACHANGA
Hpt4jrSWMBQ,MOÇAMBIQUE,MAPUTO PROVINCIA,MANHIÇA,FACILITY AT LEVEL 4: MANHIÇA
HPUJicoOWbB,MOÇAMBIQUE,ZAMBEZIA,ILE,FACILITY AT LEVEL 4: ILE
hq7nY2Ptaal,MOÇAMBIQUE,MANICA,GONDOLA,FACILITY AT LEVEL 4: GONDOLA
hQr1zfjywob,MOÇAMBIQUE,GAZA,CHOKWÉ,FACILITY AT LEVEL 4: CHOKWÉ
hqwBF3hGXG7,MOÇAMBIQUE,SOFALA,CAIA,FACILITY AT LEVEL 4: CAIA
HQyDGLPnwuB,MOÇAMBIQUE,MAPUTO CIDADE,KAMPFUMO,FACILITY AT LEVEL 4: KAMPFUMO
hScpK9XvNis,MOÇAMBIQUE,NIASSA,MANDIMBA,FACILITY AT LEVEL 4: MANDIMBA
HT4L06SxGg4,MOÇAMBIQUE,INHAMBANE,VILANKULOS,FACILITY AT LEVEL 4: VILANKULOS
hTmO08Sz030,MOÇAMBIQUE,MAPUTO CIDADE,KAMAXAKENE,FACILITY AT LEVEL 4: KAMAXAKENE
HUhXopOnABr,MOÇAMBIQUE,SOFALA,BÚZI,FACILITY AT LEVEL 4: BÚZI
HUN0Mkewr57,MOÇAMBIQUE,INHAMBANE,MASSINGA,FACILITY AT LEVEL 4: MASSINGA
HutmsTbIiVr,MOÇAMBIQUE,TETE,MOATIZE,FACILITY AT LEVEL 4: MOATIZE
hv1g0DBudYd,MOÇAMBIQUE,SOFALA,MUANZA,FACILITY AT LEVEL 4: MUANZA
HvtqPWJcTGA,MOÇAMBIQUE,MAPUTO CIDADE,KAMPFUMO,FACILITY AT LEVEL 4: KAMPFUMO
hVwdVtVJ2mU,MOÇAMBIQUE,TETE,TSANGANO,FACILITY AT LEVEL 4: TSANGANO
HwDn1SvvLPd,MOÇAMBIQUE,SOFALA,CIDADE DA BEIRA,FACILITY AT LEVEL 4: CIDADE DA BEIRA
HxHwZkbpqpK,MOÇAMBIQUE,INHAMBANE,INHARRIME,FACILITY AT LEVEL 4: INHARRIME
hxqJ30hz6JQ,MOÇAMBIQUE,ZAMBEZIA,CIDADE DE QUELIMANE,FACILITY AT LEVEL 4: CIDADE DE QUELIMANE
hXX5s5BjcgN,MOÇAMBIQUE,MAPUTO CIDADE,KAMPFUMO,FACILITY AT LEVEL 4: KAMPFUMO
HYIpKTL9c1O,MOÇAMBIQUE,GAZA,CHIGUBO,FACILITY AT LEVEL 4: CHIGUBO
hyJtzAuNox7,MOÇAMBIQUE,GAZA,DISTRITO DE XAI-XAI (EXTINTO),FACILITY AT LEVEL 4: DISTRITO DE XAI-XAI (EXTINTO)
HyT8rSIvZXS,MOÇAMBIQUE,ZAMBEZIA,MOPEIA,FACILITY AT LEVEL 4: MOPEIA
hywjXXVG2Tu,MOÇAMBIQUE,SOFALA,CIDADE DA BEIRA,FACILITY AT LEVEL 4: CIDADE DA BEIRA
HZNc25Y1RcN,MOÇAMBIQUE,MAPUTO CIDADE,KAMPFUMO,FACILITY AT LEVEL 4: KAMPFUMO
hzpI56FIgaA,MOÇAMBIQUE,NIASSA,CUAMBA,FACILITY AT LEVEL 4: CUAMBA
hzQgTzUmp8w,MOÇAMBIQUE,MAPUTO CIDADE,KAMAXAKENE,FACILITY AT LEVEL 4: KAMAXAKENE
hzsqe76t4c4,MOÇAMBIQUE,CABO DELGADO,MECUFI,FACILITY AT LEVEL 4: MECUFI
HzsvBXPrbsr,MOÇAMBIQUE,MANICA,MOSSURIZE,FACILITY AT LEVEL 4: MOSSURIZE
HzzSPsUIwUa,MOÇAMBIQUE,GAZA,DISTRITO DE XAI-XAI (EXTINTO),FACILITY AT LEVEL 4: DISTRITO DE XAI-XAI (EXTINTO)
i0hsmHt9U6z,MOÇAMBIQUE,NAMPULA,DISTRITO DE NAMPULA,FACILITY AT LEVEL 4: DISTRITO DE NAMPULA
I0MSsEygvej,MOÇAMBIQUE,SOFALA,CIDADE DA BEIRA,FACILITY AT LEVEL 4: CIDADE DA BEIRA
i4epXM1J2fR,MOÇAMBIQUE,NIASSA,LAGO,FACILITY AT LEVEL 4: LAGO
I4haq7zb83f,MOÇAMBIQUE,NIASSA,MANDIMBA,FACILITY AT LEVEL 4: MANDIMBA
I4v1f3JjI3Y,MOÇAMBIQUE,CABO DELGADO,MELUCO,FACILITY AT LEVEL 4: MELUCO
i4XVmwHB0eY,MOÇAMBIQUE,MAPUTO PROVINCIA,MATOLA,FACILITY AT LEVEL 4: MATOLA
i5CfM8n4EXK,MOÇAMBIQUE,MAPUTO CIDADE,NLHAMANKULU,FACILITY AT LEVEL 4: NLHAMANKULU
i5emejJoV0f,MOÇAMBIQUE,NAMPULA,MUECATE,FACILITY AT LEVEL 4: MUECATE
ibPYM4X8Tn3,MOÇAMBIQUE,GAZA,CHICUALACUALA,FACILITY AT LEVEL 4: CHICUALACUALA
ibtCpIqRBnr,MOÇAMBIQUE,MAPUTO PROVINCIA,MATOLA,FACILITY AT LEVEL 4: MATOLA
iBzAUJUJcln,MOÇAMBIQUE,GAZA,DISTRITO DE XAI-XAI (EXTINTO),FACILITY AT LEVEL 4: DISTRITO DE XAI-XAI (EXTINTO)
icASLlLg1YA,MOÇAMBIQUE,MAPUTO CIDADE,KAMPFUMO,FACILITY AT LEVEL 4: KAMPFUMO
ICeXgnZtZJ1,MOÇAMBIQUE,GAZA,CHIBUTO,FACILITY AT LEVEL 4: CHIBUTO
icZr5tTDEpj,MOÇAMBIQUE,NIASSA,MANDIMBA,FACILITY AT LEVEL 4: MANDIMBA
Id73qqPKBAq,MOÇAMBIQUE,NIASSA,DISTRITO DE LICHINGA,FACILITY AT LEVEL 4: DISTRITO DE LICHINGA
idkxkRo56Vo,MOÇAMBIQUE,NIASSA,CHIMBONILA,FACILITY AT LEVEL 4: CHIMBONILA
idy1ceKcaeE,MOÇAMBIQUE,NIASSA,NGAÚMA,FACILITY AT LEVEL 4: NGAÚMA
iEYfNLeIiJi,MOÇAMBIQUE,MAPUTO CIDADE,KAMAVOTA,FACILITY AT LEVEL 4: KAMAVOTA
IfkONUSeYHs,MOÇAMBIQUE,GAZA,CHOKWÉ,FACILITY AT LEVEL 4: CHOKWÉ
IfOURzQKfjq,MOÇAMBIQUE,ZAMBEZIA,CIDADE DE QUELIMANE,FACILITY AT LEVEL 4: CIDADE DE QUELIMANE
igEU9bHdyS0,MOÇAMBIQUE,INHAMBANE,MAXIXE,FACILITY AT LEVEL 4: MAXIXE
igkBwle8orX,MOÇAMBIQUE,MAPUTO CIDADE,KAMPFUMO,FACILITY AT LEVEL 4: KAMPFUMO
iGmqqRJvigj,MOÇAMBIQUE,NAMPULA,MURRUPULA,FACILITY AT LEVEL 4: MURRUPULA
IgqJTmFje9F,MOÇAMBIQUE,MANICA,MOSSURIZE,FACILITY AT LEVEL 4: MOSSURIZE
IgQRidTxjuK,MOÇAMBIQUE,NIASSA,MECULA,FACILITY AT LEVEL 4: MECULA
iHMPfPAgejg,MOÇAMBIQUE,TETE,CAHORA BASSA,FACILITY AT LEVEL 4: CAHORA BASSA
Ii5aUoXNu3l,MOÇAMBIQUE,NAMPULA,DISTRITO DE NAMPULA,FACILITY AT LEVEL 4: DISTRITO DE NAMPULA
Iijh20aJnwL,MOÇAMBIQUE,NIASSA,MAJUNE,FACILITY AT LEVEL 4: MAJUNE
iiQ3Onq6W1R,MOÇAMBIQUE,MAPUTO CIDADE,KAMPFUMO,FACILITY AT LEVEL 4: KAMPFUMO
iJ28I2auEBw,MOÇAMBIQUE,MAPUTO PROVINCIA,MOAMBA,FACILITY AT LEVEL 4: MOAMBA
iJC7CguMtpp,MOÇAMBIQUE,NAMPULA,RIBAUE,FACILITY AT LEVEL 4: RIBAUE
Ik3j73UuFPo,MOÇAMBIQUE,GAZA,CHOKWÉ,FACILITY AT LEVEL 4: CHOKWÉ
IK4d5WLu2zd,MOÇAMBIQUE,GAZA,CHOKWÉ,FACILITY AT LEVEL 4: CHOKWÉ
ikRdfE5S3ru,MOÇAMBIQUE,ZAMBEZIA,MAGANJA DA COSTA,FACILITY AT LEVEL 4: MAGANJA DA COSTA
iLbstZ95qIZ,MOÇAMBIQUE,MAPUTO CIDADE,KAMPFUMO,FACILITY AT LEVEL 4: KAMPFUMO
ILEiklE5E81,MOÇAMBIQUE,CABO DELGADO,CHIÚRE,FACILITY AT LEVEL 4: CHIÚRE
iLH0re9upPO,MOÇAMBIQUE,TETE,CAHORA BASSA,FACILITY AT LEVEL 4: CAHORA BASSA
ilvO7QnTHkS,MOÇAMBIQUE,MAPUTO CIDADE,KAMUBUKWANA,FACILITY AT LEVEL 4: KAMUBUKWANA
imGVGcydaTN,MOÇAMBIQUE,ZAMBEZIA,MILANGE,FACILITY AT LEVEL 4: MILANGE
IN0gidBwFHZ,MOÇAMBIQUE,ZAMBEZIA,MORRUMBALA,FACILITY AT LEVEL 4: MORRUMBALA
INHgvfRaAId,MOÇAMBIQUE,MAPUTO CIDADE,KAMPFUMO,FACILITY AT LEVEL 4: KAMPFUMO
inKz0QJ2w0B,MOÇAMBIQUE,NIASSA,MECANHELAS,FACILITY AT LEVEL 4: MECANHELAS
io32E4vClN1,MOÇAMBIQUE,GAZA,MANDLAKAZI,FACILITY AT LEVEL 4: MANDLAKAZI
ioF6POi6sJJ,MOÇAMBIQUE,CABO DELGADO,CHIÚRE,FACILITY AT LEVEL 4: CHIÚRE
IoGvd6pE9In,MOÇAMBIQUE,MAPUTO CIDADE,KAMPFUMO,FACILITY AT LEVEL 4: KAMPFUMO
ip6NZzeWqeA,MOÇAMBIQUE,GAZA,DISTRITO DE XAI-XAI (EXTINTO),FACILITY AT LEVEL 4: DISTRITO DE XAI-XAI (EXTINTO)
IP7aHb61cZh,MOÇAMBIQUE,INHAMBANE,MORRUMBENE,FACILITY AT LEVEL 4: MORRUMBENE
IPf8gYC8AQE,MOÇAMBIQUE,MAPUTO CIDADE,KAMPFUMO,FACILITY AT LEVEL 4: KAMPFUMO
iq0lO1fdcwT,MOÇAMBIQUE,MAPUTO CIDADE,NLHAMANKULU,FACILITY AT LEVEL 4: NLHAMANKULU
iQcqXkzzva5,MOÇAMBIQUE,NAMPULA,LARDE,FACILITY AT LEVEL 4: LARDE
iqL9RsaOgEn,MOÇAMBIQUE,MANICA,TAMBARA,FACILITY AT LEVEL 4: TAMBARA
IR3h2DL4rA6,MOÇAMBIQUE,MAPUTO CIDADE,KATEMBE,FACILITY AT LEVEL 4: KATEMBE
iRNOQb8njoi,MOÇAMBIQUE,MAPUTO CIDADE,KAMAVOTA,FACILITY AT LEVEL 4: KAMAVOTA
IrxWFSoO3B3,MOÇAMBIQUE,MAPUTO PROVINCIA,MATOLA,FACILITY AT LEVEL 4: MATOLA
ISKh6C7Tcff,MOÇAMBIQUE,CABO DELGADO,MELUCO,FACILITY AT LEVEL 4: MELUCO
ISOcZEeedpP,MOÇAMBIQUE,TETE,MUTARARA,FACILITY AT LEVEL 4: MUTARARA
ISxwkpBFSi9,MOÇAMBIQUE,SOFALA,CHEMBA,FACILITY AT LEVEL 4: CHEMBA
iSz8kJ1QvJw,MOÇAMBIQUE,GAZA,MAPAI,FACILITY AT LEVEL 4: MAPAI
IszmV9QEbDo,MOÇAMBIQUE,TETE,CHANGARA,FACILITY AT LEVEL 4: CHANGARA
ITADJT7Aqhn,MOÇAMBIQUE,INHAMBANE,INHASSORO,FACILITY AT LEVEL 4: INHASSORO
ITDHUCPNTlk,MOÇAMBIQUE,NIASSA,LAGO,FACILITY AT LEVEL 4: LAGO
iu2sZMprVlC,MOÇAMBIQUE,MANICA,MACHAZE,FACILITY AT LEVEL 4: MACHAZE
iuqqtRjWZGd,MOÇAMBIQUE,MAPUTO CIDADE,NLHAMANKULU,FACILITY AT LEVEL 4: NLHAMANKULU
iUvGZ0AjMsS,MOÇAMBIQUE,MAPUTO CIDADE,KAMPFUMO,FACILITY AT LEVEL 4: KAMPFUMO
iw613Z1gnBl,MOÇAMBIQUE,NIASSA,CUAMBA,FACILITY AT LEVEL 4: CUAMBA
iwPonphMoeY,MOÇAMBIQUE,MAPUTO CIDADE,KAMPFUMO,FACILITY AT LEVEL 4: KAMPFUMO
IwPThhnfoL7,MOÇAMBIQUE,MAPUTO CIDADE,KAMPFUMO,FACILITY AT LEVEL 4: KAMPFUMO
iwWxXTk99T5,MOÇAMBIQUE,GAZA,CHONGOENE,FACILITY AT LEVEL 4: CHONGOENE
IxREZ1Bstdj,MOÇAMBIQUE,TETE,MACANGA,FACILITY AT LEVEL 4: MACANGA
IYBLJM3pgKj,MOÇAMBIQUE,MANICA,GURO,FACILITY AT LEVEL 4: GURO
iyBp63uoyOk,MOÇAMBIQUE,INHAMBANE,INHARRIME,FACILITY AT LEVEL 4: INHARRIME
IYex6zgG422,MOÇAMBIQUE,MAPUTO PROVINCIA,MATUTUÌNE,FACILITY AT LEVEL 4: MATUTUÌNE
iYvqEo5sIo6,MOÇAMBIQUE,GAZA,MASSINGIR,FACILITY AT LEVEL 4: MASSINGIR
IyVXMVJWKo2,MOÇAMBIQUE,MANICA,BÁRUE,FACILITY AT LEVEL 4: BÁRUE
IzhzPR7na6f,MOÇAMBIQUE,MAPUTO CIDADE,KAMUBUKWANA,FACILITY AT LEVEL 4: KAMUBUKWANA
j0CphESg8Zo,MOÇAMBIQUE,SOFALA,NHAMATANDA,FACILITY AT LEVEL 4: NHAMATANDA
j0JqZyfWc7d,MOÇAMBIQUE,SOFALA,CIDADE DA BEIRA,FACILITY AT LEVEL 4: CIDADE DA BEIRA
j0NVDDaEFGP,MOÇAMBIQUE,TETE,CIDADE DE TETE,FACILITY AT LEVEL 4: CIDADE DE TETE
j0pcSFP9hb9,MOÇAMBIQUE,NAMPULA,ANGOCHE,FACILITY AT LEVEL 4: ANGOCHE
J2qZCU8X0BI,MOÇAMBIQUE,NAMPULA,ANGOCHE,FACILITY AT LEVEL 4: ANGOCHE
J2TxpW3BVTQ,MOÇAMBIQUE,NIASSA,CHIMBONILA,FACILITY AT LEVEL 4: CHIMBONILA
J3hyobXtsfP,MOÇAMBIQUE,NAMPULA,MOSSURIL,FACILITY AT LEVEL 4: MOSSURIL
j4OfnyXnE3K,MOÇAMBIQUE,SOFALA,MARÍNGUE,FACILITY AT LEVEL 4: MARÍNGUE
j4XmWg97RZd,MOÇAMBIQUE,NAMPULA,MECONTA,FACILITY AT LEVEL 4: MECONTA
J4yTQoY5PxH,MOÇAMBIQUE,NIASSA,CUAMBA,FACILITY AT LEVEL 4: CUAMBA
J53NbqCZfEq,MOÇAMBIQUE,MANICA,MOSSURIZE,FACILITY AT LEVEL 4: MOSSURIZE
j66mq4NRD6U,MOÇAMBIQUE,MANICA,SUSSUNDENGA,FACILITY AT LEVEL 4: SUSSUNDENGA
J7dVV4H7f5t,MOÇAMBIQUE,MAPUTO PROVINCIA,MANHIÇA,FACILITY AT LEVEL 4: MANHIÇA
j8aD66D2zAl,MOÇAMBIQUE,MAPUTO CIDADE,KAMPFUMO,FACILITY AT LEVEL 4: KAMPFUMO
j8EINAEhiCF,MOÇAMBIQUE,NIASSA,DISTRITO DE LICHINGA,FACILITY AT LEVEL 4: DISTRITO DE LICHINGA
J8Q88mdeJBy,MOÇAMBIQUE,CABO DELGADO,CHIÚRE,FACILITY AT LEVEL 4: CHIÚRE
j9osrqL3f6L,MOÇAMBIQUE,MAPUTO CIDADE,KAMPFUMO,FACILITY AT LEVEL 4: KAMPFUMO
j9WotMu3pow,MOÇAMBIQUE,NIASSA,NGAÚMA,FACILITY AT LEVEL 4: NGAÚMA
jaIIqLtPPps,MOÇAMBIQUE,MANICA,MOSSURIZE,FACILITY AT LEVEL 4: MOSSURIZE
JATuy9bo4Vq,MOÇAMBIQUE,GAZA,CHIBUTO,FACILITY AT LEVEL 4: CHIBUTO
JAXr2NWhzEB,MOÇAMBIQUE,NAMPULA,MOSSURIL,FACILITY AT LEVEL 4: MOSSURIL
jBm7YDbjGwj,MOÇAMBIQUE,NIASSA,LAGO,FACILITY AT LEVEL 4: LAGO
jCALSKL0iZe,MOÇAMBIQUE,GAZA,MANDLAKAZI,FACILITY AT LEVEL 4: MANDLAKAZI
jcMeL2nwGec,MOÇAMBIQUE,SOFALA,MARÍNGUE,FACILITY AT LEVEL 4: MARÍNGUE
JcXGsnb4Tjb,MOÇAMBIQUE,CABO DELGADO,PALMA,FACILITY AT LEVEL 4: PALMA
Jd1BBqtXai5,MOÇAMBIQUE,ZAMBEZIA,CIDADE DE QUELIMANE,FACILITY AT LEVEL 4: CIDADE DE QUELIMANE
JDpQEn7xdQ0,MOÇAMBIQUE,ZAMBEZIA,MOCUBA,FACILITY AT LEVEL 4: MOCUBA
jdtESKsRazN,MOÇAMBIQUE,MAPUTO CIDADE,KAMPFUMO,FACILITY AT LEVEL 4: KAMPFUMO
jdy9YB6mVDD,MOÇAMBIQUE,NAMPULA,RIBAUE,FACILITY AT LEVEL 4: RIBAUE
JeKhM8O9oXp,MOÇAMBIQUE,SOFALA,GORONGOSA,FACILITY AT LEVEL 4: GORONGOSA
jERy6EU8AWF,MOÇAMBIQUE,MANICA,MANICA,FACILITY AT LEVEL 4: MANICA
JES5HSfJuQs,MOÇAMBIQUE,NIASSA,MAJUNE,FACILITY AT LEVEL 4: MAJUNE
JFD34AzlUog,MOÇAMBIQUE,INHAMBANE,MORRUMBENE,FACILITY AT LEVEL 4: MORRUMBENE
jFfiWVBJU4h,MOÇAMBIQUE,ZAMBEZIA,GILÉ,FACILITY AT LEVEL 4: GILÉ
jftKZ5Qu4pT,MOÇAMBIQUE,NAMPULA,NACALA-A-VELHA,FACILITY AT LEVEL 4: NACALA-A-VELHA
JfWHkVzqPrt,MOÇAMBIQUE,GAZA,DISTRITO DE XAI-XAI (EXTINTO),FACILITY AT LEVEL 4: DISTRITO DE XAI-XAI (EXTINTO)
jfXysqhLcmh,MOÇAMBIQUE,NAMPULA,NACALA-PORTO,FACILITY AT LEVEL 4: NACALA-PORTO
JFyHEgTwn4u,MOÇAMBIQUE,NAMPULA,NACALA-PORTO,FACILITY AT LEVEL 4: NACALA-PORTO
JG2mNyzvWfX,MOÇAMBIQUE,NAMPULA,ILHA DE MOÇAMBIQUE,FACILITY AT LEVEL 4: ILHA DE MOÇAMBIQUE
jG8tvky1KEh,MOÇAMBIQUE,NAMPULA,MONAPO,FACILITY AT LEVEL 4: MONAPO
JGIux3mI4D9,MOÇAMBIQUE,MAPUTO CIDADE,KAMPFUMO,FACILITY AT LEVEL 4: KAMPFUMO
jgP8DLbXXLm,MOÇAMBIQUE,NAMPULA,MURRUPULA,FACILITY AT LEVEL 4: MURRUPULA
jGSboiG6eRY,MOÇAMBIQUE,ZAMBEZIA,MILANGE,FACILITY AT LEVEL 4: MILANGE
JhEefQybkzk,MOÇAMBIQUE,NIASSA,CUAMBA,FACILITY AT LEVEL 4: CUAMBA
JHkPyps1g7V,MOÇAMBIQUE,CABO DELGADO,ANCUABE,FACILITY AT LEVEL 4: ANCUABE
JIiZDrIKj2V,MOÇAMBIQUE,NIASSA,MAÚA,FACILITY AT LEVEL 4: MAÚA
JJHqmWdlkl5,MOÇAMBIQUE,SOFALA,CAIA,FACILITY AT LEVEL 4: CAIA
JJK6y7XUXwg,MOÇAMBIQUE,TETE,ANGÓNIA,FACILITY AT LEVEL 4: ANGÓNIA
JKBtNBJM3tg,MOÇAMBIQUE,INHAMBANE,MAXIXE,FACILITY AT LEVEL 4: MAXIXE
Jksv1IykLFP,MOÇAMBIQUE,SOFALA,NHAMATANDA,FACILITY AT LEVEL 4: NHAMATANDA
JlA9K4xoDfz,MOÇAMBIQUE,ZAMBEZIA,NICOADALA,FACILITY AT LEVEL 4: NICOADALA
jlegr4YVxI5,MOÇAMBIQUE,NAMPULA,MOGINCUAL,FACILITY AT LEVEL 4: MOGINCUAL
jlRHmiMo4mc,MOÇAMBIQUE,MAPUTO PROVINCIA,MAGUDE,FACILITY AT LEVEL 4: MAGUDE
JLtqdduC6QW,MOÇAMBIQUE,MANICA,MANICA,FACILITY AT LEVEL 4: MANICA
jm5V376qwGi,MOÇAMBIQUE,SOFALA,CIDADE DA BEIRA,FACILITY AT LEVEL 4: CIDADE DA BEIRA
jmcP4LBfHVg,MOÇAMBIQUE,MAPUTO CIDADE,KAMPFUMO,FACILITY AT LEVEL 4: KAMPFUMO
JMDRVxCOj4M,MOÇAMBIQUE,MANICA,TAMBARA,FACILITY AT LEVEL 4: TAMBARA
JMfMb6HFkXi,MOÇAMBIQUE,NAMPULA,NACAROA,FACILITY AT LEVEL 4: NACAROA
JMNpWRYV31Y,MOÇAMBIQUE,NAMPULA,DISTRITO DE NAMPULA,FACILITY AT LEVEL 4: DISTRITO DE NAMPULA
JnGWD3QLMie,MOÇAMBIQUE,SOFALA,CHERINGOMA,FACILITY AT LEVEL 4: CHERINGOMA
Jp56jKDOa7q,MOÇAMBIQUE,MANICA,MOSSURIZE,FACILITY AT LEVEL 4: MOSSURIZE
jpbsccSEzXe,MOÇAMBIQUE,NAMPULA,MALEMA,FACILITY AT LEVEL 4: MALEMA
JpEgAbs8aWj,MOÇAMBIQUE,NAMPULA,DISTRITO DE NAMPULA,FACILITY AT LEVEL 4: DISTRITO DE NAMPULA
jPJuMz93v3q,MOÇAMBIQUE,MAPUTO PROVINCIA,BOANE,FACILITY AT LEVEL 4: BOANE
jPM5YptkbP2,MOÇAMBIQUE,NAMPULA,RIBAUE,FACILITY AT LEVEL 4: RIBAUE
jqDMMKr6qve,MOÇAMBIQUE,SOFALA,CIDADE DA BEIRA,FACILITY AT LEVEL 4: CIDADE DA BEIRA
jqLy3Vf1JVI,MOÇAMBIQUE,ZAMBEZIA,LUGELA,FACILITY AT LEVEL 4: LUGELA
jqPeBJfnEa9,MOÇAMBIQUE,NIASSA,MECANHELAS,FACILITY AT LEVEL 4: MECANHELAS
Jr21k13zXsj,MOÇAMBIQUE,NIASSA,METARICA,FACILITY AT LEVEL 4: METARICA
JrAHL3Yq9WT,MOÇAMBIQUE,CABO DELGADO,CHIÚRE,FACILITY AT LEVEL 4: CHIÚRE
jrcMwHH9VZ3,MOÇAMBIQUE,ZAMBEZIA,GURUÉ,FACILITY AT LEVEL 4: GURUÉ
JRd8UuUMTA8,MOÇAMBIQUE,MAPUTO PROVINCIA,MATUTUÌNE,FACILITY AT LEVEL 4: MATUTUÌNE
JrLQhf69J6q,MOÇAMBIQUE,MAPUTO CIDADE,KAMPFUMO,FACILITY AT LEVEL 4: KAMPFUMO
jROplVUte5h,MOÇAMBIQUE,INHAMBANE,MASSINGA,FACILITY AT LEVEL 4: MASSINGA
Js4URsUyy4S,MOÇAMBIQUE,MAPUTO PROVINCIA,MANHIÇA,FACILITY AT LEVEL 4: MANHIÇA
Jt24YbXbrZF,MOÇAMBIQUE,MAPUTO CIDADE,KAMPFUMO,FACILITY AT LEVEL 4: KAMPFUMO
Jt97EELixKc,MOÇAMBIQUE,NIASSA,MUEMBE,FACILITY AT LEVEL 4: MUEMBE
JTNd9hu4Tzx,MOÇAMBIQUE,NIASSA,MANDIMBA,FACILITY AT LEVEL 4: MANDIMBA
JTODh5FD3SR,MOÇAMBIQUE,GAZA,BILENE,FACILITY AT LEVEL 4: BILENE
juhkEbUMqCY,MOÇAMBIQUE,NIASSA,NIPEPE,FACILITY AT LEVEL 4: NIPEPE
juJDHG3hkOD,MOÇAMBIQUE,CABO DELGADO,MONTEPUEZ,FACILITY AT LEVEL 4: MONTEPUEZ
jV41nkM1l2f,MOÇAMBIQUE,MAPUTO CIDADE,KAMAVOTA,FACILITY AT LEVEL 4: KAMAVOTA
Jw1yNLTSIRv,MOÇAMBIQUE,MAPUTO PROVINCIA,MATOLA,FACILITY AT LEVEL 4: MATOLA
jWM8R8ELYSy,MOÇAMBIQUE,INHAMBANE,ZAVALA,FACILITY AT LEVEL 4: ZAVALA
jwVLYEoX4J7,MOÇAMBIQUE,MAPUTO CIDADE,NLHAMANKULU,FACILITY AT LEVEL 4: NLHAMANKULU
jX2g8A5pQoA,MOÇAMBIQUE,NAMPULA,MOSSURIL,FACILITY AT LEVEL 4: MOSSURIL
Jx4GlX2Wr6J,MOÇAMBIQUE,INHAMBANE,MORRUMBENE,FACILITY AT LEVEL 4: MORRUMBENE
JXTCJNpJiZx,MOÇAMBIQUE,CABO DELGADO,MOCÍMBOA DA PRAIA,FACILITY AT LEVEL 4: MOCÍMBOA DA PRAIA
JY7BdGGdVCn,MOÇAMBIQUE,INHAMBANE,HOMOINE,FACILITY AT LEVEL 4: HOMOINE
JYVCViyX3Hv,MOÇAMBIQUE,INHAMBANE,VILANKULOS,FACILITY AT LEVEL 4: VILANKULOS
JZdznZYemtl,MOÇAMBIQUE,NAMPULA,DISTRITO DE NAMPULA,FACILITY AT LEVEL 4: DISTRITO DE NAMPULA
jZgw0QaxW5t,MOÇAMBIQUE,ZAMBEZIA,MORRUMBALA,FACILITY AT LEVEL 4: MORRUMBALA
JzicaSuVVrC,MOÇAMBIQUE,NIASSA,MARRUPA,FACILITY AT LEVEL 4: MARRUPA
JzYUJknsWlt,MOÇAMBIQUE,MAPUTO CIDADE,KAMPFUMO,FACILITY AT LEVEL 4: KAMPFUMO
K0lbSrY8var,MOÇAMBIQUE,ZAMBEZIA,MOCUBELA,FACILITY AT LEVEL 4: MOCUBELA
k0Q3IGJc45Y,MOÇAMBIQUE,INHAMBANE,MASSINGA,FACILITY AT LEVEL 4: MASSINGA
K2NHqQml40K,MOÇAMBIQUE,MAPUTO CIDADE,KAMPFUMO,FACILITY AT LEVEL 4: KAMPFUMO
K2Vpov0mqQD,MOÇAMBIQUE,MAPUTO PROVINCIA,MARRACUENE,FACILITY AT LEVEL 4: MARRACUENE
k3rtxXhMBON,MOÇAMBIQUE,NIASSA,NIPEPE,FACILITY AT LEVEL 4: NIPEPE
K3YAvqRUptX,MOÇAMBIQUE,MANICA,MACHAZE,FACILITY AT LEVEL 4: MACHAZE
k4zmTsWQkoJ,MOÇAMBIQUE,INHAMBANE,MORRUMBENE,FACILITY AT LEVEL 4: MORRUMBENE
k5cgG3xb8w9,MOÇAMBIQUE,GAZA,MABALANE,FACILITY AT LEVEL 4: MABALANE
K6GW1zIFs2B,MOÇAMBIQUE,NIASSA,MECANHELAS,FACILITY AT LEVEL 4: MECANHELAS
k7ZcMNlr1Wd,MOÇAMBIQUE,NIASSA,DISTRITO DE LICHINGA,FACILITY AT LEVEL 4: DISTRITO DE LICHINGA
k96MgOxDbRD,MOÇAMBIQUE,SOFALA,CHIBABAVA,FACILITY AT LEVEL 4: CHIBABAVA
K9xQ8qRrjU3,MOÇAMBIQUE,NAMPULA,MALEMA,FACILITY AT LEVEL 4: MALEMA
k9xzMmwjXdT,MOÇAMBIQUE,NAMPULA,MONAPO,FACILITY AT LEVEL 4: MONAPO
kb4hldnuilQ,MOÇAMBIQUE,NAMPULA,LALAUA,FACILITY AT LEVEL 4: LALAUA
KbhpJY9JxX7,MOÇAMBIQUE,TETE,CAHORA BASSA,FACILITY AT LEVEL 4: CAHORA BASSA
KBS2RmJ02AK,MOÇAMBIQUE,ZAMBEZIA,GURUÉ,FACILITY AT LEVEL 4: GURUÉ
KBw3yVDllYF,MOÇAMBIQUE,MAPUTO CIDADE,KAMAVOTA,FACILITY AT LEVEL 4: KAMAVOTA
kChMTC6H1Ff,MOÇAMBIQUE,MAPUTO PROVINCIA,MAGUDE,FACILITY AT LEVEL 4: MAGUDE
kcKKbJDGFTQ,MOÇAMBIQUE,NAMPULA,RIBAUE,FACILITY AT LEVEL 4: RIBAUE
KcR06HHOClT,MOÇAMBIQUE,SOFALA,CIDADE DA BEIRA,FACILITY AT LEVEL 4: CIDADE DA BEIRA
kdSiiU1ntFt,MOÇAMBIQUE,SOFALA,MACHANGA,FACILITY AT LEVEL 4: MACHANGA
kDWc5CPUAzx,MOÇAMBIQUE,SOFALA,BÚZI,FACILITY AT LEVEL 4: BÚZI
kfgaF0CXOjH,MOÇAMBIQUE,ZAMBEZIA,CIDADE DE QUELIMANE,FACILITY AT LEVEL 4: CIDADE DE QUELIMANE
kHIK5j0G0Wa,MOÇAMBIQUE,ZAMBEZIA,MOCUBA,FACILITY AT LEVEL 4: MOCUBA
kHlzetd5vAW,MOÇAMBIQUE,ZAMBEZIA,NICOADALA,FACILITY AT LEVEL 4: NICOADALA
kHPbrqf0uBZ,MOÇAMBIQUE,NAMPULA,LARDE,FACILITY AT LEVEL 4: LARDE
KhWNwS2sbVO,MOÇAMBIQUE,NAMPULA,DISTRITO DE NAMPULA,FACILITY AT LEVEL 4: DISTRITO DE NAMPULA
kHzDLiFaYl1,MOÇAMBIQUE,MAPUTO CIDADE,KAMPFUMO,FACILITY AT LEVEL 4: KAMPFUMO
KIeHspix0yA,MOÇAMBIQUE,MAPUTO CIDADE,KAMPFUMO,FACILITY AT LEVEL 4: KAMPFUMO
KIgN6eaDY54,MOÇAMBIQUE,SOFALA,CAIA,FACILITY AT LEVEL 4: CAIA
Kj2KzMrJ5im,MOÇAMBIQUE,MAPUTO PROVINCIA,MATOLA,FACILITY AT LEVEL 4: MATOLA
KjugYzLr9Ka,MOÇAMBIQUE,MAPUTO PROVINCIA,BOANE,FACILITY AT LEVEL 4: BOANE
kkLOXDYdkwU,MOÇAMBIQUE,MAPUTO CIDADE,KAMAXAKENE,FACILITY AT LEVEL 4: KAMAXAKENE
KKQaEPfxnRW,MOÇAMBIQUE,GAZA,CHIBUTO,FACILITY AT LEVEL 4: CHIBUTO
KL9t3bMlada,MOÇAMBIQUE,GAZA,CHONGOENE,FACILITY AT LEVEL 4: CHONGOENE
klbSvzCY0lZ,MOÇAMBIQUE,MAPUTO CIDADE,KAMAVOTA,FACILITY AT LEVEL 4: KAMAVOTA
kLcEa97NYCc,MOÇAMBIQUE,MANICA,CIDADE DE CHIMOIO,FACILITY AT LEVEL 4: CIDADE DE CHIMOIO
klGP7UWx8dG,MOÇAMBIQUE,MAPUTO CIDADE,KAMUBUKWANA,FACILITY AT LEVEL 4: KAMUBUKWANA
kLRSNTYhGTc,MOÇAMBIQUE,GAZA,CHOKWÉ,FACILITY AT LEVEL 4: CHOKWÉ
KlXIRRzXMUR,MOÇAMBIQUE,NIASSA,NGAÚMA,FACILITY AT LEVEL 4: NGAÚMA
kMCRYc25xmL,MOÇAMBIQUE,GAZA,CHICUALACUALA,FACILITY AT LEVEL 4: CHICUALACUALA
kmhlHtkTLd4,MOÇAMBIQUE,NIASSA,DISTRITO DE LICHINGA,FACILITY AT LEVEL 4: DISTRITO DE LICHINGA
KMnM7UdzVQC,MOÇAMBIQUE,MANICA,CIDADE DE CHIMOIO,FACILITY AT LEVEL 4: CIDADE DE CHIMOIO
kmRZ4pWEqta,MOÇAMBIQUE,MANICA,SUSSUNDENGA,FACILITY AT LEVEL 4: SUSSUNDENGA
Kn1NyG26nrg,MOÇAMBIQUE,MAPUTO PROVINCIA,MATOLA,FACILITY AT LEVEL 4: MATOLA
kNg8HO0K8yx,MOÇAMBIQUE,GAZA,LIMPOPO,FACILITY AT LEVEL 4: LIMPOPO
knKiCUOmv5N,MOÇAMBIQUE,ZAMBEZIA,GURUÉ,FACILITY AT LEVEL 4: GURUÉ
KNnDtny5luR,MOÇAMBIQUE,MAPUTO CIDADE,KAMAVOTA,FACILITY AT LEVEL 4: KAMAVOTA
kNngikJgQ9u,MOÇAMBIQUE,TETE,MUTARARA,FACILITY AT LEVEL 4: MUTARARA
Ko0PTGGDO1V,MOÇAMBIQUE,NAMPULA,MOSSURIL,FACILITY AT LEVEL 4: MOSSURIL
kO6bGY77Mml,MOÇAMBIQUE,INHAMBANE,JANGAMO,FACILITY AT LEVEL 4: JANGAMO
kpbKQfpRoTB,MOÇAMBIQUE,ZAMBEZIA,MULEVALA,FACILITY AT LEVEL 4: MULEVALA
kq8Lcim1RWI,MOÇAMBIQUE,MAPUTO CIDADE,KAMPFUMO,FACILITY AT LEVEL 4: KAMPFUMO
kQFfqKWb8ok,MOÇAMBIQUE,NIASSA,MAÚA,FACILITY AT LEVEL 4: MAÚA
kQVZ3wqQ6Kl,MOÇAMBIQUE,NAMPULA,NACALA-PORTO,FACILITY AT LEVEL 4: NACALA-PORTO
kqWtMbIHnnK,MOÇAMBIQUE,CABO DELGADO,MONTEPUEZ,FACILITY AT LEVEL 4: MONTEPUEZ
kreBul22Q0x,MOÇAMBIQUE,ZAMBEZIA,MOCUBA,FACILITY AT LEVEL 4: MOCUBA
kRkh2SZd5Au,MOÇAMBIQUE,MAPUTO CIDADE,KAMPFUMO,FACILITY AT LEVEL 4: KAMPFUMO
krRQllFTwDp,MOÇAMBIQUE,MANICA,GURO,FACILITY AT LEVEL 4: GURO
krTciqRg2QP,MOÇAMBIQUE,NAMPULA,ILHA DE MOÇAMBIQUE,FACILITY AT LEVEL 4: ILHA DE MOÇAMBIQUE
Ks42znf3pQV,MOÇAMBIQUE,MANICA,MOSSURIZE,FACILITY AT LEVEL 4: MOSSURIZE
kTgzUgMyHnx,MOÇAMBIQUE,MAPUTO CIDADE,KAMPFUMO,FACILITY AT LEVEL 4: KAMPFUMO
kTNUVXkpIC8,MOÇAMBIQUE,MAPUTO CIDADE,KAMPFUMO,FACILITY AT LEVEL 4: KAMPFUMO
KTP9oq6N9Q9,MOÇAMBIQUE,ZAMBEZIA,PEBANE,FACILITY AT LEVEL 4: PEBANE
kTpsjuvHxOR,MOÇAMBIQUE,NIASSA,CUAMBA,FACILITY AT LEVEL 4: CUAMBA
KuG2WrE6UjY,MOÇAMBIQUE,INHAMBANE,FUNHALOURO,FACILITY AT LEVEL 4: FUNHALOURO
KUI6i28SmDf,MOÇAMBIQUE,SOFALA,BÚZI,FACILITY AT LEVEL 4: BÚZI
KultUzb7aRO,MOÇAMBIQUE,MAPUTO PROVINCIA,MATUTUÌNE,FACILITY AT LEVEL 4: MATUTUÌNE
KUNlzU2TY3w,MOÇAMBIQUE,INHAMBANE,CIDADE DE INHAMBANE,FACILITY AT LEVEL 4: CIDADE DE INHAMBANE
KUPKy2htw1C,MOÇAMBIQUE,NAMPULA,DISTRITO DE NAMPULA,FACILITY AT LEVEL 4: DISTRITO DE NAMPULA
kv1qc1pKvj7,MOÇAMBIQUE,NAMPULA,DISTRITO DE NAMPULA,FACILITY AT LEVEL 4: DISTRITO DE NAMPULA
kW5o4xe8qj7,MOÇAMBIQUE,MAPUTO CIDADE,KAMPFUMO,FACILITY AT LEVEL 4: KAMPFUMO
kwkJOPbJsoe,MOÇAMBIQUE,SOFALA,CAIA,FACILITY AT LEVEL 4: CAIA
KX6gXJjq68b,MOÇAMBIQUE,MAPUTO CIDADE,KAMPFUMO,FACILITY AT LEVEL 4: KAMPFUMO
kXn62VBnBaj,MOÇAMBIQUE,MAPUTO PROVINCIA,MATUTUÌNE,FACILITY AT LEVEL 4: MATUTUÌNE
KxTkTlE1j55,MOÇAMBIQUE,NAMPULA,ANGOCHE,FACILITY AT LEVEL 4: ANGOCHE
KXuDpfkBJ09,MOÇAMBIQUE,NAMPULA,RAPALE,FACILITY AT LEVEL 4: RAPALE
KY6rRjd0vhA,MOÇAMBIQUE,TETE,MOATIZE,FACILITY AT LEVEL 4: MOATIZE
kYkwV3ipiK3,MOÇAMBIQUE,MAPUTO PROVINCIA,MATUTUÌNE,FACILITY AT LEVEL 4: MATUTUÌNE
kyPpXW19E9C,MOÇAMBIQUE,INHAMBANE,VILANKULOS,FACILITY AT LEVEL 4: VILANKULOS
kzGFy580YDS,MOÇAMBIQUE,TETE,MACANGA,FACILITY AT LEVEL 4: MACANGA
kzJC2SNxChq,MOÇAMBIQUE,NIASSA,DISTRITO DE LICHINGA,FACILITY AT LEVEL 4: DISTRITO DE LICHINGA
KzooEanlh3h,MOÇAMBIQUE,NIASSA,CHIMBONILA,FACILITY AT LEVEL 4: CHIMBONILA
l0KUpnt9RW9,MOÇAMBIQUE,ZAMBEZIA,NAMARROI,FACILITY AT LEVEL 4: NAMARROI
L0WWG22VwOz,MOÇAMBIQUE,ZAMBEZIA,ALTO MOLÓCUÈ,FACILITY AT LEVEL 4: ALTO MOLÓCUÈ
L1HkhrbrBW6,MOÇAMBIQUE,NAMPULA,ERATI,FACILITY AT LEVEL 4: ERATI
l2vuhDTe96v,MOÇAMBIQUE,GAZA,MANDLAKAZI,FACILITY AT LEVEL 4: MANDLAKAZI
l3oUwBr4q2k,MOÇAMBIQUE,INHAMBANE,FUNHALOURO,FACILITY AT LEVEL 4: FUNHALOURO
l5y6nLtdb5j,MOÇAMBIQUE,MAPUTO CIDADE,KAMPFUMO,FACILITY AT LEVEL 4: KAMPFUMO
L6KSiKOW2lk,MOÇAMBIQUE,NAMPULA,DISTRITO DE NAMPULA,FACILITY AT LEVEL 4: DISTRITO DE NAMPULA
L7azfBg5Lrn,MOÇAMBIQUE,INHAMBANE,GOVURO,FACILITY AT LEVEL 4: GOVURO
l7D7yWHFsVE,MOÇAMBIQUE,NIASSA,DISTRITO DE LICHINGA,FACILITY AT LEVEL 4: DISTRITO DE LICHINGA
L9coBG3cK0i,MOÇAMBIQUE,ZAMBEZIA,MORRUMBALA,FACILITY AT LEVEL 4: MORRUMBALA
L9HfQupTHsG,MOÇAMBIQUE,MANICA,CIDADE DE CHIMOIO,FACILITY AT LEVEL 4: CIDADE DE CHIMOIO
l9qV0z5Hmcy,MOÇAMBIQUE,NAMPULA,LALAUA,FACILITY AT LEVEL 4: LALAUA
LaTQk8ActWt,MOÇAMBIQUE,INHAMBANE,VILANKULOS,FACILITY AT LEVEL 4: VILANKULOS
lb51Pw0VZym,MOÇAMBIQUE,MAPUTO CIDADE,KAMUBUKWANA,FACILITY AT LEVEL 4: KAMUBUKWANA
lbadPWZMIo4,MOÇAMBIQUE,MAPUTO CIDADE,KAMPFUMO,FACILITY AT LEVEL 4: KAMPFUMO
lBeK6W7uR79,MOÇAMBIQUE,NIASSA,DISTRITO DE LICHINGA,FACILITY AT LEVEL 4: DISTRITO DE LICHINGA
lbp9AAxIbfk,MOÇAMBIQUE,SOFALA,NHAMATANDA,FACILITY AT LEVEL 4: NHAMATANDA
lBYa15T4lxR,MOÇAMBIQUE,NAMPULA,MEMBA,FACILITY AT LEVEL 4: MEMBA
LBYNJw0aYQn,MOÇAMBIQUE,ZAMBEZIA,GURUÉ,FACILITY AT LEVEL 4: GURUÉ
lc5z7MAC90c,MOÇAMBIQUE,NAMPULA,MUECATE,FACILITY AT LEVEL 4: MUECATE
lDDPyg8oEWn,MOÇAMBIQUE,GAZA,GUIJÁ,FACILITY AT LEVEL 4: GUIJÁ
lEbeIYoVeZm,MOÇAMBIQUE,MANICA,MACOSSA,FACILITY AT LEVEL 4: MACOSSA
leNNv7TWE3z,MOÇAMBIQUE,MAPUTO CIDADE,KAMPFUMO,FACILITY AT LEVEL 4: KAMPFUMO
LEy4sVLBJf0,MOÇAMBIQUE,ZAMBEZIA,MOCUBELA,FACILITY AT LEVEL 4: MOCUBELA
lh2m54YWS1Z,MOÇAMBIQUE,ZAMBEZIA,ALTO MOLÓCUÈ,FACILITY AT LEVEL 4: ALTO MOLÓCUÈ
lH3bfcnDJDl,MOÇAMBIQUE,MAPUTO CIDADE,KAMUBUKWANA,FACILITY AT LEVEL 4: KAMUBUKWANA
lhFcxeeOArR,MOÇAMBIQUE,ZAMBEZIA,NICOADALA,FACILITY AT LEVEL 4: NICOADALA
LHGAS5Zg3EP,MOÇAMBIQUE,ZAMBEZIA,INHASSUNGE,FACILITY AT LEVEL 4: INHASSUNGE
LHilpAgGwdV,MOÇAMBIQUE,GAZA,MASSINGIR,FACILITY AT LEVEL 4: MASSINGIR
LhSRn5b0Hwy,MOÇAMBIQUE,NIASSA,CHIMBONILA,FACILITY AT LEVEL 4: CHIMBONILA
LI6rtD5nQ95,MOÇAMBIQUE,MAPUTO PROVINCIA,NAMAACHA,FACILITY AT LEVEL 4: NAMAACHA
M3hjeTTGUcd,MOÇAMBIQUE,TETE,ANGÓNIA,FACILITY AT LEVEL 4: ANGÓNIA
liUbe4GbyDM,MOÇAMBIQUE,GAZA,DISTRITO DE XAI-XAI (EXTINTO),FACILITY AT LEVEL 4: DISTRITO DE XAI-XAI (EXTINTO)
lj2iWByu4ly,MOÇAMBIQUE,SOFALA,NHAMATANDA,FACILITY AT LEVEL 4: NHAMATANDA
LJas1iejkLJ,MOÇAMBIQUE,ZAMBEZIA,ILE,FACILITY AT LEVEL 4: ILE
LjdanS0Oikc,MOÇAMBIQUE,MAPUTO CIDADE,KAMPFUMO,FACILITY AT LEVEL 4: KAMPFUMO
LjpcTb0CmOl,MOÇAMBIQUE,TETE,CHIFUNDE,FACILITY AT LEVEL 4: CHIFUNDE
lKI8bnvIJxj,MOÇAMBIQUE,GAZA,CHOKWÉ,FACILITY AT LEVEL 4: CHOKWÉ
lkihQRg1KaE,MOÇAMBIQUE,MAPUTO PROVINCIA,MANHIÇA,FACILITY AT LEVEL 4: MANHIÇA
LKoJ9fVwD0P,MOÇAMBIQUE,GAZA,MANDLAKAZI,FACILITY AT LEVEL 4: MANDLAKAZI
lLb2i4OVnON,MOÇAMBIQUE,NIASSA,CUAMBA,FACILITY AT LEVEL 4: CUAMBA
LLgkC4jLaWx,MOÇAMBIQUE,TETE,MACANGA,FACILITY AT LEVEL 4: MACANGA
llmxdpJUkCq,MOÇAMBIQUE,CABO DELGADO,MACOMIA,FACILITY AT LEVEL 4: MACOMIA
llOqjcvetIq,MOÇAMBIQUE,INHAMBANE,MORRUMBENE,FACILITY AT LEVEL 4: MORRUMBENE
Lm4k1Mf6JHh,MOÇAMBIQUE,NIASSA,LAGO,FACILITY AT LEVEL 4: LAGO
lmhYkJ6sfDa,MOÇAMBIQUE,MAPUTO PROVINCIA,MATOLA,FACILITY AT LEVEL 4: MATOLA
lmpxN9K6BHX,MOÇAMBIQUE,MAPUTO CIDADE,KAMPFUMO,FACILITY AT LEVEL 4: KAMPFUMO
LmQYPJ4GyuI,MOÇAMBIQUE,INHAMBANE,INHASSORO,FACILITY AT LEVEL 4: INHASSORO
LMZzp0a3qWx,MOÇAMBIQUE,TETE,MACANGA,FACILITY AT LEVEL 4: MACANGA
LncX0xn6pV7,MOÇAMBIQUE,GAZA,CHIBUTO,FACILITY AT LEVEL 4: CHIBUTO
lnEXttBFC0R,MOÇAMBIQUE,ZAMBEZIA,NAMARROI,FACILITY AT LEVEL 4: NAMARROI
LnwW21FLYvt,MOÇAMBIQUE,MANICA,CIDADE DE CHIMOIO,FACILITY AT LEVEL 4: CIDADE DE CHIMOIO
LOCVENWBXPt,MOÇAMBIQUE,INHAMBANE,MASSINGA,FACILITY AT LEVEL 4: MASSINGA
LoGR7zQa7yf,MOÇAMBIQUE,ZAMBEZIA,GILÉ,FACILITY AT LEVEL 4: GILÉ
loI9pJop7b2,MOÇAMBIQUE,MAPUTO CIDADE,KAMAVOTA,FACILITY AT LEVEL 4: KAMAVOTA
loP8Lmq4nQi,MOÇAMBIQUE,ZAMBEZIA,MOCUBA,FACILITY AT LEVEL 4: MOCUBA
lOPdl1GReSM,MOÇAMBIQUE,ZAMBEZIA,CHINDE,FACILITY AT LEVEL 4: CHINDE
lowdPvUoMZ6,MOÇAMBIQUE,NIASSA,CHIMBONILA,FACILITY AT LEVEL 4: CHIMBONILA
lpO47pIJ16f,MOÇAMBIQUE,GAZA,CHIBUTO,FACILITY AT LEVEL 4: CHIBUTO
lpPceAvpJyP,MOÇAMBIQUE,MAPUTO CIDADE,KAMAXAKENE,FACILITY AT LEVEL 4: KAMAXAKENE
lpS7YOgTm3S,MOÇAMBIQUE,NAMPULA,MALEMA,FACILITY AT LEVEL 4: MALEMA
lPZ3nYBwnXN,MOÇAMBIQUE,ZAMBEZIA,CIDADE DE QUELIMANE,FACILITY AT LEVEL 4: CIDADE DE QUELIMANE
LQDMtj4FMXc,MOÇAMBIQUE,MAPUTO CIDADE,KAMUBUKWANA,FACILITY AT LEVEL 4: KAMUBUKWANA
LQDwTv4guwS,MOÇAMBIQUE,SOFALA,DONDO,FACILITY AT LEVEL 4: DONDO
lqh22V8lFaA,MOÇAMBIQUE,SOFALA,DONDO,FACILITY AT LEVEL 4: DONDO
LQIMVLHZciR,MOÇAMBIQUE,NAMPULA,LIUPO,FACILITY AT LEVEL 4: LIUPO
lQJTTA45tzm,MOÇAMBIQUE,SOFALA,CIDADE DA BEIRA,FACILITY AT LEVEL 4: CIDADE DA BEIRA
LqTNZiipqh3,MOÇAMBIQUE,GAZA,GUIJÁ,FACILITY AT LEVEL 4: GUIJÁ
LRG0h114iZg,MOÇAMBIQUE,NIASSA,LAGO,FACILITY AT LEVEL 4: LAGO
lRie85DjIfr,MOÇAMBIQUE,GAZA,GUIJÁ,FACILITY AT LEVEL 4: GUIJÁ
lrkCLhz4UUq,MOÇAMBIQUE,NAMPULA,DISTRITO DE NAMPULA,FACILITY AT LEVEL 4: DISTRITO DE NAMPULA
lRlipyNkdIH,MOÇAMBIQUE,MAPUTO CIDADE,KAMPFUMO,FACILITY AT LEVEL 4: KAMPFUMO
LRmfJDIiy77,MOÇAMBIQUE,NIASSA,MANDIMBA,FACILITY AT LEVEL 4: MANDIMBA
LrUtRIpUODu,MOÇAMBIQUE,INHAMBANE,MASSINGA,FACILITY AT LEVEL 4: MASSINGA
ls7N0jxHQa9,MOÇAMBIQUE,CABO DELGADO,CIDADE DE PEMBA,FACILITY AT LEVEL 4: CIDADE DE PEMBA
lSbUatMj56c,MOÇAMBIQUE,ZAMBEZIA,LUABO,FACILITY AT LEVEL 4: LUABO
lSDqCvDgWUV,MOÇAMBIQUE,NAMPULA,ANGOCHE,FACILITY AT LEVEL 4: ANGOCHE
lsPpyxEKIIZ,MOÇAMBIQUE,NIASSA,MARRUPA,FACILITY AT LEVEL 4: MARRUPA
LSsyOBDWwO3,MOÇAMBIQUE,NAMPULA,LARDE,FACILITY AT LEVEL 4: LARDE
ltHKpfLvA98,MOÇAMBIQUE,GAZA,DISTRITO DE XAI-XAI (EXTINTO),FACILITY AT LEVEL 4: DISTRITO DE XAI-XAI (EXTINTO)
LTLnK8bBvmN,MOÇAMBIQUE,SOFALA,CIDADE DA BEIRA,FACILITY AT LEVEL 4: CIDADE DA BEIRA
ltwVmZ83TDM,MOÇAMBIQUE,MAPUTO CIDADE,NLHAMANKULU,FACILITY AT LEVEL 4: NLHAMANKULU
lu3vsoHlQF0,MOÇAMBIQUE,NIASSA,LAGO,FACILITY AT LEVEL 4: LAGO
lU46DN4HiMO,MOÇAMBIQUE,NIASSA,CUAMBA,FACILITY AT LEVEL 4: CUAMBA
lu7KvIJ2oKh,MOÇAMBIQUE,NAMPULA,LALAUA,FACILITY AT LEVEL 4: LALAUA
lubefcyFZXj,MOÇAMBIQUE,MANICA,MACHAZE,FACILITY AT LEVEL 4: MACHAZE
luc7oM12n4H,MOÇAMBIQUE,NIASSA,MAVAGO,FACILITY AT LEVEL 4: MAVAGO
LUmOzuy95jB,MOÇAMBIQUE,ZAMBEZIA,CHINDE,FACILITY AT LEVEL 4: CHINDE
lv2ZrEkzGFL,MOÇAMBIQUE,MAPUTO PROVINCIA,MATOLA,FACILITY AT LEVEL 4: MATOLA
LvkFH9I8sEg,MOÇAMBIQUE,GAZA,DISTRITO DE XAI-XAI (EXTINTO),FACILITY AT LEVEL 4: DISTRITO DE XAI-XAI (EXTINTO)
lvqRM1cr9OM,MOÇAMBIQUE,NAMPULA,MUECATE,FACILITY AT LEVEL 4: MUECATE
LVRaYH8tw0E,MOÇAMBIQUE,GAZA,CHOKWÉ,FACILITY AT LEVEL 4: CHOKWÉ
lw4UAQWs1mX,MOÇAMBIQUE,MANICA,CIDADE DE CHIMOIO,FACILITY AT LEVEL 4: CIDADE DE CHIMOIO
lWTnfYcqs08,MOÇAMBIQUE,MAPUTO CIDADE,KAMAVOTA,FACILITY AT LEVEL 4: KAMAVOTA
lx2Cu8uBQgC,MOÇAMBIQUE,SOFALA,BÚZI,FACILITY AT LEVEL 4: BÚZI
lYKRCwgBqze,MOÇAMBIQUE,INHAMBANE,HOMOINE,FACILITY AT LEVEL 4: HOMOINE
lyl7B3tFOOn,MOÇAMBIQUE,CABO DELGADO,QUISSANGA,FACILITY AT LEVEL 4: QUISSANGA
lZb6EWul188,MOÇAMBIQUE,ZAMBEZIA,CIDADE DE QUELIMANE,FACILITY AT LEVEL 4: CIDADE DE QUELIMANE
lzEnSao4Y1M,MOÇAMBIQUE,TETE,DOA,FACILITY AT LEVEL 4: DOA
m0BznB7Jtl0,MOÇAMBIQUE,ZAMBEZIA,ILE,FACILITY AT LEVEL 4: ILE
M0IU4je44O0,MOÇAMBIQUE,CABO DELGADO,ANCUABE,FACILITY AT LEVEL 4: ANCUABE
m0WjonSG2nE,MOÇAMBIQUE,INHAMBANE,MAXIXE,FACILITY AT LEVEL 4: MAXIXE
m2DqPkjvyxx,MOÇAMBIQUE,ZAMBEZIA,MORRUMBALA,FACILITY AT LEVEL 4: MORRUMBALA
M2ZpmUL7pII,MOÇAMBIQUE,CABO DELGADO,MUEDA,FACILITY AT LEVEL 4: MUEDA
m3Ml3ui3efi,MOÇAMBIQUE,NIASSA,MECANHELAS,FACILITY AT LEVEL 4: MECANHELAS
M3r8z0lhv3c,MOÇAMBIQUE,INHAMBANE,INHASSORO,FACILITY AT LEVEL 4: INHASSORO
m3YTgMVwOai,MOÇAMBIQUE,ZAMBEZIA,MOPEIA,FACILITY AT LEVEL 4: MOPEIA
m41ABWvv62p,MOÇAMBIQUE,NAMPULA,ERATI,FACILITY AT LEVEL 4: ERATI
m4weXsXN1eu,MOÇAMBIQUE,ZAMBEZIA,CHINDE,FACILITY AT LEVEL 4: CHINDE
m517ecR3V0S,MOÇAMBIQUE,SOFALA,CHIBABAVA,FACILITY AT LEVEL 4: CHIBABAVA
M5o1bMYGdTO,MOÇAMBIQUE,ZAMBEZIA,NAMARROI,FACILITY AT LEVEL 4: NAMARROI
m6g8MfV84Kd,MOÇAMBIQUE,SOFALA,CHEMBA,FACILITY AT LEVEL 4: CHEMBA
M7pDmArHEvU,MOÇAMBIQUE,SOFALA,CAIA,FACILITY AT LEVEL 4: CAIA
M7RfsGK0MQ6,MOÇAMBIQUE,MAPUTO CIDADE,KAMPFUMO,FACILITY AT LEVEL 4: KAMPFUMO
M7vK05FrpuY,MOÇAMBIQUE,MAPUTO PROVINCIA,NAMAACHA,FACILITY AT LEVEL 4: NAMAACHA
M7ZdyI2kMzg,MOÇAMBIQUE,INHAMBANE,VILANKULOS,FACILITY AT LEVEL 4: VILANKULOS
m95Xmr2W7Az,MOÇAMBIQUE,NAMPULA,MURRUPULA,FACILITY AT LEVEL 4: MURRUPULA
MAfh2Cn3eoV,MOÇAMBIQUE,MANICA,BÁRUE,FACILITY AT LEVEL 4: BÁRUE
MamOB7KH86a,MOÇAMBIQUE,INHAMBANE,HOMOINE,FACILITY AT LEVEL 4: HOMOINE
mAuplYGT4Za,MOÇAMBIQUE,MAPUTO CIDADE,KAMPFUMO,FACILITY AT LEVEL 4: KAMPFUMO
mazuLTBMejK,MOÇAMBIQUE,GAZA,CIDADE DE XAI-XAI,FACILITY AT LEVEL 4: CIDADE DE XAI-XAI
mB3FVCvmWv3,MOÇAMBIQUE,ZAMBEZIA,GILÉ,FACILITY AT LEVEL 4: GILÉ
mBau1p2mgTw,MOÇAMBIQUE,CABO DELGADO,CIDADE DE PEMBA,FACILITY AT LEVEL 4: CIDADE DE PEMBA
mbk8mwX9Tip,MOÇAMBIQUE,MAPUTO CIDADE,KAMAXAKENE,FACILITY AT LEVEL 4: KAMAXAKENE
MbkDLCI3ADM,MOÇAMBIQUE,MAPUTO CIDADE,KAMUBUKWANA,FACILITY AT LEVEL 4: KAMUBUKWANA
MBR2C7l0bPd,MOÇAMBIQUE,MAPUTO CIDADE,KAMPFUMO,FACILITY AT LEVEL 4: KAMPFUMO
mc2hzTqxb0P,MOÇAMBIQUE,TETE,MUTARARA,FACILITY AT LEVEL 4: MUTARARA
Mc8RAHbrGbq,MOÇAMBIQUE,SOFALA,NHAMATANDA,FACILITY AT LEVEL 4: NHAMATANDA
MciKNdosA0y,MOÇAMBIQUE,MAPUTO CIDADE,KAMPFUMO,FACILITY AT LEVEL 4: KAMPFUMO
mckAibPmw7z,MOÇAMBIQUE,MAPUTO PROVINCIA,MATOLA,FACILITY AT LEVEL 4: MATOLA
mCNiutQRpPp,MOÇAMBIQUE,MAPUTO CIDADE,KAMPFUMO,FACILITY AT LEVEL 4: KAMPFUMO
McvynQWayS5,MOÇAMBIQUE,NIASSA,NGAÚMA,FACILITY AT LEVEL 4: NGAÚMA
MD5YwAQRP3I,MOÇAMBIQUE,MANICA,MANICA,FACILITY AT LEVEL 4: MANICA
MD61p4z4bLW,MOÇAMBIQUE,ZAMBEZIA,LUABO,FACILITY AT LEVEL 4: LUABO
ME9T9WUS91C,MOÇAMBIQUE,TETE,MACANGA,FACILITY AT LEVEL 4: MACANGA
MeCMhzu8MpG,MOÇAMBIQUE,CABO DELGADO,MONTEPUEZ,FACILITY AT LEVEL 4: MONTEPUEZ
MEEriHK2OlN,MOÇAMBIQUE,NAMPULA,DISTRITO DE NAMPULA,FACILITY AT LEVEL 4: DISTRITO DE NAMPULA
meHh5IFhTLc,MOÇAMBIQUE,ZAMBEZIA,MILANGE,FACILITY AT LEVEL 4: MILANGE
MEurGlBEqlP,MOÇAMBIQUE,NIASSA,MAVAGO,FACILITY AT LEVEL 4: MAVAGO
mEZYQdfhZXc,MOÇAMBIQUE,GAZA,CHOKWÉ,FACILITY AT LEVEL 4: CHOKWÉ
Mf6pHOCcIjV,MOÇAMBIQUE,ZAMBEZIA,GILÉ,FACILITY AT LEVEL 4: GILÉ
MfjeGUWJhP2,MOÇAMBIQUE,NAMPULA,LALAUA,FACILITY AT LEVEL 4: LALAUA
mflEIlrt1ec,MOÇAMBIQUE,NIASSA,LAGO,FACILITY AT LEVEL 4: LAGO
mFNGn2T9kcv,MOÇAMBIQUE,ZAMBEZIA,GURUÉ,FACILITY AT LEVEL 4: GURUÉ
mfr9CqqR0mi,MOÇAMBIQUE,GAZA,GUIJÁ,FACILITY AT LEVEL 4: GUIJÁ
mgHJgYMFuzu,MOÇAMBIQUE,SOFALA,CHIBABAVA,FACILITY AT LEVEL 4: CHIBABAVA
mGO1HpjsrOA,MOÇAMBIQUE,MAPUTO PROVINCIA,MARRACUENE,FACILITY AT LEVEL 4: MARRACUENE
mgodqEN3x9W,MOÇAMBIQUE,ZAMBEZIA,MOPEIA,FACILITY AT LEVEL 4: MOPEIA
MgUySvuhBF9,MOÇAMBIQUE,MAPUTO PROVINCIA,MATOLA,FACILITY AT LEVEL 4: MATOLA
mgXPchRgOoJ,MOÇAMBIQUE,INHAMBANE,INHARRIME,FACILITY AT LEVEL 4: INHARRIME
mHb2St8Ee4U,MOÇAMBIQUE,NAMPULA,MUECATE,FACILITY AT LEVEL 4: MUECATE
mHrCtNthqFj,MOÇAMBIQUE,MAPUTO PROVINCIA,MOAMBA,FACILITY AT LEVEL 4: MOAMBA
mhTVybHoPaV,MOÇAMBIQUE,ZAMBEZIA,MOCUBA,FACILITY AT LEVEL 4: MOCUBA
mhzv21L1y48,MOÇAMBIQUE,ZAMBEZIA,GURUÉ,FACILITY AT LEVEL 4: GURUÉ
miji6JrpG1W,MOÇAMBIQUE,GAZA,LIMPOPO,FACILITY AT LEVEL 4: LIMPOPO
MIWudQVawcx,MOÇAMBIQUE,INHAMBANE,ZAVALA,FACILITY AT LEVEL 4: ZAVALA
MJ7Ug6qnndw,MOÇAMBIQUE,MANICA,GURO,FACILITY AT LEVEL 4: GURO
MJCmDb21vyA,MOÇAMBIQUE,SOFALA,CIDADE DA BEIRA,FACILITY AT LEVEL 4: CIDADE DA BEIRA
mjIi6C9yxfg,MOÇAMBIQUE,MAPUTO CIDADE,KAMAVOTA,FACILITY AT LEVEL 4: KAMAVOTA
mjSi4tBfclc,MOÇAMBIQUE,SOFALA,MARROMEU,FACILITY AT LEVEL 4: MARROMEU
MKPZHIkIF9c,MOÇAMBIQUE,INHAMBANE,VILANKULOS,FACILITY AT LEVEL 4: VILANKULOS
MkvHWLUsNFY,MOÇAMBIQUE,NAMPULA,NACALA-PORTO,FACILITY AT LEVEL 4: NACALA-PORTO
MkXRRh4LRhB,MOÇAMBIQUE,SOFALA,CHIBABAVA,FACILITY AT LEVEL 4: CHIBABAVA
MkxWuHPr6jf,MOÇAMBIQUE,NAMPULA,MOSSURIL,FACILITY AT LEVEL 4: MOSSURIL
mkZkr6VFWwi,MOÇAMBIQUE,GAZA,CIDADE DE XAI-XAI,FACILITY AT LEVEL 4: CIDADE DE XAI-XAI
mlN8M41CXmF,MOÇAMBIQUE,SOFALA,CHIBABAVA,FACILITY AT LEVEL 4: CHIBABAVA
MlUQ4Qum7BT,MOÇAMBIQUE,MANICA,GONDOLA,FACILITY AT LEVEL 4: GONDOLA
MNuFAEludR3,MOÇAMBIQUE,MAPUTO PROVINCIA,MAGUDE,FACILITY AT LEVEL 4: MAGUDE
MnYnKILCiG0,MOÇAMBIQUE,ZAMBEZIA,LUGELA,FACILITY AT LEVEL 4: LUGELA
MopGXR47b9w,MOÇAMBIQUE,ZAMBEZIA,MILANGE,FACILITY AT LEVEL 4: MILANGE
MoUsMKpGpFj,MOÇAMBIQUE,MAPUTO CIDADE,KAMPFUMO,FACILITY AT LEVEL 4: KAMPFUMO
MOY29mOpX7i,MOÇAMBIQUE,ZAMBEZIA,MOPEIA,FACILITY AT LEVEL 4: MOPEIA
MqD8r6lEb9t,MOÇAMBIQUE,ZAMBEZIA,MAGANJA DA COSTA,FACILITY AT LEVEL 4: MAGANJA DA COSTA
MR0yky4FiYh,MOÇAMBIQUE,INHAMBANE,ZAVALA,FACILITY AT LEVEL 4: ZAVALA
MRf0cTMw4Et,MOÇAMBIQUE,ZAMBEZIA,MOLUMBO,FACILITY AT LEVEL 4: MOLUMBO
MRiHrjlbjPy,MOÇAMBIQUE,ZAMBEZIA,MOPEIA,FACILITY AT LEVEL 4: MOPEIA
mriTVN9GiBF,MOÇAMBIQUE,INHAMBANE,ZAVALA,FACILITY AT LEVEL 4: ZAVALA
MrJTWa781p2,MOÇAMBIQUE,GAZA,DISTRITO DE XAI-XAI (EXTINTO),FACILITY AT LEVEL 4: DISTRITO DE XAI-XAI (EXTINTO)
mRl6VcS5AE0,MOÇAMBIQUE,TETE,CHIFUNDE,FACILITY AT LEVEL 4: CHIFUNDE
Ms7kdnoZKta,MOÇAMBIQUE,MANICA,VANDUZI,FACILITY AT LEVEL 4: VANDUZI
msAZrrY1CK9,MOÇAMBIQUE,SOFALA,CAIA,FACILITY AT LEVEL 4: CAIA
MssEnEO8wfN,MOÇAMBIQUE,ZAMBEZIA,CIDADE DE QUELIMANE,FACILITY AT LEVEL 4: CIDADE DE QUELIMANE
mtApDbbIVFz,MOÇAMBIQUE,INHAMBANE,INHARRIME,FACILITY AT LEVEL 4: INHARRIME
mtASqgMsqet,MOÇAMBIQUE,MANICA,CIDADE DE CHIMOIO,FACILITY AT LEVEL 4: CIDADE DE CHIMOIO
mTffLowx3Uv,MOÇAMBIQUE,MAPUTO PROVINCIA,MANHIÇA,FACILITY AT LEVEL 4: MANHIÇA
mtUqskvpt6s,MOÇAMBIQUE,INHAMBANE,MASSINGA,FACILITY AT LEVEL 4: MASSINGA
MTw31ojJQnH,MOÇAMBIQUE,TETE,ZUMBO,FACILITY AT LEVEL 4: ZUMBO
MtZvCccOyFR,MOÇAMBIQUE,NIASSA,MECANHELAS,FACILITY AT LEVEL 4: MECANHELAS
MU6iylalZeT,MOÇAMBIQUE,INHAMBANE,PANDA,FACILITY AT LEVEL 4: PANDA
MuEpqGD5b77,MOÇAMBIQUE,NAMPULA,LARDE,FACILITY AT LEVEL 4: LARDE
MufctJ31zoc,MOÇAMBIQUE,MAPUTO CIDADE,KAMPFUMO,FACILITY AT LEVEL 4: KAMPFUMO
mUU9a5tMwRx,MOÇAMBIQUE,MAPUTO PROVINCIA,MATOLA,FACILITY AT LEVEL 4: MATOLA
mwAMrYSSkYq,MOÇAMBIQUE,INHAMBANE,MASSINGA,FACILITY AT LEVEL 4: MASSINGA
mwjzR7pRXkF,MOÇAMBIQUE,MAPUTO PROVINCIA,MANHIÇA,FACILITY AT LEVEL 4: MANHIÇA
mWZB7j5yBIs,MOÇAMBIQUE,NIASSA,CHIMBONILA,FACILITY AT LEVEL 4: CHIMBONILA
Mx3AX9iOppd,MOÇAMBIQUE,INHAMBANE,ZAVALA,FACILITY AT LEVEL 4: ZAVALA
mXOBZijjNGw,MOÇAMBIQUE,SOFALA,MARROMEU,FACILITY AT LEVEL 4: MARROMEU
mxq56QkKGid,MOÇAMBIQUE,INHAMBANE,HOMOINE,FACILITY AT LEVEL 4: HOMOINE
mYIUzjR6gy2,MOÇAMBIQUE,NAMPULA,MONAPO,FACILITY AT LEVEL 4: MONAPO
mZblHYXrRIi,MOÇAMBIQUE,MAPUTO CIDADE,KAMPFUMO,FACILITY AT LEVEL 4: KAMPFUMO
MzPWuwvhmVW,MOÇAMBIQUE,ZAMBEZIA,MILANGE,FACILITY AT LEVEL 4: MILANGE
MZx0GsrvJVP,MOÇAMBIQUE,MANICA,GURO,FACILITY AT LEVEL 4: GURO
n0NrwCbB9eZ,MOÇAMBIQUE,SOFALA,NHAMATANDA,FACILITY AT LEVEL 4: NHAMATANDA
N2AQDfupSTt,MOÇAMBIQUE,ZAMBEZIA,CHINDE,FACILITY AT LEVEL 4: CHINDE
N2eAiejhVwy,MOÇAMBIQUE,SOFALA,CIDADE DA BEIRA,FACILITY AT LEVEL 4: CIDADE DA BEIRA
N2s8aMa8D9z,MOÇAMBIQUE,MAPUTO CIDADE,KAMAVOTA,FACILITY AT LEVEL 4: KAMAVOTA
n2ubVUIL4C8,MOÇAMBIQUE,CABO DELGADO,MOCÍMBOA DA PRAIA,FACILITY AT LEVEL 4: MOCÍMBOA DA PRAIA
n3rlwbXYnmf,MOÇAMBIQUE,MAPUTO CIDADE,KAMPFUMO,FACILITY AT LEVEL 4: KAMPFUMO
N6w4ujflyrf,MOÇAMBIQUE,ZAMBEZIA,MOLUMBO,FACILITY AT LEVEL 4: MOLUMBO
n78TImq1O2C,MOÇAMBIQUE,NAMPULA,ERATI,FACILITY AT LEVEL 4: ERATI
n8oRT5gsPcZ,MOÇAMBIQUE,NAMPULA,NACALA-PORTO,FACILITY AT LEVEL 4: NACALA-PORTO
N90H1COw4iv,MOÇAMBIQUE,NAMPULA,MECUBURI,FACILITY AT LEVEL 4: MECUBURI
n9BptyoB5Xr,MOÇAMBIQUE,INHAMBANE,MORRUMBENE,FACILITY AT LEVEL 4: MORRUMBENE
N9QMrMiRmsG,MOÇAMBIQUE,GAZA,BILENE,FACILITY AT LEVEL 4: BILENE
nABun6gqxx6,MOÇAMBIQUE,MAPUTO PROVINCIA,BOANE,FACILITY AT LEVEL 4: BOANE
nAI59jMK9nd,MOÇAMBIQUE,ZAMBEZIA,GILÉ,FACILITY AT LEVEL 4: GILÉ
NAwiukeuTBM,MOÇAMBIQUE,ZAMBEZIA,MORRUMBALA,FACILITY AT LEVEL 4: MORRUMBALA
nbG9k2e0LqR,MOÇAMBIQUE,MAPUTO CIDADE,KAMAXAKENE,FACILITY AT LEVEL 4: KAMAXAKENE
nBJ2WqI7Unm,MOÇAMBIQUE,NIASSA,CHIMBONILA,FACILITY AT LEVEL 4: CHIMBONILA
nc2FqN0Kwq6,MOÇAMBIQUE,MANICA,MACHAZE,FACILITY AT LEVEL 4: MACHAZE
NCw8E17FuDe,MOÇAMBIQUE,NIASSA,METARICA,FACILITY AT LEVEL 4: METARICA
ndi6QxUCA94,MOÇAMBIQUE,MAPUTO CIDADE,NLHAMANKULU,FACILITY AT LEVEL 4: NLHAMANKULU
ndjaUEWHdWZ,MOÇAMBIQUE,MAPUTO CIDADE,KAMPFUMO,FACILITY AT LEVEL 4: KAMPFUMO
NdmCm2Clyd5,MOÇAMBIQUE,CABO DELGADO,MECUFI,FACILITY AT LEVEL 4: MECUFI
NDvyPBar5Pa,MOÇAMBIQUE,CABO DELGADO,METUGE,FACILITY AT LEVEL 4: METUGE
Ne4svLzhR0b,MOÇAMBIQUE,INHAMBANE,FUNHALOURO,FACILITY AT LEVEL 4: FUNHALOURO
ne5i5CpdrZ9,MOÇAMBIQUE,MAPUTO CIDADE,KAMUBUKWANA,FACILITY AT LEVEL 4: KAMUBUKWANA
NEp7h0AUUrF,MOÇAMBIQUE,CABO DELGADO,MUEDA,FACILITY AT LEVEL 4: MUEDA
nf0LIfuhyvn,MOÇAMBIQUE,NAMPULA,MECUBURI,FACILITY AT LEVEL 4: MECUBURI
NF9gWma41ZI,MOÇAMBIQUE,ZAMBEZIA,NICOADALA,FACILITY AT LEVEL 4: NICOADALA
nFdC62tVjmp,MOÇAMBIQUE,MAPUTO CIDADE,KANYAKA,FACILITY AT LEVEL 4: KANYAKA
NfDh6zSORrX,MOÇAMBIQUE,INHAMBANE,JANGAMO,FACILITY AT LEVEL 4: JANGAMO
NfKv82VE36s,MOÇAMBIQUE,NAMPULA,NACALA-A-VELHA,FACILITY AT LEVEL 4: NACALA-A-VELHA
NFlzfIUvKQG,MOÇAMBIQUE,MAPUTO PROVINCIA,MOAMBA,FACILITY AT LEVEL 4: MOAMBA
nfQtmh8VLsj,MOÇAMBIQUE,GAZA,DISTRITO DE XAI-XAI (EXTINTO),FACILITY AT LEVEL 4: DISTRITO DE XAI-XAI (EXTINTO)
NFWD77XY99A,MOÇAMBIQUE,NAMPULA,MUECATE,FACILITY AT LEVEL 4: MUECATE
nFwHAfRyNiK,MOÇAMBIQUE,GAZA,CIDADE DE XAI-XAI,FACILITY AT LEVEL 4: CIDADE DE XAI-XAI
ng99R0nL1my,MOÇAMBIQUE,MANICA,MACATE,FACILITY AT LEVEL 4: MACATE
nGDLGSPLgNs,MOÇAMBIQUE,MAPUTO CIDADE,KAMPFUMO,FACILITY AT LEVEL 4: KAMPFUMO
NGlwqwnSu3U,MOÇAMBIQUE,GAZA,BILENE,FACILITY AT LEVEL 4: BILENE
NGtWy6jmyFL,MOÇAMBIQUE,SOFALA,CIDADE DA BEIRA,FACILITY AT LEVEL 4: CIDADE DA BEIRA
NGZYOnCsJt3,MOÇAMBIQUE,MAPUTO CIDADE,KAMPFUMO,FACILITY AT LEVEL 4: KAMPFUMO
NhjN3hf7QCx,MOÇAMBIQUE,NAMPULA,MEMBA,FACILITY AT LEVEL 4: MEMBA
NhKuCO4dknU,MOÇAMBIQUE,SOFALA,MACHANGA,FACILITY AT LEVEL 4: MACHANGA
NHToo8qOJtB,MOÇAMBIQUE,TETE,CAHORA BASSA,FACILITY AT LEVEL 4: CAHORA BASSA
NhzLM1smi35,MOÇAMBIQUE,MAPUTO CIDADE,KAMPFUMO,FACILITY AT LEVEL 4: KAMPFUMO
Ni5OGFMWAY3,MOÇAMBIQUE,GAZA,CHOKWÉ,FACILITY AT LEVEL 4: CHOKWÉ
NiGXo1nvR9C,MOÇAMBIQUE,NIASSA,CUAMBA,FACILITY AT LEVEL 4: CUAMBA
niKYOxfyfg3,MOÇAMBIQUE,INHAMBANE,MAXIXE,FACILITY AT LEVEL 4: MAXIXE
NIxI3Pvsuxm,MOÇAMBIQUE,NAMPULA,MONAPO,FACILITY AT LEVEL 4: MONAPO
nizVWXS1JPg,MOÇAMBIQUE,ZAMBEZIA,MILANGE,FACILITY AT LEVEL 4: MILANGE
nKYGV4TDgSR,MOÇAMBIQUE,NAMPULA,MEMBA,FACILITY AT LEVEL 4: MEMBA
NlehO7ObP7Q,MOÇAMBIQUE,TETE,MARÁVIA,FACILITY AT LEVEL 4: MARÁVIA
nLSKoFPPhnJ,MOÇAMBIQUE,INHAMBANE,FUNHALOURO,FACILITY AT LEVEL 4: FUNHALOURO
nNJv4MR9VLh,MOÇAMBIQUE,NAMPULA,MUECATE,FACILITY AT LEVEL 4: MUECATE
NONAfO8gnMo,MOÇAMBIQUE,NIASSA,NGAÚMA,FACILITY AT LEVEL 4: NGAÚMA
Np7zLYIzA8t,MOÇAMBIQUE,GAZA,LIMPOPO,FACILITY AT LEVEL 4: LIMPOPO
npq5bBdrdYf,MOÇAMBIQUE,ZAMBEZIA,NAMACURRA,FACILITY AT LEVEL 4: NAMACURRA
nqFnhMJZBHd,MOÇAMBIQUE,ZAMBEZIA,DERRE,FACILITY AT LEVEL 4: DERRE
nQHujgqz4dq,MOÇAMBIQUE,ZAMBEZIA,MOCUBA,FACILITY AT LEVEL 4: MOCUBA
nQQn8HG7nkm,MOÇAMBIQUE,MAPUTO CIDADE,KAMPFUMO,FACILITY AT LEVEL 4: KAMPFUMO
NqWcVbf7MCL,MOÇAMBIQUE,SOFALA,MARROMEU,FACILITY AT LEVEL 4: MARROMEU
nsIpyb0Jdvu,MOÇAMBIQUE,ZAMBEZIA,MORRUMBALA,FACILITY AT LEVEL 4: MORRUMBALA
nSjDQ1wSVvz,MOÇAMBIQUE,MAPUTO CIDADE,KAMPFUMO,FACILITY AT LEVEL 4: KAMPFUMO
ntkAS6dwpsf,MOÇAMBIQUE,TETE,CHIFUNDE,FACILITY AT LEVEL 4: CHIFUNDE
Ntzg8iSQfDk,MOÇAMBIQUE,ZAMBEZIA,MOPEIA,FACILITY AT LEVEL 4: MOPEIA
nUbtOKZ73yL,MOÇAMBIQUE,NAMPULA,DISTRITO DE NAMPULA,FACILITY AT LEVEL 4: DISTRITO DE NAMPULA
NUdoSTBV3UV,MOÇAMBIQUE,MAPUTO CIDADE,KAMUBUKWANA,FACILITY AT LEVEL 4: KAMUBUKWANA
nuh8vUhSWzb,MOÇAMBIQUE,ZAMBEZIA,GURUÉ,FACILITY AT LEVEL 4: GURUÉ
NUi090R0wgU,MOÇAMBIQUE,TETE,ANGÓNIA,FACILITY AT LEVEL 4: ANGÓNIA
NUkoHRjVxjj,MOÇAMBIQUE,NAMPULA,NACALA-A-VELHA,FACILITY AT LEVEL 4: NACALA-A-VELHA
nV43Nbwwkr2,MOÇAMBIQUE,ZAMBEZIA,NAMARROI,FACILITY AT LEVEL 4: NAMARROI
nVCkKM3UZ71,MOÇAMBIQUE,MAPUTO CIDADE,KAMPFUMO,FACILITY AT LEVEL 4: KAMPFUMO
NVcXTlTtkw2,MOÇAMBIQUE,INHAMBANE,GOVURO,FACILITY AT LEVEL 4: GOVURO
nwbcw0cHA92,MOÇAMBIQUE,CABO DELGADO,NANGADE,FACILITY AT LEVEL 4: NANGADE
NWuBMaRdWNM,MOÇAMBIQUE,ZAMBEZIA,ILE,FACILITY AT LEVEL 4: ILE
nWVovx1xTsC,MOÇAMBIQUE,INHAMBANE,INHASSORO,FACILITY AT LEVEL 4: INHASSORO
nxeFEojZSJ4,MOÇAMBIQUE,MAPUTO PROVINCIA,MATOLA,FACILITY AT LEVEL 4: MATOLA
nxh3p03lP4O,MOÇAMBIQUE,SOFALA,CHEMBA,FACILITY AT LEVEL 4: CHEMBA
nXJzFg0sOJa,MOÇAMBIQUE,MAPUTO PROVINCIA,MANHIÇA,FACILITY AT LEVEL 4: MANHIÇA
nXZKnRiTazh,MOÇAMBIQUE,ZAMBEZIA,MILANGE,FACILITY AT LEVEL 4: MILANGE
nyBM7tMMdko,MOÇAMBIQUE,GAZA,CHOKWÉ,FACILITY AT LEVEL 4: CHOKWÉ
NYgwBQAxgrP,MOÇAMBIQUE,NIASSA,MECANHELAS,FACILITY AT LEVEL 4: MECANHELAS
Nz6zYOWYTfe,MOÇAMBIQUE,NIASSA,CUAMBA,FACILITY AT LEVEL 4: CUAMBA
NZDdLAn0PH7,MOÇAMBIQUE,NAMPULA,RAPALE,FACILITY AT LEVEL 4: RAPALE
NZr5ArQ05ib,MOÇAMBIQUE,MAPUTO CIDADE,KAMPFUMO,FACILITY AT LEVEL 4: KAMPFUMO
O042PaZssIH,MOÇAMBIQUE,SOFALA,CIDADE DA BEIRA,FACILITY AT LEVEL 4: CIDADE DA BEIRA
o18yFAiRSLk,MOÇAMBIQUE,ZAMBEZIA,MOCUBA,FACILITY AT LEVEL 4: MOCUBA
O1ZwBbpIbPJ,MOÇAMBIQUE,MANICA,MACATE,FACILITY AT LEVEL 4: MACATE
O2LjfShX5pB,MOÇAMBIQUE,CABO DELGADO,BALAMA,FACILITY AT LEVEL 4: BALAMA
O3IZWpBtlZ9,MOÇAMBIQUE,INHAMBANE,MASSINGA,FACILITY AT LEVEL 4: MASSINGA
o3t4t3z1wcX,MOÇAMBIQUE,NAMPULA,LIUPO,FACILITY AT LEVEL 4: LIUPO
o3yBXEXCGsD,MOÇAMBIQUE,NAMPULA,MECUBURI,FACILITY AT LEVEL 4: MECUBURI
o42MfFGOunh,MOÇAMBIQUE,MAPUTO CIDADE,KAMPFUMO,FACILITY AT LEVEL 4: KAMPFUMO
o5aeA2RZeMa,MOÇAMBIQUE,ZAMBEZIA,GILÉ,FACILITY AT LEVEL 4: GILÉ
O5WZiQ26Sjg,MOÇAMBIQUE,MANICA,MACHAZE,FACILITY AT LEVEL 4: MACHAZE
O7HHVnGMqRp,MOÇAMBIQUE,MAPUTO PROVINCIA,MANHIÇA,FACILITY AT LEVEL 4: MANHIÇA
o7X4s6lXh6V,MOÇAMBIQUE,INHAMBANE,GOVURO,FACILITY AT LEVEL 4: GOVURO
o8Df4lHAJ9O,MOÇAMBIQUE,ZAMBEZIA,MOCUBA,FACILITY AT LEVEL 4: MOCUBA
O9h1fGf6LBi,MOÇAMBIQUE,MANICA,CIDADE DE CHIMOIO,FACILITY AT LEVEL 4: CIDADE DE CHIMOIO
oAaYSvWf0pU,MOÇAMBIQUE,ZAMBEZIA,MULEVALA,FACILITY AT LEVEL 4: MULEVALA
OagZWEX4uVr,MOÇAMBIQUE,MAPUTO CIDADE,NLHAMANKULU,FACILITY AT LEVEL 4: NLHAMANKULU
OawoGhDwlwh,MOÇAMBIQUE,ZAMBEZIA,MOCUBA,FACILITY AT LEVEL 4: MOCUBA
OaxAbQAWIMr,MOÇAMBIQUE,TETE,CHIFUNDE,FACILITY AT LEVEL 4: CHIFUNDE
ob9KMQ4KddX,MOÇAMBIQUE,CABO DELGADO,MUIDUMBE,FACILITY AT LEVEL 4: MUIDUMBE
OBPLbVhe2WH,MOÇAMBIQUE,MAPUTO CIDADE,KAMPFUMO,FACILITY AT LEVEL 4: KAMPFUMO
OBQrUtJIzm4,MOÇAMBIQUE,TETE,CHANGARA,FACILITY AT LEVEL 4: CHANGARA
ocb920QBi0y,MOÇAMBIQUE,ZAMBEZIA,MOCUBA,FACILITY AT LEVEL 4: MOCUBA
oCcsHPs03QX,MOÇAMBIQUE,NIASSA,LAGO,FACILITY AT LEVEL 4: LAGO
OCkfHput6ix,MOÇAMBIQUE,ZAMBEZIA,MORRUMBALA,FACILITY AT LEVEL 4: MORRUMBALA
ocPYIGEnWd5,MOÇAMBIQUE,ZAMBEZIA,MOCUBELA,FACILITY AT LEVEL 4: MOCUBELA
OcRC1eQyy4H,MOÇAMBIQUE,SOFALA,CHIBABAVA,FACILITY AT LEVEL 4: CHIBABAVA
ODcN6X1n62s,MOÇAMBIQUE,INHAMBANE,HOMOINE,FACILITY AT LEVEL 4: HOMOINE
ODgjiX9qzTT,MOÇAMBIQUE,MAPUTO CIDADE,KAMPFUMO,FACILITY AT LEVEL 4: KAMPFUMO
odgL29RX7N0,MOÇAMBIQUE,CABO DELGADO,MECUFI,FACILITY AT LEVEL 4: MECUFI
oE6y8rveRdk,MOÇAMBIQUE,MAPUTO CIDADE,KAMPFUMO,FACILITY AT LEVEL 4: KAMPFUMO
oEchln0uTSC,MOÇAMBIQUE,SOFALA,GORONGOSA,FACILITY AT LEVEL 4: GORONGOSA
ofKA5ylw23u,MOÇAMBIQUE,SOFALA,CHERINGOMA,FACILITY AT LEVEL 4: CHERINGOMA
ofupm2J4bFs,MOÇAMBIQUE,NIASSA,NIPEPE,FACILITY AT LEVEL 4: NIPEPE
OgAM2b54zkg,MOÇAMBIQUE,NIASSA,LAGO,FACILITY AT LEVEL 4: LAGO
OGImhYyW41b,MOÇAMBIQUE,MANICA,MANICA,FACILITY AT LEVEL 4: MANICA
oGnGAUnC0VZ,MOÇAMBIQUE,CABO DELGADO,CIDADE DE PEMBA,FACILITY AT LEVEL 4: CIDADE DE PEMBA
OGNvxKxzy0l,MOÇAMBIQUE,SOFALA,CIDADE DA BEIRA,FACILITY AT LEVEL 4: CIDADE DA BEIRA
OgRITQJqUds,MOÇAMBIQUE,TETE,CIDADE DE TETE,FACILITY AT LEVEL 4: CIDADE DE TETE
OGwQr7LFRPF,MOÇAMBIQUE,MANICA,VANDUZI,FACILITY AT LEVEL 4: VANDUZI
OHKMDqGFKv3,MOÇAMBIQUE,MAPUTO CIDADE,KAMAVOTA,FACILITY AT LEVEL 4: KAMAVOTA
oicw6sgIs4M,MOÇAMBIQUE,CABO DELGADO,MONTEPUEZ,FACILITY AT LEVEL 4: MONTEPUEZ
OIdkLAP26Ak,MOÇAMBIQUE,CABO DELGADO,MONTEPUEZ,FACILITY AT LEVEL 4: MONTEPUEZ
oIsGqWH3c8P,MOÇAMBIQUE,SOFALA,GORONGOSA,FACILITY AT LEVEL 4: GORONGOSA
oiZ3zfUsFME,MOÇAMBIQUE,MAPUTO PROVINCIA,MATOLA,FACILITY AT LEVEL 4: MATOLA
OJR4qp2Qo1f,MOÇAMBIQUE,MAPUTO PROVINCIA,MATOLA,FACILITY AT LEVEL 4: MATOLA
OKQRvsPGjh5,MOÇAMBIQUE,TETE,DOA,FACILITY AT LEVEL 4: DOA
OLQb0ZDQlbs,MOÇAMBIQUE,GAZA,CHIBUTO,FACILITY AT LEVEL 4: CHIBUTO
omnFp6jwIeQ,MOÇAMBIQUE,SOFALA,CIDADE DA BEIRA,FACILITY AT LEVEL 4: CIDADE DA BEIRA
OMqFwFwx4i8,MOÇAMBIQUE,NIASSA,CUAMBA,FACILITY AT LEVEL 4: CUAMBA
OmWJ91fDlMU,MOÇAMBIQUE,SOFALA,MARROMEU,FACILITY AT LEVEL 4: MARROMEU
OMXG7lm5Trj,MOÇAMBIQUE,NAMPULA,MEMBA,FACILITY AT LEVEL 4: MEMBA
OnAUxYxGlNB,MOÇAMBIQUE,CABO DELGADO,CHIÚRE,FACILITY AT LEVEL 4: CHIÚRE
onVaT9Wavae,MOÇAMBIQUE,NAMPULA,ANGOCHE,FACILITY AT LEVEL 4: ANGOCHE
OOcM3aEoRiV,MOÇAMBIQUE,SOFALA,CHEMBA,FACILITY AT LEVEL 4: CHEMBA
Ooda6tvojls,MOÇAMBIQUE,MAPUTO CIDADE,KAMUBUKWANA,FACILITY AT LEVEL 4: KAMUBUKWANA
oOFghe9AE39,MOÇAMBIQUE,NIASSA,CUAMBA,FACILITY AT LEVEL 4: CUAMBA
OoVpcoGI3Ml,MOÇAMBIQUE,TETE,MÁGOÈ,FACILITY AT LEVEL 4: MÁGOÈ
ooyBNeagkgV,MOÇAMBIQUE,MAPUTO PROVINCIA,MANHIÇA,FACILITY AT LEVEL 4: MANHIÇA
OOzMdgCuKZ5,MOÇAMBIQUE,MAPUTO PROVINCIA,MAGUDE,FACILITY AT LEVEL 4: MAGUDE
OP5a9L1h3F5,MOÇAMBIQUE,INHAMBANE,HOMOINE,FACILITY AT LEVEL 4: HOMOINE
Opn3jD1gk3F,MOÇAMBIQUE,NAMPULA,NACALA-A-VELHA,FACILITY AT LEVEL 4: NACALA-A-VELHA
oPwI1fBSSVd,MOÇAMBIQUE,SOFALA,CIDADE DA BEIRA,FACILITY AT LEVEL 4: CIDADE DA BEIRA
Oq6oTAkCwfb,MOÇAMBIQUE,ZAMBEZIA,CIDADE DE QUELIMANE,FACILITY AT LEVEL 4: CIDADE DE QUELIMANE
oqEbzsIoSut,MOÇAMBIQUE,SOFALA,GORONGOSA,FACILITY AT LEVEL 4: GORONGOSA
oQhSQA8p0hN,MOÇAMBIQUE,INHAMBANE,JANGAMO,FACILITY AT LEVEL 4: JANGAMO
Oqmpqq6IMp8,MOÇAMBIQUE,MANICA,VANDUZI,FACILITY AT LEVEL 4: VANDUZI
ORIJArJuXdA,MOÇAMBIQUE,ZAMBEZIA,ILE,FACILITY AT LEVEL 4: ILE
orInbdp27C1,MOÇAMBIQUE,NIASSA,DISTRITO DE LICHINGA,FACILITY AT LEVEL 4: DISTRITO DE LICHINGA
orS0TfuqXwk,MOÇAMBIQUE,TETE,CIDADE DE TETE,FACILITY AT LEVEL 4: CIDADE DE TETE
osDN7XOyyiS,MOÇAMBIQUE,TETE,ZUMBO,FACILITY AT LEVEL 4: ZUMBO
oSsP2PVsw2N,MOÇAMBIQUE,GAZA,MASSANGENA,FACILITY AT LEVEL 4: MASSANGENA
OSTvRJK0eAF,MOÇAMBIQUE,SOFALA,CIDADE DA BEIRA,FACILITY AT LEVEL 4: CIDADE DA BEIRA
OTG3PIoW0O3,MOÇAMBIQUE,MANICA,GONDOLA,FACILITY AT LEVEL 4: GONDOLA
oTOB4IoT3ZW,MOÇAMBIQUE,ZAMBEZIA,MOCUBELA,FACILITY AT LEVEL 4: MOCUBELA
oTRY8CpWg9t,MOÇAMBIQUE,SOFALA,NHAMATANDA,FACILITY AT LEVEL 4: NHAMATANDA
OtSQXpXzymR,MOÇAMBIQUE,MAPUTO PROVINCIA,MATOLA,FACILITY AT LEVEL 4: MATOLA
OtV1FsQYFTG,MOÇAMBIQUE,ZAMBEZIA,GILÉ,FACILITY AT LEVEL 4: GILÉ
ouFptjQqPC8,MOÇAMBIQUE,CABO DELGADO,MUEDA,FACILITY AT LEVEL 4: MUEDA
OvmnKILCeGA,MOÇAMBIQUE,ZAMBEZIA,NAMARROI,FACILITY AT LEVEL 4: NAMARROI
oVwWnjKFBKO,MOÇAMBIQUE,MAPUTO CIDADE,KAMPFUMO,FACILITY AT LEVEL 4: KAMPFUMO
OW4JSN1Y43H,MOÇAMBIQUE,GAZA,DISTRITO DE XAI-XAI (EXTINTO),FACILITY AT LEVEL 4: DISTRITO DE XAI-XAI (EXTINTO)
oW5N4oirgPv,MOÇAMBIQUE,NIASSA,SANGA,FACILITY AT LEVEL 4: SANGA
oWAR9jy6i1k,MOÇAMBIQUE,NAMPULA,MOGINCUAL,FACILITY AT LEVEL 4: MOGINCUAL
owi2wh5oOFY,MOÇAMBIQUE,NIASSA,MARRUPA,FACILITY AT LEVEL 4: MARRUPA
Owoty8SjedE,MOÇAMBIQUE,SOFALA,BÚZI,FACILITY AT LEVEL 4: BÚZI
OXAIkwvH8mR,MOÇAMBIQUE,ZAMBEZIA,LUGELA,FACILITY AT LEVEL 4: LUGELA
OXjxpR5X6zY,MOÇAMBIQUE,INHAMBANE,MORRUMBENE,FACILITY AT LEVEL 4: MORRUMBENE
OXMgRcc3tfL,MOÇAMBIQUE,NAMPULA,MONAPO,FACILITY AT LEVEL 4: MONAPO
oy3urt0dUvE,MOÇAMBIQUE,NIASSA,MUEMBE,FACILITY AT LEVEL 4: MUEMBE
OYg36chiKSp,MOÇAMBIQUE,GAZA,CHOKWÉ,FACILITY AT LEVEL 4: CHOKWÉ
oYhHC6OemiS,MOÇAMBIQUE,GAZA,MAPAI,FACILITY AT LEVEL 4: MAPAI
OyKga19Ad0s,MOÇAMBIQUE,ZAMBEZIA,MAGANJA DA COSTA,FACILITY AT LEVEL 4: MAGANJA DA COSTA
OYpzWUQD268,MOÇAMBIQUE,MAPUTO PROVINCIA,MANHIÇA,FACILITY AT LEVEL 4: MANHIÇA
OYQDwvgshMj,MOÇAMBIQUE,MANICA,MANICA,FACILITY AT LEVEL 4: MANICA
oyv5Rs41rwy,MOÇAMBIQUE,NIASSA,DISTRITO DE LICHINGA,FACILITY AT LEVEL 4: DISTRITO DE LICHINGA
OZgF8ZtrylL,MOÇAMBIQUE,MAPUTO PROVINCIA,BOANE,FACILITY AT LEVEL 4: BOANE
ozkTLkdOHOX,MOÇAMBIQUE,INHAMBANE,CIDADE DE INHAMBANE,FACILITY AT LEVEL 4: CIDADE DE INHAMBANE
ozv8eDXMqmi,MOÇAMBIQUE,NAMPULA,DISTRITO DE NAMPULA,FACILITY AT LEVEL 4: DISTRITO DE NAMPULA
OzvUVxe7rrp,MOÇAMBIQUE,MAPUTO PROVINCIA,MATOLA,FACILITY AT LEVEL 4: MATOLA
OzW5iMsq12F,MOÇAMBIQUE,CABO DELGADO,MUEDA,FACILITY AT LEVEL 4: MUEDA
p1xxAUEVhtp,MOÇAMBIQUE,MAPUTO CIDADE,KAMPFUMO,FACILITY AT LEVEL 4: KAMPFUMO
P2Q61EK1Hae,MOÇAMBIQUE,TETE,CHIUTA,FACILITY AT LEVEL 4: CHIUTA
P4MREG6KN7q,MOÇAMBIQUE,TETE,CIDADE DE TETE,FACILITY AT LEVEL 4: CIDADE DE TETE
p59FAoefvg4,MOÇAMBIQUE,MAPUTO CIDADE,KAMPFUMO,FACILITY AT LEVEL 4: KAMPFUMO
P5Ek5OgcZjV,MOÇAMBIQUE,NAMPULA,MECUBURI,FACILITY AT LEVEL 4: MECUBURI
P7fsvBDExal,MOÇAMBIQUE,MAPUTO PROVINCIA,MATOLA,FACILITY AT LEVEL 4: MATOLA
P7phKJR1IG9,MOÇAMBIQUE,CABO DELGADO,CIDADE DE PEMBA,FACILITY AT LEVEL 4: CIDADE DE PEMBA
P8THLvFOeRa,MOÇAMBIQUE,NIASSA,CUAMBA,FACILITY AT LEVEL 4: CUAMBA
p8tmP48Fs34,MOÇAMBIQUE,ZAMBEZIA,INHASSUNGE,FACILITY AT LEVEL 4: INHASSUNGE
PaH6TuweRVP,MOÇAMBIQUE,SOFALA,NHAMATANDA,FACILITY AT LEVEL 4: NHAMATANDA
paqvE6C8WW0,MOÇAMBIQUE,GAZA,CHOKWÉ,FACILITY AT LEVEL 4: CHOKWÉ
PBaWVfj1IdI,MOÇAMBIQUE,MAPUTO CIDADE,KAMPFUMO,FACILITY AT LEVEL 4: KAMPFUMO
pbbVBquuqQt,MOÇAMBIQUE,TETE,CHANGARA,FACILITY AT LEVEL 4: CHANGARA
PbCmGUNcs0u,MOÇAMBIQUE,MAPUTO CIDADE,KAMPFUMO,FACILITY AT LEVEL 4: KAMPFUMO
pbJUQjNpE8m,MOÇAMBIQUE,NIASSA,DISTRITO DE LICHINGA,FACILITY AT LEVEL 4: DISTRITO DE LICHINGA
PBOjEhsQis5,MOÇAMBIQUE,MANICA,SUSSUNDENGA,FACILITY AT LEVEL 4: SUSSUNDENGA
PBYuexaSh6x,MOÇAMBIQUE,SOFALA,CHERINGOMA,FACILITY AT LEVEL 4: CHERINGOMA
PC1tfxubwdr,MOÇAMBIQUE,MAPUTO PROVINCIA,MOAMBA,FACILITY AT LEVEL 4: MOAMBA
pCErXTcPX8w,MOÇAMBIQUE,CABO DELGADO,MUEDA,FACILITY AT LEVEL 4: MUEDA
PCuXPHfHSJ6,MOÇAMBIQUE,MAPUTO CIDADE,KAMAVOTA,FACILITY AT LEVEL 4: KAMAVOTA
pd9RRZ8ROsf,MOÇAMBIQUE,MAPUTO CIDADE,KAMPFUMO,FACILITY AT LEVEL 4: KAMPFUMO
PdiMHQl4W6b,MOÇAMBIQUE,NAMPULA,NACALA-PORTO,FACILITY AT LEVEL 4: NACALA-PORTO
PdxNHaR9aVQ,MOÇAMBIQUE,MANICA,BÁRUE,FACILITY AT LEVEL 4: BÁRUE
PDZJCEinwlK,MOÇAMBIQUE,CABO DELGADO,CIDADE DE PEMBA,FACILITY AT LEVEL 4: CIDADE DE PEMBA
PewAH00QAYd,MOÇAMBIQUE,MAPUTO PROVINCIA,BOANE,FACILITY AT LEVEL 4: BOANE
pfcze48mxHk,MOÇAMBIQUE,MAPUTO PROVINCIA,MATOLA,FACILITY AT LEVEL 4: MATOLA
pfTLoMcrYBt,MOÇAMBIQUE,INHAMBANE,ZAVALA,FACILITY AT LEVEL 4: ZAVALA
pG3rSKY0V8J,MOÇAMBIQUE,ZAMBEZIA,MAGANJA DA COSTA,FACILITY AT LEVEL 4: MAGANJA DA COSTA
PGiHivPCaUt,MOÇAMBIQUE,SOFALA,BÚZI,FACILITY AT LEVEL 4: BÚZI
PGiOXt59vMY,MOÇAMBIQUE,MAPUTO PROVINCIA,MOAMBA,FACILITY AT LEVEL 4: MOAMBA
pGpr3jPbv4i,MOÇAMBIQUE,ZAMBEZIA,GILÉ,FACILITY AT LEVEL 4: GILÉ
ph5c9IxiST5,MOÇAMBIQUE,NIASSA,SANGA,FACILITY AT LEVEL 4: SANGA
PhsLU7i1yM1,MOÇAMBIQUE,TETE,DOA,FACILITY AT LEVEL 4: DOA
PHTug1tZ579,MOÇAMBIQUE,GAZA,CHOKWÉ,FACILITY AT LEVEL 4: CHOKWÉ
pialHm2D58U,MOÇAMBIQUE,TETE,MOATIZE,FACILITY AT LEVEL 4: MOATIZE
PiDOKkt3R9J,MOÇAMBIQUE,SOFALA,CAIA,FACILITY AT LEVEL 4: CAIA
pjEEPqxds6K,MOÇAMBIQUE,ZAMBEZIA,ILE,FACILITY AT LEVEL 4: ILE
pJsVkSEEVR5,MOÇAMBIQUE,GAZA,CHIGUBO,FACILITY AT LEVEL 4: CHIGUBO
PjVxZ79ZBjL,MOÇAMBIQUE,SOFALA,CAIA,FACILITY AT LEVEL 4: CAIA
pkmVnIU3x3Y,MOÇAMBIQUE,GAZA,GUIJÁ,FACILITY AT LEVEL 4: GUIJÁ
Pkt7RBoRcs2,MOÇAMBIQUE,NAMPULA,MECONTA,FACILITY AT LEVEL 4: MECONTA
PkZ4vKaw1DE,MOÇAMBIQUE,NAMPULA,DISTRITO DE NAMPULA,FACILITY AT LEVEL 4: DISTRITO DE NAMPULA
PKZDzh2e5n2,MOÇAMBIQUE,MAPUTO CIDADE,NLHAMANKULU,FACILITY AT LEVEL 4: NLHAMANKULU
pLfvZA5Jzwz,MOÇAMBIQUE,ZAMBEZIA,MAGANJA DA COSTA,FACILITY AT LEVEL 4: MAGANJA DA COSTA
Plht8WkOPOT,MOÇAMBIQUE,CABO DELGADO,CHIÚRE,FACILITY AT LEVEL 4: CHIÚRE
PLkRfnLgha0,MOÇAMBIQUE,INHAMBANE,PANDA,FACILITY AT LEVEL 4: PANDA
Pln1bI1o5cI,MOÇAMBIQUE,ZAMBEZIA,GURUÉ,FACILITY AT LEVEL 4: GURUÉ
Pm7zVTg5BnO,MOÇAMBIQUE,NIASSA,MECANHELAS,FACILITY AT LEVEL 4: MECANHELAS
PMc5LCmYAya,MOÇAMBIQUE,TETE,MOATIZE,FACILITY AT LEVEL 4: MOATIZE
pmFBIFB3mP7,MOÇAMBIQUE,TETE,TSANGANO,FACILITY AT LEVEL 4: TSANGANO
pmhI1zYkKPf,MOÇAMBIQUE,MAPUTO CIDADE,KAMPFUMO,FACILITY AT LEVEL 4: KAMPFUMO
PmjhneYbhkf,MOÇAMBIQUE,NIASSA,CHIMBONILA,FACILITY AT LEVEL 4: CHIMBONILA
PNBeb2UG9CQ,MOÇAMBIQUE,MAPUTO PROVINCIA,MATOLA,FACILITY AT LEVEL 4: MATOLA
PNHbmdJyh5j,MOÇAMBIQUE,MAPUTO CIDADE,KAMPFUMO,FACILITY AT LEVEL 4: KAMPFUMO
pnY34aC9tI5,MOÇAMBIQUE,INHAMBANE,HOMOINE,FACILITY AT LEVEL 4: HOMOINE
po6Lv2yRLua,MOÇAMBIQUE,NIASSA,CHIMBONILA,FACILITY AT LEVEL 4: CHIMBONILA
pOaDlDcoT3O,MOÇAMBIQUE,GAZA,MABALANE,FACILITY AT LEVEL 4: MABALANE
POAFjgapUQG,MOÇAMBIQUE,MAPUTO CIDADE,KAMPFUMO,FACILITY AT LEVEL 4: KAMPFUMO
pOAgw20enpo,MOÇAMBIQUE,NAMPULA,MOGINCUAL,FACILITY AT LEVEL 4: MOGINCUAL
POCsZMxbTPx,MOÇAMBIQUE,TETE,ANGÓNIA,FACILITY AT LEVEL 4: ANGÓNIA
poezCKc1U6e,MOÇAMBIQUE,GAZA,DISTRITO DE XAI-XAI (EXTINTO),FACILITY AT LEVEL 4: DISTRITO DE XAI-XAI (EXTINTO)
PoZM9YEYKTx,MOÇAMBIQUE,ZAMBEZIA,MORRUMBALA,FACILITY AT LEVEL 4: MORRUMBALA
pp72yajr2ij,MOÇAMBIQUE,NIASSA,CHIMBONILA,FACILITY AT LEVEL 4: CHIMBONILA
PPqCQv7glYv,MOÇAMBIQUE,MAPUTO CIDADE,NLHAMANKULU,FACILITY AT LEVEL 4: NLHAMANKULU
PPQktySUnJj,MOÇAMBIQUE,SOFALA,NHAMATANDA,FACILITY AT LEVEL 4: NHAMATANDA
pPVmz9ZwVuh,MOÇAMBIQUE,TETE,CHIUTA,FACILITY AT LEVEL 4: CHIUTA
pqTMwUoiMCH,MOÇAMBIQUE,NIASSA,NGAÚMA,FACILITY AT LEVEL 4: NGAÚMA
PREaQwBzfNz,MOÇAMBIQUE,NAMPULA,MONAPO,FACILITY AT LEVEL 4: MONAPO
PrLiQygFrY8,MOÇAMBIQUE,MAPUTO PROVINCIA,MAGUDE,FACILITY AT LEVEL 4: MAGUDE
prqYsyeWuJ4,MOÇAMBIQUE,NIASSA,CHIMBONILA,FACILITY AT LEVEL 4: CHIMBONILA
prRLukxgfJK,MOÇAMBIQUE,CABO DELGADO,MUIDUMBE,FACILITY AT LEVEL 4: MUIDUMBE
PSDm0OCRwAi,MOÇAMBIQUE,MAPUTO CIDADE,KAMPFUMO,FACILITY AT LEVEL 4: KAMPFUMO
PsoPSKqfP3e,MOÇAMBIQUE,MAPUTO CIDADE,KAMAVOTA,FACILITY AT LEVEL 4: KAMAVOTA
PsYEuHNUkBd,MOÇAMBIQUE,MAPUTO CIDADE,KAMPFUMO,FACILITY AT LEVEL 4: KAMPFUMO
Pt0F4JR0CjA,MOÇAMBIQUE,NAMPULA,NACAROA,FACILITY AT LEVEL 4: NACAROA
pt3qf1p2TSd,MOÇAMBIQUE,GAZA,DISTRITO DE XAI-XAI (EXTINTO),FACILITY AT LEVEL 4: DISTRITO DE XAI-XAI (EXTINTO)
pt3uFvNsHDF,MOÇAMBIQUE,NAMPULA,DISTRITO DE NAMPULA,FACILITY AT LEVEL 4: DISTRITO DE NAMPULA
PtEhlQGbK3t,MOÇAMBIQUE,MANICA,GURO,FACILITY AT LEVEL 4: GURO
Pu3gs8CDrCi,MOÇAMBIQUE,ZAMBEZIA,MILANGE,FACILITY AT LEVEL 4: MILANGE
puNLBstjtL7,MOÇAMBIQUE,MAPUTO PROVINCIA,MATUTUÌNE,FACILITY AT LEVEL 4: MATUTUÌNE
puRehezKAVm,MOÇAMBIQUE,ZAMBEZIA,CIDADE DE QUELIMANE,FACILITY AT LEVEL 4: CIDADE DE QUELIMANE
puwfB6KCwMS,MOÇAMBIQUE,MANICA,MANICA,FACILITY AT LEVEL 4: MANICA
PuyYDayH4WM,MOÇAMBIQUE,SOFALA,CIDADE DA BEIRA,FACILITY AT LEVEL 4: CIDADE DA BEIRA
PUz9TjEzMs2,MOÇAMBIQUE,TETE,CHIUTA,FACILITY AT LEVEL 4: CHIUTA
Pv4LhmOCY2m,MOÇAMBIQUE,NIASSA,MECANHELAS,FACILITY AT LEVEL 4: MECANHELAS
Pv5kokD4emK,MOÇAMBIQUE,CABO DELGADO,QUISSANGA,FACILITY AT LEVEL 4: QUISSANGA
PvAvwBQcPlK,MOÇAMBIQUE,MANICA,MANICA,FACILITY AT LEVEL 4: MANICA
pVWc5C0huL0,MOÇAMBIQUE,CABO DELGADO,CIDADE DE PEMBA,FACILITY AT LEVEL 4: CIDADE DE PEMBA
pvXosNkqEl4,MOÇAMBIQUE,MAPUTO CIDADE,NLHAMANKULU,FACILITY AT LEVEL 4: NLHAMANKULU
pWAmf6Fm7q8,MOÇAMBIQUE,GAZA,CHIGUBO,FACILITY AT LEVEL 4: CHIGUBO
pX01vPSiB1I,MOÇAMBIQUE,MAPUTO CIDADE,KAMPFUMO,FACILITY AT LEVEL 4: KAMPFUMO
Pxr1G77y0ZE,MOÇAMBIQUE,NIASSA,NIPEPE,FACILITY AT LEVEL 4: NIPEPE
py1cEZtl6wI,MOÇAMBIQUE,NAMPULA,MONAPO,FACILITY AT LEVEL 4: MONAPO
Py91BmizNnB,MOÇAMBIQUE,CABO DELGADO,METUGE,FACILITY AT LEVEL 4: METUGE
pySARxVmVUx,MOÇAMBIQUE,ZAMBEZIA,GURUÉ,FACILITY AT LEVEL 4: GURUÉ
pzbFaxmLzha,MOÇAMBIQUE,GAZA,DISTRITO DE XAI-XAI (EXTINTO),FACILITY AT LEVEL 4: DISTRITO DE XAI-XAI (EXTINTO)
PZJadYc1os9,MOÇAMBIQUE,NAMPULA,RIBAUE,FACILITY AT LEVEL 4: RIBAUE
pzWlPCgt4GM,MOÇAMBIQUE,MAPUTO CIDADE,KAMAVOTA,FACILITY AT LEVEL 4: KAMAVOTA
pZZ0LzhQslb,MOÇAMBIQUE,ZAMBEZIA,MOPEIA,FACILITY AT LEVEL 4: MOPEIA
q0IX24x7bHl,MOÇAMBIQUE,NAMPULA,MECONTA,FACILITY AT LEVEL 4: MECONTA
Q0nw3D8ymBa,MOÇAMBIQUE,ZAMBEZIA,CHINDE,FACILITY AT LEVEL 4: CHINDE
q0ZxACWV34U,MOÇAMBIQUE,SOFALA,NHAMATANDA,FACILITY AT LEVEL 4: NHAMATANDA
q2nzC06nS99,MOÇAMBIQUE,NAMPULA,ERATI,FACILITY AT LEVEL 4: ERATI
Q2Vrxti4JoC,MOÇAMBIQUE,NAMPULA,DISTRITO DE NAMPULA,FACILITY AT LEVEL 4: DISTRITO DE NAMPULA
q3uOKmOzhXk,MOÇAMBIQUE,MAPUTO CIDADE,KAMUBUKWANA,FACILITY AT LEVEL 4: KAMUBUKWANA
q4jnnLiVZWy,MOÇAMBIQUE,NIASSA,SANGA,FACILITY AT LEVEL 4: SANGA
q54d2lAS7kn,MOÇAMBIQUE,SOFALA,MACHANGA,FACILITY AT LEVEL 4: MACHANGA
Q5ypoCeJkE3,MOÇAMBIQUE,NAMPULA,MOGINCUAL,FACILITY AT LEVEL 4: MOGINCUAL
q607TuZee6U,MOÇAMBIQUE,TETE,MOATIZE,FACILITY AT LEVEL 4: MOATIZE
q6yzjdauWyx,MOÇAMBIQUE,CABO DELGADO,METUGE,FACILITY AT LEVEL 4: METUGE
Q71Y9QjdNA1,MOÇAMBIQUE,NIASSA,LAGO,FACILITY AT LEVEL 4: LAGO
Q8UfR47Rv8X,MOÇAMBIQUE,GAZA,BILENE,FACILITY AT LEVEL 4: BILENE
Q928lZ6LlJH,MOÇAMBIQUE,ZAMBEZIA,MOCUBA,FACILITY AT LEVEL 4: MOCUBA
QaEa5guxOqE,MOÇAMBIQUE,MAPUTO CIDADE,KAMPFUMO,FACILITY AT LEVEL 4: KAMPFUMO
QBBoCyDYFFx,MOÇAMBIQUE,INHAMBANE,GOVURO,FACILITY AT LEVEL 4: GOVURO
QBEc88hOwfy,MOÇAMBIQUE,MAPUTO CIDADE,KAMUBUKWANA,FACILITY AT LEVEL 4: KAMUBUKWANA
QBgP9BBJgjn,MOÇAMBIQUE,SOFALA,CIDADE DA BEIRA,FACILITY AT LEVEL 4: CIDADE DA BEIRA
qC8pR4XY8u4,MOÇAMBIQUE,MAPUTO CIDADE,KAMPFUMO,FACILITY AT LEVEL 4: KAMPFUMO
QcKLADM0BBG,MOÇAMBIQUE,MAPUTO CIDADE,KAMUBUKWANA,FACILITY AT LEVEL 4: KAMUBUKWANA
qcsdCqGGinp,MOÇAMBIQUE,NAMPULA,MOGOVOLAS,FACILITY AT LEVEL 4: MOGOVOLAS
QDAh9KYtXH5,MOÇAMBIQUE,INHAMBANE,VILANKULOS,FACILITY AT LEVEL 4: VILANKULOS
QdcX2dit3fg,MOÇAMBIQUE,MAPUTO CIDADE,KAMPFUMO,FACILITY AT LEVEL 4: KAMPFUMO
QDhPAyGz50K,MOÇAMBIQUE,MAPUTO CIDADE,KAMPFUMO,FACILITY AT LEVEL 4: KAMPFUMO
qdJPHNk9O9y,MOÇAMBIQUE,NAMPULA,MOGOVOLAS,FACILITY AT LEVEL 4: MOGOVOLAS
QdlMeJOmGZd,MOÇAMBIQUE,SOFALA,NHAMATANDA,FACILITY AT LEVEL 4: NHAMATANDA
qDprPcbHzm6,MOÇAMBIQUE,NIASSA,LAGO,FACILITY AT LEVEL 4: LAGO
QEGgb3I6Uyz,MOÇAMBIQUE,INHAMBANE,ZAVALA,FACILITY AT LEVEL 4: ZAVALA
QEquYcwoG3M,MOÇAMBIQUE,MAPUTO CIDADE,KAMPFUMO,FACILITY AT LEVEL 4: KAMPFUMO
qf6bYSb05qH,MOÇAMBIQUE,SOFALA,GORONGOSA,FACILITY AT LEVEL 4: GORONGOSA
QfaHXcvhGg7,MOÇAMBIQUE,ZAMBEZIA,PEBANE,FACILITY AT LEVEL 4: PEBANE
qFboOYB1El1,MOÇAMBIQUE,MANICA,GURO,FACILITY AT LEVEL 4: GURO
QfHGC9q2SDX,MOÇAMBIQUE,ZAMBEZIA,CIDADE DE QUELIMANE,FACILITY AT LEVEL 4: CIDADE DE QUELIMANE
qFPtM7hXGal,MOÇAMBIQUE,NAMPULA,MONAPO,FACILITY AT LEVEL 4: MONAPO
qfwp23YUP03,MOÇAMBIQUE,CABO DELGADO,MELUCO,FACILITY AT LEVEL 4: MELUCO
QgijAKLokSL,MOÇAMBIQUE,ZAMBEZIA,MOCUBELA,FACILITY AT LEVEL 4: MOCUBELA
qgtnjirRcMg,MOÇAMBIQUE,NIASSA,DISTRITO DE LICHINGA,FACILITY AT LEVEL 4: DISTRITO DE LICHINGA
qgvEDUUuguh,MOÇAMBIQUE,ZAMBEZIA,CIDADE DE QUELIMANE,FACILITY AT LEVEL 4: CIDADE DE QUELIMANE
QHFrPc4QuA2,MOÇAMBIQUE,GAZA,CIDADE DE XAI-XAI,FACILITY AT LEVEL 4: CIDADE DE XAI-XAI
qHi6ZNrs2bU,MOÇAMBIQUE,NAMPULA,MOSSURIL,FACILITY AT LEVEL 4: MOSSURIL
qhUXtztzrfg,MOÇAMBIQUE,ZAMBEZIA,CHINDE,FACILITY AT LEVEL 4: CHINDE
qICy9VBLGx4,MOÇAMBIQUE,NAMPULA,MECUBURI,FACILITY AT LEVEL 4: MECUBURI
qIt7sEdsofF,MOÇAMBIQUE,MAPUTO CIDADE,KAMPFUMO,FACILITY AT LEVEL 4: KAMPFUMO
qjBWwENixcl,MOÇAMBIQUE,GAZA,CIDADE DE XAI-XAI,FACILITY AT LEVEL 4: CIDADE DE XAI-XAI
qJDHVWdalVY,MOÇAMBIQUE,MANICA,SUSSUNDENGA,FACILITY AT LEVEL 4: SUSSUNDENGA
qJhidvrn9ME,MOÇAMBIQUE,ZAMBEZIA,CIDADE DE QUELIMANE,FACILITY AT LEVEL 4: CIDADE DE QUELIMANE
qjLR9RPWnwx,MOÇAMBIQUE,GAZA,LIMPOPO,FACILITY AT LEVEL 4: LIMPOPO
QjvbRHYyxXZ,MOÇAMBIQUE,ZAMBEZIA,MOCUBA,FACILITY AT LEVEL 4: MOCUBA
qJvncppJ9oc,MOÇAMBIQUE,SOFALA,MACHANGA,FACILITY AT LEVEL 4: MACHANGA
qk1IAbzKZXT,MOÇAMBIQUE,MAPUTO CIDADE,KAMPFUMO,FACILITY AT LEVEL 4: KAMPFUMO
QK2YcHTkvFt,MOÇAMBIQUE,MANICA,MACHAZE,FACILITY AT LEVEL 4: MACHAZE
Qk8zYBSgfnI,MOÇAMBIQUE,NIASSA,MECULA,FACILITY AT LEVEL 4: MECULA
QkJtt8OxZzQ,MOÇAMBIQUE,SOFALA,CIDADE DA BEIRA,FACILITY AT LEVEL 4: CIDADE DA BEIRA
QKqxlzbMl3g,MOÇAMBIQUE,NAMPULA,MECUBURI,FACILITY AT LEVEL 4: MECUBURI
qKVzljYYhIB,MOÇAMBIQUE,SOFALA,NHAMATANDA,FACILITY AT LEVEL 4: NHAMATANDA
qKztqGLknYh,MOÇAMBIQUE,NAMPULA,MEMBA,FACILITY AT LEVEL 4: MEMBA
QL0F9X81n1c,MOÇAMBIQUE,MAPUTO CIDADE,KAMPFUMO,FACILITY AT LEVEL 4: KAMPFUMO
QLc81Wd2IGf,MOÇAMBIQUE,NIASSA,CUAMBA,FACILITY AT LEVEL 4: CUAMBA
qLGlLqcnNlv,MOÇAMBIQUE,GAZA,CHONGOENE,FACILITY AT LEVEL 4: CHONGOENE
qlh5EG386JL,MOÇAMBIQUE,MAPUTO PROVINCIA,MATOLA,FACILITY AT LEVEL 4: MATOLA
qlKOYx7zUuj,MOÇAMBIQUE,ZAMBEZIA,LUABO,FACILITY AT LEVEL 4: LUABO
QLy3Y2SEm6L,MOÇAMBIQUE,SOFALA,GORONGOSA,FACILITY AT LEVEL 4: GORONGOSA
QMDxghiDP5r,MOÇAMBIQUE,NIASSA,DISTRITO DE LICHINGA,FACILITY AT LEVEL 4: DISTRITO DE LICHINGA
qmiomhs5J9E,MOÇAMBIQUE,ZAMBEZIA,PEBANE,FACILITY AT LEVEL 4: PEBANE
QMycutnYRSc,MOÇAMBIQUE,NAMPULA,MOSSURIL,FACILITY AT LEVEL 4: MOSSURIL
qnJKKoXwRXg,MOÇAMBIQUE,MAPUTO CIDADE,KAMPFUMO,FACILITY AT LEVEL 4: KAMPFUMO
qOGUMHGJn2J,MOÇAMBIQUE,ZAMBEZIA,NAMACURRA,FACILITY AT LEVEL 4: NAMACURRA
qOLkplFsyIR,MOÇAMBIQUE,SOFALA,DONDO,FACILITY AT LEVEL 4: DONDO
qoPsXd5S2f4,MOÇAMBIQUE,SOFALA,NHAMATANDA,FACILITY AT LEVEL 4: NHAMATANDA
qOV40TJrBXO,MOÇAMBIQUE,ZAMBEZIA,NAMARROI,FACILITY AT LEVEL 4: NAMARROI
QozMCJCISBx,MOÇAMBIQUE,NAMPULA,ERATI,FACILITY AT LEVEL 4: ERATI
qpaYqWk6dS4,MOÇAMBIQUE,TETE,CIDADE DE TETE,FACILITY AT LEVEL 4: CIDADE DE TETE
qPCXHQuPU09,MOÇAMBIQUE,MAPUTO CIDADE,KATEMBE,FACILITY AT LEVEL 4: KATEMBE
QPFpY3AO2DU,MOÇAMBIQUE,MAPUTO CIDADE,KAMPFUMO,FACILITY AT LEVEL 4: KAMPFUMO
QpP1pdtWq6b,MOÇAMBIQUE,CABO DELGADO,NANGADE,FACILITY AT LEVEL 4: NANGADE
qQ1cgtUIrs4,MOÇAMBIQUE,SOFALA,CHERINGOMA,FACILITY AT LEVEL 4: CHERINGOMA
qR3bnN8STPl,MOÇAMBIQUE,GAZA,MABALANE,FACILITY AT LEVEL 4: MABALANE
qR4WslJnFtW,MOÇAMBIQUE,SOFALA,CIDADE DA BEIRA,FACILITY AT LEVEL 4: CIDADE DA BEIRA
QR8g5iNEZkz,MOÇAMBIQUE,MANICA,MANICA,FACILITY AT LEVEL 4: MANICA
qRAEUQrFHDW,MOÇAMBIQUE,SOFALA,CHIBABAVA,FACILITY AT LEVEL 4: CHIBABAVA
QS92fFFZdot,MOÇAMBIQUE,MAPUTO PROVINCIA,MATUTUÌNE,FACILITY AT LEVEL 4: MATUTUÌNE
QsE4YRdNP0Z,MOÇAMBIQUE,MAPUTO PROVINCIA,MATOLA,FACILITY AT LEVEL 4: MATOLA
QSFwMbJcjaL,MOÇAMBIQUE,GAZA,MASSINGIR,FACILITY AT LEVEL 4: MASSINGIR
qsjl0QJsaxn,MOÇAMBIQUE,CABO DELGADO,MACOMIA,FACILITY AT LEVEL 4: MACOMIA
QsRDWOURkSy,MOÇAMBIQUE,NAMPULA,MECONTA,FACILITY AT LEVEL 4: MECONTA
qSwUNvvDd3D,MOÇAMBIQUE,SOFALA,CIDADE DA BEIRA,FACILITY AT LEVEL 4: CIDADE DA BEIRA
QTG3A4bNtVI,MOÇAMBIQUE,MANICA,SUSSUNDENGA,FACILITY AT LEVEL 4: SUSSUNDENGA
QU2rsooFfyu,MOÇAMBIQUE,CABO DELGADO,MUIDUMBE,FACILITY AT LEVEL 4: MUIDUMBE
quN1SzB2tpl,MOÇAMBIQUE,MAPUTO CIDADE,KAMPFUMO,FACILITY AT LEVEL 4: KAMPFUMO
quPE8YigS1Y,MOÇAMBIQUE,ZAMBEZIA,CIDADE DE QUELIMANE,FACILITY AT LEVEL 4: CIDADE DE QUELIMANE
QUWBJuaxOIG,MOÇAMBIQUE,MAPUTO CIDADE,KAMUBUKWANA,FACILITY AT LEVEL 4: KAMUBUKWANA
qv3bNjSObjC,MOÇAMBIQUE,TETE,MACANGA,FACILITY AT LEVEL 4: MACANGA
qVbHOW1l4KA,MOÇAMBIQUE,MAPUTO CIDADE,KAMPFUMO,FACILITY AT LEVEL 4: KAMPFUMO
qvbZxlzb9sf,MOÇAMBIQUE,NAMPULA,RIBAUE,FACILITY AT LEVEL 4: RIBAUE
QvvejccMs94,MOÇAMBIQUE,MAPUTO CIDADE,KAMAVOTA,FACILITY AT LEVEL 4: KAMAVOTA
qwa9TBwYmzM,MOÇAMBIQUE,MANICA,BÁRUE,FACILITY AT LEVEL 4: BÁRUE
qxxB27cQboV,MOÇAMBIQUE,MAPUTO CIDADE,KAMPFUMO,FACILITY AT LEVEL 4: KAMPFUMO
qY51E6q8OvL,MOÇAMBIQUE,TETE,CHANGARA,FACILITY AT LEVEL 4: CHANGARA
qzBH3fLD2zy,MOÇAMBIQUE,MAPUTO PROVINCIA,MOAMBA,FACILITY AT LEVEL 4: MOAMBA
QZvQNDkCHXx,MOÇAMBIQUE,CABO DELGADO,MELUCO,FACILITY AT LEVEL 4: MELUCO
R0Zm6RRbNyo,MOÇAMBIQUE,CABO DELGADO,NANGADE,FACILITY AT LEVEL 4: NANGADE
r2knPwVdIR7,MOÇAMBIQUE,NAMPULA,ERATI,FACILITY AT LEVEL 4: ERATI
R3I0hJ85IPq,MOÇAMBIQUE,TETE,CIDADE DE TETE,FACILITY AT LEVEL 4: CIDADE DE TETE
r58y5fPkQti,MOÇAMBIQUE,MAPUTO PROVINCIA,BOANE,FACILITY AT LEVEL 4: BOANE
R5RTzpjR25A,MOÇAMBIQUE,INHAMBANE,JANGAMO,FACILITY AT LEVEL 4: JANGAMO
r6ECUeUuk86,MOÇAMBIQUE,NAMPULA,MOMA,FACILITY AT LEVEL 4: MOMA
R7q1wb1TkQI,MOÇAMBIQUE,INHAMBANE,MORRUMBENE,FACILITY AT LEVEL 4: MORRUMBENE
r7snyBiXMqJ,MOÇAMBIQUE,MAPUTO CIDADE,KAMPFUMO,FACILITY AT LEVEL 4: KAMPFUMO
r7yyhtJvGFy,MOÇAMBIQUE,MAPUTO CIDADE,KAMPFUMO,FACILITY AT LEVEL 4: KAMPFUMO
R85aNPlBfWT,MOÇAMBIQUE,INHAMBANE,MASSINGA,FACILITY AT LEVEL 4: MASSINGA
RaDcA1HyTtJ,MOÇAMBIQUE,GAZA,MAPAI,FACILITY AT LEVEL 4: MAPAI
RaMdzv9q9IN,MOÇAMBIQUE,ZAMBEZIA,NAMACURRA,FACILITY AT LEVEL 4: NAMACURRA
rAnDiZ3ScAh,MOÇAMBIQUE,NIASSA,DISTRITO DE LICHINGA,FACILITY AT LEVEL 4: DISTRITO DE LICHINGA
ratl641Zas8,MOÇAMBIQUE,ZAMBEZIA,NAMACURRA,FACILITY AT LEVEL 4: NAMACURRA
rAXNAXDUbNR,MOÇAMBIQUE,SOFALA,GORONGOSA,FACILITY AT LEVEL 4: GORONGOSA
RB9BAv2h56c,MOÇAMBIQUE,CABO DELGADO,MUEDA,FACILITY AT LEVEL 4: MUEDA
rBxmN6gYTqt,MOÇAMBIQUE,MANICA,GONDOLA,FACILITY AT LEVEL 4: GONDOLA
Rcd5Z5c5NJT,MOÇAMBIQUE,INHAMBANE,CIDADE DE INHAMBANE,FACILITY AT LEVEL 4: CIDADE DE INHAMBANE
rCHA87l5pXk,MOÇAMBIQUE,GAZA,CHIBUTO,FACILITY AT LEVEL 4: CHIBUTO
trU4IMPfBXP,MOÇAMBIQUE,TETE,ZUMBO,FACILITY AT LEVEL 4: ZUMBO
rD4DVmRciUa,MOÇAMBIQUE,NIASSA,CHIMBONILA,FACILITY AT LEVEL 4: CHIMBONILA
RDaM4VEgFvU,MOÇAMBIQUE,ZAMBEZIA,ILE,FACILITY AT LEVEL 4: ILE
RDOlpH0SltW,MOÇAMBIQUE,SOFALA,MARÍNGUE,FACILITY AT LEVEL 4: MARÍNGUE
rDQtvVuXMhM,MOÇAMBIQUE,ZAMBEZIA,LUGELA,FACILITY AT LEVEL 4: LUGELA
RdWF0C8zhEG,MOÇAMBIQUE,GAZA,CHIBUTO,FACILITY AT LEVEL 4: CHIBUTO
ReHPLA8f629,MOÇAMBIQUE,INHAMBANE,ZAVALA,FACILITY AT LEVEL 4: ZAVALA
reW3VekW8z3,MOÇAMBIQUE,GAZA,CHONGOENE,FACILITY AT LEVEL 4: CHONGOENE
RExvTlwFE0z,MOÇAMBIQUE,ZAMBEZIA,MILANGE,FACILITY AT LEVEL 4: MILANGE
RFKinyt5Hu0,MOÇAMBIQUE,GAZA,MANDLAKAZI,FACILITY AT LEVEL 4: MANDLAKAZI
rfptfXiUGay,MOÇAMBIQUE,CABO DELGADO,BALAMA,FACILITY AT LEVEL 4: BALAMA
rfRJkVRkx9J,MOÇAMBIQUE,GAZA,DISTRITO DE XAI-XAI (EXTINTO),FACILITY AT LEVEL 4: DISTRITO DE XAI-XAI (EXTINTO)
RglpxS3MnkH,MOÇAMBIQUE,GAZA,MANDLAKAZI,FACILITY AT LEVEL 4: MANDLAKAZI
rHNtiW7Xd3s,MOÇAMBIQUE,MANICA,BÁRUE,FACILITY AT LEVEL 4: BÁRUE
Ri7Zqp64Zx4,MOÇAMBIQUE,MANICA,CIDADE DE CHIMOIO,FACILITY AT LEVEL 4: CIDADE DE CHIMOIO
Rike9L0KHkt,MOÇAMBIQUE,NAMPULA,MURRUPULA,FACILITY AT LEVEL 4: MURRUPULA
Rj6PIZmqJXj,MOÇAMBIQUE,NAMPULA,MECUBURI,FACILITY AT LEVEL 4: MECUBURI
rJEdkX7LBq5,MOÇAMBIQUE,GAZA,CHONGOENE,FACILITY AT LEVEL 4: CHONGOENE
rJt7ByBeZKD,MOÇAMBIQUE,TETE,CAHORA BASSA,FACILITY AT LEVEL 4: CAHORA BASSA
RlcapgUNuyW,MOÇAMBIQUE,ZAMBEZIA,ILE,FACILITY AT LEVEL 4: ILE
RlNcqWf2rSe,MOÇAMBIQUE,MAPUTO PROVINCIA,MARRACUENE,FACILITY AT LEVEL 4: MARRACUENE
rLOJTNpISJn,MOÇAMBIQUE,GAZA,MABALANE,FACILITY AT LEVEL 4: MABALANE
rLSiHMAWTQJ,MOÇAMBIQUE,MAPUTO PROVINCIA,MATUTUÌNE,FACILITY AT LEVEL 4: MATUTUÌNE
RlxyIQJrgb2,MOÇAMBIQUE,GAZA,MABALANE,FACILITY AT LEVEL 4: MABALANE
rlZyQVGgEel,MOÇAMBIQUE,TETE,MOATIZE,FACILITY AT LEVEL 4: MOATIZE
Rm8oP2sum74,MOÇAMBIQUE,MAPUTO CIDADE,KAMPFUMO,FACILITY AT LEVEL 4: KAMPFUMO
RmAKtJF1YfA,MOÇAMBIQUE,NAMPULA,NACALA-A-VELHA,FACILITY AT LEVEL 4: NACALA-A-VELHA
RMP4HMEBb3O,MOÇAMBIQUE,TETE,CAHORA BASSA,FACILITY AT LEVEL 4: CAHORA BASSA
RO2IZwONQ3F,MOÇAMBIQUE,MAPUTO CIDADE,KAMPFUMO,FACILITY AT LEVEL 4: KAMPFUMO
ROnaYHUPWuN,MOÇAMBIQUE,TETE,TSANGANO,FACILITY AT LEVEL 4: TSANGANO
RpFdWq29aWF,MOÇAMBIQUE,GAZA,LIMPOPO,FACILITY AT LEVEL 4: LIMPOPO
Rpg7Q7vBnQp,MOÇAMBIQUE,CABO DELGADO,NAMUNO,FACILITY AT LEVEL 4: NAMUNO
RpSDQufWzb0,MOÇAMBIQUE,MAPUTO PROVINCIA,NAMAACHA,FACILITY AT LEVEL 4: NAMAACHA
rPXTcXWEz5R,MOÇAMBIQUE,MANICA,SUSSUNDENGA,FACILITY AT LEVEL 4: SUSSUNDENGA
rPY6NAupIsw,MOÇAMBIQUE,MAPUTO CIDADE,KANYAKA,FACILITY AT LEVEL 4: KANYAKA
RQ9BadPSFjO,MOÇAMBIQUE,TETE,MUTARARA,FACILITY AT LEVEL 4: MUTARARA
rqleyhoLiVh,MOÇAMBIQUE,NAMPULA,MEMBA,FACILITY AT LEVEL 4: MEMBA
RqoMfI0nyMg,MOÇAMBIQUE,NAMPULA,RIBAUE,FACILITY AT LEVEL 4: RIBAUE
RqUi3MEBNOI,MOÇAMBIQUE,CABO DELGADO,MACOMIA,FACILITY AT LEVEL 4: MACOMIA
rQZWmDKmnxT,MOÇAMBIQUE,SOFALA,CAIA,FACILITY AT LEVEL 4: CAIA
rRlDT6E5nh2,MOÇAMBIQUE,TETE,MARARA,FACILITY AT LEVEL 4: MARARA
rRMXWDygZG5,MOÇAMBIQUE,MAPUTO CIDADE,KAMPFUMO,FACILITY AT LEVEL 4: KAMPFUMO
RRZwIiVSgWX,MOÇAMBIQUE,TETE,CHANGARA,FACILITY AT LEVEL 4: CHANGARA
rsri81cYxxL,MOÇAMBIQUE,SOFALA,CIDADE DA BEIRA,FACILITY AT LEVEL 4: CIDADE DA BEIRA
RtHbJmiKrsY,MOÇAMBIQUE,CABO DELGADO,CHIÚRE,FACILITY AT LEVEL 4: CHIÚRE
rU6V80VQVVr,MOÇAMBIQUE,MAPUTO CIDADE,NLHAMANKULU,FACILITY AT LEVEL 4: NLHAMANKULU
rUrRDrnX1uI,MOÇAMBIQUE,INHAMBANE,MASSINGA,FACILITY AT LEVEL 4: MASSINGA
rvKPbbSNRka,MOÇAMBIQUE,TETE,MOATIZE,FACILITY AT LEVEL 4: MOATIZE
rVl6IWpXb9B,MOÇAMBIQUE,INHAMBANE,MABOTE,FACILITY AT LEVEL 4: MABOTE
rWnN5AlEY5d,MOÇAMBIQUE,GAZA,GUIJÁ,FACILITY AT LEVEL 4: GUIJÁ
RWOLVirzBEg,MOÇAMBIQUE,MAPUTO CIDADE,KAMPFUMO,FACILITY AT LEVEL 4: KAMPFUMO
rx7wqyp25Nd,MOÇAMBIQUE,NIASSA,MANDIMBA,FACILITY AT LEVEL 4: MANDIMBA
RXCTSlz7lhD,MOÇAMBIQUE,NIASSA,SANGA,FACILITY AT LEVEL 4: SANGA
rXTAc3GLTIw,MOÇAMBIQUE,TETE,CIDADE DE TETE,FACILITY AT LEVEL 4: CIDADE DE TETE
rY1W8aPlcbc,MOÇAMBIQUE,NIASSA,MARRUPA,FACILITY AT LEVEL 4: MARRUPA
RyHDFZVUdXW,MOÇAMBIQUE,NAMPULA,MOGOVOLAS,FACILITY AT LEVEL 4: MOGOVOLAS
rynVcxOyd7c,MOÇAMBIQUE,NAMPULA,DISTRITO DE NAMPULA,FACILITY AT LEVEL 4: DISTRITO DE NAMPULA
RZGpK9CDCD1,MOÇAMBIQUE,ZAMBEZIA,MILANGE,FACILITY AT LEVEL 4: MILANGE
S14L7B0Cuxy,MOÇAMBIQUE,MAPUTO CIDADE,KAMUBUKWANA,FACILITY AT LEVEL 4: KAMUBUKWANA
S1Jmnz4hqaq,MOÇAMBIQUE,TETE,CHIFUNDE,FACILITY AT LEVEL 4: CHIFUNDE
S1jnUPWK20W,MOÇAMBIQUE,GAZA,MANDLAKAZI,FACILITY AT LEVEL 4: MANDLAKAZI
s1srOz8dCOf,MOÇAMBIQUE,GAZA,CHICUALACUALA,FACILITY AT LEVEL 4: CHICUALACUALA
S2PGWtyIOV5,MOÇAMBIQUE,NIASSA,LAGO,FACILITY AT LEVEL 4: LAGO
S51LohQlPeL,MOÇAMBIQUE,MAPUTO CIDADE,KAMPFUMO,FACILITY AT LEVEL 4: KAMPFUMO
s5PhHg4teu4,MOÇAMBIQUE,NAMPULA,LALAUA,FACILITY AT LEVEL 4: LALAUA
S5Y5avY6t4t,MOÇAMBIQUE,TETE,TSANGANO,FACILITY AT LEVEL 4: TSANGANO
S6VPKAh6zzI,MOÇAMBIQUE,ZAMBEZIA,GILÉ,FACILITY AT LEVEL 4: GILÉ
s74LEiLUn2T,MOÇAMBIQUE,NIASSA,DISTRITO DE LICHINGA,FACILITY AT LEVEL 4: DISTRITO DE LICHINGA
S7LTgy9CyDT,MOÇAMBIQUE,TETE,ANGÓNIA,FACILITY AT LEVEL 4: ANGÓNIA
s8DoxzG9QED,MOÇAMBIQUE,SOFALA,CIDADE DA BEIRA,FACILITY AT LEVEL 4: CIDADE DA BEIRA
s8e95DectKU,MOÇAMBIQUE,CABO DELGADO,ANCUABE,FACILITY AT LEVEL 4: ANCUABE
S8PQUvE8Fxe,MOÇAMBIQUE,INHAMBANE,ZAVALA,FACILITY AT LEVEL 4: ZAVALA
s9sY9nPCVp0,MOÇAMBIQUE,TETE,ANGÓNIA,FACILITY AT LEVEL 4: ANGÓNIA
SABBZ4g8mG7,MOÇAMBIQUE,GAZA,CHOKWÉ,FACILITY AT LEVEL 4: CHOKWÉ
saJVsbDDlej,MOÇAMBIQUE,SOFALA,NHAMATANDA,FACILITY AT LEVEL 4: NHAMATANDA
SaL078AUeqo,MOÇAMBIQUE,MAPUTO PROVINCIA,MATUTUÌNE,FACILITY AT LEVEL 4: MATUTUÌNE
SaxOJmuqQTW,MOÇAMBIQUE,NAMPULA,MECONTA,FACILITY AT LEVEL 4: MECONTA
SBaCkzdMafE,MOÇAMBIQUE,ZAMBEZIA,MILANGE,FACILITY AT LEVEL 4: MILANGE
sbH1sYBe2Ww,MOÇAMBIQUE,NAMPULA,DISTRITO DE NAMPULA,FACILITY AT LEVEL 4: DISTRITO DE NAMPULA
SBIpShbbxNy,MOÇAMBIQUE,SOFALA,GORONGOSA,FACILITY AT LEVEL 4: GORONGOSA
sBOj9znxjbV,MOÇAMBIQUE,MAPUTO CIDADE,KAMPFUMO,FACILITY AT LEVEL 4: KAMPFUMO
SBZrCG3IdkO,MOÇAMBIQUE,SOFALA,MARROMEU,FACILITY AT LEVEL 4: MARROMEU
SCpFekFesUM,MOÇAMBIQUE,NIASSA,MAÚA,FACILITY AT LEVEL 4: MAÚA
sCRQuhMYwg1,MOÇAMBIQUE,MAPUTO CIDADE,KAMPFUMO,FACILITY AT LEVEL 4: KAMPFUMO
sCTVmxLU0LP,MOÇAMBIQUE,NAMPULA,MONAPO,FACILITY AT LEVEL 4: MONAPO
sD5mtPJhdS4,MOÇAMBIQUE,NAMPULA,ANGOCHE,FACILITY AT LEVEL 4: ANGOCHE
sDPdgBjo7h6,MOÇAMBIQUE,NIASSA,MANDIMBA,FACILITY AT LEVEL 4: MANDIMBA
se5HTsofuIJ,MOÇAMBIQUE,SOFALA,MUANZA,FACILITY AT LEVEL 4: MUANZA
sEikgy6xVut,MOÇAMBIQUE,MAPUTO CIDADE,KAMPFUMO,FACILITY AT LEVEL 4: KAMPFUMO
sEoQCWYLNmJ,MOÇAMBIQUE,ZAMBEZIA,INHASSUNGE,FACILITY AT LEVEL 4: INHASSUNGE
SepZilVnaAW,MOÇAMBIQUE,MANICA,MACATE,FACILITY AT LEVEL 4: MACATE
SEwe6m3kJ0k,MOÇAMBIQUE,MAPUTO CIDADE,KAMUBUKWANA,FACILITY AT LEVEL 4: KAMUBUKWANA
SexWG9310UI,MOÇAMBIQUE,INHAMBANE,INHARRIME,FACILITY AT LEVEL 4: INHARRIME
SfIQDXa1y8M,MOÇAMBIQUE,GAZA,MANDLAKAZI,FACILITY AT LEVEL 4: MANDLAKAZI
sg6XWA0xcTP,MOÇAMBIQUE,MANICA,MOSSURIZE,FACILITY AT LEVEL 4: MOSSURIZE
sGrpr9ItUC4,MOÇAMBIQUE,GAZA,CHIBUTO,FACILITY AT LEVEL 4: CHIBUTO
sGXZC8zIp7y,MOÇAMBIQUE,ZAMBEZIA,MOCUBA,FACILITY AT LEVEL 4: MOCUBA
shacVM9Vj0e,MOÇAMBIQUE,MAPUTO PROVINCIA,MATUTUÌNE,FACILITY AT LEVEL 4: MATUTUÌNE
sHe3edeQ89h,MOÇAMBIQUE,TETE,TSANGANO,FACILITY AT LEVEL 4: TSANGANO
SHJeoPz3cXM,MOÇAMBIQUE,ZAMBEZIA,DERRE,FACILITY AT LEVEL 4: DERRE
sHR6hQa0m5r,MOÇAMBIQUE,MAPUTO PROVINCIA,BOANE,FACILITY AT LEVEL 4: BOANE
sIqVaPsNu90,MOÇAMBIQUE,CABO DELGADO,MUEDA,FACILITY AT LEVEL 4: MUEDA
siVFdAcTTK6,MOÇAMBIQUE,SOFALA,CAIA,FACILITY AT LEVEL 4: CAIA
SiZkiH1aed4,MOÇAMBIQUE,ZAMBEZIA,MOLUMBO,FACILITY AT LEVEL 4: MOLUMBO
sj2m3nRtI20,MOÇAMBIQUE,SOFALA,DONDO,FACILITY AT LEVEL 4: DONDO
SJaXSaxcGuX,MOÇAMBIQUE,SOFALA,MARROMEU,FACILITY AT LEVEL 4: MARROMEU
sJjLHqH0yC0,MOÇAMBIQUE,CABO DELGADO,PALMA,FACILITY AT LEVEL 4: PALMA
sjQGpqmPHMD,MOÇAMBIQUE,MAPUTO CIDADE,KAMPFUMO,FACILITY AT LEVEL 4: KAMPFUMO
SkaWmL79FN8,MOÇAMBIQUE,MAPUTO CIDADE,KAMUBUKWANA,FACILITY AT LEVEL 4: KAMUBUKWANA
sl6DdIOrNFo,MOÇAMBIQUE,NIASSA,NGAÚMA,FACILITY AT LEVEL 4: NGAÚMA
sm7nB6raArY,MOÇAMBIQUE,MANICA,CIDADE DE CHIMOIO,FACILITY AT LEVEL 4: CIDADE DE CHIMOIO
Smz9pOBpsJ9,MOÇAMBIQUE,MAPUTO CIDADE,KAMPFUMO,FACILITY AT LEVEL 4: KAMPFUMO
SNqIvbMXo35,MOÇAMBIQUE,GAZA,GUIJÁ,FACILITY AT LEVEL 4: GUIJÁ
sns0NVdAtfC,MOÇAMBIQUE,GAZA,CHOKWÉ,FACILITY AT LEVEL 4: CHOKWÉ
sojvZgmkmY5,MOÇAMBIQUE,MANICA,BÁRUE,FACILITY AT LEVEL 4: BÁRUE
Sol20pPTMcG,MOÇAMBIQUE,GAZA,MASSANGENA,FACILITY AT LEVEL 4: MASSANGENA
SomSfWXwyew,MOÇAMBIQUE,GAZA,BILENE,FACILITY AT LEVEL 4: BILENE
SOznykgHwxh,MOÇAMBIQUE,NIASSA,MECANHELAS,FACILITY AT LEVEL 4: MECANHELAS
SpDSDcuQSlO,MOÇAMBIQUE,SOFALA,DONDO,FACILITY AT LEVEL 4: DONDO
sPJWuxrBUqp,MOÇAMBIQUE,MAPUTO CIDADE,KAMPFUMO,FACILITY AT LEVEL 4: KAMPFUMO
sQmZrCcmjsG,MOÇAMBIQUE,TETE,MUTARARA,FACILITY AT LEVEL 4: MUTARARA
SrBCDuu8WpP,MOÇAMBIQUE,CABO DELGADO,NAMUNO,FACILITY AT LEVEL 4: NAMUNO
sRGNJw57oCR,MOÇAMBIQUE,NAMPULA,ANGOCHE,FACILITY AT LEVEL 4: ANGOCHE
SRpK06xbWgG,MOÇAMBIQUE,NAMPULA,MOGOVOLAS,FACILITY AT LEVEL 4: MOGOVOLAS
SrxLnAdLrLi,MOÇAMBIQUE,NIASSA,CUAMBA,FACILITY AT LEVEL 4: CUAMBA
ss9GuRMAfC3,MOÇAMBIQUE,ZAMBEZIA,ALTO MOLÓCUÈ,FACILITY AT LEVEL 4: ALTO MOLÓCUÈ
SsDqXBHH20l,MOÇAMBIQUE,ZAMBEZIA,GILÉ,FACILITY AT LEVEL 4: GILÉ
sSiI13zVoSp,MOÇAMBIQUE,CABO DELGADO,MECUFI,FACILITY AT LEVEL 4: MECUFI
st1dcpuHS5x,MOÇAMBIQUE,MAPUTO CIDADE,KAMPFUMO,FACILITY AT LEVEL 4: KAMPFUMO
St88fHoe2uo,MOÇAMBIQUE,SOFALA,DONDO,FACILITY AT LEVEL 4: DONDO
sUd64WpBP35,MOÇAMBIQUE,MAPUTO CIDADE,KAMAVOTA,FACILITY AT LEVEL 4: KAMAVOTA
sulppqcEFVp,MOÇAMBIQUE,MAPUTO CIDADE,KANYAKA,FACILITY AT LEVEL 4: KANYAKA
sUxkY3q6FYH,MOÇAMBIQUE,MAPUTO PROVINCIA,MANHIÇA,FACILITY AT LEVEL 4: MANHIÇA
SUyP2dof8cq,MOÇAMBIQUE,NAMPULA,NACALA-PORTO,FACILITY AT LEVEL 4: NACALA-PORTO
Sw97r5J0WaV,MOÇAMBIQUE,NAMPULA,DISTRITO DE NAMPULA,FACILITY AT LEVEL 4: DISTRITO DE NAMPULA
swjAvovA9pK,MOÇAMBIQUE,INHAMBANE,MABOTE,FACILITY AT LEVEL 4: MABOTE
SWrjRqxRPWv,MOÇAMBIQUE,MAPUTO CIDADE,KAMPFUMO,FACILITY AT LEVEL 4: KAMPFUMO
SWRjXfDKUrw,MOÇAMBIQUE,SOFALA,BÚZI,FACILITY AT LEVEL 4: BÚZI
swUdgfkWXHS,MOÇAMBIQUE,MAPUTO CIDADE,KAMUBUKWANA,FACILITY AT LEVEL 4: KAMUBUKWANA
sXBFkbzA1w0,MOÇAMBIQUE,MAPUTO CIDADE,KAMPFUMO,FACILITY AT LEVEL 4: KAMPFUMO
sXffTDJmvCD,MOÇAMBIQUE,MAPUTO CIDADE,KAMUBUKWANA,FACILITY AT LEVEL 4: KAMUBUKWANA
SXLwdG5nilH,MOÇAMBIQUE,ZAMBEZIA,GURUÉ,FACILITY AT LEVEL 4: GURUÉ
sXwJZick0Aa,MOÇAMBIQUE,CABO DELGADO,ANCUABE,FACILITY AT LEVEL 4: ANCUABE
SXXJ6qJmaWo,MOÇAMBIQUE,GAZA,CHOKWÉ,FACILITY AT LEVEL 4: CHOKWÉ
sYJiEOx76Cz,MOÇAMBIQUE,MAPUTO CIDADE,KAMPFUMO,FACILITY AT LEVEL 4: KAMPFUMO
SZtEeVQsrJR,MOÇAMBIQUE,GAZA,MASSINGIR,FACILITY AT LEVEL 4: MASSINGIR
t1cFqAEoXs5,MOÇAMBIQUE,ZAMBEZIA,LUGELA,FACILITY AT LEVEL 4: LUGELA
T1NVqw3MkAU,MOÇAMBIQUE,MAPUTO PROVINCIA,NAMAACHA,FACILITY AT LEVEL 4: NAMAACHA
t1ZEKy6NSHf,MOÇAMBIQUE,SOFALA,MACHANGA,FACILITY AT LEVEL 4: MACHANGA
t2Gckd1XQYn,MOÇAMBIQUE,SOFALA,CHEMBA,FACILITY AT LEVEL 4: CHEMBA
T31443bJTbh,MOÇAMBIQUE,ZAMBEZIA,ALTO MOLÓCUÈ,FACILITY AT LEVEL 4: ALTO MOLÓCUÈ
T3S22154j9C,MOÇAMBIQUE,NIASSA,MECANHELAS,FACILITY AT LEVEL 4: MECANHELAS
T42IfKdCIRa,MOÇAMBIQUE,SOFALA,DONDO,FACILITY AT LEVEL 4: DONDO
t4jyJOpwrDv,MOÇAMBIQUE,MAPUTO PROVINCIA,MARRACUENE,FACILITY AT LEVEL 4: MARRACUENE
T6BMPqY8MfY,MOÇAMBIQUE,MANICA,GONDOLA,FACILITY AT LEVEL 4: GONDOLA
T6DBrrGLLDi,MOÇAMBIQUE,MAPUTO PROVINCIA,MATOLA,FACILITY AT LEVEL 4: MATOLA
t6If8ujfShu,MOÇAMBIQUE,TETE,CHANGARA,FACILITY AT LEVEL 4: CHANGARA
t76dhGbLHrC,MOÇAMBIQUE,MANICA,MACOSSA,FACILITY AT LEVEL 4: MACOSSA
T7StswnKbsH,MOÇAMBIQUE,NIASSA,MANDIMBA,FACILITY AT LEVEL 4: MANDIMBA
t80gt0VPT52,MOÇAMBIQUE,NAMPULA,NACAROA,FACILITY AT LEVEL 4: NACAROA
t86VZ34N8FL,MOÇAMBIQUE,MAPUTO CIDADE,KAMPFUMO,FACILITY AT LEVEL 4: KAMPFUMO
t9hy1vzWyhh,MOÇAMBIQUE,SOFALA,MARROMEU,FACILITY AT LEVEL 4: MARROMEU
TAaOnwejKBJ,MOÇAMBIQUE,MAPUTO CIDADE,KAMAVOTA,FACILITY AT LEVEL 4: KAMAVOTA
tAP0vBMgrWO,MOÇAMBIQUE,GAZA,MASSANGENA,FACILITY AT LEVEL 4: MASSANGENA
taw2TQq5BNj,MOÇAMBIQUE,ZAMBEZIA,GILÉ,FACILITY AT LEVEL 4: GILÉ
tAxeDyMS3ba,MOÇAMBIQUE,INHAMBANE,HOMOINE,FACILITY AT LEVEL 4: HOMOINE
TbaQvffLqu6,MOÇAMBIQUE,SOFALA,CIDADE DA BEIRA,FACILITY AT LEVEL 4: CIDADE DA BEIRA
tBIB08hLjqN,MOÇAMBIQUE,MAPUTO CIDADE,KAMAXAKENE,FACILITY AT LEVEL 4: KAMAXAKENE
tbmvB89kzwX,MOÇAMBIQUE,SOFALA,DONDO,FACILITY AT LEVEL 4: DONDO
TBnxgdcXwfk,MOÇAMBIQUE,NAMPULA,MEMBA,FACILITY AT LEVEL 4: MEMBA
TBqm5OayabT,MOÇAMBIQUE,NAMPULA,DISTRITO DE NAMPULA,FACILITY AT LEVEL 4: DISTRITO DE NAMPULA
TbTjmONIs0C,MOÇAMBIQUE,MAPUTO CIDADE,KAMPFUMO,FACILITY AT LEVEL 4: KAMPFUMO
TbWk7huBJ8q,MOÇAMBIQUE,CABO DELGADO,MACOMIA,FACILITY AT LEVEL 4: MACOMIA
tCrS8lG7qDj,MOÇAMBIQUE,NIASSA,MANDIMBA,FACILITY AT LEVEL 4: MANDIMBA
td5PTi9kuLr,MOÇAMBIQUE,MAPUTO CIDADE,KAMPFUMO,FACILITY AT LEVEL 4: KAMPFUMO
td6UE8OJUtB,MOÇAMBIQUE,MAPUTO CIDADE,KAMPFUMO,FACILITY AT LEVEL 4: KAMPFUMO
tEBB7RrT7mF,MOÇAMBIQUE,CABO DELGADO,MUIDUMBE,FACILITY AT LEVEL 4: MUIDUMBE
tEjDepY3mYV,MOÇAMBIQUE,MAPUTO PROVINCIA,MATOLA,FACILITY AT LEVEL 4: MATOLA
TeObZWUdcMW,MOÇAMBIQUE,ZAMBEZIA,CHINDE,FACILITY AT LEVEL 4: CHINDE
tesGFmndLvn,MOÇAMBIQUE,CABO DELGADO,MOCÍMBOA DA PRAIA,FACILITY AT LEVEL 4: MOCÍMBOA DA PRAIA
teZapGPOZBK,MOÇAMBIQUE,SOFALA,BÚZI,FACILITY AT LEVEL 4: BÚZI
TffjgsTbeMr,MOÇAMBIQUE,INHAMBANE,CIDADE DE INHAMBANE,FACILITY AT LEVEL 4: CIDADE DE INHAMBANE
tFUQgRW9hVh,MOÇAMBIQUE,MAPUTO CIDADE,KAMPFUMO,FACILITY AT LEVEL 4: KAMPFUMO
TGE9cdT2Pea,MOÇAMBIQUE,SOFALA,CIDADE DA BEIRA,FACILITY AT LEVEL 4: CIDADE DA BEIRA
tGtIwAxzZdS,MOÇAMBIQUE,MAPUTO PROVINCIA,MARRACUENE,FACILITY AT LEVEL 4: MARRACUENE
tgXuH2BLLib,MOÇAMBIQUE,MAPUTO CIDADE,KAMUBUKWANA,FACILITY AT LEVEL 4: KAMUBUKWANA
TH7WIbLS9t8,MOÇAMBIQUE,SOFALA,MARÍNGUE,FACILITY AT LEVEL 4: MARÍNGUE
th9obNeoxrO,MOÇAMBIQUE,SOFALA,BÚZI,FACILITY AT LEVEL 4: BÚZI
THmsb1VeNQM,MOÇAMBIQUE,NAMPULA,DISTRITO DE NAMPULA,FACILITY AT LEVEL 4: DISTRITO DE NAMPULA
TIEj8XKBfQq,MOÇAMBIQUE,MAPUTO CIDADE,KAMPFUMO,FACILITY AT LEVEL 4: KAMPFUMO
tILtuFkCQZ5,MOÇAMBIQUE,CABO DELGADO,METUGE,FACILITY AT LEVEL 4: METUGE
tj0tZtXGemJ,MOÇAMBIQUE,MANICA,MANICA,FACILITY AT LEVEL 4: MANICA
Tj5MsWNinxA,MOÇAMBIQUE,MAPUTO PROVINCIA,MATOLA,FACILITY AT LEVEL 4: MATOLA
tk3fmkp8brQ,MOÇAMBIQUE,ZAMBEZIA,MOCUBA,FACILITY AT LEVEL 4: MOCUBA
tkCUdO5sJSL,MOÇAMBIQUE,NIASSA,MAJUNE,FACILITY AT LEVEL 4: MAJUNE
tkJKrz6KXtL,MOÇAMBIQUE,MANICA,SUSSUNDENGA,FACILITY AT LEVEL 4: SUSSUNDENGA
TLOceKPcQC4,MOÇAMBIQUE,NIASSA,SANGA,FACILITY AT LEVEL 4: SANGA
tmw6KZs9bV7,MOÇAMBIQUE,MAPUTO PROVINCIA,MANHIÇA,FACILITY AT LEVEL 4: MANHIÇA
TNrxqf0fHcQ,MOÇAMBIQUE,NIASSA,MECULA,FACILITY AT LEVEL 4: MECULA
TnTEvfnrkI2,MOÇAMBIQUE,SOFALA,CIDADE DA BEIRA,FACILITY AT LEVEL 4: CIDADE DA BEIRA
tnun6nBzCB5,MOÇAMBIQUE,MAPUTO CIDADE,KAMPFUMO,FACILITY AT LEVEL 4: KAMPFUMO
tO9AY7aCKM9,MOÇAMBIQUE,NIASSA,MAÚA,FACILITY AT LEVEL 4: MAÚA
tOgJcc19DJh,MOÇAMBIQUE,MAPUTO CIDADE,KAMPFUMO,FACILITY AT LEVEL 4: KAMPFUMO
TOzThmHegxh,MOÇAMBIQUE,GAZA,DISTRITO DE XAI-XAI (EXTINTO),FACILITY AT LEVEL 4: DISTRITO DE XAI-XAI (EXTINTO)
tPfx6PPlyiR,MOÇAMBIQUE,SOFALA,CHIBABAVA,FACILITY AT LEVEL 4: CHIBABAVA
Tpvs69WvLku,MOÇAMBIQUE,GAZA,DISTRITO DE XAI-XAI (EXTINTO),FACILITY AT LEVEL 4: DISTRITO DE XAI-XAI (EXTINTO)
TQ8oHK3IrIx,MOÇAMBIQUE,GAZA,BILENE,FACILITY AT LEVEL 4: BILENE
TqzlykzeQJB,MOÇAMBIQUE,MAPUTO PROVINCIA,MATUTUÌNE,FACILITY AT LEVEL 4: MATUTUÌNE
TR7PDF9oFU6,MOÇAMBIQUE,INHAMBANE,MABOTE,FACILITY AT LEVEL 4: MABOTE
tRAjY7UkjXJ,MOÇAMBIQUE,ZAMBEZIA,GURUÉ,FACILITY AT LEVEL 4: GURUÉ
tRCDpveXeIa,MOÇAMBIQUE,ZAMBEZIA,NAMACURRA,FACILITY AT LEVEL 4: NAMACURRA
tRcRDjswUY6,MOÇAMBIQUE,ZAMBEZIA,DERRE,FACILITY AT LEVEL 4: DERRE
Trhqtdarolf,MOÇAMBIQUE,ZAMBEZIA,CHINDE,FACILITY AT LEVEL 4: CHINDE
trLNrYPHENJ,MOÇAMBIQUE,GAZA,LIMPOPO,FACILITY AT LEVEL 4: LIMPOPO
Trm4MVfCvkX,MOÇAMBIQUE,NIASSA,SANGA,FACILITY AT LEVEL 4: SANGA
trRRbv20JCp,MOÇAMBIQUE,NIASSA,NGAÚMA,FACILITY AT LEVEL 4: NGAÚMA
trskKoneoku,MOÇAMBIQUE,TETE,CHIFUNDE,FACILITY AT LEVEL 4: CHIFUNDE
TSeFCFP9zAr,MOÇAMBIQUE,MANICA,MACOSSA,FACILITY AT LEVEL 4: MACOSSA
tSOpKeMZmuR,MOÇAMBIQUE,CABO DELGADO,CHIÚRE,FACILITY AT LEVEL 4: CHIÚRE
tSqEamPaliA,MOÇAMBIQUE,NIASSA,MAÚA,FACILITY AT LEVEL 4: MAÚA
tsVToXeQi6c,MOÇAMBIQUE,ZAMBEZIA,CIDADE DE QUELIMANE,FACILITY AT LEVEL 4: CIDADE DE QUELIMANE
TTXY00DjcGH,MOÇAMBIQUE,CABO DELGADO,MUEDA,FACILITY AT LEVEL 4: MUEDA
TuL0ThSByoH,MOÇAMBIQUE,TETE,CHIFUNDE,FACILITY AT LEVEL 4: CHIFUNDE
tUpZoCsPMto,MOÇAMBIQUE,NIASSA,MECANHELAS,FACILITY AT LEVEL 4: MECANHELAS
Tv19ycCaJaj,MOÇAMBIQUE,MANICA,GURO,FACILITY AT LEVEL 4: GURO
Tv1sAFQUAUA,MOÇAMBIQUE,INHAMBANE,MAXIXE,FACILITY AT LEVEL 4: MAXIXE
tVHgvzevUqu,MOÇAMBIQUE,ZAMBEZIA,ALTO MOLÓCUÈ,FACILITY AT LEVEL 4: ALTO MOLÓCUÈ
tW4ETldA9Wa,MOÇAMBIQUE,MAPUTO CIDADE,KAMPFUMO,FACILITY AT LEVEL 4: KAMPFUMO
tweljZRzTWW,MOÇAMBIQUE,MAPUTO CIDADE,KAMPFUMO,FACILITY AT LEVEL 4: KAMPFUMO
TWJRhb5TLaL,MOÇAMBIQUE,INHAMBANE,INHASSORO,FACILITY AT LEVEL 4: INHASSORO
twUzRXSPIjd,MOÇAMBIQUE,MAPUTO CIDADE,KAMAVOTA,FACILITY AT LEVEL 4: KAMAVOTA
tx4APelfprI,MOÇAMBIQUE,NAMPULA,LALAUA,FACILITY AT LEVEL 4: LALAUA
tY81NhcOviQ,MOÇAMBIQUE,ZAMBEZIA,ILE,FACILITY AT LEVEL 4: ILE
TYegkq6cWPp,MOÇAMBIQUE,MAPUTO CIDADE,KAMPFUMO,FACILITY AT LEVEL 4: KAMPFUMO
TYlbWhCzvam,MOÇAMBIQUE,NIASSA,MECANHELAS,FACILITY AT LEVEL 4: MECANHELAS
tYTfPaGvupg,MOÇAMBIQUE,ZAMBEZIA,CIDADE DE QUELIMANE,FACILITY AT LEVEL 4: CIDADE DE QUELIMANE
tyZutSvo0YQ,MOÇAMBIQUE,MAPUTO PROVINCIA,MOAMBA,FACILITY AT LEVEL 4: MOAMBA
tZWbNE7kc68,MOÇAMBIQUE,CABO DELGADO,PALMA,FACILITY AT LEVEL 4: PALMA
u0rDOAZhDEY,MOÇAMBIQUE,SOFALA,DONDO,FACILITY AT LEVEL 4: DONDO
U1dDXDbV7en,MOÇAMBIQUE,ZAMBEZIA,PEBANE,FACILITY AT LEVEL 4: PEBANE
u1v6SRcme3M,MOÇAMBIQUE,NIASSA,MANDIMBA,FACILITY AT LEVEL 4: MANDIMBA
u2ccHHQt6JZ,MOÇAMBIQUE,MAPUTO PROVINCIA,MAGUDE,FACILITY AT LEVEL 4: MAGUDE
u2D8xkAitKp,MOÇAMBIQUE,MAPUTO CIDADE,KAMAVOTA,FACILITY AT LEVEL 4: KAMAVOTA
u442lcakkZ6,MOÇAMBIQUE,INHAMBANE,CIDADE DE INHAMBANE,FACILITY AT LEVEL 4: CIDADE DE INHAMBANE
U5sPUZAW26w,MOÇAMBIQUE,MAPUTO CIDADE,KAMPFUMO,FACILITY AT LEVEL 4: KAMPFUMO
U5UHektHHZB,MOÇAMBIQUE,GAZA,CHONGOENE,FACILITY AT LEVEL 4: CHONGOENE
u76Cu4oN14L,MOÇAMBIQUE,NAMPULA,MECUBURI,FACILITY AT LEVEL 4: MECUBURI
u7Y7rqlYB3g,MOÇAMBIQUE,CABO DELGADO,CIDADE DE PEMBA,FACILITY AT LEVEL 4: CIDADE DE PEMBA
U80ZYyYQE0H,MOÇAMBIQUE,NIASSA,MAJUNE,FACILITY AT LEVEL 4: MAJUNE
u84VLLpwoci,MOÇAMBIQUE,MAPUTO PROVINCIA,MOAMBA,FACILITY AT LEVEL 4: MOAMBA
U8Gw9MBrfWk,MOÇAMBIQUE,GAZA,BILENE,FACILITY AT LEVEL 4: BILENE
u8tiWwutcZ6,MOÇAMBIQUE,ZAMBEZIA,MULEVALA,FACILITY AT LEVEL 4: MULEVALA
U9HKEd6chRj,MOÇAMBIQUE,MANICA,VANDUZI,FACILITY AT LEVEL 4: VANDUZI
u9HLeTpmdDb,MOÇAMBIQUE,ZAMBEZIA,PEBANE,FACILITY AT LEVEL 4: PEBANE
U9pGmBrP8hc,MOÇAMBIQUE,NAMPULA,MOMA,FACILITY AT LEVEL 4: MOMA
u9qE7OCFSum,MOÇAMBIQUE,SOFALA,MUANZA,FACILITY AT LEVEL 4: MUANZA
uaYbD2nvsxA,MOÇAMBIQUE,SOFALA,GORONGOSA,FACILITY AT LEVEL 4: GORONGOSA
ubB1XRzhd3J,MOÇAMBIQUE,MANICA,MOSSURIZE,FACILITY AT LEVEL 4: MOSSURIZE
ubSBfCn7ud0,MOÇAMBIQUE,NIASSA,DISTRITO DE LICHINGA,FACILITY AT LEVEL 4: DISTRITO DE LICHINGA
ubSLl1Vfz8R,MOÇAMBIQUE,MAPUTO CIDADE,KAMAVOTA,FACILITY AT LEVEL 4: KAMAVOTA
uc2T5DwGPxO,MOÇAMBIQUE,MANICA,MACHAZE,FACILITY AT LEVEL 4: MACHAZE
uCKWnMNhvUW,MOÇAMBIQUE,MANICA,VANDUZI,FACILITY AT LEVEL 4: VANDUZI
udfnetNejPp,MOÇAMBIQUE,GAZA,DISTRITO DE XAI-XAI (EXTINTO),FACILITY AT LEVEL 4: DISTRITO DE XAI-XAI (EXTINTO)
UDhYkkI8gVd,MOÇAMBIQUE,MAPUTO CIDADE,KAMPFUMO,FACILITY AT LEVEL 4: KAMPFUMO
UDtHUvZKLdE,MOÇAMBIQUE,TETE,ANGÓNIA,FACILITY AT LEVEL 4: ANGÓNIA
uDVr6xP9GH2,MOÇAMBIQUE,MANICA,SUSSUNDENGA,FACILITY AT LEVEL 4: SUSSUNDENGA
UeaWf4WzgDV,MOÇAMBIQUE,NIASSA,MUEMBE,FACILITY AT LEVEL 4: MUEMBE
UeG1DeKVCOJ,MOÇAMBIQUE,NAMPULA,ERATI,FACILITY AT LEVEL 4: ERATI
UESrNzHZxoI,MOÇAMBIQUE,MANICA,MACATE,FACILITY AT LEVEL 4: MACATE
UEtisYiAQoI,MOÇAMBIQUE,TETE,CHIFUNDE,FACILITY AT LEVEL 4: CHIFUNDE
uFb2sxQdpdw,MOÇAMBIQUE,MAPUTO CIDADE,KAMPFUMO,FACILITY AT LEVEL 4: KAMPFUMO
Uff9IWTXLUe,MOÇAMBIQUE,NAMPULA,MECONTA,FACILITY AT LEVEL 4: MECONTA
UFWwgB2V6U5,MOÇAMBIQUE,ZAMBEZIA,MOCUBA,FACILITY AT LEVEL 4: MOCUBA
ug0XAOK5Etf,MOÇAMBIQUE,ZAMBEZIA,NICOADALA,FACILITY AT LEVEL 4: NICOADALA
UG7j7qONvI3,MOÇAMBIQUE,SOFALA,NHAMATANDA,FACILITY AT LEVEL 4: NHAMATANDA
ugLH6Yl6biH,MOÇAMBIQUE,MANICA,MANICA,FACILITY AT LEVEL 4: MANICA
UgV84lYfwW2,MOÇAMBIQUE,NIASSA,MECULA,FACILITY AT LEVEL 4: MECULA
Uh3jRSZ9gPR,MOÇAMBIQUE,MAPUTO PROVINCIA,NAMAACHA,FACILITY AT LEVEL 4: NAMAACHA
uH7Cmw8kYJb,MOÇAMBIQUE,NAMPULA,RAPALE,FACILITY AT LEVEL 4: RAPALE
uhbknO6KTt5,MOÇAMBIQUE,MANICA,GURO,FACILITY AT LEVEL 4: GURO
UhEV5taTewW,MOÇAMBIQUE,GAZA,MABALANE,FACILITY AT LEVEL 4: MABALANE
uHG7NvibUqz,MOÇAMBIQUE,MAPUTO CIDADE,KAMPFUMO,FACILITY AT LEVEL 4: KAMPFUMO
uhGwskPWMpI,MOÇAMBIQUE,MAPUTO CIDADE,KAMPFUMO,FACILITY AT LEVEL 4: KAMPFUMO
UhQSztdaAhf,MOÇAMBIQUE,CABO DELGADO,ANCUABE,FACILITY AT LEVEL 4: ANCUABE
uIeXRsqK5OK,MOÇAMBIQUE,MAPUTO PROVINCIA,MAGUDE,FACILITY AT LEVEL 4: MAGUDE
UifxA45PQ7t,MOÇAMBIQUE,GAZA,MASSINGIR,FACILITY AT LEVEL 4: MASSINGIR
uiS7iJ0qJT2,MOÇAMBIQUE,GAZA,MANDLAKAZI,FACILITY AT LEVEL 4: MANDLAKAZI
UiwvBqlWZhI,MOÇAMBIQUE,INHAMBANE,MAXIXE,FACILITY AT LEVEL 4: MAXIXE
uIZgNfzXS6X,MOÇAMBIQUE,NIASSA,MECANHELAS,FACILITY AT LEVEL 4: MECANHELAS
UjPX1PDONMA,MOÇAMBIQUE,NIASSA,SANGA,FACILITY AT LEVEL 4: SANGA
uKcl2mahBFW,MOÇAMBIQUE,SOFALA,CIDADE DA BEIRA,FACILITY AT LEVEL 4: CIDADE DA BEIRA
ukIUfqmfti6,MOÇAMBIQUE,CABO DELGADO,CHIÚRE,FACILITY AT LEVEL 4: CHIÚRE
UL2eLevXgnu,MOÇAMBIQUE,GAZA,CHONGOENE,FACILITY AT LEVEL 4: CHONGOENE
UljEO1vH0qQ,MOÇAMBIQUE,ZAMBEZIA,MORRUMBALA,FACILITY AT LEVEL 4: MORRUMBALA
UMGdOeWeuLp,MOÇAMBIQUE,MAPUTO CIDADE,KAMPFUMO,FACILITY AT LEVEL 4: KAMPFUMO
UMosG8P8pN2,MOÇAMBIQUE,INHAMBANE,MAXIXE,FACILITY AT LEVEL 4: MAXIXE
uMwQlOsGUuR,MOÇAMBIQUE,ZAMBEZIA,ALTO MOLÓCUÈ,FACILITY AT LEVEL 4: ALTO MOLÓCUÈ
un3o7AQxiKA,MOÇAMBIQUE,NAMPULA,MALEMA,FACILITY AT LEVEL 4: MALEMA
Un5HZnXQVRh,MOÇAMBIQUE,MAPUTO PROVINCIA,MATOLA,FACILITY AT LEVEL 4: MATOLA
UN9qSbhnXhW,MOÇAMBIQUE,MAPUTO CIDADE,KAMAVOTA,FACILITY AT LEVEL 4: KAMAVOTA
UNNKq5rh2RG,MOÇAMBIQUE,ZAMBEZIA,ALTO MOLÓCUÈ,FACILITY AT LEVEL 4: ALTO MOLÓCUÈ
uOYLYiwb57N,MOÇAMBIQUE,CABO DELGADO,METUGE,FACILITY AT LEVEL 4: METUGE
UpaLLAiQ1vy,MOÇAMBIQUE,TETE,CIDADE DE TETE,FACILITY AT LEVEL 4: CIDADE DE TETE
upS4ayDSYcx,MOÇAMBIQUE,MANICA,GONDOLA,FACILITY AT LEVEL 4: GONDOLA
upyCKTiuxUu,MOÇAMBIQUE,MAPUTO CIDADE,KAMPFUMO,FACILITY AT LEVEL 4: KAMPFUMO
uQGGCy6RwXl,MOÇAMBIQUE,SOFALA,MUANZA,FACILITY AT LEVEL 4: MUANZA
uQhj9dZCsTT,MOÇAMBIQUE,NAMPULA,RAPALE,FACILITY AT LEVEL 4: RAPALE
urxAgpFh4i6,MOÇAMBIQUE,MAPUTO PROVINCIA,MATOLA,FACILITY AT LEVEL 4: MATOLA
UslP0XpuyEY,MOÇAMBIQUE,NIASSA,MAJUNE,FACILITY AT LEVEL 4: MAJUNE
uSnqvCopD9k,MOÇAMBIQUE,MAPUTO CIDADE,KAMPFUMO,FACILITY AT LEVEL 4: KAMPFUMO
usVYuxmnset,MOÇAMBIQUE,GAZA,DISTRITO DE XAI-XAI (EXTINTO),FACILITY AT LEVEL 4: DISTRITO DE XAI-XAI (EXTINTO)
UsyyRCH0vBE,MOÇAMBIQUE,MAPUTO CIDADE,KAMPFUMO,FACILITY AT LEVEL 4: KAMPFUMO
uTaIppByr7U,MOÇAMBIQUE,ZAMBEZIA,CIDADE DE QUELIMANE,FACILITY AT LEVEL 4: CIDADE DE QUELIMANE
UTsfsU6WkO4,MOÇAMBIQUE,ZAMBEZIA,PEBANE,FACILITY AT LEVEL 4: PEBANE
Uuc9nnTh0Na,MOÇAMBIQUE,NIASSA,MARRUPA,FACILITY AT LEVEL 4: MARRUPA
UuHUOtq1Znv,MOÇAMBIQUE,NIASSA,CUAMBA,FACILITY AT LEVEL 4: CUAMBA
UVhIPdyViqg,MOÇAMBIQUE,GAZA,CIDADE DE XAI-XAI,FACILITY AT LEVEL 4: CIDADE DE XAI-XAI
UVLvFtcRfog,MOÇAMBIQUE,NIASSA,MANDIMBA,FACILITY AT LEVEL 4: MANDIMBA
UvYcE4ajEfB,MOÇAMBIQUE,GAZA,CHIBUTO,FACILITY AT LEVEL 4: CHIBUTO
uW7Poc6MLW4,MOÇAMBIQUE,MAPUTO CIDADE,NLHAMANKULU,FACILITY AT LEVEL 4: NLHAMANKULU
uW9HAcrCMxr,MOÇAMBIQUE,MAPUTO CIDADE,KAMPFUMO,FACILITY AT LEVEL 4: KAMPFUMO
UX8kGtdumGm,MOÇAMBIQUE,NIASSA,MAÚA,FACILITY AT LEVEL 4: MAÚA
UXMVZJppaAX,MOÇAMBIQUE,NAMPULA,RAPALE,FACILITY AT LEVEL 4: RAPALE
uXyLsXLpxGW,MOÇAMBIQUE,NAMPULA,MECONTA,FACILITY AT LEVEL 4: MECONTA
UY600tgACBi,MOÇAMBIQUE,NAMPULA,DISTRITO DE NAMPULA,FACILITY AT LEVEL 4: DISTRITO DE NAMPULA
uYXJhSXygEZ,MOÇAMBIQUE,MAPUTO CIDADE,KAMAXAKENE,FACILITY AT LEVEL 4: KAMAXAKENE
UyZVOlxB48b,MOÇAMBIQUE,CABO DELGADO,PALMA,FACILITY AT LEVEL 4: PALMA
uYZYmxptezr,MOÇAMBIQUE,MAPUTO CIDADE,KAMUBUKWANA,FACILITY AT LEVEL 4: KAMUBUKWANA
uZWKBPCtwvd,MOÇAMBIQUE,MAPUTO CIDADE,KAMPFUMO,FACILITY AT LEVEL 4: KAMPFUMO
V0yayBFDIrF,MOÇAMBIQUE,CABO DELGADO,QUISSANGA,FACILITY AT LEVEL 4: QUISSANGA
v1phoBY39vY,MOÇAMBIQUE,SOFALA,CIDADE DA BEIRA,FACILITY AT LEVEL 4: CIDADE DA BEIRA
v2frjywxH8D,MOÇAMBIQUE,MAPUTO PROVINCIA,MATUTUÌNE,FACILITY AT LEVEL 4: MATUTUÌNE
V3mSoJUfPEl,MOÇAMBIQUE,NAMPULA,MURRUPULA,FACILITY AT LEVEL 4: MURRUPULA
V49I1WSVMzf,MOÇAMBIQUE,GAZA,CHOKWÉ,FACILITY AT LEVEL 4: CHOKWÉ
V4ZAQSaj3CJ,MOÇAMBIQUE,ZAMBEZIA,MORRUMBALA,FACILITY AT LEVEL 4: MORRUMBALA
v54wxtNKat0,MOÇAMBIQUE,NAMPULA,ERATI,FACILITY AT LEVEL 4: ERATI
V5W4eJi1ILK,MOÇAMBIQUE,NIASSA,DISTRITO DE LICHINGA,FACILITY AT LEVEL 4: DISTRITO DE LICHINGA
V5xNtQ4shYX,MOÇAMBIQUE,MAPUTO CIDADE,KAMAVOTA,FACILITY AT LEVEL 4: KAMAVOTA
V6RBgunLJA0,MOÇAMBIQUE,ZAMBEZIA,NAMACURRA,FACILITY AT LEVEL 4: NAMACURRA
v7yWEibceYk,MOÇAMBIQUE,INHAMBANE,MORRUMBENE,FACILITY AT LEVEL 4: MORRUMBENE
V8xg1aX5YlK,MOÇAMBIQUE,MAPUTO PROVINCIA,NAMAACHA,FACILITY AT LEVEL 4: NAMAACHA
V8yYXPnl8mn,MOÇAMBIQUE,TETE,MACANGA,FACILITY AT LEVEL 4: MACANGA
v9FA76DrGfI,MOÇAMBIQUE,CABO DELGADO,MUEDA,FACILITY AT LEVEL 4: MUEDA
VA0QVOpShOn,MOÇAMBIQUE,INHAMBANE,HOMOINE,FACILITY AT LEVEL 4: HOMOINE
vaoUGLq1gQg,MOÇAMBIQUE,TETE,TSANGANO,FACILITY AT LEVEL 4: TSANGANO
vb83ymdhgq2,MOÇAMBIQUE,ZAMBEZIA,GURUÉ,FACILITY AT LEVEL 4: GURUÉ
vbdagRWGTtc,MOÇAMBIQUE,NAMPULA,MOGOVOLAS,FACILITY AT LEVEL 4: MOGOVOLAS
VBFWd0qiux7,MOÇAMBIQUE,NAMPULA,DISTRITO DE NAMPULA,FACILITY AT LEVEL 4: DISTRITO DE NAMPULA
VbgYHCjv1vx,MOÇAMBIQUE,ZAMBEZIA,MAGANJA DA COSTA,FACILITY AT LEVEL 4: MAGANJA DA COSTA
vbRWssVdcoN,MOÇAMBIQUE,MAPUTO CIDADE,KATEMBE,FACILITY AT LEVEL 4: KATEMBE
Vc7f0QFivCx,MOÇAMBIQUE,GAZA,MASSINGIR,FACILITY AT LEVEL 4: MASSINGIR
vcTE6ZWY2My,MOÇAMBIQUE,TETE,ANGÓNIA,FACILITY AT LEVEL 4: ANGÓNIA
VcZD7lPIOXF,MOÇAMBIQUE,ZAMBEZIA,MORRUMBALA,FACILITY AT LEVEL 4: MORRUMBALA
Vdog3fvSDkR,MOÇAMBIQUE,ZAMBEZIA,MOCUBA,FACILITY AT LEVEL 4: MOCUBA
vdQkjRUo5Fv,MOÇAMBIQUE,ZAMBEZIA,LUGELA,FACILITY AT LEVEL 4: LUGELA
vDUUH6MaHN9,MOÇAMBIQUE,MAPUTO CIDADE,KAMPFUMO,FACILITY AT LEVEL 4: KAMPFUMO
VdvgV2AcdJm,MOÇAMBIQUE,CABO DELGADO,NAMUNO,FACILITY AT LEVEL 4: NAMUNO
Ve066Oi87qb,MOÇAMBIQUE,SOFALA,MUANZA,FACILITY AT LEVEL 4: MUANZA
ve8vvXvOrqT,MOÇAMBIQUE,NAMPULA,LARDE,FACILITY AT LEVEL 4: LARDE
VeKr2ArZQNA,MOÇAMBIQUE,MAPUTO CIDADE,KAMUBUKWANA,FACILITY AT LEVEL 4: KAMUBUKWANA
VewAeliiyzH,MOÇAMBIQUE,SOFALA,CHIBABAVA,FACILITY AT LEVEL 4: CHIBABAVA
vFqN6iP3dPS,MOÇAMBIQUE,NIASSA,MAÚA,FACILITY AT LEVEL 4: MAÚA
vFVObKfxe82,MOÇAMBIQUE,INHAMBANE,VILANKULOS,FACILITY AT LEVEL 4: VILANKULOS
VgAv1Kp9oag,MOÇAMBIQUE,MAPUTO CIDADE,KAMAXAKENE,FACILITY AT LEVEL 4: KAMAXAKENE
VGcNfPfnOQA,MOÇAMBIQUE,MAPUTO CIDADE,KAMPFUMO,FACILITY AT LEVEL 4: KAMPFUMO
vgiquow2PBe,MOÇAMBIQUE,MANICA,MANICA,FACILITY AT LEVEL 4: MANICA
VgQifOvbTCW,MOÇAMBIQUE,GAZA,MABALANE,FACILITY AT LEVEL 4: MABALANE
VgtO6XwEMIS,MOÇAMBIQUE,INHAMBANE,INHASSORO,FACILITY AT LEVEL 4: INHASSORO
vH7k60413Bv,MOÇAMBIQUE,SOFALA,NHAMATANDA,FACILITY AT LEVEL 4: NHAMATANDA
vHAm83715BW,MOÇAMBIQUE,NIASSA,LAGO,FACILITY AT LEVEL 4: LAGO
Vhg4OYrLgAZ,MOÇAMBIQUE,SOFALA,CAIA,FACILITY AT LEVEL 4: CAIA
VhZHSfryUrh,MOÇAMBIQUE,INHAMBANE,PANDA,FACILITY AT LEVEL 4: PANDA
viO44SbQuSK,MOÇAMBIQUE,NIASSA,MAJUNE,FACILITY AT LEVEL 4: MAJUNE
vj1RZVNkHZ6,MOÇAMBIQUE,MANICA,TAMBARA,FACILITY AT LEVEL 4: TAMBARA
VjpiUDWADWj,MOÇAMBIQUE,INHAMBANE,HOMOINE,FACILITY AT LEVEL 4: HOMOINE
vjsJ5EjtsJG,MOÇAMBIQUE,CABO DELGADO,MACOMIA,FACILITY AT LEVEL 4: MACOMIA
Vk3omNX0SBp,MOÇAMBIQUE,CABO DELGADO,CIDADE DE PEMBA,FACILITY AT LEVEL 4: CIDADE DE PEMBA
VKwoZ3xeVEe,MOÇAMBIQUE,MANICA,MACHAZE,FACILITY AT LEVEL 4: MACHAZE
Vkx0yuCwpjE,MOÇAMBIQUE,NIASSA,MAVAGO,FACILITY AT LEVEL 4: MAVAGO
vLIM0qgg2sn,MOÇAMBIQUE,ZAMBEZIA,ILE,FACILITY AT LEVEL 4: ILE
vLsGJRcyLML,MOÇAMBIQUE,MAPUTO CIDADE,KAMPFUMO,FACILITY AT LEVEL 4: KAMPFUMO
VltEVwr0cXo,MOÇAMBIQUE,TETE,MUTARARA,FACILITY AT LEVEL 4: MUTARARA
vLw9SRYreeF,MOÇAMBIQUE,NAMPULA,ANGOCHE,FACILITY AT LEVEL 4: ANGOCHE
vm2APaSA0Vx,MOÇAMBIQUE,MANICA,MANICA,FACILITY AT LEVEL 4: MANICA
vMbP1BoK9f8,MOÇAMBIQUE,GAZA,DISTRITO DE XAI-XAI (EXTINTO),FACILITY AT LEVEL 4: DISTRITO DE XAI-XAI (EXTINTO)
VN93iwE183q,MOÇAMBIQUE,CABO DELGADO,CIDADE DE PEMBA,FACILITY AT LEVEL 4: CIDADE DE PEMBA
vNPX0WKa05v,MOÇAMBIQUE,ZAMBEZIA,CIDADE DE QUELIMANE,FACILITY AT LEVEL 4: CIDADE DE QUELIMANE
VOcNt9gQ8Is,MOÇAMBIQUE,GAZA,MASSINGIR,FACILITY AT LEVEL 4: MASSINGIR
vOI0Vw927zo,MOÇAMBIQUE,CABO DELGADO,PALMA,FACILITY AT LEVEL 4: PALMA
VoM0E35olys,MOÇAMBIQUE,TETE,TSANGANO,FACILITY AT LEVEL 4: TSANGANO
VOYNmUC0drJ,MOÇAMBIQUE,INHAMBANE,FUNHALOURO,FACILITY AT LEVEL 4: FUNHALOURO
VpAriSQzu56,MOÇAMBIQUE,ZAMBEZIA,MOPEIA,FACILITY AT LEVEL 4: MOPEIA
vPmD3ll496f,MOÇAMBIQUE,MAPUTO CIDADE,KAMPFUMO,FACILITY AT LEVEL 4: KAMPFUMO
vqkpf84xYHX,MOÇAMBIQUE,TETE,CAHORA BASSA,FACILITY AT LEVEL 4: CAHORA BASSA
vQVdjjYhBfg,MOÇAMBIQUE,MAPUTO CIDADE,KAMPFUMO,FACILITY AT LEVEL 4: KAMPFUMO
vrgtQ4mpifC,MOÇAMBIQUE,MAPUTO CIDADE,KAMAVOTA,FACILITY AT LEVEL 4: KAMAVOTA
vRss3hbnBBu,MOÇAMBIQUE,MAPUTO PROVINCIA,MANHIÇA,FACILITY AT LEVEL 4: MANHIÇA
vRXG7uouk7L,MOÇAMBIQUE,NIASSA,CHIMBONILA,FACILITY AT LEVEL 4: CHIMBONILA
vSCK1YlkP49,MOÇAMBIQUE,CABO DELGADO,NAMUNO,FACILITY AT LEVEL 4: NAMUNO
VsKWUjCJNfg,MOÇAMBIQUE,SOFALA,GORONGOSA,FACILITY AT LEVEL 4: GORONGOSA
vtCaA9AZ4oq,MOÇAMBIQUE,MAPUTO CIDADE,KAMPFUMO,FACILITY AT LEVEL 4: KAMPFUMO
VTe1wp4qbcb,MOÇAMBIQUE,TETE,CIDADE DE TETE,FACILITY AT LEVEL 4: CIDADE DE TETE
vtJ2pErHWNj,MOÇAMBIQUE,SOFALA,CHERINGOMA,FACILITY AT LEVEL 4: CHERINGOMA
vtJ9VodPfjt,MOÇAMBIQUE,ZAMBEZIA,MAGANJA DA COSTA,FACILITY AT LEVEL 4: MAGANJA DA COSTA
Vu8iiIoH7ow,MOÇAMBIQUE,NIASSA,MAJUNE,FACILITY AT LEVEL 4: MAJUNE
vUhdasQkcxW,MOÇAMBIQUE,SOFALA,CHEMBA,FACILITY AT LEVEL 4: CHEMBA
vUIhWrlO9hZ,MOÇAMBIQUE,ZAMBEZIA,MAGANJA DA COSTA,FACILITY AT LEVEL 4: MAGANJA DA COSTA
VvOEhJgCgD8,MOÇAMBIQUE,INHAMBANE,CIDADE DE INHAMBANE,FACILITY AT LEVEL 4: CIDADE DE INHAMBANE
VwIRbrt30Bl,MOÇAMBIQUE,ZAMBEZIA,NAMARROI,FACILITY AT LEVEL 4: NAMARROI
VWu9dfHWErg,MOÇAMBIQUE,NAMPULA,ERATI,FACILITY AT LEVEL 4: ERATI
VxKuZaFmCKy,MOÇAMBIQUE,NIASSA,METARICA,FACILITY AT LEVEL 4: METARICA
vxn48aw3MHU,MOÇAMBIQUE,NIASSA,MARRUPA,FACILITY AT LEVEL 4: MARRUPA
VXyGfzCmovw,MOÇAMBIQUE,MAPUTO CIDADE,KAMPFUMO,FACILITY AT LEVEL 4: KAMPFUMO
vZAHSGmsjB9,MOÇAMBIQUE,MAPUTO CIDADE,KAMPFUMO,FACILITY AT LEVEL 4: KAMPFUMO
VzauWYmyAP5,MOÇAMBIQUE,MAPUTO CIDADE,KAMPFUMO,FACILITY AT LEVEL 4: KAMPFUMO
vZBUyCRvQwb,MOÇAMBIQUE,GAZA,LIMPOPO,FACILITY AT LEVEL 4: LIMPOPO
vZC6AzNpsZA,MOÇAMBIQUE,MANICA,MANICA,FACILITY AT LEVEL 4: MANICA
VZkbGO2jfUK,MOÇAMBIQUE,SOFALA,BÚZI,FACILITY AT LEVEL 4: BÚZI
W0A4ZV6jwU4,MOÇAMBIQUE,NAMPULA,DISTRITO DE NAMPULA,FACILITY AT LEVEL 4: DISTRITO DE NAMPULA
W0BwtaN8n2D,MOÇAMBIQUE,GAZA,MANDLAKAZI,FACILITY AT LEVEL 4: MANDLAKAZI
w1VcRHaED5p,MOÇAMBIQUE,ZAMBEZIA,MULEVALA,FACILITY AT LEVEL 4: MULEVALA
w1WQ6AirZfw,MOÇAMBIQUE,CABO DELGADO,MECUFI,FACILITY AT LEVEL 4: MECUFI
w23Eqf0yZZ1,MOÇAMBIQUE,CABO DELGADO,CIDADE DE PEMBA,FACILITY AT LEVEL 4: CIDADE DE PEMBA
W354lOmuuKF,MOÇAMBIQUE,MAPUTO CIDADE,NLHAMANKULU,FACILITY AT LEVEL 4: NLHAMANKULU
w3DY3T0EvwW,MOÇAMBIQUE,ZAMBEZIA,MOCUBA,FACILITY AT LEVEL 4: MOCUBA
w5kNfznTu7m,MOÇAMBIQUE,MAPUTO PROVINCIA,MOAMBA,FACILITY AT LEVEL 4: MOAMBA
W6DH80v2UlE,MOÇAMBIQUE,SOFALA,CHIBABAVA,FACILITY AT LEVEL 4: CHIBABAVA
W7CZ2AlmPOZ,MOÇAMBIQUE,MAPUTO CIDADE,KAMPFUMO,FACILITY AT LEVEL 4: KAMPFUMO
w87OyGLSohW,MOÇAMBIQUE,SOFALA,CIDADE DA BEIRA,FACILITY AT LEVEL 4: CIDADE DA BEIRA
w9cvF5me0xI,MOÇAMBIQUE,MANICA,GONDOLA,FACILITY AT LEVEL 4: GONDOLA
wAXr6kStDoM,MOÇAMBIQUE,MAPUTO CIDADE,KAMAVOTA,FACILITY AT LEVEL 4: KAMAVOTA
Wb3sLtGjoGg,MOÇAMBIQUE,MAPUTO CIDADE,KAMPFUMO,FACILITY AT LEVEL 4: KAMPFUMO
wb8j28YJlQS,MOÇAMBIQUE,MANICA,GURO,FACILITY AT LEVEL 4: GURO
wBjlfi3tPea,MOÇAMBIQUE,MAPUTO CIDADE,KAMPFUMO,FACILITY AT LEVEL 4: KAMPFUMO
WBKnW6LZHFF,MOÇAMBIQUE,NAMPULA,ANGOCHE,FACILITY AT LEVEL 4: ANGOCHE
WC2073QYTdY,MOÇAMBIQUE,SOFALA,NHAMATANDA,FACILITY AT LEVEL 4: NHAMATANDA
wCBdj5vNRIY,MOÇAMBIQUE,TETE,TSANGANO,FACILITY AT LEVEL 4: TSANGANO
WCnXfTQnWXu,MOÇAMBIQUE,ZAMBEZIA,MILANGE,FACILITY AT LEVEL 4: MILANGE
wCzSUwrRNrI,MOÇAMBIQUE,MAPUTO CIDADE,KAMPFUMO,FACILITY AT LEVEL 4: KAMPFUMO
WdTMDbs05ro,MOÇAMBIQUE,MAPUTO PROVINCIA,MARRACUENE,FACILITY AT LEVEL 4: MARRACUENE
WDW6ULiPHmk,MOÇAMBIQUE,NAMPULA,MEMBA,FACILITY AT LEVEL 4: MEMBA
WE0ZSJIJJZi,MOÇAMBIQUE,TETE,MARÁVIA,FACILITY AT LEVEL 4: MARÁVIA
We16STopKm3,MOÇAMBIQUE,NIASSA,MARRUPA,FACILITY AT LEVEL 4: MARRUPA
wEyd19PqXuS,MOÇAMBIQUE,SOFALA,CHIBABAVA,FACILITY AT LEVEL 4: CHIBABAVA
Wf5tpT4pUoB,MOÇAMBIQUE,NAMPULA,DISTRITO DE NAMPULA,FACILITY AT LEVEL 4: DISTRITO DE NAMPULA
WfDHxmScVmZ,MOÇAMBIQUE,MAPUTO CIDADE,KAMPFUMO,FACILITY AT LEVEL 4: KAMPFUMO
wfFFIjOtiiF,MOÇAMBIQUE,TETE,MOATIZE,FACILITY AT LEVEL 4: MOATIZE
wfG9RL2sm9M,MOÇAMBIQUE,MAPUTO CIDADE,KAMPFUMO,FACILITY AT LEVEL 4: KAMPFUMO
wfIarJu8UwP,MOÇAMBIQUE,ZAMBEZIA,ALTO MOLÓCUÈ,FACILITY AT LEVEL 4: ALTO MOLÓCUÈ
WFPBr6ODIKn,MOÇAMBIQUE,SOFALA,MARROMEU,FACILITY AT LEVEL 4: MARROMEU
wFyhgR5yQFU,MOÇAMBIQUE,CABO DELGADO,MACOMIA,FACILITY AT LEVEL 4: MACOMIA
WGDzyt2TDuN,MOÇAMBIQUE,MANICA,SUSSUNDENGA,FACILITY AT LEVEL 4: SUSSUNDENGA
wGF4sbQKm72,MOÇAMBIQUE,CABO DELGADO,MONTEPUEZ,FACILITY AT LEVEL 4: MONTEPUEZ
wGOkkxBFD3X,MOÇAMBIQUE,SOFALA,MARÍNGUE,FACILITY AT LEVEL 4: MARÍNGUE
wh5ILKKF8hm,MOÇAMBIQUE,INHAMBANE,CIDADE DE INHAMBANE,FACILITY AT LEVEL 4: CIDADE DE INHAMBANE
WHbLjYj0Hk2,MOÇAMBIQUE,MAPUTO CIDADE,KAMPFUMO,FACILITY AT LEVEL 4: KAMPFUMO
whtbxNGziq1,MOÇAMBIQUE,GAZA,CHIBUTO,FACILITY AT LEVEL 4: CHIBUTO
wiv2fFkVgMT,MOÇAMBIQUE,NIASSA,CUAMBA,FACILITY AT LEVEL 4: CUAMBA
wjmESB2lvsp,MOÇAMBIQUE,INHAMBANE,MORRUMBENE,FACILITY AT LEVEL 4: MORRUMBENE
Wjo0n1MZiTU,MOÇAMBIQUE,SOFALA,CHERINGOMA,FACILITY AT LEVEL 4: CHERINGOMA
Wkec36bPAdt,MOÇAMBIQUE,TETE,MUTARARA,FACILITY AT LEVEL 4: MUTARARA
wKzesi6TuEE,MOÇAMBIQUE,NIASSA,NIPEPE,FACILITY AT LEVEL 4: NIPEPE
wLh8oGLe5M2,MOÇAMBIQUE,MAPUTO CIDADE,KAMAVOTA,FACILITY AT LEVEL 4: KAMAVOTA
wMk2W2lIIWH,MOÇAMBIQUE,GAZA,CHIBUTO,FACILITY AT LEVEL 4: CHIBUTO
WMOp7JC4D4N,MOÇAMBIQUE,ZAMBEZIA,GILÉ,FACILITY AT LEVEL 4: GILÉ
wmqmaklV0WK,MOÇAMBIQUE,SOFALA,GORONGOSA,FACILITY AT LEVEL 4: GORONGOSA
WmUhWqjG218,MOÇAMBIQUE,MAPUTO CIDADE,KAMPFUMO,FACILITY AT LEVEL 4: KAMPFUMO
Wmy9iEX4wyM,MOÇAMBIQUE,SOFALA,GORONGOSA,FACILITY AT LEVEL 4: GORONGOSA
WN03iADe3fi,MOÇAMBIQUE,ZAMBEZIA,NAMARROI,FACILITY AT LEVEL 4: NAMARROI
wO9tFugayuI,MOÇAMBIQUE,MAPUTO CIDADE,KAMPFUMO,FACILITY AT LEVEL 4: KAMPFUMO
wObdxZxpBIh,MOÇAMBIQUE,MAPUTO PROVINCIA,BOANE,FACILITY AT LEVEL 4: BOANE
wOtY5x8rRSv,MOÇAMBIQUE,TETE,MACANGA,FACILITY AT LEVEL 4: MACANGA
WOWyyyShMwW,MOÇAMBIQUE,NIASSA,METARICA,FACILITY AT LEVEL 4: METARICA
wqozbEGwiip,MOÇAMBIQUE,ZAMBEZIA,CIDADE DE QUELIMANE,FACILITY AT LEVEL 4: CIDADE DE QUELIMANE
WREMvlOqiX3,MOÇAMBIQUE,GAZA,MABALANE,FACILITY AT LEVEL 4: MABALANE
wSQlaf7mASV,MOÇAMBIQUE,ZAMBEZIA,LUGELA,FACILITY AT LEVEL 4: LUGELA
wT5VRHruiRq,MOÇAMBIQUE,MAPUTO CIDADE,KAMPFUMO,FACILITY AT LEVEL 4: KAMPFUMO
wtfaleTiMxz,MOÇAMBIQUE,ZAMBEZIA,MOPEIA,FACILITY AT LEVEL 4: MOPEIA
WU1q6KTeytE,MOÇAMBIQUE,SOFALA,GORONGOSA,FACILITY AT LEVEL 4: GORONGOSA
wuabYpY6akz,MOÇAMBIQUE,INHAMBANE,MORRUMBENE,FACILITY AT LEVEL 4: MORRUMBENE
wuJJMBnIB0a,MOÇAMBIQUE,GAZA,CHIGUBO,FACILITY AT LEVEL 4: CHIGUBO
WumlUS9hMua,MOÇAMBIQUE,TETE,CIDADE DE TETE,FACILITY AT LEVEL 4: CIDADE DE TETE
wuYpICTypgQ,MOÇAMBIQUE,ZAMBEZIA,MOCUBA,FACILITY AT LEVEL 4: MOCUBA
wv3aToQj4Kp,MOÇAMBIQUE,TETE,TSANGANO,FACILITY AT LEVEL 4: TSANGANO
wV8L4cTZ4v9,MOÇAMBIQUE,MANICA,GONDOLA,FACILITY AT LEVEL 4: GONDOLA
Wv91ax5fXcy,MOÇAMBIQUE,GAZA,LIMPOPO,FACILITY AT LEVEL 4: LIMPOPO
WVkqJDf25ar,MOÇAMBIQUE,MAPUTO PROVINCIA,MATOLA,FACILITY AT LEVEL 4: MATOLA
WwETfYyJDcQ,MOÇAMBIQUE,GAZA,CHIBUTO,FACILITY AT LEVEL 4: CHIBUTO
WWSIjuHBXvz,MOÇAMBIQUE,INHAMBANE,PANDA,FACILITY AT LEVEL 4: PANDA
wXmZ9hYQfjy,MOÇAMBIQUE,GAZA,BILENE,FACILITY AT LEVEL 4: BILENE
WxpC1YdLnYz,MOÇAMBIQUE,ZAMBEZIA,PEBANE,FACILITY AT LEVEL 4: PEBANE
WXzK2UUQGoV,MOÇAMBIQUE,ZAMBEZIA,GURUÉ,FACILITY AT LEVEL 4: GURUÉ
wyCyfI06muo,MOÇAMBIQUE,GAZA,GUIJÁ,FACILITY AT LEVEL 4: GUIJÁ
WYezIaTxn7q,MOÇAMBIQUE,MANICA,MACHAZE,FACILITY AT LEVEL 4: MACHAZE
WyU05Mfu3EH,MOÇAMBIQUE,MANICA,SUSSUNDENGA,FACILITY AT LEVEL 4: SUSSUNDENGA
WyVn161KtMJ,MOÇAMBIQUE,MAPUTO CIDADE,KAMPFUMO,FACILITY AT LEVEL 4: KAMPFUMO
wZaQaAfDnWK,MOÇAMBIQUE,MAPUTO PROVINCIA,MATOLA,FACILITY AT LEVEL 4: MATOLA
WZfI9PNEoau,MOÇAMBIQUE,NAMPULA,MOMA,FACILITY AT LEVEL 4: MOMA
wzOtGpFWedz,MOÇAMBIQUE,TETE,CHANGARA,FACILITY AT LEVEL 4: CHANGARA
X0Dtdf9BERW,MOÇAMBIQUE,NIASSA,NIPEPE,FACILITY AT LEVEL 4: NIPEPE
X0KYTyKs3y0,MOÇAMBIQUE,MAPUTO CIDADE,NLHAMANKULU,FACILITY AT LEVEL 4: NLHAMANKULU
X0xsw1InNIA,MOÇAMBIQUE,ZAMBEZIA,CHINDE,FACILITY AT LEVEL 4: CHINDE
x2nIEjMNZDt,MOÇAMBIQUE,NAMPULA,ANGOCHE,FACILITY AT LEVEL 4: ANGOCHE
X3DBnFxdkuh,MOÇAMBIQUE,CABO DELGADO,IBO,FACILITY AT LEVEL 4: IBO
x4adO74XflD,MOÇAMBIQUE,CABO DELGADO,BALAMA,FACILITY AT LEVEL 4: BALAMA
X4C2nL5ZsHR,MOÇAMBIQUE,SOFALA,DONDO,FACILITY AT LEVEL 4: DONDO
X4dkdN2Q4t7,MOÇAMBIQUE,SOFALA,CIDADE DA BEIRA,FACILITY AT LEVEL 4: CIDADE DA BEIRA
X4j9nrbXIFD,MOÇAMBIQUE,TETE,ANGÓNIA,FACILITY AT LEVEL 4: ANGÓNIA
X5HYLNdYhgf,MOÇAMBIQUE,TETE,ANGÓNIA,FACILITY AT LEVEL 4: ANGÓNIA
X5kyyss5GdA,MOÇAMBIQUE,NAMPULA,MECUBURI,FACILITY AT LEVEL 4: MECUBURI
x5S9z3bnpqC,MOÇAMBIQUE,MANICA,GURO,FACILITY AT LEVEL 4: GURO
x6RfIlS2KZ6,MOÇAMBIQUE,CABO DELGADO,CHIÚRE,FACILITY AT LEVEL 4: CHIÚRE
X8mnPOEGqUB,MOÇAMBIQUE,SOFALA,CHIBABAVA,FACILITY AT LEVEL 4: CHIBABAVA
X9215knEbui,MOÇAMBIQUE,INHAMBANE,ZAVALA,FACILITY AT LEVEL 4: ZAVALA
x92G7BvF4J8,MOÇAMBIQUE,ZAMBEZIA,MULEVALA,FACILITY AT LEVEL 4: MULEVALA
X9ljKrq1RTX,MOÇAMBIQUE,NIASSA,NGAÚMA,FACILITY AT LEVEL 4: NGAÚMA
x9o9t1l28H7,MOÇAMBIQUE,INHAMBANE,MASSINGA,FACILITY AT LEVEL 4: MASSINGA
XAGdOEhSp0S,MOÇAMBIQUE,INHAMBANE,MAXIXE,FACILITY AT LEVEL 4: MAXIXE
XAoQRfGol82,MOÇAMBIQUE,CABO DELGADO,NAMUNO,FACILITY AT LEVEL 4: NAMUNO
XapF957qGgl,MOÇAMBIQUE,TETE,MOATIZE,FACILITY AT LEVEL 4: MOATIZE
xb2m5c52iRu,MOÇAMBIQUE,MAPUTO CIDADE,KAMPFUMO,FACILITY AT LEVEL 4: KAMPFUMO
XbRKHHE9RY3,MOÇAMBIQUE,GAZA,CHOKWÉ,FACILITY AT LEVEL 4: CHOKWÉ
xCaeWW6jufi,MOÇAMBIQUE,MAPUTO CIDADE,KAMPFUMO,FACILITY AT LEVEL 4: KAMPFUMO
XChev9mPBK8,MOÇAMBIQUE,TETE,MOATIZE,FACILITY AT LEVEL 4: MOATIZE
xCNGeojgnDF,MOÇAMBIQUE,MANICA,SUSSUNDENGA,FACILITY AT LEVEL 4: SUSSUNDENGA
xCPHwpjSzJ6,MOÇAMBIQUE,CABO DELGADO,CHIÚRE,FACILITY AT LEVEL 4: CHIÚRE
xcqRBdgfTI6,MOÇAMBIQUE,TETE,CHANGARA,FACILITY AT LEVEL 4: CHANGARA
xCtL37T00Lv,MOÇAMBIQUE,ZAMBEZIA,LUGELA,FACILITY AT LEVEL 4: LUGELA
xCXK6D28Zz9,MOÇAMBIQUE,MANICA,GURO,FACILITY AT LEVEL 4: GURO
xE0tSqahtfl,MOÇAMBIQUE,MAPUTO CIDADE,KAMAXAKENE,FACILITY AT LEVEL 4: KAMAXAKENE
xEFeCXquwo8,MOÇAMBIQUE,CABO DELGADO,CIDADE DE PEMBA,FACILITY AT LEVEL 4: CIDADE DE PEMBA
xeFkG6FGFQl,MOÇAMBIQUE,MAPUTO CIDADE,KAMPFUMO,FACILITY AT LEVEL 4: KAMPFUMO
XeG3WlAhtXt,MOÇAMBIQUE,MANICA,SUSSUNDENGA,FACILITY AT LEVEL 4: SUSSUNDENGA
Xei2ltD3AaE,MOÇAMBIQUE,CABO DELGADO,MUIDUMBE,FACILITY AT LEVEL 4: MUIDUMBE
xenLlWm2Oez,MOÇAMBIQUE,NIASSA,CUAMBA,FACILITY AT LEVEL 4: CUAMBA
xeS0wFOvkqB,MOÇAMBIQUE,NIASSA,DISTRITO DE LICHINGA,FACILITY AT LEVEL 4: DISTRITO DE LICHINGA
xFyjBUhPLOL,MOÇAMBIQUE,NIASSA,LAGO,FACILITY AT LEVEL 4: LAGO
xgvERijCAtN,MOÇAMBIQUE,MAPUTO PROVINCIA,MAGUDE,FACILITY AT LEVEL 4: MAGUDE
xi9vJhFjGtG,MOÇAMBIQUE,SOFALA,MACHANGA,FACILITY AT LEVEL 4: MACHANGA
XIOTIzC7AXu,MOÇAMBIQUE,ZAMBEZIA,NAMACURRA,FACILITY AT LEVEL 4: NAMACURRA
xixKjJ7h1z2,MOÇAMBIQUE,MAPUTO CIDADE,KAMPFUMO,FACILITY AT LEVEL 4: KAMPFUMO
Xj5zrKDRxPc,MOÇAMBIQUE,NAMPULA,NACALA-PORTO,FACILITY AT LEVEL 4: NACALA-PORTO
XJeEBYiSSsU,MOÇAMBIQUE,ZAMBEZIA,PEBANE,FACILITY AT LEVEL 4: PEBANE
xjMybs08MUG,MOÇAMBIQUE,INHAMBANE,MABOTE,FACILITY AT LEVEL 4: MABOTE
xJPokCSNoeG,MOÇAMBIQUE,NAMPULA,MALEMA,FACILITY AT LEVEL 4: MALEMA
XjX3IK5f4yE,MOÇAMBIQUE,SOFALA,CHEMBA,FACILITY AT LEVEL 4: CHEMBA
XjxdNDwOzHx,MOÇAMBIQUE,INHAMBANE,MASSINGA,FACILITY AT LEVEL 4: MASSINGA
xKLw7u2sxKF,MOÇAMBIQUE,SOFALA,CIDADE DA BEIRA,FACILITY AT LEVEL 4: CIDADE DA BEIRA
XKPRBMxMPIt,MOÇAMBIQUE,NAMPULA,NACALA-A-VELHA,FACILITY AT LEVEL 4: NACALA-A-VELHA
XKtXsZfB1Pn,MOÇAMBIQUE,NIASSA,DISTRITO DE LICHINGA,FACILITY AT LEVEL 4: DISTRITO DE LICHINGA
xkUKiPHHY8j,MOÇAMBIQUE,MAPUTO CIDADE,KAMPFUMO,FACILITY AT LEVEL 4: KAMPFUMO
XkxeBmj8IDf,MOÇAMBIQUE,INHAMBANE,INHASSORO,FACILITY AT LEVEL 4: INHASSORO
XLoBiBaIcFN,MOÇAMBIQUE,ZAMBEZIA,ALTO MOLÓCUÈ,FACILITY AT LEVEL 4: ALTO MOLÓCUÈ
xLOxHw00chn,MOÇAMBIQUE,MAPUTO CIDADE,KAMPFUMO,FACILITY AT LEVEL 4: KAMPFUMO
XLWIUzS1MfX,MOÇAMBIQUE,TETE,MUTARARA,FACILITY AT LEVEL 4: MUTARARA
XmF0noXuoIx,MOÇAMBIQUE,TETE,CAHORA BASSA,FACILITY AT LEVEL 4: CAHORA BASSA
XMRo6kmI063,MOÇAMBIQUE,ZAMBEZIA,MOCUBELA,FACILITY AT LEVEL 4: MOCUBELA
XmuwpVFIIzP,MOÇAMBIQUE,ZAMBEZIA,MOCUBA,FACILITY AT LEVEL 4: MOCUBA
Xna5w35VaUX,MOÇAMBIQUE,INHAMBANE,ZAVALA,FACILITY AT LEVEL 4: ZAVALA
xNIV1H7KQAB,MOÇAMBIQUE,NIASSA,LAGO,FACILITY AT LEVEL 4: LAGO
XNSs3kUHboV,MOÇAMBIQUE,MAPUTO CIDADE,KAMPFUMO,FACILITY AT LEVEL 4: KAMPFUMO
XoduF7gozkQ,MOÇAMBIQUE,TETE,ZUMBO,FACILITY AT LEVEL 4: ZUMBO
xomEboKzZX4,MOÇAMBIQUE,NAMPULA,DISTRITO DE NAMPULA,FACILITY AT LEVEL 4: DISTRITO DE NAMPULA
xOStasd8aXU,MOÇAMBIQUE,SOFALA,CHEMBA,FACILITY AT LEVEL 4: CHEMBA
XOuLY2Hi2xy,MOÇAMBIQUE,MANICA,CIDADE DE CHIMOIO,FACILITY AT LEVEL 4: CIDADE DE CHIMOIO
xPFN3l4XlO7,MOÇAMBIQUE,MAPUTO CIDADE,KAMUBUKWANA,FACILITY AT LEVEL 4: KAMUBUKWANA
xPITIOKlqmq,MOÇAMBIQUE,MAPUTO CIDADE,KAMPFUMO,FACILITY AT LEVEL 4: KAMPFUMO
xpsFhg5R8W3,MOÇAMBIQUE,GAZA,CHOKWÉ,FACILITY AT LEVEL 4: CHOKWÉ
xQhuUjetZxa,MOÇAMBIQUE,ZAMBEZIA,MOCUBA,FACILITY AT LEVEL 4: MOCUBA
xQpcx9q5G7O,MOÇAMBIQUE,SOFALA,GORONGOSA,FACILITY AT LEVEL 4: GORONGOSA
xqvNPRfCDeb,MOÇAMBIQUE,ZAMBEZIA,MOPEIA,FACILITY AT LEVEL 4: MOPEIA
xqwBZdqRLex,MOÇAMBIQUE,MAPUTO CIDADE,KAMPFUMO,FACILITY AT LEVEL 4: KAMPFUMO
xr5LkOxDe5L,MOÇAMBIQUE,ZAMBEZIA,PEBANE,FACILITY AT LEVEL 4: PEBANE
XRnDLkFpgrx,MOÇAMBIQUE,TETE,MOATIZE,FACILITY AT LEVEL 4: MOATIZE
xrw3wMEp5P2,MOÇAMBIQUE,MANICA,SUSSUNDENGA,FACILITY AT LEVEL 4: SUSSUNDENGA
xs3ALMCaSeQ,MOÇAMBIQUE,GAZA,CHONGOENE,FACILITY AT LEVEL 4: CHONGOENE
xT0zdOHgm6H,MOÇAMBIQUE,ZAMBEZIA,NAMACURRA,FACILITY AT LEVEL 4: NAMACURRA
xtLEds57ehD,MOÇAMBIQUE,ZAMBEZIA,NAMARROI,FACILITY AT LEVEL 4: NAMARROI
XtMVcpuPDMg,MOÇAMBIQUE,MAPUTO CIDADE,KAMPFUMO,FACILITY AT LEVEL 4: KAMPFUMO
xuRh0rb3rSK,MOÇAMBIQUE,INHAMBANE,MAXIXE,FACILITY AT LEVEL 4: MAXIXE
xuXddFwLwM4,MOÇAMBIQUE,ZAMBEZIA,CIDADE DE QUELIMANE,FACILITY AT LEVEL 4: CIDADE DE QUELIMANE
XVBs8yAxi91,MOÇAMBIQUE,ZAMBEZIA,MILANGE,FACILITY AT LEVEL 4: MILANGE
xVpltNq8VVM,MOÇAMBIQUE,MAPUTO PROVINCIA,MATOLA,FACILITY AT LEVEL 4: MATOLA
xW0d1FlqTzR,MOÇAMBIQUE,ZAMBEZIA,CIDADE DE QUELIMANE,FACILITY AT LEVEL 4: CIDADE DE QUELIMANE
xwI4t7e2vN0,MOÇAMBIQUE,MAPUTO CIDADE,KAMPFUMO,FACILITY AT LEVEL 4: KAMPFUMO
xWJ6GWrDj2n,MOÇAMBIQUE,ZAMBEZIA,MOCUBELA,FACILITY AT LEVEL 4: MOCUBELA
XxapeTgRUN9,MOÇAMBIQUE,MAPUTO CIDADE,KAMPFUMO,FACILITY AT LEVEL 4: KAMPFUMO
xxGqiSW0LFw,MOÇAMBIQUE,MAPUTO CIDADE,KAMAVOTA,FACILITY AT LEVEL 4: KAMAVOTA
xXH34kN440Q,MOÇAMBIQUE,MAPUTO CIDADE,KAMPFUMO,FACILITY AT LEVEL 4: KAMPFUMO
xXousU8Yw5Z,MOÇAMBIQUE,NAMPULA,RAPALE,FACILITY AT LEVEL 4: RAPALE
XXr8uouV8D4,MOÇAMBIQUE,ZAMBEZIA,MOCUBA,FACILITY AT LEVEL 4: MOCUBA
XxTByH8V9Im,MOÇAMBIQUE,MANICA,SUSSUNDENGA,FACILITY AT LEVEL 4: SUSSUNDENGA
XxysVmYIfHE,MOÇAMBIQUE,MAPUTO CIDADE,KAMPFUMO,FACILITY AT LEVEL 4: KAMPFUMO
xy12fmkSD0w,MOÇAMBIQUE,ZAMBEZIA,LUGELA,FACILITY AT LEVEL 4: LUGELA
XYFLANKJIE3,MOÇAMBIQUE,INHAMBANE,MABOTE,FACILITY AT LEVEL 4: MABOTE
xyH9n8rRrG1,MOÇAMBIQUE,NAMPULA,MOMA,FACILITY AT LEVEL 4: MOMA
XzwYxJZ2on8,MOÇAMBIQUE,CABO DELGADO,IBO,FACILITY AT LEVEL 4: IBO
XZx9lhouy6q,MOÇAMBIQUE,MAPUTO CIDADE,KAMPFUMO,FACILITY AT LEVEL 4: KAMPFUMO
xzxWc3wPDls,MOÇAMBIQUE,SOFALA,CHERINGOMA,FACILITY AT LEVEL 4: CHERINGOMA
y0bG9M5uumG,MOÇAMBIQUE,MAPUTO CIDADE,KAMPFUMO,FACILITY AT LEVEL 4: KAMPFUMO
y0iVvwUWdwu,MOÇAMBIQUE,NAMPULA,ANGOCHE,FACILITY AT LEVEL 4: ANGOCHE
y2D9dJFixsh,MOÇAMBIQUE,INHAMBANE,VILANKULOS,FACILITY AT LEVEL 4: VILANKULOS
y2gMp7yam3O,MOÇAMBIQUE,ZAMBEZIA,ILE,FACILITY AT LEVEL 4: ILE
Y2wOzBn5rho,MOÇAMBIQUE,GAZA,CIDADE DE XAI-XAI,FACILITY AT LEVEL 4: CIDADE DE XAI-XAI
y2XRJGaa1EU,MOÇAMBIQUE,INHAMBANE,VILANKULOS,FACILITY AT LEVEL 4: VILANKULOS
y4U8PMds2yJ,MOÇAMBIQUE,SOFALA,MARÍNGUE,FACILITY AT LEVEL 4: MARÍNGUE
Y51WlK7NZON,MOÇAMBIQUE,NIASSA,MAÚA,FACILITY AT LEVEL 4: MAÚA
y5qMl4tIxf0,MOÇAMBIQUE,TETE,TSANGANO,FACILITY AT LEVEL 4: TSANGANO
y69nA0HRidd,MOÇAMBIQUE,NAMPULA,MOSSURIL,FACILITY AT LEVEL 4: MOSSURIL
Y7gyDB5C2Tx,MOÇAMBIQUE,NIASSA,NGAÚMA,FACILITY AT LEVEL 4: NGAÚMA
y8eE1Szlrvi,MOÇAMBIQUE,CABO DELGADO,MUEDA,FACILITY AT LEVEL 4: MUEDA
ya01YexE6hf,MOÇAMBIQUE,MANICA,VANDUZI,FACILITY AT LEVEL 4: VANDUZI
YA2Prv129Gl,MOÇAMBIQUE,INHAMBANE,ZAVALA,FACILITY AT LEVEL 4: ZAVALA
yACDIfxjbTe,MOÇAMBIQUE,NIASSA,MECANHELAS,FACILITY AT LEVEL 4: MECANHELAS
yAfRT2pYgRD,MOÇAMBIQUE,MAPUTO CIDADE,KAMPFUMO,FACILITY AT LEVEL 4: KAMPFUMO
ybDYdpzuhhi,MOÇAMBIQUE,TETE,MARÁVIA,FACILITY AT LEVEL 4: MARÁVIA
ybirZgvzcZ0,MOÇAMBIQUE,ZAMBEZIA,ALTO MOLÓCUÈ,FACILITY AT LEVEL 4: ALTO MOLÓCUÈ
ybPLcvFIMke,MOÇAMBIQUE,GAZA,CIDADE DE XAI-XAI,FACILITY AT LEVEL 4: CIDADE DE XAI-XAI
yc74Nwhabq5,MOÇAMBIQUE,NAMPULA,DISTRITO DE NAMPULA,FACILITY AT LEVEL 4: DISTRITO DE NAMPULA
ycdckvvkMIA,MOÇAMBIQUE,GAZA,CHONGOENE,FACILITY AT LEVEL 4: CHONGOENE
YcE4amsZXHA,MOÇAMBIQUE,NAMPULA,ANGOCHE,FACILITY AT LEVEL 4: ANGOCHE
yCFWXoAQBzQ,MOÇAMBIQUE,GAZA,LIMPOPO,FACILITY AT LEVEL 4: LIMPOPO
ycTRarLqelh,MOÇAMBIQUE,GAZA,MASSANGENA,FACILITY AT LEVEL 4: MASSANGENA
yD5yvoQaOWv,MOÇAMBIQUE,NIASSA,SANGA,FACILITY AT LEVEL 4: SANGA
yDAMJ0H7qnm,MOÇAMBIQUE,NIASSA,MAÚA,FACILITY AT LEVEL 4: MAÚA
YDIC2aCfnJF,MOÇAMBIQUE,GAZA,LIMPOPO,FACILITY AT LEVEL 4: LIMPOPO
ydn2fhWbmH4,MOÇAMBIQUE,SOFALA,MARÍNGUE,FACILITY AT LEVEL 4: MARÍNGUE
YdQnMnXdStg,MOÇAMBIQUE,MAPUTO CIDADE,KAMPFUMO,FACILITY AT LEVEL 4: KAMPFUMO
YECTIztc6Ud,MOÇAMBIQUE,MAPUTO PROVINCIA,NAMAACHA,FACILITY AT LEVEL 4: NAMAACHA
YfRRIe4oRsO,MOÇAMBIQUE,NAMPULA,NACALA-PORTO,FACILITY AT LEVEL 4: NACALA-PORTO
ygdaiJ3MC0L,MOÇAMBIQUE,SOFALA,MACHANGA,FACILITY AT LEVEL 4: MACHANGA
yGHBoCSRVqL,MOÇAMBIQUE,CABO DELGADO,MONTEPUEZ,FACILITY AT LEVEL 4: MONTEPUEZ
YH3LSqv6w9Q,MOÇAMBIQUE,SOFALA,NHAMATANDA,FACILITY AT LEVEL 4: NHAMATANDA
YhFFzdCXFL3,MOÇAMBIQUE,CABO DELGADO,CHIÚRE,FACILITY AT LEVEL 4: CHIÚRE
YhOoQcqOjNh,MOÇAMBIQUE,MANICA,SUSSUNDENGA,FACILITY AT LEVEL 4: SUSSUNDENGA
yHqswyFNRVx,MOÇAMBIQUE,MANICA,TAMBARA,FACILITY AT LEVEL 4: TAMBARA
YhrCOcMKfNi,MOÇAMBIQUE,ZAMBEZIA,MOCUBA,FACILITY AT LEVEL 4: MOCUBA
yHWofLrxn2s,MOÇAMBIQUE,ZAMBEZIA,LUGELA,FACILITY AT LEVEL 4: LUGELA
yIAWuvyMIwI,MOÇAMBIQUE,MAPUTO PROVINCIA,NAMAACHA,FACILITY AT LEVEL 4: NAMAACHA
YihkEHpT5dc,MOÇAMBIQUE,TETE,ZUMBO,FACILITY AT LEVEL 4: ZUMBO
yIxJxVmeKk1,MOÇAMBIQUE,INHAMBANE,VILANKULOS,FACILITY AT LEVEL 4: VILANKULOS
Yjo3rCofbvU,MOÇAMBIQUE,CABO DELGADO,CIDADE DE PEMBA,FACILITY AT LEVEL 4: CIDADE DE PEMBA
yKr6l0LTEof,MOÇAMBIQUE,MAPUTO CIDADE,KAMPFUMO,FACILITY AT LEVEL 4: KAMPFUMO
ykXt6Nt0ZiJ,MOÇAMBIQUE,ZAMBEZIA,CIDADE DE QUELIMANE,FACILITY AT LEVEL 4: CIDADE DE QUELIMANE
yLJ09YR3u83,MOÇAMBIQUE,SOFALA,GORONGOSA,FACILITY AT LEVEL 4: GORONGOSA
yLZKMpocgpc,MOÇAMBIQUE,MANICA,GONDOLA,FACILITY AT LEVEL 4: GONDOLA
YmkkqCpeCgX,MOÇAMBIQUE,INHAMBANE,JANGAMO,FACILITY AT LEVEL 4: JANGAMO
YnPerL3E64N,MOÇAMBIQUE,MAPUTO CIDADE,KAMAVOTA,FACILITY AT LEVEL 4: KAMAVOTA
ynTAzVQvfXa,MOÇAMBIQUE,MAPUTO PROVINCIA,BOANE,FACILITY AT LEVEL 4: BOANE
YOFOlYzuaGC,MOÇAMBIQUE,MAPUTO CIDADE,KAMPFUMO,FACILITY AT LEVEL 4: KAMPFUMO
yoqnJGzuZn2,MOÇAMBIQUE,TETE,ZUMBO,FACILITY AT LEVEL 4: ZUMBO
YoSkIesJXAu,MOÇAMBIQUE,ZAMBEZIA,NAMARROI,FACILITY AT LEVEL 4: NAMARROI
yosNmxEDzsW,MOÇAMBIQUE,ZAMBEZIA,MOLUMBO,FACILITY AT LEVEL 4: MOLUMBO
yPXbLrFp5lo,MOÇAMBIQUE,NAMPULA,MALEMA,FACILITY AT LEVEL 4: MALEMA
yQ6HAt4RjSf,MOÇAMBIQUE,MAPUTO CIDADE,KAMPFUMO,FACILITY AT LEVEL 4: KAMPFUMO
Yr2Q4GL2GJ8,MOÇAMBIQUE,MAPUTO CIDADE,KAMPFUMO,FACILITY AT LEVEL 4: KAMPFUMO
YrcE0aurMmB,MOÇAMBIQUE,NAMPULA,NACAROA,FACILITY AT LEVEL 4: NACAROA
yRPAU5sfTvG,MOÇAMBIQUE,MAPUTO CIDADE,KAMPFUMO,FACILITY AT LEVEL 4: KAMPFUMO
YT9Jt2Vnqg7,MOÇAMBIQUE,MAPUTO PROVINCIA,MANHIÇA,FACILITY AT LEVEL 4: MANHIÇA
YtbB4I85bc1,MOÇAMBIQUE,NAMPULA,MOMA,FACILITY AT LEVEL 4: MOMA
yTEdMelD6Gw,MOÇAMBIQUE,MAPUTO PROVINCIA,BOANE,FACILITY AT LEVEL 4: BOANE
Yth23fPMTas,MOÇAMBIQUE,GAZA,BILENE,FACILITY AT LEVEL 4: BILENE
YTWpEv2HgGl,MOÇAMBIQUE,NIASSA,SANGA,FACILITY AT LEVEL 4: SANGA
YuhBKO15Toz,MOÇAMBIQUE,MAPUTO CIDADE,KATEMBE,FACILITY AT LEVEL 4: KATEMBE
yuiiztg5AQn,MOÇAMBIQUE,SOFALA,NHAMATANDA,FACILITY AT LEVEL 4: NHAMATANDA
yusrrlxfJP0,MOÇAMBIQUE,GAZA,GUIJÁ,FACILITY AT LEVEL 4: GUIJÁ
yV6xAoZZOhH,MOÇAMBIQUE,CABO DELGADO,CHIÚRE,FACILITY AT LEVEL 4: CHIÚRE
YVuq7RupXXT,MOÇAMBIQUE,CABO DELGADO,QUISSANGA,FACILITY AT LEVEL 4: QUISSANGA
Yw1PrezXzmB,MOÇAMBIQUE,MAPUTO PROVINCIA,MOAMBA,FACILITY AT LEVEL 4: MOAMBA
YwmysnpKRlE,MOÇAMBIQUE,NAMPULA,ILHA DE MOÇAMBIQUE,FACILITY AT LEVEL 4: ILHA DE MOÇAMBIQUE
YWwMej1CA0T,MOÇAMBIQUE,MAPUTO PROVINCIA,BOANE,FACILITY AT LEVEL 4: BOANE
Yx3AlWpUP75,MOÇAMBIQUE,NIASSA,MECANHELAS,FACILITY AT LEVEL 4: MECANHELAS
yXBv7VStUsg,MOÇAMBIQUE,MAPUTO PROVINCIA,BOANE,FACILITY AT LEVEL 4: BOANE
yxJ6lLfoIKC,MOÇAMBIQUE,NIASSA,DISTRITO DE LICHINGA,FACILITY AT LEVEL 4: DISTRITO DE LICHINGA
yXUDlDFLksX,MOÇAMBIQUE,ZAMBEZIA,MORRUMBALA,FACILITY AT LEVEL 4: MORRUMBALA
yyqugKpnpM1,MOÇAMBIQUE,NIASSA,MECULA,FACILITY AT LEVEL 4: MECULA
yytIqTMzfVu,MOÇAMBIQUE,CABO DELGADO,IBO,FACILITY AT LEVEL 4: IBO
yYVw842Qiav,MOÇAMBIQUE,ZAMBEZIA,MILANGE,FACILITY AT LEVEL 4: MILANGE
yZ2DkwwDjTE,MOÇAMBIQUE,MANICA,BÁRUE,FACILITY AT LEVEL 4: BÁRUE
YzdxAWYzgUr,MOÇAMBIQUE,TETE,MARARA,FACILITY AT LEVEL 4: MARARA
YZmXJfFSxpk,MOÇAMBIQUE,NAMPULA,MOGINCUAL,FACILITY AT LEVEL 4: MOGINCUAL
YzncMK5euTo,MOÇAMBIQUE,NAMPULA,NACAROA,FACILITY AT LEVEL 4: NACAROA
Yzp6a5pWXQ2,MOÇAMBIQUE,ZAMBEZIA,ALTO MOLÓCUÈ,FACILITY AT LEVEL 4: ALTO MOLÓCUÈ
YZQlEyGxGIG,MOÇAMBIQUE,NAMPULA,MUECATE,FACILITY AT LEVEL 4: MUECATE
Z04gJ4wYig7,MOÇAMBIQUE,MANICA,CIDADE DE CHIMOIO,FACILITY AT LEVEL 4: CIDADE DE CHIMOIO
Z0xWugm1j2V,MOÇAMBIQUE,MAPUTO PROVINCIA,MATOLA,FACILITY AT LEVEL 4: MATOLA
Z10k4umoOML,MOÇAMBIQUE,TETE,MACANGA,FACILITY AT LEVEL 4: MACANGA
z3fWjHl6Qg5,MOÇAMBIQUE,NAMPULA,MONAPO,FACILITY AT LEVEL 4: MONAPO
z3jazqxQYc9,MOÇAMBIQUE,SOFALA,NHAMATANDA,FACILITY AT LEVEL 4: NHAMATANDA
Z3mcpeWixOL,MOÇAMBIQUE,SOFALA,CAIA,FACILITY AT LEVEL 4: CAIA
z41juRN6sAL,MOÇAMBIQUE,INHAMBANE,HOMOINE,FACILITY AT LEVEL 4: HOMOINE
Z4eeWkxuiP7,MOÇAMBIQUE,MAPUTO CIDADE,KAMPFUMO,FACILITY AT LEVEL 4: KAMPFUMO
z4gFfVRhd7A,MOÇAMBIQUE,SOFALA,CAIA,FACILITY AT LEVEL 4: CAIA
Z4un9KtL1E6,MOÇAMBIQUE,NAMPULA,LARDE,FACILITY AT LEVEL 4: LARDE
Z58aYNMK8nx,MOÇAMBIQUE,NAMPULA,DISTRITO DE NAMPULA,FACILITY AT LEVEL 4: DISTRITO DE NAMPULA
Z5pIRYaLVXz,MOÇAMBIQUE,NAMPULA,MOGOVOLAS,FACILITY AT LEVEL 4: MOGOVOLAS
z5Q3BcsZoj1,MOÇAMBIQUE,NAMPULA,MECONTA,FACILITY AT LEVEL 4: MECONTA
z5yeWsyS9ot,MOÇAMBIQUE,ZAMBEZIA,MAGANJA DA COSTA,FACILITY AT LEVEL 4: MAGANJA DA COSTA
z6bLFkrEcc3,MOÇAMBIQUE,NIASSA,MAJUNE,FACILITY AT LEVEL 4: MAJUNE
z6ie4WD9PLg,MOÇAMBIQUE,SOFALA,BÚZI,FACILITY AT LEVEL 4: BÚZI
Z7GwkoHmqPc,MOÇAMBIQUE,TETE,ANGÓNIA,FACILITY AT LEVEL 4: ANGÓNIA
Z8IPE1w8g98,MOÇAMBIQUE,INHAMBANE,VILANKULOS,FACILITY AT LEVEL 4: VILANKULOS
Z8OG2LX4KQo,MOÇAMBIQUE,MAPUTO CIDADE,KAMPFUMO,FACILITY AT LEVEL 4: KAMPFUMO
ZA5JlOtJ60w,MOÇAMBIQUE,ZAMBEZIA,CIDADE DE QUELIMANE,FACILITY AT LEVEL 4: CIDADE DE QUELIMANE
zACMdDIgNdD,MOÇAMBIQUE,MAPUTO CIDADE,KAMPFUMO,FACILITY AT LEVEL 4: KAMPFUMO
zAfR7jCWYu7,MOÇAMBIQUE,NIASSA,MUEMBE,FACILITY AT LEVEL 4: MUEMBE
zahexox4qUO,MOÇAMBIQUE,ZAMBEZIA,DERRE,FACILITY AT LEVEL 4: DERRE
ZB1mLI687Wf,MOÇAMBIQUE,SOFALA,CIDADE DA BEIRA,FACILITY AT LEVEL 4: CIDADE DA BEIRA
Zc8U5pM4VW1,MOÇAMBIQUE,SOFALA,CHEMBA,FACILITY AT LEVEL 4: CHEMBA
zcjMggM7XV5,MOÇAMBIQUE,TETE,ZUMBO,FACILITY AT LEVEL 4: ZUMBO
ZClAeRuJbRg,MOÇAMBIQUE,GAZA,CHONGOENE,FACILITY AT LEVEL 4: CHONGOENE
Zcqq788tAwH,MOÇAMBIQUE,MAPUTO CIDADE,KAMAVOTA,FACILITY AT LEVEL 4: KAMAVOTA
ZDD1uu0NtI8,MOÇAMBIQUE,NIASSA,CUAMBA,FACILITY AT LEVEL 4: CUAMBA
ZDhhT7fqzFF,MOÇAMBIQUE,NAMPULA,MOMA,FACILITY AT LEVEL 4: MOMA
ZdJbmZYwvNZ,MOÇAMBIQUE,CABO DELGADO,MOCÍMBOA DA PRAIA,FACILITY AT LEVEL 4: MOCÍMBOA DA PRAIA
zDyG3a1EB0C,MOÇAMBIQUE,CABO DELGADO,MONTEPUEZ,FACILITY AT LEVEL 4: MONTEPUEZ
ZE0N7DLbzEj,MOÇAMBIQUE,TETE,MOATIZE,FACILITY AT LEVEL 4: MOATIZE
ZEawsDVvNZi,MOÇAMBIQUE,ZAMBEZIA,MORRUMBALA,FACILITY AT LEVEL 4: MORRUMBALA
zEFdD2qLo6T,MOÇAMBIQUE,MANICA,BÁRUE,FACILITY AT LEVEL 4: BÁRUE
ZFfLH8QaLnP,MOÇAMBIQUE,NAMPULA,NACALA-PORTO,FACILITY AT LEVEL 4: NACALA-PORTO
ZFPNWMM94Cr,MOÇAMBIQUE,NIASSA,MECANHELAS,FACILITY AT LEVEL 4: MECANHELAS
ZFQolEiHHYC,MOÇAMBIQUE,TETE,MARARA,FACILITY AT LEVEL 4: MARARA
zfTCqTau9HB,MOÇAMBIQUE,SOFALA,DONDO,FACILITY AT LEVEL 4: DONDO
zFYCqeNAXKo,MOÇAMBIQUE,MAPUTO CIDADE,KAMPFUMO,FACILITY AT LEVEL 4: KAMPFUMO
ZHavDyn5tSN,MOÇAMBIQUE,GAZA,MABALANE,FACILITY AT LEVEL 4: MABALANE
ZhBWh7qF0DB,MOÇAMBIQUE,NIASSA,MECULA,FACILITY AT LEVEL 4: MECULA
ZHXOgxEYqIi,MOÇAMBIQUE,ZAMBEZIA,MAGANJA DA COSTA,FACILITY AT LEVEL 4: MAGANJA DA COSTA
ZInrgyYTrY9,MOÇAMBIQUE,NIASSA,MANDIMBA,FACILITY AT LEVEL 4: MANDIMBA
ZiPhNmM5Hz6,MOÇAMBIQUE,INHAMBANE,MORRUMBENE,FACILITY AT LEVEL 4: MORRUMBENE
ZjidlrSm3n4,MOÇAMBIQUE,CABO DELGADO,NAMUNO,FACILITY AT LEVEL 4: NAMUNO
zJP2CmciqqZ,MOÇAMBIQUE,MAPUTO PROVINCIA,MATOLA,FACILITY AT LEVEL 4: MATOLA
zJuOAGz5vzw,MOÇAMBIQUE,NAMPULA,LARDE,FACILITY AT LEVEL 4: LARDE
ZJxqrAjta4B,MOÇAMBIQUE,GAZA,MANDLAKAZI,FACILITY AT LEVEL 4: MANDLAKAZI
ZjzJ3TCbZ2F,MOÇAMBIQUE,NAMPULA,MOSSURIL,FACILITY AT LEVEL 4: MOSSURIL
zK1ao1X1TkV,MOÇAMBIQUE,TETE,DOA,FACILITY AT LEVEL 4: DOA
ZKjBHEC6q0C,MOÇAMBIQUE,CABO DELGADO,ANCUABE,FACILITY AT LEVEL 4: ANCUABE
ZKNu18QYkUO,MOÇAMBIQUE,SOFALA,MUANZA,FACILITY AT LEVEL 4: MUANZA
ZKRNN28A6eA,MOÇAMBIQUE,NIASSA,MECANHELAS,FACILITY AT LEVEL 4: MECANHELAS
ZkT3eZqJW4e,MOÇAMBIQUE,ZAMBEZIA,MOPEIA,FACILITY AT LEVEL 4: MOPEIA
zlcH6cEzMFs,MOÇAMBIQUE,SOFALA,CIDADE DA BEIRA,FACILITY AT LEVEL 4: CIDADE DA BEIRA
ZlPmNOUBjNy,MOÇAMBIQUE,ZAMBEZIA,ALTO MOLÓCUÈ,FACILITY AT LEVEL 4: ALTO MOLÓCUÈ
zlpQfHuZC6G,MOÇAMBIQUE,ZAMBEZIA,LUGELA,FACILITY AT LEVEL 4: LUGELA
zLW7MqjkXpX,MOÇAMBIQUE,MAPUTO CIDADE,KAMPFUMO,FACILITY AT LEVEL 4: KAMPFUMO
zO4CkfIppDH,MOÇAMBIQUE,NIASSA,DISTRITO DE LICHINGA,FACILITY AT LEVEL 4: DISTRITO DE LICHINGA
zPaJqo8PJ1k,MOÇAMBIQUE,MAPUTO CIDADE,KAMPFUMO,FACILITY AT LEVEL 4: KAMPFUMO
ZPnH5sZ4m0L,MOÇAMBIQUE,ZAMBEZIA,ALTO MOLÓCUÈ,FACILITY AT LEVEL 4: ALTO MOLÓCUÈ
zq2P2zwNJR0,MOÇAMBIQUE,ZAMBEZIA,MAGANJA DA COSTA,FACILITY AT LEVEL 4: MAGANJA DA COSTA
zQ6BqcEJPNW,MOÇAMBIQUE,MAPUTO PROVINCIA,MARRACUENE,FACILITY AT LEVEL 4: MARRACUENE
ZqeiHyiaQa7,MOÇAMBIQUE,NAMPULA,RAPALE,FACILITY AT LEVEL 4: RAPALE
zqkV9145JNY,MOÇAMBIQUE,ZAMBEZIA,MOCUBA,FACILITY AT LEVEL 4: MOCUBA
ZqKZSEJTvYL,MOÇAMBIQUE,GAZA,CHOKWÉ,FACILITY AT LEVEL 4: CHOKWÉ
ZQOHvunVpO0,MOÇAMBIQUE,SOFALA,CHIBABAVA,FACILITY AT LEVEL 4: CHIBABAVA
zqrPS9290Za,MOÇAMBIQUE,ZAMBEZIA,MAGANJA DA COSTA,FACILITY AT LEVEL 4: MAGANJA DA COSTA
zqUCoWndD2U,MOÇAMBIQUE,NIASSA,METARICA,FACILITY AT LEVEL 4: METARICA
zrE5zjLqCfM,MOÇAMBIQUE,TETE,CHANGARA,FACILITY AT LEVEL 4: CHANGARA
ZrfCoqFeWZm,MOÇAMBIQUE,MANICA,MOSSURIZE,FACILITY AT LEVEL 4: MOSSURIZE
zrIY5kQ4xMw,MOÇAMBIQUE,MAPUTO PROVINCIA,MANHIÇA,FACILITY AT LEVEL 4: MANHIÇA
zrnwBSknmOG,MOÇAMBIQUE,MANICA,SUSSUNDENGA,FACILITY AT LEVEL 4: SUSSUNDENGA
zrrv95nOTal,MOÇAMBIQUE,ZAMBEZIA,MILANGE,FACILITY AT LEVEL 4: MILANGE
ZRyCVVYzHQv,MOÇAMBIQUE,SOFALA,CAIA,FACILITY AT LEVEL 4: CAIA
zs36JzrrmWm,MOÇAMBIQUE,MAPUTO CIDADE,KAMPFUMO,FACILITY AT LEVEL 4: KAMPFUMO
zSdoz02l19B,MOÇAMBIQUE,MANICA,CIDADE DE CHIMOIO,FACILITY AT LEVEL 4: CIDADE DE CHIMOIO
zSEhPy4Jew6,MOÇAMBIQUE,MAPUTO CIDADE,KAMPFUMO,FACILITY AT LEVEL 4: KAMPFUMO
zSmG6MW87yP,MOÇAMBIQUE,MAPUTO PROVINCIA,MATOLA,FACILITY AT LEVEL 4: MATOLA
ZSupYUGzdbJ,MOÇAMBIQUE,ZAMBEZIA,MOLUMBO,FACILITY AT LEVEL 4: MOLUMBO
ZSv0qxDH0ek,MOÇAMBIQUE,NAMPULA,MEMBA,FACILITY AT LEVEL 4: MEMBA
zTeHQ5rGdnX,MOÇAMBIQUE,TETE,CIDADE DE TETE,FACILITY AT LEVEL 4: CIDADE DE TETE
ZTlrL9nvfnj,MOÇAMBIQUE,ZAMBEZIA,LUGELA,FACILITY AT LEVEL 4: LUGELA
ZtrHpuMITev,MOÇAMBIQUE,SOFALA,MACHANGA,FACILITY AT LEVEL 4: MACHANGA
ztZ5lQ40koI,MOÇAMBIQUE,MAPUTO CIDADE,KAMPFUMO,FACILITY AT LEVEL 4: KAMPFUMO
zu89evsVEab,MOÇAMBIQUE,TETE,CIDADE DE TETE,FACILITY AT LEVEL 4: CIDADE DE TETE
ZUcHoysQuQu,MOÇAMBIQUE,SOFALA,BÚZI,FACILITY AT LEVEL 4: BÚZI
zUmmk32a9SC,MOÇAMBIQUE,MAPUTO PROVINCIA,MATUTUÌNE,FACILITY AT LEVEL 4: MATUTUÌNE
zurgC05mB96,MOÇAMBIQUE,MAPUTO CIDADE,KAMPFUMO,FACILITY AT LEVEL 4: KAMPFUMO
zUZ3Wwp4mF2,MOÇAMBIQUE,NAMPULA,LARDE,FACILITY AT LEVEL 4: LARDE
zvdJUbSQKLW,MOÇAMBIQUE,MANICA,MANICA,FACILITY AT LEVEL 4: MANICA
zVIAjMTsYT4,MOÇAMBIQUE,NAMPULA,RIBAUE,FACILITY AT LEVEL 4: RIBAUE
zwGNAVn6EBU,MOÇAMBIQUE,NIASSA,CUAMBA,FACILITY AT LEVEL 4: CUAMBA
ZwjNQFABZdO,MOÇAMBIQUE,MAPUTO CIDADE,KAMPFUMO,FACILITY AT LEVEL 4: KAMPFUMO
ZWqo7sFhZkX,MOÇAMBIQUE,ZAMBEZIA,MOPEIA,FACILITY AT LEVEL 4: MOPEIA
ZXLc0gG3N1C,MOÇAMBIQUE,TETE,CHIFUNDE,FACILITY AT LEVEL 4: CHIFUNDE
zY5PTJ7zhh4,MOÇAMBIQUE,TETE,ZUMBO,FACILITY AT LEVEL 4: ZUMBO
zybSbm1sdYd,MOÇAMBIQUE,ZAMBEZIA,CHINDE,FACILITY AT LEVEL 4: CHINDE
ZyRMs9Uekbz,MOÇAMBIQUE,MANICA,GURO,FACILITY AT LEVEL 4: GURO
zZ1zTtJcaxy,MOÇAMBIQUE,GAZA,MANDLAKAZI,FACILITY AT LEVEL 4: MANDLAKAZI
zz9ogeIQNkl,MOÇAMBIQUE,MAPUTO CIDADE,KAMPFUMO,FACILITY AT LEVEL 4: KAMPFUMO
ZzMEiA9Hba7,MOÇAMBIQUE,MANICA,MANICA,FACILITY AT LEVEL 4: MANICA