facility_id,admin_area_1,admin_area_2,admin_area_3,admin_area_4
A0L1KvXYiSD,Niger,Zinder,DS Goure,Commune Goure
A0MFn6k91gn,Niger,Agadez,DS Ingall,Commune Ingall
A17GOu2SJ4V,Niger,Zinder,DS Damgaram Takaya,Commune Mazamni
A1eqUY0rFka,Niger,Diffa,DS Goudoumaria,Commune Goudoumaria
A1uHksfMI5v,Niger,Tahoua,DS Tahoua Commune,Commune Tahoua Ii
A1vtvoeWygG,Niger,Agadez,DS Bilma,HD Bilma
a1XEApjslyk,Niger,Zinder,DS Zinder Ville,Commune 3è Arrondissement
a3GPr50gayw,Niger,Maradi,DS Gazaoua,Commune Gazaoua
A3kL22ePL06,Niger,Maradi,DS Tessaoua,Commune Ourafane
A3twnEeyA2r,Niger,Zinder,DS Damgaram Takaya,Commune Moa
a4kqpMa0IMC,Niger,Tahoua,DS Keita,HD Keita
A4Lz5bmS8o2,Niger,Maradi,DS Madarounfa,Commune Dan Issa
a4tCJibeNiI,Niger,Tahoua,DS Tahoua,Commune Affala
A53CYTW43NY,Niger,Niamey,DS Niamey III,Commune 3ème Arrondissement
A5C5JKaqlwc,Niger,Maradi,DS Dakoro,Commune Adjekoria
A5lXG2ojhNU,Niger,Niamey,DS Niamey IV,Commune 4ème Arrondissement
a5mh80r1HDQ,Niger,Tillaberi,DS Ouallam,Commune Simiri
a5U2FQhLaTa,Niger,Dosso,DS Dosso,Commune Dosso
a63qKaedeuw,Niger,Zinder,DS Matamèye,Commune Kantché
a6hMpXiN3jA,Niger,Zinder,DS Mirriah,Commune Droum
A6TJ5mCxBUF,Niger,Zinder,DS Tanout,HD Tanout
A6WkgW2M1Yy,Niger,Maradi,DS Dakoro,Commune Birni Lalle
A72NMwf4Rye,Niger,Dosso,DS Gaya,Commune Yélou
a7B51t2PzbD,Niger,Diffa,DS Mainé Soroa,Commune Maïné Soroa
a7dLDtw0YUG,Niger,Maradi,DS Aguié,Commune Aguie
A7MhO5WSYRk,Niger,Zinder,DS Tanout,Commune Gangara Tanout
A83mHDk03JP,Niger,Tahoua,DS Illéla,Commune Illéla
A8yMZXZPfkt,Niger,Maradi,DS Tessaoua,Commune Korgom
A9GLCfKXXQV,Niger,Niamey,DS Niamey IV,Commune 4ème Arrondissement
a9lJHr2Bsdv,Niger,Tahoua,DS Birni Konni,Commune Tsernaoua
aa6OIEWJltW,Niger,Diffa,DS N'Guigmi,Commune N'Guigmi
AABRKKK0s5s,Niger,Dosso,DS Dogon Doutchi,Commune Matankari
Aadct6eFxoA,Niger,Zinder,DS Matamèye,Commune Dan Barto
AaKBzGyxZIR,Niger,Maradi,DS Guidan Roumdji,Commune Guidan Roumdji
aAyqC6hp5uF,Niger,Zinder,DS Zinder Ville,Commune 3è Arrondissement
AB9LlK7xuWP,Niger,Agadez,DS Tchirozérine,Commune Tchirozérine
aBHhDw4mJol,Niger,Tahoua,DS Madaoua,Commune Galma
ABOrU7hq6dC,Niger,Agadez,DS Ingall,Commune Ingall
aBvKrnvYoTu,Niger,Zinder,DS Tanout,Commune Tanout
ABVWcsy3dHz,Niger,Tillaberi,DS Tera,Commune Téra
ABVyDbQH0dc,Niger,Tillaberi,DS Torodi,Commune Torodi
aC8XduoYVFT,Niger,Maradi,DS Maradi Ville,Commune Maradi 3
ac9ww1FWAo4,Niger,Tahoua,DS Bagaroua,HD Bagaroua
aCEbEpurofx,Niger,Maradi,DS Guidan Roumdji,Commune Tibiri Maradi
acPDF5AFWj9,Niger,Maradi,DS Madarounfa,Commune Madarounfa
AdcVupWpGvX,Niger,Dosso,DS Gaya,Commune Tanda
AdhdW6am7UC,Niger,Diffa,DS N'Gourti,Commune N'Gourti
aDoJOFt9i4V,Niger,Niamey,DS Niamey III,Commune 3ème Arrondissement
adUXE5vEMCD,Niger,Diffa,DS N'Guigmi,Commune N'Guigmi
ADxgEFzk04G,Niger,Tillaberi,DS Tera,Commune Kokorou
AdZcH9TOgPC,Niger,Niamey,DS Niamey II,Commune 2ème Arrondissement
aE8dpi5bXv3,Niger,Niamey,DS Niamey V,Commune 5ème Arrondissement
AeFVOiL5ID0,Niger,Agadez,DS Iferouane,Commune Iférouane
AemghRU7LDe,Niger,Zinder,DS Damgaram Takaya,Commune Kagna Wamé
AENvWBwyDuW,Niger,Tahoua,DS Abalak,Commune Akoubounou
aeq1GqtWqyS,Niger,Diffa,DS Goudoumaria,Commune Goudoumaria
AfCbwqcqs1W,Niger,Diffa,DS Mainé Soroa,Commune N'Guel Beyli
AFQPo9hP1ok,Niger,Tahoua,DS Tchintabaraden,Commune Tchintabaraden
afW9jJAn37v,Niger,Dosso,DS Dogon Doutchi,Commune Soucoucoutane
AfycwlRdJ5m,Niger,Tahoua,DS Illéla,Commune Badaguichiri
AG6MC4V0Uby,Niger,Tahoua,DS Bouza,HD Bouza
AGB2eYEvubX,Niger,Maradi,DS Mayahi,Commune Mayahi
AgBc2K87TUP,Niger,Zinder,DS Magaria,Commune Kwaya
agm1nvmlY2r,Niger,Tahoua,DS Bouza,Commune Baban Katami
agNSkpCk2E2,Niger,Zinder,DS Takeita,Commune Tirmini
agostSReLMQ,Niger,Zinder,DS Magaria,Commune Dantchiao
agqENFOb5Y3,Niger,Diffa,DS Mainé Soroa,HD Maine Soroa
AGquhSyEwYb,Niger,Zinder,DS Matamèye,Commune Tsaouni
aGqXghWmRXv,Niger,Maradi,DS Madarounfa,Commune Djiratawa
AGzZRy9lVRY,Niger,Tillaberi,DS Torodi,Commune Torodi
aH1LN2WacGh,Niger,Zinder,DS Goure,Commune Boune
aH2KbHcN1r1,Niger,Tahoua,DS Birni Konni,Commune Birni N'Konni
ahdZLRk6jzu,Niger,Tahoua,DS Madaoua,Commune Ourno
ahhjEvvDkMw,Niger,Zinder,DS Tanout,Commune Tenhya
aHiRp2RaEIW,Niger,Tillaberi,DS Tillabery,Commune Tillabéri
aHobPtTgf4X,Niger,Dosso,DS Dosso,Commune Farrey
aHRep4eD0G6,Niger,Zinder,DS Tanout,Commune Gangara Tanout
AHYyYXcXQtk,Niger,Zinder,DS Magaria,Commune Bande
AibP19CXvCr,Niger,Tahoua,DS Tassara,Commune Tassara
AIcFMkDPn3w,Niger,Zinder,DS Tanout,Commune Tenhya
aIeEiQjSN7J,Niger,Maradi,DS Dakoro,Commune Goula
aImkE6Lwz77,Niger,Tahoua,DS Tchintabaraden,Commune Tchintabaraden
aino2RQ4Qvm,Niger,Zinder,DS Matamèye,Commune Kantché
AiTBZwwoyo8,Niger,Agadez,DS Ingall,Commune Ingall
AITMvrwOVUV,Niger,Maradi,DS Mayahi,Commune Guidan Amoumoune
AIW69lzOUfl,Niger,Maradi,DS Dakoro,Commune Goula
aiXxeFA1E5x,Niger,Zinder,DS Mirriah,Commune Mirriah
aJ9yEFSH3IZ,Niger,Tahoua,DS Bouza,Commune Tabotaki
AJdbqLueRO3,Niger,Zinder,DS Takeita,Commune Dakoussa
aJLRwHKKzzF,Niger,Diffa,DS N'Gourti,Commune N'Gourti
AK98BQ44bRt,Niger,Maradi,DS Mayahi,Commune Tchake
AkbhluMR1sz,Niger,Tahoua,DS Madaoua,HD Madaoua
AkifQAcxKeQ,Niger,Tillaberi,DS Tillabery,Commune Sinder
AkRr5PA5f79,Niger,Niamey,DS Niamey II,Commune 2ème Arrondissement
AkveWckgL9w,Niger,Agadez,DS Bilma,Commune Djado
akzlhDqkKGo,Niger,Tillaberi,DS Kollo,Commune Hamdallaye
aKzY7jQGV4w,Niger,Diffa,DS Mainé Soroa,Commune Foulatari
AL32HPZ0by9,Niger,Tahoua,DS Tahoua,Commune Kalfou
Al4pov45Owr,Niger,Tahoua,DS Madaoua,Commune Madaoua
al64GyH9rhk,Niger,Zinder,DS Tanout,Commune Ollélewa
AlADyjhiNvQ,Niger,Tillaberi,DS Torodi,Commune Makalondi
aleaxGdtt4c,Niger,Maradi,DS Mayahi,Commune Mayahi
ALJ7alYJlIL,Niger,Tahoua,DS Keita,Commune Ibohamane
AloBOvMTjyx,Niger,Tahoua,DS Tchintabaraden,Commune Kaou
alyK0SzbkaQ,Niger,Zinder,DS Matamèye,Commune Mataméye
alz508Mm3HK,Niger,Niamey,DS Niamey IV,Commune 4ème Arrondissement
AmavmVXCyQR,Niger,Zinder,DS Matamèye,Commune Mataméye
AMOPQPBbgVY,Niger,Tillaberi,DS Torodi,Commune Torodi
AMqfbrSWnY0,Niger,Zinder,DS Magaria,Commune Sassoumbroum
AMqUYBlHVfw,Niger,Tahoua,DS Tahoua,Commune Barmou
amTYPQxE3Ma,Niger,Zinder,DS Tesker,Commune Tesker
anasOPGAgly,Niger,Dosso,DS Dogon Doutchi,Commune Matankari
aNAW1zT4JaM,Niger,Dosso,DS Boboye,Commune de Koygolo
anfo5n6sco4,Niger,Tahoua,DS Keita,HD Keita
ANGUnpiPwS5,Niger,Zinder,DS Mirriah,HD Mirriah
aNHd8r1T7mR,Niger,Diffa,DS Mainé Soroa,Commune Maïné Soroa
anhkHyytRqR,Niger,Maradi,DS Mayahi,Commune Kanembakache
aNntbOG034w,Niger,Maradi,DS Aguié,Commune Tchadoua
ANQ8jN1Wgkt,Niger,Niamey,DS Niamey I,Commune 1er Arrondissement
AnRNfO5tjjo,Niger,Diffa,DS Mainé Soroa,Commune Maïné Soroa
ANrYRTtCrgE,Niger,Dosso,DS Loga,Commune Falwel
AnstUAz4RJN,Niger,Tahoua,DS Madaoua,Commune Madaoua
AnYbixwU3u4,Niger,Tahoua,DS Tahoua,Commune Affala
Ao9FEa0cQu6,Niger,Zinder,DS Tesker,Commune Tesker
aoeebU4WJwt,Niger,Maradi,DS Mayahi,Commune Attantane
AOg2616VHQ7,Niger,Zinder,DS Goure,Commune Goure
AohdEJUihnT,Niger,Dosso,DS Loga,Commune Falwel
AohYV6LvUqg,Niger,Zinder,DS Zinder Ville,Commune 4è Arrondissement
AoRyEMasQvg,Niger,Tahoua,DS Tchintabaraden,Commune Kaou
aP4vZPbGOS0,Niger,Zinder,DS Doungass,Commune Mallaoua
APa4T9xCa45,Niger,Tillaberi,DS Kollo,Commune Bitinkodji
apgtnXyKzYo,Niger,Agadez,DS Tchirozérine,Commune Tchirozérine
ApkHvZ0yxXT,Niger,Dosso,DS Dosso,Commune Golle
aPOW4oStmi1,Niger,Agadez,DS Arlit,Commune Gougaram
apRpGuBoeHE,Niger,Tahoua,DS Keita,Commune Garhanga
APUvcjwY3ED,Niger,Niamey,DS Niamey I,Commune 1er Arrondissement
ApvI8rlqqfS,Niger,Zinder,DS Matamèye,Commune Doungou
APZiAxqZclP,Niger,Tillaberi,DS Tera,Commune Gorouol
aQBFNzKt2lx,Niger,Maradi,DS Madarounfa,Commune Madarounfa
AqERleVkRlb,Niger,Tillaberi,DS Kollo,Commune Karma
aQHpSBaQxXI,Niger,Dosso,DS Dosso,Commune Kargui Bangou
aQmPF6GKymH,Niger,Diffa,DS N'Guigmi,Commune N'Guigmi
aQU6Ne8uNbo,Niger,Maradi,DS Guidan Roumdji,Commune Chadakori
Ar0nEDqI99W,Niger,Maradi,DS Maradi Ville,Commune Maradi 3
Ar57gJi86RZ,Niger,Tahoua,DS Tahoua,Commune Bambeye
ArBcE7vbO5A,Niger,Niamey,DS Niamey I,Commune 1er Arrondissement
aRGFSY1GnY6,Niger,Maradi,DS Madarounfa,Commune Djiratawa
arI1mCKAA3b,Niger,Tillaberi,DS Tera,Commune Gorouol
ArIt8qNK4dq,Niger,Dosso,DS Dogon Doutchi,Commune Soucoucoutane
ArPTEW986JD,Niger,Tahoua,DS Bouza,Commune Karofane
ARWPXt38MYd,Niger,Niamey,DS Niamey I,Commune 1er Arrondissement
As15wf7yUZp,Niger,Tillaberi,DS Kollo,Commune Dantchandou
AsB8WLlq1If,Niger,Tillaberi,DS Tera,Commune Diagourou
ascUdQTHhzv,Niger,Niamey,DS Niamey III,Commune 3ème Arrondissement
aSHOSKCTURP,Niger,Tahoua,DS Keita,Commune Ibohamane
AsMwxteYXNW,Niger,Tillaberi,DS Tillabery,Commune Kourtey
aSNwOONWun1,Niger,Dosso,DS Dosso,Commune Dosso
AStJsitbAmH,Niger,Zinder,DS Goure,Commune Guidiguir
AsYOEhvf9eu,Niger,Agadez,DS Aderbissinat,Commune Aderbissanat
Asyu6rCokke,Niger,Dosso,DS Dogon Doutchi,Commune Soucoucoutane
AszkkqFwApM,Niger,Diffa,DS Goudoumaria,Commune Goudoumaria
At6V5qcmxB0,Niger,Maradi,DS Guidan Roumdji,Commune Tibiri Maradi
ATBFTpeyrcJ,Niger,Tillaberi,DS Tera,Commune Gorouol
aTGSk9HJUZz,Niger,Tahoua,DS Tahoua,Commune Takamanat
ATGyxLeFHXL,Niger,Zinder,DS Matamèye,Commune Yaouri
AtpfUf0qvtR,Niger,Maradi,DS Guidan Roumdji,HD Guidan Roumdji
aTVfkl9kGsw,Niger,Zinder,DS Doungass,Commune Dungass
aTw45Vmtkch,Niger,Zinder,DS Tanout,Commune Tenhya
AU6KEe8VclO,Niger,Niamey,DS Niamey V,Commune 5ème Arrondissement
auaHhcvcjfG,Niger,Dosso,DS Dogon Doutchi,Commune Dan Kassari
aUHsh7nBJ99,Niger,Maradi,DS Guidan Roumdji,Commune Tibiri Maradi
auIUlRfEDxA,Niger,Tillaberi,DS Kollo,Commune Kouré
AUkOq3cj8F0,Niger,Maradi,DS Tessaoua,Commune Koona
aUmc8t8JUHJ,Niger,Maradi,DS Mayahi,Commune Maireyreye
aV6GJMZwplp,Niger,Agadez,DS Ingall,Commune Ingall
AvBTM6iOaV7,Niger,Tahoua,DS Madaoua,Commune Ourno
Avc10Xu737l,Niger,Tillaberi,DS Fillingue,Commune Kourfé Centre
AvCSiZkXLAs,Niger,Dosso,DS Dioundou,Commune Zabori
AVEZR0ozXos,Niger,Niamey,DS Niamey III,Commune 3ème Arrondissement
aViPgGx8NCi,Niger,Maradi,DS Guidan Roumdji,Commune Tibiri Maradi
avnyWqrlyS4,Niger,Zinder,DS Goure,Commune Boune
aVQVHSLhHyv,Niger,Maradi,DS Madarounfa,Commune Gabi
AVTunjdrGfi,Niger,Maradi,DS Dakoro,Commune Dakoro
AvVIrbU2X94,Niger,Maradi,DS Maradi Ville,Commune Maradi 2
AVWYnyiwWUH,Niger,Zinder,DS Tanout,Commune Gangara Tanout
avyS9pJDe52,Niger,Maradi,DS Maradi Ville,Commune Maradi 3
aw00kug13ib,Niger,Maradi,DS Mayahi,HD Mayahi
AW364xyKNj7,Niger,Maradi,DS Tessaoua,Commune Maijirgui
AW3lQ1sf43m,Niger,Tahoua,DS Tahoua Commune,Commune Tahoua I
awaFlXlbmE2,Niger,Tahoua,DS Bouza,Commune Karofane
aWbuGPeuDTW,Niger,Maradi,DS Dakoro,Commune Sabonmachi
aWFPLbNalBI,Niger,Tillaberi,DS Kollo,Commune Karma
awJt3iODusY,Niger,Dosso,DS Falmey,Commune Guilladjé
AWlixJl6wMl,Niger,Zinder,DS Tanout,Commune Ollélewa
awpkgPFBAJO,Niger,Maradi,DS Mayahi,Commune Issawane
AWSjh7w91jM,Niger,Maradi,DS Maradi Ville,Commune Maradi 1
AwTCACREgmi,Niger,Zinder,DS Matamèye,Commune Ichirnawa Tagabass
AwUSnOlgSJQ,Niger,Dosso,DS Dioundou,Commune Karakara
AxBsRvJIUgg,Niger,Tillaberi,DS Gotheye,HD Gotheye
aXDMVxk1WaL,Niger,Niamey,DS Niamey II,Commune 2ème Arrondissement
AXLEMCmMLpo,Niger,Tahoua,DS Bouza,Commune Baban Katami
AXqDxprq0vZ,Niger,Diffa,DS Goudoumaria,Commune Goudoumaria
aXSxKy3M6vp,Niger,Maradi,DS Dakoro,Commune Sabonmachi
AxY1PZTEM5Y,Niger,Maradi,DS Tessaoua,Commune Tessaoua
Ay2KD1E23De,Niger,Dosso,DS Gaya,Commune Yélou
ay76R0Ws44q,Niger,Tillaberi,DS Kollo,Commune Karma
Ay8YdRgZlRA,Niger,Zinder,DS Matamèye,Commune Daouche
aykrLI4b62t,Niger,Tahoua,DS Illéla,Commune Badaguichiri
AyMpdmfbHbK,Niger,Tahoua,DS Madaoua,Commune Bangui
aYNPnazZ4KJ,Niger,Zinder,DS Zinder Ville,Commune 4è Arrondissement
ayUbuwXQvpq,Niger,Zinder,DS Mirriah,Commune Dogo
AZ39Gx9xb0A,Niger,Maradi,DS Bermo,Commune Bermo
aZ4FC3L6HSe,Niger,Zinder,DS Takeita,Commune Tirmini
AZ4Mp9tBZ8l,Niger,Dosso,DS Tibiri,Commune Kore Mairoua
aZ93VliVGbJ,Niger,Maradi,DS Mayahi,Commune Guidan Amoumoune
azble02chV6,Niger,Dosso,DS Gaya,Commune Tanda
aZfP3kZo4Qp,Niger,Tillaberi,DS Kollo,Commune Karma
azmTC1P9gwB,Niger,Maradi,DS Madarounfa,Commune Gabi
AZoHqlogthP,Niger,Niamey,DS Niamey II,Commune 2ème Arrondissement
aZoTGsnz4z4,Niger,Dosso,DS Tibiri,Commune Doumega
AzxJJf1NQi5,Niger,Zinder,DS Mirriah,Commune Zermou
AZZGzq010Gh,Niger,Tahoua,DS Birni Konni,Commune Birni N'Konni
B0cNGRwilna,Niger,Tillaberi,DS Tillabery,Commune Dessa
B0g4ZNuIBND,Niger,Tahoua,DS Bouza,Commune Allakaye
b0HDpTS2PbD,Niger,Tahoua,DS Birni Konni,Commune Birni N'Konni
b0jCQGElcwP,Niger,Maradi,DS Madarounfa,Commune Madarounfa
b0lZyBPOlY2,Niger,Dosso,DS Loga,HD Loga
b0W4tc1W0CZ,Niger,Tahoua,DS Illéla,Commune Badaguichiri
b17kJIOTpxj,Niger,Agadez,DS Ingall,Commune Ingall
b1gGZDsjmfF,Niger,Agadez,DS Agadez,Commune Agadez
b1gRiZ8ASpf,Niger,Maradi,DS Dakoro,Commune Kornaka
b1INxoSkmmX,Niger,Maradi,DS Dakoro,Commune Goula
B23eh6NgrxQ,Niger,Agadez,DS Iferouane,Commune Iférouane
B2I1Bmsa3jt,Niger,Niamey,DS Niamey I,Commune 1er Arrondissement
b2WUCT41Pu2,Niger,Maradi,DS Maradi Ville,Commune Maradi 1
B30itBOi8RP,Niger,Tahoua,DS Bagaroua,Commune Bagaroua
b3Dz2wm0cf9,Niger,Dosso,DS Tibiri,Commune Tibiri Doutchi
b3Sa5CIt7BI,Niger,Tillaberi,DS Ouallam,Commune Dingazi
b4eMZXxEzjy,Niger,Dosso,DS Dogon Doutchi,Commune Soucoucoutane
B4Hf1nZhRgA,Niger,Maradi,DS Guidan Roumdji,Commune Tibiri Maradi
B4jsHfAafAI,Niger,Dosso,DS Boboye,Commune N'Gonga
B4mvtj21MUl,Niger,Tillaberi,DS Gotheye,Commune Dargol
B4RXwPHSZYq,Niger,Tahoua,DS Tahoua,Commune Kalfou
B4u0WyVukhT,Niger,Agadez,DS Ingall,Commune Ingall
B4XMa4Yamcp,Niger,Zinder,DS Matamèye,Commune Tsaouni
B5bRFeOGgrk,Niger,Maradi,DS Mayahi,Commune Sarkin Haoussa
b5CcZC93jCs,Niger,Zinder,DS Matamèye,Commune Mataméye
B5CKj2pY1s6,Niger,Zinder,DS Magaria,Commune Dantchiao
b5DCpNl4lap,Niger,Maradi,DS Tessaoua,Commune Maijirgui
b5eWMeYqCQ7,Niger,Tahoua,DS Tahoua,Commune Kalfou
b5KZNO1DEow,Niger,Zinder,DS Goure,Commune Goure
B5vnF4d9fgz,Niger,Zinder,DS Tesker,Commune Tesker
B6pNxUp36My,Niger,Maradi,DS Maradi Ville,Commune Maradi 2
b6SeBt8OZXR,Niger,Agadez,DS Agadez,Commune Agadez
B795UoJuaHm,Niger,Tillaberi,DS Kollo,Commune Kouré
b7T8Nx1TOFC,Niger,Tahoua,DS Birni Konni,Commune Tsernaoua
b7wZs7C5WJr,Niger,Tillaberi,DS Fillingue,Commune Tondikandia
b8MThIyKCWU,Niger,Tahoua,DS Tahoua,Commune Takamanat
b8RY0oYTTf8,Niger,Tahoua,DS Bouza,Commune Allakaye
B8ZSJKjl9zo,Niger,Maradi,DS Maradi Ville,Commune Maradi 1
B93fKiuLZb3,Niger,Tahoua,DS Abalak,Commune Azeye
B96mtoOq0gh,Niger,Maradi,DS Tessaoua,Commune Ourafane
b9AQkoy1zWP,Niger,Dosso,DS Dosso,Commune Mokko
B9rLZ5Q63es,Niger,Maradi,DS Madarounfa,Commune Madarounfa
b9t06t73gxJ,Niger,Dosso,DS Loga,Commune Sokorbé
B9XTrIxoBJo,Niger,Dosso,DS Dogon Doutchi,Commune Soucoucoutane
Ba2faAVInRk,Niger,Niamey,DS Niamey V,Commune 5ème Arrondissement
BA3a7fa2BAx,Niger,Diffa,DS N'Gourti,Commune N'Gourti
BA6FNQgOjzf,Niger,Zinder,DS Goure,Commune Kelle
bAdySA5eyRb,Niger,Dosso,DS Tibiri,Commune Kore Mairoua
bAEvPPHApTd,Niger,Tahoua,DS Tahoua Commune,Commune Tahoua Ii
BAJ1rEunMcz,Niger,Agadez,DS Ingall,Commune Ingall
BaKyGThpHYC,Niger,Maradi,DS Bermo,Commune Gadabedji
baMikt6A0C2,Niger,Zinder,DS Goure,Commune Boune
baqe1sUTSrU,Niger,Diffa,DS Bosso,Commune Bosso
Baz1bIOfbvH,Niger,Tillaberi,DS Tillabery,Commune Kourtey
BBcPK1hmVu8,Niger,Tillaberi,DS Gotheye,Commune Dargol
BbDdfwxPIRu,Niger,Zinder,DS Tanout,Commune Gangara Tanout
BbHRLRUAmxG,Niger,Dosso,DS Boboye,Commune de Birni N'Gaouré
bbtvGtR3VEJ,Niger,Dosso,DS Dogon Doutchi,Commune Kieche
bBuJCVl45gd,Niger,Tahoua,DS Tchintabaraden,Commune Tchintabaraden
BBZ2dd1pdhX,Niger,Tillaberi,DS Gotheye,Commune Dargol
BC0jtGQRIzj,Niger,Tillaberi,DS Fillingue,Commune Imanan( Bonkoukou)
bca2gjARAtB,Niger,Maradi,DS Gazaoua,Commune Gazaoua
BCAUhL1wn8g,Niger,Dosso,DS Dosso,Commune Kargui Bangou
bCayQjPO3F5,Niger,Dosso,DS Tibiri,Commune Kore Mairoua
BcXdgEb7eNF,Niger,Zinder,DS Goure,Commune Guidiguir
bCZqQtKbT6K,Niger,Tahoua,DS Tahoua Commune,Commune Tahoua I
Bd0qGs2WsIV,Niger,Tillaberi,DS Kollo,Commune Kouré
bd1zNCnOr9L,Niger,Dosso,DS Falmey,Commune Falmeye
bdegB1md6zY,Niger,Zinder,DS Goure,Commune Kelle
BDjlxYT2j24,Niger,Tahoua,DS Keita,Commune Ibohamane
BDnMcg0lGkx,Niger,Agadez,DS Tchirozérine,Commune Tchirozérine
BdNYo4Ox96S,Niger,Dosso,DS Dioundou,Commune Dioundiou
BdPucrutslW,Niger,Maradi,DS Dakoro,Commune Soly
BdruqI1pUKF,Niger,Niamey,DS Niamey III,Commune 3ème Arrondissement
BdtsQefygj4,Niger,Niamey,DS Niamey III,Commune 3ème Arrondissement
BdVhL8HHMED,Niger,Tahoua,DS Madaoua,Commune Azerori
bE26qZVb7nj,Niger,Tahoua,DS Tahoua Commune,Commune Tahoua I
BE2MdqzeDYs,Niger,Agadez,DS Agadez,Commune Agadez
bE7WRTNzj3u,Niger,Tahoua,DS Bouza,Commune Tama
BedL3YssS24,Niger,Maradi,DS Dakoro,Commune Adjekoria
Bf4mfkcPfPM,Niger,Tillaberi,DS Kollo,Commune Hamdallaye
BFGHtimRdGi,Niger,Maradi,DS Tessaoua,Commune Maijirgui
BFIJ6pCmYuP,Niger,Tahoua,DS Birni Konni,Commune Bazaga
bfkeTT2XOR0,Niger,Niamey,DS Niamey IV,Commune 4ème Arrondissement
bg28FOpf22G,Niger,Maradi,DS Tessaoua,Commune Koona
Bg40pXZHNpz,Niger,Maradi,DS Mayahi,Commune Mayahi
BG9McJzU0bd,Niger,Tillaberi,DS Balleyara,Commune Tagazar
BGE93WW6E26,Niger,Dosso,DS Dosso,Commune Mokko
bGFSZiyXNBH,Niger,Diffa,DS Diffa,Commune Chétimari
bglKMVBcE5u,Niger,Maradi,DS Mayahi,Commune Kanembakache
Bh0weEmsVo9,Niger,Dosso,DS Dogon Doutchi,Commune Dan Kassari
BhGV2AT3QLt,Niger,Zinder,DS Tanout,HD Tanout
BhgZyAlYuUq,Niger,Agadez,DS Agadez,Commune Agadez
bhhxaWh09HV,Niger,Tillaberi,DS Balleyara,Commune Tagazar
bHMC0h6uwto,Niger,Tahoua,DS Birni Konni,Commune Birni N'Konni
BhNdx7SBnNc,Niger,Tillaberi,DS Tillabery,Commune Dessa
bHoXLnlXjII,Niger,Maradi,DS Guidan Roumdji,Commune Guidan Sori
Bi1Kg5VJEyJ,Niger,Tahoua,DS Birni Konni,Commune Birni N'Konni
bIInKdIVRHI,Niger,Maradi,DS Dakoro,Commune Soly
bikMPohaM6S,Niger,Dosso,DS Dosso,Commune Kargui Bangou
bIrYxfRXqgL,Niger,Niamey,DS Niamey II,Commune 2ème Arrondissement
biTSdpIkpqn,Niger,Zinder,DS Matamèye,Commune Tsaouni
BIWFL6s1SWJ,Niger,Tillaberi,DS Kollo,Commune Karma
bJ3EKMfzG7D,Niger,Agadez,DS Agadez,Commune Agadez
Bj3kK9GiWVy,Niger,Dosso,DS Tibiri,Commune Guecheme
bjevvooM8f6,Niger,Maradi,DS Dakoro,Commune Sabonmachi
bjO2FjmKK8y,Niger,Tahoua,DS Tahoua,Commune Barmou
bjvXtyiziEq,Niger,Dosso,DS Dogon Doutchi,Commune Kieche
bkfzvEruZOp,Niger,Tahoua,DS Tahoua,Commune Tébaram
BkJ8wiRvdzn,Niger,Zinder,DS Damgaram Takaya,Commune Moa
bkOsWU36I2c,Niger,Dosso,DS Tibiri,Commune Doumega
BKsP7YX1nKv,Niger,Dosso,DS Boboye,Commune de Birni N'Gaouré
BkWx1yNwiIs,Niger,Tahoua,DS Birni Konni,Commune Birni N'Konni
BkxxjowPGyP,Niger,Maradi,DS Maradi Ville,Commune Maradi 2
BkyBCdRLy01,Niger,Zinder,DS Doungass,Commune Mallaoua
bL2W7WPTWGH,Niger,Tahoua,DS Tahoua,Commune Affala
bL8cOCkL24t,Niger,Maradi,DS Madarounfa,Commune Safo
blF8jlkAOKy,Niger,Zinder,DS Matamèye,Commune Yaouri
blgWzYwpdAQ,Niger,Tillaberi,DS Fillingue,HD Filingué
BLSCFeWGUW5,Niger,Maradi,DS Dakoro,Commune Kornaka
bLwG6MjZZNm,Niger,Agadez,DS Agadez,Commune Agadez
bM2A0Jx4WO6,Niger,Niamey,DS Niamey I,Commune 1er Arrondissement
bm41nHVnjBy,Niger,Niamey,DS Niamey III,Commune 3ème Arrondissement
Bm7ZQk3xxD4,Niger,Agadez,DS Ingall,Commune Ingall
bM8VBxtFtWu,Niger,Tahoua,DS Tahoua,Commune Barmou
bmH64aEZkhZ,Niger,Tahoua,DS Madaoua,Commune Bangui
BmKNZik3CLJ,Niger,Niamey,DS Niamey III,Commune 3ème Arrondissement
bMOSFREHOXQ,Niger,Dosso,DS Dosso,Commune Dosso
bMS8FANSTeU,Niger,Dosso,DS Dosso,Commune Dosso
bMtNIBSdIpY,Niger,Zinder,DS Zinder Ville,HD Zinder
BMW8JPXEpb2,Niger,Tahoua,DS Tahoua,Commune Bambeye
BmXLH8HgEcw,Niger,Zinder,DS Matamèye,Commune Daouche
BMxMG6RXKIT,Niger,Zinder,DS Goure,Commune Guidiguir
BnA7KuxajcR,Niger,Tahoua,DS Tassara,Commune Tassara
BnLqplrG5eb,Niger,Niamey,DS Niamey I,Commune 1er Arrondissement
bnuC0VlDxev,Niger,Zinder,DS Goure,Commune Boune
bNWkf5zES8M,Niger,Dosso,DS Dosso,Commune Farrey
Bo0l1JgOyH3,Niger,Agadez,DS Tchirozérine,Commune Tchirozérine
BO2F2jVyOAR,Niger,Tahoua,DS Illéla,Commune Badaguichiri
BOEWXYBTMTc,Niger,Maradi,DS Dakoro,Commune Dakoro
boIdQo60PFa,Niger,Zinder,DS Tanout,Commune Ollélewa
bojSMoj3xKj,Niger,Zinder,DS Mirriah,Commune Dogo
BoNwE1YNpHL,Niger,Zinder,DS Magaria,HD Magaria
bOSHZc34sv8,Niger,Tahoua,DS Keita,Commune Tamaské
bOZT4NSa0Xx,Niger,Diffa,DS N'Gourti,Commune N'Gourti
BP8eqhSSZFK,Niger,Tahoua,DS Madaoua,HD Madaoua
BpMC4eUuavx,Niger,Diffa,DS N'Guigmi,HD N'Guigmi
Bpt7dOlNkDo,Niger,Tillaberi,DS Gotheye,Commune Dargol
BPupUqXbI9U,Niger,Diffa,DS Mainé Soroa,Commune Maïné Soroa
BpuqUnpeBc1,Niger,Zinder,DS Tanout,Commune Tanout
BPZ8nUYLtAO,Niger,Maradi,DS Dakoro,Commune Roumbou 1
bQ0maej6KVS,Niger,Maradi,DS Madarounfa,Commune Safo
bq4m3fwsBxB,Niger,Tillaberi,DS Kollo,Commune Karma
BQan2XfDN5o,Niger,Maradi,DS Maradi Ville,Commune Maradi 3
BqELq4GPRYe,Niger,Tahoua,DS Keita,Commune Ibohamane
bqfpBdZGlCY,Niger,Dosso,DS Boboye,Commune de Koygolo
BqInyIs6glZ,Niger,Diffa,DS N'Guigmi,HD N'Guigmi
bQjV0D2XfkM,Niger,Tillaberi,DS Kollo,Commune Hamdallaye
BqlG4jT264V,Niger,Niamey,DS Niamey IV,Commune 4ème Arrondissement
BQnV547zqGm,Niger,Maradi,DS Madarounfa,Commune Madarounfa
bQqytm6S6sy,Niger,Tahoua,DS Keita,Commune Garhanga
BQyxk2NqBZy,Niger,Tillaberi,DS Tera,Commune Méhanna
BqZZd8hxOdS,Niger,Tillaberi,DS Tera,Commune Kokorou
BR05QTr2UNL,Niger,Tahoua,DS Tassara,Commune Tassara
bR6hSxGQJyV,Niger,Agadez,DS Ingall,Commune Ingall
BrCGwF6AWAG,Niger,Dosso,DS Falmey,Commune Falmeye
bRUJhcVAHCN,Niger,Niamey,DS Niamey II,Commune 2ème Arrondissement
BS3Fax3BqVW,Niger,Diffa,DS Mainé Soroa,HD Maine Soroa
bsaBpkOkKry,Niger,Tahoua,DS Malbaza,Commune Doguaraoua
bSAI6btvENi,Niger,Tahoua,DS Keita,Commune Garhanga
BsDOD3qwMar,Niger,Agadez,DS Iferouane,Commune Iférouane
bsEg6npeJJf,Niger,Niamey,DS Niamey II,Commune 2ème Arrondissement
BsFMfH7N25O,Niger,Tillaberi,DS Say,Commune Say
bSiDc2VZ8wR,Niger,Maradi,DS Dakoro,Commune Maiyara
bsojEA3biNO,Niger,Maradi,DS Maradi Ville,Commune Maradi 3
BSOOxmr0DYE,Niger,Tahoua,DS Abalak,Commune Azeye
BsuvHdqUSg2,Niger,Diffa,DS Mainé Soroa,HD Maine Soroa
BsVrXMXMvJK,Niger,Tahoua,DS Abalak,Commune Tabalak
BtE8l4cCkvj,Niger,Tillaberi,DS Tera,Commune Méhanna
BtEK55f2kzi,Niger,Maradi,DS Guidan Roumdji,Commune Sae Saboua
btFU0SP1MrZ,Niger,Tahoua,DS Madaoua,Commune Ourno
btHR4bDTco4,Niger,Tahoua,DS Keita,Commune Tamaské
btn2TfM979h,Niger,Niamey,DS Niamey III,Commune 3ème Arrondissement
BTRpXEmsWIq,Niger,Tahoua,DS Tahoua Commune,Commune Tahoua I
bTrZcZvOu9U,Niger,Tahoua,DS Tchintabaraden,Commune Tchintabaraden
BtW0QVRtYWt,Niger,Tillaberi,DS Ouallam,HD Ouallam
btZlmwYLLmM,Niger,Tillaberi,DS Ayorou,Commune Ayorou
bTZmguTAEpD,Niger,Dosso,DS Boboye,Commune de Birni N'Gaouré
BU0jhzatR9v,Niger,Niamey,DS Niamey IV,Commune 4ème Arrondissement
Bu1iHHyN7Wk,Niger,Dosso,DS Boboye,Commune de Harikanassou
bU6kJRT8jdF,Niger,Zinder,DS Damgaram Takaya,Commune Guidimouni
bULh9HzfSh0,Niger,Dosso,DS Dosso,Commune Kargui Bangou
bUTtMp2Er7M,Niger,Zinder,DS Magaria,Commune Magaria
bUwK1CLnoMl,Niger,Niamey,DS Niamey I,Commune 1er Arrondissement
bV2zbEzdmeR,Niger,Maradi,DS Tessaoua,Commune Tessaoua
BvE3knBsXpi,Niger,Maradi,DS Dakoro,Commune Sabonmachi
BvHKqrtwgif,Niger,Maradi,DS Dakoro,Commune Kornaka
bVsL3BRVWYW,Niger,Tillaberi,DS Gotheye,HD Gotheye
bvTn8vOfxNN,Niger,Tahoua,DS Tahoua,Commune Kalfou
BVxSvIPnrhX,Niger,Tillaberi,DS Gotheye,Commune Dargol
BvZhp5pNjiy,Niger,Tahoua,DS Tahoua,Commune Takamanat
BWDQq53rk37,Niger,Tahoua,DS Keita,Commune Garhanga
bwnb4yWxsxF,Niger,Zinder,DS Mirriah,Commune Droum
BwnP4Qc2mKp,Niger,Maradi,DS Mayahi,Commune Maireyreye
BwpYXG9piLF,Niger,Zinder,DS Tanout,Commune Tanout
BwqQfdj2Kt3,Niger,Tahoua,DS Abalak,Commune Akoubounou
bwVYfiV0g2h,Niger,Maradi,DS Aguié,Commune Aguie
bx8b3iqsS54,Niger,Maradi,DS Dakoro,Commune Kornaka
bxb3fyAQQJt,Niger,Dosso,DS Dioundou,Commune Dioundiou
BxOKIeit9Bu,Niger,Dosso,DS Tibiri,Commune Tibiri Doutchi
bxqfkz6BRnp,Niger,Tahoua,DS Bouza,HD Bouza
bXThnrYeLY3,Niger,Tillaberi,DS Ouallam,Commune Simiri
BXtigyUrQpN,Niger,Niamey,DS Niamey III,Commune 3ème Arrondissement
bxVUJht2thy,Niger,Diffa,DS Diffa,Commune Chétimari
bXy148YItlt,Niger,Zinder,DS Mirriah,Commune Zermou
BXYNnb7q7N0,Niger,Niamey,DS Niamey III,Commune 3ème Arrondissement
bY3UJXEJSoO,Niger,Niamey,DS Niamey IV,Commune 4ème Arrondissement
by8wjcEdtzQ,Niger,Tillaberi,DS Kollo,Commune Kollo
bYb4aknUars,Niger,Diffa,DS N'Guigmi,Commune N'Guigmi
Bybs24yXwWa,Niger,Tahoua,DS Tassara,Commune Tassara
bYej2tXPttk,Niger,Tahoua,DS Tahoua,Commune Kalfou
bYRmYdnpv0e,Niger,Zinder,DS Magaria,Commune Kwaya
bysIy9mvkfv,Niger,Zinder,DS Mirriah,Commune Mirriah
ByVulofQCWC,Niger,Tahoua,DS Birni Konni,Commune Alléla
bz0OMgU4v02,Niger,Agadez,DS Tchirozérine,Commune Tchirozérine
bZ2ldUPTIdE,Niger,Zinder,DS Zinder Ville,Commune 1er Arrondissement
BZ4YDZHL69C,Niger,Tahoua,DS Madaoua,Commune Madaoua
bzGgsNn4dI0,Niger,Agadez,DS Tchirozérine,Commune Tabelot
bZrPFBFRqvU,Niger,Maradi,DS Gazaoua,Commune Gangara Gazaoua
c0KlRG5Qae6,Niger,Tillaberi,DS Fillingue,HD Filingué
C0LX1PDkWMz,Niger,Zinder,DS Mirriah,Commune Gouna
C1IMUK5ULoF,Niger,Agadez,DS Agadez,Commune Agadez
C1iPKc8fqGX,Niger,Tahoua,DS Bouza,Commune Bouza
c1qh5DuvvGy,Niger,Dosso,DS Dosso,Commune Mokko
C2xFW0usiZW,Niger,Tahoua,DS Abalak,Commune Abalak
C2YuLCBE9Nc,Niger,Agadez,DS Arlit,Commune Gougaram
c2yY1zW2Kom,Niger,Maradi,DS Madarounfa,Commune Gabi
c41xhMSI39O,Niger,Tillaberi,DS Abala,Commune Sanam
C46ZzpDYukE,Niger,Dosso,DS Tibiri,Commune Tibiri Doutchi
c49db0QxY8p,Niger,Zinder,DS Tesker,Commune Tesker
c4oarJQzZ88,Niger,Niamey,DS Niamey II,Commune 2ème Arrondissement
c4tov5CXPWs,Niger,Tahoua,DS Tchintabaraden,Commune Tchintabaraden
c4yu0bw9soU,Niger,Zinder,DS Matamèye,HD Matameye
C5o6Caj3vHE,Niger,Zinder,DS Zinder Ville,Commune 3è Arrondissement
c5odRRKR6Fo,Niger,Zinder,DS Damgaram Takaya,Commune Mazamni
c5P4yX8nlTL,Niger,Tahoua,DS Illéla,Commune Illéla
C60UB38u3uq,Niger,Dosso,DS Dogon Doutchi,Commune Doutchi
C6Hi4LMU6qX,Niger,Agadez,DS Ingall,Commune Ingall
c6JPLwDv9Lb,Niger,Tillaberi,DS Tillabery,Commune Anzourou
C7bfpGbTsNz,Niger,Maradi,DS Maradi Ville,Commune Maradi 2
C7ItQmR0A2E,Niger,Maradi,DS Tessaoua,Commune Korgom
C7nEJUZNI1d,Niger,Zinder,DS Matamèye,Commune Yaouri
C7PZZzdbykq,Niger,Tillaberi,DS Balleyara,Commune Tagazar
C7rXAuI3X0Y,Niger,Zinder,DS Mirriah,Commune Gaffaty
C8jpDmnGDCj,Niger,Maradi,DS Tessaoua,Commune Baoudeta
C8KPGnDSkPV,Niger,Zinder,DS Mirriah,Commune Dogo
C8SyQao86O9,Niger,Diffa,DS Mainé Soroa,HD Maine Soroa
C9mMuZc5Atk,Niger,Zinder,DS Matamèye,Commune Dan Barto
c9VhfShSRj1,Niger,Maradi,DS Aguié,Commune Aguie
C9YqI9Ij9rQ,Niger,Tahoua,DS Madaoua,Commune Madaoua
CA4vodqjOO1,Niger,Maradi,DS Tessaoua,Commune Tessaoua
cac9WeOafWI,Niger,Tahoua,DS Keita,Commune Ibohamane
CaCnJcjOaOO,Niger,Niamey,DS Niamey III,Commune 3ème Arrondissement
cAD2kQujdT0,Niger,Maradi,DS Mayahi,Commune Mayahi
cAEjguF9VKX,Niger,Tahoua,DS Illéla,Commune Badaguichiri
caKCzHzPQgU,Niger,Tahoua,DS Bagaroua,Commune Bagaroua
caLlz68SpGj,Niger,Tahoua,DS Abalak,Commune Akoubounou
CaoNi0zxDpN,Niger,Maradi,DS Dakoro,Commune Dakoro
CaonYcnzlbJ,Niger,Zinder,DS Matamèye,Commune Doungou
caoRh7UCc2z,Niger,Tahoua,DS Malbaza,Commune Malbaza
CAvn6sVtQB5,Niger,Zinder,DS Tanout,Commune Falenco
CaXMXJc0Vr2,Niger,Niamey,DS Niamey III,Commune 3ème Arrondissement
cayQX4oxYHI,Niger,Dosso,DS Dogon Doutchi,Commune Doutchi
CB3YN4bdnxT,Niger,Niamey,DS Niamey II,Commune 2ème Arrondissement
CBAawfIaPbN,Niger,Tillaberi,DS Fillingue,Commune Filingué
CbfVYKanmVO,Niger,Maradi,DS Maradi Ville,Commune Maradi 3
CbhepD4OA11,Niger,Tillaberi,DS Tera,Commune Gorouol
cBsfiA73uRW,Niger,Maradi,DS Dakoro,Commune Kornaka
CBVDoHnRbM1,Niger,Tahoua,DS Madaoua,Commune Madaoua
cC0JlWtQznf,Niger,Dosso,DS Dogon Doutchi,Commune Kieche
cC6XG3IaZL7,Niger,Dosso,DS Tibiri,Commune Kore Mairoua
CcdK5DAlHwR,Niger,Dosso,DS Loga,Commune Falwel
Ccg9SCEHoAb,Niger,Niamey,DS Niamey V,Commune 5ème Arrondissement
CcNl0OfoAxD,Niger,Zinder,DS Goure,Commune Gamou
CcPS4iMfZaM,Niger,Niamey,DS Niamey III,Commune 3ème Arrondissement
CCQSuBOQWSm,Niger,Tillaberi,DS Gotheye,Commune Gotheye
CcrDaC5I4e7,Niger,Tahoua,DS Birni Konni,Commune Birni N'Konni
ccUVj3lmhho,Niger,Maradi,DS Tessaoua,Commune Ourafane
Ccx3wgO2bV1,Niger,Maradi,DS Mayahi,Commune Issawane
Cd27i3o1yxF,Niger,Tillaberi,DS Tera,Commune Méhanna
CdfRPlkxiak,Niger,Maradi,DS Dakoro,Commune Kornaka
cdg9cVmR8Xc,Niger,Zinder,DS Tanout,Commune Gangara Tanout
cdGKIvdgUIS,Niger,Diffa,DS Diffa,Commune Gueskerou
cDmKisUJzFX,Niger,Maradi,DS Madarounfa,Commune Djiratawa
CdnvulqKcoW,Niger,Maradi,DS Guidan Roumdji,HD Guidan Roumdji
cdPx77Uy8BE,Niger,Maradi,DS Dakoro,Commune Kornaka
cdr4vVvYlTk,Niger,Niamey,DS Niamey I,Commune 1er Arrondissement
CDwIeuFRNbw,Niger,Tahoua,DS Madaoua,Commune Bangui
CefSyNrsF3I,Niger,Dosso,DS Dogon Doutchi,Commune Kieche
Cek435ukZ9N,Niger,Maradi,DS Dakoro,Commune Dakoro
CeLEjoIpKLW,Niger,Maradi,DS Gazaoua,Commune Gangara Gazaoua
CEnE3n03Gvl,Niger,Maradi,DS Guidan Roumdji,Commune Chadakori
cEoIAIGxHaP,Niger,Niamey,DS Niamey I,Commune 1er Arrondissement
cetl5Q9HlYT,Niger,Zinder,DS Mirriah,Commune Dogo
CEvjHp1zs3Y,Niger,Agadez,DS Agadez,Commune Agadez
ceWn9DRvBUa,Niger,Tillaberi,DS Fillingue,HD Filingué
CF67txTMczd,Niger,Tillaberi,DS Kollo,Commune Karma
CFBASYA1sbk,Niger,Tahoua,DS Tahoua,Commune Kalfou
CFDG6050GRT,Niger,Dosso,DS Dosso,Commune Tessa
Cff8RJou2Qq,Niger,Tahoua,DS Tahoua,Commune Kalfou
cfHvrdZxx7C,Niger,Zinder,DS Tanout,Commune Tanout
cfJwHZj2fvA,Niger,Dosso,DS Dogon Doutchi,Commune Matankari
CFl6vVqlx0Q,Niger,Zinder,DS Magaria,Commune Bande
cFLNWWR83fg,Niger,Zinder,DS Tanout,Commune Tanout
cFlPbYlqpdQ,Niger,Zinder,DS Damgaram Takaya,Commune Guidimouni
CfMqr8nU6zV,Niger,Diffa,DS Goudoumaria,Commune Goudoumaria
CfNzTFJ1wod,Niger,Zinder,DS Goure,Commune Guidiguir
cFpbx4alECs,Niger,Tahoua,DS Bouza,Commune Tama
cfV84kuMqTU,Niger,Zinder,DS Matamèye,Commune Ichirnawa Tagabass
CFz4YIzXtaY,Niger,Niamey,DS Niamey IV,Commune 4ème Arrondissement
Cgwr7PcIF5L,Niger,Tillaberi,DS Tillabery,Commune Tillabéri
cgxg7Mg1AT7,Niger,Zinder,DS Belbedji,Commune Tarka
CH79hZzmzIa,Niger,Zinder,DS Mirriah,Commune Mirriah
ChEoWtMzRE3,Niger,Maradi,DS Mayahi,Commune Issawane
chhAhrm0AdK,Niger,Tillaberi,DS Gotheye,Commune Dargol
chjaBVGjiW9,Niger,Zinder,DS Tanout,Commune Tanout
CHTEZVQq0JM,Niger,Tahoua,DS Tahoua,Commune Kalfou
cHUBhKiyzY1,Niger,Zinder,DS Matamèye,Commune Kantché
chxfou1RdZ7,Niger,Tahoua,DS Bouza,Commune Karofane
Ci7JCJeQbBE,Niger,Maradi,DS Dakoro,Commune Adjekoria
CieJVRbmsa5,Niger,Tahoua,DS Keita,Commune Keita
CiitdCv9IQV,Niger,Diffa,DS N'Guigmi,HD N'Guigmi
CikE8XM9pQy,Niger,Maradi,DS Maradi Ville,Commune Maradi 1
CiOIXvtRzPW,Niger,Dosso,DS Falmey,Commune Guilladjé
cIrkuo22cJa,Niger,Niamey,DS Niamey II,Commune 2ème Arrondissement
CJbmbkhjSnP,Niger,Dosso,DS Dosso,Commune Dosso
CjqvEWGAiKz,Niger,Diffa,DS N'Guigmi,Commune N'Guigmi
cJrNkrKaWRz,Niger,Zinder,DS Magaria,Commune Wacha
CjtRL1l8Sny,Niger,Tahoua,DS Illéla,Commune Badaguichiri
CJUXgZQM1cR,Niger,Tahoua,DS Madaoua,Commune Sabon Guida
cjXIZ4jnTKl,Niger,Zinder,DS Damgaram Takaya,Commune Guidimouni
cKBflseEPOc,Niger,Agadez,DS Tchirozérine,Commune Dabaga
cKbpn0nSkld,Niger,Zinder,DS Magaria,Commune Magaria
ckjvIxanRo6,Niger,Agadez,DS Bilma,Commune Dirkou
ckLfNnvpUbj,Niger,Tillaberi,DS Kollo,Commune N'Dounga
CKmvGS1caRz,Niger,Diffa,DS Diffa,Commune Chétimari
cKOKJDziUnz,Niger,Maradi,DS Aguié,Commune Tchadoua
cKSciZmsQfS,Niger,Tillaberi,DS Tillabery,Commune Dessa
cLBMdBlgV3e,Niger,Maradi,DS Dakoro,Commune Kornaka
CLeTFRHFgyC,Niger,Zinder,DS Takeita,Commune Dakoussa
CLfsNGuVbOA,Niger,Agadez,DS Bilma,HD Bilma
CLJNcItmpDF,Niger,Zinder,DS Belbedji,Commune Tarka
CLJyCe0dYqy,Niger,Maradi,DS Guidan Roumdji,Commune Tibiri Maradi
cLsjqP3HU34,Niger,Tillaberi,DS Tera,HD Téra
clvtggp2V1y,Niger,Tillaberi,DS Fillingue,Commune Filingué
CLvX4DtJtYQ,Niger,Zinder,DS Mirriah,Commune Droum
cm0HINIiv1B,Niger,Tahoua,DS Keita,HD Keita
cm20PCEZH4a,Niger,Tahoua,DS Keita,Commune Tamaské
cM8g7v7J7mG,Niger,Niamey,DS Niamey I,Commune 1er Arrondissement
cm9OdlbJWgR,Niger,Zinder,DS Goure,Commune Goure
CmalPrAsmqV,Niger,Dosso,DS Dosso,Commune Mokko
Cmbs1qm8vQj,Niger,Zinder,DS Tesker,Commune Tesker
cmIbB6Cd5uu,Niger,Tahoua,DS Birni Konni,Commune Birni N'Konni
cMjcnF1wrec,Niger,Tahoua,DS Bagaroua,Commune Bagaroua
CMNYY3txxYF,Niger,Zinder,DS Mirriah,Commune Dogo
cMQwyS2SVWH,Niger,Tahoua,DS Bagaroua,Commune Bagaroua
cMRNx00sLkD,Niger,Dosso,DS Gaya,Commune Bana
cmzLilFhahM,Niger,Agadez,DS Iferouane,Commune Timia
cndjAP6mowi,Niger,Maradi,DS Tessaoua,Commune Baoudeta
cNEZ5u7x5QY,Niger,Niamey,DS Niamey IV,Commune 4ème Arrondissement
cnInoa0B5ss,Niger,Zinder,DS Mirriah,Commune Droum
CnPVYAQCGVv,Niger,Tillaberi,DS Ouallam,Commune Ouallam
cNryMFF8DEI,Niger,Zinder,DS Zinder Ville,HD Zinder
CNs1tkGEvRF,Niger,Niamey,DS Niamey I,Commune 1er Arrondissement
cntcITDdDOZ,Niger,Maradi,DS Guidan Roumdji,Commune Guidan Sori
CnwMx9bepH4,Niger,Dosso,DS Dogon Doutchi,Commune Soucoucoutane
cO1pNhPCNVi,Niger,Agadez,DS Arlit,Commune Arlit
CO9dHOqCv3l,Niger,Zinder,DS Damgaram Takaya,Commune Moa
cOM54kiBkAe,Niger,Zinder,DS Matamèye,Commune Kantché
coNpbZ093eZ,Niger,Dosso,DS Boboye,Commune de Koygolo
CoRHLyjB9XW,Niger,Tillaberi,DS Fillingue,Commune Tondikandia
covU5JtTx1N,Niger,Niamey,DS Niamey I,Commune 1er Arrondissement
cP8Gy0k76qp,Niger,Tillaberi,DS Ouallam,Commune Tondikiwindi
CPb7rob5tAF,Niger,Tahoua,DS Illéla,Commune Tajaé
CpBxPxWTjE3,Niger,Dosso,DS Boboye,Commune de Birni N'Gaouré
cPClwh4kKQx,Niger,Zinder,DS Tesker,Commune Tesker
cpDfM4rXFHf,Niger,Maradi,DS Gazaoua,Commune Gangara Gazaoua
CPDIThQY4Zj,Niger,Dosso,DS Tibiri,Commune Guecheme
CpGNEEaj763,Niger,Maradi,DS Tessaoua,Commune Ourafane
CPHpag6LeuU,Niger,Dosso,DS Dogon Doutchi,Commune Doutchi
CPILh0Q0q8k,Niger,Dosso,DS Falmey,Commune Guilladjé
CpR1dxhdWAH,Niger,Agadez,DS Tchirozérine,Commune Dabaga
cpzGe0mUw0Q,Niger,Niamey,DS Niamey II,Commune 2ème Arrondissement
CQ0E6Fb1kfE,Niger,Maradi,DS Dakoro,Commune Adjekoria
cq2eOrUak4e,Niger,Niamey,DS Niamey II,Commune 2ème Arrondissement
CqD4zq3lwJS,Niger,Dosso,DS Tibiri,Commune Guecheme
cQHYMtFFfE4,Niger,Agadez,DS Bilma,Commune Dirkou
CqkYKvNwIdh,Niger,Zinder,DS Goure,Commune Goure
cQptKWX0tBm,Niger,Maradi,DS Guidan Roumdji,Commune Guidan Roumdji
CQqW80guqor,Niger,Agadez,DS Aderbissinat,Commune Aderbissanat
CqrPL0OXGst,Niger,Zinder,DS Tesker,Commune Tesker
CQX0MTsxmyM,Niger,Tillaberi,DS Say,Commune Say
cqzEy2sIeDv,Niger,Maradi,DS Guidan Roumdji,Commune Guidan Sori
cr88KyPsRP6,Niger,Niamey,DS Niamey IV,Commune 4ème Arrondissement
CrH27m4Oa1Q,Niger,Tahoua,DS Bouza,HD Bouza
CrJiGvkrs9w,Niger,Tillaberi,DS Balleyara,Commune Tagazar
CRO0C7elo2H,Niger,Tahoua,DS Birni Konni,Commune Birni N'Konni
cS59DZ7xE98,Niger,Tahoua,DS Tassara,Commune Tassara
CS7ml1zD0fX,Niger,Zinder,DS Damgaram Takaya,Commune Damagaram Takaya
csFWJeANUI8,Niger,Tillaberi,DS Say,Commune Say
cSGsLKB63Nv,Niger,Tillaberi,DS Kollo,Commune Hamdallaye
CSHEqTdGvnw,Niger,Diffa,DS N'Gourti,Commune N'Gourti
CSlRZHw1Eae,Niger,Zinder,DS Goure,Commune Alakos
cSMGC0yii3G,Niger,Tahoua,DS Birni Konni,Commune Birni N'Konni
CSSAJOhYFUY,Niger,Zinder,DS Damgaram Takaya,HD Damagaram Takaya
Ct5EHUsfS9I,Niger,Tahoua,DS Tchintabaraden,Commune Tchintabaraden
ct9fZrIsdJr,Niger,Tahoua,DS Bouza,Commune Baban Katami
cT9SSTuSk8Y,Niger,Diffa,DS Diffa,Commune Gueskerou
CTapCB9QDKB,Niger,Zinder,DS Magaria,Commune Sassoumbroum
ctCggmkS3i1,Niger,Tahoua,DS Abalak,Commune Azeye
CTEftJIEBtC,Niger,Dosso,DS Gaya,HD Gaya
cTG6yBkzLDV,Niger,Zinder,DS Zinder Ville,Commune 1er Arrondissement
cThpG5KxTdR,Niger,Maradi,DS Aguié,Commune Aguie
CTjzyUwFrGl,Niger,Zinder,DS Doungass,Commune Mallaoua
cTpM7fdjzSD,Niger,Maradi,DS Maradi Ville,Commune Maradi 1
CTVfvyIwBun,Niger,Maradi,DS Maradi Ville,Commune Maradi 3
Cu1h4AcKM7U,Niger,Dosso,DS Loga,Commune Falwel
cUf9hjRWStL,Niger,Niamey,DS Niamey V,Commune 5ème Arrondissement
cUqzdu1DEVY,Niger,Zinder,DS Tesker,Commune Tesker
CUTPuEYXk5i,Niger,Tillaberi,DS Kollo,Commune Karma
cvfJhh5CNUW,Niger,Zinder,DS Belbedji,Commune Tarka
CVkYXq0nK8j,Niger,Maradi,DS Tessaoua,Commune Ourafane
CVmZBNLhFzW,Niger,Maradi,DS Guidan Roumdji,Commune Chadakori
cvQCQej6BuO,Niger,Zinder,DS Magaria,Commune Kwaya
CVWGy9OSbeJ,Niger,Zinder,DS Takeita,Commune Dakoussa
cvWnsENAPPc,Niger,Maradi,DS Guidan Roumdji,Commune Sae Saboua
CVyfgrk3WJk,Niger,Tahoua,DS Bouza,Commune Allakaye
CWcWVelJQIc,Niger,Tillaberi,DS Abala,Commune Sanam
cwj0oQq0NKB,Niger,Tillaberi,DS Bankilare,Commune Bankillaré
cWJFiXzilBQ,Niger,Tillaberi,DS Kollo,Commune Liboré
cWp8cQ61H7Q,Niger,Agadez,DS Tchirozérine,Commune Dabaga
CWu1T5nfR3W,Niger,Zinder,DS Goure,Commune Guidiguir
CWzTF9GPMmD,Niger,Tillaberi,DS Tera,Commune Diagourou
cx5WQWVw7RM,Niger,Zinder,DS Zinder Ville,Commune 4è Arrondissement
CxBhSubT5pC,Niger,Tahoua,DS Illéla,Commune Badaguichiri
CXCtrtHv1CT,Niger,Tahoua,DS Bouza,Commune Tabotaki
cxjpLJfqGHW,Niger,Niamey,DS Niamey I,Commune 1er Arrondissement
cXnJE93TTtj,Niger,Maradi,DS Tessaoua,Commune Maijirgui
CXNuewahDt9,Niger,Maradi,DS Dakoro,Commune Adjekoria
CXOzLwZDN5O,Niger,Niamey,DS Niamey I,Commune 1er Arrondissement
CxXaD7aoEoY,Niger,Maradi,DS Madarounfa,Commune Djiratawa
cy51Yey8UCh,Niger,Tillaberi,DS Fillingue,Commune Tondikandia
cy5XN9Dx8e4,Niger,Dosso,DS Dioundou,Commune Karakara
CY8NQI02row,Niger,Dosso,DS Falmey,Commune Falmeye
cY9K6GxBaoO,Niger,Tahoua,DS Birni Konni,Commune Tsernaoua
cYUtgA09iW1,Niger,Tillaberi,DS Banibangou,Commune Banibangou
cyvV1RIj699,Niger,Dosso,DS Dogon Doutchi,Commune Matankari
CyxBCLeH6FO,Niger,Dosso,DS Dosso,Commune Sambera
Cz2Sn6bIQmw,Niger,Tillaberi,DS Say,Commune Tamou
czEyIX8Dj1z,Niger,Maradi,DS Dakoro,Commune Dakoro
cZHIJQfWAAO,Niger,Tillaberi,DS Ouallam,Commune Ouallam
czLeVXqXrrQ,Niger,Maradi,DS Maradi Ville,Commune Maradi 2
CzqdZBoxtLH,Niger,Tahoua,DS Keita,HD Keita
czt3Ovbu6hA,Niger,Tillaberi,DS Torodi,Commune Torodi
CZXCT0JYcy8,Niger,Agadez,DS Tchirozérine,Commune Dabaga
czZ5jYKOCtl,Niger,Zinder,DS Tesker,Commune Tesker
D0ekpjQh8pp,Niger,Dosso,DS Loga,Commune Loga
D0wVsv3afE7,Niger,Tahoua,DS Madaoua,Commune Bangui
d1bXGID6c6B,Niger,Maradi,DS Guidan Roumdji,Commune Guidan Roumdji
d1iEqpRbAG0,Niger,Tillaberi,DS Say,Commune Say
D1r2Na23VQ6,Niger,Tahoua,DS Madaoua,Commune Sabon Guida
d1Z9Olx8Avl,Niger,Zinder,DS Magaria,Commune Dantchiao
d2H6ZJLD5UG,Niger,Maradi,DS Dakoro,Commune Kornaka
d2pt9XXEeXC,Niger,Niamey,DS Niamey I,Commune 1er Arrondissement
d3h9NuhK4RJ,Niger,Maradi,DS Guidan Roumdji,Commune Guidan Sori
D4275rfONAC,Niger,Diffa,DS Goudoumaria,Commune Goudoumaria
D47zsVG8Rol,Niger,Niamey,DS Niamey III,Commune 3ème Arrondissement
d48FkmRoJwf,Niger,Dosso,DS Tibiri,Commune Guecheme
D49rSHmaoFz,Niger,Maradi,DS Mayahi,Commune Mayahi
d4iXfFM5YH6,Niger,Maradi,DS Tessaoua,Commune Korgom
d4StN7IvLqs,Niger,Diffa,DS N'Guigmi,Commune N'Guigmi
d59EsGn3yRR,Niger,Niamey,DS Niamey I,Commune 1er Arrondissement
d5jeLEyHkSE,Niger,Zinder,DS Tesker,Commune Tesker
d5pyxNvkKbB,Niger,Diffa,DS N'Gourti,Commune N'Gourti
D5SCgnwoUEq,Niger,Tahoua,DS Illéla,Commune Badaguichiri
D5USG82srzW,Niger,Dosso,DS Boboye,Commune de Koygolo
d6E4TdBtdaO,Niger,Zinder,DS Doungass,Commune Dungass
d6UBxvdDxSt,Niger,Dosso,DS Dogon Doutchi,Commune Dan Kassari
d6yCjEIiLnJ,Niger,Niamey,DS Niamey III,Commune 3ème Arrondissement
D6zIfCyfYae,Niger,Niamey,DS Niamey V,Commune 5ème Arrondissement
d7MDA2DzJBG,Niger,Diffa,DS Bosso,Commune Bosso
D7o5gvvdVbP,Niger,Zinder,DS Doungass,Commune Dungass
d7ZbiVPl5GK,Niger,Tahoua,DS Tahoua,Commune Barmou
D82R59hZXag,Niger,Agadez,DS Tchirozérine,Commune Tchirozérine
d8iYCiFZjuQ,Niger,Agadez,DS Arlit,Commune Dannat
d8K9EnqFL0t,Niger,Tillaberi,DS Gotheye,Commune Gotheye
D8nW0xBgAEG,Niger,Tillaberi,DS Ouallam,Commune Simiri
D8Yfjku37la,Niger,Zinder,DS Mirriah,Commune Droum
d92b1m656UR,Niger,Maradi,DS Guidan Roumdji,Commune Tibiri Maradi
d9kx9lBH9xw,Niger,Tillaberi,DS Kollo,Commune Dantchandou
D9LiZAHPgJe,Niger,Tahoua,DS Tahoua,Commune Kalfou
d9WfkV7IO3v,Niger,Agadez,DS Agadez,Commune Agadez
dAhympPUPbL,Niger,Tahoua,DS Malbaza,Commune Malbaza
DaJMRDj0oC8,Niger,Dosso,DS Loga,HD Loga
dAJQF6cKdIt,Niger,Zinder,DS Damgaram Takaya,HD Damagaram Takaya
daKTbB1tQnb,Niger,Zinder,DS Magaria,Commune Wacha
DAPd7OYZtcW,Niger,Tahoua,DS Keita,Commune Tamaské
dAuqmRPbBPc,Niger,Tahoua,DS Madaoua,Commune Madaoua
daV0TXI9sRj,Niger,Niamey,DS Niamey V,HD Gaweye
daVwgXDAcod,Niger,Maradi,DS Tessaoua,Commune Tessaoua
daXgEORVm1n,Niger,Tillaberi,DS Kollo,Commune Karma
dB0pGlEpdl2,Niger,Zinder,DS Takeita,Commune Garagoumsa
DB5vguIUO91,Niger,Tillaberi,DS Tillabery,Commune Kourtey
Db8RBJ4KrFL,Niger,Maradi,DS Tessaoua,Commune Hawan Dawaki
DbdpbFYKSjX,Niger,Tahoua,DS Tchintabaraden,HD Tchintabaraden
DbFi24np9lh,Niger,Tillaberi,DS Bankilare,Commune Bankillaré
dbg02xVTFsD,Niger,Zinder,DS Matamèye,Commune Dan Barto
Dbg1KShkaq7,Niger,Dosso,DS Falmey,Commune Falmeye
dBHrdTWmdnY,Niger,Dosso,DS Dogon Doutchi,Commune Dan Kassari
dbkVTi8P8p3,Niger,Niamey,DS Niamey IV,Commune 4ème Arrondissement
dBSRxm79KkZ,Niger,Tahoua,DS Tahoua,Commune Kalfou
dC79J0SqhcD,Niger,Niamey,DS Niamey I,Commune 1er Arrondissement
dc7qh3wjEe5,Niger,Tillaberi,DS Say,Commune Guéladjo
DcB9S9s0fv5,Niger,Diffa,DS Diffa,Commune Gueskerou
DCGhIIlec1r,Niger,Niamey,DS Niamey II,Commune 2ème Arrondissement
dcLiuu2xIiT,Niger,Maradi,DS Guidan Roumdji,Commune Chadakori
DcpXhoAw7pa,Niger,Maradi,DS Dakoro,Commune Adjekoria
dCqX5MqUaRq,Niger,Dosso,DS Boboye,Commune de Koygolo
dCrA0Qia8yi,Niger,Niamey,DS Niamey IV,Commune 4ème Arrondissement
dCrTKsLtzJk,Niger,Maradi,DS Tessaoua,Commune Tessaoua
dCRwq9vx9BI,Niger,Tahoua,DS Tahoua,Commune Barmou
DcuvYRbWc8Z,Niger,Dosso,DS Boboye,Commune de Koygolo
dcXP85aOrT0,Niger,Maradi,DS Madarounfa,Commune Madarounfa
dCY7lJIa8KP,Niger,Tillaberi,DS Fillingue,HD Filingué
DD1bbQNzpsd,Niger,Dosso,DS Dioundou,Commune Karakara
DDF0yA8hWHk,Niger,Tillaberi,DS Torodi,Commune Torodi
DDFyCBvFrFV,Niger,Zinder,DS Mirriah,Commune Mirriah
dDlsQZVEsaP,Niger,Dosso,DS Boboye,Commune de Koygolo
DE5smJNyheV,Niger,Dosso,DS Falmey,Commune Falmeye
dE6qrQ0GBPl,Niger,Tahoua,DS Tahoua,Commune Barmou
deMVcQ0xDPj,Niger,Tillaberi,DS Kollo,Commune Hamdallaye
DeuE7zpIuCT,Niger,Tillaberi,DS Kollo,Commune Bitinkodji
dExtqM7KX32,Niger,Tahoua,DS Abalak,Commune Tabalak
dEYFEsfC6k2,Niger,Niamey,DS Niamey I,Commune 1er Arrondissement
deyQQw7lTis,Niger,Tillaberi,DS Ayorou,Commune Inatess
DFbGSgQoEBV,Niger,Niamey,DS Niamey V,Commune 5ème Arrondissement
dffUZvPakOu,Niger,Niamey,DS Niamey II,Commune 2ème Arrondissement
DFfYiuUiRsJ,Niger,Maradi,DS Aguié,HD Aguié
DfqZss4bsk1,Niger,Zinder,DS Tanout,Commune Ollélewa
dfRglPBD2ej,Niger,Maradi,DS Tessaoua,Commune Korgom
DftMoEAuFq7,Niger,Agadez,DS Tchirozérine,Commune Dabaga
dG1Y8e2U6Mx,Niger,Maradi,DS Mayahi,Commune Kanembakache
dG2qNv6alxO,Niger,Niamey,DS Niamey II,Commune 2ème Arrondissement
dG520Gnj5ep,Niger,Zinder,DS Takeita,Commune Tirmini
dGADFKUo0rN,Niger,Maradi,DS Madarounfa,Commune Madarounfa
DGCSQJUpOjQ,Niger,Tahoua,DS Keita,Commune Ibohamane
dgFdGifoThN,Niger,Tillaberi,DS Gotheye,Commune Gotheye
dGfGHpm5lwe,Niger,Maradi,DS Madarounfa,Commune Safo
dGhAbM3t2PW,Niger,Dosso,DS Boboye,Commune Fabidji
DGhPIWHpJJi,Niger,Diffa,DS N'Gourti,Commune N'Gourti
dgIKpYrDrpw,Niger,Maradi,DS Madarounfa,Commune Dan Issa
DgkXVDAuqGF,Niger,Dosso,DS Dosso,HD Dosso
DGOKVRyekBu,Niger,Tahoua,DS Bouza,Commune Bouza
dh8GPUQWpfq,Niger,Maradi,DS Mayahi,Commune Sarkin Haoussa
DHfDiVH5RNG,Niger,Niamey,DS Niamey IV,Commune 4ème Arrondissement
dHFh4wY7fpn,Niger,Tahoua,DS Madaoua,Commune Ourno
dHhu7oTpbm5,Niger,Diffa,DS Bosso,Commune Bosso
dhizOBiKiOJ,Niger,Diffa,DS Mainé Soroa,Commune Maïné Soroa
DHWCcvfQ2nB,Niger,Zinder,DS Belbedji,Commune Tarka
dHWYR42fw9r,Niger,Zinder,DS Goure,Commune Gamou
DI0NVhF2Avk,Niger,Tahoua,DS Tahoua,Commune Bambeye
DI6U0RipXIR,Niger,Zinder,DS Goure,Commune Kelle
DiAZiGMlxmY,Niger,Tillaberi,DS Ouallam,Commune Dingazi
dIe6JLG4NLc,Niger,Niamey,DS Niamey V,Commune 5ème Arrondissement
DIflsT60b0p,Niger,Dosso,DS Dosso,Commune Dosso
DiFYsnsnNyX,Niger,Tillaberi,DS Fillingue,Commune Tondikandia
DIiaEXLjZ7k,Niger,Maradi,DS Aguié,Commune Aguie
DIKVRYGtuoM,Niger,Tillaberi,DS Ouallam,Commune Simiri
DiM410Zp8va,Niger,Maradi,DS Maradi Ville,Commune Maradi 2
diSsa9Z0aLD,Niger,Dosso,DS Dosso,Commune Mokko
dIwZ0n3Wa02,Niger,Dosso,DS Dosso,Commune Sambera
DJ4RYNG7pmQ,Niger,Tillaberi,DS Kollo,Commune Kouré
dJhBWym82ZX,Niger,Dosso,DS Dosso,Commune Tessa
DJISs2URXfR,Niger,Dosso,DS Tibiri,Commune Guecheme
DJYAYpW0YHU,Niger,Maradi,DS Tessaoua,Commune Hawan Dawaki
DK6fawVQqmX,Niger,Tillaberi,DS Tera,Commune Kokorou
dKgs08UV63R,Niger,Maradi,DS Mayahi,Commune Attantane
DkOFQFEYFfv,Niger,Niamey,DS Niamey II,Commune 2ème Arrondissement
dkU1Rk3n5Vy,Niger,Tahoua,DS Bouza,Commune Bouza
DkWflMpJ6p2,Niger,Niamey,DS Niamey IV,Commune 4ème Arrondissement
dKxsuUBC3id,Niger,Tahoua,DS Madaoua,Commune Madaoua
dkXT79MaCuW,Niger,Dosso,DS Dosso,Commune Mokko
dKY78Z6bowt,Niger,Tahoua,DS Madaoua,Commune Sabon Guida
dlGI0EcZKoG,Niger,Tillaberi,DS Kollo,Commune Karma
DlOZkvifUD8,Niger,Tillaberi,DS Torodi,Commune Torodi
Dls3o5jLuw5,Niger,Tahoua,DS Birni Konni,Commune Alléla
DlvSjnxJu2U,Niger,Tillaberi,DS Kollo,Commune Karma
dm2AaAchMPl,Niger,Tahoua,DS Tahoua Commune,HD Tahoua
dmA2x6Jkoh7,Niger,Maradi,DS Mayahi,Commune Sarkin Haoussa
dmhXtq8urAZ,Niger,Agadez,DS Tchirozérine,Commune Dabaga
dMnzfkjPbDQ,Niger,Tahoua,DS Bagaroua,HD Bagaroua
dmsYZHY2XIy,Niger,Maradi,DS Guidan Roumdji,Commune Sae Saboua
DMWFMbhWgzR,Niger,Dosso,DS Tibiri,Commune Tibiri Doutchi
Dn8iujunrg7,Niger,Tahoua,DS Illéla,HD Illéla
dNGATRpwbnm,Niger,Maradi,DS Madarounfa,Commune Madarounfa
dnps3bmoV39,Niger,Zinder,DS Goure,Commune Boune
dnR7e0WHpDw,Niger,Tahoua,DS Tahoua Commune,Commune Tahoua I
DnRfPKAhJDG,Niger,Zinder,DS Magaria,Commune Wacha
DnXQnJU5IwW,Niger,Maradi,DS Tessaoua,Commune Tessaoua
dnxvD1Jw4QL,Niger,Zinder,DS Matamèye,Commune Tsaouni
DoAtyi4cFTT,Niger,Maradi,DS Guidan Roumdji,Commune Tibiri Maradi
DOEmwMZnSwn,Niger,Niamey,DS Niamey II,Commune 2ème Arrondissement
DokhOSAN9y1,Niger,Maradi,DS Aguié,Commune Tchadoua
dOnwoLMbQUn,Niger,Diffa,DS N'Gourti,Commune N'Gourti
DOpwv9sdtJP,Niger,Niamey,DS Niamey I,Commune 1er Arrondissement
dORfRduV88y,Niger,Maradi,DS Guidan Roumdji,Commune Guidan Roumdji
DOSWkpk1NZJ,Niger,Maradi,DS Maradi Ville,Commune Maradi 3
dOU0EcRFMXL,Niger,Dosso,DS Dosso,HD Dosso
DOv9ZqKhrS3,Niger,Tahoua,DS Malbaza,Commune Doguaraoua
Dp0uQRfOQKA,Niger,Maradi,DS Guidan Roumdji,HD Guidan Roumdji
DPCfZYie63Q,Niger,Niamey,DS Niamey V,HD Gaweye
DplwnHaIMTX,Niger,Niamey,DS Niamey V,Commune 5ème Arrondissement
DPULzn9wxXX,Niger,Tahoua,DS Tahoua,Commune Kalfou
dQ1CeRnHyL4,Niger,Agadez,DS Agadez,Commune Agadez
Dq7HkeEQfjw,Niger,Maradi,DS Tessaoua,Commune Tessaoua
DQbQZf1wWCQ,Niger,Maradi,DS Guidan Roumdji,Commune Tibiri Maradi
DqC1YhdbzzR,Niger,Agadez,DS Arlit,Commune Gougaram
DqiI0wpzRMA,Niger,Niamey,DS Niamey I,Commune 1er Arrondissement
dQQWKoLQYzS,Niger,Tillaberi,DS Kollo,HD Kollo
Dqyf5ji1lmw,Niger,Dosso,DS Dosso,Commune Kargui Bangou
dQZC2WJ73Vy,Niger,Tahoua,DS Tchintabaraden,Commune Tchintabaraden
dR2h9TwXbRt,Niger,Tahoua,DS Bouza,Commune Tabotaki
Dr9J1vXSk2f,Niger,Zinder,DS Doungass,Commune Dogo Dogo
DRBSWnHo6zu,Niger,Tahoua,DS Keita,Commune Ibohamane
DRDyE9AEqva,Niger,Zinder,DS Mirriah,Commune Gouna
DRei33boj3X,Niger,Tillaberi,DS Abala,Commune Abala
DrjsDL1VWoY,Niger,Tahoua,DS Bagaroua,Commune Bagaroua
drVlaXNAcAA,Niger,Tahoua,DS Abalak,HD Abalak
dS6moZrxEcK,Niger,Tahoua,DS Abalak,HD Abalak
Dsdend4vmfn,Niger,Agadez,DS Tchirozérine,Commune Tabelot
dsLSxuuW3LC,Niger,Niamey,DS Niamey IV,Commune 4ème Arrondissement
dsP3pTWDZHn,Niger,Agadez,DS Agadez,Commune Agadez
DstFwH4EzA9,Niger,Agadez,DS Aderbissinat,Commune Aderbissanat
dSWm5gV4bZx,Niger,Maradi,DS Mayahi,Commune Maireyreye
Dt3dLxFWUzz,Niger,Zinder,DS Matamèye,Commune Kourni
DT4yZX4XQBV,Niger,Tahoua,DS Madaoua,Commune Galma
DTBuK8KO1Iv,Niger,Zinder,DS Mirriah,Commune Hamdara
DtdbHCZfkRe,Niger,Zinder,DS Magaria,Commune Wacha
DtfVCMsbfo8,Niger,Tahoua,DS Tchintabaraden,Commune Tchintabaraden
DTfy4AozwKt,Niger,Maradi,DS Dakoro,Commune Sabonmachi
dtGkgN4QAFY,Niger,Agadez,DS Tchirozérine,Commune Tabelot
DtO8pL0I4xG,Niger,Maradi,DS Tessaoua,Commune Tessaoua
DtR6ZSwdGUU,Niger,Tillaberi,DS Gotheye,HD Gotheye
dTVwMDw5TDe,Niger,Niamey,DS Niamey I,Commune 1er Arrondissement
dUETGDMe8zD,Niger,Maradi,DS Aguié,Commune Tchadoua
DUI4OHTj7VB,Niger,Dosso,DS Dogon Doutchi,Commune Doutchi
DuJKztds80a,Niger,Dosso,DS Dogon Doutchi,Commune Matankari
dUP2aVkJkM9,Niger,Diffa,DS Diffa,Commune Diffa
DuzWEE3MLTZ,Niger,Agadez,DS Tchirozérine,Commune Dabaga
DV1hOfBgefY,Niger,Tillaberi,DS Fillingue,Commune Tondikandia
Dv4X387OuY8,Niger,Zinder,DS Mirriah,Commune Gouna
DVASMEr9zWI,Niger,Tahoua,DS Keita,Commune Tamaské
dVDOXUlmdU4,Niger,Dosso,DS Dogon Doutchi,Commune Dogon Kirya
dvl7LPDw0fY,Niger,Zinder,DS Zinder Ville,Commune 3è Arrondissement
dVOptDSECRc,Niger,Zinder,DS Belbedji,Commune Tarka
dVrbnQCoxMI,Niger,Zinder,DS Takeita,Commune Dakoussa
Dvwu3CNVKg4,Niger,Niamey,DS Niamey I,Commune 1er Arrondissement
dvyg5oCyZlG,Niger,Zinder,DS Zinder Ville,Commune 1er Arrondissement
DVYr2D2yKKL,Niger,Dosso,DS Tibiri,Commune Tibiri Doutchi
dWGmglPs0Hg,Niger,Niamey,DS Niamey III,Commune 3ème Arrondissement
DWijvxnVP4C,Niger,Maradi,DS Madarounfa,HD Madarounfa
Dx3NwErLei5,Niger,Maradi,DS Maradi Ville,Commune Maradi 3
DX6dsf6lBHg,Niger,Niamey,DS Niamey V,Commune 5ème Arrondissement
dxASnL1rKGk,Niger,Dosso,DS Boboye,Commune Fabidji
DXckkIgMkdR,Niger,Maradi,DS Maradi Ville,Commune Maradi 1
DxDvJgdsPcV,Niger,Tillaberi,DS Kollo,Commune Kouré
dxYjMJUqPzq,Niger,Dosso,DS Boboye,Commune de Harikanassou
dy3jjiSNrHd,Niger,Zinder,DS Takeita,Commune Tirmini
Dy6EPkmnOeF,Niger,Zinder,DS Magaria,Commune Magaria
Dy6igyS3YlN,Niger,Maradi,DS Mayahi,Commune Sarkin Haoussa
DY8mriT1AMo,Niger,Maradi,DS Guidan Roumdji,Commune Guidan Sori
DYabU6napcp,Niger,Maradi,DS Tessaoua,Commune Tessaoua
dyaXB7uhyvX,Niger,Maradi,DS Aguié,Commune Aguie
DYe2QkQCSKD,Niger,Tahoua,DS Keita,Commune Keita
DyfuLjlsyUb,Niger,Tillaberi,DS Kollo,Commune Hamdallaye
DyHZ5Kr4YG7,Niger,Zinder,DS Magaria,Commune Kwaya
DYiDbSYNV30,Niger,Niamey,DS Niamey IV,Commune 4ème Arrondissement
dYw23KPEwCA,Niger,Tillaberi,DS Say,Commune Guéladjo
Dzb9vb2RsFJ,Niger,Tahoua,DS Birni Konni,Commune Birni N'Konni
dzdELHPBjom,Niger,Zinder,DS Goure,Commune Goure
DZEy3jtfwio,Niger,Tillaberi,DS Tillabery,Commune Kourtey
dZk82nn8BMK,Niger,Dosso,DS Dogon Doutchi,HD Dogon Doutchi
DzOtQjDPRas,Niger,Tillaberi,DS Bankilare,Commune Bankillaré
dztUfRuwSbN,Niger,Tillaberi,DS Fillingue,Commune Tondikandia
dzuYkODiWfZ,Niger,Zinder,DS Zinder Ville,Commune 4è Arrondissement
Dzvq02ShcPz,Niger,Maradi,DS Dakoro,Commune Sabonmachi
E02JgCtRYRd,Niger,Agadez,DS Agadez,Commune Agadez
e0cIiGkNtzZ,Niger,Tahoua,DS Keita,Commune Keita
e0jCyyQ0LiZ,Niger,Maradi,DS Dakoro,Commune Adjekoria
e0lI01XOO4G,Niger,Tahoua,DS Abalak,Commune Tabalak
E0yfWi6XoOq,Niger,Tillaberi,DS Abala,Commune Abala
E1b7KrsJLBy,Niger,Dosso,DS Gaya,HD Gaya
E1wCZBH8XQg,Niger,Maradi,DS Aguié,Commune Tchadoua
E29pC8slFs0,Niger,Tillaberi,DS Kollo,Commune Youri
e2dT6kM3bjC,Niger,Zinder,DS Tanout,Commune Tanout
E2Q9fTqC5ud,Niger,Agadez,DS Agadez,Commune Agadez
e2rtiaaSl3n,Niger,Dosso,DS Dogon Doutchi,Commune Doutchi
E2sp9ICU3DG,Niger,Tillaberi,DS Balleyara,Commune Tagazar
E2zzr2aeqRc,Niger,Maradi,DS Tessaoua,Commune Maijirgui
e31zUN9Iikl,Niger,Zinder,DS Magaria,Commune Bande
e4JVKoX5Iv4,Niger,Zinder,DS Mirriah,Commune Zermou
E5fbSlwXC0m,Niger,Diffa,DS Diffa,Commune Gueskerou
E5M2ioNAp4M,Niger,Agadez,DS Iferouane,Commune Iférouane
E5RZkFVQdjx,Niger,Zinder,DS Magaria,Commune Bande
E5wQRymdAwM,Niger,Maradi,DS Dakoro,Commune Korahane
e62miJhvGqL,Niger,Diffa,DS Goudoumaria,Commune Goudoumaria
e6GDiePBBTC,Niger,Niamey,DS Niamey II,Commune 2ème Arrondissement
E6JWSpTP5RR,Niger,Maradi,DS Guidan Roumdji,Commune Tibiri Maradi
E6Lwwna8Dpg,Niger,Dosso,DS Dioundou,Commune Karakara
E7b6AfNyoXk,Niger,Agadez,DS Ingall,Commune Ingall
e8il6qef2dK,Niger,Dosso,DS Tibiri,Commune Kore Mairoua
E8ncLR7zmsK,Niger,Maradi,DS Maradi Ville,Commune Maradi 3
e9b12Zqcios,Niger,Tahoua,DS Madaoua,Commune Ourno
e9Ix6Ex7OIN,Niger,Niamey,DS Niamey IV,Commune 4ème Arrondissement
E9v2Kq8HEdX,Niger,Maradi,DS Bermo,Commune Gadabedji
eA2G8UOq39t,Niger,Tahoua,DS Abalak,Commune Tabalak
eaCp11vc97U,Niger,Dosso,DS Tibiri,Commune Guecheme
eAdgcQn6o3Y,Niger,Tahoua,DS Tahoua,Commune Bambeye
EafCGVtJoHH,Niger,Dosso,DS Gaya,HD Gaya
eApklE68hXg,Niger,Tillaberi,DS Kollo,HD Kollo
EAU2CzluiEl,Niger,Tillaberi,DS Bankilare,Commune Bankillaré
EAVg2HsutWC,Niger,Tillaberi,DS Tillabery,Commune Sinder
EB23LTNk3WE,Niger,Tahoua,DS Illéla,Commune Illéla
eB7SrYrZ8HU,Niger,Tillaberi,DS Torodi,Commune Torodi
ebmwji6LsNb,Niger,Zinder,DS Tesker,Commune Tesker
eBrE94MHpvh,Niger,Agadez,DS Agadez,Commune Agadez
eBTRIIInv2Y,Niger,Agadez,DS Agadez,Commune Agadez
EBVpnp3zOTP,Niger,Diffa,DS N'Gourti,Commune N'Gourti
EbwOKymYK4c,Niger,Maradi,DS Mayahi,Commune Attantane
eCtZ4RQAZVm,Niger,Maradi,DS Madarounfa,Commune Safo
EcwIrX2ViEV,Niger,Tillaberi,DS Kollo,Commune Hamdallaye
ecXK68iODlu,Niger,Tillaberi,DS Banibangou,Commune Banibangou
EcyBbPw0okN,Niger,Zinder,DS Mirriah,Commune Droum
eDfLF8vdHRY,Niger,Maradi,DS Mayahi,Commune Mayahi
edj8JZSV1mS,Niger,Niamey,DS Niamey I,Commune 1er Arrondissement
EDqEEuQ5iKU,Niger,Tillaberi,DS Ouallam,Commune Dingazi
Ee1H8Wyixva,Niger,Niamey,DS Niamey V,Commune 5ème Arrondissement
eE6phJ4iL3H,Niger,Dosso,DS Boboye,Commune de Fakara
EE8KG5V6oER,Niger,Diffa,DS N'Guigmi,HD N'Guigmi
eeJzLZOOhMp,Niger,Zinder,DS Mirriah,Commune Hamdara
EEV33EcDLQ9,Niger,Tillaberi,DS Kollo,Commune Kirtachi
eF5VTF8qoe5,Niger,Zinder,DS Goure,Commune Alakos
ef8IqwucJkl,Niger,Zinder,DS Tanout,Commune Tanout
eF9TfOZCWbh,Niger,Tillaberi,DS Abala,Commune Sanam
eFAMGgv3lJs,Niger,Zinder,DS Goure,Commune Boune
efDLMl5u2yr,Niger,Maradi,DS Maradi Ville,Commune Maradi 3
EFPygiQ9dSG,Niger,Zinder,DS Goure,Commune Guidiguir
eFtu6iv90Hd,Niger,Maradi,DS Guidan Roumdji,Commune Guidan Roumdji
eG5epGnYT9r,Niger,Maradi,DS Tessaoua,Commune Korgom
EGfNr8PYPQa,Niger,Diffa,DS Bosso,Commune Bosso
EghG81l1avl,Niger,Dosso,DS Gaya,Commune Tanda
EgIvz5nPT6J,Niger,Dosso,DS Loga,Commune Loga
EgLVeizs6kl,Niger,Dosso,DS Boboye,Commune de Kiota
egp6czRtPIc,Niger,Dosso,DS Dosso,Commune Sakadamna
eguGKb4vzAd,Niger,Maradi,DS Maradi Ville,Commune Maradi 2
eH8O2wafF9c,Niger,Tahoua,DS Illéla,Commune Illéla
EHAElSCH8IZ,Niger,Zinder,DS Tanout,Commune Ollélewa
EHCJ6ldSIly,Niger,Maradi,DS Guidan Roumdji,Commune Sae Saboua
eHlWHZgwLgK,Niger,Niamey,DS Niamey I,Commune 1er Arrondissement
EHmZyfB7oHa,Niger,Tahoua,DS Tahoua,Commune Bambeye
EHq1zp3XfZK,Niger,Tillaberi,DS Say,Commune Guéladjo
EhRLRBBOHXa,Niger,Maradi,DS Guidan Roumdji,Commune Guidan Sori
eHw7BB8FAur,Niger,Tillaberi,DS Kollo,Commune Karma
ei74blfSxGx,Niger,Tahoua,DS Illéla,Commune Illéla
ei7p3Jf7wTl,Niger,Agadez,DS Ingall,Commune Ingall
eifBbGawqEH,Niger,Tahoua,DS Tillia,Commune Tillia
Eihhf7mmb03,Niger,Dosso,DS Loga,HD Loga
eiKXJgmj4Kr,Niger,Zinder,DS Damgaram Takaya,Commune Moa
eiLFeo9XMla,Niger,Zinder,DS Tanout,HD Tanout
EIo40wkAApX,Niger,Tahoua,DS Tahoua,Commune Bambeye
EIoxbf133jK,Niger,Maradi,DS Mayahi,Commune Mayahi
EiWY7wT0BEt,Niger,Tahoua,DS Bouza,Commune Karofane
EIx9wuNcSOw,Niger,Dosso,DS Tibiri,Commune Kore Mairoua
EiY3R0Nl0oy,Niger,Dosso,DS Tibiri,Commune Kore Mairoua
ej2yirSXEmo,Niger,Diffa,DS Diffa,Commune Diffa
eJ2ZJEX9oTN,Niger,Tahoua,DS Keita,Commune Ibohamane
Ej8a5M2TziZ,Niger,Zinder,DS Matamèye,Commune Doungou
eJbhT6VOQpO,Niger,Niamey,DS Niamey II,Commune 2ème Arrondissement
ejE1gkSyhym,Niger,Zinder,DS Tesker,Commune Tesker
EJEbKQ8MEd4,Niger,Diffa,DS N'Guigmi,Commune N'Guigmi
EJhclXZqF9t,Niger,Maradi,DS Mayahi,Commune Kanembakache
EjL7hO970NA,Niger,Niamey,DS Niamey I,Commune 1er Arrondissement
eJPgpombWTX,Niger,Tahoua,DS Illéla,Commune Tajaé
ek01AppjtDs,Niger,Agadez,DS Arlit,Commune Dannat
ek38sxPOvLa,Niger,Tillaberi,DS Ouallam,Commune Tondikiwindi
EKfVYP1RevE,Niger,Tillaberi,DS Kollo,Commune Youri
ekJCrROCJYj,Niger,Tillaberi,DS Tera,Commune Gorouol
EkrtK8OUtKV,Niger,Tillaberi,DS Tillabery,Commune Sinder
eKsDgnBVupB,Niger,Tahoua,DS Tahoua Commune,Commune Tahoua Ii
EktsTCYKSrH,Niger,Tahoua,DS Birni Konni,Commune Birni N'Konni
eKyn7uGvGr6,Niger,Tillaberi,DS Torodi,Commune Makalondi
ekZ6sgwVYyW,Niger,Tahoua,DS Tchintabaraden,Commune Kaou
eL56Wb7OWY6,Niger,Maradi,DS Guidan Roumdji,Commune Chadakori
Ele2kKkfJ5P,Niger,Dosso,DS Gaya,Commune Tounouga
ElGut25vHRo,Niger,Tahoua,DS Madaoua,Commune Ourno
Elkp87KBXxL,Niger,Agadez,DS Aderbissinat,Commune Aderbissanat
EluvMD0zQlx,Niger,Dosso,DS Tibiri,Commune Guecheme
ElxeHFDKLIc,Niger,Tillaberi,DS Kollo,Commune Liboré
ELYO3W0v1XO,Niger,Niamey,DS Niamey II,Commune 2ème Arrondissement
ELYuEvMV4TV,Niger,Dosso,DS Tibiri,Commune Doumega
ELZQw8d38T6,Niger,Diffa,DS Diffa,Commune Chétimari
eMAS4CZSokc,Niger,Tillaberi,DS Fillingue,Commune Tondikandia
EMC9lnTXk92,Niger,Agadez,DS Tchirozérine,Commune Tchirozérine
EMCSzNST9J4,Niger,Maradi,DS Guidan Roumdji,Commune Guidan Sori
emE2AaBmDEF,Niger,Niamey,DS Niamey I,Commune 1er Arrondissement
EmHREjuLCFk,Niger,Tahoua,DS Malbaza,Commune Malbaza
EmhuqZ11hvC,Niger,Zinder,DS Tanout,Commune Tanout
EMpJKDnFWAg,Niger,Tillaberi,DS Ouallam,Commune Tondikiwindi
eMU4ymH7Q6c,Niger,Niamey,DS Niamey I,Commune 1er Arrondissement
eMuCbxXufgA,Niger,Maradi,DS Madarounfa,Commune Gabi
EMzuBP9Ry5C,Niger,Maradi,DS Tessaoua,Commune Maijirgui
En4tCqJ3Rfx,Niger,Dosso,DS Boboye,Commune de Birni N'Gaouré
eNBAo5JbOxE,Niger,Maradi,DS Dakoro,Commune Soly
EnEhgWjG46Y,Niger,Tahoua,DS Keita,Commune Tamaské
eNJ4fCBvIsz,Niger,Niamey,DS Niamey III,Commune 3ème Arrondissement
enwVu0U8Iey,Niger,Tahoua,DS Malbaza,Commune Doguaraoua
eNWWQv8dHA9,Niger,Dosso,DS Dogon Doutchi,Commune Dogon Kirya
eo0Xu5heRgu,Niger,Maradi,DS Mayahi,Commune Kanembakache
Eo8Bkc7Tabm,Niger,Maradi,DS Dakoro,Commune Dan Goulbi
eOsf1knsGXG,Niger,Tillaberi,DS Say,Commune Guéladjo
EovByXKekQT,Niger,Tillaberi,DS Gotheye,HD Gotheye
EOvhgsizRwO,Niger,Dosso,DS Dosso,Commune Garankedey
Ep8OTGX8PfN,Niger,Tillaberi,DS Ouallam,Commune Ouallam
epAKN09rbYp,Niger,Tahoua,DS Bouza,Commune Tabotaki
EPC6s7nULKt,Niger,Agadez,DS Bilma,Commune Dirkou
epnW5UXxZbE,Niger,Maradi,DS Guidan Roumdji,Commune Guidan Sori
epr0VrYYt4K,Niger,Dosso,DS Dosso,Commune Golle
EPRNKbaxhCH,Niger,Niamey,DS Niamey II,Commune 2ème Arrondissement
ePs1POK9ZSt,Niger,Agadez,DS Tchirozérine,Commune Tabelot
ePuIsFAiQUe,Niger,Zinder,DS Takeita,Commune Tirmini
epVmpOTX2PE,Niger,Tahoua,DS Madaoua,Commune Madaoua
epWKsxaSTJo,Niger,Tahoua,DS Tahoua Commune,Commune Tahoua Ii
EqotSnU99tA,Niger,Niamey,DS Niamey II,Commune 2ème Arrondissement
eQPHP2xf3u0,Niger,Zinder,DS Magaria,Commune Magaria
eQTVVqhrpuO,Niger,Niamey,DS Niamey III,Commune 3ème Arrondissement
eQuT4xiftX9,Niger,Tahoua,DS Illéla,Commune Tajaé
EqvkadcNJr0,Niger,Maradi,DS Aguié,Commune Aguie
eR0E6qrJRWc,Niger,Zinder,DS Mirriah,Commune Zermou
eRawlWSVdwW,Niger,Tahoua,DS Bouza,Commune Bouza
ERfolCdJbKb,Niger,Niamey,DS Niamey IV,Commune 4ème Arrondissement
erK0tvI0NJS,Niger,Maradi,DS Mayahi,Commune Issawane
eRLHI5pKqmB,Niger,Tillaberi,DS Tera,Commune Téra
eRtXCl7cpJG,Niger,Maradi,DS Maradi Ville,Commune Maradi 1
ErvRAXm4LZY,Niger,Agadez,DS Arlit,HD Arlit
eRzHN28KQzQ,Niger,Tahoua,DS Madaoua,Commune Sabon Guida
ES7D3MJiLTZ,Niger,Tahoua,DS Birni Konni,HD Birni N'Konni
eSAUuDgkrky,Niger,Niamey,DS Niamey III,Commune 3ème Arrondissement
EsFgQyaMarc,Niger,Maradi,DS Guidan Roumdji,Commune Guidan Roumdji
ESgAZTnqBSF,Niger,Maradi,DS Dakoro,Commune Adjekoria
esHYphdmW9T,Niger,Tahoua,DS Tahoua,Commune Bambeye
esk3ilkRTnA,Niger,Maradi,DS Dakoro,Commune Goula
EskzupjzV81,Niger,Zinder,DS Magaria,Commune Dantchiao
eSNGl6KaSgV,Niger,Tillaberi,DS Fillingue,Commune Filingué
esomDjTjwVa,Niger,Dosso,DS Dosso,Commune Tessa
esozfS4fdWF,Niger,Tillaberi,DS Torodi,Commune Torodi
ESSXVU5f6NJ,Niger,Diffa,DS Diffa,Commune Chétimari
eT2mjEQE37x,Niger,Niamey,DS Niamey I,Commune 1er Arrondissement
EtI8PxcaEjU,Niger,Maradi,DS Madarounfa,Commune Djiratawa
EtOnJD7wwGn,Niger,Dosso,DS Dosso,Commune Tombokoirey
etoyrGitXHW,Niger,Zinder,DS Belbedji,Commune Tarka
etQyFogox8T,Niger,Dosso,DS Dosso,Commune Golle
etS5wejlLMI,Niger,Dosso,DS Dosso,Commune Sambera
etS7HUOUohF,Niger,Zinder,DS Doungass,Commune Dungass
eTwnf8o1Jj9,Niger,Niamey,DS Niamey IV,Commune 4ème Arrondissement
eU7CNCcFXJY,Niger,Zinder,DS Takeita,Commune Dakoussa
eUwozwMJCe3,Niger,Maradi,DS Guidan Roumdji,Commune Chadakori
EUx44O5pS7k,Niger,Maradi,DS Mayahi,Commune Guidan Amoumoune
EV6BDeN5SAP,Niger,Tahoua,DS Illéla,Commune Illéla
eV6mB9PVDiV,Niger,Tahoua,DS Birni Konni,Commune Tsernaoua
Ev9KX9vI0VA,Niger,Zinder,DS Zinder Ville,HD Zinder
evceEHP6WgT,Niger,Zinder,DS Mirriah,Commune Dogo
evIrqi8llEq,Niger,Maradi,DS Guidan Roumdji,HD Guidan Roumdji
EVPg5HaA6pj,Niger,Dosso,DS Dogon Doutchi,Commune Kieche
Evs7AIP7Mqq,Niger,Maradi,DS Guidan Roumdji,Commune Guidan Roumdji
EvYf0Shr7bO,Niger,Tillaberi,DS Ouallam,Commune Tondikiwindi
ewLArzYIQeX,Niger,Diffa,DS Diffa,Commune Gueskerou
EWr8OrgMwQW,Niger,Tillaberi,DS Kollo,Commune Bitinkodji
eWrXGeMxs6f,Niger,Tillaberi,DS Tillabery,Commune Sakoira
EwszZX78AKX,Niger,Maradi,DS Mayahi,Commune Sarkin Haoussa
EwTMgb8EbHB,Niger,Niamey,DS Niamey I,Commune 1er Arrondissement
eWtrJSAqG69,Niger,Zinder,DS Mirriah,HD Mirriah
ExdQOc1ZZ5A,Niger,Tahoua,DS Bagaroua,Commune Bagaroua
EXISj8ZCRuO,Niger,Tahoua,DS Madaoua,Commune Bangui
ExjdrS7RwVY,Niger,Diffa,DS N'Gourti,Commune N'Gourti
ExrvNJAdtdD,Niger,Tahoua,DS Abalak,HD Abalak
EXszn8XGEyJ,Niger,Dosso,DS Gaya,Commune Yélou
eXts5efw25x,Niger,Tillaberi,DS Kollo,Commune N'Dounga
Exvngki3rhx,Niger,Tillaberi,DS Fillingue,Commune Kourfé Centre
EXx7yrAUOtA,Niger,Dosso,DS Dosso,Commune Sakadamna
eY0oZz86ZL4,Niger,Zinder,DS Takeita,Commune Tirmini
Ey6KzDBixaI,Niger,Dosso,DS Dosso,Commune Dosso
EycvbowpclH,Niger,Tillaberi,DS Torodi,Commune Torodi
eyjUQR1rpHO,Niger,Maradi,DS Guidan Roumdji,Commune Guidan Roumdji
eymSRaI123W,Niger,Dosso,DS Dogon Doutchi,Commune Dan Kassari
EYONbS8eJxj,Niger,Dosso,DS Tibiri,Commune Kore Mairoua
EYT0PjS1p9a,Niger,Zinder,DS Zinder Ville,Commune 1er Arrondissement
EyvSzw2diGK,Niger,Tillaberi,DS Fillingue,Commune Tondikandia
EZa9dScLYVb,Niger,Niamey,DS Niamey I,Commune 1er Arrondissement
EzGSiGteKYP,Niger,Tahoua,DS Madaoua,HD Madaoua
eZHJSNlqIaM,Niger,Tillaberi,DS Tera,Commune Téra
ezHyczsWPMY,Niger,Tahoua,DS Tillia,Commune Tillia
EzOEybubYi5,Niger,Zinder,DS Belbedji,Commune Tarka
ezylPiN4825,Niger,Maradi,DS Madarounfa,Commune Dan Issa
F0BEbyboIOe,Niger,Agadez,DS Tchirozérine,Commune Tabelot
F0QbgS9Az5G,Niger,Dosso,DS Loga,Commune Loga
f1MRLmRFXf0,Niger,Tillaberi,DS Ouallam,Commune Tondikiwindi
F1ycJw8lmTZ,Niger,Tahoua,DS Abalak,Commune Azeye
F21fj6RJ35X,Niger,Agadez,DS Tchirozérine,Commune Dabaga
F2Lx9LogDEq,Niger,Tahoua,DS Madaoua,Commune Madaoua
F2QbVw8HTSy,Niger,Niamey,DS Niamey III,Commune 3ème Arrondissement
f2yg1BLhnjo,Niger,Tahoua,DS Abalak,Commune Tamaya
f3AUejRbVW1,Niger,Diffa,DS Diffa,Commune Diffa
F3iLl81wzw1,Niger,Zinder,DS Tanout,Commune Tanout
f46eZtR8Cp5,Niger,Diffa,DS Goudoumaria,Commune Goudoumaria
f4IOc1K0yRj,Niger,Niamey,DS Niamey I,Commune 1er Arrondissement
f4Uwi8q2kQ7,Niger,Tillaberi,DS Kollo,Commune Kouré
F50O22Bftc6,Niger,Zinder,DS Tesker,Commune Tesker
f54JcUEHclW,Niger,Tahoua,DS Keita,Commune Keita
F5J6MQzhWsl,Niger,Zinder,DS Takeita,Commune Tirmini
F5JAqC0nfsy,Niger,Maradi,DS Mayahi,Commune Kanembakache
F5k9QQoDAs2,Niger,Dosso,DS Loga,Commune Falwel
f5Mlo64Lk1e,Niger,Maradi,DS Mayahi,Commune Kanembakache
F5QnQfStWfU,Niger,Agadez,DS Aderbissinat,Commune Aderbissanat
f6k7cMpi3lo,Niger,Maradi,DS Guidan Roumdji,Commune Tibiri Maradi
f6LJhbXcaG4,Niger,Dosso,DS Boboye,Commune Fabidji
f6QHXzJVUFR,Niger,Maradi,DS Madarounfa,Commune Djiratawa
F78EshRnARc,Niger,Tillaberi,DS Say,Commune Guéladjo
F7E4mEGBUjG,Niger,Zinder,DS Tanout,Commune Falenco
F7gxOBvhlIV,Niger,Agadez,DS Ingall,Commune Ingall
F7KZr4EDIMa,Niger,Niamey,DS Niamey II,Commune 2ème Arrondissement
F7yh4Xv3R9m,Niger,Tahoua,DS Illéla,Commune Illéla
F8BLGkPyCkv,Niger,Maradi,DS Gazaoua,Commune Gangara Gazaoua
f8FXyqTh6bA,Niger,Tahoua,DS Birni Konni,Commune Tsernaoua
F8hl50yZSNs,Niger,Dosso,DS Dosso,Commune Gorou Bankassam
F8NjlFrn4lh,Niger,Tillaberi,DS Tillabery,Commune Kourtey
F8qbk0NQUa8,Niger,Agadez,DS Tchirozérine,Commune Tchirozérine
f8WaB35yhi8,Niger,Maradi,DS Dakoro,Commune Soly
f91eZF3SLer,Niger,Zinder,DS Zinder Ville,Commune 3è Arrondissement
F9Dwj1JRFTg,Niger,Agadez,DS Bilma,HD Bilma
f9mF90ZEVAj,Niger,Maradi,DS Maradi Ville,Commune Maradi 2
F9R1eOSLjhu,Niger,Dosso,DS Dioundou,Commune Zabori
Fa33vJXbs0n,Niger,Maradi,DS Mayahi,Commune Kanembakache
fA4XB3KCNJf,Niger,Tillaberi,DS Tera,Commune Téra
fai9htK0xcf,Niger,Agadez,DS Bilma,HD Bilma
FaMzvw7kdLt,Niger,Maradi,DS Mayahi,Commune Maireyreye
FarDCb9d5m4,Niger,Zinder,DS Zinder Ville,Commune 3è Arrondissement
FAznOsECfKy,Niger,Maradi,DS Tessaoua,Commune Tessaoua
fbdzeB9wJ69,Niger,Zinder,DS Zinder Ville,HD Zinder
FBnDXcMQcP4,Niger,Tahoua,DS Madaoua,Commune Bangui
fcB8fDZylNC,Niger,Zinder,DS Damgaram Takaya,Commune Albarkaram
fcH1egPZmhN,Niger,Diffa,DS Diffa,Commune Gueskerou
FcnMJ5eidBF,Niger,Tahoua,DS Bouza,Commune Karofane
fD6w22tIWni,Niger,Tillaberi,DS Ouallam,Commune Tondikiwindi
fdbPWtP3Cc5,Niger,Dosso,DS Boboye,Commune Fabidji
FDglcOCnpeS,Niger,Maradi,DS Mayahi,Commune Kanembakache
fdIbp1VRMqL,Niger,Tahoua,DS Madaoua,Commune Azerori
FdIIpSBajQd,Niger,Tahoua,DS Tahoua Commune,Commune Tahoua Ii
fDqr5D43dOA,Niger,Tahoua,DS Tahoua,Commune Barmou
fDQyqQCeEn2,Niger,Tahoua,DS Abalak,Commune Akoubounou
FdYKHEo2KlC,Niger,Tillaberi,DS Abala,Commune Abala
FEC45HF4fFc,Niger,Dosso,DS Loga,Commune Sokorbé
FejUqyVpkl8,Niger,Maradi,DS Maradi Ville,Commune Maradi 3
fF3z8D0VMy0,Niger,Tahoua,DS Tahoua,Commune Barmou
fF5FG5nTbJp,Niger,Niamey,DS Niamey III,Commune 3ème Arrondissement
FfDfWBKL0pc,Niger,Zinder,DS Tanout,Commune Ollélewa
fFfpIWKSRO9,Niger,Tahoua,DS Keita,Commune Garhanga
fffW4fMWepV,Niger,Tahoua,DS Tahoua,Commune Bambeye
ffhGjrvNTnz,Niger,Maradi,DS Maradi Ville,Commune Maradi 2
FfjqbwUUCcN,Niger,Tillaberi,DS Bankilare,Commune Bankillaré
fFP3nJ45eY8,Niger,Zinder,DS Matamèye,Commune Kourni
FFqwhQknj7a,Niger,Tillaberi,DS Abala,Commune Abala
fFR0d25ttOZ,Niger,Tillaberi,DS Say,Commune Say
FFRJPkik2c5,Niger,Diffa,DS N'Guigmi,Commune N'Guigmi
fftL3Vce6zY,Niger,Dosso,DS Tibiri,Commune Kore Mairoua
FfznxxQZh0P,Niger,Dosso,DS Gaya,HD Gaya
fg7vzyZ4NQR,Niger,Tahoua,DS Keita,Commune Tamaské
fgbSJHeMdO4,Niger,Tahoua,DS Madaoua,Commune Bangui
fgd8LYm2Jgn,Niger,Dosso,DS Dogon Doutchi,Commune Matankari
fggoFiF80sL,Niger,Niamey,DS Niamey III,Commune 3ème Arrondissement
FGgZw07hCvP,Niger,Zinder,DS Magaria,Commune Bande
fgmSCXuWIRd,Niger,Tahoua,DS Madaoua,Commune Madaoua
FgmuVgPGkT6,Niger,Maradi,DS Madarounfa,Commune Djiratawa
FGpAJ9yvHj5,Niger,Tahoua,DS Tassara,Commune Tassara
FGSp0PsmPwi,Niger,Tillaberi,DS Ayorou,Commune Ayorou
FgYBSCRcLz1,Niger,Tahoua,DS Illéla,Commune Illéla
FgyJMyH2XHC,Niger,Diffa,DS Mainé Soroa,Commune N'Guel Beyli
FgZZMVRDE44,Niger,Dosso,DS Boboye,Commune de Koygolo
FH0Ll918W6K,Niger,Tillaberi,DS Kollo,Commune Hamdallaye
FHJfQlLLeVh,Niger,Zinder,DS Doungass,Commune Dogo Dogo
fhKqSdMfE33,Niger,Maradi,DS Aguié,HD Aguié
FhnlP1HGTA6,Niger,Dosso,DS Dogon Doutchi,Commune Doutchi
FHp3MX9J2gM,Niger,Zinder,DS Matamèye,Commune Mataméye
FhtxcqiHLj9,Niger,Niamey,DS Niamey I,Commune 1er Arrondissement
fhZBQW3WPqO,Niger,Zinder,DS Tanout,Commune Tanout
FHZvTBpA23j,Niger,Dosso,DS Dosso,Commune Tessa
FIfMtd0oOPY,Niger,Dosso,DS Tibiri,Commune Tibiri Doutchi
fii93CpuVrL,Niger,Zinder,DS Tanout,Commune Ollélewa
fiQvl66YGls,Niger,Maradi,DS Dakoro,Commune Dakoro
fiuutjrrRlH,Niger,Diffa,DS N'Guigmi,Commune N'Guigmi
fiwFH5i1SBc,Niger,Maradi,DS Madarounfa,Commune Safo
fjGqZC87CQo,Niger,Dosso,DS Dosso,Commune Kargui Bangou
FjQWAqqbecD,Niger,Tahoua,DS Tahoua,Commune Bambeye
FJr11xNcKvi,Niger,Dosso,DS Tibiri,Commune Tibiri Doutchi
fJSqJJZEcnc,Niger,Dosso,DS Gaya,Commune Bengou
FjTHv0tyUoO,Niger,Dosso,DS Dioundou,Commune Dioundiou
FJyJyohfGOk,Niger,Dosso,DS Dogon Doutchi,Commune Soucoucoutane
fJZuH3sjEaX,Niger,Tahoua,DS Madaoua,Commune Galma
Fk6SXsGFi1I,Niger,Tahoua,DS Abalak,Commune Azeye
fkC4Q2REzuR,Niger,Zinder,DS Magaria,Commune Yekoua
fkq9Bxy33bn,Niger,Niamey,DS Niamey III,Commune 3ème Arrondissement
FKx2iTvbaDC,Niger,Tillaberi,DS Say,Commune Guéladjo
fKXLdlWmFmP,Niger,Agadez,DS Tchirozérine,Commune Tchirozérine
FkYEES2RS9i,Niger,Zinder,DS Doungass,Commune Mallaoua
fL3yL3zRk0b,Niger,Niamey,DS Niamey I,Commune 1er Arrondissement
FL80j95AU0f,Niger,Dosso,DS Tibiri,Commune Kore Mairoua
fLBI0Yi9hzu,Niger,Tahoua,DS Illéla,Commune Illéla
FLfLlzmwpSi,Niger,Zinder,DS Zinder Ville,Commune 4è Arrondissement
FlgmF1xcmhj,Niger,Zinder,DS Tanout,Commune Gangara Tanout
FloueFIugvz,Niger,Agadez,DS Tchirozérine,Commune Tchirozérine
flpqLV6QmR7,Niger,Maradi,DS Dakoro,Commune Goula
FLrpkgvR1gK,Niger,Zinder,DS Goure,Commune Goure
fLtMFPJH9rb,Niger,Zinder,DS Mirriah,Commune Zermou
FLyI6T3kOSC,Niger,Tillaberi,DS Bankilare,Commune Bankillaré
fMGCYRiWAaL,Niger,Tillaberi,DS Torodi,Commune Torodi
fmiK5Uz6xR2,Niger,Maradi,DS Dakoro,Commune Dakoro
FmkRJ1iHYPb,Niger,Zinder,DS Mirriah,Commune Gouna
FmlZYzKmwbO,Niger,Tahoua,DS Illéla,Commune Badaguichiri
fmRistva89Y,Niger,Maradi,DS Aguié,Commune Aguie
FmwVFGIOQ95,Niger,Niamey,DS Niamey II,Commune 2ème Arrondissement
Fn57mKHnxTF,Niger,Diffa,DS N'Guigmi,Commune N'Guigmi
FnDfvTbWP7p,Niger,Diffa,DS Diffa,Commune Diffa
FNKRARIA38I,Niger,Maradi,DS Tessaoua,Commune Ourafane
fNMp27e8RXW,Niger,Dosso,DS Dogon Doutchi,HD Dogon Doutchi
fNQ7M7fA9An,Niger,Maradi,DS Mayahi,Commune Kanembakache
fNTluCzyjWx,Niger,Tahoua,DS Tahoua Commune,Commune Tahoua Ii
FO3jLgYpPzG,Niger,Agadez,DS Ingall,Commune Ingall
Fo6dp3jq6IJ,Niger,Tahoua,DS Tahoua,Commune Tébaram
fO6YpqGRWKs,Niger,Tahoua,DS Bouza,Commune Bouza
fOb96erMxde,Niger,Dosso,DS Loga,HD Loga
fOB9NsKkDTn,Niger,Dosso,DS Gaya,Commune Tanda
fOHjGX9TfVF,Niger,Niamey,DS Niamey III,Commune 3ème Arrondissement
fom85Fiivty,Niger,Tahoua,DS Abalak,Commune Abalak
fOQ2kHdGsdv,Niger,Agadez,DS Ingall,Commune Ingall
FOR7oMJWfSG,Niger,Niamey,DS Niamey II,Commune 2ème Arrondissement
foy0bZnCJJz,Niger,Zinder,DS Magaria,Commune Dantchiao
fP1qbpEKa7V,Niger,Tillaberi,DS Tera,Commune Méhanna
FpiakvAa2OI,Niger,Zinder,DS Goure,Commune Kelle
FpiG6KlGFaC,Niger,Maradi,DS Maradi Ville,Commune Maradi 3
fpkuPzn18CZ,Niger,Tillaberi,DS Tera,Commune Diagourou
fplXqR31p6k,Niger,Tillaberi,DS Gotheye,Commune Dargol
FPMQBLcNkln,Niger,Maradi,DS Tessaoua,Commune Tessaoua
FpPNUNfbW1Y,Niger,Dosso,DS Dosso,Commune Sambera
fPxdAowPr2u,Niger,Maradi,DS Dakoro,HD Dakoro
fQ9XfXHyFoa,Niger,Tillaberi,DS Gotheye,Commune Gotheye
FqCCbPm7ol3,Niger,Tillaberi,DS Ouallam,Commune Tondikiwindi
fQEnsjEEmFD,Niger,Tahoua,DS Tahoua,Commune Bambeye
FqKBANMzHME,Niger,Diffa,DS N'Gourti,Commune N'Gourti
FqnVMPuxMSD,Niger,Dosso,DS Tibiri,Commune Tibiri Doutchi
fQZoKpyzYni,Niger,Tillaberi,DS Tillabery,Commune Kourtey
frblge9ndH9,Niger,Maradi,DS Mayahi,Commune Guidan Amoumoune
fRc2FTuEZFa,Niger,Dosso,DS Dogon Doutchi,Commune Dan Kassari
fRd8bTvZyFk,Niger,Zinder,DS Goure,Commune Goure
FrpVXGn8GjE,Niger,Maradi,DS Dakoro,Commune Kornaka
frV2EwkfoqD,Niger,Zinder,DS Goure,Commune Gamou
fSKsbx1lVEw,Niger,Zinder,DS Magaria,Commune Yekoua
fSleJWshwES,Niger,Dosso,DS Dosso,Commune Tombokoirey
fSO1MamVASf,Niger,Niamey,DS Niamey II,Commune 2ème Arrondissement
fsRsC7dl0OD,Niger,Zinder,DS Belbedji,Commune Tarka
fSUdq8mwV7I,Niger,Zinder,DS Zinder Ville,Commune 5è Arrondissement
fsY9fl1qGle,Niger,Maradi,DS Guidan Roumdji,Commune Tibiri Maradi
FT2HBe3dBgv,Niger,Tahoua,DS Illéla,HD Illéla
FT8cTzrxt4u,Niger,Maradi,DS Guidan Roumdji,Commune Guidan Roumdji
ft8dUWJjiQI,Niger,Tahoua,DS Bouza,Commune Tama
Ftcu91ry9vK,Niger,Tillaberi,DS Tera,Commune Gorouol
FTi60IIAadK,Niger,Tahoua,DS Tahoua Commune,Commune Tahoua I
FtiOGfn1c5b,Niger,Zinder,DS Mirriah,Commune Dogo
ftpf2SSQXGK,Niger,Zinder,DS Zinder Ville,Commune 4è Arrondissement
Fu2L0Kx73dY,Niger,Tillaberi,DS Tillabery,Commune Dessa
fU4tE8yavqt,Niger,Dosso,DS Gaya,Commune Tounouga
fu83Oolezt1,Niger,Tahoua,DS Tchintabaraden,HD Tchintabaraden
fuBwqTq2Rvq,Niger,Maradi,DS Mayahi,Commune Guidan Amoumoune
fUGiTWC7HrP,Niger,Tahoua,DS Abalak,Commune Tabalak
fuNMP1KsbTm,Niger,Maradi,DS Mayahi,Commune Maireyreye
FUVtHn5ESqM,Niger,Niamey,DS Niamey I,Commune 1er Arrondissement
FvDF032VvrX,Niger,Dosso,DS Dosso,Commune Farrey
FVvxfTljmyR,Niger,Maradi,DS Guidan Roumdji,Commune Tibiri Maradi
FW6WUx0WvAJ,Niger,Tahoua,DS Abalak,Commune Tamaya
fW8N6p8uJ4t,Niger,Tahoua,DS Keita,Commune Keita
fwcreHQjcDy,Niger,Tahoua,DS Tahoua,Commune Tébaram
FWJDg29BccW,Niger,Tillaberi,DS Tera,Commune Méhanna
FWJGWaX0A7w,Niger,Zinder,DS Tanout,Commune Ollélewa
fwkG5w5xTJD,Niger,Tahoua,DS Madaoua,Commune Sabon Guida
fWLfl4KaODL,Niger,Dosso,DS Dogon Doutchi,Commune Soucoucoutane
FwLTRYWony7,Niger,Niamey,DS Niamey II,Commune 2ème Arrondissement
FWOYLTMm70A,Niger,Tahoua,DS Bouza,Commune Allakaye
fWrbcNygzGU,Niger,Maradi,DS Maradi Ville,Commune Maradi 1
fwW6JA7amH8,Niger,Maradi,DS Aguié,Commune Tchadoua
fwWmq6zE4fx,Niger,Niamey,DS Niamey III,Commune 3ème Arrondissement
fXaMziv5jQp,Niger,Niamey,DS Niamey III,Commune 3ème Arrondissement
fxczRyZaxkQ,Niger,Dosso,DS Dosso,Commune Dosso
fxf9LeDPtj8,Niger,Zinder,DS Tanout,Commune Ollélewa
FxgHUUA8BT2,Niger,Maradi,DS Maradi Ville,Commune Maradi 2
FXU0vxDAMUh,Niger,Tillaberi,DS Tera,Commune Gorouol
FXWN7pqvLd6,Niger,Tahoua,DS Tahoua,Commune Affala
FxZrdQeFMKy,Niger,Maradi,DS Madarounfa,Commune Madarounfa
Fy2Yh6zxOEw,Niger,Maradi,DS Dakoro,Commune Kornaka
fY97UdDbSEb,Niger,Tahoua,DS Tchintabaraden,Commune Tchintabaraden
fYdwarVLsUP,Niger,Maradi,DS Dakoro,HD Dakoro
fYLZPuQVYSL,Niger,Zinder,DS Goure,HD Goure
fyqIvgSKVoN,Niger,Tillaberi,DS Ayorou,Commune Ayorou
fz6x1dI6u0M,Niger,Agadez,DS Agadez,Commune Agadez
FzJ1itY5J3O,Niger,Dosso,DS Dosso,Commune Sakadamna
FZkOgDDGLEy,Niger,Tahoua,DS Illéla,Commune Badaguichiri
FzwCsItnOGq,Niger,Tillaberi,DS Kollo,Commune Hamdallaye
g0KjME7gGxS,Niger,Tahoua,DS Keita,Commune Ibohamane
g0ZyKPI3tCb,Niger,Dosso,DS Tibiri,Commune Kore Mairoua
G14P6NqHqKg,Niger,Niamey,DS Niamey II,Commune 2ème Arrondissement
g14Pj8HAH3Z,Niger,Tahoua,DS Bouza,Commune Baban Katami
g154AI4txzW,Niger,Maradi,DS Maradi Ville,Commune Maradi 2
G22QfkAednJ,Niger,Tillaberi,DS Torodi,Commune Makalondi
g2FdWflLthp,Niger,Agadez,DS Iferouane,Commune Timia
G2HlkFgcfYB,Niger,Tillaberi,DS Tillabery,Commune Anzourou
G3DaiIPeIxh,Niger,Tillaberi,DS Kollo,Commune Karma
G3edaPIRosV,Niger,Tillaberi,DS Balleyara,Commune Tagazar
g3WS427poqJ,Niger,Tillaberi,DS Bankilare,Commune Bankillaré
G43OUSvsoHA,Niger,Zinder,DS Tanout,Commune Tanout
g4FEqrWqQlE,Niger,Tillaberi,DS Kollo,Commune Karma
g4lSoIBAibh,Niger,Niamey,DS Niamey III,Commune 3ème Arrondissement
G4oTZUd8ssu,Niger,Tillaberi,DS Torodi,Commune Torodi
g5gGCHR43ey,Niger,Zinder,DS Mirriah,Commune Mirriah
G61fYeZp66Q,Niger,Tahoua,DS Keita,Commune Keita
G6B8AUoV7Iu,Niger,Dosso,DS Tibiri,Commune Guecheme
g6hS5ssqCS2,Niger,Maradi,DS Mayahi,Commune Maireyreye
G6lyBsHIkqB,Niger,Maradi,DS Maradi Ville,Commune Maradi 1
G6vaXrkZknQ,Niger,Diffa,DS N'Gourti,Commune N'Gourti
G75OzdeJmhm,Niger,Diffa,DS Goudoumaria,Commune Goudoumaria
G7gwFuYywVz,Niger,Zinder,DS Takeita,Commune Garagoumsa
G7PrGjoN96r,Niger,Dosso,DS Dioundou,Commune Karakara
g7w7jshiaQz,Niger,Agadez,DS Ingall,Commune Ingall
G80o8r2AMjV,Niger,Dosso,DS Tibiri,Commune Guecheme
G8dzjZKj5LD,Niger,Tillaberi,DS Abala,Commune Abala
G90yTMy7eZu,Niger,Niamey,DS Niamey II,Commune 2ème Arrondissement
g91wuSB1Qwg,Niger,Dosso,DS Dosso,Commune Sakadamna
G93bIWglkfj,Niger,Tillaberi,DS Say,Commune Tamou
G9Q5qPOMfPT,Niger,Zinder,DS Goure,Commune Gamou
gA4Kz0Iina7,Niger,Tahoua,DS Malbaza,Commune Doguaraoua
gAEwANVrFi9,Niger,Dosso,DS Dogon Doutchi,Commune Dogon Kirya
gAfweD8JDKI,Niger,Dosso,DS Boboye,Commune N'Gonga
GAg0YlLz5J9,Niger,Tillaberi,DS Tillabery,Commune Kourtey
GaIzo95C3G4,Niger,Tillaberi,DS Kollo,HD Kollo
gAkzYemrehH,Niger,Zinder,DS Damgaram Takaya,Commune Guidimouni
gALmarkXDjm,Niger,Tillaberi,DS Gotheye,Commune Gotheye
GANGCqJKB0b,Niger,Tahoua,DS Abalak,Commune Tamaya
garyk7mXR5N,Niger,Maradi,DS Tessaoua,HD Tessaoua
gAz3zmp9551,Niger,Zinder,DS Zinder Ville,Commune 4è Arrondissement
gbaTn225tcq,Niger,Maradi,DS Guidan Roumdji,Commune Tibiri Maradi
GbbUxAQEwFL,Niger,Maradi,DS Mayahi,Commune Attantane
GbglynkyPjG,Niger,Tillaberi,DS Tera,HD Téra
gBJpIiHyx9B,Niger,Diffa,DS N'Guigmi,Commune N'Guigmi
gBljWajFWug,Niger,Zinder,DS Zinder Ville,Commune 4è Arrondissement
GBtZozg7u6Z,Niger,Dosso,DS Tibiri,Commune Guecheme
GbXBWyG4HG9,Niger,Zinder,DS Belbedji,Commune Tarka
GByNnGdpAvY,Niger,Maradi,DS Dakoro,Commune Goula
GbzG3T9GoS9,Niger,Zinder,DS Magaria,Commune Dantchiao
gc1dacPnSsv,Niger,Zinder,DS Zinder Ville,Commune 4è Arrondissement
gC1Fgz0wW1n,Niger,Agadez,DS Arlit,Commune Dannat
gC4cTP0MNgn,Niger,Tillaberi,DS Tera,Commune Kokorou
Gc8fmyLw2oB,Niger,Tillaberi,DS Gotheye,Commune Gotheye
Gcj8DOxkJk7,Niger,Tillaberi,DS Fillingue,Commune Tondikandia
gcxud6gTvoq,Niger,Maradi,DS Maradi Ville,Commune Maradi 2
GD09JoOcpog,Niger,Diffa,DS Mainé Soroa,Commune N'Guel Beyli
gD41jUlLaIF,Niger,Zinder,DS Tanout,Commune Tenhya
gD9PU21F3iD,Niger,Dosso,DS Boboye,Commune de Kiota
GdMkSITC9oQ,Niger,Tahoua,DS Abalak,Commune Azeye
gDQc7DQ1JVe,Niger,Zinder,DS Tesker,Commune Tesker
gDrB2Xo6iDR,Niger,Maradi,DS Mayahi,Commune Guidan Amoumoune
GdUKXGBGNw7,Niger,Tahoua,DS Illéla,Commune Badaguichiri
gdw1CyS6dJa,Niger,Tillaberi,DS Banibangou,Commune Banibangou
gDXH0h6vYrj,Niger,Dosso,DS Gaya,Commune Tanda
GeauD0eDQJs,Niger,Dosso,DS Tibiri,Commune Kore Mairoua
gebiLnMbjqJ,Niger,Maradi,DS Guidan Roumdji,Commune Tibiri Maradi
gEErGtZxugk,Niger,Zinder,DS Goure,Commune Goure
geNck8mSxat,Niger,Maradi,DS Dakoro,Commune Kornaka
GeOcwX1lv7t,Niger,Niamey,DS Niamey II,Commune 2ème Arrondissement
GEPWzwhvto7,Niger,Niamey,DS Niamey IV,Commune 4ème Arrondissement
GEqdzSXdv05,Niger,Tahoua,DS Keita,Commune Tamaské
gFCqpIXNzJa,Niger,Maradi,DS Madarounfa,Commune Safo
GfcUnKxMgq6,Niger,Tahoua,DS Madaoua,Commune Ourno
GFds6NqRyos,Niger,Maradi,DS Madarounfa,Commune Dan Issa
gfjH2q8lrF5,Niger,Niamey,DS Niamey I,Commune 1er Arrondissement
gfJLIJ2QqMK,Niger,Tillaberi,DS Kollo,Commune Karma
gfNBN2Y086W,Niger,Maradi,DS Dakoro,Commune Adjekoria
gfQUGMOGWcm,Niger,Tillaberi,DS Fillingue,Commune Imanan( Bonkoukou)
GFt0L2sokCd,Niger,Dosso,DS Tibiri,Commune Tibiri Doutchi
gfxA7Spymbt,Niger,Agadez,DS Agadez,Commune Agadez
gfXBqlSF3As,Niger,Tahoua,DS Tahoua,Commune Bambeye
GFZY2lJCqxS,Niger,Dosso,DS Dioundou,Commune Dioundiou
gGaxSEjV64J,Niger,Diffa,DS Goudoumaria,Commune Goudoumaria
GgfP69BMGEk,Niger,Zinder,DS Goure,Commune Guidiguir
Gggma11Aod5,Niger,Niamey,DS Niamey I,Commune 1er Arrondissement
GGvW6E7GTO4,Niger,Agadez,DS Aderbissinat,Commune Aderbissanat
GGXeIvdmrTT,Niger,Dosso,DS Dogon Doutchi,Commune Dogon Kirya
ggzid2mcowl,Niger,Maradi,DS Aguié,Commune Aguie
GH6HSiR9yUI,Niger,Tillaberi,DS Say,Commune Say
GHBkp4koOM4,Niger,Tillaberi,DS Gotheye,HD Gotheye
gHFbR4fB8Wz,Niger,Tahoua,DS Illéla,Commune Badaguichiri
gHkxhk9Bvlg,Niger,Zinder,DS Belbedji,Commune Tarka
GHMuvosFmv9,Niger,Tillaberi,DS Tera,Commune Téra
gHo5hNEkt3r,Niger,Tahoua,DS Abalak,HD Abalak
GHSfh2VWp0J,Niger,Maradi,DS Gazaoua,Commune Gazaoua
gHsK0NVYWKZ,Niger,Dosso,DS Gaya,HD Gaya
GhSupHciw87,Niger,Dosso,DS Loga,Commune Falwel
gHVK1iPV08x,Niger,Tillaberi,DS Kollo,Commune N'Dounga
Gi0xo6Trq3J,Niger,Tahoua,DS Madaoua,Commune Azerori
gIBbrCK2RSV,Niger,Tahoua,DS Illéla,HD Illéla
giBli2So8BP,Niger,Maradi,DS Madarounfa,Commune Djiratawa
gIFaUZonDPv,Niger,Tillaberi,DS Kollo,Commune Namaro
gIMY4CYrEjT,Niger,Zinder,DS Tesker,Commune Tesker
GiQ9Ed3FNtP,Niger,Tahoua,DS Bouza,Commune Tabotaki
gisb85yJvIa,Niger,Maradi,DS Maradi Ville,Commune Maradi 2
GIuQTVnz2HR,Niger,Zinder,DS Magaria,Commune Bande
giWZMFygZrP,Niger,Tahoua,DS Abalak,Commune Azeye
gIyuW6pRAF6,Niger,Maradi,DS Dakoro,Commune Kornaka
gj9Bq4qfzhl,Niger,Tahoua,DS Madaoua,Commune Sabon Guida
gJahyMrBXcv,Niger,Maradi,DS Guidan Roumdji,Commune Chadakori
gJdPtSU767e,Niger,Maradi,DS Tessaoua,Commune Ourafane
GjExCLi9RYp,Niger,Tillaberi,DS Tera,HD Téra
gJfCx0gEGpH,Niger,Dosso,DS Dogon Doutchi,HD Dogon Doutchi
Gjho3xI2GOC,Niger,Tahoua,DS Malbaza,Commune Doguaraoua
GkHPBBwrcQB,Niger,Maradi,DS Bermo,Commune Bermo
gkUibTFArtB,Niger,Zinder,DS Matamèye,HD Matameye
GkxPod7JtqC,Niger,Tahoua,DS Bagaroua,HD Bagaroua
GkzrjZTH3L0,Niger,Tillaberi,DS Say,Commune Tamou
GL3zrnp9Irg,Niger,Maradi,DS Guidan Roumdji,Commune Sae Saboua
gl6SQC42BEO,Niger,Dosso,DS Dogon Doutchi,Commune Dan Kassari
glktaWRs66A,Niger,Zinder,DS Tanout,Commune Tanout
GLlJgx2Q5t4,Niger,Dosso,DS Gaya,Commune Tanda
GlOJ9rgUBQc,Niger,Diffa,DS N'Guigmi,Commune N'Guigmi
gLT3YpQAY7i,Niger,Tillaberi,DS Tera,Commune Kokorou
Gm5xKdbXNtW,Niger,Tahoua,DS Keita,Commune Tamaské
GMd5ehecSff,Niger,Niamey,DS Niamey II,Commune 2ème Arrondissement
Gmg4EjIKtrD,Niger,Dosso,DS Gaya,HD Gaya
gmjiDZ3Ubck,Niger,Tahoua,DS Tahoua,Commune Takamanat
GmPIs06W9HY,Niger,Zinder,DS Matamèye,Commune Kourni
gmYurjYxQ3Y,Niger,Tillaberi,DS Ouallam,Commune Dingazi
gmyVFxChyhH,Niger,Zinder,DS Goure,HD Goure
GN4DuxHx7fx,Niger,Zinder,DS Goure,Commune Kelle
gNANOJmN6Ld,Niger,Niamey,DS Niamey II,Commune 2ème Arrondissement
gnbGi9hpV0Y,Niger,Maradi,DS Tessaoua,Commune Korgom
gnDPMSMFBcg,Niger,Agadez,DS Arlit,Commune Dannat
GNdwNfBUMlH,Niger,Tillaberi,DS Tera,Commune Kokorou
GnlWks8pjco,Niger,Diffa,DS Diffa,Commune Chétimari
GNNKcmFYymZ,Niger,Dosso,DS Dosso,Commune Farrey
gnoKYITNRU8,Niger,Tillaberi,DS Gotheye,Commune Gotheye
gNy4ZxNZW4f,Niger,Niamey,DS Niamey II,Commune 2ème Arrondissement
go1PoKGgEfG,Niger,Niamey,DS Niamey IV,Commune 4ème Arrondissement
GocPd3KTSAh,Niger,Dosso,DS Dogon Doutchi,Commune Kieche
goemlg3YLhV,Niger,Tillaberi,DS Say,Commune Say
GOH6FiPS7od,Niger,Maradi,DS Madarounfa,Commune Gabi
gojhwz6RFvf,Niger,Maradi,DS Guidan Roumdji,Commune Chadakori
Goq4SbzAg3r,Niger,Agadez,DS Ingall,Commune Ingall
GOW3XLSthUk,Niger,Maradi,DS Aguié,Commune Aguie
gP0WYTbBUmj,Niger,Maradi,DS Tessaoua,Commune Tessaoua
GP8veEWDJrY,Niger,Niamey,DS Niamey III,Commune 3ème Arrondissement
GP9v08FBaXP,Niger,Tillaberi,DS Kollo,Commune Dantchandou
Gpcn8QWieZa,Niger,Tahoua,DS Tahoua Commune,Commune Tahoua I
GPlsveVN7Dw,Niger,Maradi,DS Maradi Ville,Commune Maradi 1
GpqBI9vR7Am,Niger,Maradi,DS Dakoro,HD Dakoro
gpVI6n56n8W,Niger,Agadez,DS Tchirozérine,Commune Tchirozérine
GPYe1Y5shCc,Niger,Tahoua,DS Bagaroua,Commune Bagaroua
gpyJ9jXc9Wy,Niger,Tahoua,DS Illéla,Commune Badaguichiri
Gq9C5uDr5Sd,Niger,Tahoua,DS Illéla,Commune Badaguichiri
GqCcBB2NPDX,Niger,Tahoua,DS Malbaza,Commune Doguaraoua
GqmHTvu5ecR,Niger,Maradi,DS Dakoro,HD Dakoro
GQoL2ujqaV5,Niger,Tahoua,DS Bouza,Commune Karofane
gqqeE5jJAjq,Niger,Tillaberi,DS Abala,Commune Abala
gQTqHg5aN2i,Niger,Tillaberi,DS Ayorou,Commune Inatess
GQTsNHhkuHX,Niger,Maradi,DS Mayahi,Commune Mayahi
grI1jvhrak4,Niger,Agadez,DS Agadez,Commune Agadez
GRKRZ31mWmh,Niger,Niamey,DS Niamey IV,Commune 4ème Arrondissement
GrnpquokPfm,Niger,Tahoua,DS Tahoua,Commune Bambeye
gro47cYIbF8,Niger,Zinder,DS Magaria,Commune Dantchiao
gRT3pSGa7q7,Niger,Tahoua,DS Illéla,Commune Illéla
GrXXkpp57o9,Niger,Zinder,DS Matamèye,Commune Mataméye
GS8vtQFkwkT,Niger,Tahoua,DS Keita,Commune Ibohamane
gsJdo1DXLYf,Niger,Zinder,DS Magaria,Commune Yekoua
gsNB87XtQHL,Niger,Tahoua,DS Abalak,Commune Abalak
gsy7t9YyQkA,Niger,Tahoua,DS Bouza,HD Bouza
gTAbwrxpIPe,Niger,Maradi,DS Maradi Ville,Commune Maradi 2
gtjlRidKXrX,Niger,Zinder,DS Takeita,Commune Garagoumsa
GtNpajA4LcS,Niger,Tillaberi,DS Gotheye,Commune Gotheye
gTuxic5uFN6,Niger,Zinder,DS Mirriah,Commune Droum
gtX0WdOLCqN,Niger,Agadez,DS Tchirozérine,Commune Tchirozérine
Gu230L5A0Kh,Niger,Maradi,DS Madarounfa,Commune Djiratawa
gU4Bev6SVsf,Niger,Zinder,DS Doungass,Commune Dungass
guFpEA7bIDg,Niger,Maradi,DS Guidan Roumdji,Commune Tibiri Maradi
GUgRlrfbJpL,Niger,Dosso,DS Dogon Doutchi,Commune Dan Kassari
Gv7zbosIi2M,Niger,Tahoua,DS Tchintabaraden,Commune Tchintabaraden
gvAinNCCazx,Niger,Tillaberi,DS Tillabery,Commune Sinder
gVIFVWojPv0,Niger,Dosso,DS Dosso,Commune Sakadamna
GVogPJzC1XT,Niger,Zinder,DS Matamèye,Commune Dan Barto
gVPcsYbPBvV,Niger,Niamey,DS Niamey III,Commune 3ème Arrondissement
gVQX36gc9Yg,Niger,Maradi,DS Maradi Ville,Commune Maradi 2
gvsxsfgnuHE,Niger,Maradi,DS Guidan Roumdji,Commune Guidan Sori
GVtMrIsrgB8,Niger,Tillaberi,DS Kollo,Commune Namaro
gVXalmbBjbU,Niger,Zinder,DS Goure,Commune Kelle
gVXHnSLIiE9,Niger,Diffa,DS Bosso,Commune Bosso
GVXp69BaaSE,Niger,Tahoua,DS Tchintabaraden,Commune Tchintabaraden
gw4SYoPIEmJ,Niger,Tahoua,DS Illéla,Commune Tajaé
gw7zLvcl5gU,Niger,Tahoua,DS Tahoua,Commune Kalfou
GwKEpY38ReU,Niger,Tahoua,DS Birni Konni,HD Birni N'Konni
gwncJiAhFlT,Niger,Maradi,DS Tessaoua,Commune Ourafane
gWoOAGUsUk0,Niger,Maradi,DS Guidan Roumdji,Commune Guidan Roumdji
gWys9VQ2jad,Niger,Tillaberi,DS Banibangou,Commune Banibangou
Gx9Bh1M4UML,Niger,Tahoua,DS Tahoua,Commune Tébaram
GxdqKbjqqPO,Niger,Zinder,DS Zinder Ville,HD Zinder
GxIrbilOhmD,Niger,Tillaberi,DS Fillingue,Commune Kourfé Centre
gxJLx9gJBDk,Niger,Tahoua,DS Bouza,Commune Allakaye
gxLi8JlXO5k,Niger,Maradi,DS Guidan Roumdji,Commune Sae Saboua
gxNTwc51aK7,Niger,Maradi,DS Gazaoua,Commune Gazaoua
GxqRXBWtQE0,Niger,Dosso,DS Boboye,Commune de Birni N'Gaouré
GxXZ7mfIX0k,Niger,Agadez,DS Arlit,Commune Dannat
GybmboPtdFv,Niger,Tillaberi,DS Torodi,Commune Torodi
gYL3eqHTfOi,Niger,Niamey,DS Niamey III,Commune 3ème Arrondissement
GyWruKKO806,Niger,Agadez,DS Aderbissinat,Commune Aderbissanat
GYY6DulGx7V,Niger,Tillaberi,DS Kollo,Commune Namaro
GZ0toWA5bKn,Niger,Tahoua,DS Tchintabaraden,Commune Tchintabaraden
gz7BU38UQww,Niger,Zinder,DS Tesker,Commune Tesker
gzBE4HoUkf2,Niger,Diffa,DS N'Guigmi,Commune Kablewa
gZdn1uKsTLs,Niger,Agadez,DS Bilma,Commune Dirkou
gzdUxUIqm3E,Niger,Niamey,DS Niamey I,Commune 1er Arrondissement
gzgOVYMyPNs,Niger,Zinder,DS Mirriah,Commune Koléram
GzLF6GcF5gv,Niger,Dosso,DS Tibiri,Commune Guecheme
gzSbKmvpGi8,Niger,Niamey,DS Niamey III,Commune 3ème Arrondissement
GzwWGqVMb5W,Niger,Maradi,DS Madarounfa,Commune Djiratawa
h075ZjeZfkm,Niger,Zinder,DS Magaria,Commune Bande
h09uHHHJxsd,Niger,Tillaberi,DS Ouallam,Commune Tondikiwindi
H0X0Kwq9lfX,Niger,Niamey,DS Niamey II,Commune 2ème Arrondissement
H1DGS6Uqwly,Niger,Maradi,DS Tessaoua,Commune Tessaoua
h20ppAu80XG,Niger,Zinder,DS Damgaram Takaya,HD Damagaram Takaya
h25P5nTVv5b,Niger,Diffa,DS Bosso,Commune Bosso
h2d4RgXmVYB,Niger,Niamey,DS Niamey I,Commune 1er Arrondissement
h2L546nx7ro,Niger,Maradi,DS Guidan Roumdji,Commune Guidan Roumdji
h2r79uYPF0k,Niger,Agadez,DS Iferouane,Commune Timia
H2ufYhqLsfj,Niger,Zinder,DS Takeita,Commune Tirmini
h34nx1NYc96,Niger,Maradi,DS Dakoro,HD Dakoro
H3eDDN5Lsae,Niger,Maradi,DS Madarounfa,HD Madarounfa
h3SAAdiML2c,Niger,Tillaberi,DS Kollo,Commune Kouré
h47NDN7UiIt,Niger,Maradi,DS Dakoro,Commune Kornaka
h4dDGa2DGkI,Niger,Maradi,DS Madarounfa,Commune Dan Issa
H4MMpTX4qBT,Niger,Diffa,DS Bosso,Commune Bosso
h53KTmnqm95,Niger,Tahoua,DS Tahoua,Commune Affala
H58A7EaeDZR,Niger,Tillaberi,DS Ouallam,Commune Simiri
h5KZGuH7SVz,Niger,Maradi,DS Tessaoua,Commune Maijirgui
H5NqSX292YE,Niger,Tillaberi,DS Fillingue,Commune Kourfé Centre
h5obNuutCcM,Niger,Tillaberi,DS Say,HD Say
h6a8xfI75OI,Niger,Zinder,DS Belbedji,Commune Tarka
h6iwX8ZSDOf,Niger,Tahoua,DS Bouza,Commune Allakaye
h6X0eFYKi2J,Niger,Agadez,DS Iferouane,Commune Iférouane
h7BIE9fzDBW,Niger,Maradi,DS Dakoro,Commune Maiyara
h7ITmh1hDr5,Niger,Diffa,DS Bosso,Commune Bosso
h7keUdW8sbT,Niger,Tillaberi,DS Tera,Commune Téra
H7l09AGnsT4,Niger,Maradi,DS Mayahi,Commune Mayahi
H7N4UAvmUbx,Niger,Diffa,DS Diffa,Commune Chétimari
h7ZC2sBPX4e,Niger,Tahoua,DS Illéla,Commune Illéla
H86kHc5tztZ,Niger,Niamey,DS Niamey I,Commune 1er Arrondissement
h8AlEXeEBte,Niger,Zinder,DS Takeita,Commune Garagoumsa
H8EnYFhEeE1,Niger,Niamey,DS Niamey I,Commune 1er Arrondissement
H8fiP8wfqOY,Niger,Maradi,DS Gazaoua,Commune Gazaoua
h8kQulUtp2H,Niger,Diffa,DS Mainé Soroa,Commune Maïné Soroa
h8t79OKjT9d,Niger,Tillaberi,DS Kollo,Commune Hamdallaye
H8yAyNRv2fL,Niger,Tahoua,DS Birni Konni,Commune Birni N'Konni
H8ykcZT5KzO,Niger,Tahoua,DS Abalak,Commune Tamaya
H9OebFT1wp8,Niger,Tahoua,DS Bouza,Commune Baban Katami
h9q1FQ4hN29,Niger,Niamey,DS Niamey III,Commune 3ème Arrondissement
h9uVNRooh1I,Niger,Dosso,DS Dosso,Commune Garankedey
h9wpbRkRZ20,Niger,Tahoua,DS Tchintabaraden,Commune Tchintabaraden
hAL8XZksGth,Niger,Tahoua,DS Illéla,HD Illéla
Has2H0yiG7F,Niger,Agadez,DS Aderbissinat,Commune Aderbissanat
haULCUYzKEC,Niger,Zinder,DS Tesker,Commune Tesker
hAYZnUQ0pdY,Niger,Tillaberi,DS Tera,Commune Gorouol
Hbe7UY5JNvB,Niger,Dosso,DS Dosso,Commune Dosso
hBKxdqWWykL,Niger,Tillaberi,DS Bankilare,Commune Bankillaré
HbLY4mncNFE,Niger,Tillaberi,DS Ouallam,Commune Simiri
hbmjinXuOd7,Niger,Tillaberi,DS Gotheye,Commune Gotheye
hBo4ubYiJ1Y,Niger,Niamey,DS Niamey I,Commune 1er Arrondissement
HbRZ4QBrpwU,Niger,Maradi,DS Dakoro,Commune Maiyara
HbxASwj9iNb,Niger,Zinder,DS Zinder Ville,Commune 3è Arrondissement
Hc5xstWrKUO,Niger,Agadez,DS Agadez,Commune Agadez
hcdiS9AwgVZ,Niger,Niamey,DS Niamey IV,Commune 4ème Arrondissement
HCEofN6lmq5,Niger,Tillaberi,DS Ouallam,Commune Simiri
hcM9JoM0EHC,Niger,Zinder,DS Magaria,Commune Kwaya
HcptB0vWhvI,Niger,Maradi,DS Dakoro,Commune Dakoro
HCvnZTwcnkH,Niger,Zinder,DS Matamèye,Commune Yaouri
Hcx0AsrlV2t,Niger,Tahoua,DS Madaoua,Commune Madaoua
hCYl6Bdov8V,Niger,Maradi,DS Bermo,Commune Bermo
HCzy9EWqnr9,Niger,Tillaberi,DS Tillabery,Commune Kourtey
HdevDRe1jAL,Niger,Niamey,DS Niamey I,Commune 1er Arrondissement
HOUuz0sHXFI,Niger,Maradi,DS Guidan Roumdji,HD Guidan Roumdji
HdM2DcZZGsn,Niger,Niamey,DS Niamey IV,Commune 4ème Arrondissement
hDZBidSc6se,Niger,Zinder,DS Goure,Commune Guidiguir
he1u9tew4Vw,Niger,Zinder,DS Damgaram Takaya,Commune Damagaram Takaya
hE1VVDo9SgD,Niger,Niamey,DS Niamey V,HD Gaweye
heflIyGqnVW,Niger,Tillaberi,DS Tera,Commune Gorouol
heIhwu2JfVM,Niger,Zinder,DS Magaria,Commune Sassoumbroum
heMv3SCZuLT,Niger,Dosso,DS Gaya,Commune Gaya
hEW4t432kqI,Niger,Tillaberi,DS Kollo,Commune Karma
hf4Xpy3crop,Niger,Tillaberi,DS Gotheye,Commune Gotheye
Hfgw7Ged6fJ,Niger,Dosso,DS Loga,Commune Loga
hFkTWi83sLi,Niger,Tahoua,DS Keita,Commune Garhanga
hfw9PotM2Oq,Niger,Tahoua,DS Illéla,HD Illéla
hfwzBpfDZ1t,Niger,Maradi,DS Mayahi,Commune Maireyreye
hg5RJzcOWrL,Niger,Maradi,DS Dakoro,HD Dakoro
hg6MW7fZLph,Niger,Maradi,DS Dakoro,Commune Adjekoria
hGhJ9OJOFww,Niger,Diffa,DS Mainé Soroa,Commune Maïné Soroa
hgKjDSX5UAF,Niger,Tahoua,DS Abalak,HD Abalak
hGmqhQ6kzen,Niger,Maradi,DS Mayahi,Commune Guidan Amoumoune
hGOSQFK4Ssx,Niger,Diffa,DS Goudoumaria,Commune Goudoumaria
HGqoBrRu89N,Niger,Tahoua,DS Tchintabaraden,Commune Tchintabaraden
HGXHt7uPn9I,Niger,Niamey,DS Niamey III,Commune 3ème Arrondissement
HgZtNLhd4n3,Niger,Dosso,DS Boboye,Commune de Birni N'Gaouré
hh0VJUeTiPq,Niger,Agadez,DS Tchirozérine,Commune Tabelot
hHeDo6GpAL1,Niger,Tahoua,DS Tchintabaraden,Commune Kaou
HhkFIYmx5Vz,Niger,Tahoua,DS Madaoua,Commune Bangui
Hhl52vH1MnE,Niger,Tillaberi,DS Gotheye,Commune Dargol
hhsPVxktJJ2,Niger,Tillaberi,DS Tillabery,Commune Kourtey
Hhw2AWkgyuv,Niger,Dosso,DS Dogon Doutchi,Commune Dan Kassari
hI0vTlMDtD5,Niger,Tillaberi,DS Kollo,Commune Karma
HI9KjbWIhYQ,Niger,Dosso,DS Loga,Commune Loga
HIB6L6MO9SJ,Niger,Tahoua,DS Madaoua,Commune Bangui
HIbxPOU9FLO,Niger,Dosso,DS Tibiri,Commune Guecheme
hIcG9XjppF8,Niger,Maradi,DS Tessaoua,Commune Maijirgui
HIQxHwcYKlF,Niger,Tahoua,DS Tchintabaraden,Commune Kaou
HiSQSuYWtjh,Niger,Maradi,DS Guidan Roumdji,Commune Chadakori
HistMOkS8G0,Niger,Maradi,DS Gazaoua,Commune Gangara Gazaoua
HisVC1GGXDb,Niger,Maradi,DS Dakoro,Commune Kornaka
HitFmB0QR8k,Niger,Diffa,DS Goudoumaria,Commune Goudoumaria
hiVUGNJnYkT,Niger,Zinder,DS Belbedji,Commune Tarka
Hj4V3DnYcSc,Niger,Tillaberi,DS Kollo,Commune Karma
hJDi0kZXZ7i,Niger,Tillaberi,DS Kollo,Commune Namaro
HjennUd9CFz,Niger,Agadez,DS Iferouane,Commune Timia
HjJbDm7GjB2,Niger,Tillaberi,DS Ouallam,HD Ouallam
HjlhOUfNrLY,Niger,Tillaberi,DS Tera,Commune Kokorou
HJsUqHXImU7,Niger,Zinder,DS Magaria,Commune Magaria
hK0txo3AUmA,Niger,Zinder,DS Magaria,HD Magaria
HK3Dhvv9aSs,Niger,Zinder,DS Damgaram Takaya,Commune Albarkaram
HK6TobGQimU,Niger,Maradi,DS Dakoro,Commune Adjekoria
Hk8qcA6PS1X,Niger,Dosso,DS Gaya,Commune Bana
HKE6JsPar0Z,Niger,Zinder,DS Mirriah,Commune Droum
HKJIRMRI4Qf,Niger,Tahoua,DS Bagaroua,HD Bagaroua
hkTMOD6ZLk7,Niger,Tillaberi,DS Abala,Commune Abala
HkXReGTBPES,Niger,Tahoua,DS Tchintabaraden,Commune Tchintabaraden
HKXRtQfkYbh,Niger,Maradi,DS Madarounfa,Commune Madarounfa
hl9iklZmcT1,Niger,Maradi,DS Mayahi,Commune Issawane
hlBvhtKBVqr,Niger,Maradi,DS Dakoro,HD Dakoro
HLEBjPrVFJL,Niger,Niamey,DS Niamey III,Commune 3ème Arrondissement
hLLUoP0DDiq,Niger,Maradi,DS Guidan Roumdji,Commune Tibiri Maradi
hLm5576a0YR,Niger,Tahoua,DS Madaoua,HD Madaoua
HLn6zzj3IE1,Niger,Zinder,DS Magaria,HD Magaria
hLNuLqoFQ7d,Niger,Maradi,DS Aguié,HD Aguié
Hlq45Y7PiTL,Niger,Tillaberi,DS Gotheye,Commune Dargol
HlQc9L15rrr,Niger,Niamey,DS Niamey II,Commune 2ème Arrondissement
hlr9OMp0IJ0,Niger,Maradi,DS Mayahi,Commune Mayahi
Hm2L7lyCYd1,Niger,Maradi,DS Tessaoua,Commune Ourafane
hm5CfFaduvl,Niger,Dosso,DS Dosso,Commune Sakadamna
hM98nW3yBEn,Niger,Tillaberi,DS Kollo,Commune Hamdallaye
hMMCoMet0GY,Niger,Agadez,DS Arlit,Commune Arlit
hmoDLK2anVt,Niger,Agadez,DS Agadez,Commune Agadez
HmOqBIebcKz,Niger,Tillaberi,DS Gotheye,Commune Dargol
hmrJmkmoCW4,Niger,Maradi,DS Guidan Roumdji,Commune Tibiri Maradi
hN05ysUIdYr,Niger,Dosso,DS Loga,Commune Sokorbé
Hn1NWeCghPD,Niger,Zinder,DS Tanout,Commune Gangara Tanout
hNCqhwKfLwX,Niger,Zinder,DS Tanout,Commune Ollélewa
hndt9SY5sjv,Niger,Niamey,DS Niamey II,Commune 2ème Arrondissement
HnffRbH9rnq,Niger,Dosso,DS Dosso,Commune Dosso
hNIf3mAUCKa,Niger,Dosso,DS Loga,Commune Falwel
hNnImvT08wj,Niger,Dosso,DS Gaya,Commune Tounouga
HNWuvshkogi,Niger,Tillaberi,DS Kollo,Commune Kouré
Ho2Xfh3vKS6,Niger,Dosso,DS Boboye,Commune Kankandi
HO63scI2D0Z,Niger,Maradi,DS Maradi Ville,Commune Maradi 3
hO7bhIFzZiy,Niger,Dosso,DS Boboye,Commune de Koygolo
hoKMaj7PSiN,Niger,Maradi,DS Maradi Ville,Commune Maradi 2
HoOD7WqD9Zw,Niger,Niamey,DS Niamey V,Commune 5ème Arrondissement
hoSRdmShIvd,Niger,Dosso,DS Gaya,Commune Yélou
HoTnJjVfgS1,Niger,Agadez,DS Tchirozérine,Commune Tchirozérine
hOYwEdNEwNE,Niger,Tahoua,DS Madaoua,Commune Ourno
hP4w0WAkHGX,Niger,Zinder,DS Goure,Commune Goure
hpLhRamqpHK,Niger,Maradi,DS Guidan Roumdji,Commune Tibiri Maradi
hPyPxGHcxmL,Niger,Agadez,DS Iferouane,Commune Timia
hPz4MmWh42r,Niger,Maradi,DS Dakoro,Commune Dan Goulbi
hq2N8RnPoXn,Niger,Tillaberi,DS Say,Commune Say
hq5miYRFYBZ,Niger,Maradi,DS Dakoro,Commune Dan Goulbi
hQ7mU707jEz,Niger,Tillaberi,DS Gotheye,Commune Gotheye
hqM0HGvgO4y,Niger,Diffa,DS Goudoumaria,Commune Goudoumaria
hQMcWnEYXd4,Niger,Diffa,DS Diffa,Commune Diffa
HRnc4JRJPAx,Niger,Zinder,DS Tanout,Commune Gangara Tanout
hrno4W7gQJc,Niger,Tillaberi,DS Ouallam,Commune Tondikiwindi
HrO1CWQUef9,Niger,Maradi,DS Tessaoua,Commune Ourafane
HRSOkkJYHJe,Niger,Diffa,DS Bosso,Commune Bosso
HRux7LKr8K0,Niger,Tahoua,DS Bouza,Commune Allakaye
hrZZDOzF6TD,Niger,Niamey,DS Niamey IV,Commune 4ème Arrondissement
hS0NiwUK9OW,Niger,Maradi,DS Dakoro,Commune Korahane
HS2aok40Q2r,Niger,Zinder,DS Damgaram Takaya,Commune Damagaram Takaya
HS3EMakoJHt,Niger,Maradi,DS Dakoro,Commune Sabonmachi
Hs47nmgtjGA,Niger,Tillaberi,DS Kollo,Commune N'Dounga
hS7l2n4UNDM,Niger,Tahoua,DS Keita,Commune Tamaské
hSDHMdDZNep,Niger,Zinder,DS Goure,Commune Guidiguir
HsIu0ZrgsaA,Niger,Niamey,DS Niamey II,Commune 2ème Arrondissement
Hsj1Ntw3SXA,Niger,Dosso,DS Tibiri,Commune Tibiri Doutchi
HslINEDCoL2,Niger,Tahoua,DS Madaoua,Commune Sabon Guida
hSNwUXbktSH,Niger,Zinder,DS Tesker,Commune Tesker
hsowY2D9Xgd,Niger,Tillaberi,DS Fillingue,Commune Tondikandia
hSqF8HHYlby,Niger,Dosso,DS Dosso,Commune Dosso
hSttqkflWFp,Niger,Dosso,DS Dosso,Commune Dosso
HSunTsj9evg,Niger,Niamey,DS Niamey III,Commune 3ème Arrondissement
HsWm26MsQwP,Niger,Maradi,DS Mayahi,Commune Issawane
hsYBStitmS1,Niger,Tahoua,DS Malbaza,Commune Malbaza
hSZRGYrYDzE,Niger,Zinder,DS Goure,Commune Boune
HT8q1T6uXfh,Niger,Zinder,DS Mirriah,Commune Mirriah
HTB3O7TMhGP,Niger,Niamey,DS Niamey I,Commune 1er Arrondissement
htbqWd9IzVH,Niger,Niamey,DS Niamey II,Commune 2ème Arrondissement
HTeqDENrcEz,Niger,Agadez,DS Agadez,Commune Agadez
htjtQS2RiNM,Niger,Zinder,DS Doungass,Commune Gouchy
hTmeLmyyRBG,Niger,Maradi,DS Guidan Roumdji,Commune Tibiri Maradi
hTqk2ZcQINX,Niger,Dosso,DS Dosso,Commune Dosso
htT5z3Dmyui,Niger,Agadez,DS Iferouane,Commune Iférouane
hTvarLNj6d7,Niger,Maradi,DS Madarounfa,Commune Safo
hTzgrpaBxZk,Niger,Agadez,DS Bilma,HD Bilma
hu8BSxwAUbZ,Niger,Tahoua,DS Tahoua,Commune Affala
hUc4kyjSPw4,Niger,Niamey,DS Niamey I,Commune 1er Arrondissement
HUF15DcoywG,Niger,Dosso,DS Boboye,HD Boboye
huIL4Rs0KQO,Niger,Diffa,DS Diffa,Commune Diffa
Hujb5LjGsYR,Niger,Zinder,DS Mirriah,HD Mirriah
HuJsJudbMYI,Niger,Tillaberi,DS Gotheye,Commune Gotheye
HuWtVLYAp4Z,Niger,Tillaberi,DS Ouallam,Commune Dingazi
Hv2U4wxxGji,Niger,Dosso,DS Gaya,Commune Gaya
Hv5iqmsUClQ,Niger,Zinder,DS Matamèye,Commune Kantché
HvqNO7Ci8I5,Niger,Maradi,DS Tessaoua,Commune Maijirgui
hVw8o5X16bF,Niger,Zinder,DS Tanout,Commune Ollélewa
hVZDKnAWQXO,Niger,Tillaberi,DS Kollo,HD Kollo
HVzyeAdRlJq,Niger,Zinder,DS Magaria,Commune Wacha
hWbmrj76kPG,Niger,Maradi,DS Mayahi,Commune Sarkin Haoussa
HwmfXMk4z7A,Niger,Tahoua,DS Bouza,Commune Bouza
HwmwbBIeDkW,Niger,Tahoua,DS Birni Konni,Commune Alléla
hwoM7djS4Ef,Niger,Tahoua,DS Bouza,Commune Bouza
HwR2BKZfw5h,Niger,Zinder,DS Magaria,Commune Wacha
HwrLXw9TG3W,Niger,Tahoua,DS Illéla,Commune Tajaé
HWwlVdn8esq,Niger,Zinder,DS Matamèye,HD Matameye
hWYu2DdQWaD,Niger,Tillaberi,DS Bankilare,Commune Bankillaré
Hx4ItYrWSgg,Niger,Maradi,DS Aguié,Commune Aguie
hx55NMwAX0r,Niger,Tillaberi,DS Kollo,Commune Hamdallaye
hxFVWHjp3Se,Niger,Zinder,DS Doungass,Commune Dogo Dogo
HXGR9Lhcq2c,Niger,Tillaberi,DS Tillabery,Commune Dessa
hxidCeMKk32,Niger,Tahoua,DS Birni Konni,Commune Birni N'Konni
hXJZB7G9EYX,Niger,Tahoua,DS Madaoua,Commune Madaoua
HXkEOi1ipX2,Niger,Maradi,DS Madarounfa,Commune Djiratawa
HxpWwUHcGHK,Niger,Zinder,DS Zinder Ville,HD Zinder
hXRzCDDkK4W,Niger,Dosso,DS Boboye,Commune Fabidji
hxt3imYnzFu,Niger,Dosso,DS Dosso,Commune Gorou Bankassam
HXVvMrT1pUg,Niger,Dosso,DS Dogon Doutchi,Commune Kieche
hXz3a6sxs1T,Niger,Tillaberi,DS Torodi,Commune Torodi
HXZE6wHL76Y,Niger,Niamey,DS Niamey I,Commune 1er Arrondissement
hXzNVfYOIXh,Niger,Tahoua,DS Illéla,Commune Illéla
hY9FnmHTX8q,Niger,Zinder,DS Goure,Commune Goure
HybpQvMWVGc,Niger,Maradi,DS Tessaoua,Commune Ourafane
hYhk6oK8cUr,Niger,Tillaberi,DS Tera,Commune Kokorou
hyo1jSZil0D,Niger,Tahoua,DS Tchintabaraden,HD Tchintabaraden
HYOyKdTy2uZ,Niger,Tahoua,DS Bagaroua,Commune Bagaroua
hYpyvzpcMOd,Niger,Tillaberi,DS Tillabery,Commune Kourtey
hYTaZKZ2BdE,Niger,Dosso,DS Dogon Doutchi,HD Dogon Doutchi
hyv6luYNcpP,Niger,Zinder,DS Magaria,Commune Yekoua
hYwLuo0ovp5,Niger,Tillaberi,DS Kollo,HD Kollo
hYymhTetB2q,Niger,Agadez,DS Bilma,Commune Bilma
Hz2aVQRcXmJ,Niger,Maradi,DS Tessaoua,Commune Tessaoua
hz417Efz0pv,Niger,Zinder,DS Goure,Commune Kelle
Hz8Spxl3Qa3,Niger,Tahoua,DS Abalak,Commune Azeye
hZErsVHo0lm,Niger,Niamey,DS Niamey III,Commune 3ème Arrondissement
Hzi2AgmVJgT,Niger,Tahoua,DS Bouza,Commune Bouza
hZi717MhgHk,Niger,Agadez,DS Tchirozérine,Commune Tchirozérine
HzIOShquPCz,Niger,Tahoua,DS Tahoua,Commune Kalfou
HziQD5XLXgW,Niger,Maradi,DS Dakoro,Commune Kornaka
HZlH6BodH5y,Niger,Dosso,DS Dogon Doutchi,Commune Kieche
hZxcjdqZfEe,Niger,Niamey,DS Niamey III,Commune 3ème Arrondissement
I0IMec3j4GU,Niger,Tahoua,DS Illéla,Commune Illéla
i0JvN84RmoK,Niger,Dosso,DS Dogon Doutchi,Commune Soucoucoutane
i0u2MihPix6,Niger,Zinder,DS Doungass,Commune Dungass
I1uNfr9Rv8O,Niger,Niamey,DS Niamey V,Commune 5ème Arrondissement
I1vPTpuFY2r,Niger,Maradi,DS Tessaoua,Commune Ourafane
i2ATlFXfxlK,Niger,Diffa,DS N'Gourti,Commune N'Gourti
I2dkbxDGj0U,Niger,Tillaberi,DS Gotheye,HD Gotheye
i2rR2DyGFPY,Niger,Maradi,DS Mayahi,Commune Maireyreye
I2WU6TUy5uj,Niger,Maradi,DS Dakoro,Commune Roumbou 1
i2ywv7l0Tjz,Niger,Dosso,DS Gaya,Commune Tounouga
i3AKql78hPz,Niger,Niamey,DS Niamey I,Commune 1er Arrondissement
i3CVweqyHDY,Niger,Niamey,DS Niamey II,Commune 2ème Arrondissement
I3DJDXq1z6a,Niger,Niamey,DS Niamey I,Commune 1er Arrondissement
I3f11sFMJFV,Niger,Tillaberi,DS Abala,Commune Abala
I3FNJvt066i,Niger,Maradi,DS Guidan Roumdji,Commune Guidan Roumdji
I3KmiOUzBIz,Niger,Agadez,DS Arlit,Commune Arlit
I4oEK6uiKpb,Niger,Maradi,DS Aguié,Commune Aguie
i54LYHVKMTp,Niger,Maradi,DS Tessaoua,Commune Tessaoua
i5HeWevTMjX,Niger,Maradi,DS Guidan Roumdji,Commune Chadakori
I5kdE5P0wk7,Niger,Tillaberi,DS Torodi,Commune Torodi
i5NgMcwNW9q,Niger,Tillaberi,DS Tera,Commune Méhanna
I6vnv02yBJJ,Niger,Maradi,DS Guidan Roumdji,Commune Tibiri Maradi
i6yfHmvwrIT,Niger,Dosso,DS Dosso,Commune Farrey
I7B1ecxi0Zg,Niger,Tahoua,DS Birni Konni,Commune Bazaga
i7QaiZ40QWR,Niger,Tahoua,DS Tahoua Commune,Commune Tahoua Ii
i7xFnEjXkLM,Niger,Tillaberi,DS Abala,Commune Abala
i7XWmErVIKT,Niger,Agadez,DS Aderbissinat,Commune Aderbissanat
i7ZlXOuhSdO,Niger,Tillaberi,DS Torodi,Commune Torodi
I8Gh8oaybMi,Niger,Tahoua,DS Madaoua,Commune Sabon Guida
i8L3YkKD6Xv,Niger,Tillaberi,DS Fillingue,Commune Imanan( Bonkoukou)
i97dVj1CaAK,Niger,Dosso,DS Tibiri,Commune Guecheme
I9KLQp0WsJs,Niger,Tahoua,DS Tchintabaraden,Commune Tchintabaraden
I9rqIm8Yzaq,Niger,Tillaberi,DS Gotheye,Commune Dargol
i9x0Ra37jXG,Niger,Tahoua,DS Tahoua,Commune Bambeye
i9XMkUoee6b,Niger,Diffa,DS Mainé Soroa,Commune N'Guel Beyli
i9xnqGIaXEj,Niger,Tahoua,DS Bagaroua,HD Bagaroua
Ia7EUQcFKow,Niger,Maradi,DS Guidan Roumdji,Commune Chadakori
ia7fu3mpwyc,Niger,Tahoua,DS Abalak,Commune Tabalak
iahz4W3LhY1,Niger,Maradi,DS Dakoro,Commune Goula
IakdpbbhTai,Niger,Tahoua,DS Abalak,Commune Tamaya
IAknEtgfzum,Niger,Tahoua,DS Illéla,Commune Illéla
IapmlGJmAEf,Niger,Dosso,DS Loga,Commune Falwel
IaVoBdFZfrG,Niger,Tahoua,DS Tahoua,Commune Kalfou
IayVf7uBqHe,Niger,Dosso,DS Dosso,Commune Sambera
IAZA9IAOgpy,Niger,Maradi,DS Maradi Ville,Commune Maradi 3
IbDxa55I39D,Niger,Dosso,DS Loga,HD Loga
iBeIyn9qwuH,Niger,Dosso,DS Gaya,Commune Tanda
ibesIw3rCxb,Niger,Tahoua,DS Bagaroua,Commune Bagaroua
ibFYTdMzFax,Niger,Maradi,DS Dakoro,Commune Goula
ibWSjIbkbpu,Niger,Niamey,DS Niamey II,Commune 2ème Arrondissement
Ic24eG0exDa,Niger,Zinder,DS Doungass,Commune Gouchy
IC495bK7cSG,Niger,Tillaberi,DS Tillabery,Commune Sinder
ICAAntkNkjT,Niger,Dosso,DS Gaya,Commune Yélou
iCeBCvfyTPm,Niger,Tahoua,DS Tahoua,Commune Bambeye
icitGwk0kVK,Niger,Dosso,DS Dosso,Commune Tombokoirey
ICSPx8YH6DK,Niger,Tahoua,DS Birni Konni,Commune Birni N'Konni
ICtSffBcCZE,Niger,Tillaberi,DS Ayorou,Commune Ayorou
id0n8tjuTjn,Niger,Zinder,DS Goure,Commune Goure
Id2RfI5kyWF,Niger,Maradi,DS Mayahi,Commune Maireyreye
id4yuiOkLN0,Niger,Zinder,DS Magaria,HD Magaria
id7yIwfg8mZ,Niger,Maradi,DS Dakoro,HD Dakoro
iDdl6Ob0itv,Niger,Tillaberi,DS Tillabery,Commune Dessa
iditpLfXCZb,Niger,Zinder,DS Goure,Commune Goure
iduaoDgIWTx,Niger,Tahoua,DS Bagaroua,HD Bagaroua
iDyrfQXVgy5,Niger,Tahoua,DS Tahoua,Commune Bambeye
ieFDLTPdMhz,Niger,Maradi,DS Dakoro,Commune Birni Lalle
ieLsffetoX9,Niger,Tahoua,DS Bagaroua,Commune Bagaroua
IEQyDE1w4CH,Niger,Agadez,DS Bilma,HD Bilma
ieRK00AoA5Q,Niger,Tillaberi,DS Ouallam,Commune Ouallam
iEusk9q92xN,Niger,Tahoua,DS Bagaroua,Commune Bagaroua
Iez6mUCwQv4,Niger,Agadez,DS Arlit,Commune Arlit
IF0XE6VlQRO,Niger,Maradi,DS Maradi Ville,Commune Maradi 3
iFeG35L7DZZ,Niger,Tahoua,DS Tahoua,Commune Kalfou
IffdwzrGKvE,Niger,Zinder,DS Matamèye,Commune Mataméye
iFFHRjRT4jw,Niger,Zinder,DS Tanout,Commune Tanout
IfheCSkHQJs,Niger,Maradi,DS Dakoro,Commune Dakoro
ifjz3ktSaYa,Niger,Dosso,DS Tibiri,Commune Guecheme
IFkpIMjuyCL,Niger,Zinder,DS Damgaram Takaya,Commune Albarkaram
IFlDgpvh28a,Niger,Niamey,DS Niamey V,Commune 5ème Arrondissement
iFM4OP8RaUD,Niger,Dosso,DS Dosso,Commune Sakadamna
ifQGr3KO0pb,Niger,Tillaberi,DS Say,Commune Tamou
ifql55R4EVE,Niger,Tahoua,DS Bouza,Commune Karofane
ifqoctPGV7Q,Niger,Zinder,DS Goure,Commune Boune
igDrhKDO183,Niger,Tillaberi,DS Kollo,Commune Kirtachi
iGev1A30N36,Niger,Dosso,DS Dosso,Commune Garankedey
IghP5f3fLwg,Niger,Tillaberi,DS Fillingue,Commune Filingué
IGknK4C0NXS,Niger,Agadez,DS Iferouane,Commune Timia
IGusImHjsFz,Niger,Maradi,DS Dakoro,Commune Roumbou 1
Igvxha3diAA,Niger,Tahoua,DS Bouza,Commune Bouza
IhDTGJlTbGd,Niger,Dosso,DS Dosso,Commune Sakadamna
IhgkoYpgJVz,Niger,Tillaberi,DS Tillabery,Commune Anzourou
IhvucnTVN7C,Niger,Maradi,DS Guidan Roumdji,Commune Guidan Roumdji
iHW2oEclXap,Niger,Zinder,DS Matamèye,HD Matameye
IimicM4cv7N,Niger,Tillaberi,DS Balleyara,Commune Tagazar
iIn9HS8SrCE,Niger,Tahoua,DS Birni Konni,Commune Tsernaoua
IIq2Rt1gRGI,Niger,Maradi,DS Mayahi,Commune Issawane
iiT1gXkwIz7,Niger,Tillaberi,DS Tillabery,Commune Kourtey
iIULKfQFvrX,Niger,Tahoua,DS Tahoua Commune,Commune Tahoua Ii
IJ55ExU86y6,Niger,Maradi,DS Dakoro,Commune Roumbou 1
IJadslu06tw,Niger,Maradi,DS Dakoro,Commune Goula
ijc81oOg8Si,Niger,Tahoua,DS Tahoua,Commune Kalfou
IjceHqrUnVe,Niger,Tillaberi,DS Kollo,Commune Kouré
IJHOmRBp6cM,Niger,Tillaberi,DS Kollo,Commune Karma
iJnYP83dlj9,Niger,Diffa,DS Diffa,Commune Chétimari
IjOLAXaKPqA,Niger,Tahoua,DS Keita,Commune Ibohamane
IJsGfrdL4XB,Niger,Maradi,DS Madarounfa,Commune Safo
iJsk707j8Nd,Niger,Tahoua,DS Bouza,Commune Tabotaki
IjY2pJRjFrQ,Niger,Maradi,DS Guidan Roumdji,Commune Guidan Roumdji
ik66VdmYUHA,Niger,Dosso,DS Loga,Commune Loga
IK9az2RifXZ,Niger,Dosso,DS Loga,Commune Loga
IkGbYFrAyyI,Niger,Dosso,DS Dogon Doutchi,Commune Kieche
IKK69grZCSq,Niger,Dosso,DS Dogon Doutchi,Commune Dogon Kirya
iKn0vs9K9Sz,Niger,Maradi,DS Tessaoua,Commune Ourafane
iKumnZ8jKIj,Niger,Diffa,DS Mainé Soroa,Commune Maïné Soroa
IKvngpOXyni,Niger,Zinder,DS Magaria,Commune Magaria
ILD5hBxj0jh,Niger,Zinder,DS Takeita,Commune Garagoumsa
ilE3Wy098Ir,Niger,Zinder,DS Goure,Commune Gamou
ilGbeV4QYa3,Niger,Zinder,DS Matamèye,HD Matameye
Ils0cxKwgKe,Niger,Maradi,DS Tessaoua,Commune Hawan Dawaki
ILScF7GFUSu,Niger,Maradi,DS Tessaoua,Commune Tessaoua
Ilti732TrNj,Niger,Tahoua,DS Illéla,Commune Illéla
ILTKaKJWjQp,Niger,Tillaberi,DS Banibangou,Commune Banibangou
ILWPxasHdSt,Niger,Dosso,DS Loga,HD Loga
iLYMdXNb31n,Niger,Tahoua,DS Abalak,Commune Azeye
IMAvTp2t2aL,Niger,Zinder,DS Tanout,Commune Gangara Tanout
IMbIE6EKHvN,Niger,Tahoua,DS Bouza,Commune Bouza
IMCMlplPWFh,Niger,Dosso,DS Dosso,Commune Farrey
imiRRHw6M1v,Niger,Diffa,DS Diffa,Commune Gueskerou
IMNWkljuu0j,Niger,Zinder,DS Matamèye,Commune Yaouri
imq8aQndXaB,Niger,Dosso,DS Dosso,Commune Gorou Bankassam
imT0ftnwpRN,Niger,Tillaberi,DS Say,Commune Say
ImuX9aA4wQi,Niger,Tillaberi,DS Fillingue,Commune Kourfé Centre
IMxbmtsw0k0,Niger,Zinder,DS Mirriah,Commune Gaffaty
inCCs4b3fjS,Niger,Tahoua,DS Tahoua,Commune Bambeye
INDeNYL5RN0,Niger,Tahoua,DS Tahoua Commune,Commune Tahoua I
iniIdBKscwM,Niger,Tahoua,DS Madaoua,Commune Galma
INkAsoHSqQZ,Niger,Tillaberi,DS Tillabery,Commune Sakoira
INNdEeDW6Tl,Niger,Zinder,DS Zinder Ville,Commune 4è Arrondissement
iNoeptrQeCT,Niger,Tahoua,DS Tillia,Commune Tillia
INP16Er3kpI,Niger,Niamey,DS Niamey V,Commune 5ème Arrondissement
InRCzFTA8NE,Niger,Dosso,DS Gaya,Commune Bengou
iNX3EZoRLeB,Niger,Tillaberi,DS Kollo,Commune Hamdallaye
iO3ZiOB7sJa,Niger,Maradi,DS Tessaoua,Commune Tessaoua
iObKODQkAnF,Niger,Dosso,DS Loga,Commune Loga
IoEqKVujhgX,Niger,Tillaberi,DS Tillabery,Commune Tillabéri
ioEUPUuNMNU,Niger,Maradi,DS Mayahi,HD Mayahi
IOIf0Yl4PaA,Niger,Tillaberi,DS Kollo,Commune N'Dounga
IOKtGThUWd1,Niger,Tahoua,DS Keita,Commune Tamaské
iOLyvfaikPm,Niger,Dosso,DS Boboye,Commune de Birni N'Gaouré
iOlZKRJAT6H,Niger,Maradi,DS Dakoro,Commune Dan Goulbi
iOQcMqQeUVf,Niger,Zinder,DS Goure,Commune Goure
IoRAl5XauuI,Niger,Maradi,DS Madarounfa,Commune Djiratawa
ioRotr1kufI,Niger,Tillaberi,DS Fillingue,Commune Tondikandia
iOTiGyPCThV,Niger,Tillaberi,DS Fillingue,Commune Tondikandia
ip3b1sq5DTu,Niger,Maradi,DS Guidan Roumdji,Commune Tibiri Maradi
iPCqFVEYtcO,Niger,Diffa,DS Mainé Soroa,Commune N'Guel Beyli
ipGYbkTwHsF,Niger,Maradi,DS Madarounfa,Commune Djiratawa
IPQY8VvesHj,Niger,Dosso,DS Dogon Doutchi,Commune Doutchi
IQ6z4JGxhGC,Niger,Diffa,DS Goudoumaria,Commune Goudoumaria
iQ8i1opl6I8,Niger,Niamey,DS Niamey IV,Commune 4ème Arrondissement
IQjdrGyuOBh,Niger,Tahoua,DS Abalak,Commune Abalak
IQJI0LaA97N,Niger,Niamey,DS Niamey I,Commune 1er Arrondissement
IQKqMIDVHPD,Niger,Maradi,DS Dakoro,Commune Kornaka
Iqn4bibQTCa,Niger,Maradi,DS Guidan Roumdji,Commune Guidan Roumdji
iQPbTkYscY2,Niger,Dosso,DS Dioundou,Commune Karakara
iQQxMPuYoXd,Niger,Zinder,DS Tanout,HD Tanout
IQUpxvhWt5c,Niger,Niamey,DS Niamey IV,Commune 4ème Arrondissement
IQzbDuEV3lu,Niger,Tillaberi,DS Fillingue,Commune Filingué
IrBQoJegrmI,Niger,Tillaberi,DS Kollo,Commune Hamdallaye
iRBTj5OrjGQ,Niger,Niamey,DS Niamey III,Commune 3ème Arrondissement
IrBzBDpEUjY,Niger,Zinder,DS Takeita,Commune Garagoumsa
iRIR0coBaCl,Niger,Agadez,DS Iferouane,Commune Timia
IRmtfst0lzi,Niger,Zinder,DS Tesker,Commune Tesker
iRp9dvgSCjj,Niger,Tillaberi,DS Torodi,Commune Torodi
IRQ6EYrwS3l,Niger,Diffa,DS Diffa,Commune Chétimari
is9B9ikiQnQ,Niger,Dosso,DS Dosso,Commune Dosso
iS9V1QebtMO,Niger,Maradi,DS Bermo,Commune Bermo
isaTRgfGjva,Niger,Maradi,DS Tessaoua,Commune Ourafane
IsHb2HaQ7Ck,Niger,Maradi,DS Gazaoua,Commune Gangara Gazaoua
iStkpiBccw5,Niger,Tahoua,DS Tchintabaraden,Commune Tchintabaraden
IsTxe126eZB,Niger,Tahoua,DS Birni Konni,Commune Birni N'Konni
It1v1FVtJ7J,Niger,Maradi,DS Dakoro,Commune Dakoro
iTdx17HulPf,Niger,Zinder,DS Matamèye,Commune Doungou
ItNZ8fxTfy6,Niger,Niamey,DS Niamey III,Commune 3ème Arrondissement
ItOZxyO1VS3,Niger,Maradi,DS Guidan Roumdji,Commune Guidan Roumdji
Itq7uHtlkBG,Niger,Dosso,DS Boboye,Commune de Birni N'Gaouré
iTqqEpbI1wF,Niger,Tahoua,DS Tahoua,Commune Takamanat
itqR5BMwJ5d,Niger,Zinder,DS Damgaram Takaya,Commune Damagaram Takaya
itR2GltqyvU,Niger,Zinder,DS Mirriah,HD Mirriah
iTXoTuyThYw,Niger,Maradi,DS Guidan Roumdji,Commune Tibiri Maradi
ityLgYyDTuB,Niger,Tillaberi,DS Say,Commune Tamou
iu0586ExBtz,Niger,Tahoua,DS Bouza,Commune Karofane
iu6iVYwAHwW,Niger,Zinder,DS Tanout,Commune Ollélewa
iuJf5EBzjwY,Niger,Dosso,DS Tibiri,Commune Doumega
iumo808yy0p,Niger,Maradi,DS Guidan Roumdji,Commune Tibiri Maradi
IUnDpgmdUeO,Niger,Maradi,DS Dakoro,Commune Dakoro
IUSYOQFrzo2,Niger,Tillaberi,DS Fillingue,Commune Filingué
iuT0MrvBhBW,Niger,Dosso,DS Boboye,Commune de Harikanassou
iUvBlgCb1cO,Niger,Diffa,DS Diffa,Commune Chétimari
IUy7AyALLPD,Niger,Tahoua,DS Illéla,Commune Tajaé
IV7e1ODSgPO,Niger,Maradi,DS Maradi Ville,Commune Maradi 3
IVcp2lv9BM2,Niger,Tillaberi,DS Tillabery,Commune Tillabéri
Ivd2R6oEque,Niger,Tillaberi,DS Tillabery,Commune Sakoira
ivpP3E3ZKsg,Niger,Tahoua,DS Bouza,Commune Bouza
iw9wPRnDfXw,Niger,Maradi,DS Tessaoua,Commune Ourafane
IWBghr9D3vK,Niger,Maradi,DS Mayahi,Commune Attantane
iwIeOq2sZSt,Niger,Agadez,DS Bilma,HD Bilma
iWK24rI1Ooz,Niger,Maradi,DS Guidan Roumdji,Commune Guidan Roumdji
Iwo2RIGC3zv,Niger,Agadez,DS Arlit,Commune Arlit
IWPitHaKSjB,Niger,Agadez,DS Agadez,Commune Agadez
iwW2C0l92Af,Niger,Tillaberi,DS Kollo,Commune Karma
iwxai1el9Ke,Niger,Tahoua,DS Tahoua,Commune Bambeye
Ix0rHc1IPlr,Niger,Niamey,DS Niamey II,Commune 2ème Arrondissement
Ix6AiAq0azu,Niger,Niamey,DS Niamey IV,Commune 4ème Arrondissement
ix9qmZBZfvl,Niger,Tillaberi,DS Kollo,HD Kollo
ixACdNlrOwz,Niger,Tillaberi,DS Ayorou,Commune Ayorou
IxC8n2CKoep,Niger,Maradi,DS Aguié,Commune Aguie
ixEQ2HVpQry,Niger,Zinder,DS Zinder Ville,Commune 1er Arrondissement
ixL0X3TYd5E,Niger,Tahoua,DS Tassara,Commune Tassara
iXOyxFt7apZ,Niger,Zinder,DS Magaria,Commune Sassoumbroum
IxpQHz5gBVW,Niger,Tillaberi,DS Say,Commune Guéladjo
iXtA45e64nL,Niger,Tahoua,DS Bouza,Commune Karofane
iy7aO2uGt38,Niger,Tahoua,DS Malbaza,Commune Malbaza
iyAS8cVtIvk,Niger,Dosso,DS Boboye,Commune de Fakara
iYb9rOquvPN,Niger,Zinder,DS Zinder Ville,Commune 4è Arrondissement
IYBOetD1Sl9,Niger,Tillaberi,DS Tillabery,Commune Anzourou
iycXVHAZvUs,Niger,Maradi,DS Guidan Roumdji,Commune Guidan Sori
iyfZECT33CZ,Niger,Niamey,DS Niamey IV,Commune 4ème Arrondissement
iYs184GJ30j,Niger,Tahoua,DS Madaoua,Commune Sabon Guida
IYtPWRQtOGT,Niger,Tahoua,DS Tchintabaraden,Commune Tchintabaraden
iYuCZdT3qyW,Niger,Niamey,DS Niamey V,Commune 5ème Arrondissement
IyYMe3lAmAk,Niger,Tillaberi,DS Banibangou,Commune Banibangou
izIKnh79fgE,Niger,Tahoua,DS Tahoua,Commune Kalfou
IZJZDMjk1ib,Niger,Diffa,DS Diffa,Commune Diffa
IZYon681aRp,Niger,Zinder,DS Damgaram Takaya,Commune Kagna Wamé
iZYTTFjgqWX,Niger,Zinder,DS Zinder Ville,Commune 1er Arrondissement
IZZ2HTXqRuu,Niger,Niamey,DS Niamey V,Commune 5ème Arrondissement
j0kDWuaS6qE,Niger,Diffa,DS Mainé Soroa,HD Maine Soroa
j0oW4BJIPuJ,Niger,Niamey,DS Niamey IV,Commune 4ème Arrondissement
J0QEhE0pgAM,Niger,Tillaberi,DS Kollo,Commune N'Dounga
j0SZGQACAWv,Niger,Zinder,DS Goure,Commune Kelle
j0VNmI1kczV,Niger,Tahoua,DS Madaoua,Commune Madaoua
J12T4MVE6bg,Niger,Maradi,DS Guidan Roumdji,Commune Chadakori
J1AHfUxIbtC,Niger,Tahoua,DS Tahoua Commune,Commune Tahoua Ii
J1ClgOnPjzm,Niger,Tillaberi,DS Say,Commune Tamou
J1dKkwQZuYn,Niger,Tahoua,DS Keita,Commune Ibohamane
j1FS8bqk1NZ,Niger,Niamey,DS Niamey III,Commune 3ème Arrondissement
J1kYSaeU9iq,Niger,Maradi,DS Tessaoua,Commune Korgom
j1ONOnJ6XIP,Niger,Tahoua,DS Tahoua Commune,HD Tahoua
j2aecfDbPTE,Niger,Tillaberi,DS Kollo,Commune Kirtachi
j2qDDazQyWH,Niger,Tillaberi,DS Abala,Commune Abala
J2TjO6dsUVk,Niger,Tillaberi,DS Balleyara,Commune Tagazar
j3nHgieE15I,Niger,Maradi,DS Maradi Ville,Commune Maradi 3
j3ZtLM0PJDY,Niger,Dosso,DS Loga,Commune Loga
J4cbGqN1FUS,Niger,Diffa,DS Diffa,Commune Chétimari
j4G9FeZinnP,Niger,Dosso,DS Tibiri,Commune Guecheme
j4h7MxUGo9n,Niger,Tahoua,DS Keita,Commune Keita
j4S7KRwKISQ,Niger,Niamey,DS Niamey II,Commune 2ème Arrondissement
j5lrxpzFB36,Niger,Zinder,DS Tanout,Commune Tanout
j6CFPQupFgl,Niger,Niamey,DS Niamey IV,Commune 4ème Arrondissement
j6DlvKU5Wlr,Niger,Zinder,DS Tanout,Commune Ollélewa
J6QNr2WBw6A,Niger,Niamey,DS Niamey V,Commune 5ème Arrondissement
J7msvT4OcmA,Niger,Zinder,DS Zinder Ville,Commune 3è Arrondissement
j7OnjlD4CFm,Niger,Dosso,DS Dioundou,Commune Dioundiou
j7xHmv7fb9J,Niger,Maradi,DS Tessaoua,Commune Koona
J830KvUftVw,Niger,Zinder,DS Zinder Ville,Commune 4è Arrondissement
j8kf2APQRRW,Niger,Diffa,DS Goudoumaria,Commune Goudoumaria
J9D8sQyI7Wa,Niger,Zinder,DS Magaria,HD Magaria
J9v4GGbHW80,Niger,Tillaberi,DS Tillabery,Commune Anzourou
jA8rUriLC14,Niger,Tillaberi,DS Kollo,Commune Kouré
Jaa8CCdzW0c,Niger,Diffa,DS Mainé Soroa,Commune Maïné Soroa
JaoDbZLIgUP,Niger,Tillaberi,DS Tillabery,Commune Dessa
jAOYLFDJBzt,Niger,Agadez,DS Tchirozérine,Commune Tabelot
JAPWP8txP5s,Niger,Dosso,DS Gaya,Commune Yélou
JAQVthl6wZc,Niger,Tahoua,DS Tchintabaraden,Commune Kaou
jazgEzpSz7F,Niger,Maradi,DS Maradi Ville,Commune Maradi 2
JazMUMo6jEI,Niger,Dosso,DS Dogon Doutchi,Commune Dogon Kirya
Jb6j5TyAieJ,Niger,Tillaberi,DS Gotheye,Commune Dargol
jbgwaI0h4yq,Niger,Tahoua,DS Illéla,Commune Illéla
JbixzxEgKAp,Niger,Dosso,DS Boboye,Commune Fabidji
jBmZJgHN7l3,Niger,Tillaberi,DS Tera,Commune Téra
jBQlXg3FjPf,Niger,Diffa,DS N'Guigmi,Commune N'Guigmi
JbSupJe3Tcw,Niger,Zinder,DS Tanout,HD Tanout
jC0SC6K2ohk,Niger,Zinder,DS Zinder Ville,Commune 1er Arrondissement
JC7zn4wL4pg,Niger,Dosso,DS Dioundou,Commune Dioundiou
JccrJs41KZl,Niger,Dosso,DS Gaya,HD Gaya
JcdPatYyXu3,Niger,Dosso,DS Gaya,Commune Gaya
JcdPitEdMKc,Niger,Niamey,DS Niamey III,Commune 3ème Arrondissement
JcEtifCgOWW,Niger,Zinder,DS Tanout,Commune Tanout
JcgcALBXOSn,Niger,Tillaberi,DS Kollo,Commune Karma
JCgl1P8Yu2x,Niger,Niamey,DS Niamey II,Commune 2ème Arrondissement
jcKeyq54SBV,Niger,Tahoua,DS Tahoua,Commune Tébaram
JCMxzgpPNvy,Niger,Dosso,DS Gaya,Commune Tanda
Jcu5NTUdtVU,Niger,Dosso,DS Falmey,Commune Falmeye
JcVMdFxkj4N,Niger,Niamey,DS Niamey I,Commune 1er Arrondissement
jcxz4wNBF4M,Niger,Maradi,DS Guidan Roumdji,Commune Guidan Sori
JcYyQjeEaQ4,Niger,Zinder,DS Mirriah,Commune Hamdara
JD8Ud3X57JV,Niger,Maradi,DS Tessaoua,Commune Hawan Dawaki
JdcPmFTLDk7,Niger,Zinder,DS Mirriah,Commune Koléram
jdoteZgJdWQ,Niger,Agadez,DS Iferouane,Commune Timia
JDSqoJGoXD5,Niger,Maradi,DS Maradi Ville,Commune Maradi 3
Je1zEnj9agb,Niger,Tahoua,DS Keita,Commune Garhanga
jE7ssnGEcJg,Niger,Maradi,DS Guidan Roumdji,Commune Tibiri Maradi
Je7Z0SsQhy2,Niger,Tahoua,DS Keita,Commune Ibohamane
JeAuP3LZL2V,Niger,Tahoua,DS Tahoua,Commune Bambeye
JEd9bbdxsDV,Niger,Zinder,DS Goure,Commune Kelle
JEdYtwFE8dq,Niger,Maradi,DS Madarounfa,HD Madarounfa
jEFPdyYjz5D,Niger,Niamey,DS Niamey IV,Commune 4ème Arrondissement
jeK0cneT6po,Niger,Tillaberi,DS Say,Commune Tamou
jEx4rg9qC0f,Niger,Zinder,DS Takeita,Commune Tirmini
JEZsy7lvCFS,Niger,Maradi,DS Bermo,Commune Bermo
jf3gQ1jyV7g,Niger,Zinder,DS Magaria,Commune Dantchiao
jfK0nP1pZFc,Niger,Agadez,DS Tchirozérine,Commune Tchirozérine
jfmTMlWGVv4,Niger,Dosso,DS Loga,Commune Loga
JfRy1uT829m,Niger,Maradi,DS Guidan Roumdji,Commune Guidan Sori
Jfwkaq5hXic,Niger,Maradi,DS Dakoro,Commune Birni Lalle
JfyPQlNoDMa,Niger,Tahoua,DS Tchintabaraden,HD Tchintabaraden
Jg6wgegyWdw,Niger,Dosso,DS Gaya,Commune Gaya
JG9tR6IRuk2,Niger,Tillaberi,DS Tera,Commune Gorouol
jgjRguHPvJy,Niger,Diffa,DS Diffa,Commune Chétimari
JGng7BL6cxY,Niger,Zinder,DS Mirriah,Commune Hamdara
Jgrrd5T59gv,Niger,Tahoua,DS Madaoua,Commune Bangui
JgwIkaBYQOm,Niger,Diffa,DS Mainé Soroa,Commune N'Guel Beyli
jH6VUrzC5Y7,Niger,Maradi,DS Dakoro,Commune Kornaka
JHCWQkOtszq,Niger,Tahoua,DS Bagaroua,Commune Bagaroua
jhgEEkWqr33,Niger,Zinder,DS Zinder Ville,Commune 3è Arrondissement
JhjUGHMrChA,Niger,Zinder,DS Goure,Commune Kelle
jhmA8wHsLkq,Niger,Maradi,DS Bermo,Commune Bermo
Jhqu0rcff3K,Niger,Diffa,DS N'Guigmi,HD N'Guigmi
JHUGRIcAmxB,Niger,Niamey,DS Niamey V,Commune 5ème Arrondissement
JIaadkxmKRL,Niger,Tillaberi,DS Gotheye,Commune Dargol
JIdgzQYFqR3,Niger,Tillaberi,DS Kollo,Commune Hamdallaye
JIduzZ1dEfD,Niger,Tillaberi,DS Fillingue,HD Filingué
JIloRG951QM,Niger,Zinder,DS Doungass,Commune Gouchy
jIp8fYpZQ1W,Niger,Tahoua,DS Tahoua,Commune Bambeye
jitk5pSbQfl,Niger,Tahoua,DS Bouza,Commune Karofane
jiZ06EFq6uj,Niger,Maradi,DS Tessaoua,Commune Tessaoua
jj1n4W7epuW,Niger,Tahoua,DS Tahoua Commune,Commune Tahoua Ii
jj2pbXbVt96,Niger,Dosso,DS Boboye,Commune de Koygolo
jj31ic8lXPe,Niger,Maradi,DS Guidan Roumdji,Commune Guidan Roumdji
jj5SjYRWzLs,Niger,Zinder,DS Tesker,Commune Tesker
Jj7nJxVwLdC,Niger,Maradi,DS Guidan Roumdji,Commune Tibiri Maradi
jJ7RlD6NEaS,Niger,Tahoua,DS Tahoua,Commune Tébaram
JjieSmKDVJ2,Niger,Tillaberi,DS Say,Commune Say
JjIPF9Ap05x,Niger,Zinder,DS Goure,Commune Goure
JJkKQSTbgzQ,Niger,Tahoua,DS Illéla,Commune Tajaé
JJlS6qAu8Fx,Niger,Tahoua,DS Malbaza,Commune Doguaraoua
jJosFmvw23X,Niger,Tahoua,DS Tahoua,Commune Affala
JjUMZWjigzu,Niger,Tillaberi,DS Kollo,Commune Liboré
JktRPBknoQh,Niger,Tahoua,DS Tahoua,Commune Bambeye
JKU8zyEVz95,Niger,Maradi,DS Mayahi,Commune Mayahi
Jl8D6srGt7n,Niger,Dosso,DS Boboye,Commune Fabidji
jlhAnkxTBe9,Niger,Tillaberi,DS Torodi,Commune Makalondi
JLLflzKnoY2,Niger,Maradi,DS Dakoro,Commune Dan Goulbi
jLXXEv5D8LJ,Niger,Zinder,DS Tanout,Commune Tanout
JLziADSqz9b,Niger,Tillaberi,DS Tillabery,Commune Anzourou
jm01BjJllZq,Niger,Niamey,DS Niamey V,Commune 5ème Arrondissement
jmijqtZrLNP,Niger,Zinder,DS Magaria,Commune Dantchiao
jMKb5p8XVTa,Niger,Niamey,DS Niamey I,Commune 1er Arrondissement
jMNyUFhX6ee,Niger,Maradi,DS Madarounfa,Commune Madarounfa
JmPft7PIUoS,Niger,Tahoua,DS Tahoua,Commune Bambeye
jMwKkYWE6f0,Niger,Niamey,DS Niamey V,Commune 5ème Arrondissement
jMXixjT8wzz,Niger,Tillaberi,DS Fillingue,Commune Kourfé Centre
jmzp30bycAQ,Niger,Niamey,DS Niamey I,Commune 1er Arrondissement
Jn5ug0VHN0w,Niger,Tillaberi,DS Ayorou,Commune Ayorou
JnDrAV4AbjO,Niger,Maradi,DS Madarounfa,Commune Gabi
jNEFIPs3jrK,Niger,Dosso,DS Loga,Commune Falwel
JnFlFLpfBRn,Niger,Maradi,DS Madarounfa,Commune Safo
JnQrWqamhe5,Niger,Maradi,DS Tessaoua,Commune Ourafane
jNrhDTJnJOz,Niger,Tahoua,DS Illéla,HD Illéla
jNTgdgj9pks,Niger,Dosso,DS Tibiri,Commune Guecheme
jNX3b83KzOC,Niger,Diffa,DS Goudoumaria,Commune Goudoumaria
JO4nICJBbRY,Niger,Zinder,DS Doungass,Commune Dogo Dogo
JodWKwRumzK,Niger,Tahoua,DS Abalak,Commune Tamaya
JOHycLyvfRB,Niger,Zinder,DS Matamèye,Commune Ichirnawa Tagabass
JOL2qSUJ8TO,Niger,Agadez,DS Bilma,Commune Djado
JOxnIF437Vi,Niger,Diffa,DS N'Gourti,Commune N'Gourti
jpBDcpogFWJ,Niger,Maradi,DS Dakoro,Commune Dan Goulbi
JpRO9BoQ9M6,Niger,Niamey,DS Niamey III,Commune 3ème Arrondissement
Jpt0XBneh6w,Niger,Diffa,DS Goudoumaria,Commune Goudoumaria
jpz50g0pr6v,Niger,Dosso,DS Dogon Doutchi,Commune Dogon Kirya
JQ0AENTNWw0,Niger,Zinder,DS Goure,Commune Kelle
jQ4Crr3V5lN,Niger,Tahoua,DS Madaoua,Commune Madaoua
jQ76MoMyXH8,Niger,Tahoua,DS Tahoua,Commune Affala
jqaCcpTHelN,Niger,Dosso,DS Dogon Doutchi,HD Dogon Doutchi
JQc83OWfZRG,Niger,Agadez,DS Tchirozérine,Commune Tchirozérine
JqDb9aRHo7i,Niger,Maradi,DS Dakoro,Commune Maiyara
JQmdivh8O5c,Niger,Tillaberi,DS Kollo,Commune Liboré
jqtfWlKWyRJ,Niger,Zinder,DS Tanout,Commune Ollélewa
JQtMw5gr0Tz,Niger,Dosso,DS Dogon Doutchi,Commune Dogon Kirya
JQwyMxN8SLz,Niger,Tahoua,DS Bouza,Commune Bouza
jqZdqRpUUwK,Niger,Tillaberi,DS Balleyara,Commune Tagazar
JRCdqMgGhCW,Niger,Tahoua,DS Illéla,HD Illéla
Jrdh3AlqBJ4,Niger,Tahoua,DS Tahoua Commune,Commune Tahoua I
JrDUjeVmuMf,Niger,Tillaberi,DS Torodi,Commune Makalondi
jrJd37D0bIw,Niger,Agadez,DS Tchirozérine,Commune Tchirozérine
jrmNUKpKgBy,Niger,Zinder,DS Zinder Ville,Commune 4è Arrondissement
JrruiS3eFEd,Niger,Maradi,DS Mayahi,Commune Guidan Amoumoune
jRxUQsY06zu,Niger,Agadez,DS Bilma,Commune Dirkou
Js1JMrvnfqc,Niger,Zinder,DS Magaria,Commune Sassoumbroum
jS2eZmq3yGu,Niger,Tillaberi,DS Banibangou,Commune Banibangou
JS3ahl44DaO,Niger,Zinder,DS Damgaram Takaya,HD Damagaram Takaya
JsB24PwlLiB,Niger,Tahoua,DS Bouza,HD Bouza
JSbREbv2R2z,Niger,Maradi,DS Madarounfa,Commune Dan Issa
jsBugQWBD8Y,Niger,Tillaberi,DS Fillingue,Commune Tondikandia
JsDDN9VNFbM,Niger,Maradi,DS Mayahi,Commune Attantane
jSE9NTt5zej,Niger,Dosso,DS Boboye,Commune de Birni N'Gaouré
jSU021oXOEE,Niger,Tillaberi,DS Tillabery,Commune Sakoira
jSYQRoQ5CrL,Niger,Niamey,DS Niamey IV,Commune 4ème Arrondissement
jTUg9JyBqja,Niger,Agadez,DS Arlit,Commune Dannat
jtWzmog1wuB,Niger,Dosso,DS Gaya,Commune Yélou
jtxDLBwJIwd,Niger,Dosso,DS Loga,HD Loga
jU21Ufbw2ln,Niger,Niamey,DS Niamey I,Commune 1er Arrondissement
Ju96IdAlSU7,Niger,Agadez,DS Tchirozérine,Commune Tchirozérine
JudmunFCwvR,Niger,Agadez,DS Bilma,HD Bilma
JULjF5sqXMC,Niger,Niamey,DS Niamey III,Commune 3ème Arrondissement
jUSV8XR5WMK,Niger,Maradi,DS Guidan Roumdji,Commune Sae Saboua
Jv2B7shyI9n,Niger,Tillaberi,DS Tera,Commune Diagourou
jv9qBS08EJR,Niger,Tillaberi,DS Tillabery,Commune Tillabéri
Jvcz8hAWbED,Niger,Tillaberi,DS Ouallam,Commune Tondikiwindi
jVEWciIUSWM,Niger,Tillaberi,DS Abala,Commune Abala
jVmNDGYaqS6,Niger,Dosso,DS Tibiri,Commune Guecheme
JVQoGkyBfTA,Niger,Zinder,DS Mirriah,Commune Gaffaty
Jvx7qfkK0lS,Niger,Maradi,DS Maradi Ville,Commune Maradi 3
JVyhQ0SX8bj,Niger,Tahoua,DS Tahoua Commune,Commune Tahoua I
jwBg3IBJi1X,Niger,Agadez,DS Aderbissinat,Commune Aderbissanat
jwBXSCwkTJr,Niger,Agadez,DS Tchirozérine,Commune Tabelot
JwX1sezic6p,Niger,Maradi,DS Mayahi,Commune Guidan Amoumoune
jxBgilUXR9v,Niger,Maradi,DS Mayahi,Commune Kanembakache
jXhZS5ImCpn,Niger,Tahoua,DS Birni Konni,HD Birni N'Konni
JXIspTxFtzB,Niger,Diffa,DS Diffa,Commune Gueskerou
jxKh0i1QfWZ,Niger,Dosso,DS Gaya,Commune Gaya
jXo5VvY2TMj,Niger,Maradi,DS Aguié,Commune Aguie
Jxq58XEQrXX,Niger,Tahoua,DS Tchintabaraden,Commune Tchintabaraden
jxqQvBXMjNd,Niger,Zinder,DS Doungass,Commune Mallaoua
jxwPdisw8me,Niger,Zinder,DS Matamèye,Commune Daouche
jxyh2bdjLy3,Niger,Maradi,DS Madarounfa,Commune Gabi
jXYYFlHcK9d,Niger,Tillaberi,DS Fillingue,Commune Filingué
jxzFOKGbpHp,Niger,Maradi,DS Dakoro,Commune Goula
jY3CQ7gXyGM,Niger,Zinder,DS Tanout,HD Tanout
Jy8uTv2dY0T,Niger,Maradi,DS Maradi Ville,Commune Maradi 3
jyAdd83t0Zf,Niger,Maradi,DS Dakoro,Commune Soly
jyaFW9o890b,Niger,Zinder,DS Tesker,Commune Tesker
JyFZ22QEEo9,Niger,Tillaberi,DS Ouallam,Commune Simiri
JYOitffsCeb,Niger,Tahoua,DS Tahoua Commune,HD Tahoua
JYsTeUiphwX,Niger,Tahoua,DS Tillia,Commune Tillia
Jyufy37O2DK,Niger,Diffa,DS Bosso,Commune Bosso
JyWs6PNEFU1,Niger,Tillaberi,DS Tillabery,Commune Tillabéri
JyyYgzzRAxZ,Niger,Diffa,DS N'Guigmi,Commune N'Guigmi
jZ7HXLCLtQi,Niger,Dosso,DS Loga,HD Loga
jZ9QRk3vKJx,Niger,Niamey,DS Niamey IV,Commune 4ème Arrondissement
jZcLBSFP5Df,Niger,Tillaberi,DS Fillingue,Commune Filingué
JzSaB0fFN7K,Niger,Zinder,DS Goure,HD Goure
JZXvUBMO9jr,Niger,Zinder,DS Goure,Commune Gamou
jZYOT03rfuT,Niger,Zinder,DS Takeita,Commune Tirmini
JZZBBw3vJLx,Niger,Niamey,DS Niamey II,Commune 2ème Arrondissement
k04MbRiwszF,Niger,Tillaberi,DS Gotheye,HD Gotheye
K09MBJdP4bE,Niger,Tahoua,DS Birni Konni,Commune Tsernaoua
k0dD3ZzvH0A,Niger,Tahoua,DS Bouza,Commune Bouza
K0qmsF2DBKf,Niger,Diffa,DS Diffa,Commune Chétimari
K18bY3EEnqi,Niger,Dosso,DS Dosso,Commune Gorou Bankassam
k1onfKo6vJ7,Niger,Zinder,DS Zinder Ville,Commune 1er Arrondissement
k1OwRQFtUdS,Niger,Tahoua,DS Illéla,Commune Badaguichiri
k1ZR9aXk2Rj,Niger,Tahoua,DS Abalak,Commune Tabalak
K2BFXQPCxFj,Niger,Maradi,DS Dakoro,Commune Dakoro
k2gtdjAO3oX,Niger,Tillaberi,DS Torodi,Commune Torodi
K2rJuqznriG,Niger,Dosso,DS Loga,Commune Falwel
K2SFyKCIT2t,Niger,Zinder,DS Zinder Ville,Commune 1er Arrondissement
k2y5scWa736,Niger,Zinder,DS Goure,Commune Boune
k3giZfwRCd0,Niger,Zinder,DS Magaria,Commune Wacha
K3HkDwxV1EY,Niger,Niamey,DS Niamey III,Commune 3ème Arrondissement
k3kIPIBYk1g,Niger,Zinder,DS Tanout,Commune Ollélewa
K4mkVPpABgO,Niger,Tillaberi,DS Ouallam,Commune Simiri
k4r6TdwQv6Y,Niger,Maradi,DS Aguié,Commune Aguie
K4XAT7mpHth,Niger,Maradi,DS Mayahi,Commune Tchake
K4Y5FHXyLtr,Niger,Zinder,DS Goure,Commune Guidiguir
K5AZf40UTf2,Niger,Zinder,DS Mirriah,Commune Droum
k5NWHlZduGB,Niger,Dosso,DS Dogon Doutchi,Commune Dan Kassari
K5SML3zYcEG,Niger,Tahoua,DS Tahoua,Commune Barmou
K6cN7ME7PGO,Niger,Zinder,DS Tanout,Commune Tenhya
K6r98fUp8KU,Niger,Zinder,DS Magaria,Commune Magaria
K6WymTaYzbi,Niger,Tahoua,DS Tillia,Commune Tillia
K6xCPwdnMlO,Niger,Niamey,DS Niamey V,HD Gaweye
K8AlioI7M3n,Niger,Tahoua,DS Tillia,Commune Tillia
K8aSHF4ADyp,Niger,Tahoua,DS Madaoua,Commune Bangui
k8csiGux0Ej,Niger,Dosso,DS Dosso,Commune Farrey
K8DAAzASsL7,Niger,Diffa,DS Bosso,Commune Bosso
K8j3e9CILRW,Niger,Tillaberi,DS Say,Commune Tamou
K8VApy3Hkcp,Niger,Maradi,DS Madarounfa,Commune Safo
K8yTffXcOjL,Niger,Niamey,DS Niamey III,Commune 3ème Arrondissement
K966fj2WwPh,Niger,Zinder,DS Goure,Commune Guidiguir
k9CrA0OoyHC,Niger,Dosso,DS Dosso,Commune Dosso
k9gzeax5JlR,Niger,Tahoua,DS Birni Konni,HD Birni N'Konni
k9u8rvGSsrR,Niger,Niamey,DS Niamey III,Commune 3ème Arrondissement
k9yia06ad50,Niger,Dosso,DS Dosso,Commune Farrey
kad83askAR8,Niger,Tahoua,DS Bouza,Commune Bouza
KAL6n5UGXxB,Niger,Zinder,DS Zinder Ville,Commune 4è Arrondissement
kAN0ayP6j5x,Niger,Dosso,DS Boboye,Commune de Fakara
kAN7PBkzy6T,Niger,Niamey,DS Niamey I,Commune 1er Arrondissement
kAnEAQlZjuI,Niger,Zinder,DS Tanout,Commune Ollélewa
KAW8NPcYmmA,Niger,Tillaberi,DS Fillingue,Commune Imanan( Bonkoukou)
KaWaijQUhDe,Niger,Zinder,DS Zinder Ville,Commune 3è Arrondissement
KaWS9Mxc61m,Niger,Dosso,DS Dosso,Commune Dosso
kbAvSQ0YW40,Niger,Maradi,DS Bermo,Commune Bermo
kbGIs4APbg4,Niger,Maradi,DS Dakoro,Commune Sabonmachi
KBmFdHHZ7zZ,Niger,Diffa,DS Diffa,Commune Diffa
KBNVwOgAXTT,Niger,Zinder,DS Tanout,Commune Ollélewa
KBUoRSAuSQ8,Niger,Tillaberi,DS Say,Commune Tamou
Kbuv3acW9Ja,Niger,Zinder,DS Doungass,Commune Dungass
kC1GdYRYAiY,Niger,Tahoua,DS Malbaza,Commune Malbaza
Kc39Wa8nPIQ,Niger,Agadez,DS Agadez,Commune Agadez
Kc4eiRayE8h,Niger,Dosso,DS Dosso,Commune Sakadamna
kCbsoCQNSam,Niger,Tahoua,DS Birni Konni,Commune Bazaga
KCfDxhEQ17c,Niger,Tillaberi,DS Tera,Commune Téra
kcFFThvj4Ni,Niger,Niamey,DS Niamey V,Commune 5ème Arrondissement
Kcp3CM6ArK3,Niger,Dosso,DS Falmey,Commune Falmeye
KCpn1HxMEbi,Niger,Zinder,DS Damgaram Takaya,Commune Damagaram Takaya
kct9WqAr893,Niger,Dosso,DS Dogon Doutchi,Commune Soucoucoutane
KCY97KyGE1z,Niger,Zinder,DS Magaria,Commune Wacha
KD74zvgb3RW,Niger,Maradi,DS Madarounfa,Commune Djiratawa
KdoNHdkW8LS,Niger,Agadez,DS Tchirozérine,Commune Tabelot
kek71fEQRLb,Niger,Dosso,DS Tibiri,Commune Kore Mairoua
KEp1VlSCqQV,Niger,Maradi,DS Mayahi,Commune Issawane
Kex6i3j9PEc,Niger,Tillaberi,DS Say,Commune Guéladjo
KFexnzBBtzB,Niger,Niamey,DS Niamey I,Commune 1er Arrondissement
KFfBmmL0QZX,Niger,Diffa,DS Bosso,Commune Toumour
KFimpCAnLPq,Niger,Dosso,DS Dosso,Commune Mokko
KFJTtD14lX9,Niger,Tahoua,DS Birni Konni,HD Birni N'Konni
kfm2NJojYZY,Niger,Tahoua,DS Tahoua Commune,Commune Tahoua I
KFMVby4CCOt,Niger,Zinder,DS Matamèye,Commune Dan Barto
kFzZKsiM5CF,Niger,Tahoua,DS Tahoua,Commune Kalfou
Kg1I6bVoRdj,Niger,Maradi,DS Tessaoua,Commune Ourafane
kg91lzSS8OZ,Niger,Tillaberi,DS Balleyara,Commune Tagazar
kG950BAO474,Niger,Maradi,DS Madarounfa,Commune Madarounfa
KgOMMb85dE4,Niger,Tahoua,DS Keita,Commune Ibohamane
KGqKQpuHh3x,Niger,Tillaberi,DS Bankilare,Commune Bankillaré
KHCuuOTm5xT,Niger,Tahoua,DS Abalak,Commune Akoubounou
KHKbUiyHqe8,Niger,Niamey,DS Niamey III,Commune 3ème Arrondissement
KhQ4JSSFEdl,Niger,Maradi,DS Dakoro,Commune Adjekoria
KHuojQqVHKe,Niger,Tillaberi,DS Ouallam,HD Ouallam
KHVMB9ilCGE,Niger,Dosso,DS Tibiri,Commune Guecheme
KhYmNL0aP4D,Niger,Maradi,DS Tessaoua,Commune Maijirgui
KI3Zz6SVQk3,Niger,Tillaberi,DS Tillabery,Commune Dessa
KIEzvyvG5tN,Niger,Dosso,DS Dogon Doutchi,Commune Dogon Kirya
KIKHp5gfkWg,Niger,Tahoua,DS Tahoua,Commune Bambeye
kIRtBE3Pk0m,Niger,Dosso,DS Gaya,HD Gaya
kixZYKZmlY7,Niger,Maradi,DS Maradi Ville,Commune Maradi 3
KiYae02Fpok,Niger,Tahoua,DS Madaoua,Commune Bangui
KiyjeAmZNV0,Niger,Maradi,DS Dakoro,Commune Kornaka
kjjLQWNcqGO,Niger,Zinder,DS Zinder Ville,Commune 3è Arrondissement
kJSf83lY7XT,Niger,Dosso,DS Tibiri,Commune Tibiri Doutchi
KjwLEGtip0V,Niger,Dosso,DS Boboye,Commune Fabidji
KkcyovnuIa1,Niger,Zinder,DS Magaria,Commune Dantchiao
kkGJqT39l6H,Niger,Tahoua,DS Bouza,Commune Tama
Kki5hQyj7MK,Niger,Dosso,DS Gaya,Commune Tounouga
KKMH6g4WYC4,Niger,Niamey,DS Niamey III,Commune 3ème Arrondissement
kkW2nWz1COL,Niger,Maradi,DS Madarounfa,Commune Djiratawa
kkyYqJo8AVo,Niger,Maradi,DS Guidan Roumdji,Commune Chadakori
KKZdRf8spBr,Niger,Niamey,DS Niamey III,Commune 3ème Arrondissement
Klc14dF204c,Niger,Diffa,DS N'Guigmi,Commune Kablewa
kLFGSTIfR39,Niger,Niamey,DS Niamey IV,Commune 4ème Arrondissement
kLHlzNBq897,Niger,Tahoua,DS Birni Konni,Commune Birni N'Konni
KliV2Dq0L3S,Niger,Tahoua,DS Tahoua,Commune Bambeye
KLlBEIsicoG,Niger,Maradi,DS Tessaoua,Commune Hawan Dawaki
KlPSwcqIq2a,Niger,Zinder,DS Magaria,Commune Sassoumbroum
KLSH8LALzAh,Niger,Dosso,DS Loga,Commune Sokorbé
klvgmY2iemU,Niger,Maradi,DS Tessaoua,Commune Ourafane
kLwwhaYKynL,Niger,Zinder,DS Matamèye,Commune Kourni
KM9sm7wzEg5,Niger,Maradi,DS Dakoro,Commune Goula
KMiXbyVKuIt,Niger,Maradi,DS Dakoro,Commune Roumbou 1
kmKr3U7fa1Q,Niger,Niamey,DS Niamey I,Commune 1er Arrondissement
kmL4Eb1bZvo,Niger,Tillaberi,DS Ouallam,Commune Dingazi
kmMPwxNsZjs,Niger,Dosso,DS Boboye,Commune de Harikanassou
kmO9AeDRvwZ,Niger,Tahoua,DS Madaoua,Commune Bangui
kMucaB2OVYI,Niger,Agadez,DS Iferouane,Commune Timia
kmUnaGcHRpf,Niger,Zinder,DS Tanout,Commune Gangara Tanout
KMwrtGBSR2z,Niger,Tillaberi,DS Tillabery,Commune Kourtey
kmxyOppIrgK,Niger,Maradi,DS Mayahi,Commune Mayahi
kMYMNaMpeii,Niger,Tillaberi,DS Kollo,Commune Liboré
kN6bv8jnzWg,Niger,Tahoua,DS Malbaza,Commune Malbaza
KnN0e6yq4Ia,Niger,Niamey,DS Niamey I,Commune 1er Arrondissement
knTAkEe08iK,Niger,Tillaberi,DS Kollo,Commune Dantchandou
KNvWhEmMeaQ,Niger,Tillaberi,DS Gotheye,HD Gotheye
knY4RXckUS6,Niger,Tahoua,DS Madaoua,Commune Madaoua
Ko1no1yROYh,Niger,Tahoua,DS Bouza,Commune Déoulé
kO1zuwmGkrt,Niger,Zinder,DS Tanout,Commune Ollélewa
KO7faVRaiAg,Niger,Diffa,DS Bosso,Commune Toumour
KOGiyyF8hhe,Niger,Maradi,DS Dakoro,Commune Dakoro
KoLt7yVqSmc,Niger,Zinder,DS Takeita,Commune Tirmini
kOnndnG4XaH,Niger,Tahoua,DS Tahoua,Commune Affala
kopmfwa3nI4,Niger,Zinder,DS Zinder Ville,Commune 3è Arrondissement
KoRaGQAOrDY,Niger,Maradi,DS Aguié,Commune Tchadoua
KOXXVQ8l91n,Niger,Maradi,DS Gazaoua,Commune Gazaoua
KPdTYeMYtKG,Niger,Zinder,DS Damgaram Takaya,Commune Albarkaram
KpfLPr9wnQe,Niger,Tillaberi,DS Torodi,Commune Torodi
kpRccQinZHK,Niger,Maradi,DS Dakoro,Commune Dan Goulbi
KpvpMBj1J9R,Niger,Maradi,DS Madarounfa,Commune Sarkin Yamma
kq3JEDEaV8W,Niger,Tillaberi,DS Kollo,Commune Kirtachi
kq5akXlufEV,Niger,Niamey,DS Niamey I,Commune 1er Arrondissement
KqQ0ESLopNT,Niger,Dosso,DS Tibiri,Commune Kore Mairoua
KQs8mwaf6k6,Niger,Tahoua,DS Tahoua Commune,Commune Tahoua I
KQw057dHJTk,Niger,Dosso,DS Boboye,Commune N'Gonga
kqxAY4DlBWq,Niger,Zinder,DS Matamèye,HD Matameye
Kr21ylOJJOr,Niger,Maradi,DS Madarounfa,Commune Djiratawa
krAUttH2nqG,Niger,Diffa,DS Diffa,Commune Gueskerou
KRB6mBqfHVd,Niger,Zinder,DS Goure,Commune Kelle
krJRGZ1MEVt,Niger,Maradi,DS Maradi Ville,Commune Maradi 3
KRQNGomBkT7,Niger,Tahoua,DS Bagaroua,Commune Bagaroua
KRsoz3bpBwJ,Niger,Diffa,DS Goudoumaria,Commune Goudoumaria
kSf0tGVaqqX,Niger,Zinder,DS Zinder Ville,Commune 1er Arrondissement
ksIJy6z28R3,Niger,Tillaberi,DS Torodi,Commune Torodi
kskwr73VEjp,Niger,Zinder,DS Tanout,Commune Tanout
KsMdgOv74ke,Niger,Agadez,DS Tchirozérine,Commune Tabelot
kSS7GPA77TU,Niger,Niamey,DS Niamey I,Commune 1er Arrondissement
ksuHYx0Fdy4,Niger,Tillaberi,DS Ouallam,HD Ouallam
kSYRsxjDUDz,Niger,Maradi,DS Dakoro,Commune Soly
KtAEwdh9jl6,Niger,Zinder,DS Goure,Commune Boune
KtFi1gfRj0e,Niger,Tahoua,DS Abalak,Commune Abalak
KTmaTAZZrfI,Niger,Tahoua,DS Illéla,Commune Tajaé
kTQgEvPGQoX,Niger,Dosso,DS Gaya,Commune Tounouga
KTwsqYQNE8N,Niger,Maradi,DS Maradi Ville,Commune Maradi 3
ktXao3HHIDP,Niger,Niamey,DS Niamey II,Commune 2ème Arrondissement
KU0DbF3D2Eh,Niger,Dosso,DS Dogon Doutchi,Commune Matankari
ku6EqKvhCMk,Niger,Dosso,DS Boboye,Commune de Koygolo
KuaYFqRXoMJ,Niger,Zinder,DS Tanout,HD Tanout
kuGDTIIOBFV,Niger,Tillaberi,DS Kollo,Commune Kollo
KuiQSWCegvH,Niger,Maradi,DS Mayahi,Commune Issawane
kUQkgPJDCgA,Niger,Zinder,DS Goure,Commune Kelle
KUT8H6T4UoV,Niger,Zinder,DS Tesker,Commune Tesker
KutiBSpvIJ4,Niger,Niamey,DS Niamey II,Commune 2ème Arrondissement
KuwzhK6hYvI,Niger,Tillaberi,DS Gotheye,Commune Dargol
kUXzBHPeVf4,Niger,Dosso,DS Boboye,Commune de Birni N'Gaouré
KV1DyjMEp5C,Niger,Tillaberi,DS Tera,Commune Kokorou
KV5yiUnfTD0,Niger,Maradi,DS Maradi Ville,Commune Maradi 2
kv9KloTNo4E,Niger,Dosso,DS Falmey,Commune Falmeye
kvcBrOYRCb3,Niger,Niamey,DS Niamey V,Commune 5ème Arrondissement
KVeThgPT1E9,Niger,Zinder,DS Goure,Commune Goure
KVFeyaryOnw,Niger,Tahoua,DS Malbaza,Commune Malbaza
KvGeelnMYXg,Niger,Maradi,DS Madarounfa,Commune Sarkin Yamma
KVLWaoHBr1K,Niger,Tillaberi,DS Abala,Commune Sanam
KvLxD0iEIS9,Niger,Zinder,DS Goure,HD Goure
kVOHBECOnwb,Niger,Dosso,DS Loga,Commune Sokorbé
kvtWEx6csTP,Niger,Tahoua,DS Tassara,Commune Tassara
kVx0WmBErwH,Niger,Dosso,DS Loga,Commune Loga
kvx8VW7VgJg,Niger,Zinder,DS Damgaram Takaya,Commune Albarkaram
kWAAqHX9K5K,Niger,Tillaberi,DS Kollo,Commune Karma
kWd1SfEoNN0,Niger,Maradi,DS Guidan Roumdji,Commune Tibiri Maradi
kWFSD7Xdky5,Niger,Tahoua,DS Abalak,HD Abalak
kwOJwaVHUAw,Niger,Dosso,DS Tibiri,Commune Guecheme
KWpdiaglaMi,Niger,Tillaberi,DS Fillingue,Commune Imanan( Bonkoukou)
KwvLf55uvqY,Niger,Tahoua,DS Tahoua Commune,Commune Tahoua I
kWxsKUtCAZR,Niger,Tahoua,DS Keita,Commune Keita
kx3ljs7xYVm,Niger,Zinder,DS Magaria,Commune Magaria
kXAbwIvmOd5,Niger,Zinder,DS Belbedji,Commune Tarka
kxBsYPTXK1I,Niger,Maradi,DS Guidan Roumdji,Commune Chadakori
KxejvW6hW00,Niger,Dosso,DS Dogon Doutchi,Commune Matankari
kxgECmaMJpa,Niger,Niamey,DS Niamey I,Commune 1er Arrondissement
KxVmj13Z2CL,Niger,Dosso,DS Gaya,Commune Tanda
Ky1gfhi2BzY,Niger,Agadez,DS Iferouane,Commune Iférouane
KyD707HLGa4,Niger,Tahoua,DS Abalak,Commune Tamaya
KyOFYXc6IF1,Niger,Tahoua,DS Tahoua Commune,Commune Tahoua I
kYOsyGFzmcx,Niger,Dosso,DS Dosso,Commune Golle
KyThGJ1Ywvt,Niger,Tillaberi,DS Kollo,Commune Hamdallaye
KYy2Ox0bygL,Niger,Zinder,DS Matamèye,Commune Dan Barto
KyYoXkA8toh,Niger,Tillaberi,DS Balleyara,Commune Tagazar
kz0zBZMXCCE,Niger,Zinder,DS Tanout,Commune Tanout
Kz4ryeNEj2j,Niger,Zinder,DS Matamèye,Commune Kantché
kZI066TFknh,Niger,Niamey,DS Niamey II,Commune 2ème Arrondissement
kZi5cPP4C14,Niger,Niamey,DS Niamey V,Commune 5ème Arrondissement
KzQbViwJ1o9,Niger,Maradi,DS Maradi Ville,Commune Maradi 2
kZuM08O8NEd,Niger,Niamey,DS Niamey I,Commune 1er Arrondissement
kZVXyBHcrJ1,Niger,Dosso,DS Dosso,Commune Sambera
l0RtVFLwJRF,Niger,Tillaberi,DS Fillingue,Commune Filingué
L0uBfpk4w3Q,Niger,Tillaberi,DS Kollo,Commune Karma
l0uYT6UKkVO,Niger,Maradi,DS Dakoro,Commune Korahane
L0yuCSMW2vQ,Niger,Maradi,DS Guidan Roumdji,Commune Chadakori
L12q4zxhlhC,Niger,Dosso,DS Tibiri,Commune Kore Mairoua
l16C7bNMgSW,Niger,Zinder,DS Goure,Commune Boune
l1Dg59SHOtE,Niger,Dosso,DS Dosso,Commune Sambera
l1dwNLMR8Gy,Niger,Dosso,DS Boboye,Commune de Birni N'Gaouré
L1l5AdyLFtn,Niger,Tahoua,DS Keita,Commune Tamaské
L1n26LKzPLP,Niger,Agadez,DS Agadez,Commune Agadez
L1NqbW7m9du,Niger,Niamey,DS Niamey I,Commune 1er Arrondissement
l1vN1xzrJWh,Niger,Tillaberi,DS Tera,Commune Gorouol
l223QSacTTQ,Niger,Tahoua,DS Keita,Commune Garhanga
l2H4cQ22DYE,Niger,Zinder,DS Magaria,Commune Magaria
L2h9S1xmsym,Niger,Agadez,DS Ingall,Commune Ingall
L2oMM2wDy2Z,Niger,Dosso,DS Tibiri,Commune Guecheme
l2XfWiEa9dm,Niger,Niamey,DS Niamey III,Commune 3ème Arrondissement
L36QcwYpNvl,Niger,Maradi,DS Bermo,Commune Bermo
l3qxgyuBQfv,Niger,Tillaberi,DS Tera,Commune Kokorou
L4GLDUe2FgI,Niger,Niamey,DS Niamey IV,Commune 4ème Arrondissement
L4R1cf57xHg,Niger,Tillaberi,DS Tillabery,Commune Kourtey
L4sq6JDIUBS,Niger,Tillaberi,DS Kollo,Commune Namaro
L4zFCukskLt,Niger,Tillaberi,DS Torodi,Commune Makalondi
L59TInNoIvm,Niger,Tahoua,DS Tahoua,Commune Bambeye
L5cNcRuyAzI,Niger,Niamey,DS Niamey III,Commune 3ème Arrondissement
L5NGzVx1TZF,Niger,Zinder,DS Damgaram Takaya,Commune Guidimouni
L5vI5dRAKYk,Niger,Dosso,DS Gaya,Commune Bana
l61QqAgXtWT,Niger,Tahoua,DS Birni Konni,Commune Birni N'Konni
L684WqNv5uD,Niger,Zinder,DS Tesker,Commune Tesker
l6AVcWtAJnT,Niger,Diffa,DS N'Guigmi,Commune N'Guigmi
l70WEfXDzJd,Niger,Maradi,DS Mayahi,Commune Guidan Amoumoune
l79nVdfvcZW,Niger,Maradi,DS Maradi Ville,Commune Maradi 2
L7J6dd7pj8S,Niger,Agadez,DS Agadez,Commune Agadez
l7MgDioRy03,Niger,Tillaberi,DS Fillingue,Commune Imanan( Bonkoukou)
l7oJOOK15N9,Niger,Niamey,DS Niamey IV,Commune 4ème Arrondissement
L7opAhq1j4J,Niger,Tillaberi,DS Ouallam,Commune Ouallam
l82YchbVNVh,Niger,Dosso,DS Dogon Doutchi,Commune Doutchi
L8f7TurJXG6,Niger,Agadez,DS Agadez,Commune Agadez
l8NHpcyWnmB,Niger,Diffa,DS Diffa,Commune Diffa
l8Nz2hXzeDQ,Niger,Diffa,DS N'Guigmi,Commune Kablewa
L9dnhsCyl3U,Niger,Tahoua,DS Madaoua,Commune Madaoua
l9hIzbMHKts,Niger,Tillaberi,DS Kollo,Commune N'Dounga
L9mhe5VpY2a,Niger,Diffa,DS Diffa,Commune Chétimari
La1ID3oqLjw,Niger,Tahoua,DS Madaoua,HD Madaoua
laBx7FHe3IP,Niger,Tillaberi,DS Kollo,Commune Kouré
lAhp0zKtBVt,Niger,Zinder,DS Zinder Ville,Commune 4è Arrondissement
laiV5npclBI,Niger,Niamey,DS Niamey III,Commune 3ème Arrondissement
LAluDDAhizI,Niger,Maradi,DS Mayahi,Commune Sarkin Haoussa
LAo1Wp1PN8C,Niger,Niamey,DS Niamey IV,Commune 4ème Arrondissement
LAP53FOtKoG,Niger,Diffa,DS Diffa,Commune Chétimari
LAwoL6R4f85,Niger,Tahoua,DS Malbaza,Commune Doguaraoua
LBbJ98FsTAt,Niger,Maradi,DS Mayahi,HD Mayahi
lbBkmp2sTXx,Niger,Zinder,DS Tanout,HD Tanout
lbolayeO12g,Niger,Maradi,DS Maradi Ville,Commune Maradi 2
LbTVVc2EVfu,Niger,Niamey,DS Niamey II,Commune 2ème Arrondissement
Lc1GrpQPWQ9,Niger,Maradi,DS Maradi Ville,Commune Maradi 3
LC5PaOJWfiN,Niger,Agadez,DS Aderbissinat,Commune Aderbissanat
lc8CXvYH84N,Niger,Tahoua,DS Bouza,Commune Karofane
lCa187Qsdtp,Niger,Maradi,DS Mayahi,HD Mayahi
LCBJo3IN2Em,Niger,Niamey,DS Niamey I,Commune 1er Arrondissement
LCdHdR3vr59,Niger,Zinder,DS Takeita,Commune Garagoumsa
LciZwKgEtgv,Niger,Tahoua,DS Abalak,Commune Tabalak
LcQFBfxHPeQ,Niger,Maradi,DS Dakoro,Commune Korahane
lCrTZplaRgd,Niger,Agadez,DS Bilma,HD Bilma
LcX1H3wnmKG,Niger,Zinder,DS Magaria,Commune Bande
ld9WqMx885G,Niger,Diffa,DS Mainé Soroa,Commune Maïné Soroa
ldagsEbWWgJ,Niger,Maradi,DS Tessaoua,Commune Baoudeta
ldFxgALEXgY,Niger,Diffa,DS Diffa,Commune Diffa
lDLiAdSr4T4,Niger,Maradi,DS Mayahi,Commune Kanembakache
LDlW0MiDhSK,Niger,Dosso,DS Boboye,Commune Kankandi
lDuo3D1vJ3C,Niger,Tahoua,DS Madaoua,Commune Madaoua
lDZBG9CBYUX,Niger,Dosso,DS Dogon Doutchi,Commune Doutchi
LE35lFVAJ7I,Niger,Maradi,DS Guidan Roumdji,Commune Chadakori
le3ND1HarXi,Niger,Maradi,DS Guidan Roumdji,Commune Tibiri Maradi
LeCPB3hoPiT,Niger,Tahoua,DS Tchintabaraden,Commune Tchintabaraden
lew45KqmMs2,Niger,Tahoua,DS Abalak,Commune Azeye
LeZSF9kdu80,Niger,Niamey,DS Niamey I,Commune 1er Arrondissement
LF6gqFaBJrl,Niger,Tillaberi,DS Ayorou,Commune Ayorou
LF8FjNldIKW,Niger,Zinder,DS Takeita,Commune Garagoumsa
lFCy7mp4HkZ,Niger,Tahoua,DS Tahoua Commune,Commune Tahoua Ii
lfDc4P5teaZ,Niger,Zinder,DS Goure,Commune Boune
LfdyG0Bw7Z8,Niger,Tahoua,DS Tahoua,Commune Kalfou
lfEY3Xdjhjm,Niger,Maradi,DS Maradi Ville,Commune Maradi 2
LFNTi0jB6hE,Niger,Agadez,DS Tchirozérine,Commune Tabelot
Lfp3d7SbKPG,Niger,Tillaberi,DS Say,Commune Tamou
lgBOqv3RfOu,Niger,Dosso,DS Dogon Doutchi,Commune Dan Kassari
LGGu8gXhUes,Niger,Tahoua,DS Tchintabaraden,Commune Kaou
LgkwRlnm3yQ,Niger,Tillaberi,DS Ouallam,HD Ouallam
LGqVBP0SQ63,Niger,Diffa,DS Mainé Soroa,Commune Maïné Soroa
lgt7jaZFOEz,Niger,Maradi,DS Mayahi,Commune Kanembakache
LgvfpmodJgo,Niger,Dosso,DS Dioundou,Commune Karakara
lH8Eh2hcz7y,Niger,Diffa,DS Diffa,Commune Gueskerou
lH8JTfNjS3p,Niger,Maradi,DS Guidan Roumdji,Commune Tibiri Maradi
LhbiPp90x2p,Niger,Maradi,DS Maradi Ville,Commune Maradi 3
LHCFzNvgniU,Niger,Zinder,DS Zinder Ville,Commune 1er Arrondissement
lhduaTEHs87,Niger,Maradi,DS Dakoro,Commune Dakoro
LHezcK1Xila,Niger,Diffa,DS Goudoumaria,Commune Goudoumaria
LhQOWOI4HU4,Niger,Zinder,DS Zinder Ville,Commune 3è Arrondissement
lHsCeUpW1gf,Niger,Zinder,DS Doungass,Commune Gouchy
LHuXbMk5ij1,Niger,Zinder,DS Takeita,Commune Garagoumsa
LI7ttwLr10Q,Niger,Zinder,DS Mirriah,Commune Droum
Li8jwTD4Z6H,Niger,Maradi,DS Madarounfa,Commune Madarounfa
lIbmsVAQ3gq,Niger,Tillaberi,DS Tillabery,Commune Tillabéri
lICH2sIXfqI,Niger,Tillaberi,DS Ouallam,Commune Dingazi
LiLKImCjM9p,Niger,Dosso,DS Dosso,Commune Mokko
Lio5lJIwtrj,Niger,Tillaberi,DS Tera,Commune Téra
lIrygxhPqhS,Niger,Agadez,DS Arlit,Commune Dannat
LiV6vZKfops,Niger,Zinder,DS Tanout,Commune Ollélewa
LIyAn8qUTdi,Niger,Agadez,DS Iferouane,Commune Timia
ljcGDlR7qje,Niger,Niamey,DS Niamey IV,Commune 4ème Arrondissement
LjDVi4p1fKF,Niger,Maradi,DS Guidan Roumdji,Commune Tibiri Maradi
ljl9IbF1nbC,Niger,Tillaberi,DS Gotheye,HD Gotheye
LjnHzUkDY1v,Niger,Tahoua,DS Malbaza,Commune Doguaraoua
LJPOnV5mlED,Niger,Maradi,DS Dakoro,Commune Dan Goulbi
ljsvw7dX7T0,Niger,Zinder,DS Magaria,Commune Magaria
lk0RKKJoS1g,Niger,Tillaberi,DS Tillabery,Commune Kourtey
LkA25026q2Z,Niger,Zinder,DS Goure,Commune Goure
lkAKjJs6RzO,Niger,Niamey,DS Niamey IV,Commune 4ème Arrondissement
lkfUFwDeFx4,Niger,Niamey,DS Niamey I,Commune 1er Arrondissement
lKji5dLHwnn,Niger,Tillaberi,DS Ouallam,Commune Tondikiwindi
lKTJBEF026r,Niger,Zinder,DS Tanout,Commune Gangara Tanout
LKYqxe0c2g3,Niger,Maradi,DS Madarounfa,HD Madarounfa
Ll731VkIP1i,Niger,Tahoua,DS Illéla,Commune Badaguichiri
LlaLt9YsRoB,Niger,Dosso,DS Loga,Commune Falwel
LLG6OJCRpo8,Niger,Dosso,DS Falmey,Commune Guilladjé
lLNzLf8aXfe,Niger,Zinder,DS Belbedji,Commune Tarka
LlQHKgBiH0u,Niger,Zinder,DS Doungass,Commune Dogo Dogo
LlY0XmyMJVA,Niger,Maradi,DS Guidan Roumdji,Commune Chadakori
lM2PaFwGwAK,Niger,Agadez,DS Arlit,Commune Arlit
lm6i9aoNCih,Niger,Tillaberi,DS Banibangou,Commune Banibangou
lM6KJlpS2MI,Niger,Agadez,DS Agadez,Commune Agadez
lmAy0zdWZuT,Niger,Agadez,DS Agadez,Commune Agadez
LmduDl1hYrJ,Niger,Tillaberi,DS Ouallam,HD Ouallam
lmEuQJLOAt4,Niger,Niamey,DS Niamey II,Commune 2ème Arrondissement
LMIRtahkLGs,Niger,Tahoua,DS Tahoua Commune,Commune Tahoua I
lml5CmoIIvd,Niger,Zinder,DS Zinder Ville,Commune 3è Arrondissement
LmLPvGjdquk,Niger,Zinder,DS Goure,Commune Alakos
Lmn0YerVsKC,Niger,Tillaberi,DS Say,HD Say
LMQ8Um8MgOX,Niger,Maradi,DS Gazaoua,Commune Gazaoua
LN99ZRN0W1W,Niger,Tahoua,DS Tchintabaraden,Commune Kaou
lnaOSu0EmTa,Niger,Diffa,DS Goudoumaria,Commune Goudoumaria
LnloMEtWmMh,Niger,Maradi,DS Dakoro,Commune Dan Goulbi
LNzFFJeeidV,Niger,Niamey,DS Niamey IV,Commune 4ème Arrondissement
lo0y2SDiVCu,Niger,Maradi,DS Mayahi,Commune Tchake
Lo9AZpVGurh,Niger,Zinder,DS Goure,Commune Kelle
loCtRsMNEmR,Niger,Tillaberi,DS Say,Commune Guéladjo
LOtFVpPWZ5u,Niger,Niamey,DS Niamey II,Commune 2ème Arrondissement
LOU4oEsmmFr,Niger,Agadez,DS Arlit,HD Arlit
Lp4avqpouBC,Niger,Zinder,DS Magaria,Commune Wacha
LPdkwi6hLE4,Niger,Maradi,DS Guidan Roumdji,Commune Chadakori
LPumWjtQs8O,Niger,Tillaberi,DS Kollo,Commune Youri
LPUOb4GCEx4,Niger,Agadez,DS Agadez,Commune Agadez
lQ5Kr1pG15S,Niger,Maradi,DS Dakoro,Commune Adjekoria
lq8HMWJhqOb,Niger,Diffa,DS Diffa,Commune Chétimari
Lq920zaVb8y,Niger,Tillaberi,DS Say,Commune Tamou
LqfXCp7pcXA,Niger,Zinder,DS Mirriah,Commune Mirriah
lqh7TmRlOUF,Niger,Zinder,DS Goure,Commune Guidiguir
LqhwABaH5NU,Niger,Maradi,DS Guidan Roumdji,Commune Sae Saboua
lqpWruNGXwW,Niger,Maradi,DS Guidan Roumdji,Commune Guidan Roumdji
LqVJ3TM78ES,Niger,Niamey,DS Niamey I,Commune 1er Arrondissement
LqzvitCK1AT,Niger,Tillaberi,DS Kollo,Commune Dantchandou
LR63kzkkuHj,Niger,Dosso,DS Loga,HD Loga
lrHT37tNjRy,Niger,Dosso,DS Boboye,Commune Fabidji
lRP97NBW5sC,Niger,Diffa,DS Diffa,Commune Diffa
lrUtlniHKKI,Niger,Zinder,DS Matamèye,Commune Daouche
LrWGdqkeham,Niger,Zinder,DS Tanout,Commune Tanout
LsdDKeAWRkq,Niger,Maradi,DS Dakoro,Commune Dakoro
lSMbVLFIkF1,Niger,Tahoua,DS Bouza,Commune Allakaye
LsN4smxt3Zc,Niger,Tillaberi,DS Tillabery,Commune Sakoira
lSoPetgonE4,Niger,Maradi,DS Aguié,HD Aguié
LSSqENXskVR,Niger,Maradi,DS Tessaoua,HD Tessaoua
LT1VHvtgwH0,Niger,Dosso,DS Loga,Commune Falwel
LT4D4BNqK6b,Niger,Tillaberi,DS Ayorou,Commune Ayorou
LTey73zYvPe,Niger,Maradi,DS Maradi Ville,Commune Maradi 3
lTHS51IlWoy,Niger,Niamey,DS Niamey I,Commune 1er Arrondissement
LTiz2ZzhJRT,Niger,Niamey,DS Niamey II,Commune 2ème Arrondissement
ltKZkexYA1d,Niger,Maradi,DS Dakoro,Commune Dakoro
lTmXzdOLcqT,Niger,Dosso,DS Boboye,Commune Fabidji
Ltu3mCJaLUr,Niger,Zinder,DS Tanout,Commune Tanout
LTW7WXygTc7,Niger,Tillaberi,DS Balleyara,Commune Tagazar
LTwZHmtejcF,Niger,Tillaberi,DS Kollo,Commune Kouré
LU9xruVgM7j,Niger,Dosso,DS Boboye,Commune de Harikanassou
lUbAqTQqvBj,Niger,Agadez,DS Arlit,HD Arlit
lUEZUmMrS3A,Niger,Maradi,DS Mayahi,Commune Sarkin Haoussa
LuHwJF44wkq,Niger,Dosso,DS Boboye,Commune de Koygolo
LuJkxWIl8lS,Niger,Tillaberi,DS Say,Commune Guéladjo
LUKqUZBkgWe,Niger,Zinder,DS Mirriah,Commune Droum
lut5buVxvwz,Niger,Diffa,DS N'Guigmi,Commune Kablewa
LuWKUcIlwpQ,Niger,Tillaberi,DS Tillabery,Commune Tillabéri
LvfXyuASTlI,Niger,Dosso,DS Boboye,HD Boboye
LVJBU7hXUxk,Niger,Dosso,DS Dosso,Commune Sambera
LvO5klW3cVo,Niger,Maradi,DS Mayahi,Commune Guidan Amoumoune
LvoeH2Dn8lz,Niger,Dosso,DS Boboye,Commune de Kiota
lVuKiM3764k,Niger,Zinder,DS Belbedji,Commune Tarka
LVw525EQbpl,Niger,Agadez,DS Ingall,Commune Ingall
lW9yOBt2AVi,Niger,Maradi,DS Dakoro,Commune Goula
LwjX7yJwKwN,Niger,Niamey,DS Niamey II,Commune 2ème Arrondissement
lwmLxQIhSsP,Niger,Maradi,DS Mayahi,Commune Sarkin Haoussa
lWUiM1EP6F6,Niger,Zinder,DS Tanout,Commune Gangara Tanout
LXCTuYzNzWr,Niger,Zinder,DS Goure,Commune Goure
LXG66WvvgN8,Niger,Tillaberi,DS Say,Commune Tamou
Lxm06tkYMbh,Niger,Tillaberi,DS Tera,Commune Téra
lxrUpkE3n7Y,Niger,Dosso,DS Gaya,Commune Yélou
LxV5IAVpXly,Niger,Maradi,DS Dakoro,Commune Dan Goulbi
ly2gkexS6Yo,Niger,Dosso,DS Gaya,Commune Gaya
LydZrEuZPot,Niger,Tahoua,DS Tahoua Commune,Commune Tahoua Ii
lykCgnomMUT,Niger,Diffa,DS Diffa,Commune Diffa
lyoKsag5AAs,Niger,Niamey,DS Niamey III,Commune 3ème Arrondissement
Lzdddkporss,Niger,Dosso,DS Dogon Doutchi,Commune Dan Kassari
lZhjyhGaFll,Niger,Niamey,DS Niamey III,Commune 3ème Arrondissement
lzk88ct1Psq,Niger,Tillaberi,DS Kollo,Commune Dantchandou
lzmu33iVAKS,Niger,Tahoua,DS Madaoua,Commune Bangui
lZpck77bNjd,Niger,Tillaberi,DS Gotheye,Commune Dargol
LZQjnqCZpBf,Niger,Maradi,DS Dakoro,Commune Kornaka
LZQVjEjojD1,Niger,Tahoua,DS Bouza,Commune Allakaye
lZw3vX6Bseo,Niger,Tahoua,DS Birni Konni,Commune Birni N'Konni
lZzx6dOELiD,Niger,Maradi,DS Dakoro,Commune Kornaka
M0KBM5xPARn,Niger,Tillaberi,DS Kollo,Commune Dantchandou
m0LqeiS9NmV,Niger,Tahoua,DS Tchintabaraden,Commune Kaou
m0uZmOfirWg,Niger,Maradi,DS Maradi Ville,Commune Maradi 3
M172xwkFkFM,Niger,Agadez,DS Arlit,HD Arlit
m1HcgkgLGtt,Niger,Tillaberi,DS Gotheye,HD Gotheye
m1hrZ75UHVQ,Niger,Tillaberi,DS Gotheye,Commune Gotheye
M1qyYpcKEjA,Niger,Maradi,DS Guidan Roumdji,Commune Guidan Roumdji
M264RDivzsm,Niger,Niamey,DS Niamey I,Commune 1er Arrondissement
M2zrDDMWMiG,Niger,Niamey,DS Niamey I,Commune 1er Arrondissement
M35BbtdyT8U,Niger,Maradi,DS Guidan Roumdji,Commune Tibiri Maradi
m36uxqEGeUK,Niger,Tahoua,DS Bagaroua,HD Bagaroua
m3c1sAVyvR3,Niger,Dosso,DS Dosso,Commune Mokko
m3hgwcEhrDS,Niger,Tahoua,DS Illéla,Commune Badaguichiri
M3sehZuXo6C,Niger,Tahoua,DS Madaoua,Commune Madaoua
m3z4e5VTHPP,Niger,Tahoua,DS Bouza,HD Bouza
M3zBfDPAWWN,Niger,Agadez,DS Ingall,Commune Ingall
m4d2cFCJnfF,Niger,Maradi,DS Guidan Roumdji,Commune Guidan Roumdji
M53j000nQuy,Niger,Maradi,DS Guidan Roumdji,Commune Guidan Roumdji
m5ay4gxRbWw,Niger,Agadez,DS Bilma,Commune Dirkou
m62PMIoQ4vA,Niger,Diffa,DS Diffa,Commune Diffa
m69r3dx8QcC,Niger,Tahoua,DS Madaoua,Commune Madaoua
M6B0w1UsEFL,Niger,Zinder,DS Goure,Commune Kelle
M6cJyP1oveN,Niger,Tahoua,DS Tahoua,Commune Affala
m6DHXdDV2C9,Niger,Tahoua,DS Birni Konni,Commune Birni N'Konni
M6JvllhE9Oh,Niger,Maradi,DS Dakoro,Commune Birni Lalle
m6qybCyVJG0,Niger,Tahoua,DS Tahoua,Commune Affala
m72axGGcmsa,Niger,Dosso,DS Gaya,Commune Tanda
m77m3xsAdlI,Niger,Niamey,DS Niamey II,Commune 2ème Arrondissement
m78U0mJHuB1,Niger,Zinder,DS Mirriah,Commune Dogo
m7Bb7uOOZBY,Niger,Dosso,DS Loga,Commune Loga
M7bfih9rvMX,Niger,Tillaberi,DS Kollo,Commune Kouré
M7pj4QwzgRj,Niger,Tillaberi,DS Tera,HD Téra
m7ZR17lTiCl,Niger,Tahoua,DS Abalak,HD Abalak
M88Ewg5xT3G,Niger,Maradi,DS Guidan Roumdji,Commune Sae Saboua
m8JdokfhiR5,Niger,Zinder,DS Goure,Commune Kelle
m8nsDL6jzn3,Niger,Tillaberi,DS Tera,Commune Diagourou
m8X3LU1nEQz,Niger,Maradi,DS Madarounfa,Commune Safo
M993WMHAop9,Niger,Zinder,DS Matamèye,Commune Dan Barto
M9K6qc6yZcA,Niger,Diffa,DS N'Guigmi,Commune Kablewa
M9RGs1ICSu9,Niger,Maradi,DS Mayahi,Commune Kanembakache
MAEMXZFRynP,Niger,Niamey,DS Niamey IV,Commune 4ème Arrondissement
mANMjqMJbpz,Niger,Tahoua,DS Madaoua,Commune Ourno
mAvPOvU5q6P,Niger,Tillaberi,DS Abala,Commune Abala
mAWMNzDg6vl,Niger,Tillaberi,DS Kollo,Commune Karma
maxc7aPHyI7,Niger,Agadez,DS Agadez,Commune Agadez
mB04TAuA7HT,Niger,Dosso,DS Dogon Doutchi,Commune Doutchi
Mb1AJ5AEzbH,Niger,Dosso,DS Tibiri,Commune Doumega
MBFz364Syiw,Niger,Tahoua,DS Madaoua,Commune Ourno
mBNbhrMu4ga,Niger,Zinder,DS Zinder Ville,Commune 4è Arrondissement
mBtIbblP7My,Niger,Maradi,DS Maradi Ville,Commune Maradi 3
mc8fb9YnpEK,Niger,Tahoua,DS Tillia,Commune Tillia
Mcju95WFkj8,Niger,Diffa,DS Diffa,Commune Diffa
MDeacfZ2TeX,Niger,Tillaberi,DS Ouallam,Commune Simiri
MDei0o51Iv5,Niger,Niamey,DS Niamey II,Commune 2ème Arrondissement
mDgAwvwW9SR,Niger,Maradi,DS Guidan Roumdji,Commune Chadakori
Mdheg7uasSI,Niger,Zinder,DS Magaria,Commune Yekoua
mDhJUq7aKvi,Niger,Zinder,DS Doungass,Commune Gouchy
mDiKqjbICMr,Niger,Niamey,DS Niamey I,Commune 1er Arrondissement
mDIzjF9y3iq,Niger,Niamey,DS Niamey III,Commune 3ème Arrondissement
mDqtP4jBdZ9,Niger,Tillaberi,DS Balleyara,Commune Tagazar
MdSzPFurrSA,Niger,Tillaberi,DS Kollo,Commune Liboré
MdUZpEOlAXI,Niger,Agadez,DS Ingall,Commune Ingall
MdzBbQDDp3Y,Niger,Tillaberi,DS Ouallam,Commune Ouallam
me0prEuzAPC,Niger,Tahoua,DS Tchintabaraden,Commune Tchintabaraden
Me4OhV73i8B,Niger,Niamey,DS Niamey V,Commune 5ème Arrondissement
ME9nUNtW0bE,Niger,Dosso,DS Falmey,Commune Guilladjé
me9VIMwbgOw,Niger,Niamey,DS Niamey I,Commune 1er Arrondissement
MEBfdiwmkw3,Niger,Tahoua,DS Madaoua,HD Madaoua
Mei0cNkXeM3,Niger,Tillaberi,DS Banibangou,Commune Banibangou
mem3YEbhJ56,Niger,Tillaberi,DS Kollo,Commune Namaro
meMOxL6PtQV,Niger,Dosso,DS Dosso,Commune Kargui Bangou
MeoyBSZ840o,Niger,Agadez,DS Aderbissinat,Commune Aderbissanat
mer9ELmrPr5,Niger,Tillaberi,DS Ouallam,Commune Tondikiwindi
mEswMQI3Fwk,Niger,Tahoua,DS Illéla,Commune Illéla
MeTVfSCnIiq,Niger,Dosso,DS Dosso,Commune Sakadamna
mevb48cFMya,Niger,Dosso,DS Loga,Commune Falwel
mEzE0RXXLWr,Niger,Tillaberi,DS Say,Commune Say
mF06JU5uIWz,Niger,Dosso,DS Dioundou,Commune Karakara
MfdQv1i0rEg,Niger,Tillaberi,DS Ouallam,Commune Tondikiwindi
mFl5O4Uh94J,Niger,Tahoua,DS Bagaroua,HD Bagaroua
MFpOH9ND8ac,Niger,Maradi,DS Tessaoua,Commune Korgom
mFTuoiu3Dxs,Niger,Agadez,DS Ingall,Commune Ingall
MGmErfIreLE,Niger,Tillaberi,DS Tera,Commune Téra
MgnaCg8ATbi,Niger,Tahoua,DS Abalak,Commune Azeye
mgpJQY50QWO,Niger,Tahoua,DS Tchintabaraden,Commune Tchintabaraden
MGtU3YAMNkk,Niger,Dosso,DS Dosso,Commune Tessa
mgw8daJsQDU,Niger,Agadez,DS Ingall,Commune Ingall
mGXHpuuFoVT,Niger,Niamey,DS Niamey I,Commune 1er Arrondissement
MgXSj4kYaPC,Niger,Tillaberi,DS Say,HD Say
Mhb2Z3Vv1ll,Niger,Dosso,DS Dogon Doutchi,Commune Doutchi
MHd6sBltpfm,Niger,Tahoua,DS Birni Konni,Commune Birni N'Konni
MHevaqVGsMw,Niger,Maradi,DS Dakoro,Commune Dan Goulbi
mHK3SHCIv16,Niger,Niamey,DS Niamey IV,Commune 4ème Arrondissement
Mhm3VIJbwbx,Niger,Zinder,DS Zinder Ville,Commune 4è Arrondissement
mHoMeSkd9p0,Niger,Niamey,DS Niamey III,Commune 3ème Arrondissement
MHPttHHXa51,Niger,Zinder,DS Zinder Ville,Commune 3è Arrondissement
MHSjvpwXGUw,Niger,Agadez,DS Ingall,Commune Ingall
MhSpfZ7lWhd,Niger,Dosso,DS Dioundou,Commune Karakara
MHuP9hJIC7N,Niger,Maradi,DS Mayahi,Commune Attantane
MHZDfpn19o8,Niger,Niamey,DS Niamey III,Commune 3ème Arrondissement
MHzeGm73OAD,Niger,Tillaberi,DS Tillabery,Commune Tillabéri
MiDIn6K2blb,Niger,Niamey,DS Niamey IV,Commune 4ème Arrondissement
MiGvpJmmOaJ,Niger,Tillaberi,DS Fillingue,HD Filingué
mikauZX34Yd,Niger,Dosso,DS Dogon Doutchi,Commune Matankari
mImFGK3Pb86,Niger,Tahoua,DS Bouza,Commune Baban Katami
MImtinSkaAc,Niger,Niamey,DS Niamey IV,Commune 4ème Arrondissement
MINTHNSvlXH,Niger,Agadez,DS Tchirozérine,Commune Tchirozérine
MiP17QJ3alC,Niger,Tillaberi,DS Ouallam,Commune Ouallam
MjhNWCuE6dE,Niger,Niamey,DS Niamey II,Commune 2ème Arrondissement
MJHP2cHmZJH,Niger,Maradi,DS Dakoro,HD Dakoro
MJkxie6271k,Niger,Tahoua,DS Birni Konni,Commune Alléla
mJP973Xw4pA,Niger,Tahoua,DS Tahoua,Commune Affala
MJtnMn8BN6X,Niger,Tillaberi,DS Torodi,Commune Makalondi
mKlUItOrBh6,Niger,Maradi,DS Madarounfa,HD Madarounfa
MKykpVOArgA,Niger,Maradi,DS Tessaoua,HD Tessaoua
Ml8NVCDVtJW,Niger,Zinder,DS Magaria,Commune Wacha
MLclpSzMxZO,Niger,Diffa,DS Diffa,Commune Chétimari
mlghIodQSn9,Niger,Dosso,DS Boboye,Commune Fabidji
MLjBux1RgAI,Niger,Diffa,DS Diffa,Commune Diffa
MlnHuHzDyYQ,Niger,Zinder,DS Takeita,Commune Garagoumsa
Mlo1QZOk6gE,Niger,Tillaberi,DS Fillingue,Commune Tondikandia
MlYuOauM8O3,Niger,Niamey,DS Niamey II,Commune 2ème Arrondissement
MM1T8sE9YrX,Niger,Niamey,DS Niamey IV,Commune 4ème Arrondissement
mm6sTlUEXrU,Niger,Zinder,DS Doungass,Commune Mallaoua
mM9DkCX8yhU,Niger,Tahoua,DS Bouza,Commune Allakaye
mMagVmAU48I,Niger,Tillaberi,DS Say,Commune Tamou
MMDWZDdzLoz,Niger,Diffa,DS Goudoumaria,Commune Goudoumaria
MMFmrfk6w9B,Niger,Dosso,DS Dioundou,Commune Karakara
mMFNHCvZueE,Niger,Tahoua,DS Bouza,Commune Bouza
MmKULNO77Kz,Niger,Maradi,DS Maradi Ville,Commune Maradi 3
MMl0YoSKchi,Niger,Zinder,DS Damgaram Takaya,Commune Kagna Wamé
mmMVHJAFavz,Niger,Tillaberi,DS Abala,Commune Sanam
mmNjQXvxDsK,Niger,Maradi,DS Aguié,Commune Aguie
mMVxazPQVvi,Niger,Tahoua,DS Bouza,Commune Baban Katami
MMZDK3rz3FA,Niger,Tahoua,DS Bouza,Commune Tama
mN2nuIOAri9,Niger,Maradi,DS Maradi Ville,Commune Maradi 2
mnGHkfyhyGx,Niger,Dosso,DS Dosso,Commune Gorou Bankassam
mNlnDi3oiuf,Niger,Maradi,DS Tessaoua,Commune Hawan Dawaki
mnRmzpQyl77,Niger,Tillaberi,DS Fillingue,Commune Kourfé Centre
mnv0sgmS6UG,Niger,Dosso,DS Dosso,Commune Kargui Bangou
mNzAHvzeDEY,Niger,Dosso,DS Dogon Doutchi,Commune Doutchi
mOCJ0afCgCD,Niger,Dosso,DS Dosso,Commune Sambera
moeB6oTWph6,Niger,Maradi,DS Guidan Roumdji,Commune Chadakori
MOEj1LGzazg,Niger,Niamey,DS Niamey I,Commune 1er Arrondissement
moHWQj572bh,Niger,Zinder,DS Magaria,Commune Bande
MohXVJpTsyS,Niger,Tillaberi,DS Kollo,Commune Kollo
MoKmqVSv8W7,Niger,Tahoua,DS Abalak,Commune Abalak
mOOeM7reIpZ,Niger,Niamey,DS Niamey IV,Commune 4ème Arrondissement
MOSEt9yJ15Q,Niger,Tahoua,DS Tahoua,Commune Kalfou
mOv5wQ47Ff5,Niger,Tahoua,DS Malbaza,Commune Doguaraoua
mOvMLMwlNZS,Niger,Agadez,DS Agadez,Commune Agadez
MP2bmtNs4V7,Niger,Dosso,DS Dosso,HD Dosso
Mp87Mhz7eIv,Niger,Dosso,DS Loga,HD Loga
mpF35AfPe74,Niger,Tillaberi,DS Fillingue,Commune Kourfé Centre
mpJiipP6QNj,Niger,Tillaberi,DS Torodi,Commune Torodi
MplemwYsvvN,Niger,Dosso,DS Loga,Commune Loga
mpO6AzBHGoS,Niger,Diffa,DS N'Gourti,Commune N'Gourti
Mq0rSQagLJj,Niger,Zinder,DS Magaria,Commune Magaria
mq8cCdsshOb,Niger,Maradi,DS Dakoro,Commune Dakoro
MqIIEKha1FU,Niger,Tillaberi,DS Kollo,Commune Kirtachi
MqNieFIwLqR,Niger,Tahoua,DS Madaoua,Commune Bangui
MQSmHqT74tv,Niger,Zinder,DS Zinder Ville,Commune 4è Arrondissement
MqZ2GpcrF7b,Niger,Tahoua,DS Tahoua,Commune Kalfou
MR4zgUJDiZN,Niger,Maradi,DS Tessaoua,Commune Tessaoua
mRpZVKXy4UE,Niger,Maradi,DS Guidan Roumdji,Commune Guidan Roumdji
MS3bIGZ93et,Niger,Diffa,DS Mainé Soroa,Commune Maïné Soroa
MS5mgf2O7Cf,Niger,Tahoua,DS Illéla,Commune Illéla
mSdXPLoK8FN,Niger,Dosso,DS Dosso,Commune Farrey
mSH8JYF5oAm,Niger,Agadez,DS Agadez,Commune Agadez
mSHdgQkYgwA,Niger,Maradi,DS Maradi Ville,Commune Maradi 2
MShtkDXNjvK,Niger,Tahoua,DS Tchintabaraden,Commune Tchintabaraden
msp0zWB2dK1,Niger,Diffa,DS Diffa,Commune Diffa
mSRVRiInsIl,Niger,Zinder,DS Belbedji,Commune Tarka
MStToMU4yTm,Niger,Maradi,DS Gazaoua,Commune Gangara Gazaoua
msUB29UQ68h,Niger,Tillaberi,DS Tera,Commune Diagourou
Msy0icypk9O,Niger,Maradi,DS Maradi Ville,Commune Maradi 2
mtbiP9p7kga,Niger,Zinder,DS Mirriah,HD Mirriah
MtbOHgVgN9N,Niger,Dosso,DS Tibiri,Commune Kore Mairoua
Mtc9pu3MJSf,Niger,Niamey,DS Niamey I,Commune 1er Arrondissement
Mtga6Cy8y2k,Niger,Niamey,DS Niamey II,Commune 2ème Arrondissement
mtMemgOGI4W,Niger,Dosso,DS Gaya,Commune Yélou
MtyYuAIod8s,Niger,Tahoua,DS Birni Konni,Commune Alléla
mU4jCiAwEcK,Niger,Dosso,DS Dogon Doutchi,HD Dogon Doutchi
mU6aYPbWsfi,Niger,Zinder,DS Takeita,Commune Garagoumsa
MU8GTa6S3X6,Niger,Tillaberi,DS Ouallam,Commune Simiri
MUBsVdNngZ6,Niger,Diffa,DS N'Guigmi,HD N'Guigmi
MuD4aMKTOk9,Niger,Zinder,DS Tanout,HD Tanout
mUEJMgqvgzI,Niger,Niamey,DS Niamey III,Commune 3ème Arrondissement
mUH6gIWPCec,Niger,Niamey,DS Niamey V,Commune 5ème Arrondissement
muxh5iE56mE,Niger,Maradi,DS Maradi Ville,Commune Maradi 2
MV2tDb4lQsL,Niger,Zinder,DS Tanout,Commune Gangara Tanout
MV6VK3WaZEs,Niger,Niamey,DS Niamey I,Commune 1er Arrondissement
mVAEkUSDKvB,Niger,Tillaberi,DS Balleyara,Commune Tagazar
MVHAa2lmYvc,Niger,Tahoua,DS Bagaroua,Commune Bagaroua
mVhnARraeAn,Niger,Maradi,DS Guidan Roumdji,Commune Chadakori
mvsdAh4nhnX,Niger,Maradi,DS Guidan Roumdji,Commune Sae Saboua
MWbRDdmskvh,Niger,Tillaberi,DS Kollo,Commune Hamdallaye
mWjVWsRrJGk,Niger,Dosso,DS Dosso,Commune Dosso
mwpE9nndIjd,Niger,Dosso,DS Loga,Commune Loga
MWPixV80JVf,Niger,Dosso,DS Dosso,Commune Garankedey
MxBIq1NgWEx,Niger,Maradi,DS Dakoro,Commune Adjekoria
MxS2FOf99MV,Niger,Dosso,DS Tibiri,Commune Guecheme
My7YtKZph8j,Niger,Tillaberi,DS Fillingue,Commune Imanan( Bonkoukou)
MyCKGFdovK2,Niger,Maradi,DS Bermo,Commune Bermo
mYhnDOA2U42,Niger,Tahoua,DS Madaoua,Commune Bangui
myLAwH9BZxW,Niger,Tahoua,DS Madaoua,Commune Azerori
mYPD49YFsuS,Niger,Tahoua,DS Bouza,Commune Tama
myUFA06OtGw,Niger,Maradi,DS Guidan Roumdji,Commune Guidan Sori
myxA1oJ6Bbo,Niger,Dosso,DS Dogon Doutchi,Commune Dan Kassari
myZcUo4Nmb7,Niger,Zinder,DS Matamèye,Commune Ichirnawa Tagabass
MYzlYt4M1Bx,Niger,Maradi,DS Dakoro,Commune Birni Lalle
mZA3J2vkuOJ,Niger,Dosso,DS Dioundou,Commune Karakara
mZK0aUrBcmO,Niger,Dosso,DS Gaya,Commune Yélou
mzxiL0pz3gJ,Niger,Tillaberi,DS Kollo,Commune Karma
N0YIuKaIa9j,Niger,Tahoua,DS Birni Konni,Commune Birni N'Konni
n1ElcDuqFse,Niger,Maradi,DS Maradi Ville,Commune Maradi 1
n1WPoN52C8z,Niger,Zinder,DS Tanout,Commune Gangara Tanout
n1Y5egYr5am,Niger,Tahoua,DS Abalak,Commune Tabalak
n2ibaonXDqN,Niger,Maradi,DS Dakoro,Commune Sabonmachi
N2pK1VacqwX,Niger,Maradi,DS Madarounfa,Commune Djiratawa
N3HnlIWMItX,Niger,Agadez,DS Tchirozérine,Commune Tchirozérine
n3NBDiHxsQa,Niger,Tahoua,DS Madaoua,Commune Bangui
N3rYgo8HFjK,Niger,Tahoua,DS Madaoua,Commune Sabon Guida
n3teE9wdYL2,Niger,Tillaberi,DS Kollo,Commune N'Dounga
N4b7jQnSUJ4,Niger,Tillaberi,DS Ouallam,Commune Dingazi
N4W6FK7EjVr,Niger,Niamey,DS Niamey I,Commune 1er Arrondissement
N5FohhNyiqS,Niger,Tahoua,DS Keita,HD Keita
n6c2RSYgPpR,Niger,Zinder,DS Matamèye,HD Matameye
n6sbCUdi31v,Niger,Dosso,DS Gaya,Commune Tanda
n7izjwMaFUN,Niger,Tillaberi,DS Abala,Commune Abala
N7rbLf1bwf2,Niger,Maradi,DS Maradi Ville,Commune Maradi 1
n7URbbdcVkg,Niger,Niamey,DS Niamey IV,Commune 4ème Arrondissement
n7wfj4bSUcA,Niger,Diffa,DS Diffa,Commune Gueskerou
n8ma8tJnfaa,Niger,Tillaberi,DS Ouallam,Commune Simiri
N8o6YuiFbKy,Niger,Tahoua,DS Tahoua,Commune Bambeye
n8q04BZQg0z,Niger,Tillaberi,DS Say,Commune Say
n8UIf1zAYbu,Niger,Niamey,DS Niamey I,Commune 1er Arrondissement
N8yMafPFyE2,Niger,Tahoua,DS Madaoua,Commune Sabon Guida
N9bo1vp7j8Z,Niger,Niamey,DS Niamey II,Commune 2ème Arrondissement
N9c3juiXa8k,Niger,Tahoua,DS Tahoua,Commune Bambeye
N9E26PJaLLB,Niger,Zinder,DS Mirriah,Commune Mirriah
N9sAxLf8hDt,Niger,Zinder,DS Matamèye,Commune Tsaouni
N9VKRMznpMh,Niger,Zinder,DS Zinder Ville,Commune 3è Arrondissement
naarLYUjGYe,Niger,Zinder,DS Matamèye,Commune Mataméye
naNpT63Hosq,Niger,Tahoua,DS Illéla,HD Illéla
NaTfK7LZiHB,Niger,Zinder,DS Mirriah,Commune Dogo
NAwsmTCr9kv,Niger,Tillaberi,DS Ayorou,Commune Ayorou
NbJqD8jJNPp,Niger,Diffa,DS Diffa,Commune Chétimari
nbpyFWvgpzN,Niger,Tillaberi,DS Say,Commune Tamou
NBRSlhjr1dI,Niger,Maradi,DS Maradi Ville,Commune Maradi 3
nBwiizzwlWu,Niger,Tillaberi,DS Kollo,Commune Kouré
nC3UDhAj8iX,Niger,Maradi,DS Dakoro,Commune Sabonmachi
NC5LHPQyjya,Niger,Dosso,DS Dosso,Commune Dosso
NcBffSt1NEK,Niger,Tillaberi,DS Say,HD Say
ncdTnRzd4Uz,Niger,Niamey,DS Niamey I,Commune 1er Arrondissement
ncfbLWB0fFS,Niger,Maradi,DS Aguié,Commune Tchadoua
NCSJtN2uMXe,Niger,Tahoua,DS Illéla,Commune Tajaé
Nctoe8Vlgop,Niger,Diffa,DS Mainé Soroa,Commune Maïné Soroa
ND9bX62bpZ2,Niger,Niamey,DS Niamey IV,Commune 4ème Arrondissement
Ndj8RL6IH3k,Niger,Agadez,DS Tchirozérine,Commune Tchirozérine
NEQGafPnCie,Niger,Dosso,DS Dosso,Commune Sambera
NEZFWYFrawJ,Niger,Tillaberi,DS Tera,HD Téra
nFcVZRvouCj,Niger,Maradi,DS Bermo,Commune Gadabedji
NfCYESUymAn,Niger,Agadez,DS Agadez,Commune Agadez
nFMzOEiV1Ys,Niger,Zinder,DS Doungass,Commune Gouchy
nFT83qr4Tkl,Niger,Agadez,DS Tchirozérine,Commune Tabelot
nFuP9iQEKex,Niger,Zinder,DS Damgaram Takaya,Commune Albarkaram
NfY4DjWcZ3T,Niger,Zinder,DS Takeita,Commune Tirmini
NG2UCjIOGu5,Niger,Maradi,DS Guidan Roumdji,Commune Sae Saboua
NGfWQAxvS5c,Niger,Niamey,DS Niamey II,Commune 2ème Arrondissement
Ngm24Jvis2Q,Niger,Niamey,DS Niamey IV,Commune 4ème Arrondissement
NGmBTzRaxbR,Niger,Dosso,DS Dogon Doutchi,Commune Dan Kassari
NGu8UbF2n4f,Niger,Tahoua,DS Tchintabaraden,HD Tchintabaraden
NGYsATIS8oS,Niger,Dosso,DS Boboye,Commune de Koygolo
NgzPNZ9UVHl,Niger,Maradi,DS Guidan Roumdji,Commune Guidan Roumdji
nhbZSwy3VWw,Niger,Dosso,DS Dogon Doutchi,Commune Dan Kassari
nHiL0yPDQYx,Niger,Tahoua,DS Tahoua Commune,HD Tahoua
nhvWyd62JlE,Niger,Tahoua,DS Tahoua,Commune Bambeye
nHx9281XSsV,Niger,Tahoua,DS Tchintabaraden,Commune Tchintabaraden
nI1SuOnshWr,Niger,Maradi,DS Tessaoua,Commune Tessaoua
ni2GZsXPWVY,Niger,Maradi,DS Maradi Ville,Commune Maradi 1
ni4ysjnVJoq,Niger,Dosso,DS Dosso,Commune Dosso
NImjzJ5WMRr,Niger,Maradi,DS Dakoro,Commune Kornaka
Niq9e8fY8Ri,Niger,Tillaberi,DS Abala,Commune Abala
NiubqTbxWL2,Niger,Niamey,DS Niamey IV,Commune 4ème Arrondissement
nIXv3kBZ4It,Niger,Niamey,DS Niamey IV,Commune 4ème Arrondissement
niZker5WSjn,Niger,Niamey,DS Niamey IV,Commune 4ème Arrondissement
NJ32H168cLB,Niger,Zinder,DS Takeita,Commune Dakoussa
njauPoyYSvx,Niger,Maradi,DS Gazaoua,Commune Gazaoua
nJhmXtoV9xZ,Niger,Agadez,DS Agadez,Commune Agadez
NJoCd87L68v,Niger,Maradi,DS Aguié,Commune Aguie
NJs14RGkIEj,Niger,Agadez,DS Arlit,Commune Dannat
nJS87KBElSq,Niger,Zinder,DS Tanout,Commune Tanout
nJu0ynUxon7,Niger,Zinder,DS Tanout,Commune Ollélewa
njZIwXSCUZE,Niger,Zinder,DS Doungass,Commune Gouchy
NkBt3nfLKWf,Niger,Tillaberi,DS Tera,Commune Téra
NkCiB5T5WXS,Niger,Maradi,DS Guidan Roumdji,Commune Sae Saboua
NkeEtJ0SAgR,Niger,Maradi,DS Mayahi,Commune Maireyreye
nkioR7YXI3V,Niger,Maradi,DS Tessaoua,Commune Korgom
NkL1wmFnbj1,Niger,Tahoua,DS Madaoua,Commune Bangui
nKNrTdBWA8B,Niger,Tahoua,DS Madaoua,Commune Azerori
nL4xTmwuTu2,Niger,Tillaberi,DS Kollo,Commune Kouré
nL5aBbwPNjz,Niger,Niamey,DS Niamey III,Commune 3ème Arrondissement
nLamDEiE7jS,Niger,Agadez,DS Agadez,Commune Agadez
nlrYzimi41M,Niger,Agadez,DS Bilma,Commune Dirkou
NLSIJhqxGvL,Niger,Dosso,DS Dioundou,Commune Dioundiou
nLsr0RqYItk,Niger,Tillaberi,DS Kollo,Commune Karma
nLv8yTK0As7,Niger,Zinder,DS Matamèye,Commune Tsaouni
NMcKNPYk0Dj,Niger,Tillaberi,DS Kollo,Commune Kouré
nMND8QqyVTv,Niger,Maradi,DS Mayahi,Commune Sarkin Haoussa
NMOkx19xuwC,Niger,Zinder,DS Matamèye,Commune Yaouri
nmPTnQQyF9O,Niger,Tillaberi,DS Fillingue,Commune Kourfé Centre
NmTcYOp1ZIQ,Niger,Tillaberi,DS Tera,Commune Téra
NMw2CiCHuCM,Niger,Tillaberi,DS Kollo,Commune Kirtachi
nNkZc8y7VNE,Niger,Dosso,DS Dogon Doutchi,Commune Matankari
NNLq0F69izL,Niger,Diffa,DS Diffa,Commune Gueskerou
NO1niYshA6a,Niger,Maradi,DS Dakoro,Commune Kornaka
NOaEt4loDal,Niger,Maradi,DS Tessaoua,HD Tessaoua
noEEp3rNu3b,Niger,Zinder,DS Damgaram Takaya,Commune Guidimouni
nonIndM9TzU,Niger,Tahoua,DS Madaoua,Commune Galma
NOOt1Hsuhxq,Niger,Maradi,DS Maradi Ville,Commune Maradi 2
nOvleNdV0Zm,Niger,Diffa,DS N'Gourti,Commune N'Gourti
nOYb0tqn2Lc,Niger,Tahoua,DS Birni Konni,Commune Birni N'Konni
nOYdteHQkqZ,Niger,Dosso,DS Loga,Commune Loga
noZdbktFEAK,Niger,Agadez,DS Agadez,Commune Agadez
np7aXvcdd52,Niger,Tahoua,DS Tahoua,Commune Bambeye
NPcQMegMjzI,Niger,Tahoua,DS Tahoua,Commune Bambeye
npkOK0JJtN2,Niger,Dosso,DS Boboye,Commune de Harikanassou
npXuLdlqohD,Niger,Agadez,DS Aderbissinat,Commune Aderbissanat
NqBb4CDcwSK,Niger,Niamey,DS Niamey II,Commune 2ème Arrondissement
nqH0TZQuz6m,Niger,Tahoua,DS Bagaroua,Commune Bagaroua
Nqvm7oWRYAy,Niger,Agadez,DS Tchirozérine,Commune Tchirozérine
NQVVCr84lmh,Niger,Zinder,DS Magaria,Commune Yekoua
nQVzZ4oTkWI,Niger,Tahoua,DS Illéla,Commune Tajaé
NqwNeWHORuP,Niger,Maradi,DS Mayahi,Commune Sarkin Haoussa
NQybKxoPW4G,Niger,Zinder,DS Matamèye,Commune Daouche
NRA7WcvVdpP,Niger,Zinder,DS Damgaram Takaya,Commune Kagna Wamé
Nrj5GXTQ7To,Niger,Zinder,DS Damgaram Takaya,Commune Guidimouni
NRS9URazRmA,Niger,Zinder,DS Matamèye,Commune Kantché
nRUfv5yzU0L,Niger,Diffa,DS N'Gourti,Commune N'Gourti
nRy2LGy7HFz,Niger,Maradi,DS Guidan Roumdji,HD Guidan Roumdji
ns5SrijdpWV,Niger,Dosso,DS Dosso,Commune Sakadamna
ns9salyv5s2,Niger,Maradi,DS Mayahi,Commune Guidan Amoumoune
NSJtKcCktQd,Niger,Tahoua,DS Tahoua Commune,Commune Tahoua Ii
nsku2Q3qiS9,Niger,Maradi,DS Mayahi,Commune Kanembakache
NStxLjNaxD4,Niger,Tahoua,DS Tchintabaraden,Commune Tchintabaraden
nSYAOJ7FHoj,Niger,Maradi,DS Maradi Ville,Commune Maradi 3
Nt1LnqzMSZ2,Niger,Tillaberi,DS Gotheye,HD Gotheye
NTgsa0M2dby,Niger,Zinder,DS Tanout,Commune Ollélewa
NThCkYMZMdQ,Niger,Tillaberi,DS Tillabery,Commune Sinder
nThFnsx6uaK,Niger,Maradi,DS Mayahi,Commune Kanembakache
NtjDHUvSze6,Niger,Agadez,DS Aderbissinat,Commune Aderbissanat
nTQ9WxEOYOV,Niger,Agadez,DS Arlit,Commune Gougaram
NTSPdFzncqE,Niger,Dosso,DS Dogon Doutchi,Commune Dan Kassari
Nu8cUK15ipK,Niger,Niamey,DS Niamey III,Commune 3ème Arrondissement
nulilM2ZqtY,Niger,Agadez,DS Arlit,Commune Dannat
nUnMW5pay3k,Niger,Maradi,DS Madarounfa,Commune Djiratawa
nuoba8DneS7,Niger,Agadez,DS Bilma,HD Bilma
NupwR4xskdk,Niger,Tillaberi,DS Balleyara,Commune Tagazar
NuVbMf8wac7,Niger,Agadez,DS Agadez,Commune Agadez
nV6MR671Gmo,Niger,Zinder,DS Matamèye,Commune Mataméye
nvgAIxYWMnW,Niger,Tahoua,DS Keita,Commune Keita
nVKIEb7frfY,Niger,Diffa,DS N'Guigmi,HD N'Guigmi
nvNDFeqYZe5,Niger,Dosso,DS Tibiri,Commune Tibiri Doutchi
nVq7d9cbRwY,Niger,Agadez,DS Aderbissinat,Commune Aderbissanat
NVWW0mY3U10,Niger,Niamey,DS Niamey V,Commune 5ème Arrondissement
nvYaPAgyFRQ,Niger,Dosso,DS Dosso,Commune Mokko
Nw2VcC3PSZn,Niger,Tillaberi,DS Tillabery,Commune Sinder
nw5jsZ9x6VW,Niger,Tahoua,DS Malbaza,Commune Doguaraoua
nW8zqtOFMzq,Niger,Dosso,DS Dioundou,Commune Karakara
nW92DHAibp7,Niger,Tillaberi,DS Gotheye,Commune Dargol
nWdJrQ7CJOk,Niger,Tahoua,DS Abalak,Commune Abalak
nWLFPTh4mvd,Niger,Tahoua,DS Keita,Commune Garhanga
NWLmeG5nxXv,Niger,Maradi,DS Madarounfa,Commune Djiratawa
Nxa6Q8pWgAM,Niger,Niamey,DS Niamey III,Commune 3ème Arrondissement
NXFzB5lk5r2,Niger,Maradi,DS Tessaoua,Commune Ourafane
NxIxqXGLcdl,Niger,Diffa,DS Mainé Soroa,HD Maine Soroa
Nxlkxb56XZP,Niger,Maradi,DS Maradi Ville,Commune Maradi 3
nxON64QgVMn,Niger,Tillaberi,DS Tillabery,Commune Sakoira
nXVuGWNYZwn,Niger,Maradi,DS Madarounfa,Commune Dan Issa
nyCIvb7RSSg,Niger,Dosso,DS Dosso,Commune Mokko
NyezCvERgGz,Niger,Niamey,DS Niamey II,Commune 2ème Arrondissement
NYf94OT5zTO,Niger,Maradi,DS Tessaoua,Commune Korgom
nYHJBe6TUnT,Niger,Tillaberi,DS Abala,Commune Sanam
NyX3oVsWPoF,Niger,Niamey,DS Niamey I,Commune 1er Arrondissement
nZ0WwMBz9At,Niger,Zinder,DS Matamèye,Commune Ichirnawa Tagabass
nzieT8IZXXr,Niger,Tillaberi,DS Kollo,Commune Kirtachi
NzLmC2ulgaN,Niger,Tahoua,DS Birni Konni,Commune Tsernaoua
nzmg94Dv2ft,Niger,Niamey,DS Niamey I,Commune 1er Arrondissement
nZMVDMFaxdi,Niger,Maradi,DS Dakoro,Commune Maiyara
nZNPBm5hW6D,Niger,Zinder,DS Magaria,Commune Yekoua
nzq36e3VKpQ,Niger,Tahoua,DS Tahoua,Commune Affala
NzyXkrWlWRy,Niger,Tahoua,DS Keita,Commune Garhanga
o068sjBuAga,Niger,Zinder,DS Tanout,Commune Tenhya
O0pkNnocYw1,Niger,Dosso,DS Dogon Doutchi,Commune Doutchi
o1jOslTbMFa,Niger,Tahoua,DS Madaoua,Commune Sabon Guida
O1SSwLaFmMk,Niger,Tillaberi,DS Say,HD Say
O1YvXJWFe5R,Niger,Tahoua,DS Birni Konni,Commune Birni N'Konni
O26lgx9ikGK,Niger,Tahoua,DS Madaoua,Commune Bangui
o2caS9ob0gi,Niger,Niamey,DS Niamey IV,Commune 4ème Arrondissement
O2ETyRF7cgK,Niger,Tahoua,DS Birni Konni,Commune Tsernaoua
o2KtVHkWl4m,Niger,Zinder,DS Goure,Commune Goure
o2R7zJQcwMf,Niger,Zinder,DS Matamèye,Commune Yaouri
O2s1AMHMQMn,Niger,Tillaberi,DS Fillingue,Commune Tondikandia
O2wnf39WO5a,Niger,Diffa,DS Bosso,Commune Bosso
o3h4WTg3h0n,Niger,Tillaberi,DS Ouallam,Commune Simiri
O3k0YgmTg77,Niger,Dosso,DS Gaya,Commune Tanda
O3nP4dZ199R,Niger,Maradi,DS Madarounfa,Commune Gabi
o4grfJLTI3y,Niger,Tahoua,DS Illéla,Commune Illéla
O4MP9AB0iMz,Niger,Tillaberi,DS Tillabery,Commune Kourtey
O4qkZ8aaC6m,Niger,Tahoua,DS Tahoua,Commune Tébaram
O55kMtPwuGX,Niger,Zinder,DS Mirriah,Commune Koléram
o56G1ZAxy59,Niger,Agadez,DS Arlit,HD Arlit
O5dsWNmbmlq,Niger,Dosso,DS Tibiri,Commune Doumega
o5PrzK4IarH,Niger,Tahoua,DS Keita,Commune Keita
O5zUUzIRsge,Niger,Tillaberi,DS Kollo,Commune Youri
o62UHI1TYHO,Niger,Tahoua,DS Abalak,Commune Azeye
O6xeArvndmH,Niger,Dosso,DS Dogon Doutchi,Commune Kieche
O7HIPN6LdUa,Niger,Maradi,DS Tessaoua,Commune Korgom
O7t7r38pCB3,Niger,Agadez,DS Arlit,HD Arlit
O7vJ7ZFKlkn,Niger,Niamey,DS Niamey II,Commune 2ème Arrondissement
o84KpslVrzI,Niger,Agadez,DS Tchirozérine,Commune Dabaga
O8u5qHeGfyD,Niger,Tahoua,DS Madaoua,Commune Madaoua
O9PuKS9qRI6,Niger,Maradi,DS Tessaoua,HD Tessaoua
oa4XbqBrmWp,Niger,Tillaberi,DS Tera,Commune Méhanna
OAAHFgLwNny,Niger,Niamey,DS Niamey I,Commune 1er Arrondissement
OAkAI2IgJ6x,Niger,Zinder,DS Tanout,Commune Tanout
oAKNdxtCP0r,Niger,Zinder,DS Mirriah,Commune Gaffaty
oamdPKUuMyQ,Niger,Maradi,DS Madarounfa,HD Madarounfa
oANmkNpfxWT,Niger,Niamey,DS Niamey I,Commune 1er Arrondissement
OaPQpmXPnAV,Niger,Maradi,DS Mayahi,Commune Guidan Amoumoune
OauCmoJ8fVU,Niger,Dosso,DS Loga,Commune Falwel
ObgQaYGqvwj,Niger,Dosso,DS Dogon Doutchi,Commune Dogon Kirya
obIBgy2MZeE,Niger,Niamey,DS Niamey IV,Commune 4ème Arrondissement
OBk8J0rhhzR,Niger,Zinder,DS Magaria,Commune Yekoua
obXFg2isBIA,Niger,Maradi,DS Guidan Roumdji,Commune Sae Saboua
OCCHCo4UPsD,Niger,Niamey,DS Niamey IV,Commune 4ème Arrondissement
ocenC0ieaQa,Niger,Tahoua,DS Tahoua Commune,Commune Tahoua Ii
OCIhDux3YsV,Niger,Dosso,DS Tibiri,Commune Kore Mairoua
ocIq1ieSVh3,Niger,Tillaberi,DS Tillabery,Commune Tillabéri
OCocutBEUPK,Niger,Tahoua,DS Tchintabaraden,Commune Tchintabaraden
OcRUlQRneH5,Niger,Diffa,DS Diffa,Commune Diffa
OCUVfTHx1tA,Niger,Tahoua,DS Tahoua,Commune Kalfou
OcwGDo3D326,Niger,Tahoua,DS Abalak,Commune Tabalak
OcXjgzHpnPJ,Niger,Agadez,DS Tchirozérine,Commune Dabaga
oDaPENPo0yO,Niger,Maradi,DS Mayahi,Commune Attantane
Odc2XLOnLrY,Niger,Tahoua,DS Illéla,Commune Badaguichiri
ODEle6lMZor,Niger,Dosso,DS Dosso,Commune Mokko
ODkV8MldDj4,Niger,Tahoua,DS Madaoua,HD Madaoua
odMIGnXlN83,Niger,Zinder,DS Zinder Ville,Commune 4è Arrondissement
odQs5ZrUk3Y,Niger,Niamey,DS Niamey IV,Commune 4ème Arrondissement
oefLbu6x6n8,Niger,Tillaberi,DS Kollo,Commune Karma
OEg7H3KAypE,Niger,Tillaberi,DS Tillabery,Commune Kourtey
OeHHjarIeZl,Niger,Tillaberi,DS Fillingue,Commune Tondikandia
oeI3CgbUEBM,Niger,Niamey,DS Niamey IV,Commune 4ème Arrondissement
OEjqrLEbJZV,Niger,Maradi,DS Madarounfa,Commune Gabi
oEM20QbGJIY,Niger,Agadez,DS Ingall,Commune Ingall
Oes8Hf3ZlSY,Niger,Tahoua,DS Abalak,Commune Azeye
OeSmDYjqu6a,Niger,Dosso,DS Dogon Doutchi,Commune Kieche
OEsVtzqCTbw,Niger,Dosso,DS Tibiri,Commune Guecheme
oEUdLJn62gS,Niger,Dosso,DS Dioundou,Commune Dioundiou
oEW2OMnj0Bk,Niger,Agadez,DS Tchirozérine,Commune Tabelot
OewFiEwSyyV,Niger,Tahoua,DS Bouza,Commune Allakaye
Of4KZTE0VF1,Niger,Tillaberi,DS Tillabery,Commune Kourtey
ofksQ1pw4kv,Niger,Tahoua,DS Madaoua,HD Madaoua
oFKYcaFF9IX,Niger,Maradi,DS Guidan Roumdji,Commune Guidan Roumdji
OFPjFfYwxEl,Niger,Tillaberi,DS Bankilare,Commune Bankillaré
OfSlVV6b5Td,Niger,Tahoua,DS Bouza,Commune Tama
OFu9PwKsmV4,Niger,Tahoua,DS Tahoua Commune,Commune Tahoua I
OFw3T0Qubiv,Niger,Tillaberi,DS Kollo,Commune N'Dounga
OG9cVK7JiIX,Niger,Tahoua,DS Birni Konni,Commune Birni N'Konni
OgaUv8mQ0Ln,Niger,Maradi,DS Dakoro,Commune Kornaka
OghCYJME1VS,Niger,Maradi,DS Madarounfa,Commune Sarkin Yamma
oGMe28OEwKu,Niger,Zinder,DS Magaria,Commune Wacha
ogncxLvgJdH,Niger,Maradi,DS Tessaoua,Commune Tessaoua
ogrdY6yf6Uf,Niger,Dosso,DS Boboye,Commune de Birni N'Gaouré
ogsJxqZujtY,Niger,Tahoua,DS Illéla,Commune Tajaé
oGve5SKMbqo,Niger,Tahoua,DS Illéla,Commune Illéla
ohMiNi4CmZp,Niger,Dosso,DS Dogon Doutchi,Commune Doutchi
OHui8IgeHZC,Niger,Tillaberi,DS Tillabery,Commune Tillabéri
OhWAftKIWvj,Niger,Niamey,DS Niamey III,Commune 3ème Arrondissement
oIaIIQzX3kk,Niger,Dosso,DS Dosso,Commune Gorou Bankassam
oIAraxW2waA,Niger,Niamey,DS Niamey V,HD Gaweye
OifNBboj5cx,Niger,Zinder,DS Damgaram Takaya,Commune Mazamni
OiIF9D3Dg9J,Niger,Zinder,DS Belbedji,Commune Tarka
oivpTU3uJY1,Niger,Dosso,DS Boboye,Commune de Fakara
oJ1EkxCVL6G,Niger,Tahoua,DS Madaoua,Commune Madaoua
ojEr451gCVL,Niger,Agadez,DS Ingall,Commune Ingall
oJfVN1Ghfki,Niger,Diffa,DS Diffa,Commune Diffa
ojHPgnYNQ6i,Niger,Tahoua,DS Malbaza,Commune Malbaza
OJidSiNheVf,Niger,Maradi,DS Maradi Ville,Commune Maradi 3
OJnCvXgRpaA,Niger,Dosso,DS Dogon Doutchi,Commune Dogon Kirya
OJuQX1D2ICa,Niger,Tahoua,DS Tahoua,Commune Kalfou
OJWN4pQJcwZ,Niger,Tahoua,DS Tchintabaraden,Commune Tchintabaraden
OJWsijLUrMt,Niger,Zinder,DS Goure,Commune Guidiguir
oJWypBooG5g,Niger,Niamey,DS Niamey V,HD Gaweye
OK48MZpegh2,Niger,Tillaberi,DS Tillabery,Commune Dessa
Ok9NQNqy3Xi,Niger,Diffa,DS Diffa,Commune Diffa
oKNoB7hbHKu,Niger,Tahoua,DS Tahoua Commune,Commune Tahoua Ii
OkOOK3nCQEI,Niger,Dosso,DS Dosso,Commune Golle
OKuzscr8GKd,Niger,Tillaberi,DS Tillabery,Commune Bibiyergo
oKyddwXkqdE,Niger,Zinder,DS Goure,Commune Guidiguir
oL50wjsVMw5,Niger,Dosso,DS Loga,Commune Sokorbé
ol7OWkwrOpO,Niger,Zinder,DS Tanout,Commune Gangara Tanout
ol94NkzjG35,Niger,Zinder,DS Damgaram Takaya,HD Damagaram Takaya
oLA5mM53IIL,Niger,Diffa,DS Bosso,Commune Bosso
OlDgs25BfAr,Niger,Niamey,DS Niamey II,Commune 2ème Arrondissement
OLeiRSQYmGl,Niger,Tillaberi,DS Kollo,Commune Hamdallaye
OLf33qI7QHj,Niger,Zinder,DS Damgaram Takaya,HD Damagaram Takaya
oLFzHmRfFE1,Niger,Tahoua,DS Tahoua,Commune Bambeye
oLgGPRIMroI,Niger,Maradi,DS Mayahi,Commune Tchake
oLJFWUTKTaM,Niger,Dosso,DS Gaya,HD Gaya
olODfsyGsXE,Niger,Tahoua,DS Keita,Commune Tamaské
olPnuOUsRTK,Niger,Zinder,DS Magaria,Commune Wacha
ols33COkEfV,Niger,Tahoua,DS Abalak,Commune Azeye
OlTVkNAU3Pf,Niger,Maradi,DS Mayahi,Commune Issawane
OM6HbuUh36I,Niger,Diffa,DS Diffa,Commune Diffa
omk2eSNcz09,Niger,Agadez,DS Tchirozérine,Commune Tabelot
OMk9S4AG39L,Niger,Tahoua,DS Birni Konni,Commune Alléla
oN1508H0jYt,Niger,Tillaberi,DS Fillingue,Commune Tondikandia
oNa0T8mg0pK,Niger,Tahoua,DS Madaoua,HD Madaoua
onMca6Sxb4C,Niger,Tahoua,DS Bouza,Commune Karofane
oNofiCBqFlF,Niger,Tillaberi,DS Fillingue,Commune Tondikandia
oNyMqpSHVrK,Niger,Maradi,DS Tessaoua,Commune Maijirgui
oOFeImw6ppB,Niger,Niamey,DS Niamey IV,Commune 4ème Arrondissement
OoGbHlQNGWN,Niger,Tillaberi,DS Tera,Commune Gorouol
oONqyBqgz8z,Niger,Zinder,DS Doungass,Commune Dungass
Op5KxQH5VoQ,Niger,Maradi,DS Gazaoua,Commune Gangara Gazaoua
oPBvarMi5lG,Niger,Dosso,DS Gaya,Commune Gaya
opBwzVHLdPg,Niger,Zinder,DS Damgaram Takaya,Commune Kagna Wamé
oPDGaJda0K4,Niger,Maradi,DS Dakoro,Commune Goula
OpH5PkcDvOk,Niger,Agadez,DS Arlit,Commune Dannat
opiuuUqEfSQ,Niger,Diffa,DS Mainé Soroa,Commune Maïné Soroa
oQ0SkTdxQdJ,Niger,Zinder,DS Takeita,Commune Tirmini
oQFwqgLoD8j,Niger,Maradi,DS Tessaoua,Commune Tessaoua
oQgVNxVeODu,Niger,Maradi,DS Aguié,Commune Tchadoua
OqJDq1uozxN,Niger,Agadez,DS Ingall,Commune Ingall
oqKiRabB1cL,Niger,Agadez,DS Tchirozérine,Commune Tabelot
OqnmIGoGmbw,Niger,Zinder,DS Belbedji,Commune Tarka
OQO4XasGuEO,Niger,Zinder,DS Doungass,Commune Dogo Dogo
oqOqtG6kcZw,Niger,Dosso,DS Dosso,Commune Mokko
OQV2PEA6Y4G,Niger,Dosso,DS Dogon Doutchi,Commune Dogon Kirya
oQWvmQGDcNL,Niger,Tillaberi,DS Kollo,Commune Kirtachi
or3oAcO9zq3,Niger,Diffa,DS N'Gourti,Commune N'Gourti
oRBKDKbGg6T,Niger,Tillaberi,DS Ouallam,Commune Simiri
oRDgkkY1JTw,Niger,Zinder,DS Zinder Ville,Commune 2è Arrondissement
OrNM1vzWpcM,Niger,Zinder,DS Tanout,Commune Tanout
OROhuHf2DeT,Niger,Zinder,DS Zinder Ville,Commune 1er Arrondissement
OrQMh0pydVx,Niger,Dosso,DS Gaya,Commune Tounouga
oS1Nhr9Vhr3,Niger,Zinder,DS Mirriah,HD Mirriah
OS22626AGB2,Niger,Agadez,DS Tchirozérine,Commune Dabaga
OS3LFQIKcps,Niger,Maradi,DS Guidan Roumdji,HD Guidan Roumdji
oS7Sh3RCSoC,Niger,Tahoua,DS Keita,Commune Ibohamane
osfoWrD7Tm2,Niger,Niamey,DS Niamey II,Commune 2ème Arrondissement
osl04awCUZd,Niger,Zinder,DS Goure,Commune Goure
osNJP9ztO59,Niger,Zinder,DS Mirriah,Commune Gaffaty
ospQ2vwlmUf,Niger,Tillaberi,DS Tillabery,Commune Sinder
osqQhdMxuK9,Niger,Niamey,DS Niamey II,Commune 2ème Arrondissement
OSSa2o1kgRl,Niger,Zinder,DS Zinder Ville,Commune 2è Arrondissement
oSXlnv0AheA,Niger,Tahoua,DS Madaoua,Commune Bangui
Ot2zrmQDFnz,Niger,Tillaberi,DS Tillabery,Commune Sakoira
OT4z2Npub48,Niger,Tahoua,DS Tchintabaraden,HD Tchintabaraden
Ot860K23YV2,Niger,Zinder,DS Doungass,Commune Mallaoua
OtToXGni7BL,Niger,Tahoua,DS Tahoua,Commune Bambeye
otvkoHzxPrf,Niger,Zinder,DS Mirriah,Commune Mirriah
OU0V6zVhiaL,Niger,Tillaberi,DS Tera,Commune Diagourou
Ou49xT2TnYH,Niger,Agadez,DS Tchirozérine,Commune Tabelot
Oual4dTKJys,Niger,Niamey,DS Niamey III,Commune 3ème Arrondissement
ouEutsDrGaB,Niger,Maradi,DS Mayahi,HD Mayahi
OUFXrEFPoNB,Niger,Tillaberi,DS Ouallam,Commune Tondikiwindi
oUn8ZVAvYEr,Niger,Maradi,DS Dakoro,Commune Dan Goulbi
OUPNkacvD9T,Niger,Tahoua,DS Tchintabaraden,HD Tchintabaraden
ouV91Dr1Kpc,Niger,Maradi,DS Gazaoua,Commune Gazaoua
ouzj8BCIUK1,Niger,Niamey,DS Niamey I,Commune 1er Arrondissement
OUzxQxNBmgF,Niger,Niamey,DS Niamey III,Commune 3ème Arrondissement
oV0IY5RWwMz,Niger,Maradi,DS Gazaoua,Commune Gangara Gazaoua
Ov0Jz6dH4pE,Niger,Agadez,DS Aderbissinat,Commune Aderbissanat
ov2gXG65WN3,Niger,Zinder,DS Tanout,Commune Tanout
oVBeUEFNqbH,Niger,Tahoua,DS Tahoua,Commune Affala
ovdhrYmxq2e,Niger,Tahoua,DS Bouza,Commune Baban Katami
ovhtVs1BLHd,Niger,Maradi,DS Mayahi,Commune Attantane
OVmVpfwi2iA,Niger,Tillaberi,DS Tillabery,Commune Dessa
ovq8X7o1zvq,Niger,Dosso,DS Dogon Doutchi,Commune Dogon Kirya
oVTrJEqRtbv,Niger,Dosso,DS Gaya,Commune Tanda
OVXxxWXSRAS,Niger,Tillaberi,DS Tillabery,Commune Tillabéri
oW7DtOrq3yh,Niger,Maradi,DS Tessaoua,HD Tessaoua
oWgDVBdjJui,Niger,Zinder,DS Takeita,Commune Tirmini
OwicdzQ3sNF,Niger,Zinder,DS Tanout,Commune Ollélewa
OWN1JsL9nTq,Niger,Maradi,DS Aguié,Commune Aguie
owYupMXOgu0,Niger,Diffa,DS Goudoumaria,Commune Goudoumaria
OXeclYppLSP,Niger,Tillaberi,DS Kollo,Commune Namaro
oXEshDWHDp1,Niger,Zinder,DS Tesker,Commune Tesker
oXKExcZKeQb,Niger,Tillaberi,DS Kollo,Commune Dantchandou
oxlmlalCVZF,Niger,Tillaberi,DS Kollo,Commune Karma
oxMERs0G6Qq,Niger,Maradi,DS Mayahi,Commune Guidan Amoumoune
oXOlhzNqmMj,Niger,Maradi,DS Guidan Roumdji,HD Guidan Roumdji
oXtjWjONzhc,Niger,Maradi,DS Bermo,Commune Gadabedji
Oxzp32iB9nH,Niger,Dosso,DS Boboye,Commune N'Gonga
OY4sfexGjGD,Niger,Tillaberi,DS Fillingue,Commune Tondikandia
OyeBxg6ZQe5,Niger,Tillaberi,DS Ouallam,Commune Simiri
OyNGcp6XHNY,Niger,Niamey,DS Niamey I,Commune 1er Arrondissement
oyo89WB7VOm,Niger,Zinder,DS Tanout,Commune Tanout
OYWTbo7UwNe,Niger,Dosso,DS Dosso,Commune Dosso
oyYmBckFj9p,Niger,Dosso,DS Dioundou,Commune Dioundiou
OZ6cxaSshoY,Niger,Niamey,DS Niamey I,Commune 1er Arrondissement
oZN6d5nngXb,Niger,Dosso,DS Dosso,Commune Dosso
OZP8UxuZX0N,Niger,Diffa,DS Mainé Soroa,Commune Maïné Soroa
ozqUovr07gz,Niger,Maradi,DS Madarounfa,Commune Djiratawa
OzWkMwghRwe,Niger,Maradi,DS Dakoro,Commune Adjekoria
P11Mwc2sCQl,Niger,Dosso,DS Tibiri,Commune Guecheme
P1AnT1WPuxn,Niger,Zinder,DS Tanout,Commune Ollélewa
p1Vqc5JNc78,Niger,Diffa,DS N'Guigmi,Commune Kablewa
P1YpYkwvn8A,Niger,Zinder,DS Tanout,HD Tanout
P2CvmEeoN8y,Niger,Tahoua,DS Abalak,Commune Azeye
P2Et3x11lSL,Niger,Zinder,DS Zinder Ville,Commune 4è Arrondissement
P2jHgj8b7G2,Niger,Zinder,DS Magaria,Commune Yekoua
P2knat4RYAd,Niger,Dosso,DS Dosso,Commune Dosso
p2NEit7vkXg,Niger,Tillaberi,DS Balleyara,Commune Tagazar
P2sbTRNKvTi,Niger,Maradi,DS Mayahi,Commune Issawane
p2TqvDjJ5Qw,Niger,Dosso,DS Tibiri,Commune Kore Mairoua
p2udnFd4cT3,Niger,Tillaberi,DS Tillabery,Commune Kourtey
p2uoJaiUkJj,Niger,Tahoua,DS Bagaroua,Commune Bagaroua
P31gEpHK1Vq,Niger,Tahoua,DS Bagaroua,HD Bagaroua
p32vkiBgJSz,Niger,Tahoua,DS Tahoua,Commune Bambeye
P330ZvMtss1,Niger,Maradi,DS Madarounfa,HD Madarounfa
p3k8vAhkc1F,Niger,Zinder,DS Matamèye,Commune Tsaouni
p3taybkL8Zz,Niger,Niamey,DS Niamey III,Commune 3ème Arrondissement
p41NXlEDevW,Niger,Zinder,DS Goure,HD Goure
p5AYFwzmZ9Y,Niger,Maradi,DS Dakoro,Commune Dakoro
p5Vt2wbVqIB,Niger,Niamey,DS Niamey I,Commune 1er Arrondissement
p6CZCvljFGM,Niger,Tillaberi,DS Abala,Commune Sanam
p6K9uH9cam4,Niger,Tillaberi,DS Tera,Commune Kokorou
p6UlDA7083f,Niger,Tillaberi,DS Ouallam,Commune Ouallam
p78CDwcBqKy,Niger,Tahoua,DS Tassara,Commune Tassara
p7B1q4FiFEE,Niger,Zinder,DS Matamèye,Commune Kourni
P7bXEve2IUO,Niger,Maradi,DS Tessaoua,HD Tessaoua
p7GrcP4s3jV,Niger,Dosso,DS Boboye,Commune de Koygolo
p7K06aoBWUw,Niger,Niamey,DS Niamey III,Commune 3ème Arrondissement
p7Oa21FKxzc,Niger,Tillaberi,DS Tera,Commune Téra
p7zHCpV0D1R,Niger,Agadez,DS Tchirozérine,Commune Tabelot
P8mZ1EsxLhi,Niger,Tahoua,DS Illéla,Commune Badaguichiri
P99QSLfcNj8,Niger,Tahoua,DS Birni Konni,Commune Alléla
p9FXBoAXmdH,Niger,Tahoua,DS Tchintabaraden,Commune Kaou
p9kHi1R6qNW,Niger,Maradi,DS Dakoro,Commune Korahane
p9mgme0LHMa,Niger,Zinder,DS Matamèye,HD Matameye
p9NUYinrnJl,Niger,Maradi,DS Guidan Roumdji,Commune Tibiri Maradi
p9OGdX2gbNu,Niger,Tahoua,DS Madaoua,Commune Bangui
P9TwA5XqyYg,Niger,Maradi,DS Guidan Roumdji,Commune Chadakori
p9zP6GiQosP,Niger,Maradi,DS Dakoro,Commune Soly
paa3I4ZHMDh,Niger,Zinder,DS Damgaram Takaya,Commune Mazamni
Paa6CQ2EirF,Niger,Tillaberi,DS Fillingue,Commune Tondikandia
pAbzDr0k4CV,Niger,Zinder,DS Goure,Commune Guidiguir
pAGb2z6yUu5,Niger,Tahoua,DS Bagaroua,Commune Bagaroua
pak4nUv3kxO,Niger,Maradi,DS Aguié,Commune Aguie
PApSuySAMtW,Niger,Niamey,DS Niamey IV,Commune 4ème Arrondissement
PAxOUAWf5Li,Niger,Maradi,DS Madarounfa,Commune Madarounfa
pAzB0gY5TPW,Niger,Tahoua,DS Malbaza,Commune Doguaraoua
pB2mLDt7Mx2,Niger,Dosso,DS Dosso,Commune Kargui Bangou
pBA3sPLs0WY,Niger,Tahoua,DS Malbaza,Commune Doguaraoua
PbcYmJDPQZy,Niger,Niamey,DS Niamey II,Commune 2ème Arrondissement
PbkoNONLtyF,Niger,Zinder,DS Belbedji,Commune Tarka
PbkZxT1yVRq,Niger,Tillaberi,DS Abala,Commune Abala
pbnr4YS0YjF,Niger,Tahoua,DS Madaoua,Commune Madaoua
PbRqPgm1iNB,Niger,Maradi,DS Bermo,Commune Bermo
PBT57sZxmdk,Niger,Maradi,DS Dakoro,Commune Dakoro
pbVF7f5GU9E,Niger,Agadez,DS Arlit,Commune Gougaram
PBWGmZUEaQd,Niger,Tillaberi,DS Ouallam,Commune Tondikiwindi
PBYCuSTX7dX,Niger,Niamey,DS Niamey IV,Commune 4ème Arrondissement
pceNQOmpkuf,Niger,Maradi,DS Dakoro,Commune Maiyara
pCfTPl0XANN,Niger,Dosso,DS Dosso,Commune Farrey
pcOfHNL1SZP,Niger,Niamey,DS Niamey IV,Commune 4ème Arrondissement
PCoh54WOtSr,Niger,Zinder,DS Doungass,Commune Dungass
PCW14jwJXPb,Niger,Zinder,DS Magaria,Commune Dantchiao
pCw6E3FtxbF,Niger,Niamey,DS Niamey II,Commune 2ème Arrondissement
pCxlhnV9hnA,Niger,Tahoua,DS Illéla,Commune Badaguichiri
PD1D9RHF4Xd,Niger,Agadez,DS Agadez,Commune Agadez
PD4cJhcES7d,Niger,Maradi,DS Maradi Ville,Commune Maradi 2
pDhhjd6jxFt,Niger,Zinder,DS Mirriah,HD Mirriah
PDjiy4XsXsz,Niger,Dosso,DS Gaya,Commune Gaya
PE1Troqk2PB,Niger,Zinder,DS Damgaram Takaya,HD Damagaram Takaya
PeBG72Il46r,Niger,Dosso,DS Dosso,Commune Dosso
PECZKfaiU9D,Niger,Tillaberi,DS Kollo,Commune Kollo
pEJNXaukk1o,Niger,Diffa,DS N'Guigmi,HD N'Guigmi
PEt48ASYWkZ,Niger,Diffa,DS N'Gourti,Commune N'Gourti
PeyMFvOLj4V,Niger,Dosso,DS Dosso,Commune Golle
pf0Ly0k3bmB,Niger,Tillaberi,DS Kollo,Commune Karma
PF0V7unfpef,Niger,Tillaberi,DS Tillabery,Commune Anzourou
pf8RNjJliZ9,Niger,Zinder,DS Matamèye,Commune Mataméye
pF91geYJ3Kd,Niger,Diffa,DS N'Gourti,Commune N'Gourti
PFBivzf4lSQ,Niger,Tahoua,DS Tahoua,Commune Barmou
pFbSAaIQOgM,Niger,Tillaberi,DS Tillabery,Commune Dessa
pFHJt2GSNNO,Niger,Maradi,DS Maradi Ville,Commune Maradi 3
PfkFxunT6om,Niger,Tillaberi,DS Gotheye,Commune Gotheye
PFNrvT83RC0,Niger,Dosso,DS Dogon Doutchi,Commune Dogon Kirya
pfyz307NqQF,Niger,Agadez,DS Tchirozérine,Commune Tchirozérine
pg5MSoEwDIn,Niger,Tillaberi,DS Banibangou,Commune Banibangou
Pg6eSPLSOi0,Niger,Tahoua,DS Birni Konni,Commune Tsernaoua
Pga8FU250l3,Niger,Dosso,DS Dosso,Commune Dosso
pgFCK3zQHQF,Niger,Niamey,DS Niamey II,Commune 2ème Arrondissement
pGHuZXesOeC,Niger,Tillaberi,DS Say,HD Say
pGMiERPvzGc,Niger,Tillaberi,DS Say,Commune Tamou
pgNoznqoffx,Niger,Zinder,DS Matamèye,Commune Daouche
PGRWuPp8o6R,Niger,Tahoua,DS Tchintabaraden,Commune Kaou
pgurLrjuHdt,Niger,Tahoua,DS Illéla,Commune Illéla
PH1ebooQzdL,Niger,Dosso,DS Dogon Doutchi,Commune Matankari
Ph8kulio4us,Niger,Maradi,DS Dakoro,Commune Adjekoria
ph8O3MraUtI,Niger,Dosso,DS Dioundou,Commune Dioundiou
PHEGzH757uK,Niger,Agadez,DS Tchirozérine,Commune Tchirozérine
pHUnr8H12cX,Niger,Tillaberi,DS Say,Commune Say
pHvyfVVBlCI,Niger,Tillaberi,DS Tera,Commune Méhanna
PHY1kIkhTvz,Niger,Dosso,DS Dosso,Commune Dosso
pI3AbquZQ5D,Niger,Niamey,DS Niamey I,Commune 1er Arrondissement
PI3oEeUYJIV,Niger,Tahoua,DS Birni Konni,Commune Alléla
pIc4n85Aat2,Niger,Zinder,DS Magaria,Commune Magaria
PIDWxEoS4fU,Niger,Tillaberi,DS Fillingue,Commune Kourfé Centre
PifQqcvBxId,Niger,Dosso,DS Tibiri,Commune Kore Mairoua
PipFA7KP6sm,Niger,Agadez,DS Tchirozérine,Commune Dabaga
PIzsjC8CRu8,Niger,Tillaberi,DS Tera,Commune Méhanna
Pj2vkVy7Fvv,Niger,Zinder,DS Goure,Commune Kelle
Pj31bwRIfJT,Niger,Dosso,DS Dogon Doutchi,HD Dogon Doutchi
PJ8QFGnCxts,Niger,Niamey,DS Niamey II,Commune 2ème Arrondissement
PJeiRmbqbYD,Niger,Dosso,DS Boboye,Commune de Birni N'Gaouré
PjfM2qjRgD2,Niger,Tahoua,DS Tassara,Commune Tassara
PjMH6a2YIbP,Niger,Tillaberi,DS Bankilare,Commune Bankillaré
pJPZzs66DEp,Niger,Zinder,DS Takeita,Commune Tirmini
pJxdS2CE2se,Niger,Tahoua,DS Bouza,Commune Allakaye
pk62kX02Mvt,Niger,Zinder,DS Damgaram Takaya,HD Damagaram Takaya
pKau0OUjgL1,Niger,Tillaberi,DS Kollo,Commune Karma
PKbBdNS9kz3,Niger,Niamey,DS Niamey IV,Commune 4ème Arrondissement
PkcrMi8vqWb,Niger,Tillaberi,DS Kollo,HD Kollo
PkHSOhrNAak,Niger,Agadez,DS Tchirozérine,Commune Tchirozérine
pkhsWgcKLSS,Niger,Tahoua,DS Madaoua,Commune Sabon Guida
pkjDyTgpoC7,Niger,Niamey,DS Niamey I,Commune 1er Arrondissement
pKuvEXOyLTA,Niger,Tahoua,DS Illéla,Commune Badaguichiri
pkwJ9WCSoz4,Niger,Tillaberi,DS Ouallam,Commune Simiri
Pl0mslzZ9LU,Niger,Diffa,DS N'Guigmi,HD N'Guigmi
pl4lrdo23Zo,Niger,Tahoua,DS Keita,Commune Tamaské
plaSD7QmejH,Niger,Tahoua,DS Illéla,Commune Illéla
PlDS40KPMJC,Niger,Diffa,DS Mainé Soroa,HD Maine Soroa
pLj9k3OXhcO,Niger,Zinder,DS Magaria,Commune Bande
plmLgZilXBE,Niger,Zinder,DS Tesker,Commune Tesker
PLncMxpctYO,Niger,Maradi,DS Maradi Ville,Commune Maradi 2
ploubbpaWul,Niger,Tillaberi,DS Kollo,HD Kollo
PlsVbfnLSah,Niger,Niamey,DS Niamey I,Commune 1er Arrondissement
Pm7Dgaf4yyp,Niger,Tillaberi,DS Torodi,Commune Torodi
PmDMMm1gG4M,Niger,Zinder,DS Zinder Ville,Commune 1er Arrondissement
PMHwAgvOL41,Niger,Tillaberi,DS Kollo,Commune Dantchandou
PMvCVbxSRl7,Niger,Niamey,DS Niamey III,Commune 3ème Arrondissement
PmY5EVaDOYM,Niger,Maradi,DS Madarounfa,Commune Dan Issa
pmZBiQFvGPS,Niger,Agadez,DS Agadez,Commune Agadez
PMZoTnWg43b,Niger,Maradi,DS Mayahi,Commune Issawane
pN3KstuaZOk,Niger,Tillaberi,DS Gotheye,Commune Dargol
pN7bMemR88y,Niger,Tillaberi,DS Kollo,Commune Dantchandou
PnA6DEoLNcx,Niger,Niamey,DS Niamey IV,Commune 4ème Arrondissement
pNbEFJ9OEYt,Niger,Diffa,DS Diffa,Commune Gueskerou
PnjkEeRIWxS,Niger,Tahoua,DS Bouza,Commune Karofane
pNkRsWeZi79,Niger,Agadez,DS Iferouane,Commune Timia
PNmeGNJXSRL,Niger,Tillaberi,DS Fillingue,Commune Filingué
PNMxqu9k7iO,Niger,Maradi,DS Tessaoua,Commune Ourafane
PntYgUl7fly,Niger,Tahoua,DS Malbaza,Commune Malbaza
PnWNLMsj1ZC,Niger,Zinder,DS Tanout,Commune Gangara Tanout
pNY2wPE5YLy,Niger,Niamey,DS Niamey III,Commune 3ème Arrondissement
PNZpi1H8TXE,Niger,Dosso,DS Boboye,Commune Kankandi
PO0PoKzQzUi,Niger,Dosso,DS Dosso,Commune Golle
PO4FsNJW1bm,Niger,Dosso,DS Dogon Doutchi,Commune Matankari
pOkePUehFIJ,Niger,Agadez,DS Aderbissinat,Commune Aderbissanat
pokLKU463wy,Niger,Dosso,DS Dogon Doutchi,Commune Matankari
Pol4NzFaAVL,Niger,Tahoua,DS Illéla,Commune Badaguichiri
pOLcU5iieKx,Niger,Agadez,DS Agadez,Commune Agadez
POmLv4MKCwy,Niger,Tahoua,DS Keita,Commune Keita
PonDauqK0yH,Niger,Agadez,DS Ingall,Commune Ingall
poriQosfW7R,Niger,Tillaberi,DS Abala,Commune Abala
posg7zNaB1f,Niger,Diffa,DS Diffa,Commune Diffa
PpcRFVl9mRj,Niger,Dosso,DS Dogon Doutchi,Commune Dogon Kirya
ppDE7KYhAA9,Niger,Tillaberi,DS Tera,Commune Téra
pPLclNgcco7,Niger,Tahoua,DS Madaoua,Commune Galma
PpoziRvArqa,Niger,Maradi,DS Madarounfa,Commune Madarounfa
ppUQLw0SrBU,Niger,Niamey,DS Niamey III,Commune 3ème Arrondissement
PpvGqCLwpjY,Niger,Maradi,DS Aguié,Commune Tchadoua
pPVkzfbYRBO,Niger,Tillaberi,DS Tera,Commune Kokorou
PpwtrDcBOKI,Niger,Tillaberi,DS Tera,Commune Diagourou
pQ9njfAo9j9,Niger,Tahoua,DS Tahoua Commune,Commune Tahoua Ii
PqFD0dQ2eOE,Niger,Niamey,DS Niamey I,Commune 1er Arrondissement
pQONau5Unul,Niger,Zinder,DS Belbedji,Commune Tarka
PQQLQLCQXgj,Niger,Tahoua,DS Keita,Commune Keita
PQqqJ8zuHr2,Niger,Zinder,DS Magaria,Commune Sassoumbroum
PQSZ6SMjRNI,Niger,Dosso,DS Dosso,Commune Mokko
pQxscnaKOKL,Niger,Tahoua,DS Keita,Commune Tamaské
pQYtQZKVkbS,Niger,Zinder,DS Mirriah,Commune Hamdara
pr0qfDTRcyZ,Niger,Zinder,DS Doungass,Commune Gouchy
pr4rhegvD5d,Niger,Zinder,DS Damgaram Takaya,Commune Moa
Pr4wRMXXkUv,Niger,Maradi,DS Maradi Ville,Commune Maradi 3
PrCzYpLsQuc,Niger,Niamey,DS Niamey III,Commune 3ème Arrondissement
pRERh0sHKBC,Niger,Niamey,DS Niamey IV,Commune 4ème Arrondissement
PRGwj1P237Y,Niger,Maradi,DS Maradi Ville,Commune Maradi 3
PrLHykDToMf,Niger,Agadez,DS Iferouane,Commune Timia
PrMUv8OroPs,Niger,Tillaberi,DS Abala,Commune Sanam
Ps0oK21oA94,Niger,Maradi,DS Tessaoua,Commune Tessaoua
PS4XxdW1Kww,Niger,Zinder,DS Magaria,Commune Magaria
Ps8ABGftJi6,Niger,Dosso,DS Dosso,Commune Dosso
PSepB2PSFId,Niger,Dosso,DS Tibiri,Commune Guecheme
psiCcyWGKxP,Niger,Maradi,DS Mayahi,Commune Mayahi
psOISPlwANJ,Niger,Tillaberi,DS Say,Commune Tamou
pSou1MlWVbT,Niger,Maradi,DS Bermo,Commune Gadabedji
pss4q65pNo8,Niger,Tillaberi,DS Ouallam,Commune Ouallam
PSUJUUmNQOs,Niger,Zinder,DS Tanout,Commune Tanout
PSXghpPbrU9,Niger,Tahoua,DS Abalak,Commune Akoubounou
Pt9pUat2IGR,Niger,Diffa,DS Mainé Soroa,Commune Maïné Soroa
PTaQKQDInDM,Niger,Zinder,DS Tanout,Commune Ollélewa
PtFgmcTdqwD,Niger,Niamey,DS Niamey I,Commune 1er Arrondissement
pTsuknoVty9,Niger,Zinder,DS Takeita,Commune Garagoumsa
pTXVDJOIki1,Niger,Tahoua,DS Illéla,Commune Tajaé
pU4o0rxUViZ,Niger,Zinder,DS Doungass,Commune Dungass
PUakMtujhCp,Niger,Niamey,DS Niamey II,Commune 2ème Arrondissement
puTxfox5FWp,Niger,Maradi,DS Maradi Ville,Commune Maradi 2
puwh3EybNBV,Niger,Diffa,DS Diffa,Commune Chétimari
pV0kb4X9wGg,Niger,Diffa,DS Mainé Soroa,Commune Maïné Soroa
PV3iwwNMcsD,Niger,Tahoua,DS Malbaza,Commune Malbaza
PV4K9kfutc2,Niger,Tahoua,DS Madaoua,Commune Madaoua
pV8bHDMhuRB,Niger,Diffa,DS Mainé Soroa,HD Maine Soroa
PvA5b9zmDyi,Niger,Zinder,DS Tanout,Commune Ollélewa
PvcXFRRpfyb,Niger,Zinder,DS Doungass,Commune Dogo Dogo
PVJYfCZyJDJ,Niger,Tillaberi,DS Torodi,Commune Makalondi
PVLZSOK7QZn,Niger,Zinder,DS Goure,Commune Guidiguir
pvNBR9MxPwF,Niger,Niamey,DS Niamey III,Commune 3ème Arrondissement
pvNlWjI07i5,Niger,Tahoua,DS Tchintabaraden,Commune Kaou
pvrKXOSPAHQ,Niger,Dosso,DS Boboye,Commune N'Gonga
PVSF7NGkopD,Niger,Zinder,DS Matamèye,Commune Yaouri
pVtidlDkn26,Niger,Tahoua,DS Illéla,Commune Illéla
PW141ZNmVsk,Niger,Tillaberi,DS Tera,Commune Diagourou
PW1elPZKK05,Niger,Dosso,DS Dosso,Commune Kargui Bangou
pW5Qu2ti8HN,Niger,Tillaberi,DS Kollo,Commune Karma
Pw7Lh3ubN2u,Niger,Zinder,DS Matamèye,Commune Mataméye
pw9DwxGOEW8,Niger,Maradi,DS Aguié,Commune Tchadoua
Pwfx8pAw6ga,Niger,Maradi,DS Mayahi,Commune Mayahi
pwJ8uSZj4eb,Niger,Tillaberi,DS Kollo,Commune Kouré
pWoVIbk5s5c,Niger,Tahoua,DS Madaoua,Commune Bangui
pwVTDfVLt3N,Niger,Dosso,DS Loga,Commune Loga
pX5AnGdpE3e,Niger,Maradi,DS Dakoro,Commune Dakoro
pX7QoSXolTy,Niger,Diffa,DS Mainé Soroa,Commune Maïné Soroa
pXCHLStoSHf,Niger,Tahoua,DS Tahoua,Commune Bambeye
PxIZMgBGoP2,Niger,Tahoua,DS Madaoua,Commune Bangui
pxjHtQ2cSVN,Niger,Niamey,DS Niamey III,Commune 3ème Arrondissement
pxzGLK0m9bP,Niger,Niamey,DS Niamey V,Commune 5ème Arrondissement
PYouJIJc78j,Niger,Tillaberi,DS Fillingue,Commune Imanan( Bonkoukou)
pYQ7wt8BZQi,Niger,Zinder,DS Mirriah,Commune Mirriah
pYTG8b7NW6l,Niger,Tillaberi,DS Fillingue,Commune Kourfé Centre
PYv7XsFaBdL,Niger,Maradi,DS Guidan Roumdji,Commune Chadakori
PyVh7RrZmbF,Niger,Agadez,DS Bilma,Commune Dirkou
PYWX6XZtw4h,Niger,Niamey,DS Niamey IV,Commune 4ème Arrondissement
pZ1sEteWvv0,Niger,Tahoua,DS Tahoua,Commune Affala
pz7hfdyTnqT,Niger,Tillaberi,DS Ouallam,HD Ouallam
PZa7TAcw0Cq,Niger,Zinder,DS Zinder Ville,Commune 4è Arrondissement
PzauIPr4rxb,Niger,Diffa,DS Diffa,Commune Diffa
pZF8raimFt5,Niger,Zinder,DS Goure,Commune Kelle
pziQOeTRK0W,Niger,Tillaberi,DS Fillingue,Commune Filingué
pZkxVw0AiGH,Niger,Diffa,DS Diffa,Commune Gueskerou
Q0CIZRfrPO1,Niger,Maradi,DS Guidan Roumdji,HD Guidan Roumdji
q0Dtk5TbE1q,Niger,Zinder,DS Zinder Ville,Commune 1er Arrondissement
q0hjAVmyIsD,Niger,Zinder,DS Zinder Ville,Commune 4è Arrondissement
Q0HQfETQBin,Niger,Maradi,DS Mayahi,Commune Sarkin Haoussa
Q0jBewUPbd1,Niger,Maradi,DS Tessaoua,Commune Ourafane
q0WVaHH36I2,Niger,Maradi,DS Mayahi,Commune Guidan Amoumoune
Q11xnqbRl8J,Niger,Tillaberi,DS Tillabery,Commune Tillabéri
Q2gMobsdQ3C,Niger,Dosso,DS Dosso,Commune Kargui Bangou
Q2z5QT3Rdcu,Niger,Dosso,DS Dosso,Commune Dosso
q35Ym4aoupE,Niger,Zinder,DS Goure,Commune Kelle
Q39mF7DnnVo,Niger,Tahoua,DS Bouza,HD Bouza
q3uPvEaY69s,Niger,Maradi,DS Madarounfa,Commune Djiratawa
Q3v4Cb4Wy2M,Niger,Maradi,DS Guidan Roumdji,Commune Chadakori
q4bVSUCTacm,Niger,Zinder,DS Zinder Ville,Commune 4è Arrondissement
q4GxYkHgzeV,Niger,Zinder,DS Damgaram Takaya,Commune Guidimouni
Q5h8owYMlX7,Niger,Maradi,DS Aguié,HD Aguié
q6ySFeznoQb,Niger,Maradi,DS Dakoro,Commune Dakoro
Q7dRJINQFat,Niger,Niamey,DS Niamey III,Commune 3ème Arrondissement
Q7e4hgU1NOy,Niger,Niamey,DS Niamey III,Commune 3ème Arrondissement
Q7rBUlSYAjT,Niger,Dosso,DS Dogon Doutchi,Commune Dogon Kirya
q8oOMYNwzmR,Niger,Dosso,DS Loga,Commune Falwel
Q8uXuJ7muao,Niger,Tahoua,DS Birni Konni,Commune Alléla
Q97jxZ2V7o5,Niger,Tillaberi,DS Kollo,HD Kollo
Q9Fg9xSxQPl,Niger,Maradi,DS Aguié,Commune Tchadoua
q9JK7Ifvr9o,Niger,Tillaberi,DS Bankilare,Commune Bankillaré
qA6LVgE8QOZ,Niger,Tillaberi,DS Balleyara,Commune Tagazar
qAGM0tCB7yw,Niger,Agadez,DS Arlit,Commune Arlit
qAMD8Bytroy,Niger,Dosso,DS Dogon Doutchi,Commune Dan Kassari
qaOOfwXXE6k,Niger,Tillaberi,DS Say,Commune Say
QauuqgmkgUC,Niger,Tahoua,DS Tchintabaraden,Commune Kaou
qaV2mI4YqKn,Niger,Zinder,DS Mirriah,Commune Droum
QaYEnXB2nUy,Niger,Tahoua,DS Illéla,HD Illéla
QB6U3GYOl5I,Niger,Tillaberi,DS Balleyara,Commune Tagazar
QBBAymaHUwe,Niger,Zinder,DS Damgaram Takaya,Commune Damagaram Takaya
QBD8x7F8Mep,Niger,Dosso,DS Loga,HD Loga
qBDlGY1iJbN,Niger,Dosso,DS Boboye,Commune de Kiota
qBSZZjLRDAc,Niger,Maradi,DS Mayahi,HD Mayahi
qbUfO1QFO3l,Niger,Niamey,DS Niamey I,Commune 1er Arrondissement
QbUXFdGdg91,Niger,Tillaberi,DS Torodi,Commune Makalondi
qBzYs602uzm,Niger,Diffa,DS N'Gourti,Commune N'Gourti
qc8mSQfLKaa,Niger,Tahoua,DS Birni Konni,Commune Birni N'Konni
Qc96Jv7mbCh,Niger,Tahoua,DS Birni Konni,Commune Alléla
QClHsLCyIFz,Niger,Zinder,DS Magaria,HD Magaria
qcmsGCsOaI5,Niger,Tahoua,DS Illéla,Commune Illéla
QCnC0MryKep,Niger,Tahoua,DS Malbaza,Commune Doguaraoua
Qcs3XuAj6XG,Niger,Dosso,DS Dogon Doutchi,Commune Dan Kassari
qCSHVAmMQf6,Niger,Zinder,DS Goure,HD Goure
QCsXwHwhm91,Niger,Tahoua,DS Keita,Commune Ibohamane
QD7v5ihrsn8,Niger,Zinder,DS Matamèye,Commune Yaouri
qd9fiPhcpC6,Niger,Dosso,DS Dosso,Commune Sakadamna
Qdgos0mSgOg,Niger,Tillaberi,DS Tera,Commune Kokorou
qDmtJeKrMJB,Niger,Diffa,DS Mainé Soroa,Commune Foulatari
QDMzlzpPHcH,Niger,Tahoua,DS Tahoua Commune,Commune Tahoua I
QDuCb3vTxqk,Niger,Tillaberi,DS Ouallam,Commune Ouallam
qeb8VwoLTD2,Niger,Niamey,DS Niamey III,Commune 3ème Arrondissement
qEtun4Lqkto,Niger,Tahoua,DS Bouza,Commune Karofane
qf1lHqqkvE3,Niger,Dosso,DS Tibiri,Commune Tibiri Doutchi
QFHpJsVnphU,Niger,Zinder,DS Zinder Ville,Commune 1er Arrondissement
qFlswMIxq8h,Niger,Zinder,DS Takeita,Commune Garagoumsa
QfMEh6IElJh,Niger,Tahoua,DS Tahoua Commune,Commune Tahoua Ii
qFNVs4wvnLT,Niger,Tahoua,DS Madaoua,Commune Bangui
qfuXigRg22i,Niger,Diffa,DS Diffa,Commune Chétimari
QfVmvpK5DZ0,Niger,Tahoua,DS Illéla,Commune Illéla
qFVVieA63wB,Niger,Agadez,DS Iferouane,Commune Iférouane
Qg1U3JRRmou,Niger,Maradi,DS Gazaoua,Commune Gangara Gazaoua
QGSDeIud3ek,Niger,Zinder,DS Damgaram Takaya,Commune Damagaram Takaya
QGTHYNLGrR4,Niger,Zinder,DS Mirriah,Commune Mirriah
QH8PKc7lSLH,Niger,Niamey,DS Niamey III,Commune 3ème Arrondissement
QhNLxfCrgSN,Niger,Diffa,DS Diffa,Commune Diffa
qHwxIhLCcDx,Niger,Tillaberi,DS Banibangou,Commune Banibangou
qHYH4YYPIUx,Niger,Tahoua,DS Keita,HD Keita
QiCimn3qNc1,Niger,Dosso,DS Dosso,Commune Golle
qigYXVcJsjr,Niger,Zinder,DS Zinder Ville,HD Zinder
QIMP97zF98w,Niger,Tahoua,DS Keita,Commune Garhanga
QiX4zB5mjCX,Niger,Diffa,DS N'Guigmi,Commune N'Guigmi
qiz2WC5Rdrl,Niger,Maradi,DS Guidan Roumdji,Commune Guidan Roumdji
QIzetAqn3rc,Niger,Tahoua,DS Abalak,Commune Abalak
qIzsDrRiwDp,Niger,Zinder,DS Mirriah,HD Mirriah
QJAJ7NF7KJd,Niger,Zinder,DS Tanout,Commune Gangara Tanout
QjBfl5IHAVS,Niger,Diffa,DS Mainé Soroa,Commune Maïné Soroa
QjbzHM5frkL,Niger,Tahoua,DS Malbaza,Commune Malbaza
QjfrrXiVWcs,Niger,Maradi,DS Madarounfa,Commune Gabi
qjGVWLETaKK,Niger,Tahoua,DS Tchintabaraden,HD Tchintabaraden
qji9ti64DEH,Niger,Tillaberi,DS Tera,Commune Diagourou
QjjuzpzfEhq,Niger,Zinder,DS Matamèye,Commune Yaouri
QJJVWDJms0N,Niger,Maradi,DS Dakoro,Commune Kornaka
QJnkKrZC8LK,Niger,Dosso,DS Dosso,HD Dosso
qjYQzzt8xDc,Niger,Tahoua,DS Birni Konni,Commune Birni N'Konni
qKCxShPGroT,Niger,Niamey,DS Niamey I,Commune 1er Arrondissement
qKrDNtYK8no,Niger,Zinder,DS Goure,Commune Alakos
QKWrLlmOSYa,Niger,Zinder,DS Doungass,Commune Dungass
Ql2eUKTxdyQ,Niger,Zinder,DS Tanout,Commune Gangara Tanout
Ql50Nai0t6F,Niger,Maradi,DS Dakoro,Commune Goula
qL73W3tTu7w,Niger,Zinder,DS Tanout,Commune Ollélewa
Qlc1kEjgPuJ,Niger,Maradi,DS Maradi Ville,Commune Maradi 2
QLegMbCgHKZ,Niger,Tillaberi,DS Tillabery,Commune Tillabéri
qloijxtBnyR,Niger,Zinder,DS Mirriah,Commune Gouna
QLQrkNBdaW9,Niger,Diffa,DS N'Gourti,Commune N'Gourti
QlsIYw5yovT,Niger,Tahoua,DS Bouza,Commune Tabotaki
QlUoYO9bvga,Niger,Maradi,DS Aguié,Commune Aguie
QlwpvppyqiA,Niger,Niamey,DS Niamey IV,Commune 4ème Arrondissement
QLzAenX5DCq,Niger,Agadez,DS Arlit,Commune Arlit
qM6FrPoxofr,Niger,Tahoua,DS Illéla,Commune Illéla
qMAavKHzO1j,Niger,Dosso,DS Falmey,Commune Falmeye
qMlPGbOmlmQ,Niger,Tahoua,DS Illéla,Commune Badaguichiri
qMXtJkJXrpX,Niger,Tahoua,DS Birni Konni,HD Birni N'Konni
Qn45hWghJ7O,Niger,Maradi,DS Guidan Roumdji,Commune Tibiri Maradi
qn7KKq2suY4,Niger,Tahoua,DS Madaoua,Commune Sabon Guida
QNQ4K1c0XYD,Niger,Dosso,DS Boboye,Commune de Harikanassou
qNwLshIIHFu,Niger,Tahoua,DS Madaoua,Commune Bangui
QO051ZcOWiv,Niger,Tillaberi,DS Balleyara,Commune Tagazar
Qo5onzl90MK,Niger,Tillaberi,DS Fillingue,Commune Kourfé Centre
Qo7XlzLrRh9,Niger,Zinder,DS Doungass,Commune Dungass
QO8FuBtm4Qs,Niger,Dosso,DS Falmey,Commune Guilladjé
QomEiMLz0eA,Niger,Tahoua,DS Illéla,Commune Illéla
qOTR0bvc3m2,Niger,Diffa,DS N'Guigmi,Commune N'Guigmi
QP1HefLHKd5,Niger,Agadez,DS Iferouane,Commune Timia
qp40C68DZQs,Niger,Maradi,DS Tessaoua,Commune Ourafane
qp8ZRaQ1eQl,Niger,Tahoua,DS Madaoua,Commune Madaoua
QPcAYYqcdPg,Niger,Tillaberi,DS Tillabery,Commune Tillabéri
qpeSfLuidV9,Niger,Dosso,DS Loga,Commune Loga
QPg761F3nri,Niger,Maradi,DS Dakoro,Commune Goula
QpIWhc2CGba,Niger,Tahoua,DS Birni Konni,HD Birni N'Konni
QPk50ycEcxN,Niger,Zinder,DS Takeita,Commune Tirmini
QppRyHXQryQ,Niger,Tillaberi,DS Kollo,Commune Karma
Qq8ZGXWBGZl,Niger,Zinder,DS Matamèye,Commune Doungou
qqobSeKhE73,Niger,Maradi,DS Mayahi,HD Mayahi
QqODWqLiTfE,Niger,Tahoua,DS Madaoua,Commune Bangui
qqYtvOGj6dc,Niger,Maradi,DS Dakoro,Commune Kornaka
QqZnFI0hThy,Niger,Agadez,DS Iferouane,Commune Timia
QR5FSkd3yqt,Niger,Tillaberi,DS Tera,Commune Kokorou
qR8PtISkS4W,Niger,Tahoua,DS Keita,Commune Keita
qr99JTZaLXU,Niger,Maradi,DS Maradi Ville,Commune Maradi 2
qRc9fN6KZM6,Niger,Tahoua,DS Malbaza,Commune Malbaza
QRCEdiYpXIV,Niger,Tahoua,DS Birni Konni,Commune Tsernaoua
QrCYjIAaqMR,Niger,Tahoua,DS Malbaza,Commune Doguaraoua
QrhhMGD40iJ,Niger,Tahoua,DS Tahoua,Commune Bambeye
qrHMYHmUOEK,Niger,Tahoua,DS Illéla,Commune Illéla
qrI8z3wcscA,Niger,Zinder,DS Mirriah,Commune Zermou
qRLF0UKw3pl,Niger,Maradi,DS Aguié,HD Aguié
qrLh4IdZTte,Niger,Diffa,DS N'Guigmi,HD N'Guigmi
QrPw1IMZ0MF,Niger,Zinder,DS Magaria,Commune Yekoua
qrSgQvRrXYq,Niger,Maradi,DS Maradi Ville,Commune Maradi 3
qs2CPiOtrX8,Niger,Maradi,DS Mayahi,Commune Mayahi
qS7rub6FY8A,Niger,Maradi,DS Tessaoua,Commune Tessaoua
qSceJbb0qSM,Niger,Tillaberi,DS Gotheye,Commune Gotheye
QsGRJhuAfNp,Niger,Tillaberi,DS Banibangou,Commune Banibangou
qSL1slhapYh,Niger,Tillaberi,DS Tillabery,Commune Tillabéri
qSLKZbOWeKk,Niger,Maradi,DS Guidan Roumdji,Commune Sae Saboua
QSOqqonXQBB,Niger,Zinder,DS Goure,Commune Kelle
qsQ5aqs6wms,Niger,Tillaberi,DS Kollo,Commune Bitinkodji
QtAcA1lLXCF,Niger,Dosso,DS Dosso,Commune Golle
QTeostCa95G,Niger,Tillaberi,DS Gotheye,Commune Dargol
QTH3kAIQPEF,Niger,Zinder,DS Belbedji,Commune Tarka
QtN3ABBKUra,Niger,Dosso,DS Dogon Doutchi,Commune Doutchi
qUNYtwPcL3p,Niger,Diffa,DS Diffa,Commune Chétimari
QuvYZfhtzjy,Niger,Zinder,DS Zinder Ville,HD Zinder
qVCKokm39fR,Niger,Zinder,DS Goure,Commune Kelle
qVohStEq3Yf,Niger,Tahoua,DS Bouza,Commune Allakaye
QvqyQhVx0Tz,Niger,Zinder,DS Matamèye,Commune Ichirnawa Tagabass
qVuAY9qEiYm,Niger,Tillaberi,DS Torodi,Commune Torodi
Qvv8URxpWxd,Niger,Zinder,DS Takeita,Commune Dakoussa
qvxr35VAsld,Niger,Tahoua,DS Madaoua,Commune Madaoua
QvYIwioJdVk,Niger,Tillaberi,DS Tillabery,Commune Tillabéri
Qw6rPkV5QA1,Niger,Tahoua,DS Bouza,Commune Bouza
QwBraRqv3cA,Niger,Tillaberi,DS Tillabery,Commune Tillabéri
qwcJ9taIkvP,Niger,Maradi,DS Mayahi,Commune Guidan Amoumoune
QwCsHimZBDN,Niger,Diffa,DS N'Gourti,Commune N'Gourti
qwLFPzIuij5,Niger,Zinder,DS Doungass,Commune Dungass
QWlUB2YqM5i,Niger,Maradi,DS Tessaoua,Commune Ourafane
qWXW66f412q,Niger,Maradi,DS Madarounfa,Commune Gabi
Qx2HQ3ipebH,Niger,Tahoua,DS Bouza,Commune Tama
qx5y3X20pd6,Niger,Maradi,DS Tessaoua,Commune Maijirgui
QxbovdTYBOk,Niger,Maradi,DS Guidan Roumdji,Commune Tibiri Maradi
qxHF7tblgM2,Niger,Niamey,DS Niamey II,Commune 2ème Arrondissement
qxIdHQf9tXh,Niger,Zinder,DS Tanout,Commune Tanout
qxvrkFUurnr,Niger,Agadez,DS Tchirozérine,Commune Tabelot
QxyKmVzCRiq,Niger,Maradi,DS Guidan Roumdji,HD Guidan Roumdji
QXzupq9bD9e,Niger,Maradi,DS Tessaoua,Commune Ourafane
QY5fpYRwFyq,Niger,Agadez,DS Ingall,Commune Ingall
QybQ4EoGGSR,Niger,Maradi,DS Dakoro,Commune Maiyara
qyccGeVpVLu,Niger,Maradi,DS Tessaoua,Commune Korgom
qyf6EuVwyYk,Niger,Agadez,DS Tchirozérine,Commune Tchirozérine
qYl6M6BDH6I,Niger,Maradi,DS Bermo,Commune Bermo
QyO6VeYDUth,Niger,Maradi,DS Mayahi,HD Mayahi
QypP8nRdkGJ,Niger,Maradi,DS Maradi Ville,Commune Maradi 3
Qyt722e32tM,Niger,Maradi,DS Madarounfa,Commune Madarounfa
qyTj2Cw4aTI,Niger,Zinder,DS Tesker,Commune Tesker
QyUUjAuFVkn,Niger,Maradi,DS Maradi Ville,Commune Maradi 2
qYVUMlr7jWs,Niger,Tillaberi,DS Say,Commune Tamou
qZ3ji6mnmZG,Niger,Zinder,DS Goure,Commune Kelle
qz7DyxOmOxP,Niger,Tillaberi,DS Fillingue,Commune Tondikandia
qZEK2kcIno0,Niger,Tahoua,DS Tahoua,Commune Takamanat
qzgF4gtSzUV,Niger,Niamey,DS Niamey I,Commune 1er Arrondissement
Qzz1o5qeYK5,Niger,Dosso,DS Loga,Commune Loga
Qzzch1qHnJt,Niger,Zinder,DS Tanout,Commune Gangara Tanout
R0L9JIhsO29,Niger,Tahoua,DS Illéla,Commune Illéla
R0miFaTS2EG,Niger,Diffa,DS Goudoumaria,Commune Goudoumaria
r17IpC3TI0h,Niger,Zinder,DS Doungass,Commune Dungass
R1gw20MrwCx,Niger,Diffa,DS Diffa,Commune Gueskerou
R1JA763Iifq,Niger,Dosso,DS Boboye,Commune Fabidji
r1ooHzyfSbn,Niger,Tahoua,DS Illéla,Commune Badaguichiri
r1SYxsCAAsy,Niger,Tahoua,DS Tahoua,Commune Barmou
R2bixTzcq1C,Niger,Diffa,DS Diffa,Commune Chétimari
R2UOVOfBOts,Niger,Zinder,DS Goure,HD Goure
R2WvX5xF9ak,Niger,Tillaberi,DS Torodi,Commune Makalondi
r3Awpcv1Fr7,Niger,Agadez,DS Tchirozérine,Commune Tchirozérine
r3Dl4MVTO3v,Niger,Tahoua,DS Abalak,Commune Azeye
r3EFFa3nlN2,Niger,Maradi,DS Mayahi,Commune Mayahi
R3ys5PlYeo3,Niger,Dosso,DS Dosso,Commune Dosso
R43yrfVywQ4,Niger,Zinder,DS Doungass,Commune Mallaoua
R4yB8qqyDy5,Niger,Niamey,DS Niamey IV,Commune 4ème Arrondissement
R5Du6NohB69,Niger,Tillaberi,DS Torodi,Commune Torodi
r5HH7fut16D,Niger,Dosso,DS Boboye,Commune de Koygolo
R5pC83PmH7T,Niger,Maradi,DS Guidan Roumdji,Commune Chadakori
R5r4piQiGRZ,Niger,Tahoua,DS Illéla,Commune Badaguichiri
R7NtqrZks87,Niger,Maradi,DS Dakoro,HD Dakoro
r8B3ZcJpJmV,Niger,Tillaberi,DS Kollo,Commune Kollo
R8SCDnB2R4n,Niger,Tillaberi,DS Kollo,Commune Kollo
r8VuYhtBTSs,Niger,Tahoua,DS Bouza,Commune Bouza
R97VIG1CsNg,Niger,Zinder,DS Zinder Ville,Commune 3è Arrondissement
r9EsLSALSZQ,Niger,Tillaberi,DS Ayorou,Commune Ayorou
r9pjVrqkanj,Niger,Niamey,DS Niamey II,Commune 2ème Arrondissement
r9qyhv2mJiJ,Niger,Zinder,DS Damgaram Takaya,Commune Albarkaram
ra1ujGktD8p,Niger,Maradi,DS Tessaoua,Commune Korgom
Ra61rjqjz7g,Niger,Agadez,DS Tchirozérine,Commune Tchirozérine
Ra8NPT2ypQI,Niger,Tillaberi,DS Balleyara,Commune Tagazar
RAbzIfBPegZ,Niger,Dosso,DS Falmey,Commune Falmeye
RamNGDKPzGy,Niger,Zinder,DS Tanout,Commune Ollélewa
RAVmqx7Rpr5,Niger,Tahoua,DS Keita,Commune Keita
RAxs7bKCggp,Niger,Tillaberi,DS Tera,Commune Gorouol
rbePhxyDLZo,Niger,Tahoua,DS Madaoua,Commune Sabon Guida
rBMHraBuSN9,Niger,Maradi,DS Maradi Ville,Commune Maradi 3
RbsDJ4zLMdY,Niger,Tahoua,DS Bouza,Commune Baban Katami
RbUG3xRZ4Nk,Niger,Tahoua,DS Bagaroua,Commune Bagaroua
RBvqK4iR9tl,Niger,Tahoua,DS Madaoua,Commune Bangui
rcasgwWVDVi,Niger,Tillaberi,DS Abala,Commune Abala
rccJwcpVKKz,Niger,Dosso,DS Loga,Commune Sokorbé
Rcf20aadkmH,Niger,Tillaberi,DS Tera,HD Téra
rckCXUGoeZO,Niger,Tillaberi,DS Fillingue,Commune Kourfé Centre
RCKU8Vh7jNS,Niger,Zinder,DS Matamèye,Commune Tsaouni
RCnGkKAPPQw,Niger,Tahoua,DS Tchintabaraden,Commune Kaou
rcREDQO1F2f,Niger,Tillaberi,DS Kollo,Commune Bitinkodji
RcSa3xXOrr9,Niger,Zinder,DS Tanout,Commune Gangara Tanout
RCumO1t3pvM,Niger,Zinder,DS Takeita,Commune Dakoussa
RdpS95AfmaQ,Niger,Zinder,DS Doungass,Commune Mallaoua
rDrrjPsABBn,Niger,Tahoua,DS Keita,Commune Garhanga
rDSsCprmTBD,Niger,Niamey,DS Niamey IV,Commune 4ème Arrondissement
rDZzMBVlpbj,Niger,Diffa,DS N'Guigmi,Commune N'Guigmi
re31C4RCaVp,Niger,Tillaberi,DS Say,Commune Guéladjo
re4O2rZaduU,Niger,Zinder,DS Mirriah,Commune Mirriah
RE6BSLQ8n3w,Niger,Maradi,DS Tessaoua,Commune Korgom
reAlVkzdKfx,Niger,Niamey,DS Niamey III,Commune 3ème Arrondissement
ReDtRDMnre1,Niger,Tahoua,DS Abalak,Commune Abalak
reou2oJ8RDS,Niger,Tahoua,DS Keita,Commune Tamaské
reY1AIZhAgh,Niger,Tahoua,DS Tahoua,Commune Kalfou
REZzNWaniWl,Niger,Niamey,DS Niamey I,Commune 1er Arrondissement
rf1ZiXhCxWn,Niger,Maradi,DS Dakoro,Commune Goula
rF4Ywn1ZWV7,Niger,Niamey,DS Niamey II,Commune 2ème Arrondissement
rfC9knoMcMI,Niger,Tahoua,DS Illéla,Commune Illéla
rfFi4E3UMsA,Niger,Tahoua,DS Madaoua,Commune Ourno
rFKuP9emYKV,Niger,Tahoua,DS Birni Konni,Commune Birni N'Konni
rfn1rcKUb5O,Niger,Tillaberi,DS Tera,Commune Diagourou
RFOSVJbsxYO,Niger,Maradi,DS Madarounfa,Commune Dan Issa
rfYXDbxGN8Y,Niger,Tillaberi,DS Say,Commune Say
rG0t4CYysAG,Niger,Zinder,DS Tanout,Commune Ollélewa
RG1l94VT1p1,Niger,Dosso,DS Loga,Commune Falwel
rG2fiWug8y1,Niger,Zinder,DS Mirriah,Commune Mirriah
Rg3s8PzCGw8,Niger,Zinder,DS Mirriah,Commune Gaffaty
rg52YDMKKgU,Niger,Tillaberi,DS Banibangou,Commune Banibangou
RG61IonKmyE,Niger,Niamey,DS Niamey II,Commune 2ème Arrondissement
RgASMn4JN3f,Niger,Maradi,DS Guidan Roumdji,Commune Chadakori
RGbcaE6RbnT,Niger,Tillaberi,DS Tillabery,Commune Kourtey
Rgi070Rx2a8,Niger,Tahoua,DS Bouza,Commune Bouza
rGKM2OGXa6F,Niger,Tillaberi,DS Tillabery,Commune Tillabéri
rgLAEDrhmPD,Niger,Diffa,DS Diffa,Commune Gueskerou
RgLwK1NRwgw,Niger,Tillaberi,DS Abala,Commune Abala
rGOC1VWPITm,Niger,Niamey,DS Niamey V,HD Gaweye
rgP1AgfKaCI,Niger,Zinder,DS Damgaram Takaya,Commune Kagna Wamé
RgPUV3meOFm,Niger,Zinder,DS Magaria,Commune Yekoua
RgSFetr2wtG,Niger,Maradi,DS Dakoro,Commune Soly
rGx9WhMlbyH,Niger,Maradi,DS Maradi Ville,Commune Maradi 3
RhEINl1vl4d,Niger,Tillaberi,DS Tera,Commune Téra
rhUMC6sU6HK,Niger,Zinder,DS Zinder Ville,Commune 4è Arrondissement
rHVDItUwET0,Niger,Tahoua,DS Tahoua Commune,Commune Tahoua I
Ri0Gq5hCoLW,Niger,Zinder,DS Magaria,Commune Yekoua
RI48sC8ZRx3,Niger,Zinder,DS Tanout,Commune Ollélewa
riadWKP17JY,Niger,Tillaberi,DS Abala,Commune Sanam
RIdqjurz2NU,Niger,Maradi,DS Bermo,Commune Gadabedji
RigpTtZs8r6,Niger,Maradi,DS Maradi Ville,Commune Maradi 3
RiY6SNMjZXV,Niger,Diffa,DS Mainé Soroa,Commune N'Guel Beyli
RjbA0pgV0IZ,Niger,Maradi,DS Guidan Roumdji,Commune Guidan Roumdji
rJbFnwAtXC7,Niger,Maradi,DS Mayahi,HD Mayahi
rjuR3EJxL2u,Niger,Zinder,DS Damgaram Takaya,Commune Damagaram Takaya
RjXLVBvrnBf,Niger,Tahoua,DS Tahoua Commune,Commune Tahoua I
Rk47KM3FHzF,Niger,Dosso,DS Dioundou,Commune Dioundiou
RKbi2LO0TeS,Niger,Diffa,DS Diffa,Commune Diffa
rKCA0x2E8Zi,Niger,Maradi,DS Tessaoua,Commune Hawan Dawaki
Rkgh0a1Shpi,Niger,Zinder,DS Takeita,Commune Tirmini
RkopsElHQlU,Niger,Zinder,DS Tanout,Commune Ollélewa
rksFzPspl9s,Niger,Maradi,DS Guidan Roumdji,Commune Guidan Roumdji
RL0x6NPrREz,Niger,Tillaberi,DS Ouallam,HD Ouallam
rlg6CdD7DeM,Niger,Dosso,DS Gaya,Commune Yélou
rlGDRsZw8Xq,Niger,Agadez,DS Bilma,Commune Bilma
RllaX7ml4QD,Niger,Tahoua,DS Bouza,Commune Baban Katami
RLnnVpQ7RyI,Niger,Tillaberi,DS Tillabery,Commune Tillabéri
RLOAW1EcmtC,Niger,Zinder,DS Doungass,Commune Gouchy
RLTi8QMQyRf,Niger,Diffa,DS Goudoumaria,Commune Goudoumaria
rlyfkbhlLt1,Niger,Maradi,DS Madarounfa,Commune Dan Issa
rLyL4AORjim,Niger,Maradi,DS Mayahi,Commune Maireyreye
RlyOJP6BdcK,Niger,Tahoua,DS Madaoua,Commune Bangui
RM8kwLkD6TS,Niger,Tahoua,DS Keita,Commune Keita
Rmd21DIeN3S,Niger,Maradi,DS Maradi Ville,Commune Maradi 2
rmFEivwRbQs,Niger,Zinder,DS Matamèye,Commune Dan Barto
rmn1d8kY3Iy,Niger,Maradi,DS Madarounfa,Commune Djiratawa
RMnpuEEAKKF,Niger,Niamey,DS Niamey V,Commune 5ème Arrondissement
RmT3oaeXy4d,Niger,Tahoua,DS Tahoua,Commune Bambeye
RmT8mkjECyg,Niger,Maradi,DS Dakoro,Commune Kornaka
rmxYdnFTlDL,Niger,Zinder,DS Goure,Commune Gamou
RnEkb2Hyegr,Niger,Zinder,DS Damgaram Takaya,Commune Damagaram Takaya
rNgz9b65E9X,Niger,Zinder,DS Mirriah,Commune Hamdara
RNHxripcUHw,Niger,Zinder,DS Matamèye,Commune Kantché
rnK5q78L88d,Niger,Maradi,DS Maradi Ville,Commune Maradi 3
rNKL8p5O6Ie,Niger,Agadez,DS Tchirozérine,Commune Tchirozérine
rNkMDGOrJSy,Niger,Niamey,DS Niamey III,Commune 3ème Arrondissement
rnRvUOqRNTQ,Niger,Dosso,DS Gaya,Commune Yélou
Ro0KNvoFAOx,Niger,Tillaberi,DS Say,Commune Say
Ro1hdoCvHas,Niger,Maradi,DS Aguié,Commune Aguie
RO2ByHV0vuT,Niger,Agadez,DS Ingall,Commune Ingall
rO7RvWbDkwy,Niger,Dosso,DS Tibiri,Commune Tibiri Doutchi
ro8pygLO0Jc,Niger,Maradi,DS Mayahi,Commune Guidan Amoumoune
RoD60PFNCEe,Niger,Tillaberi,DS Tera,Commune Kokorou
rohtd3B0pna,Niger,Tahoua,DS Bouza,HD Bouza
ROOQCoxN4XJ,Niger,Dosso,DS Gaya,Commune Gaya
roPA3l6Zrlm,Niger,Agadez,DS Iferouane,Commune Iférouane
ROpqOgrWpNa,Niger,Tahoua,DS Bouza,Commune Déoulé
RoTphDU4W3M,Niger,Zinder,DS Tanout,Commune Ollélewa
ROxWc1KUhvL,Niger,Diffa,DS Diffa,Commune Diffa
roZkCWXonbK,Niger,Tahoua,DS Tahoua,Commune Tébaram
rp8zK1YhSln,Niger,Maradi,DS Maradi Ville,Commune Maradi 3
RpaVBs1Vpwo,Niger,Zinder,DS Goure,Commune Boune
rPDLLZzGqWT,Niger,Tillaberi,DS Say,Commune Say
RPffDTpDOGS,Niger,Tillaberi,DS Ouallam,Commune Simiri
rPh8qDqQ47t,Niger,Maradi,DS Aguié,Commune Tchadoua
RpHR9GaKBW7,Niger,Zinder,DS Magaria,Commune Magaria
rpPIje5WzWP,Niger,Dosso,DS Tibiri,Commune Guecheme
RPQzcujDka4,Niger,Dosso,DS Loga,Commune Loga
rpZHhHLAeJo,Niger,Dosso,DS Boboye,Commune de Harikanassou
RpzMlfKRhpy,Niger,Niamey,DS Niamey III,Commune 3ème Arrondissement
RqeYmqQ6T4U,Niger,Dosso,DS Gaya,HD Gaya
RqFyl0zpkQm,Niger,Niamey,DS Niamey I,Commune 1er Arrondissement
RQOA3nLo2Fj,Niger,Zinder,DS Damgaram Takaya,Commune Damagaram Takaya
RqRsV7C4BFl,Niger,Tillaberi,DS Kollo,Commune Dantchandou
RQWuFhqYsxh,Niger,Zinder,DS Magaria,Commune Wacha
RQYjHXXZwSN,Niger,Tahoua,DS Abalak,HD Abalak
rqYPILsxEVo,Niger,Niamey,DS Niamey I,Commune 1er Arrondissement
rR93H64qMZo,Niger,Zinder,DS Tanout,Commune Gangara Tanout
rraMwJr1ZmM,Niger,Tahoua,DS Malbaza,Commune Doguaraoua
rrc6TWD114U,Niger,Tillaberi,DS Kollo,Commune Dantchandou
rRSFhGe38QT,Niger,Niamey,DS Niamey I,Commune 1er Arrondissement
rRXE7R3oMoa,Niger,Zinder,DS Matamèye,Commune Tsaouni
rS5tE1V6Zve,Niger,Maradi,DS Aguié,Commune Tchadoua
RSBaohXSRZA,Niger,Zinder,DS Zinder Ville,HD Zinder
RsTRejpiumV,Niger,Tahoua,DS Tahoua Commune,Commune Tahoua Ii
RstwEAVez5T,Niger,Tillaberi,DS Kollo,Commune Namaro
rsWq4i616Gg,Niger,Maradi,DS Dakoro,Commune Kornaka
rt32cDRn7Ck,Niger,Tillaberi,DS Ouallam,Commune Ouallam
rt5U5mAP9SL,Niger,Dosso,DS Tibiri,Commune Kore Mairoua
RTAtUgztc8b,Niger,Tillaberi,DS Say,Commune Say
rtgtbP8vXgU,Niger,Dosso,DS Gaya,Commune Tanda
RtNzrazfZqP,Niger,Tahoua,DS Keita,Commune Tamaské
RtoVWE0hWtO,Niger,Tahoua,DS Madaoua,Commune Madaoua
rTTTHxM02M0,Niger,Zinder,DS Magaria,HD Magaria
rTV2IcIFAlW,Niger,Zinder,DS Goure,Commune Kelle
ruHnMa9jSxR,Niger,Zinder,DS Tanout,Commune Ollélewa
RukBZ6ESgic,Niger,Dosso,DS Tibiri,Commune Guecheme
rutO3EK0dvx,Niger,Maradi,DS Dakoro,Commune Soly
RuvLRUBo9Ue,Niger,Dosso,DS Dosso,Commune Sambera
rUwUQRcTcmU,Niger,Tillaberi,DS Ouallam,Commune Simiri
RuZyFVo3zje,Niger,Tillaberi,DS Ouallam,Commune Dingazi
rV77aWZcBWx,Niger,Zinder,DS Goure,Commune Boune
RVAgWfVAtM2,Niger,Tillaberi,DS Gotheye,Commune Dargol
rvaqGPZ8iZ9,Niger,Agadez,DS Arlit,Commune Arlit
RVBhR0wZibA,Niger,Dosso,DS Falmey,Commune Falmeye
RVbjJPGnxEM,Niger,Agadez,DS Agadez,Commune Agadez
RVBRnDXMm9d,Niger,Zinder,DS Matamèye,Commune Kourni
rVDkhYVQbxq,Niger,Agadez,DS Tchirozérine,Commune Dabaga
RvhWgHsTDZh,Niger,Tahoua,DS Tahoua,Commune Barmou
rvLg4j6pC2t,Niger,Tillaberi,DS Gotheye,HD Gotheye
RvPitGSI28u,Niger,Tahoua,DS Madaoua,Commune Ourno
SbiSYddiPT2,Niger,Maradi,DS Mayahi,Commune Sarkin Haoussa
rvQEI5iOXgn,Niger,Maradi,DS Guidan Roumdji,Commune Tibiri Maradi
rvX36FYfpC9,Niger,Tahoua,DS Bagaroua,Commune Bagaroua
rwDmi9En8Aa,Niger,Tahoua,DS Illéla,Commune Illéla
RwgoH0ORpFI,Niger,Zinder,DS Magaria,Commune Sassoumbroum
RWrJkI8alM3,Niger,Tillaberi,DS Tillabery,Commune Dessa
rWsnERHrGyv,Niger,Maradi,DS Tessaoua,Commune Tessaoua
rwyfuAKMk2z,Niger,Tillaberi,DS Fillingue,Commune Filingué
RX9qXgGn8AY,Niger,Niamey,DS Niamey I,Commune 1er Arrondissement
rXarbBrCIMY,Niger,Tahoua,DS Madaoua,Commune Madaoua
RxBznpUr2G2,Niger,Zinder,DS Goure,Commune Boune
RXDW2ZXl6hd,Niger,Maradi,DS Dakoro,Commune Kornaka
RXIbOqDyAOf,Niger,Niamey,DS Niamey IV,Commune 4ème Arrondissement
rxjh5uoNqY5,Niger,Maradi,DS Maradi Ville,Commune Maradi 3
rxOKkPCq0LD,Niger,Tillaberi,DS Gotheye,Commune Gotheye
rXTdXRDVCFD,Niger,Dosso,DS Dogon Doutchi,Commune Kieche
Rxvny1abogY,Niger,Maradi,DS Madarounfa,Commune Djiratawa
RXxD0w8Kl1a,Niger,Zinder,DS Magaria,Commune Sassoumbroum
RYB5tNNLliK,Niger,Dosso,DS Boboye,Commune Fabidji
ryd1WWWzk8A,Niger,Agadez,DS Aderbissinat,Commune Aderbissanat
rYmqinznk6H,Niger,Zinder,DS Doungass,Commune Gouchy
rYMvQFqbHsi,Niger,Tahoua,DS Illéla,Commune Badaguichiri
RYNiih5Uo6R,Niger,Tahoua,DS Abalak,Commune Abalak
ryTZZT8AzkT,Niger,Niamey,DS Niamey III,Commune 3ème Arrondissement
ryzlPZ7RYQZ,Niger,Agadez,DS Arlit,HD Arlit
ryZVL2FyMjh,Niger,Maradi,DS Guidan Roumdji,Commune Guidan Roumdji
rzBEwJsNZZ6,Niger,Zinder,DS Damgaram Takaya,Commune Moa
RzdpYZDsClr,Niger,Tahoua,DS Birni Konni,Commune Alléla
rZJ3FoZJEaG,Niger,Tahoua,DS Bouza,Commune Karofane
rzVib8jO7NE,Niger,Maradi,DS Dakoro,Commune Kornaka
rZzKgcXeAMC,Niger,Diffa,DS N'Guigmi,Commune Kablewa
rZzM0ER41iI,Niger,Tahoua,DS Illéla,Commune Tajaé
s0Fnr1AbvGS,Niger,Maradi,DS Madarounfa,HD Madarounfa
s0g9a2Rg3mq,Niger,Tillaberi,DS Fillingue,Commune Tondikandia
S0lJP3T6W9L,Niger,Dosso,DS Gaya,HD Gaya
S17UEAcUpqq,Niger,Tahoua,DS Bouza,Commune Déoulé
S1DZVOlxLop,Niger,Maradi,DS Maradi Ville,Commune Maradi 1
S1HABqpQqzr,Niger,Zinder,DS Tanout,Commune Ollélewa
S1rxfkdIdGv,Niger,Agadez,DS Aderbissinat,Commune Aderbissanat
S1ttsOFdOKE,Niger,Tillaberi,DS Ouallam,Commune Simiri
S2fTG25wP3q,Niger,Tahoua,DS Tahoua,Commune Affala
s2FVQfVpdGS,Niger,Zinder,DS Zinder Ville,Commune 1er Arrondissement
S2lNig3qXYh,Niger,Zinder,DS Tanout,Commune Ollélewa
S2ohTYDl0Xi,Niger,Dosso,DS Dosso,Commune Gorou Bankassam
S2xfGrGXm7R,Niger,Dosso,DS Tibiri,Commune Guecheme
s36ID9g3PUV,Niger,Zinder,DS Damgaram Takaya,Commune Damagaram Takaya
s3cWDpJC4i7,Niger,Tillaberi,DS Kollo,Commune Karma
s3D0R3zqyiz,Niger,Zinder,DS Belbedji,Commune Tarka
s3hsqxyd6HH,Niger,Tahoua,DS Bouza,Commune Déoulé
S3IhBGyhVvA,Niger,Dosso,DS Dogon Doutchi,Commune Dan Kassari
S3WWnMu6V3m,Niger,Dosso,DS Tibiri,Commune Tibiri Doutchi
S44xEZDMECs,Niger,Tahoua,DS Tahoua Commune,Commune Tahoua Ii
s4gS6qVnxsg,Niger,Tillaberi,DS Tillabery,Commune Sakoira
s4itZilt73a,Niger,Zinder,DS Zinder Ville,Commune 3è Arrondissement
S4tzoRPuQHc,Niger,Dosso,DS Boboye,Commune N'Gonga
s4vmQy8If3a,Niger,Niamey,DS Niamey II,Commune 2ème Arrondissement
s5aQwmJWVha,Niger,Tillaberi,DS Kollo,Commune Dantchandou
S5aTwTziICm,Niger,Diffa,DS Mainé Soroa,HD Maine Soroa
S5gmEyhhcRs,Niger,Zinder,DS Zinder Ville,Commune 3è Arrondissement
S61NZThZvq6,Niger,Tillaberi,DS Ouallam,Commune Tondikiwindi
S66KqUsWVOW,Niger,Tahoua,DS Tillia,Commune Tillia
S6PXV4iFjw2,Niger,Tillaberi,DS Balleyara,Commune Tagazar
s6ZrhNcW54D,Niger,Dosso,DS Boboye,HD Boboye
S7OIYgw2YCG,Niger,Tahoua,DS Illéla,Commune Tajaé
S7ql5qa0BQE,Niger,Tahoua,DS Malbaza,Commune Malbaza
S8ju8SWupa1,Niger,Zinder,DS Magaria,Commune Magaria
s8xliuQ6cdk,Niger,Tillaberi,DS Balleyara,Commune Tagazar
s92yTPd8Ezf,Niger,Zinder,DS Mirriah,Commune Gouna
s9bIxVCc4sc,Niger,Tillaberi,DS Tillabery,Commune Tillabéri
S9h5eBuAt65,Niger,Dosso,DS Boboye,Commune de Kiota
S9pROy3zrVF,Niger,Tahoua,DS Tchintabaraden,Commune Kaou
s9Sgj3WVobK,Niger,Dosso,DS Dosso,Commune Mokko
SAA8NSQt6PT,Niger,Tillaberi,DS Kollo,Commune Karma
sAaNh1XRD5I,Niger,Niamey,DS Niamey III,Commune 3ème Arrondissement
SAg91kFXBkM,Niger,Zinder,DS Tanout,Commune Tanout
sAlEeKgabk7,Niger,Dosso,DS Boboye,Commune de Koygolo
SALjXcj5g9s,Niger,Dosso,DS Boboye,Commune de Harikanassou
SaLY8pIzuP8,Niger,Dosso,DS Boboye,Commune de Harikanassou
sAmUeIhuF4Q,Niger,Diffa,DS Bosso,Commune Bosso
SanRZbTeLyd,Niger,Zinder,DS Tanout,Commune Tenhya
SAqukK89hYx,Niger,Tillaberi,DS Tera,HD Téra
SawFX6FdalO,Niger,Tillaberi,DS Tillabery,Commune Tillabéri
Sb2TePMkmtE,Niger,Tillaberi,DS Gotheye,Commune Gotheye
sb7lGLhVhoN,Niger,Dosso,DS Boboye,HD Boboye
SbAJIoUJ5gh,Niger,Niamey,DS Niamey IV,Commune 4ème Arrondissement
sbcliXzK9P3,Niger,Tahoua,DS Keita,Commune Garhanga
sbvk4qpEq3K,Niger,Zinder,DS Doungass,Commune Dungass
sBztu7V6A0L,Niger,Diffa,DS Goudoumaria,Commune Goudoumaria
scAhWWegyc5,Niger,Tillaberi,DS Bankilare,Commune Bankillaré
ScEn9i4hUbL,Niger,Dosso,DS Tibiri,Commune Tibiri Doutchi
ScHntYdCCQk,Niger,Dosso,DS Boboye,Commune N'Gonga
SCIAVkdZ39v,Niger,Tahoua,DS Tahoua,Commune Kalfou
sCO5eLXIQ4L,Niger,Maradi,DS Tessaoua,Commune Tessaoua
ScrhjqvBzO4,Niger,Tillaberi,DS Ouallam,Commune Simiri
SCWHYcF9Mg2,Niger,Zinder,DS Doungass,Commune Mallaoua
sD1I492vErG,Niger,Zinder,DS Mirriah,Commune Mirriah
Sd2emgnN2te,Niger,Tahoua,DS Tahoua,Commune Bambeye
sDDEUThNsPc,Niger,Tillaberi,DS Bankilare,Commune Bankillaré
SDdskFCU9G0,Niger,Tillaberi,DS Abala,Commune Abala
SDeh9HLzS3y,Niger,Zinder,DS Mirriah,Commune Droum
sDEP41Wt4iv,Niger,Dosso,DS Dosso,Commune Sambera
sdIAat3wWpg,Niger,Agadez,DS Tchirozérine,Commune Dabaga
SDnjCiaSzEs,Niger,Agadez,DS Arlit,Commune Gougaram
SdtuXi0SiuI,Niger,Zinder,DS Doungass,Commune Dungass
SduHvo9xsXP,Niger,Maradi,DS Gazaoua,Commune Gangara Gazaoua
se265BAITQj,Niger,Tillaberi,DS Tillabery,Commune Dessa
SeeJvdv5zJt,Niger,Dosso,DS Dosso,Commune Dosso
seFCQh6ZqzD,Niger,Tillaberi,DS Fillingue,Commune Tondikandia
SeFPR3jOfaE,Niger,Zinder,DS Mirriah,Commune Zermou
sELefOZXBOb,Niger,Maradi,DS Gazaoua,Commune Gangara Gazaoua
SesigRa1az1,Niger,Tillaberi,DS Kollo,Commune Kollo
seU2CRsL5IS,Niger,Tillaberi,DS Ayorou,Commune Ayorou
seU3xcyEp4i,Niger,Tahoua,DS Tahoua Commune,HD Tahoua
SEX1OKQScNj,Niger,Maradi,DS Dakoro,Commune Dan Goulbi
sexhjoJZ9Tz,Niger,Agadez,DS Tchirozérine,Commune Tabelot
SeZqpHpUudT,Niger,Maradi,DS Mayahi,Commune Issawane
sF4EIp2SnPe,Niger,Dosso,DS Gaya,Commune Gaya
sfeg0G3ImbU,Niger,Maradi,DS Guidan Roumdji,Commune Guidan Roumdji
sFiIu6TpntF,Niger,Tahoua,DS Tahoua Commune,Commune Tahoua Ii
SfMGHNYsXY3,Niger,Dosso,DS Tibiri,Commune Doumega
SfmvTnpTbIN,Niger,Tahoua,DS Birni Konni,Commune Birni N'Konni
sfRBn6WCWqA,Niger,Dosso,DS Dosso,Commune Dosso
sG0KVMP5BAm,Niger,Maradi,DS Madarounfa,Commune Sarkin Yamma
SgMRgN8HTR4,Niger,Dosso,DS Dosso,Commune Gorou Bankassam
SGNHGXuLLMa,Niger,Maradi,DS Madarounfa,Commune Safo
SGUCqy2yJrR,Niger,Maradi,DS Maradi Ville,Commune Maradi 2
SgUHphnBxIS,Niger,Niamey,DS Niamey I,Commune 1er Arrondissement
SGyIYXW4SK2,Niger,Tillaberi,DS Tera,Commune Gorouol
sh3DVbMGudL,Niger,Dosso,DS Gaya,Commune Gaya
sH5yVQt5RV5,Niger,Tillaberi,DS Tera,Commune Méhanna
sHaO2EQ3uDC,Niger,Tillaberi,DS Say,HD Say
shaPHMpZzGB,Niger,Diffa,DS Bosso,Commune Bosso
SHJ3g8EefnA,Niger,Maradi,DS Guidan Roumdji,Commune Tibiri Maradi
shPAgo4WBWO,Niger,Tahoua,DS Bouza,HD Bouza
ShQee38aLEt,Niger,Agadez,DS Tchirozérine,Commune Tabelot
sHRW1rP3LPM,Niger,Maradi,DS Maradi Ville,Commune Maradi 1
SHU89rvfBm7,Niger,Tahoua,DS Bouza,Commune Tabotaki
si3iFuR5Euq,Niger,Dosso,DS Boboye,Commune Fabidji
sIB8g4ftLRH,Niger,Maradi,DS Guidan Roumdji,Commune Guidan Roumdji
sIbeA5xt44S,Niger,Tillaberi,DS Abala,Commune Sanam
SIByhYVWfP5,Niger,Zinder,DS Damgaram Takaya,Commune Damagaram Takaya
sidcltlDiCE,Niger,Niamey,DS Niamey I,Commune 1er Arrondissement
siLUKNvoDkF,Niger,Agadez,DS Tchirozérine,Commune Tchirozérine
SImyTmCi4rh,Niger,Dosso,DS Dosso,Commune Mokko
SiOVCdvcTvI,Niger,Zinder,DS Zinder Ville,Commune 5è Arrondissement
SIP2EsVzKft,Niger,Zinder,DS Doungass,Commune Gouchy
SIRZHN2Wxe3,Niger,Maradi,DS Maradi Ville,Commune Maradi 3
SjBDniTwHTN,Niger,Dosso,DS Gaya,Commune Tounouga
sJBEzUEtYYm,Niger,Dosso,DS Tibiri,Commune Tibiri Doutchi
SjKaqG5M8qX,Niger,Maradi,DS Guidan Roumdji,Commune Chadakori
SJm0bmzCVvp,Niger,Tillaberi,DS Torodi,Commune Torodi
sjo6ux6Y8jK,Niger,Dosso,DS Dogon Doutchi,Commune Doutchi
sJPYONJStvR,Niger,Niamey,DS Niamey IV,Commune 4ème Arrondissement
sk0CuNHNVIM,Niger,Maradi,DS Maradi Ville,Commune Maradi 3
ska6ngO70Iz,Niger,Dosso,DS Dosso,Commune Kargui Bangou
skAxxAbxXi2,Niger,Tillaberi,DS Tera,Commune Méhanna
SkjEtfbQfkJ,Niger,Agadez,DS Tchirozérine,Commune Tabelot
skKMMw1mSYN,Niger,Diffa,DS N'Guigmi,Commune N'Guigmi
SKPAiLrK1cB,Niger,Dosso,DS Boboye,Commune Fabidji
SKv77aoIzUo,Niger,Maradi,DS Madarounfa,Commune Djiratawa
SL8qnWcEkzi,Niger,Tillaberi,DS Tera,Commune Téra
Slcxp8OxXOm,Niger,Tahoua,DS Tchintabaraden,Commune Tchintabaraden
SlFlEiITeco,Niger,Tahoua,DS Tahoua Commune,Commune Tahoua I
SLivNZP1wW8,Niger,Niamey,DS Niamey III,Commune 3ème Arrondissement
SLqjYm4I6VB,Niger,Dosso,DS Gaya,Commune Tounouga
Sly9jOLbk5U,Niger,Tahoua,DS Birni Konni,Commune Bazaga
sm0AbLOhDYJ,Niger,Maradi,DS Madarounfa,Commune Safo
smC2LOMXwgb,Niger,Zinder,DS Zinder Ville,Commune 4è Arrondissement
smd11QAK4wY,Niger,Zinder,DS Magaria,HD Magaria
SmLeInBIGqt,Niger,Niamey,DS Niamey III,Commune 3ème Arrondissement
sMpySpvZmuV,Niger,Niamey,DS Niamey III,Commune 3ème Arrondissement
SMXfDwuRy3y,Niger,Agadez,DS Aderbissinat,Commune Aderbissanat
sMynuUlwfqa,Niger,Zinder,DS Tanout,Commune Tanout
Sn3wPmlRhdU,Niger,Dosso,DS Dioundou,Commune Dioundiou
sncHFn7ps00,Niger,Maradi,DS Mayahi,Commune Mayahi
sNHdChzHj9S,Niger,Maradi,DS Tessaoua,Commune Ourafane
SniYzEAERrf,Niger,Tillaberi,DS Say,Commune Tamou
SNnGh0kl1kl,Niger,Zinder,DS Tanout,Commune Ollélewa
snTMGzJA3hj,Niger,Maradi,DS Guidan Roumdji,Commune Guidan Sori
So05pbGNyAg,Niger,Tahoua,DS Illéla,Commune Illéla
sObWPIYAt79,Niger,Dosso,DS Dogon Doutchi,Commune Dan Kassari
sOFXMWiQrwO,Niger,Dosso,DS Dosso,Commune Farrey
SoJ0Y3vRjah,Niger,Diffa,DS Goudoumaria,Commune Goudoumaria
SOqUIj3F5ih,Niger,Niamey,DS Niamey IV,Commune 4ème Arrondissement
sOuXCamoaP6,Niger,Dosso,DS Dioundou,Commune Dioundiou
sPA9PUjAOHr,Niger,Tahoua,DS Abalak,Commune Tamaya
SpaeFgaqkAI,Niger,Tahoua,DS Tahoua,Commune Bambeye
SPddHECdebp,Niger,Tahoua,DS Abalak,Commune Akoubounou
SpKwRMREuoI,Niger,Tillaberi,DS Ouallam,Commune Tondikiwindi
SPlle4Co04j,Niger,Maradi,DS Bermo,Commune Bermo
SPOY0yi9J9C,Niger,Maradi,DS Maradi Ville,Commune Maradi 2
SPPWSIkJKJK,Niger,Dosso,DS Dogon Doutchi,Commune Dan Kassari
SQ9HWFj4fel,Niger,Tillaberi,DS Gotheye,Commune Dargol
SqbtV4GZQto,Niger,Tillaberi,DS Kollo,Commune Hamdallaye
SQNFdvOs2FU,Niger,Dosso,DS Dosso,Commune Mokko
SQRUN8CiWCX,Niger,Zinder,DS Matamèye,Commune Doungou
sqx5RPjb796,Niger,Dosso,DS Falmey,Commune Falmeye
sr6srIlfsuk,Niger,Tillaberi,DS Ouallam,Commune Simiri
srE0Mkn9CZ1,Niger,Niamey,DS Niamey I,Commune 1er Arrondissement
srIcO044ifn,Niger,Tahoua,DS Keita,Commune Ibohamane
SrINou3DqnL,Niger,Niamey,DS Niamey V,Commune 5ème Arrondissement
sRIxqJDsMz8,Niger,Tillaberi,DS Tera,HD Téra
srKHdd6c4ft,Niger,Dosso,DS Boboye,HD Boboye
SrNOurFyGJq,Niger,Niamey,DS Niamey II,Commune 2ème Arrondissement
SROpGVdKE5c,Niger,Tahoua,DS Bouza,Commune Bouza
SrqujrS6Z3E,Niger,Tillaberi,DS Balleyara,Commune Tagazar
Srxi0jwPJtk,Niger,Zinder,DS Tanout,Commune Tanout
sS23Lgw05hT,Niger,Niamey,DS Niamey IV,Commune 4ème Arrondissement
SSACPkn40VF,Niger,Dosso,DS Gaya,Commune Gaya
SSAIJ1pv6fl,Niger,Maradi,DS Madarounfa,Commune Djiratawa
sSHfIGzoZhf,Niger,Dosso,DS Dosso,Commune Garankedey
SSKMKsG8WJi,Niger,Tahoua,DS Abalak,Commune Akoubounou
sSwEMhZvDm3,Niger,Zinder,DS Magaria,Commune Magaria
SsWk9LZIauX,Niger,Tahoua,DS Keita,Commune Keita
StAQvHwBKoz,Niger,Tillaberi,DS Kollo,Commune Karma
StgoDM5lF9R,Niger,Tahoua,DS Madaoua,Commune Madaoua
STuaXLoEiDw,Niger,Tahoua,DS Tahoua Commune,HD Tahoua
SU1aVX5cT1k,Niger,Maradi,DS Tessaoua,Commune Hawan Dawaki
Su4cwbGfBRx,Niger,Dosso,DS Dogon Doutchi,Commune Dan Kassari
Su98eZwXMYk,Niger,Dosso,DS Dosso,Commune Tombokoirey
sUK53HnimS6,Niger,Dosso,DS Boboye,Commune de Harikanassou
sUnN0Ixd5s5,Niger,Dosso,DS Tibiri,Commune Tibiri Doutchi
SuPHEvlLi2W,Niger,Tillaberi,DS Say,Commune Tamou
SutABYzGRP4,Niger,Tahoua,DS Birni Konni,Commune Tsernaoua
sUW1Ej4xRXw,Niger,Zinder,DS Doungass,Commune Gouchy
sUXn4jvoBPE,Niger,Tahoua,DS Illéla,HD Illéla
sv1D59h46lx,Niger,Maradi,DS Dakoro,Commune Adjekoria
SVb3AtPRmSz,Niger,Tillaberi,DS Kollo,Commune Liboré
svHUDupMDWn,Niger,Maradi,DS Dakoro,Commune Korahane
sVLZQ9zgWUi,Niger,Tahoua,DS Tchintabaraden,HD Tchintabaraden
SVmjsWM3Ofr,Niger,Maradi,DS Mayahi,Commune Sarkin Haoussa
sVOq7h4SGPG,Niger,Niamey,DS Niamey I,Commune 1er Arrondissement
svR2WTr8Ibj,Niger,Maradi,DS Tessaoua,Commune Ourafane
svYjWdcYCrp,Niger,Maradi,DS Guidan Roumdji,Commune Tibiri Maradi
sW0kCRqsfGT,Niger,Tillaberi,DS Kollo,Commune Namaro
SWBfab52geT,Niger,Tahoua,DS Tahoua Commune,Commune Tahoua I
SwcYd9cMRbq,Niger,Tillaberi,DS Fillingue,Commune Tondikandia
swh1pcG7Ozd,Niger,Maradi,DS Mayahi,Commune Kanembakache
SwLMChsCCHo,Niger,Dosso,DS Boboye,Commune de Koygolo
SWPmF8OTwUx,Niger,Niamey,DS Niamey III,Commune 3ème Arrondissement
sWrRfTNT1Ng,Niger,Tillaberi,DS Kollo,Commune Liboré
sWSA7kH4Hkf,Niger,Tillaberi,DS Kollo,Commune Dantchandou
sWwH2D8K72p,Niger,Zinder,DS Matamèye,Commune Tsaouni
SX6tY0HqwXV,Niger,Zinder,DS Magaria,Commune Sassoumbroum
sx7g6X3SpjV,Niger,Niamey,DS Niamey II,Commune 2ème Arrondissement
Sxbpd1xlRIR,Niger,Niamey,DS Niamey II,Commune 2ème Arrondissement
SxcXxaFbBXD,Niger,Tillaberi,DS Tera,HD Téra
sXeuJ9dds45,Niger,Diffa,DS Diffa,Commune Diffa
SXiuJ3iiEDO,Niger,Zinder,DS Goure,Commune Guidiguir
sXmD2GiGTv5,Niger,Diffa,DS Diffa,Commune Diffa
sxuPPXSvxcD,Niger,Tillaberi,DS Fillingue,Commune Tondikandia
sxVgt7nnjmm,Niger,Zinder,DS Magaria,Commune Dantchiao
sxvVQ9DUaIB,Niger,Tillaberi,DS Tillabery,Commune Tillabéri
sy2pKaYjUrO,Niger,Maradi,DS Mayahi,Commune Maireyreye
sYAfglHjjUF,Niger,Dosso,DS Tibiri,Commune Tibiri Doutchi
SyaWjF4GzLT,Niger,Maradi,DS Dakoro,Commune Adjekoria
sYHyaRAUEz3,Niger,Zinder,DS Damgaram Takaya,HD Damagaram Takaya
SyiJcVKcHE2,Niger,Tahoua,DS Birni Konni,Commune Bazaga
sYKobRxHys4,Niger,Tahoua,DS Tchintabaraden,HD Tchintabaraden
SyoBflXelPP,Niger,Dosso,DS Dogon Doutchi,HD Dogon Doutchi
SySE5rcelUY,Niger,Tillaberi,DS Kollo,Commune Liboré
SYV4NY8PkHu,Niger,Maradi,DS Tessaoua,Commune Ourafane
SYVUbZrNq4F,Niger,Agadez,DS Agadez,Commune Agadez
Sz7ls1XDTgs,Niger,Maradi,DS Maradi Ville,Commune Maradi 1
szhr5x9yeR9,Niger,Maradi,DS Mayahi,Commune Mayahi
SzPnQ5hunTG,Niger,Zinder,DS Mirriah,Commune Hamdara
T02S4SMGTNQ,Niger,Tahoua,DS Madaoua,Commune Madaoua
t0H4TrRH2PY,Niger,Tahoua,DS Tassara,Commune Tassara
t0V7yW5xse1,Niger,Tahoua,DS Malbaza,Commune Malbaza
T0yd3wNmp7T,Niger,Zinder,DS Zinder Ville,Commune 3è Arrondissement
T1T9JAH1u0H,Niger,Niamey,DS Niamey I,Commune 1er Arrondissement
T2bLYHSyahv,Niger,Zinder,DS Damgaram Takaya,Commune Guidimouni
T2cRybIBcG9,Niger,Zinder,DS Matamèye,Commune Ichirnawa Tagabass
T2MaNKObb1q,Niger,Zinder,DS Magaria,Commune Sassoumbroum
t376mUBnNqo,Niger,Maradi,DS Mayahi,Commune Guidan Amoumoune
t3hgiCzfa8A,Niger,Zinder,DS Belbedji,Commune Tarka
t3x17FONC0I,Niger,Dosso,DS Gaya,Commune Bana
t3XMvTILWFo,Niger,Maradi,DS Aguié,Commune Aguie
t4cQVMP33pY,Niger,Maradi,DS Dakoro,HD Dakoro
t4rMFhJeS4f,Niger,Zinder,DS Damgaram Takaya,Commune Albarkaram
t5F2tu3PkWP,Niger,Tahoua,DS Abalak,Commune Abalak
T5RFf39ltNt,Niger,Dosso,DS Tibiri,Commune Guecheme
t650lTulEdM,Niger,Tahoua,DS Tahoua,Commune Bambeye
T6b1JN5m87M,Niger,Maradi,DS Madarounfa,Commune Gabi
T6gtDXCFYbl,Niger,Diffa,DS Mainé Soroa,Commune N'Guel Beyli
t6mfcc8Q0VD,Niger,Tillaberi,DS Ouallam,Commune Simiri
t6RwDlQVkyI,Niger,Tillaberi,DS Kollo,Commune Dantchandou
T6zvEOW4CFl,Niger,Niamey,DS Niamey II,Commune 2ème Arrondissement
t7jjh9OhAtj,Niger,Diffa,DS Diffa,Commune Gueskerou
T7wPFBaOniw,Niger,Maradi,DS Madarounfa,Commune Safo
T8B8q0w9bgi,Niger,Zinder,DS Tanout,Commune Ollélewa
T8ETXsNknm9,Niger,Zinder,DS Magaria,Commune Dantchiao
t8ML5orBwko,Niger,Dosso,DS Dosso,Commune Sambera
t8vpj0JVwqZ,Niger,Maradi,DS Guidan Roumdji,Commune Guidan Sori
t8zWTPoRhsx,Niger,Niamey,DS Niamey IV,Commune 4ème Arrondissement
T9a6wkSkG9A,Niger,Agadez,DS Tchirozérine,Commune Tchirozérine
T9rkmUKuelP,Niger,Tillaberi,DS Say,Commune Tamou
T9VeYNmH1n9,Niger,Tillaberi,DS Torodi,Commune Torodi
ta9Fc8anGDt,Niger,Dosso,DS Tibiri,Commune Guecheme
tAg09z4ec7t,Niger,Tahoua,DS Tahoua,Commune Barmou
tAmz4WWFYsE,Niger,Zinder,DS Magaria,Commune Bande
tAOp850QhRi,Niger,Maradi,DS Tessaoua,Commune Ourafane
taOtEo4G1sS,Niger,Zinder,DS Goure,Commune Goure
TAQRftYjDk0,Niger,Maradi,DS Madarounfa,Commune Sarkin Yamma
tArusCpDMbS,Niger,Maradi,DS Guidan Roumdji,Commune Tibiri Maradi
TaWe0uLytoU,Niger,Tillaberi,DS Say,Commune Guéladjo
tazdPbPJ8Ai,Niger,Tahoua,DS Tahoua,Commune Tébaram
TB2AQPrGcOW,Niger,Diffa,DS Mainé Soroa,Commune Maïné Soroa
tB555Fa4le6,Niger,Tillaberi,DS Ayorou,Commune Inatess
Tb5C6r9M7M7,Niger,Tahoua,DS Tahoua Commune,Commune Tahoua Ii
TbBWqci0nIt,Niger,Tillaberi,DS Kollo,Commune Dantchandou
tBnuRapZdvl,Niger,Tahoua,DS Bouza,Commune Tabotaki
tc0s4N8eAE3,Niger,Niamey,DS Niamey V,Commune 5ème Arrondissement
TC4CMVhTMvN,Niger,Tillaberi,DS Fillingue,Commune Filingué
tca0rCq0LeT,Niger,Tahoua,DS Abalak,Commune Tabalak
tCxICeuIReV,Niger,Zinder,DS Goure,Commune Boune
td5MK7SOjrs,Niger,Maradi,DS Mayahi,Commune Tchake
TD6Y51HQsTD,Niger,Tahoua,DS Keita,Commune Keita
tDdiyrQfAyk,Niger,Agadez,DS Bilma,Commune Fachi
TdEBB6nyUQn,Niger,Maradi,DS Guidan Roumdji,Commune Tibiri Maradi
tDHz8SoJl6w,Niger,Zinder,DS Magaria,Commune Bande
tDrnlBLIesn,Niger,Maradi,DS Mayahi,HD Mayahi
TDuaKFvBbIv,Niger,Dosso,DS Dosso,Commune Tombokoirey
te02jPx8squ,Niger,Tillaberi,DS Kollo,Commune Youri
tERRQGITeOm,Niger,Tillaberi,DS Ouallam,HD Ouallam
tEtsZFTnDoU,Niger,Tahoua,DS Keita,Commune Garhanga
TeuIEN49FmJ,Niger,Niamey,DS Niamey V,Commune 5ème Arrondissement
tey08tNLZjo,Niger,Tahoua,DS Madaoua,Commune Bangui
teZqyipo1S1,Niger,Maradi,DS Gazaoua,Commune Gazaoua
Tf6hwLj7csy,Niger,Maradi,DS Madarounfa,HD Madarounfa
tf8A24tAsOy,Niger,Maradi,DS Gazaoua,Commune Gangara Gazaoua
tFAKIHO71hE,Niger,Maradi,DS Madarounfa,Commune Safo
TFEqsQjWH9A,Niger,Maradi,DS Tessaoua,Commune Tessaoua
TFhkXNF4Svy,Niger,Diffa,DS N'Guigmi,HD N'Guigmi
TfKqhI7umGo,Niger,Dosso,DS Gaya,Commune Gaya
TfmiGk1gPyW,Niger,Zinder,DS Mirriah,Commune Mirriah
tFrn1mS1Q9f,Niger,Maradi,DS Gazaoua,Commune Gazaoua
tfsd2hPYKqe,Niger,Diffa,DS Diffa,Commune Diffa
TFT04tieBPy,Niger,Niamey,DS Niamey III,Commune 3ème Arrondissement
TfumCD3QcHQ,Niger,Zinder,DS Tanout,Commune Ollélewa
Tg3qhKeW2M9,Niger,Maradi,DS Aguié,Commune Tchadoua
tg7Ha9wpG7k,Niger,Zinder,DS Magaria,Commune Dantchiao
tGa230gLJVW,Niger,Maradi,DS Mayahi,Commune Maireyreye
TGE2DQXdC2t,Niger,Dosso,DS Dogon Doutchi,HD Dogon Doutchi
TgM6zKkqjDG,Niger,Tillaberi,DS Kollo,Commune Karma
tgqpqY0bjrk,Niger,Niamey,DS Niamey III,Commune 3ème Arrondissement
TGSKVLDgtmZ,Niger,Dosso,DS Tibiri,Commune Guecheme
TGtIWOFadNS,Niger,Agadez,DS Arlit,Commune Gougaram
TgzleTkJQDH,Niger,Zinder,DS Tanout,Commune Ollélewa
Th34XUaiCQL,Niger,Tillaberi,DS Tillabery,Commune Kourtey
th9sAnZiUbP,Niger,Tillaberi,DS Say,Commune Say
THgI4MYEg5A,Niger,Dosso,DS Boboye,Commune de Koygolo
THHiGmMDiQY,Niger,Maradi,DS Aguié,Commune Aguie
thHjmosNW8J,Niger,Tillaberi,DS Bankilare,Commune Bankillaré
thhoAldwNpm,Niger,Maradi,DS Madarounfa,Commune Djiratawa
THJUUhp74GL,Niger,Maradi,DS Bermo,Commune Gadabedji
Ti9YYybfgj7,Niger,Tillaberi,DS Kollo,Commune Karma
tILDpC5dERF,Niger,Zinder,DS Zinder Ville,Commune 4è Arrondissement
tj1VwzN9AAR,Niger,Dosso,DS Dogon Doutchi,Commune Doutchi
Tj3WpZHAWKg,Niger,Maradi,DS Madarounfa,HD Madarounfa
Tj4NiToEZ0j,Niger,Tillaberi,DS Tera,HD Téra
tj6he0y0B5V,Niger,Tillaberi,DS Ouallam,Commune Dingazi
TJ6hqqqf55E,Niger,Niamey,DS Niamey I,Commune 1er Arrondissement
Tja29Q8iryQ,Niger,Zinder,DS Magaria,Commune Dantchiao
TJdEtP5HFyC,Niger,Maradi,DS Madarounfa,Commune Dan Issa
tJEkzeYOPbh,Niger,Tillaberi,DS Kollo,Commune Kollo
tjNUE1vNSLL,Niger,Tahoua,DS Madaoua,Commune Galma
TJoArSa5Ovp,Niger,Zinder,DS Magaria,Commune Sassoumbroum
tjQ802bTIXj,Niger,Agadez,DS Tchirozérine,Commune Tabelot
tJUA1Pzrrbk,Niger,Tahoua,DS Tahoua Commune,HD Tahoua
TjXIaBy9T2R,Niger,Tahoua,DS Abalak,HD Abalak
tK2bJHdlwho,Niger,Maradi,DS Gazaoua,Commune Gazaoua
tK2h3AUb28q,Niger,Maradi,DS Tessaoua,Commune Maijirgui
tK3hD2RDVCq,Niger,Maradi,DS Dakoro,Commune Soly
tkC16fB3DVM,Niger,Agadez,DS Iferouane,Commune Iférouane
tkckDUnxwud,Niger,Tillaberi,DS Gotheye,Commune Gotheye
TkD9eGxmk2z,Niger,Tillaberi,DS Ouallam,Commune Tondikiwindi
TkKn0yYqavj,Niger,Diffa,DS Bosso,Commune Bosso
TKqc9LmINeW,Niger,Niamey,DS Niamey II,Commune 2ème Arrondissement
TkqUxqhZIrC,Niger,Tillaberi,DS Tera,Commune Téra
TkW1fMA0NAE,Niger,Maradi,DS Dakoro,Commune Kornaka
TKWxUgZZHMq,Niger,Dosso,DS Tibiri,Commune Tibiri Doutchi
Tl2yFgsfdEe,Niger,Maradi,DS Guidan Roumdji,Commune Tibiri Maradi
TlDU30ObInB,Niger,Agadez,DS Agadez,Commune Agadez
tLJYMatM0tP,Niger,Tahoua,DS Keita,Commune Ibohamane
tLMduCpD4QX,Niger,Tillaberi,DS Say,HD Say
TLvdt4I7EPQ,Niger,Niamey,DS Niamey I,Commune 1er Arrondissement
tmdfSRaePly,Niger,Dosso,DS Boboye,Commune N'Gonga
tmMyqGzauQQ,Niger,Tillaberi,DS Ouallam,Commune Ouallam
tmO8b5cGvz3,Niger,Tahoua,DS Bouza,Commune Tama
tMOZd5zmavk,Niger,Diffa,DS Mainé Soroa,Commune Foulatari
TmTl6p3Weky,Niger,Niamey,DS Niamey V,Commune 5ème Arrondissement
tmYZxNm0mmC,Niger,Dosso,DS Dosso,Commune Tombokoirey
TnbaFUp7G8A,Niger,Zinder,DS Mirriah,Commune Droum
tngJDvgHXLE,Niger,Maradi,DS Tessaoua,HD Tessaoua
to2lt5qowh6,Niger,Tahoua,DS Bagaroua,Commune Bagaroua
tOA7dr11hG5,Niger,Niamey,DS Niamey IV,Commune 4ème Arrondissement
tOAXb8FBiMZ,Niger,Tillaberi,DS Kollo,Commune Kollo
ToCYujhdzx2,Niger,Dosso,DS Dogon Doutchi,Commune Doutchi
toLWsXrVtzE,Niger,Tillaberi,DS Torodi,Commune Torodi
TOt9nIuNttH,Niger,Maradi,DS Madarounfa,Commune Madarounfa
TP9itXedUZt,Niger,Tillaberi,DS Kollo,Commune Namaro
TPfxP6eNJL3,Niger,Tahoua,DS Illéla,Commune Illéla
tpgbxG5HW9L,Niger,Diffa,DS Diffa,Commune Diffa
TPIw32vATys,Niger,Zinder,DS Magaria,Commune Magaria
tpOVLn8ooKU,Niger,Niamey,DS Niamey I,Commune 1er Arrondissement
tpQuwcpOQ7u,Niger,Tahoua,DS Birni Konni,Commune Bazaga
tpT0V8h0kTn,Niger,Diffa,DS N'Gourti,Commune N'Gourti
Tptq00SQSdV,Niger,Tahoua,DS Tahoua,Commune Bambeye
TPvcYMGZ2rD,Niger,Tahoua,DS Keita,Commune Ibohamane
TPyrzRd1P6P,Niger,Zinder,DS Mirriah,Commune Hamdara
tq2t0lfpBmS,Niger,Tahoua,DS Bouza,Commune Tabotaki
TQ5FBwqj9pT,Niger,Maradi,DS Tessaoua,Commune Korgom
tQ6wVD0yjx2,Niger,Zinder,DS Tanout,Commune Tanout
TQ8FxXChqSJ,Niger,Maradi,DS Dakoro,Commune Kornaka
tqbVbSqXBjQ,Niger,Tahoua,DS Keita,Commune Tamaské
tqlsLTpUoof,Niger,Niamey,DS Niamey II,Commune 2ème Arrondissement
tqtGvKeuxjG,Niger,Maradi,DS Dakoro,Commune Maiyara
TRDjKUoVY7q,Niger,Zinder,DS Doungass,Commune Gouchy
Trv67L5mWhe,Niger,Tahoua,DS Bouza,Commune Tama
tsCOPF4iHz4,Niger,Maradi,DS Madarounfa,Commune Sarkin Yamma
TsCvpCcGaTJ,Niger,Maradi,DS Bermo,Commune Bermo
TShYbmK4YOV,Niger,Agadez,DS Arlit,Commune Gougaram
tSpBA89FwWY,Niger,Maradi,DS Guidan Roumdji,Commune Sae Saboua
tsT6cyLidnw,Niger,Zinder,DS Mirriah,Commune Dogo
tstZPvDZXHd,Niger,Zinder,DS Matamèye,Commune Ichirnawa Tagabass
Tsw5XvnOnHq,Niger,Tahoua,DS Tassara,Commune Tassara
ttct4YMCqmZ,Niger,Dosso,DS Loga,Commune Loga
ttKPApv3Oau,Niger,Tillaberi,DS Say,Commune Say
ttqGeBuA1fS,Niger,Maradi,DS Maradi Ville,Commune Maradi 3
Tu3CpjydW3h,Niger,Niamey,DS Niamey III,Commune 3ème Arrondissement
TU4dYS8n0QL,Niger,Tahoua,DS Birni Konni,Commune Tsernaoua
tudIEqsA7q8,Niger,Zinder,DS Takeita,Commune Tirmini
TUhQcJuqd4L,Niger,Zinder,DS Goure,Commune Guidiguir
tuHUMjL1pYW,Niger,Tahoua,DS Madaoua,HD Madaoua
tUxAkyE2Hz2,Niger,Dosso,DS Boboye,Commune Fabidji
tv6Y7uc94El,Niger,Tillaberi,DS Tera,Commune Kokorou
tV7oddi7HpB,Niger,Zinder,DS Magaria,Commune Dantchiao
TVCmNtPg56K,Niger,Maradi,DS Gazaoua,Commune Gazaoua
TvjC5mtiGZQ,Niger,Agadez,DS Arlit,Commune Arlit
Tvmq7JC6izl,Niger,Diffa,DS Mainé Soroa,Commune Maïné Soroa
TVVXv0YoLNN,Niger,Tillaberi,DS Kollo,Commune Karma
TVwydWs53TF,Niger,Tillaberi,DS Ouallam,Commune Simiri
tvYlQvdO7g4,Niger,Niamey,DS Niamey III,Commune 3ème Arrondissement
tVZY4LiHAm4,Niger,Tillaberi,DS Kollo,Commune Kollo
Tw3kEeGcoav,Niger,Tillaberi,DS Kollo,Commune N'Dounga
twfcGS7pKVs,Niger,Diffa,DS Goudoumaria,Commune Goudoumaria
TWGTSa7qdP6,Niger,Tahoua,DS Tchintabaraden,Commune Kaou
twj94dY2VXO,Niger,Niamey,DS Niamey I,Commune 1er Arrondissement
tWpK5GucUhS,Niger,Tahoua,DS Illéla,HD Illéla
tWSD12UQcLB,Niger,Diffa,DS Diffa,Commune Gueskerou
TWVhBWozGvv,Niger,Zinder,DS Goure,HD Goure
Tx4B2cbcPSd,Niger,Tahoua,DS Tahoua,Commune Bambeye
tX8YNKA8Qc3,Niger,Niamey,DS Niamey II,Commune 2ème Arrondissement
TxCirIuaS7a,Niger,Agadez,DS Iferouane,Commune Timia
TXcywFDzoJr,Niger,Dosso,DS Dioundou,Commune Dioundiou
TxIIQwsPRQe,Niger,Tillaberi,DS Kollo,Commune Karma
txjsDmtn6Am,Niger,Tahoua,DS Tassara,Commune Tassara
TYAsTAxY9ND,Niger,Maradi,DS Dakoro,Commune Kornaka
tybm8XZoQ9r,Niger,Zinder,DS Tesker,Commune Tesker
TYBr46qcWq5,Niger,Tahoua,DS Tahoua Commune,Commune Tahoua I
tYcY1HmvzdK,Niger,Zinder,DS Magaria,Commune Kwaya
TyG4X3uWqlp,Niger,Zinder,DS Mirriah,Commune Gouna
Tyno1IFXyao,Niger,Niamey,DS Niamey III,Commune 3ème Arrondissement
TYpozhdMxEM,Niger,Niamey,DS Niamey I,Commune 1er Arrondissement
tYRFXKSFqsE,Niger,Zinder,DS Tanout,Commune Ollélewa
tYsUIYrIiCO,Niger,Agadez,DS Tchirozérine,Commune Dabaga
tYUesBr8qGO,Niger,Tahoua,DS Abalak,Commune Abalak
tYwZ4uYm5pC,Niger,Maradi,DS Guidan Roumdji,Commune Tibiri Maradi
TzAKmfYrLn2,Niger,Dosso,DS Dosso,Commune Sambera
tzBuMRBw542,Niger,Tillaberi,DS Ouallam,Commune Tondikiwindi
tZFkKIeFMLs,Niger,Tahoua,DS Bouza,Commune Allakaye
tZRQm9BIx3M,Niger,Tillaberi,DS Ouallam,HD Ouallam
tZS5kDY05YA,Niger,Maradi,DS Tessaoua,Commune Baoudeta
tzTbCwqWuBM,Niger,Dosso,DS Boboye,HD Boboye
tzZZjPGIByx,Niger,Zinder,DS Tanout,Commune Ollélewa
u0CxkuhP5fm,Niger,Maradi,DS Guidan Roumdji,Commune Chadakori
U0J1UV4ON8B,Niger,Tillaberi,DS Tillabery,Commune Kourtey
u0Y7RTUkYJF,Niger,Diffa,DS Mainé Soroa,Commune N'Guel Beyli
U17aC0NsgZo,Niger,Diffa,DS Mainé Soroa,HD Maine Soroa
U1aIcENQJ6E,Niger,Tahoua,DS Tahoua,Commune Kalfou
u1LPV0qsnCa,Niger,Tillaberi,DS Torodi,Commune Torodi
u1M21jw8Lw4,Niger,Diffa,DS N'Gourti,Commune N'Gourti
U1sOnwYp9fO,Niger,Diffa,DS Diffa,Commune Gueskerou
U1W9eWs18oQ,Niger,Dosso,DS Dosso,Commune Sambera
U1WUJ88BxL4,Niger,Tillaberi,DS Kollo,Commune Karma
U26Com0OrTE,Niger,Maradi,DS Aguié,Commune Aguie
U2BvjjFXtfg,Niger,Maradi,DS Maradi Ville,Commune Maradi 2
U2md6mgxcxm,Niger,Agadez,DS Tchirozérine,Commune Tabelot
u2tPa9A4R9b,Niger,Dosso,DS Dosso,Commune Dosso
U2WdkDOV7ew,Niger,Agadez,DS Arlit,Commune Dannat
u2XvMP6nIrR,Niger,Tillaberi,DS Kollo,Commune Karma
U377yWD7mJM,Niger,Maradi,DS Guidan Roumdji,Commune Guidan Sori
u3MG7WigX4R,Niger,Maradi,DS Madarounfa,HD Madarounfa
U3MmsFW3OOz,Niger,Tahoua,DS Bouza,Commune Bouza
u3Od4WSkTdg,Niger,Zinder,DS Magaria,Commune Magaria
u3ZLmLjm3r2,Niger,Dosso,DS Dosso,Commune Sambera
U3ZSfiijcmO,Niger,Maradi,DS Guidan Roumdji,Commune Guidan Roumdji
u4iG4TeD4Ou,Niger,Tahoua,DS Bouza,Commune Tabotaki
u4NrJ3tNGdL,Niger,Maradi,DS Bermo,Commune Bermo
u4QU6HwHXw5,Niger,Niamey,DS Niamey V,HD Gaweye
u4y3vJCjT6P,Niger,Maradi,DS Madarounfa,Commune Gabi
U58Lljoe7zD,Niger,Tillaberi,DS Say,Commune Say
u5N1QtQ9QIw,Niger,Niamey,DS Niamey IV,Commune 4ème Arrondissement
U5ThxlOgvYF,Niger,Niamey,DS Niamey IV,Commune 4ème Arrondissement
u5xlI9rv1lp,Niger,Dosso,DS Dogon Doutchi,Commune Doutchi
u6ADY6K3eBo,Niger,Maradi,DS Guidan Roumdji,Commune Sae Saboua
u6yoIUmDgCL,Niger,Zinder,DS Zinder Ville,Commune 1er Arrondissement
U7CKIFpB5iK,Niger,Zinder,DS Zinder Ville,Commune 3è Arrondissement
u7qeXkwolRj,Niger,Maradi,DS Bermo,Commune Bermo
u8kDm7b49Hm,Niger,Dosso,DS Gaya,Commune Bana
U9ap5KrIUAh,Niger,Tahoua,DS Birni Konni,Commune Tsernaoua
U9shRyPEUAs,Niger,Agadez,DS Ingall,Commune Ingall
U9stYowH1nU,Niger,Zinder,DS Tanout,Commune Gangara Tanout
UA1LPlizYvz,Niger,Maradi,DS Guidan Roumdji,Commune Guidan Roumdji
Ua1N9FlpRrt,Niger,Niamey,DS Niamey II,Commune 2ème Arrondissement
Ua7TdlwceCX,Niger,Tahoua,DS Tahoua,Commune Kalfou
Ua8yhxtxbPh,Niger,Tahoua,DS Tchintabaraden,Commune Tchintabaraden
uABFkAkCAmX,Niger,Tahoua,DS Madaoua,Commune Sabon Guida
uAuJjciYPPl,Niger,Dosso,DS Gaya,HD Gaya
UazhOC1q4FP,Niger,Niamey,DS Niamey IV,Commune 4ème Arrondissement
Ub200lRxpB1,Niger,Dosso,DS Tibiri,Commune Doumega
UB22EuI9ziZ,Niger,Maradi,DS Guidan Roumdji,Commune Guidan Roumdji
UBD12ja449R,Niger,Diffa,DS N'Guigmi,Commune N'Guigmi
ubePvlklp3V,Niger,Zinder,DS Doungass,Commune Dogo Dogo
ubI3tGpRBrX,Niger,Maradi,DS Bermo,Commune Gadabedji
UBkukXR2P7M,Niger,Dosso,DS Loga,Commune Sokorbé
ubLb90ouyFf,Niger,Maradi,DS Dakoro,Commune Dan Goulbi
ubRe9F3mWi2,Niger,Zinder,DS Goure,Commune Alakos
UBwKkEmOM2e,Niger,Niamey,DS Niamey III,Commune 3ème Arrondissement
Uc2F42popPb,Niger,Dosso,DS Falmey,Commune Guilladjé
Uc4z7VP7NEl,Niger,Maradi,DS Maradi Ville,Commune Maradi 3
ucAa9lwvGSZ,Niger,Tahoua,DS Tahoua,Commune Barmou
ucE2MRNmw4w,Niger,Tillaberi,DS Say,Commune Say
ucfAQHC11HD,Niger,Maradi,DS Mayahi,Commune Issawane
UcFp02eL9qT,Niger,Tahoua,DS Abalak,Commune Abalak
ucQK7zddD43,Niger,Maradi,DS Guidan Roumdji,Commune Chadakori
Ud8LlXFd1iA,Niger,Zinder,DS Doungass,Commune Dungass
uDe21FRsPEI,Niger,Zinder,DS Magaria,Commune Magaria
uDgogDJhIv3,Niger,Niamey,DS Niamey I,Commune 1er Arrondissement
udHzQ72tSut,Niger,Agadez,DS Ingall,Commune Ingall
udQjJQc2S7D,Niger,Zinder,DS Tesker,Commune Tesker
uDUHrWB1wM2,Niger,Niamey,DS Niamey I,Commune 1er Arrondissement
UdX9TbEHFpO,Niger,Maradi,DS Gazaoua,Commune Gazaoua
uDyCugeQqLL,Niger,Zinder,DS Doungass,Commune Dungass
uDZatgK0RVi,Niger,Maradi,DS Madarounfa,Commune Djiratawa
UDzBuEhGMkt,Niger,Tahoua,DS Tahoua,Commune Bambeye
ueD3prKeJfF,Niger,Maradi,DS Mayahi,Commune Mayahi
UEDUXpoSRZc,Niger,Dosso,DS Loga,Commune Loga
UeJ2f198ZRA,Niger,Dosso,DS Falmey,Commune Falmeye
UelDw9XFdwy,Niger,Zinder,DS Mirriah,Commune Zermou
UewblHIb6k0,Niger,Niamey,DS Niamey III,Commune 3ème Arrondissement
uEzRtUdvI0Q,Niger,Dosso,DS Boboye,Commune de Birni N'Gaouré
UfAR8f1ZQgF,Niger,Dosso,DS Gaya,Commune Bengou
uFh6Ae2TpGA,Niger,Maradi,DS Tessaoua,Commune Tessaoua
UFIAuoHg3el,Niger,Maradi,DS Guidan Roumdji,Commune Guidan Roumdji
uflBe7H7phQ,Niger,Zinder,DS Magaria,Commune Yekoua
uFqjgtrPulK,Niger,Tahoua,DS Malbaza,Commune Malbaza
uFZuQM0gvXc,Niger,Maradi,DS Maradi Ville,Commune Maradi 2
uGagTl3z7su,Niger,Dosso,DS Dosso,Commune Sakadamna
UGIuIxNgSbf,Niger,Tahoua,DS Bouza,Commune Allakaye
uGj9YGgMsfK,Niger,Maradi,DS Mayahi,Commune Tchake
UGLt6Ppfvao,Niger,Tahoua,DS Madaoua,Commune Azerori
UgQ1nDQlmV9,Niger,Tahoua,DS Keita,Commune Tamaské
ugQUvibv3Rx,Niger,Tillaberi,DS Ouallam,Commune Ouallam
UGzjZ59KFuU,Niger,Maradi,DS Dakoro,Commune Kornaka
UhbolOQvcVJ,Niger,Dosso,DS Dosso,Commune Dosso
UHdI2OdBGKm,Niger,Dosso,DS Dioundou,Commune Zabori
uHPuyhfxZVA,Niger,Maradi,DS Madarounfa,Commune Dan Issa
uhyVrfdwHpW,Niger,Zinder,DS Tanout,Commune Gangara Tanout
uIDmz0GYxEb,Niger,Tahoua,DS Tahoua,Commune Bambeye
Uief6y51Rm8,Niger,Maradi,DS Madarounfa,Commune Dan Issa
uIi0QGep2f2,Niger,Diffa,DS Diffa,Commune Chétimari
UIkg1RRZM3t,Niger,Tahoua,DS Birni Konni,Commune Birni N'Konni
UiM2ZZSmWoC,Niger,Tahoua,DS Tassara,Commune Tassara
uinJclB1oHb,Niger,Dosso,DS Loga,Commune Sokorbé
uiQg02ry0Xw,Niger,Tillaberi,DS Tillabery,Commune Sakoira
UiVqUWaUnXJ,Niger,Niamey,DS Niamey II,Commune 2ème Arrondissement
UIwkFWH6Xd4,Niger,Agadez,DS Bilma,HD Bilma
uj5Q87WMH6a,Niger,Tahoua,DS Madaoua,Commune Sabon Guida
Uj8js76mFwZ,Niger,Tillaberi,DS Tillabery,Commune Kourtey
ujMADhodl9t,Niger,Tahoua,DS Tahoua,Commune Bambeye
uJnILY970OH,Niger,Tillaberi,DS Tera,Commune Méhanna
ujOqpMKQVSK,Niger,Tahoua,DS Illéla,Commune Illéla
UjQMDR1h9A1,Niger,Tahoua,DS Illéla,Commune Illéla
UJVTnTvWOeo,Niger,Tillaberi,DS Fillingue,HD Filingué
uK3oejGRabJ,Niger,Tahoua,DS Birni Konni,Commune Birni N'Konni
uK7bWJbHtX8,Niger,Maradi,DS Guidan Roumdji,Commune Chadakori
uKBZ6J56wHG,Niger,Dosso,DS Gaya,Commune Gaya
uKi7XVwU2nT,Niger,Maradi,DS Gazaoua,Commune Gazaoua
Ukjc0Ip4dNC,Niger,Zinder,DS Magaria,Commune Sassoumbroum
UKkh53zehXv,Niger,Tahoua,DS Tchintabaraden,Commune Tchintabaraden
ukQVD1BS5ua,Niger,Dosso,DS Dosso,Commune Farrey
UKrDcy0JcB7,Niger,Maradi,DS Maradi Ville,Commune Maradi 3
uKTkkUkjvqr,Niger,Dosso,DS Loga,Commune Loga
UKUgIEXSvrq,Niger,Zinder,DS Magaria,Commune Magaria
ukW3GP9EcrJ,Niger,Tahoua,DS Keita,HD Keita
UKxNUgo4Tts,Niger,Tillaberi,DS Ouallam,Commune Ouallam
UlayO2IsfNo,Niger,Dosso,DS Loga,Commune Falwel
ULpGOV7hG5B,Niger,Tillaberi,DS Torodi,Commune Makalondi
uLWiWBoB2OU,Niger,Tillaberi,DS Kollo,Commune Kirtachi
UmAbsYUUaz2,Niger,Tillaberi,DS Balleyara,Commune Tagazar
umAJxwiQshi,Niger,Tahoua,DS Tahoua Commune,Commune Tahoua I
UMd8ggpPCsw,Niger,Diffa,DS Goudoumaria,Commune Goudoumaria
uMGfABundRo,Niger,Zinder,DS Tanout,HD Tanout
Umqw785GrJu,Niger,Zinder,DS Magaria,Commune Bande
uMrgWiOAvf8,Niger,Zinder,DS Matamèye,Commune Dan Barto
uMZcz8lF7eT,Niger,Tahoua,DS Madaoua,Commune Bangui
uN2At1iZxtw,Niger,Maradi,DS Madarounfa,Commune Sarkin Yamma
UNKsTrnMoLM,Niger,Agadez,DS Tchirozérine,Commune Tchirozérine
UnscbXoF4um,Niger,Dosso,DS Dioundou,Commune Dioundiou
unt1rDYlBS5,Niger,Niamey,DS Niamey I,Commune 1er Arrondissement
UnwAxarU3wg,Niger,Tahoua,DS Illéla,Commune Illéla
UNX9sYDBXO6,Niger,Tillaberi,DS Kollo,Commune Karma
uOIovmZwwPz,Niger,Diffa,DS Diffa,Commune Gueskerou
uoO1b1bWSLr,Niger,Tahoua,DS Tassara,Commune Tassara
UORml9MB2cE,Niger,Tillaberi,DS Ouallam,Commune Ouallam
UosWKWKreOo,Niger,Tillaberi,DS Tera,Commune Diagourou
UoxFzwTVb1T,Niger,Tillaberi,DS Kollo,Commune Bitinkodji
uoZm0zkhr7J,Niger,Tillaberi,DS Fillingue,Commune Filingué
upEgADtrkPd,Niger,Zinder,DS Magaria,HD Magaria
upFPiDiOydn,Niger,Tahoua,DS Madaoua,HD Madaoua
uPkNbEOamRt,Niger,Tahoua,DS Tahoua,Commune Bambeye
uPv9KkwiGPK,Niger,Maradi,DS Aguié,Commune Aguie
uQ3AFgxV4lN,Niger,Maradi,DS Tessaoua,HD Tessaoua
uQ9LFYml3AA,Niger,Dosso,DS Dogon Doutchi,Commune Dan Kassari
UQGYUv4Xb57,Niger,Maradi,DS Aguié,HD Aguié
uQuwdCw18q1,Niger,Maradi,DS Bermo,Commune Gadabedji
uqXd8SNdHei,Niger,Maradi,DS Dakoro,Commune Dakoro
UQySyF93FEi,Niger,Maradi,DS Aguié,Commune Aguie
Ur3B0VRDHWm,Niger,Maradi,DS Guidan Roumdji,Commune Guidan Roumdji
uR6HpyWA9ZB,Niger,Zinder,DS Damgaram Takaya,Commune Kagna Wamé
urcEyh8DhD5,Niger,Zinder,DS Mirriah,Commune Dogo
uRHwoIBg4lr,Niger,Maradi,DS Maradi Ville,Commune Maradi 1
URLmkWsCLfS,Niger,Dosso,DS Dosso,Commune Garankedey
uRqKurc41Ao,Niger,Tahoua,DS Keita,Commune Keita
URqQeWl2vQ6,Niger,Dosso,DS Tibiri,Commune Tibiri Doutchi
uRukyQhomSw,Niger,Diffa,DS Goudoumaria,Commune Goudoumaria
Us22HXtG5Do,Niger,Maradi,DS Maradi Ville,Commune Maradi 3
uS2i5mRRYGX,Niger,Zinder,DS Goure,HD Goure
us7SBL0s4at,Niger,Niamey,DS Niamey II,Commune 2ème Arrondissement
UscdP6kUt7J,Niger,Maradi,DS Guidan Roumdji,Commune Guidan Roumdji
UScvNEHVxvF,Niger,Zinder,DS Mirriah,Commune Gouna
usfKl75hQkA,Niger,Tahoua,DS Malbaza,Commune Malbaza
uSFWhLdrtpo,Niger,Niamey,DS Niamey II,Commune 2ème Arrondissement
uSgSWUbH4GB,Niger,Maradi,DS Dakoro,Commune Dan Goulbi
Ut8QJmcim08,Niger,Tillaberi,DS Tillabery,Commune Kourtey
ut94oeEapFJ,Niger,Maradi,DS Mayahi,Commune Tchake
uTeRykgT0BG,Niger,Dosso,DS Tibiri,Commune Guecheme
UTG0bVIqlar,Niger,Zinder,DS Zinder Ville,Commune 1er Arrondissement
UTkwuVGdt4Q,Niger,Zinder,DS Doungass,Commune Dogo Dogo
utONrx1Td8U,Niger,Tillaberi,DS Torodi,Commune Makalondi
UTQpr64zxLp,Niger,Dosso,DS Gaya,Commune Yélou
uTS8LeUvhw4,Niger,Agadez,DS Ingall,Commune Ingall
uTusxxO1kFd,Niger,Dosso,DS Dogon Doutchi,Commune Doutchi
uTXo0TXtTsu,Niger,Tillaberi,DS Fillingue,Commune Kourfé Centre
utYNVAU0wb8,Niger,Tillaberi,DS Abala,Commune Abala
UUC0RRSAbRP,Niger,Tahoua,DS Bouza,Commune Tama
UUEUUghtZuc,Niger,Niamey,DS Niamey IV,Commune 4ème Arrondissement
uueZbV91X7J,Niger,Zinder,DS Goure,HD Goure
uugDKz1tmge,Niger,Zinder,DS Goure,Commune Kelle
uUjJ64zALpA,Niger,Dosso,DS Boboye,Commune de Koygolo
UuK6LpOwYiH,Niger,Tahoua,DS Birni Konni,Commune Birni N'Konni
UuP30kiyyAA,Niger,Zinder,DS Zinder Ville,Commune 5è Arrondissement
uUU2uNWA2m1,Niger,Zinder,DS Goure,Commune Goure
uV0s7cxOoAp,Niger,Tahoua,DS Abalak,Commune Azeye
Uv5Jy6Zf8e9,Niger,Maradi,DS Dakoro,HD Dakoro
Uv8HNFdIoft,Niger,Dosso,DS Dioundou,Commune Dioundiou
uvAgN93DlOM,Niger,Zinder,DS Damgaram Takaya,Commune Damagaram Takaya
uVBtRhDNYym,Niger,Niamey,DS Niamey IV,Commune 4ème Arrondissement
UVCYHXYcgsM,Niger,Maradi,DS Bermo,Commune Gadabedji
UvdZhyVf9GN,Niger,Tahoua,DS Malbaza,Commune Doguaraoua
UVK4aJQNlsv,Niger,Tahoua,DS Tchintabaraden,Commune Tchintabaraden
uVrHxaeWemz,Niger,Tahoua,DS Tchintabaraden,Commune Kaou
UvrTtRNgSgC,Niger,Tillaberi,DS Fillingue,Commune Kourfé Centre
UVWRgTeojz8,Niger,Tahoua,DS Birni Konni,Commune Birni N'Konni
UvXEbtWAxzc,Niger,Dosso,DS Dosso,Commune Dosso
UVxYkU1CFsv,Niger,Tahoua,DS Illéla,Commune Illéla
Uw0uG4Pj8O8,Niger,Maradi,DS Madarounfa,Commune Gabi
uW8s8G3Tw0n,Niger,Tahoua,DS Birni Konni,Commune Birni N'Konni
UWFHvwlAPBp,Niger,Agadez,DS Ingall,Commune Ingall
uWnbLkVyMxS,Niger,Agadez,DS Iferouane,Commune Timia
uWNLHrRYHTA,Niger,Zinder,DS Mirriah,Commune Mirriah
UWvMAEtoCsU,Niger,Dosso,DS Boboye,Commune de Birni N'Gaouré
uWvQwFTFwPR,Niger,Tillaberi,DS Tera,Commune Diagourou
UWwb8FjNHEB,Niger,Dosso,DS Dogon Doutchi,Commune Doutchi
uX0zIqAd2N2,Niger,Tahoua,DS Madaoua,Commune Galma
ux9z4bkxx6j,Niger,Tillaberi,DS Gotheye,Commune Dargol
uxgpRjxVr0j,Niger,Tahoua,DS Birni Konni,Commune Tsernaoua
Uxi6jdkbHqh,Niger,Tillaberi,DS Fillingue,Commune Filingué
UxIF9faEByu,Niger,Tahoua,DS Tahoua,Commune Kalfou
uxZkKCKcEAX,Niger,Tahoua,DS Bouza,Commune Karofane
UY1CW7QpHjr,Niger,Maradi,DS Mayahi,Commune Tchake
uY4UHxwZQwb,Niger,Tahoua,DS Tchintabaraden,HD Tchintabaraden
UYEYCigaRl7,Niger,Dosso,DS Dosso,Commune Tombokoirey
uygOp3SJj83,Niger,Zinder,DS Magaria,Commune Kwaya
uygztiMGXCN,Niger,Tillaberi,DS Tera,Commune Kokorou
uz9zqNxcKfb,Niger,Tillaberi,DS Tillabery,Commune Dessa
uzACzLZpNdE,Niger,Tillaberi,DS Ouallam,Commune Tondikiwindi
Uzbh5ObaEae,Niger,Dosso,DS Dosso,Commune Golle
uZiudvJA48l,Niger,Tillaberi,DS Torodi,Commune Makalondi
uZmqGSmDRKn,Niger,Tahoua,DS Birni Konni,HD Birni N'Konni
UzSeEyuvWtf,Niger,Zinder,DS Damgaram Takaya,Commune Kagna Wamé
uZshrLQPwlL,Niger,Dosso,DS Dogon Doutchi,Commune Kieche
UZWNczgtrKP,Niger,Niamey,DS Niamey II,Commune 2ème Arrondissement
UZXKfT2Ok6R,Niger,Zinder,DS Zinder Ville,Commune 2è Arrondissement
UZZ0CmNUVIu,Niger,Niamey,DS Niamey I,Commune 1er Arrondissement
V1PTRMzpWM1,Niger,Niamey,DS Niamey I,Commune 1er Arrondissement
v1QKLVixNk7,Niger,Zinder,DS Matamèye,Commune Mataméye
V2hPlLywHwy,Niger,Tillaberi,DS Tillabery,Commune Anzourou
v2NSORVC7OY,Niger,Maradi,DS Guidan Roumdji,Commune Tibiri Maradi
V2OLG62rcON,Niger,Diffa,DS N'Gourti,Commune N'Gourti
v2qQZE1C54v,Niger,Niamey,DS Niamey IV,Commune 4ème Arrondissement
V2VhHNKnIO5,Niger,Maradi,DS Madarounfa,Commune Madarounfa
V31yXaQjqj5,Niger,Maradi,DS Madarounfa,Commune Djiratawa
v3A9CPcG90B,Niger,Dosso,DS Dogon Doutchi,Commune Matankari
v3eOYfiKKFl,Niger,Dosso,DS Tibiri,Commune Tibiri Doutchi
v3hgznH9TXV,Niger,Niamey,DS Niamey III,Commune 3ème Arrondissement
V3jDIU0Nnpe,Niger,Dosso,DS Dogon Doutchi,Commune Soucoucoutane
v3OBxtj2db0,Niger,Zinder,DS Magaria,Commune Sassoumbroum
v3ORzO2gyGJ,Niger,Maradi,DS Guidan Roumdji,Commune Guidan Roumdji
v440BDagEyr,Niger,Maradi,DS Tessaoua,Commune Tessaoua
V4PluqSHCrB,Niger,Tahoua,DS Illéla,Commune Tajaé
v4TSR79PPWp,Niger,Maradi,DS Tessaoua,Commune Ourafane
V4UcwYTGw77,Niger,Zinder,DS Mirriah,Commune Gaffaty
v4VIVBI22uW,Niger,Dosso,DS Dioundou,Commune Karakara
v4YXqtLCXJl,Niger,Zinder,DS Goure,HD Goure
V53dcjql5WC,Niger,Dosso,DS Dosso,Commune Gorou Bankassam
V5GKa61Uk9b,Niger,Dosso,DS Dosso,Commune Garankedey
v6mE8izaihX,Niger,Dosso,DS Tibiri,Commune Guecheme
v6Oug6y5sMY,Niger,Niamey,DS Niamey II,Commune 2ème Arrondissement
v6Rk6cUR6VF,Niger,Niamey,DS Niamey II,Commune 2ème Arrondissement
V6wtLsdo8Vb,Niger,Zinder,DS Matamèye,Commune Doungou
v7hUumAOU5E,Niger,Niamey,DS Niamey IV,Commune 4ème Arrondissement
v88rWKw4vYt,Niger,Zinder,DS Tanout,Commune Tanout
v8aIciHAZ00,Niger,Diffa,DS Bosso,Commune Bosso
v97LeYicfiR,Niger,Tillaberi,DS Fillingue,HD Filingué
v99GBXT2ryx,Niger,Maradi,DS Dakoro,Commune Sabonmachi
v9aJVSkUWIA,Niger,Diffa,DS N'Guigmi,Commune N'Guigmi
V9BkuW8Qgny,Niger,Tillaberi,DS Kollo,Commune N'Dounga
v9dYieRVlUX,Niger,Maradi,DS Aguié,Commune Aguie
V9iu2tCfZy5,Niger,Maradi,DS Bermo,Commune Bermo
v9kGnhA48FP,Niger,Maradi,DS Maradi Ville,Commune Maradi 2
V9tP8hGjePY,Niger,Tahoua,DS Bouza,Commune Allakaye
V9Vs3FQEzMJ,Niger,Dosso,DS Tibiri,Commune Guecheme
V9WmiCl51X1,Niger,Maradi,DS Madarounfa,Commune Safo
VAB7e7W3M8Z,Niger,Zinder,DS Magaria,Commune Yekoua
VAeAowvAX0b,Niger,Zinder,DS Tesker,Commune Tesker
VaiCegIHo0P,Niger,Tahoua,DS Illéla,Commune Badaguichiri
vajqHvAvVCm,Niger,Niamey,DS Niamey IV,Commune 4ème Arrondissement
vAL1zHGWf33,Niger,Dosso,DS Gaya,HD Gaya
VAuvf4nIPZC,Niger,Tahoua,DS Birni Konni,Commune Birni N'Konni
VAXpba5is7G,Niger,Tahoua,DS Illéla,Commune Illéla
vbDxW5JCZcP,Niger,Dosso,DS Dogon Doutchi,Commune Doutchi
VBk0kHGLizk,Niger,Maradi,DS Dakoro,Commune Kornaka
vbrGdPoyNe1,Niger,Niamey,DS Niamey I,Commune 1er Arrondissement
VBUpClqy3o1,Niger,Tillaberi,DS Tillabery,Commune Tillabéri
vBxpgwNFJAw,Niger,Tillaberi,DS Kollo,Commune Youri
VC7oomUgjtt,Niger,Diffa,DS Mainé Soroa,Commune Maïné Soroa
vcaq4AyZorO,Niger,Dosso,DS Dosso,Commune Sakadamna
vCbJS7O5V3o,Niger,Diffa,DS N'Gourti,Commune N'Gourti
VCjK6WNR3YA,Niger,Tahoua,DS Malbaza,Commune Doguaraoua
VClvX9XZmsp,Niger,Tahoua,DS Madaoua,Commune Bangui
vcn1DHexwJi,Niger,Agadez,DS Tchirozérine,Commune Tabelot
vcYobryECCC,Niger,Zinder,DS Tanout,Commune Falenco
VDdDMMobMCC,Niger,Tahoua,DS Madaoua,Commune Madaoua
vDNc0F8cRbK,Niger,Zinder,DS Matamèye,Commune Mataméye
vdzCFHQZk2q,Niger,Dosso,DS Dosso,Commune Tombokoirey
VeC3IFWUnDL,Niger,Maradi,DS Guidan Roumdji,Commune Guidan Sori
vECb6d3sM5C,Niger,Tillaberi,DS Say,Commune Say
Vekr7SLynh6,Niger,Dosso,DS Dosso,Commune Dosso
VeqqYSson4a,Niger,Dosso,DS Gaya,Commune Yélou
vF4wvNH4n3A,Niger,Zinder,DS Mirriah,Commune Droum
vf7kmzEpyED,Niger,Tahoua,DS Bouza,HD Bouza
Vfdkeb9DcH1,Niger,Niamey,DS Niamey III,Commune 3ème Arrondissement
vFJgxXD7fVS,Niger,Maradi,DS Maradi Ville,Commune Maradi 3
vFV4nO4rQWh,Niger,Zinder,DS Doungass,Commune Dungass
vFvJWVxXDTE,Niger,Tahoua,DS Illéla,Commune Badaguichiri
vFVpEFGagee,Niger,Maradi,DS Guidan Roumdji,Commune Sae Saboua
VG0VcVQxg3L,Niger,Maradi,DS Guidan Roumdji,Commune Chadakori
vg4U944lvzA,Niger,Tahoua,DS Birni Konni,Commune Birni N'Konni
vGaWMXGC3zh,Niger,Tillaberi,DS Kollo,Commune Hamdallaye
vGci8AXDGFE,Niger,Zinder,DS Goure,Commune Boune
vGgOnl628Ri,Niger,Tillaberi,DS Tillabery,Commune Dessa
VGtOn1SIWux,Niger,Dosso,DS Gaya,Commune Tounouga
VgxwaVQvmaf,Niger,Tahoua,DS Madaoua,Commune Ourno
vgYG98tPmqD,Niger,Tillaberi,DS Gotheye,Commune Gotheye
vgYyRMiWWLl,Niger,Tillaberi,DS Tera,Commune Téra
VHCK995F41L,Niger,Niamey,DS Niamey V,HD Gaweye
vhidoI6vMlJ,Niger,Tillaberi,DS Torodi,Commune Torodi
vhkRrsoNs4e,Niger,Maradi,DS Madarounfa,Commune Madarounfa
vHSvDWFf8S3,Niger,Maradi,DS Madarounfa,HD Madarounfa
vI6wYAOg56Y,Niger,Tillaberi,DS Say,HD Say
VIEqUU3fQTE,Niger,Dosso,DS Dosso,Commune Kargui Bangou
vIF8YOnNnaJ,Niger,Maradi,DS Mayahi,Commune Mayahi
viLqoJwsh8G,Niger,Zinder,DS Mirriah,Commune Dogo
vinBrGcdV3S,Niger,Tillaberi,DS Say,Commune Tamou
viNzYvLvgHS,Niger,Maradi,DS Tessaoua,Commune Hawan Dawaki
viP3bhFJM0p,Niger,Tillaberi,DS Fillingue,Commune Tondikandia
vivZYLvOutw,Niger,Zinder,DS Magaria,Commune Kwaya
VJ69CUrz53g,Niger,Tahoua,DS Tahoua,Commune Tébaram
VJqMLvzrhjx,Niger,Tahoua,DS Tillia,Commune Tillia
vJZH7hlxM9b,Niger,Zinder,DS Magaria,Commune Bande
VkK9kbc8awC,Niger,Tahoua,DS Birni Konni,Commune Tsernaoua
vkrVsHREbGR,Niger,Diffa,DS Diffa,Commune Chétimari
vl4zdXHRlSP,Niger,Tillaberi,DS Tillabery,Commune Tillabéri
VlA5RQEjZl7,Niger,Maradi,DS Madarounfa,Commune Sarkin Yamma
VlH2KeUe84n,Niger,Tillaberi,DS Balleyara,Commune Tagazar
vLLGkyKLG6O,Niger,Niamey,DS Niamey I,Commune 1er Arrondissement
VlMYbHIvqQJ,Niger,Tillaberi,DS Gotheye,Commune Gotheye
VlpFTeZCMZe,Niger,Tahoua,DS Madaoua,Commune Sabon Guida
vmblcsORTRs,Niger,Zinder,DS Tesker,Commune Tesker
vmCwFmsC0AO,Niger,Tillaberi,DS Kollo,Commune Bitinkodji
VMEDU3ADAlT,Niger,Tillaberi,DS Ouallam,Commune Simiri
vMJB9yOKX4f,Niger,Dosso,DS Boboye,HD Boboye
vMkrN4D8y6a,Niger,Tahoua,DS Madaoua,Commune Bangui
VMpX7EVnE8a,Niger,Maradi,DS Dakoro,Commune Soly
vmszb751MaN,Niger,Tahoua,DS Madaoua,Commune Madaoua
VNAdfK9SNYB,Niger,Dosso,DS Dogon Doutchi,Commune Doutchi
VNCxOqZ3oTe,Niger,Tillaberi,DS Kollo,Commune Kirtachi
VnfwEgXC9E1,Niger,Niamey,DS Niamey IV,Commune 4ème Arrondissement
VnMateH6GFS,Niger,Maradi,DS Tessaoua,Commune Ourafane
VNQ0P5kh3jc,Niger,Maradi,DS Tessaoua,Commune Maijirgui
vo2FZhkQnsp,Niger,Agadez,DS Agadez,Commune Agadez
Vo7MvPEYnZx,Niger,Tahoua,DS Malbaza,Commune Doguaraoua
vob2UNOWGc2,Niger,Zinder,DS Belbedji,Commune Tarka
vOBaNTRLcdW,Niger,Niamey,DS Niamey II,Commune 2ème Arrondissement
vOCA0ZuOAEc,Niger,Zinder,DS Takeita,Commune Dakoussa
vOfyhYm0gaS,Niger,Maradi,DS Mayahi,Commune Kanembakache
VOiDhNjqucT,Niger,Diffa,DS Mainé Soroa,Commune Foulatari
VoIeXktJdyr,Niger,Maradi,DS Madarounfa,Commune Safo
VojSMX2gXEn,Niger,Tahoua,DS Birni Konni,Commune Alléla
vONOjcaJfnK,Niger,Tillaberi,DS Tillabery,Commune Sakoira
VoqVsGvCQxf,Niger,Tahoua,DS Madaoua,Commune Bangui
vOTemdIdxuO,Niger,Maradi,DS Dakoro,Commune Soly
Vp7HK52tTu0,Niger,Maradi,DS Bermo,Commune Bermo
vPG8UciyKzV,Niger,Zinder,DS Zinder Ville,Commune 5è Arrondissement
VPjCgY66QH9,Niger,Niamey,DS Niamey V,Commune 5ème Arrondissement
vpVM7aMibiR,Niger,Maradi,DS Maradi Ville,Commune Maradi 2
vPWey7Opn9e,Niger,Dosso,DS Gaya,Commune Gaya
VqcBJo4EGZG,Niger,Niamey,DS Niamey I,Commune 1er Arrondissement
VqEljBkg5AT,Niger,Tillaberi,DS Tillabery,Commune Sakoira
VqHJJAqMlL9,Niger,Tillaberi,DS Kollo,Commune Kirtachi
VqkyJd6SRlu,Niger,Zinder,DS Damgaram Takaya,Commune Kagna Wamé
VQtmncuk6YM,Niger,Zinder,DS Mirriah,Commune Dogo
VqU9YSkwzTQ,Niger,Zinder,DS Magaria,Commune Magaria
VQUjkdZ3Are,Niger,Tahoua,DS Tahoua,Commune Bambeye
Vr0b7rnPgg0,Niger,Maradi,DS Mayahi,HD Mayahi
vrlplZeuwG2,Niger,Zinder,DS Belbedji,Commune Tarka
vrMe0pTptv9,Niger,Agadez,DS Ingall,Commune Ingall
vRSfiBuhhH6,Niger,Agadez,DS Tchirozérine,Commune Tchirozérine
VrXMgoBn9pl,Niger,Tahoua,DS Birni Konni,HD Birni N'Konni
VShQ67wIuKg,Niger,Diffa,DS Mainé Soroa,Commune N'Guel Beyli
VSIBUos47nv,Niger,Tahoua,DS Madaoua,Commune Madaoua
vsoIwsBxiEa,Niger,Zinder,DS Doungass,Commune Dungass
VSQ9bdP7VQF,Niger,Tahoua,DS Illéla,Commune Tajaé
vStnGCIGkmu,Niger,Niamey,DS Niamey I,Commune 1er Arrondissement
Vt1nawWudYW,Niger,Maradi,DS Madarounfa,Commune Madarounfa
VtCOjXtpNLG,Niger,Maradi,DS Mayahi,HD Mayahi
vTFsqpaHyBu,Niger,Zinder,DS Goure,Commune Goure
vtkoVLTjaqk,Niger,Tahoua,DS Bouza,Commune Baban Katami
vTQ3N3hJWq3,Niger,Niamey,DS Niamey V,Commune 5ème Arrondissement
VTsz5GMkhfq,Niger,Tillaberi,DS Tillabery,Commune Kourtey
VU0awN249Ul,Niger,Zinder,DS Damgaram Takaya,Commune Moa
Vu8gArMNiBj,Niger,Niamey,DS Niamey I,Commune 1er Arrondissement
vubzyKqEEv4,Niger,Zinder,DS Damgaram Takaya,Commune Moa
VuVpQYzmaMb,Niger,Dosso,DS Tibiri,Commune Tibiri Doutchi
VUwtvgYZWRs,Niger,Dosso,DS Dosso,Commune Kargui Bangou
vUwypAEy2rF,Niger,Maradi,DS Maradi Ville,Commune Maradi 3
VuZg8MX4RrQ,Niger,Maradi,DS Gazaoua,Commune Gazaoua
VVhO0jgKyQy,Niger,Zinder,DS Tesker,Commune Tesker
vvrRk1NnJOQ,Niger,Niamey,DS Niamey I,Commune 1er Arrondissement
VVzCpooAs3R,Niger,Zinder,DS Goure,Commune Goure
Vw6n2U8lw4I,Niger,Zinder,DS Belbedji,Commune Tarka
VWadQb0hcXP,Niger,Tahoua,DS Bagaroua,Commune Bagaroua
vwNCjmD2d9e,Niger,Zinder,DS Tanout,Commune Tanout
vwoILWOQZTF,Niger,Zinder,DS Goure,Commune Goure
vWS0ags2MHp,Niger,Agadez,DS Aderbissinat,Commune Aderbissanat
vwtwYpSKCXv,Niger,Diffa,DS Diffa,Commune Chétimari
VX55P8MCOiX,Niger,Zinder,DS Mirriah,Commune Koléram
vxKlpSAGL9s,Niger,Zinder,DS Mirriah,HD Mirriah
vXSa92UfZG4,Niger,Tahoua,DS Birni Konni,Commune Tsernaoua
vY1CUo7zIy9,Niger,Niamey,DS Niamey II,Commune 2ème Arrondissement
Vy7GZeEwH90,Niger,Zinder,DS Tanout,Commune Tanout
VY9JM6TR6OL,Niger,Dosso,DS Gaya,HD Gaya
vYDcXHPOMOD,Niger,Niamey,DS Niamey IV,Commune 4ème Arrondissement
vYFJChlF6rl,Niger,Tahoua,DS Tchintabaraden,Commune Kaou
vYGRRENFCse,Niger,Dosso,DS Dogon Doutchi,Commune Doutchi
VyGv7JO5ru0,Niger,Tahoua,DS Tahoua,Commune Bambeye
Vyw3GXzSAYq,Niger,Tillaberi,DS Torodi,Commune Torodi
vYxk9GCrRHl,Niger,Agadez,DS Aderbissinat,Commune Aderbissanat
VYysqwvqqVv,Niger,Niamey,DS Niamey I,Commune 1er Arrondissement
Vz54cXWmfPK,Niger,Zinder,DS Matamèye,Commune Tsaouni
vz7EBLNYJGV,Niger,Tillaberi,DS Ouallam,HD Ouallam
VZbbuykxTfi,Niger,Tahoua,DS Keita,Commune Tamaské
vzcewUAMhZF,Niger,Maradi,DS Aguié,Commune Tchadoua
vZI8UelfF8V,Niger,Niamey,DS Niamey II,Commune 2ème Arrondissement
Vzpk09Yh3KN,Niger,Zinder,DS Mirriah,Commune Gouna
W04FItuYcZR,Niger,Niamey,DS Niamey I,Commune 1er Arrondissement
w0Q03R6wzRJ,Niger,Zinder,DS Goure,Commune Gamou
W1G9VshigOs,Niger,Tahoua,DS Illéla,Commune Illéla
w1P4ItDR4PM,Niger,Tahoua,DS Bouza,Commune Tabotaki
w1qCYCc1I28,Niger,Maradi,DS Aguié,HD Aguié
W1ruV9LE026,Niger,Zinder,DS Tanout,Commune Ollélewa
W26K6CimGwR,Niger,Dosso,DS Dogon Doutchi,Commune Dan Kassari
w26VR4sAvrf,Niger,Tahoua,DS Illéla,Commune Illéla
W2qLcbwnxMn,Niger,Zinder,DS Magaria,Commune Wacha
w2ve6tc8odw,Niger,Niamey,DS Niamey IV,Commune 4ème Arrondissement
W2W2Hyo5buJ,Niger,Maradi,DS Tessaoua,Commune Ourafane
w2yXz5MxP5T,Niger,Maradi,DS Dakoro,Commune Dakoro
w3gL0EEkVBT,Niger,Diffa,DS Goudoumaria,Commune Goudoumaria
w3qvg8TOShi,Niger,Dosso,DS Dosso,Commune Sakadamna
W3TCD82UWnF,Niger,Diffa,DS Diffa,Commune Chétimari
w4740LJDIxP,Niger,Agadez,DS Tchirozérine,Commune Tchirozérine
W4SorD4NGnA,Niger,Tahoua,DS Tchintabaraden,HD Tchintabaraden
W56lIRIPLyZ,Niger,Agadez,DS Aderbissinat,Commune Aderbissanat
w5DyHUlQEGS,Niger,Dosso,DS Falmey,Commune Falmeye
W5p5g0V43s1,Niger,Maradi,DS Tessaoua,Commune Maijirgui
W6KI5uJIWOb,Niger,Niamey,DS Niamey III,Commune 3ème Arrondissement
W6kitKFijyV,Niger,Tillaberi,DS Fillingue,Commune Imanan( Bonkoukou)
W6Nfv5x4nkp,Niger,Maradi,DS Maradi Ville,Commune Maradi 3
W7C5dd4AnPt,Niger,Zinder,DS Doungass,Commune Mallaoua
w7vo4PuRUAS,Niger,Zinder,DS Matamèye,Commune Tsaouni
w8daloHgeXF,Niger,Zinder,DS Magaria,Commune Yekoua
W8ISSDN9hSj,Niger,Tahoua,DS Malbaza,Commune Malbaza
w8OBpde4hQO,Niger,Maradi,DS Aguié,HD Aguié
W97urRLdop1,Niger,Maradi,DS Mayahi,Commune Issawane
W9g96mglOFy,Niger,Diffa,DS Mainé Soroa,Commune Maïné Soroa
W9V7dn6a35i,Niger,Tahoua,DS Birni Konni,Commune Birni N'Konni
w9Vv0cgylcy,Niger,Maradi,DS Mayahi,Commune Attantane
wAkmdjeta4k,Niger,Maradi,DS Dakoro,Commune Maiyara
WAKuRkeGUd1,Niger,Tillaberi,DS Torodi,Commune Torodi
WAMoMrkrfEA,Niger,Tahoua,DS Birni Konni,Commune Tsernaoua
WAUamwviaN1,Niger,Niamey,DS Niamey V,Commune 5ème Arrondissement
WaVJ00MkExz,Niger,Tahoua,DS Madaoua,Commune Galma
wAw2tN4A3MM,Niger,Tahoua,DS Tahoua,Commune Barmou
wayBWsKwsSF,Niger,Tahoua,DS Bouza,Commune Baban Katami
wb77pnnGGlm,Niger,Zinder,DS Mirriah,Commune Droum
WbAXtGrrA5o,Niger,Agadez,DS Aderbissinat,Commune Aderbissanat
WbCUA2Ta1t7,Niger,Tahoua,DS Madaoua,Commune Sabon Guida
WBE2g5lnSON,Niger,Tillaberi,DS Say,HD Say
wbFaqSvAUS3,Niger,Tillaberi,DS Gotheye,Commune Gotheye
wbimMRxsBqU,Niger,Dosso,DS Loga,Commune Falwel
wbOEdsHY5bW,Niger,Zinder,DS Zinder Ville,Commune 3è Arrondissement
wbs6z4kO6w9,Niger,Maradi,DS Dakoro,Commune Adjekoria
WBtk7KX2U5S,Niger,Zinder,DS Magaria,Commune Magaria
wBZqledBJL4,Niger,Maradi,DS Tessaoua,Commune Tessaoua
wCC5RMk3U60,Niger,Agadez,DS Agadez,Commune Agadez
WClNUHPz5Ey,Niger,Agadez,DS Arlit,Commune Arlit
WcQtEXhQWHs,Niger,Tillaberi,DS Say,Commune Say
wcrkBC7I8UK,Niger,Tahoua,DS Malbaza,Commune Malbaza
wCUztNRQjPh,Niger,Dosso,DS Loga,Commune Falwel
wDf1AmBPlQH,Niger,Zinder,DS Goure,HD Goure
wdHZiFbdQyd,Niger,Tahoua,DS Illéla,Commune Illéla
WdnUxM9rXEQ,Niger,Tillaberi,DS Tera,Commune Kokorou
WdrBHmG2z0x,Niger,Maradi,DS Dakoro,Commune Goula
WDTMglPXUOQ,Niger,Zinder,DS Zinder Ville,Commune 3è Arrondissement
WDY8SbivcFv,Niger,Zinder,DS Takeita,Commune Garagoumsa
WEBSfJAjGfh,Niger,Diffa,DS N'Gourti,Commune N'Gourti
weDCbVb4avT,Niger,Tahoua,DS Madaoua,Commune Madaoua
Wee9CFnyBKg,Niger,Maradi,DS Gazaoua,Commune Gazaoua
wEgovwZyL8N,Niger,Dosso,DS Dosso,Commune Golle
Wem9LU6BT3r,Niger,Zinder,DS Goure,Commune Guidiguir
WeMNDH5v3eg,Niger,Tillaberi,DS Ouallam,Commune Tondikiwindi
WEOJ4AwteQK,Niger,Maradi,DS Dakoro,Commune Dakoro
wEPJep4np7J,Niger,Maradi,DS Dakoro,Commune Roumbou 1
wETl6kaakD3,Niger,Tillaberi,DS Tillabery,Commune Dessa
Wf2RaPpIQ1r,Niger,Tillaberi,DS Kollo,Commune Kirtachi
wFFzRlBkqzK,Niger,Tillaberi,DS Abala,Commune Sanam
wForJy8YNr3,Niger,Niamey,DS Niamey II,Commune 2ème Arrondissement
WFOziayb3bi,Niger,Dosso,DS Gaya,Commune Gaya
WFqe3vuythZ,Niger,Dosso,DS Tibiri,Commune Guecheme
WfX0bJtQDx5,Niger,Dosso,DS Dosso,Commune Golle
Wg6zLYLccyU,Niger,Agadez,DS Tchirozérine,Commune Dabaga
WG7X6ff5bh3,Niger,Maradi,DS Guidan Roumdji,Commune Tibiri Maradi
wGjgGH8VuHd,Niger,Niamey,DS Niamey IV,Commune 4ème Arrondissement
WgLcdblwCiK,Niger,Niamey,DS Niamey IV,Commune 4ème Arrondissement
WgOycbRNhFb,Niger,Zinder,DS Doungass,Commune Dogo Dogo
wH5rqNRelTI,Niger,Tillaberi,DS Torodi,Commune Torodi
WH6g0j0TsvX,Niger,Dosso,DS Dioundou,Commune Dioundiou
wh7wST28oFy,Niger,Tillaberi,DS Kollo,Commune Liboré
WHbxXgneTfG,Niger,Tahoua,DS Bouza,Commune Bouza
wHEtwRMuw4J,Niger,Diffa,DS Mainé Soroa,Commune Maïné Soroa
whlptGOBVd4,Niger,Zinder,DS Damgaram Takaya,Commune Guidimouni
whm9HyXuIh8,Niger,Maradi,DS Guidan Roumdji,Commune Tibiri Maradi
WHnKVuCLGiu,Niger,Tillaberi,DS Gotheye,Commune Dargol
wI79Ysryx2D,Niger,Tillaberi,DS Banibangou,Commune Banibangou
wI9JMNaq184,Niger,Tillaberi,DS Kollo,Commune Dantchandou
wICMXYD0jmy,Niger,Maradi,DS Dakoro,Commune Maiyara
wIegBQNS2ca,Niger,Zinder,DS Doungass,Commune Dungass
WIGklI2x7de,Niger,Zinder,DS Magaria,Commune Yekoua
wIHQZBce2p4,Niger,Niamey,DS Niamey II,Commune 2ème Arrondissement
Wiij28m2URL,Niger,Dosso,DS Dioundou,Commune Dioundiou
wip7t3AtMOp,Niger,Niamey,DS Niamey V,Commune 5ème Arrondissement
WIpesaUiPwL,Niger,Zinder,DS Doungass,Commune Dogo Dogo
wIqIUDrNfHs,Niger,Tahoua,DS Madaoua,Commune Sabon Guida
WITJVormD1X,Niger,Tahoua,DS Abalak,Commune Azeye
wiuALn4bp8c,Niger,Zinder,DS Tanout,Commune Tanout
wiYptUPXL0m,Niger,Tahoua,DS Tassara,Commune Tassara
WjD0qG8Vt1G,Niger,Zinder,DS Mirriah,Commune Gouna
WJOrAX4cR5n,Niger,Niamey,DS Niamey II,Commune 2ème Arrondissement
wju82zauXGk,Niger,Tillaberi,DS Tillabery,Commune Dessa
WJuYMpsdanI,Niger,Tillaberi,DS Kollo,Commune Hamdallaye
wJwb8rhkXey,Niger,Dosso,DS Dogon Doutchi,Commune Dan Kassari
wJYiXEv2bPp,Niger,Diffa,DS Diffa,Commune Diffa
wjYtPTNSUr3,Niger,Maradi,DS Aguié,Commune Tchadoua
wKATEOmiBcX,Niger,Maradi,DS Tessaoua,Commune Ourafane
wkbOmwjBurc,Niger,Zinder,DS Doungass,Commune Gouchy
wkhYmapqg2e,Niger,Zinder,DS Mirriah,Commune Mirriah
wkmTBij2WlK,Niger,Tillaberi,DS Ouallam,Commune Simiri
WkNAem2tJYk,Niger,Niamey,DS Niamey III,Commune 3ème Arrondissement
WkSmAnFBrIp,Niger,Maradi,DS Tessaoua,Commune Tessaoua
wL2EGIGjGAA,Niger,Zinder,DS Damgaram Takaya,HD Damagaram Takaya
WLEkGKjHhp3,Niger,Agadez,DS Iferouane,Commune Iférouane
wlgFJuOjaJD,Niger,Niamey,DS Niamey III,Commune 3ème Arrondissement
WLnb8wtJOrY,Niger,Maradi,DS Dakoro,Commune Soly
WLNpZI4snME,Niger,Tillaberi,DS Gotheye,Commune Gotheye
wlrk7Og3G22,Niger,Niamey,DS Niamey III,Commune 3ème Arrondissement
WLZfXO93sf5,Niger,Zinder,DS Doungass,Commune Dungass
wm9nvJ4CLr4,Niger,Tillaberi,DS Fillingue,Commune Tondikandia
Wmd9ZYIjOzx,Niger,Tahoua,DS Keita,HD Keita
wmFvsA1bJKE,Niger,Tillaberi,DS Fillingue,Commune Filingué
WMKvb5tumKh,Niger,Maradi,DS Guidan Roumdji,Commune Chadakori
WMM8LKjsHV9,Niger,Maradi,DS Dakoro,Commune Birni Lalle
WMNFMotYqAt,Niger,Maradi,DS Maradi Ville,Commune Maradi 3
wmPfa7bqyRR,Niger,Dosso,DS Dosso,Commune Dosso
wmPk9v6nxM5,Niger,Niamey,DS Niamey I,Commune 1er Arrondissement
wmWyYd0Tcby,Niger,Tillaberi,DS Fillingue,Commune Filingué
wmx1OqwGPHX,Niger,Tahoua,DS Abalak,Commune Tabalak
WMykX0nenFc,Niger,Zinder,DS Damgaram Takaya,Commune Albarkaram
wn7LZWW40O4,Niger,Tillaberi,DS Kollo,Commune Karma
wNBhYeVYgOW,Niger,Tillaberi,DS Torodi,Commune Torodi
WNdynTOnxSW,Niger,Tillaberi,DS Tillabery,Commune Tillabéri
wngv13Ckiyp,Niger,Maradi,DS Guidan Roumdji,HD Guidan Roumdji
WniCT2NIMuq,Niger,Agadez,DS Ingall,Commune Ingall
wNL2WOBaqhN,Niger,Dosso,DS Falmey,Commune Falmeye
WnL2xtiXISu,Niger,Zinder,DS Mirriah,Commune Droum
WnOSJRRJJSM,Niger,Tahoua,DS Illéla,Commune Illéla
Wnu1w6L6Xy6,Niger,Zinder,DS Damgaram Takaya,Commune Kagna Wamé
woaOGHEfpD4,Niger,Tahoua,DS Keita,Commune Tamaské
wOAqF78REao,Niger,Tahoua,DS Tahoua,Commune Bambeye
WOaQXgX6eqb,Niger,Maradi,DS Madarounfa,Commune Safo
wobHJpX9RgW,Niger,Agadez,DS Iferouane,Commune Timia
WoDGXUFbfra,Niger,Diffa,DS Goudoumaria,Commune Goudoumaria
woeGN098tir,Niger,Maradi,DS Dakoro,Commune Dakoro
WOfcdaK5mqF,Niger,Tillaberi,DS Kollo,Commune Namaro
wOFmCS67k3c,Niger,Maradi,DS Maradi Ville,Commune Maradi 3
wOjkY45q3Gv,Niger,Maradi,DS Madarounfa,Commune Gabi
WOkOpNNxkpx,Niger,Tillaberi,DS Kollo,Commune Karma
wOLjZrPJPEo,Niger,Niamey,DS Niamey II,Commune 2ème Arrondissement
woqkHfzTay5,Niger,Tahoua,DS Keita,Commune Keita
wOV2EHKstVC,Niger,Tillaberi,DS Kollo,Commune Bitinkodji
woVv6O8L2jf,Niger,Niamey,DS Niamey II,Commune 2ème Arrondissement
Woxlh8n6l6H,Niger,Zinder,DS Takeita,Commune Tirmini
WP2BYR86M7N,Niger,Tahoua,DS Tahoua Commune,HD Tahoua
Wp8ZRr4naiR,Niger,Dosso,DS Gaya,Commune Yélou
wPancmaxpEm,Niger,Zinder,DS Zinder Ville,Commune 5è Arrondissement
WPlCkPwFAhK,Niger,Niamey,DS Niamey V,Commune 5ème Arrondissement
wPPPCk4exdM,Niger,Maradi,DS Tessaoua,Commune Korgom
WPsjl5oZiK0,Niger,Agadez,DS Arlit,HD Arlit
WpT2hjOEMjK,Niger,Zinder,DS Tanout,Commune Ollélewa
wq6zxlAdQc5,Niger,Zinder,DS Matamèye,Commune Mataméye
WqDg1xfNqX5,Niger,Zinder,DS Zinder Ville,Commune 1er Arrondissement
WQFQI3OWXq2,Niger,Dosso,DS Gaya,Commune Bana
wqHsrEnxDGJ,Niger,Maradi,DS Maradi Ville,Commune Maradi 3
WqIy5ACCwZl,Niger,Tahoua,DS Bouza,Commune Déoulé
WQnj5rsWgBB,Niger,Tahoua,DS Birni Konni,Commune Birni N'Konni
wQonLCj7SPl,Niger,Niamey,DS Niamey II,Commune 2ème Arrondissement
wqPKJWPdKxo,Niger,Tillaberi,DS Kollo,Commune Karma
WQtdCYsOxaf,Niger,Tillaberi,DS Fillingue,Commune Imanan( Bonkoukou)
wr8LumLtkTi,Niger,Maradi,DS Madarounfa,Commune Sarkin Yamma
Wrb92pwbcRU,Niger,Zinder,DS Damgaram Takaya,HD Damagaram Takaya
WrJDhFswfgQ,Niger,Zinder,DS Zinder Ville,Commune 3è Arrondissement
wRl6ITgpJDB,Niger,Zinder,DS Goure,Commune Alakos
wrLvIywpliP,Niger,Zinder,DS Matamèye,Commune Yaouri
wrm7ULHN9HZ,Niger,Dosso,DS Dosso,Commune Dosso
wrZt60IEyUY,Niger,Niamey,DS Niamey II,Commune 2ème Arrondissement
Ws2wMYTKNtt,Niger,Agadez,DS Iferouane,Commune Iférouane
ws5WBRC9PiN,Niger,Tillaberi,DS Tera,Commune Diagourou
WsCNn8u5oT8,Niger,Diffa,DS Mainé Soroa,Commune N'Guel Beyli
wscrYWBNcUU,Niger,Dosso,DS Loga,HD Loga
WsEsBLbDOfu,Niger,Zinder,DS Matamèye,Commune Yaouri
wsIMr6OZG0n,Niger,Zinder,DS Goure,HD Goure
wslw4BnOMNK,Niger,Tahoua,DS Tassara,Commune Tassara
wSPYIc5B81y,Niger,Zinder,DS Mirriah,Commune Gaffaty
WSUzvXk8sRf,Niger,Zinder,DS Doungass,Commune Gouchy
WsWh1gJeSOd,Niger,Tillaberi,DS Balleyara,Commune Tagazar
wSZVAkqN5TW,Niger,Tahoua,DS Tahoua,Commune Kalfou
wT8v82xGFD0,Niger,Zinder,DS Damgaram Takaya,Commune Albarkaram
Wt9niL2LgVY,Niger,Zinder,DS Magaria,Commune Bande
wTjkPO7cDTs,Niger,Tahoua,DS Birni Konni,Commune Bazaga
wTlAJ7TlJNn,Niger,Tillaberi,DS Gotheye,Commune Gotheye
wTnlocvyE1a,Niger,Zinder,DS Doungass,Commune Dogo Dogo
WtO4pPFDZFv,Niger,Zinder,DS Takeita,Commune Tirmini
WTv9HfbcW3t,Niger,Maradi,DS Madarounfa,Commune Dan Issa
WtVZZDLTpVp,Niger,Zinder,DS Matamèye,Commune Kantché
wU3nE2ZysPY,Niger,Zinder,DS Zinder Ville,Commune 3è Arrondissement
Wu7dLDHP3om,Niger,Maradi,DS Madarounfa,Commune Safo
wu94CuTYrhN,Niger,Tillaberi,DS Tillabery,Commune Anzourou
WudnJa3eoBe,Niger,Tahoua,DS Tahoua,Commune Kalfou
wuHNDkpOMIs,Niger,Tahoua,DS Madaoua,HD Madaoua
WUITuCLLQet,Niger,Agadez,DS Tchirozérine,Commune Tchirozérine
wUKWExJO9Mz,Niger,Maradi,DS Guidan Roumdji,Commune Guidan Sori
Wumo2vhi12c,Niger,Niamey,DS Niamey I,Commune 1er Arrondissement
WVBcy7n8dPo,Niger,Tahoua,DS Madaoua,Commune Bangui
wVqJuNsEyOj,Niger,Zinder,DS Zinder Ville,Commune 5è Arrondissement
WVXFTPzANWe,Niger,Dosso,DS Dosso,Commune Tombokoirey
WvykTNHyTbO,Niger,Dosso,DS Boboye,Commune de Koygolo
WVZkyGsKTRe,Niger,Dosso,DS Dosso,Commune Dosso
wWao5zbvVdl,Niger,Tahoua,DS Abalak,Commune Abalak
WWDjXWB9zdk,Niger,Tahoua,DS Illéla,Commune Illéla
wwfCzojDzcK,Niger,Niamey,DS Niamey III,Commune 3ème Arrondissement
WwghbCjFJRC,Niger,Tillaberi,DS Torodi,Commune Makalondi
WwVTx1yEgst,Niger,Tillaberi,DS Ouallam,Commune Tondikiwindi
WX15JwCLSxu,Niger,Maradi,DS Dakoro,Commune Kornaka
wx96msLpGBe,Niger,Dosso,DS Boboye,Commune de Harikanassou
wY57TEUPEoM,Niger,Dosso,DS Loga,HD Loga
WYfk5T8515s,Niger,Niamey,DS Niamey V,Commune 5ème Arrondissement
wYidR7UPTRc,Niger,Agadez,DS Arlit,Commune Dannat
wynnWe9nvxD,Niger,Tillaberi,DS Tera,Commune Téra
wYp3BxF0okY,Niger,Diffa,DS Mainé Soroa,HD Maine Soroa
WyRl0ho7pfj,Niger,Dosso,DS Dosso,Commune Tessa
WYXZsdhW1GW,Niger,Niamey,DS Niamey III,Commune 3ème Arrondissement
WyytLqlJsch,Niger,Tahoua,DS Madaoua,Commune Madaoua
Wz6544HLgfQ,Niger,Maradi,DS Aguié,Commune Aguie
WZKG9G4RGUq,Niger,Zinder,DS Tanout,Commune Ollélewa
Wzugs5rWzBv,Niger,Tahoua,DS Tahoua,Commune Affala
WZWAXDqfhyL,Niger,Tahoua,DS Tahoua,Commune Affala
wzynLkWXrri,Niger,Maradi,DS Tessaoua,Commune Baoudeta
X02mbk0oEFV,Niger,Maradi,DS Guidan Roumdji,Commune Tibiri Maradi
X095fI5d8aR,Niger,Zinder,DS Damgaram Takaya,Commune Kagna Wamé
x0LZy7avEnP,Niger,Tahoua,DS Madaoua,HD Madaoua
x0qW98WhO6z,Niger,Maradi,DS Guidan Roumdji,Commune Guidan Roumdji
x1CQr0j6jFW,Niger,Tahoua,DS Madaoua,Commune Galma
x1m7l1h8KaE,Niger,Maradi,DS Guidan Roumdji,Commune Sae Saboua
x1NNTX7bdOw,Niger,Maradi,DS Mayahi,HD Mayahi
X2F6Zbr6ENN,Niger,Niamey,DS Niamey II,Commune 2ème Arrondissement
x2kZf5Rpu8k,Niger,Tahoua,DS Bagaroua,Commune Bagaroua
x2sLbEvf8ud,Niger,Diffa,DS Diffa,Commune Diffa
x3diMVSbjzN,Niger,Tillaberi,DS Say,Commune Guéladjo
x3f2lG1koRx,Niger,Tahoua,DS Keita,Commune Ibohamane
X3iVei7Whz6,Niger,Niamey,DS Niamey II,Commune 2ème Arrondissement
x3jLEdcca18,Niger,Tillaberi,DS Banibangou,Commune Banibangou
X3XNdvdXTVY,Niger,Niamey,DS Niamey II,Commune 2ème Arrondissement
X3yjZEejPZj,Niger,Maradi,DS Guidan Roumdji,Commune Guidan Sori
X4fXTsBk3MN,Niger,Maradi,DS Dakoro,Commune Dakoro
X4VjR7gwS2m,Niger,Diffa,DS Mainé Soroa,Commune Foulatari
x4WME8RokVm,Niger,Maradi,DS Mayahi,Commune Attantane
x5AAO9ZL8kL,Niger,Dosso,DS Tibiri,Commune Tibiri Doutchi
X5GQT1S3lRV,Niger,Tillaberi,DS Tillabery,Commune Anzourou
x60FAzDzC6K,Niger,Zinder,DS Magaria,Commune Bande
x6dv8N0rLpC,Niger,Zinder,DS Mirriah,HD Mirriah
x6KocuzxEVT,Niger,Maradi,DS Guidan Roumdji,Commune Sae Saboua
X6l73Hv8NEm,Niger,Agadez,DS Agadez,Commune Agadez
X6r8YsTixkI,Niger,Tahoua,DS Keita,HD Keita
x6wrxVQok8U,Niger,Tahoua,DS Illéla,HD Illéla
x7d5X6DwfaT,Niger,Maradi,DS Tessaoua,Commune Ourafane
X7LvLdHflLt,Niger,Zinder,DS Magaria,Commune Magaria
X7r1OtOwnw8,Niger,Tillaberi,DS Tera,HD Téra
x7u3RAKrMRA,Niger,Diffa,DS Diffa,Commune Diffa
x80YWFKwvjN,Niger,Niamey,DS Niamey III,Commune 3ème Arrondissement
X8aZrgGZ9Gy,Niger,Maradi,DS Dakoro,Commune Roumbou 1
x8ExEGPCupt,Niger,Zinder,DS Goure,Commune Gamou
x8Oni0oK7tl,Niger,Tahoua,DS Keita,Commune Keita
x8QOiQUS6cN,Niger,Tahoua,DS Tahoua,Commune Bambeye
x9aC9Dvxa97,Niger,Tillaberi,DS Torodi,Commune Torodi
x9OOD1DdpyJ,Niger,Diffa,DS Bosso,Commune Bosso
X9V0cP30qtD,Niger,Tahoua,DS Tahoua Commune,Commune Tahoua I
XA9zrksxRCC,Niger,Agadez,DS Aderbissinat,Commune Aderbissanat
xAbzS3sbq73,Niger,Zinder,DS Magaria,Commune Bande
XAcneHqKBUZ,Niger,Tillaberi,DS Ouallam,Commune Dingazi
XAn3XUyr4m7,Niger,Tahoua,DS Tahoua,Commune Tébaram
XaQssJoddrk,Niger,Maradi,DS Aguié,Commune Tchadoua
xAVQPhrRgJh,Niger,Maradi,DS Mayahi,Commune Guidan Amoumoune
XAy7NmJAV2H,Niger,Tahoua,DS Tahoua,Commune Bambeye
XAySvAHKJ5o,Niger,Tillaberi,DS Balleyara,Commune Tagazar
xazBDVNKkdn,Niger,Niamey,DS Niamey II,Commune 2ème Arrondissement
Xb0r4HcM5pt,Niger,Niamey,DS Niamey III,Commune 3ème Arrondissement
xb3c5hccAL3,Niger,Tahoua,DS Tchintabaraden,Commune Tchintabaraden
xbAG5pk8hNC,Niger,Tahoua,DS Tahoua Commune,Commune Tahoua Ii
xbAuulLXBew,Niger,Tillaberi,DS Kollo,Commune Namaro
Xbcx0yEdEo4,Niger,Maradi,DS Dakoro,Commune Goula
xBEI54AzJ09,Niger,Dosso,DS Boboye,Commune de Birni N'Gaouré
xbfSFBaPzLl,Niger,Tahoua,DS Malbaza,Commune Malbaza
XBlyyZyiTDg,Niger,Tillaberi,DS Tillabery,Commune Sakoira
XBnNZcEtjF2,Niger,Tillaberi,DS Kollo,Commune Dantchandou
xBpH6n5ThhN,Niger,Dosso,DS Dogon Doutchi,HD Dogon Doutchi
xBt5sePPaNG,Niger,Dosso,DS Dogon Doutchi,Commune Doutchi
Xbu6kHbrnIm,Niger,Maradi,DS Tessaoua,Commune Ourafane
xbUOLjx5SiI,Niger,Dosso,DS Dioundou,Commune Dioundiou
xbvD8kiK07s,Niger,Dosso,DS Loga,Commune Loga
XbxqttOVsYC,Niger,Niamey,DS Niamey V,HD Gaweye
Xc6wmt4tmlC,Niger,Maradi,DS Madarounfa,Commune Djiratawa
xC7k0hndy2e,Niger,Maradi,DS Dakoro,Commune Maiyara
Xc8I3diJs89,Niger,Tahoua,DS Bouza,HD Bouza
Xc9xp4crMDA,Niger,Tahoua,DS Malbaza,Commune Malbaza
XCAm9ycNLKD,Niger,Zinder,DS Goure,Commune Guidiguir
XCHoFmuAg8i,Niger,Dosso,DS Dogon Doutchi,Commune Dan Kassari
XClKnmkYvh2,Niger,Maradi,DS Mayahi,Commune Maireyreye
XCM4eaBtH90,Niger,Maradi,DS Dakoro,Commune Birni Lalle
XCOnzMOWcBO,Niger,Tahoua,DS Birni Konni,Commune Alléla
XcuUv97g724,Niger,Tillaberi,DS Balleyara,Commune Tagazar
XD8v8yovRHd,Niger,Tillaberi,DS Gotheye,HD Gotheye
xdB2L1Vg6Cm,Niger,Maradi,DS Dakoro,Commune Dakoro
xDe3WMQ8bIz,Niger,Niamey,DS Niamey I,Commune 1er Arrondissement
XDh4ziiK9j7,Niger,Niamey,DS Niamey III,Commune 3ème Arrondissement
xdjhT2fKF06,Niger,Dosso,DS Gaya,Commune Bana
XDM2hvLt0F2,Niger,Tillaberi,DS Tillabery,Commune Anzourou
XDwdEwz4q77,Niger,Zinder,DS Tesker,Commune Tesker
xdzNgH5qAZ1,Niger,Zinder,DS Tanout,Commune Ollélewa
xe66wNOJVOx,Niger,Maradi,DS Gazaoua,Commune Gazaoua
Xeo2FUW2pBp,Niger,Diffa,DS N'Guigmi,Commune N'Guigmi
XEoATGesTVZ,Niger,Maradi,DS Madarounfa,Commune Dan Issa
xF2x1GuHFac,Niger,Diffa,DS N'Gourti,Commune N'Gourti
Xf4iKAzgwCs,Niger,Niamey,DS Niamey I,Commune 1er Arrondissement
Xf9MCyielZr,Niger,Maradi,DS Tessaoua,HD Tessaoua
xFeYGUSjhzQ,Niger,Dosso,DS Dioundou,Commune Karakara
Xfhch6E2K3N,Niger,Dosso,DS Boboye,Commune de Fakara
xfPFIHMv6xL,Niger,Agadez,DS Ingall,Commune Ingall
XFpskzbxunI,Niger,Maradi,DS Mayahi,Commune Kanembakache
XFRHF6cyC2m,Niger,Agadez,DS Agadez,Commune Agadez
XFu7tHmNTh8,Niger,Zinder,DS Tanout,Commune Tanout
xFvcJ2KJ1qT,Niger,Tillaberi,DS Say,Commune Guéladjo
XgcDEybHliL,Niger,Maradi,DS Madarounfa,Commune Safo
XgkRfNa7Hc9,Niger,Zinder,DS Goure,Commune Kelle
XgzSgHNYfwM,Niger,Dosso,DS Dogon Doutchi,Commune Dogon Kirya
XhA8VxIYsGf,Niger,Tahoua,DS Tchintabaraden,Commune Tchintabaraden
xHCC04hZHhx,Niger,Maradi,DS Mayahi,Commune Maireyreye
XhdFx1K3wCy,Niger,Dosso,DS Dosso,Commune Dosso
XhF9TwCZ5Wi,Niger,Agadez,DS Tchirozérine,Commune Dabaga
XHl2c9Ke4iF,Niger,Zinder,DS Zinder Ville,Commune 3è Arrondissement
xhmDoPsAnR8,Niger,Zinder,DS Goure,Commune Goure
xHmQ6x3byMY,Niger,Tillaberi,DS Ouallam,Commune Simiri
xhMqMKn1AxO,Niger,Maradi,DS Maradi Ville,Commune Maradi 3
xHqHDb8c0BL,Niger,Dosso,DS Dioundou,Commune Zabori
xHQnjr82D3B,Niger,Zinder,DS Goure,Commune Kelle
XHUhJMNW8kG,Niger,Agadez,DS Arlit,Commune Gougaram
Xi3QTKDuEYC,Niger,Dosso,DS Boboye,Commune de Fakara
XiAXpK3sIfo,Niger,Agadez,DS Tchirozérine,Commune Tchirozérine
XiCuVgqKGdx,Niger,Niamey,DS Niamey V,Commune 5ème Arrondissement
xiG0pulymhp,Niger,Dosso,DS Boboye,Commune de Harikanassou
xIKgzIWch4R,Niger,Dosso,DS Dosso,Commune Garankedey
xilksA34KbZ,Niger,Zinder,DS Goure,Commune Alakos
XImtQ0DSbnw,Niger,Tillaberi,DS Kollo,Commune Karma
xiRWXDjaBRK,Niger,Zinder,DS Goure,Commune Kelle
xItQjcRRfzL,Niger,Dosso,DS Boboye,Commune N'Gonga
XIYWDOvjOOT,Niger,Zinder,DS Zinder Ville,Commune 1er Arrondissement
xj7Si8YEXhL,Niger,Tahoua,DS Keita,Commune Tamaské
Xj9d6pclpWq,Niger,Diffa,DS Diffa,Commune Chétimari
xje8DzcyubY,Niger,Zinder,DS Magaria,Commune Sassoumbroum
XjeuJJ6eVx9,Niger,Zinder,DS Zinder Ville,Commune 1er Arrondissement
xjo7PSOXrAH,Niger,Maradi,DS Mayahi,Commune Tchake
xjOfXo49JWP,Niger,Niamey,DS Niamey IV,Commune 4ème Arrondissement
xjQVKDvdr5q,Niger,Dosso,DS Dosso,Commune Farrey
xjSktGQskzx,Niger,Maradi,DS Guidan Roumdji,Commune Guidan Sori
xjSzJtuSncl,Niger,Dosso,DS Dogon Doutchi,Commune Matankari
XJx9q1ZreNB,Niger,Dosso,DS Loga,Commune Falwel
xjzz65AzMQh,Niger,Dosso,DS Dosso,Commune Dosso
XK8QklJl1rC,Niger,Zinder,DS Damgaram Takaya,Commune Guidimouni
XKERDTuH7eK,Niger,Dosso,DS Gaya,Commune Bengou
xkJeGKDsM7M,Niger,Maradi,DS Aguié,HD Aguié
xKo9xqDpDbD,Niger,Tahoua,DS Tassara,Commune Tassara
XKqNi3DUOqK,Niger,Maradi,DS Madarounfa,Commune Gabi
XKtYbCpGmaJ,Niger,Tillaberi,DS Kollo,Commune Kollo
XKYLVARISFx,Niger,Zinder,DS Zinder Ville,Commune 1er Arrondissement
xl5kZo3mPSE,Niger,Tahoua,DS Illéla,Commune Illéla
xlCKP77Gljc,Niger,Maradi,DS Maradi Ville,Commune Maradi 3
Xlj5aDe1Fdo,Niger,Tillaberi,DS Kollo,Commune Kirtachi
XlKiHEKjXHU,Niger,Tillaberi,DS Kollo,Commune Youri
XllLzXrJ3d3,Niger,Maradi,DS Gazaoua,Commune Gazaoua
Xlm7gOSFTZj,Niger,Zinder,DS Mirriah,Commune Mirriah
XlRXhQPH70X,Niger,Zinder,DS Goure,Commune Goure
XLs9WgoEime,Niger,Zinder,DS Mirriah,Commune Dogo
XLuBEiZvgyf,Niger,Tahoua,DS Tahoua Commune,Commune Tahoua Ii
XLvfyG9s7OK,Niger,Dosso,DS Dosso,Commune Farrey
XLw5w8z6e8M,Niger,Dosso,DS Tibiri,Commune Tibiri Doutchi
xmC7Jf3C8QQ,Niger,Niamey,DS Niamey V,HD Gaweye
xmeENlZf8I9,Niger,Tahoua,DS Abalak,HD Abalak
XmJGa8IMmK5,Niger,Dosso,DS Tibiri,Commune Tibiri Doutchi
xMJLBa4vFKZ,Niger,Tahoua,DS Abalak,Commune Azeye
xmkxQQqncGe,Niger,Tillaberi,DS Tera,Commune Kokorou
XMoBPdz55vu,Niger,Maradi,DS Guidan Roumdji,HD Guidan Roumdji
xmRtWGHP61u,Niger,Zinder,DS Mirriah,Commune Mirriah
Xn6KcOgy8hj,Niger,Agadez,DS Ingall,Commune Ingall
XnAflUrwHK9,Niger,Maradi,DS Guidan Roumdji,Commune Tibiri Maradi
xndN8rHo5em,Niger,Dosso,DS Boboye,Commune de Koygolo
xNdoUYUKCv1,Niger,Agadez,DS Tchirozérine,Commune Tchirozérine
xNFjfFWpEfv,Niger,Agadez,DS Iferouane,Commune Iférouane
xnFmXVvY1Bn,Niger,Zinder,DS Mirriah,Commune Dogo
xNksVqqloov,Niger,Dosso,DS Loga,Commune Sokorbé
xNOIyicwWi1,Niger,Tahoua,DS Keita,Commune Garhanga
xnXEAQVmzfW,Niger,Tillaberi,DS Say,Commune Guéladjo
xoHKcrQ9z65,Niger,Tahoua,DS Tahoua,Commune Tébaram
xoi43SlojaE,Niger,Maradi,DS Tessaoua,Commune Korgom
XOn2X9SkM3B,Niger,Maradi,DS Madarounfa,Commune Madarounfa
XOpkSbocRff,Niger,Tahoua,DS Tchintabaraden,Commune Tchintabaraden
xOtHDcek6jj,Niger,Maradi,DS Maradi Ville,Commune Maradi 3
XOWWJnVqfR6,Niger,Tahoua,DS Bouza,Commune Baban Katami
XpDWRTBQBDQ,Niger,Zinder,DS Magaria,Commune Magaria
xpfJr1CbMyG,Niger,Tahoua,DS Birni Konni,HD Birni N'Konni
xPI5HKglaCj,Niger,Tillaberi,DS Say,HD Say
XPimnIRiLHa,Niger,Tahoua,DS Malbaza,Commune Malbaza
xPNTt2fAb7M,Niger,Tahoua,DS Birni Konni,HD Birni N'Konni
xpO2AEyCpu4,Niger,Dosso,DS Boboye,Commune N'Gonga
xpoRzLqotQy,Niger,Zinder,DS Takeita,Commune Tirmini
XPQJxda668u,Niger,Dosso,DS Boboye,HD Boboye
XPRM738MTuQ,Niger,Maradi,DS Madarounfa,Commune Dan Issa
XPRpEB0Z29Z,Niger,Dosso,DS Dogon Doutchi,Commune Dan Kassari
xQC69A9P0b8,Niger,Diffa,DS Mainé Soroa,Commune N'Guel Beyli
XqFvNKSAePZ,Niger,Tillaberi,DS Gotheye,Commune Gotheye
xQiGJblRYw6,Niger,Zinder,DS Magaria,Commune Bande
XqkFrUGvuA9,Niger,Diffa,DS Diffa,Commune Gueskerou
xqMSSQwJcqv,Niger,Maradi,DS Maradi Ville,Commune Maradi 2
Xr6wadDM7YU,Niger,Maradi,DS Guidan Roumdji,Commune Guidan Sori
XrnbY8DidTF,Niger,Tillaberi,DS Balleyara,Commune Tagazar
xRwMmuaxcZ8,Niger,Zinder,DS Magaria,HD Magaria
xrxdM6ZriLq,Niger,Maradi,DS Madarounfa,Commune Safo
xrZt3iS3qWV,Niger,Tillaberi,DS Say,Commune Guéladjo
xS3n6XKtAYx,Niger,Maradi,DS Maradi Ville,Commune Maradi 1
XsDi9reECYl,Niger,Zinder,DS Takeita,Commune Tirmini
XSeqFrf3R0u,Niger,Dosso,DS Tibiri,Commune Kore Mairoua
XSi52PGOdyE,Niger,Tahoua,DS Abalak,HD Abalak
xsMgseS46GO,Niger,Maradi,DS Tessaoua,Commune Koona
xSPbADpztKe,Niger,Zinder,DS Tesker,Commune Tesker
xsqgARyY3WT,Niger,Diffa,DS N'Gourti,Commune N'Gourti
XsRbL0Oicf9,Niger,Tillaberi,DS Balleyara,Commune Tagazar
xSwlgZS3zTX,Niger,Zinder,DS Matamèye,HD Matameye
XSYOqRNto2J,Niger,Zinder,DS Goure,Commune Gamou
xSzW18sRxnZ,Niger,Tillaberi,DS Banibangou,Commune Banibangou
Xt8SSuVFpSz,Niger,Zinder,DS Doungass,Commune Dungass
XTdSaenaQMt,Niger,Maradi,DS Madarounfa,Commune Sarkin Yamma
xthRrDj9hM9,Niger,Tahoua,DS Illéla,Commune Illéla
xTtMlH6Fzz3,Niger,Dosso,DS Dosso,Commune Tessa
XtuMvdQeIup,Niger,Tahoua,DS Bouza,Commune Déoulé
XtUuyW2Lvk6,Niger,Zinder,DS Doungass,Commune Dungass
xTzojyHB0V7,Niger,Tillaberi,DS Fillingue,Commune Imanan( Bonkoukou)
xU3wz1K9vbD,Niger,Zinder,DS Tanout,HD Tanout
XubHWOXPM08,Niger,Maradi,DS Guidan Roumdji,Commune Tibiri Maradi
xUCZiNxbkzM,Niger,Zinder,DS Damgaram Takaya,Commune Guidimouni
Xue7lYSZUU4,Niger,Dosso,DS Boboye,Commune de Koygolo
xuellk6sSGR,Niger,Tillaberi,DS Gotheye,Commune Gotheye
xuH0omG0YHo,Niger,Tillaberi,DS Kollo,Commune Namaro
xuJA3VnYtoR,Niger,Maradi,DS Mayahi,Commune Tchake
xUo2Dj05Khg,Niger,Maradi,DS Dakoro,Commune Adjekoria
XuusdjTi1uM,Niger,Maradi,DS Aguié,Commune Tchadoua
xuxfPUpbGBs,Niger,Tahoua,DS Tchintabaraden,Commune Tchintabaraden
xuZcww64B4c,Niger,Maradi,DS Dakoro,Commune Goula
XV7p2k4Bdoi,Niger,Zinder,DS Matamèye,HD Matameye
xVHcQl84TWE,Niger,Tahoua,DS Tahoua Commune,Commune Tahoua Ii
xvi3KgjN20L,Niger,Tillaberi,DS Say,Commune Tamou
xviZ0j0xb4V,Niger,Maradi,DS Guidan Roumdji,Commune Tibiri Maradi
xVIZUmymNco,Niger,Tahoua,DS Bagaroua,HD Bagaroua
xvm0YaMGYoC,Niger,Tahoua,DS Tassara,Commune Tassara
xvNlHFxou0S,Niger,Tahoua,DS Keita,Commune Garhanga
XvpjgY77CEU,Niger,Zinder,DS Tanout,Commune Gangara Tanout
XVPZ8OOLCE2,Niger,Dosso,DS Boboye,Commune de Birni N'Gaouré
xvrLWRYcWtu,Niger,Dosso,DS Dogon Doutchi,HD Dogon Doutchi
xVRUPEpkgP8,Niger,Diffa,DS Mainé Soroa,Commune Maïné Soroa
xVTVmEkmFLt,Niger,Tahoua,DS Tahoua,Commune Affala
xvusSU98eol,Niger,Tillaberi,DS Ouallam,Commune Ouallam
xvWOvsRCVGM,Niger,Zinder,DS Zinder Ville,Commune 4è Arrondissement
xVyJkaG59dd,Niger,Zinder,DS Tesker,Commune Tesker
xvyKZLxvcry,Niger,Zinder,DS Belbedji,Commune Tarka
xvyvRpZ4vEs,Niger,Zinder,DS Magaria,Commune Sassoumbroum
XVyZKBWUSTX,Niger,Tillaberi,DS Gotheye,Commune Dargol
xvZArwxsm2p,Niger,Dosso,DS Boboye,Commune Kankandi
xw0z5ccbuBE,Niger,Zinder,DS Matamèye,Commune Kantché
Xw5b1IFueMd,Niger,Tahoua,DS Birni Konni,Commune Tsernaoua
xWbQbhuhvif,Niger,Tillaberi,DS Tillabery,Commune Tillabéri
xWCVW4nVUyg,Niger,Niamey,DS Niamey II,Commune 2ème Arrondissement
xWiBhZVbJgo,Niger,Dosso,DS Dosso,Commune Tombokoirey
XWIVJi8PmaP,Niger,Niamey,DS Niamey II,Commune 2ème Arrondissement
XWqzLvW23GC,Niger,Dosso,DS Dogon Doutchi,Commune Dogon Kirya
XX5pc87bH7U,Niger,Tillaberi,DS Tillabery,Commune Kourtey
Xx5V652WJ2u,Niger,Maradi,DS Tessaoua,Commune Tessaoua
XxAwpchFrAw,Niger,Tahoua,DS Bagaroua,Commune Bagaroua
XXaywofrYJ5,Niger,Dosso,DS Dogon Doutchi,Commune Soucoucoutane
xxqUnSSSYSJ,Niger,Zinder,DS Doungass,Commune Dungass
Xxsh4rK5wgt,Niger,Niamey,DS Niamey II,Commune 2ème Arrondissement
XxywxKvyWu9,Niger,Tillaberi,DS Fillingue,HD Filingué
xY9Fvhupvqe,Niger,Dosso,DS Falmey,Commune Falmeye
xylkZ8C54lN,Niger,Tillaberi,DS Ouallam,Commune Simiri
Xyofka60twZ,Niger,Niamey,DS Niamey I,Commune 1er Arrondissement
XyOzjVC20F5,Niger,Maradi,DS Maradi Ville,Commune Maradi 2
xyqWxSoMv90,Niger,Maradi,DS Madarounfa,Commune Sarkin Yamma
xyYYHlCskZX,Niger,Diffa,DS Mainé Soroa,Commune Maïné Soroa
xyz1ALb5pZm,Niger,Tahoua,DS Tahoua,Commune Barmou
XYzJYp1BcGp,Niger,Maradi,DS Tessaoua,Commune Ourafane
xyzopazZ5cA,Niger,Tahoua,DS Keita,Commune Ibohamane
xZ6td2cq7Fs,Niger,Zinder,DS Goure,Commune Kelle
XzA3VLXydqR,Niger,Niamey,DS Niamey III,Commune 3ème Arrondissement
xZdTfPQQknk,Niger,Zinder,DS Matamèye,Commune Daouche
xzNkUlSAZEe,Niger,Diffa,DS Mainé Soroa,Commune Maïné Soroa
XZrbRvfxOj1,Niger,Dosso,DS Boboye,Commune Fabidji
XZvgQrp1sRg,Niger,Tahoua,DS Keita,Commune Ibohamane
xzXkg3e0edO,Niger,Tillaberi,DS Banibangou,Commune Banibangou
XzY6CGYLFH6,Niger,Tillaberi,DS Tera,Commune Diagourou
XzyovIDjsAW,Niger,Tahoua,DS Birni Konni,Commune Bazaga
Y0d7nsFZiYc,Niger,Agadez,DS Ingall,Commune Ingall
y0DHPuOpMYi,Niger,Dosso,DS Loga,Commune Loga
Y0IwGK498ss,Niger,Zinder,DS Tanout,Commune Ollélewa
y0O7Wvsd9L6,Niger,Tillaberi,DS Torodi,Commune Makalondi
Y0QZVmgsF5j,Niger,Maradi,DS Aguié,HD Aguié
y106a1B9nSY,Niger,Zinder,DS Damgaram Takaya,Commune Guidimouni
y13bpfAQy2N,Niger,Zinder,DS Mirriah,HD Mirriah
y1iuUHGSKhS,Niger,Dosso,DS Loga,Commune Loga
Y23SbqYYaK6,Niger,Agadez,DS Tchirozérine,Commune Tabelot
y2NoiRbVA8Z,Niger,Niamey,DS Niamey I,Commune 1er Arrondissement
Y2uG9OTvCTD,Niger,Zinder,DS Goure,Commune Boune
Y2XaX3TZVne,Niger,Tillaberi,DS Ouallam,HD Ouallam
y2yH6UoepF9,Niger,Maradi,DS Guidan Roumdji,Commune Chadakori
Y3tDG8P1ovy,Niger,Tillaberi,DS Tillabery,Commune Sakoira
y4laJqrciPq,Niger,Maradi,DS Maradi Ville,Commune Maradi 3
Y4ZDy1aN4AW,Niger,Diffa,DS Diffa,Commune Chétimari
y73c723wHL7,Niger,Dosso,DS Dogon Doutchi,Commune Dogon Kirya
Y78DZdGRjvf,Niger,Zinder,DS Magaria,Commune Sassoumbroum
Y7AHkPmoNjM,Niger,Maradi,DS Maradi Ville,Commune Maradi 3
Y7unYaaDby6,Niger,Zinder,DS Matamèye,Commune Mataméye
y7VHwPOeTp4,Niger,Tillaberi,DS Ouallam,Commune Tondikiwindi
Y7VSWqFfG4G,Niger,Maradi,DS Dakoro,Commune Dakoro
y85qW3GcxBp,Niger,Diffa,DS Diffa,Commune Diffa
y87sqiqXs1I,Niger,Tillaberi,DS Banibangou,Commune Banibangou
y8CXKF22534,Niger,Zinder,DS Magaria,Commune Magaria
Y8fHIcAY24O,Niger,Tahoua,DS Illéla,Commune Badaguichiri
Y8R4KtUEqJ9,Niger,Zinder,DS Tanout,Commune Tanout
y8uxKSTlWOr,Niger,Zinder,DS Tanout,Commune Gangara Tanout
Y8W7MFZxaB7,Niger,Tahoua,DS Madaoua,Commune Azerori
Y9zIdGj64Cq,Niger,Zinder,DS Matamèye,HD Matameye
YAe8YUrlK4a,Niger,Tillaberi,DS Fillingue,Commune Filingué
yaFviwCWsOh,Niger,Zinder,DS Doungass,Commune Gouchy
Yai7T1Uu14o,Niger,Diffa,DS Diffa,Commune Gueskerou
YaJLQ1fEI3J,Niger,Zinder,DS Magaria,Commune Magaria
YauvzeLNg1t,Niger,Zinder,DS Mirriah,Commune Hamdara
YAy5XKFnJFE,Niger,Dosso,DS Dosso,Commune Sambera
yb0FxoXEW6P,Niger,Tahoua,DS Tahoua,Commune Bambeye
YB8zjWMx6L9,Niger,Agadez,DS Agadez,Commune Agadez
yb9JHELzZLu,Niger,Zinder,DS Zinder Ville,Commune 4è Arrondissement
ybRjTeME9XQ,Niger,Tillaberi,DS Fillingue,HD Filingué
ybU17ygx2Ii,Niger,Zinder,DS Zinder Ville,Commune 3è Arrondissement
YbvDEfd3eXY,Niger,Maradi,DS Dakoro,Commune Adjekoria
yBZUd2Ev6Bt,Niger,Zinder,DS Zinder Ville,Commune 3è Arrondissement
yC7e9pomOad,Niger,Zinder,DS Tanout,Commune Tanout
yCsFuYmTgEJ,Niger,Dosso,DS Tibiri,Commune Tibiri Doutchi
yCZdxWowOQd,Niger,Dosso,DS Boboye,Commune de Birni N'Gaouré
yD1JCxJ6BYp,Niger,Tillaberi,DS Ouallam,Commune Tondikiwindi
YD3bhITyj8Z,Niger,Zinder,DS Tanout,Commune Tenhya
yDcaKFpA89i,Niger,Agadez,DS Agadez,Commune Agadez
YDrb0P5ches,Niger,Dosso,DS Dosso,Commune Sakadamna
ye5H97kfAbs,Niger,Niamey,DS Niamey IV,Commune 4ème Arrondissement
YeavZnM0KIA,Niger,Dosso,DS Loga,Commune Falwel
yeb7uuJH3Jy,Niger,Zinder,DS Magaria,Commune Dantchiao
yeBr21UymL7,Niger,Zinder,DS Matamèye,Commune Daouche
yeikDvGAQs6,Niger,Tillaberi,DS Gotheye,Commune Dargol
YEQQXeFP8LI,Niger,Maradi,DS Tessaoua,HD Tessaoua
yF1rZDbAHAS,Niger,Diffa,DS Mainé Soroa,Commune Maïné Soroa
yf4tsEVX2IL,Niger,Maradi,DS Guidan Roumdji,Commune Tibiri Maradi
Yfdnl5x9kmv,Niger,Zinder,DS Zinder Ville,Commune 4è Arrondissement
yfFKtWUQOXq,Niger,Tahoua,DS Tahoua Commune,HD Tahoua
YfhjADUMBuh,Niger,Niamey,DS Niamey II,Commune 2ème Arrondissement
YFiwpoOlKsH,Niger,Maradi,DS Guidan Roumdji,Commune Sae Saboua
yFKI6RiYDw6,Niger,Tahoua,DS Birni Konni,Commune Tsernaoua
yFm5eNUHGRL,Niger,Tillaberi,DS Tillabery,Commune Anzourou
Yfrj3fmUQ0V,Niger,Agadez,DS Arlit,Commune Arlit
YfrmihkqQoy,Niger,Zinder,DS Doungass,Commune Gouchy
yftQ1VV5NkL,Niger,Dosso,DS Dosso,Commune Farrey
YFuN8BfZICQ,Niger,Agadez,DS Tchirozérine,Commune Tchirozérine
Yfz2LeJk1U5,Niger,Dosso,DS Dogon Doutchi,Commune Dogon Kirya
YG1WCVWbpGd,Niger,Zinder,DS Magaria,Commune Magaria
yGAoFZhjFCH,Niger,Tahoua,DS Tchintabaraden,Commune Tchintabaraden
yGAyByAbCk1,Niger,Tahoua,DS Madaoua,Commune Ourno
yGgzeXqOtX5,Niger,Maradi,DS Guidan Roumdji,Commune Sae Saboua
YGRtxC8KhkK,Niger,Tillaberi,DS Fillingue,Commune Tondikandia
YGs6JUSHlPL,Niger,Tahoua,DS Abalak,Commune Abalak
yH1dThtZqII,Niger,Zinder,DS Takeita,Commune Garagoumsa
yH2ltdPDmeX,Niger,Niamey,DS Niamey III,Commune 3ème Arrondissement
Yh45cUJCJ2W,Niger,Zinder,DS Mirriah,Commune Droum
yH5cklg2X5F,Niger,Dosso,DS Gaya,Commune Gaya
yh5nox7rzfP,Niger,Tillaberi,DS Abala,Commune Sanam
yHcjSPjxk2H,Niger,Dosso,DS Dosso,Commune Tessa
yHHuMBKV4hU,Niger,Niamey,DS Niamey II,Commune 2ème Arrondissement
yhIJVg060eR,Niger,Niamey,DS Niamey III,Commune 3ème Arrondissement
Yho0eiF5UXw,Niger,Niamey,DS Niamey II,Commune 2ème Arrondissement
yhPoGz0gCFc,Niger,Diffa,DS Diffa,Commune Diffa
yhVHLMBpU8x,Niger,Tillaberi,DS Kollo,Commune Dantchandou
yhVmQ7TB7Gh,Niger,Tahoua,DS Bouza,Commune Bouza
YHZJjxPsdqx,Niger,Tahoua,DS Bouza,Commune Baban Katami
YhzsdhARlIL,Niger,Dosso,DS Gaya,Commune Bana
YIB4DF55mR0,Niger,Maradi,DS Tessaoua,Commune Maijirgui
YiFn0eWPkAd,Niger,Agadez,DS Ingall,Commune Ingall
yIOvDCKjGZ3,Niger,Agadez,DS Agadez,Commune Agadez
yir1ynBbDHM,Niger,Agadez,DS Aderbissinat,Commune Aderbissanat
YIz74w29XUA,Niger,Tillaberi,DS Torodi,Commune Torodi
YJ8q8cZE9oN,Niger,Zinder,DS Doungass,Commune Mallaoua
YjFD5yw2KbY,Niger,Dosso,DS Dioundou,Commune Karakara
yJg7akzoC4O,Niger,Tahoua,DS Madaoua,Commune Ourno
YJlbc6fce2S,Niger,Tahoua,DS Abalak,HD Abalak
yJlE5vU1V0q,Niger,Dosso,DS Dioundou,Commune Karakara
yJmqzq1pWxr,Niger,Maradi,DS Dakoro,Commune Dan Goulbi
YJQYZMNnQRT,Niger,Maradi,DS Bermo,Commune Bermo
YjVvPidSiqG,Niger,Zinder,DS Tanout,Commune Ollélewa
yJZYc2l9VPn,Niger,Tillaberi,DS Torodi,Commune Makalondi
Yk3F2SuVlEk,Niger,Tahoua,DS Tahoua,Commune Affala
yKa40OOelcc,Niger,Zinder,DS Takeita,Commune Dakoussa
ykmP3K4CRFw,Niger,Zinder,DS Goure,Commune Goure
yKnYajnTQox,Niger,Maradi,DS Maradi Ville,Commune Maradi 1
YL9N6iErLgB,Niger,Maradi,DS Maradi Ville,Commune Maradi 2
yLEKeSrIazG,Niger,Tillaberi,DS Gotheye,Commune Gotheye
ylElgfz9Zb4,Niger,Tahoua,DS Madaoua,Commune Galma
ym4zpUyIhnW,Niger,Niamey,DS Niamey III,Commune 3ème Arrondissement
YmANgWo4Zuc,Niger,Zinder,DS Tanout,Commune Tenhya
ymdZ64r6VQy,Niger,Tillaberi,DS Gotheye,Commune Gotheye
yMEFntuY8AI,Niger,Agadez,DS Tchirozérine,Commune Dabaga
yMMlivd05je,Niger,Tillaberi,DS Tera,HD Téra
yMrOuKXMopq,Niger,Zinder,DS Zinder Ville,Commune 3è Arrondissement
Yn6cb8KXnsP,Niger,Maradi,DS Dakoro,Commune Soly
yn7GhHiqmPE,Niger,Zinder,DS Goure,Commune Alakos
yNDCmPfvMkT,Niger,Tahoua,DS Keita,HD Keita
YNghmaHgDAe,Niger,Maradi,DS Aguié,Commune Aguie
YnjZ59Nj0ek,Niger,Tahoua,DS Illéla,Commune Illéla
yNMvwJ4URxg,Niger,Dosso,DS Dogon Doutchi,Commune Matankari
YnnORaxhiGh,Niger,Dosso,DS Dioundou,Commune Zabori
ynOo4N0N9NO,Niger,Zinder,DS Goure,Commune Kelle
YnrnizxbJdy,Niger,Tillaberi,DS Ayorou,Commune Ayorou
yNSL1dO7B9J,Niger,Tahoua,DS Tahoua,Commune Barmou
yo1Qg8e8UmY,Niger,Tahoua,DS Tassara,Commune Tassara
yo9jTydHfn2,Niger,Maradi,DS Dakoro,Commune Dan Goulbi
yoKz1IeFC2w,Niger,Tahoua,DS Madaoua,Commune Ourno
YOllXmR6aOU,Niger,Zinder,DS Zinder Ville,Commune 3è Arrondissement
YOoT69u6RAo,Niger,Dosso,DS Dogon Doutchi,Commune Matankari
yoq5uut1kdL,Niger,Niamey,DS Niamey III,Commune 3ème Arrondissement
youGQyvKdkg,Niger,Tillaberi,DS Banibangou,Commune Banibangou
ypBwXJSrtLL,Niger,Maradi,DS Tessaoua,Commune Koona
YpF3JeF0pGZ,Niger,Maradi,DS Madarounfa,Commune Safo
ypfRVojfGXQ,Niger,Maradi,DS Bermo,Commune Gadabedji
ypmtald3mAw,Niger,Maradi,DS Dakoro,Commune Maiyara
YPrHisQ3ZZc,Niger,Zinder,DS Belbedji,Commune Tarka
ypTmper74sq,Niger,Niamey,DS Niamey III,Commune 3ème Arrondissement
Yptv45vmIZ7,Niger,Tillaberi,DS Tillabery,Commune Tillabéri
ypvMXbKg3P1,Niger,Tillaberi,DS Ayorou,Commune Ayorou
YQ78IrXZ924,Niger,Zinder,DS Belbedji,Commune Tarka
YqeIha4xkJp,Niger,Niamey,DS Niamey III,Commune 3ème Arrondissement
yqKRdowkNPK,Niger,Tahoua,DS Tahoua,Commune Bambeye
YQSzgPiyk4R,Niger,Dosso,DS Dioundou,Commune Karakara
Yr1vQ8Yz6do,Niger,Tahoua,DS Keita,Commune Tamaské
YR9fMyo0CEF,Niger,Tahoua,DS Tahoua,Commune Kalfou
yr9sgwt6yBe,Niger,Diffa,DS Mainé Soroa,Commune Maïné Soroa
YRG2Iu6R3ZI,Niger,Tillaberi,DS Ouallam,Commune Simiri
YrJedutxWZ2,Niger,Maradi,DS Maradi Ville,Commune Maradi 2
yrNMi8p3q9X,Niger,Tahoua,DS Birni Konni,Commune Birni N'Konni
yRr8yOGLOZQ,Niger,Zinder,DS Doungass,Commune Gouchy
yRsx7IegqpR,Niger,Tahoua,DS Tahoua Commune,Commune Tahoua I
YrUMInzjina,Niger,Dosso,DS Dosso,Commune Kargui Bangou
yRxcRjVtGQs,Niger,Tillaberi,DS Fillingue,Commune Tondikandia
YrXJiVebrRM,Niger,Tahoua,DS Tchintabaraden,Commune Kaou
YS1fvGCMsAl,Niger,Tillaberi,DS Torodi,Commune Torodi
yS3teoCnggJ,Niger,Niamey,DS Niamey III,Commune 3ème Arrondissement
Ys7iialYuZn,Niger,Niamey,DS Niamey V,Commune 5ème Arrondissement
YSGuaMuQtyq,Niger,Tillaberi,DS Tillabery,Commune Sinder
ySiAWsSuoHE,Niger,Agadez,DS Iferouane,Commune Timia
YsJdtaA0cUn,Niger,Niamey,DS Niamey II,Commune 2ème Arrondissement
ySnzEcnm12Z,Niger,Niamey,DS Niamey IV,Commune 4ème Arrondissement
ySo18PAvca1,Niger,Dosso,DS Gaya,Commune Tounouga
ysqmEGDuTsE,Niger,Maradi,DS Dakoro,Commune Soly
ysvvKhLMMKF,Niger,Niamey,DS Niamey IV,Commune 4ème Arrondissement
YT7iMv83Tv6,Niger,Tillaberi,DS Kollo,Commune Namaro
YT7JAyJPxAf,Niger,Zinder,DS Mirriah,Commune Droum
YTakR3moX4Q,Niger,Tahoua,DS Illéla,Commune Illéla
YtDKdysI87O,Niger,Niamey,DS Niamey I,Commune 1er Arrondissement
YTfVPzj20HE,Niger,Zinder,DS Damgaram Takaya,Commune Kagna Wamé
yTkhvyItJ1F,Niger,Tahoua,DS Tassara,Commune Tassara
ytkIesMZ6Xr,Niger,Maradi,DS Madarounfa,Commune Djiratawa
yTkWaMxz4mS,Niger,Tahoua,DS Madaoua,Commune Bangui
ytlIz7e6qxp,Niger,Tahoua,DS Keita,HD Keita
YUawgk2S2m8,Niger,Maradi,DS Mayahi,Commune Issawane
yuea9sEBwy4,Niger,Tillaberi,DS Tera,Commune Téra
yueR5nlVWxN,Niger,Zinder,DS Tanout,Commune Gangara Tanout
yUgGyaLyG8r,Niger,Maradi,DS Mayahi,Commune Guidan Amoumoune
YUlaNdBDrvB,Niger,Agadez,DS Tchirozérine,Commune Dabaga
yuPdJ9o3wUr,Niger,Tahoua,DS Illéla,Commune Illéla
YutbMHDNbf0,Niger,Zinder,DS Takeita,Commune Dakoussa
yv3J5gaQofO,Niger,Maradi,DS Madarounfa,Commune Gabi
Yv9QR0LBpL3,Niger,Dosso,DS Falmey,Commune Falmeye
Yvf9AR1WQ0G,Niger,Tahoua,DS Illéla,Commune Illéla
YVJfBW6dx5l,Niger,Zinder,DS Damgaram Takaya,Commune Guidimouni
YvLNIJ2Nqj0,Niger,Niamey,DS Niamey I,Commune 1er Arrondissement
yvme3HCimDN,Niger,Niamey,DS Niamey II,Commune 2ème Arrondissement
YvQYetMu3Gl,Niger,Zinder,DS Matamèye,Commune Mataméye
yVwVrHRFu0V,Niger,Niamey,DS Niamey II,Commune 2ème Arrondissement
Ywaz7Cp95WP,Niger,Maradi,DS Mayahi,Commune Attantane
YWcutyX38ny,Niger,Dosso,DS Dosso,Commune Dosso
ywfNnpZASTr,Niger,Tahoua,DS Tahoua,Commune Kalfou
ywHmVTnQDcr,Niger,Tillaberi,DS Fillingue,Commune Tondikandia
YwOb0WDRSY8,Niger,Maradi,DS Tessaoua,Commune Ourafane
YwPxqtU0pFi,Niger,Maradi,DS Madarounfa,Commune Madarounfa
yWtX7nFl3HL,Niger,Tillaberi,DS Tillabery,Commune Sinder
YwyTyualJ6L,Niger,Niamey,DS Niamey I,Commune 1er Arrondissement
YX6wexs7dgj,Niger,Zinder,DS Magaria,Commune Magaria
YX7mz38QGeQ,Niger,Dosso,DS Dosso,Commune Dosso
YXab94oLlEP,Niger,Zinder,DS Matamèye,Commune Tsaouni
yXbABoSj9iv,Niger,Agadez,DS Ingall,Commune Ingall
YxD7NUUZpGQ,Niger,Dosso,DS Dosso,Commune Dosso
yXFfi0mUAw3,Niger,Tahoua,DS Birni Konni,HD Birni N'Konni
YXIdjBtG8Qs,Niger,Maradi,DS Aguié,Commune Aguie
YxmRa9o0ufq,Niger,Tahoua,DS Tillia,Commune Tillia
yxogcbPpcQy,Niger,Tahoua,DS Keita,HD Keita
Yy0NTvtAUCk,Niger,Tahoua,DS Tillia,Commune Tillia
Yy188WtMDoJ,Niger,Niamey,DS Niamey III,Commune 3ème Arrondissement
yy2M65Ge3EW,Niger,Maradi,DS Dakoro,Commune Kornaka
YYbXFA0MUVe,Niger,Niamey,DS Niamey I,Commune 1er Arrondissement
YYEVchu7c9h,Niger,Tillaberi,DS Fillingue,Commune Imanan( Bonkoukou)
yYgOmkgUxf9,Niger,Dosso,DS Gaya,Commune Gaya
YymmOHN75VT,Niger,Maradi,DS Mayahi,Commune Tchake
YYS8YX0QvmY,Niger,Zinder,DS Magaria,Commune Yekoua
YyYop8v2S8e,Niger,Tillaberi,DS Abala,Commune Abala
yz3rkEMXIp2,Niger,Maradi,DS Tessaoua,Commune Ourafane
yzekT1uZo5b,Niger,Tillaberi,DS Kollo,Commune Kollo
yzhdMQXPNM1,Niger,Zinder,DS Tanout,HD Tanout
Yzq6xyGiuzx,Niger,Maradi,DS Guidan Roumdji,Commune Guidan Roumdji
yZRUeDYLs8J,Niger,Zinder,DS Zinder Ville,Commune 2è Arrondissement
yZtW3d0eg8R,Niger,Dosso,DS Loga,Commune Loga
YZzwFArmtMb,Niger,Zinder,DS Goure,Commune Boune
Z0VJSsHsHGm,Niger,Niamey,DS Niamey III,Commune 3ème Arrondissement
Z167Mxo23VR,Niger,Maradi,DS Aguié,HD Aguié
Z1DLEbZU8wc,Niger,Maradi,DS Mayahi,Commune Attantane
z1MUpEtzWzZ,Niger,Tillaberi,DS Gotheye,HD Gotheye
Z1svlMUmZv4,Niger,Tahoua,DS Tahoua Commune,Commune Tahoua Ii
Z2KLmEoaj1T,Niger,Tahoua,DS Madaoua,Commune Sabon Guida
Z2N93TdKoXC,Niger,Diffa,DS Goudoumaria,Commune Goudoumaria
z2r99FMwTJw,Niger,Dosso,DS Boboye,Commune Fabidji
Z2ZmZmeIEeD,Niger,Tahoua,DS Tahoua Commune,Commune Tahoua I
Z33Iqrm5Av6,Niger,Maradi,DS Maradi Ville,Commune Maradi 3
Z39i8rDwBYM,Niger,Maradi,DS Mayahi,Commune Attantane
z3KhuWLGLzg,Niger,Dosso,DS Dosso,Commune Gorou Bankassam
z3KRrmM3JHm,Niger,Tillaberi,DS Say,Commune Tamou
Z4klTEtqSz3,Niger,Niamey,DS Niamey IV,Commune 4ème Arrondissement
Z4ogYBdg5Cq,Niger,Tahoua,DS Malbaza,Commune Malbaza
z4xEXLfHkJM,Niger,Zinder,DS Belbedji,Commune Tarka
z5b8k53IsN4,Niger,Tahoua,DS Keita,Commune Keita
Z5gAsYDkqdG,Niger,Niamey,DS Niamey II,Commune 2ème Arrondissement
Z5QUpv8BXeA,Niger,Tahoua,DS Malbaza,Commune Malbaza
z5XLHIW83t9,Niger,Maradi,DS Guidan Roumdji,Commune Guidan Sori
z65yPg9KhFw,Niger,Zinder,DS Doungass,Commune Gouchy
z6pLSiXf9vl,Niger,Zinder,DS Mirriah,Commune Dogo
z6RAxsqb8sr,Niger,Tahoua,DS Tchintabaraden,Commune Kaou
Z6SCLVSxvuY,Niger,Tillaberi,DS Balleyara,Commune Tagazar
z762cNZFQ0Y,Niger,Diffa,DS Mainé Soroa,HD Maine Soroa
z77GzE5FIAq,Niger,Dosso,DS Gaya,Commune Yélou
z7bQyRV05bw,Niger,Tahoua,DS Madaoua,Commune Azerori
z7h1W8WKOGn,Niger,Tahoua,DS Tchintabaraden,Commune Kaou
z7nj1apeQ3V,Niger,Tahoua,DS Madaoua,Commune Sabon Guida
z8J6yhuNmwe,Niger,Maradi,DS Bermo,Commune Bermo
z8roIOwJiHd,Niger,Tillaberi,DS Abala,Commune Sanam
Z8Uc3JMssSd,Niger,Maradi,DS Dakoro,Commune Birni Lalle
z8xyp4NXpbC,Niger,Dosso,DS Dogon Doutchi,Commune Dan Kassari
Z97UeaNBfXA,Niger,Tahoua,DS Tchintabaraden,Commune Tchintabaraden
Z9baYrpmPWr,Niger,Zinder,DS Damgaram Takaya,Commune Damagaram Takaya
z9BRxHqC029,Niger,Maradi,DS Madarounfa,Commune Madarounfa
z9i8KLwgQdk,Niger,Diffa,DS Diffa,Commune Chétimari
z9PisUT0Q0E,Niger,Tahoua,DS Bouza,Commune Bouza
Z9zZbc50lZs,Niger,Zinder,DS Tanout,Commune Gangara Tanout
ZA44KhfftaE,Niger,Maradi,DS Dakoro,Commune Goula
ZACQNgzOokF,Niger,Dosso,DS Dosso,Commune Dosso
zamkG0QLElM,Niger,Dosso,DS Boboye,Commune de Birni N'Gaouré
zAOECzr4L4l,Niger,Tahoua,DS Tchintabaraden,Commune Tchintabaraden
zAq0QuQhflo,Niger,Dosso,DS Dogon Doutchi,HD Dogon Doutchi
ZAQIfJYimMx,Niger,Tillaberi,DS Ayorou,Commune Ayorou
Zar9JdrvFHK,Niger,Tahoua,DS Bouza,Commune Déoulé
zasIYkX9K8F,Niger,Dosso,DS Dogon Doutchi,Commune Kieche
zauhOlXh1hM,Niger,Dosso,DS Tibiri,Commune Guecheme
zAX0hjCBOy4,Niger,Dosso,DS Dosso,Commune Farrey
zBpslcRz47Q,Niger,Tillaberi,DS Ouallam,Commune Dingazi
Zbqq5WGFArl,Niger,Niamey,DS Niamey I,Commune 1er Arrondissement
ZbrgDj2m9Py,Niger,Dosso,DS Dogon Doutchi,Commune Doutchi
Zc4k1qYeipm,Niger,Dosso,DS Gaya,Commune Gaya
zcA5BZVXbTD,Niger,Zinder,DS Tanout,Commune Gangara Tanout
ZCarM1oTXgj,Niger,Tillaberi,DS Abala,Commune Sanam
ZcBzK6DjDdv,Niger,Maradi,DS Dakoro,Commune Goula
ZCe2cbhMh6c,Niger,Agadez,DS Bilma,Commune Bilma
ZcFojgOJ90x,Niger,Tahoua,DS Tahoua Commune,Commune Tahoua I
zCkhAmG8t9P,Niger,Tillaberi,DS Tillabery,Commune Sinder
zCp1CUBCC7W,Niger,Tahoua,DS Bouza,Commune Allakaye
zCpulHdFiY7,Niger,Niamey,DS Niamey V,Commune 5ème Arrondissement
zCsGYNiUI9n,Niger,Tahoua,DS Illéla,Commune Badaguichiri
zcu4vMx1pug,Niger,Zinder,DS Doungass,Commune Dungass
zcudQ46Byyx,Niger,Tahoua,DS Tahoua,Commune Bambeye
zCwlNnq4xn0,Niger,Zinder,DS Takeita,Commune Dakoussa
zdaCFOc4lLv,Niger,Tahoua,DS Tahoua,Commune Bambeye
zDkkjsXU5Vt,Niger,Maradi,DS Bermo,Commune Gadabedji
zDtsPKyGmbX,Niger,Maradi,DS Aguié,Commune Aguie
zdXX2vABzM3,Niger,Niamey,DS Niamey III,Commune 3ème Arrondissement
zE3DlAIXa5Z,Niger,Dosso,DS Gaya,Commune Yélou
zEK90OYpUbC,Niger,Tahoua,DS Malbaza,Commune Doguaraoua
zEnXxqptoi0,Niger,Agadez,DS Arlit,Commune Arlit
zEX0P3JrcVl,Niger,Tahoua,DS Illéla,Commune Illéla
Zf29VniSshz,Niger,Agadez,DS Arlit,Commune Arlit
zF9aPXuFskM,Niger,Agadez,DS Arlit,Commune Arlit
zFBZWqDkCI9,Niger,Tahoua,DS Bouza,HD Bouza
ZFdppAXw7aN,Niger,Tillaberi,DS Ayorou,Commune Ayorou
zFskV4UYnfB,Niger,Maradi,DS Tessaoua,Commune Tessaoua
zFUv4INd3tY,Niger,Tillaberi,DS Tera,Commune Diagourou
zfVxblo7HWB,Niger,Maradi,DS Maradi Ville,Commune Maradi 3
zFXlKicKdz9,Niger,Zinder,DS Mirriah,Commune Gaffaty
zfy1cmPl6Xf,Niger,Tillaberi,DS Ayorou,Commune Inatess
ZfyT4575TzG,Niger,Dosso,DS Dogon Doutchi,Commune Soucoucoutane
ZgaiRIrVxOK,Niger,Maradi,DS Dakoro,Commune Soly
ZGCg3rstImP,Niger,Dosso,DS Gaya,Commune Yélou
ZGevbPnRNys,Niger,Dosso,DS Tibiri,Commune Doumega
ZGF6mdHuZcg,Niger,Tahoua,DS Bouza,Commune Déoulé
zGJNXbp46OW,Niger,Tahoua,DS Birni Konni,Commune Birni N'Konni
ZgmbF44ID6P,Niger,Zinder,DS Goure,Commune Guidiguir
ZgoztsFciQf,Niger,Diffa,DS N'Gourti,Commune N'Gourti
ZGPfAS902IQ,Niger,Diffa,DS Diffa,Commune Gueskerou
ZgwAzXQkIqo,Niger,Tahoua,DS Madaoua,Commune Madaoua
zGWItohx90w,Niger,Tillaberi,DS Tillabery,Commune Dessa
zGxCvy5768e,Niger,Tahoua,DS Keita,Commune Garhanga
zh1UExwZ1Pl,Niger,Zinder,DS Goure,Commune Boune
zH2O5csXJkM,Niger,Niamey,DS Niamey I,Commune 1er Arrondissement
zH6nR9vgsiT,Niger,Zinder,DS Magaria,Commune Magaria
Zhe9tPlLE0G,Niger,Tahoua,DS Bagaroua,Commune Bagaroua
zHEUgxrFcQ8,Niger,Tillaberi,DS Torodi,Commune Torodi
ZHmstpmtE31,Niger,Zinder,DS Matamèye,Commune Yaouri
ZHp4Fhy7rUd,Niger,Maradi,DS Tessaoua,Commune Tessaoua
zIBc40whtTl,Niger,Maradi,DS Guidan Roumdji,Commune Tibiri Maradi
ZIBqjLMKHa6,Niger,Niamey,DS Niamey III,Commune 3ème Arrondissement
zIjcS1vF8iH,Niger,Dosso,DS Dosso,Commune Tessa
ZIKJb4AB9s0,Niger,Zinder,DS Zinder Ville,Commune 3è Arrondissement
zImzU1UqZTb,Niger,Maradi,DS Tessaoua,Commune Ourafane
ZITAHbMN9I6,Niger,Dosso,DS Boboye,Commune Fabidji
zIUbr4FYCqg,Niger,Tahoua,DS Birni Konni,HD Birni N'Konni
ZixYFQPi3KD,Niger,Niamey,DS Niamey I,Commune 1er Arrondissement
zIYcj1aS4zY,Niger,Zinder,DS Matamèye,Commune Kourni
ZJ3sTonmtNq,Niger,Agadez,DS Iferouane,Commune Timia
ZJ6o4RqZfm9,Niger,Tahoua,DS Keita,Commune Tamaské
zJM8KHpieRt,Niger,Tillaberi,DS Gotheye,Commune Dargol
zjoFSgwyggc,Niger,Tillaberi,DS Fillingue,HD Filingué
zJOQsqUJwNw,Niger,Zinder,DS Tanout,Commune Ollélewa
zJqjCtHrA6V,Niger,Niamey,DS Niamey II,Commune 2ème Arrondissement
ZjR7ggU3nVw,Niger,Tillaberi,DS Tillabery,Commune Tillabéri
zJRyiuoEVX1,Niger,Dosso,DS Gaya,HD Gaya
ZJv32asxJcX,Niger,Dosso,DS Gaya,Commune Yélou
ZJwag4nAttB,Niger,Zinder,DS Damgaram Takaya,Commune Damagaram Takaya
ZJXiHZh9qhB,Niger,Tillaberi,DS Fillingue,Commune Imanan( Bonkoukou)
ZK2rJhhn9yy,Niger,Zinder,DS Goure,Commune Boune
Zk3GkaQAFNM,Niger,Niamey,DS Niamey IV,Commune 4ème Arrondissement
ZKatWPKdpSN,Niger,Tahoua,DS Bouza,Commune Bouza
ZKDkXtpndW2,Niger,Niamey,DS Niamey V,Commune 5ème Arrondissement
zkga7dEZpmO,Niger,Dosso,DS Dosso,Commune Dosso
zkQbbgJk6hB,Niger,Diffa,DS Bosso,Commune Bosso
ZKsyAqVPOp4,Niger,Zinder,DS Takeita,Commune Tirmini
ZLCT32bChOE,Niger,Zinder,DS Zinder Ville,Commune 1er Arrondissement
ZlD6fyDPXYV,Niger,Tillaberi,DS Say,Commune Tamou
zLforIoGLU7,Niger,Tillaberi,DS Kollo,Commune Kouré
zliGTFa9pV0,Niger,Maradi,DS Mayahi,Commune Attantane
zlr5Pgrnf2p,Niger,Dosso,DS Dosso,Commune Garankedey
zlr9ximaf0q,Niger,Niamey,DS Niamey III,Commune 3ème Arrondissement
zLv9XlWPPGK,Niger,Tahoua,DS Tahoua Commune,Commune Tahoua Ii
ZMb2DJt37Mm,Niger,Niamey,DS Niamey II,Commune 2ème Arrondissement
ZmJlVZh0FAs,Niger,Niamey,DS Niamey III,Commune 3ème Arrondissement
zmyVKW9dGud,Niger,Dosso,DS Dosso,Commune Mokko
ZnND5oAjXx7,Niger,Tahoua,DS Tchintabaraden,Commune Kaou
zntZcgpiuGD,Niger,Diffa,DS Goudoumaria,Commune Goudoumaria
ZNW13PRIKW1,Niger,Zinder,DS Magaria,HD Magaria
znX28dfbzEP,Niger,Zinder,DS Mirriah,Commune Dogo
ZOaJXYqv0qz,Niger,Maradi,DS Maradi Ville,Commune Maradi 2
zoIp9OLEYlj,Niger,Maradi,DS Guidan Roumdji,Commune Guidan Roumdji
zoodn2QyYp7,Niger,Tahoua,DS Birni Konni,Commune Birni N'Konni
zP3njqlLNPP,Niger,Dosso,DS Dogon Doutchi,Commune Doutchi
zpC3ppwAXKV,Niger,Zinder,DS Zinder Ville,Commune 1er Arrondissement
ZPH0vcGaH83,Niger,Maradi,DS Tessaoua,HD Tessaoua
ZpioiI2X5sp,Niger,Dosso,DS Tibiri,Commune Guecheme
ZPJhlzq52M9,Niger,Tillaberi,DS Tillabery,Commune Tillabéri
zPRwZnv58YT,Niger,Zinder,DS Mirriah,Commune Mirriah
ZPVCgKnYAVH,Niger,Niamey,DS Niamey I,Commune 1er Arrondissement
ZpZTkhbQOFC,Niger,Dosso,DS Dogon Doutchi,HD Dogon Doutchi
ZQEPFWYX9yN,Niger,Tahoua,DS Keita,Commune Tamaské
zQIKHZEvX2L,Niger,Tillaberi,DS Tillabery,Commune Sakoira
ZQOEASlHu5z,Niger,Tillaberi,DS Say,Commune Say
zqpDrONQnIf,Niger,Tillaberi,DS Kollo,Commune Kirtachi
ZQsBF2K43VH,Niger,Diffa,DS N'Gourti,Commune N'Gourti
ZQVKp0tLu6u,Niger,Tillaberi,DS Tillabery,Commune Sakoira
ZQWj0rVTR9C,Niger,Tillaberi,DS Torodi,Commune Torodi
zR2rElXixBH,Niger,Maradi,DS Guidan Roumdji,Commune Guidan Sori
ZrAvZTq5FMZ,Niger,Dosso,DS Dosso,Commune Dosso
zrd7NiGxDhd,Niger,Dosso,DS Dosso,Commune Garankedey
zRDyPLDT2qe,Niger,Dosso,DS Dogon Doutchi,Commune Doutchi
Zredgxz6ZcW,Niger,Zinder,DS Takeita,Commune Garagoumsa
zrH8DC4B6Fp,Niger,Maradi,DS Aguié,Commune Aguie
Zrir3RADFxj,Niger,Tillaberi,DS Kollo,Commune N'Dounga
ZrKXOlME1Pl,Niger,Maradi,DS Dakoro,Commune Sabonmachi
zrNg5nYVljP,Niger,Maradi,DS Guidan Roumdji,Commune Sae Saboua
zrOCUaG1YOZ,Niger,Zinder,DS Mirriah,Commune Mirriah
ZrQ2Qj8wkqE,Niger,Tillaberi,DS Tera,Commune Téra
zrs56TJ21XP,Niger,Dosso,DS Dogon Doutchi,HD Dogon Doutchi
zrTdO8Ccda7,Niger,Dosso,DS Loga,Commune Sokorbé
Zru6OV3rhOp,Niger,Tillaberi,DS Ouallam,Commune Dingazi
Zrx3OqTvqRj,Niger,Maradi,DS Tessaoua,Commune Tessaoua
zSqsJj4yS04,Niger,Tillaberi,DS Tillabery,Commune Anzourou
zsYRnIBvXlp,Niger,Zinder,DS Tanout,Commune Tanout
ZT3olsLlWK2,Niger,Tillaberi,DS Kollo,Commune Youri
ztAejc8mz4Q,Niger,Zinder,DS Goure,Commune Kelle
ZtDGhexz095,Niger,Dosso,DS Gaya,Commune Gaya
zTHTJu984QQ,Niger,Dosso,DS Dosso,Commune Garankedey
zTl5pZcGf4b,Niger,Dosso,DS Boboye,Commune Kankandi
zTnfSDSbAYW,Niger,Tahoua,DS Tahoua Commune,Commune Tahoua I
ztOOWjlU2Cr,Niger,Agadez,DS Arlit,Commune Arlit
zTvRdlzqA48,Niger,Tahoua,DS Illéla,Commune Badaguichiri
ZtX7oAvZ336,Niger,Tahoua,DS Illéla,Commune Badaguichiri
zTycEjKjsA6,Niger,Zinder,DS Takeita,Commune Garagoumsa
zudAAGqnLJS,Niger,Dosso,DS Dioundou,Commune Dioundiou
ZUG5quFRBBK,Niger,Niamey,DS Niamey II,Commune 2ème Arrondissement
zUiQVd0aDHR,Niger,Diffa,DS N'Guigmi,Commune N'Guigmi
ZuoxGzM9gqr,Niger,Maradi,DS Guidan Roumdji,Commune Tibiri Maradi
zv4MmeAQoew,Niger,Dosso,DS Dosso,Commune Dosso
Zv4r5LD8pkI,Niger,Zinder,DS Magaria,Commune Kwaya
ZVcAy7xTI2h,Niger,Niamey,DS Niamey V,Commune 5ème Arrondissement
zVem7q19BtS,Niger,Tillaberi,DS Ayorou,Commune Ayorou
zVfANJgeuvF,Niger,Agadez,DS Tchirozérine,Commune Tchirozérine
ZviG5p02HR0,Niger,Niamey,DS Niamey I,Commune 1er Arrondissement
zVQBtR2FVDG,Niger,Maradi,DS Guidan Roumdji,Commune Sae Saboua
zvZL6DBkFBp,Niger,Niamey,DS Niamey V,Commune 5ème Arrondissement
ZW4I1ElZEjP,Niger,Tahoua,DS Illéla,Commune Illéla
Zw6w3xEr7Ta,Niger,Tillaberi,DS Kollo,Commune Karma
Zwa6RCfPPgw,Niger,Zinder,DS Tanout,Commune Ollélewa
zwA6xY4vFPo,Niger,Diffa,DS Goudoumaria,Commune Goudoumaria
zwBbbZt5PJA,Niger,Zinder,DS Magaria,HD Magaria
ZWgTPez2ssC,Niger,Tahoua,DS Bouza,Commune Karofane
zWI7MrhfqnA,Niger,Maradi,DS Maradi Ville,Commune Maradi 3
zwNq4li4bdN,Niger,Dosso,DS Tibiri,Commune Doumega
Zx7pZ5WFvBk,Niger,Maradi,DS Mayahi,Commune Mayahi
ZxagnRmOEPE,Niger,Dosso,DS Dogon Doutchi,Commune Matankari
zxF2zwnz0KU,Niger,Diffa,DS Diffa,Commune Gueskerou
ZxjKdSuMeXm,Niger,Zinder,DS Matamèye,Commune Dan Barto
zXK55MJZXMb,Niger,Niamey,DS Niamey III,Commune 3ème Arrondissement
ZxqwVgkM9eI,Niger,Tahoua,DS Tahoua Commune,HD Tahoua
zXsMGojqZ39,Niger,Maradi,DS Tessaoua,Commune Korgom
zxZauir8rrP,Niger,Tillaberi,DS Gotheye,Commune Dargol
Zxzx5bMDlhQ,Niger,Maradi,DS Maradi Ville,Commune Maradi 3
Zy6GGunEWQg,Niger,Maradi,DS Maradi Ville,Commune Maradi 1
ZY6jB1BJjKf,Niger,Tillaberi,DS Fillingue,HD Filingué
ZYCw6HS3fii,Niger,Maradi,DS Guidan Roumdji,Commune Tibiri Maradi
zycwKdFl27B,Niger,Dosso,DS Dosso,Commune Mokko
ZYiihw0tkUj,Niger,Tillaberi,DS Balleyara,Commune Tagazar
zymjziu5K3I,Niger,Tahoua,DS Bagaroua,Commune Bagaroua
zyn7w3J9rd7,Niger,Tillaberi,DS Tillabery,Commune Dessa
zyP34hffEOX,Niger,Tahoua,DS Illéla,Commune Illéla
ZytuLCqC1Lg,Niger,Tahoua,DS Malbaza,Commune Doguaraoua
Zz4llaCDq8Z,Niger,Agadez,DS Tchirozérine,Commune Tabelot
Zz7RGMdJuVE,Niger,Dosso,DS Dosso,Commune Sakadamna
zZ8cR9giljb,Niger,Tahoua,DS Birni Konni,HD Birni N'Konni
zZKhmuJygjX,Niger,Diffa,DS Diffa,Commune Diffa
ZZNBmOOVaVJ,Niger,Zinder,DS Magaria,Commune Wacha
ZznvA3GvdNO,Niger,Tillaberi,DS Gotheye,Commune Dargol
ZZRQrOUhq26,Niger,Maradi,DS Mayahi,Commune Kanembakache
zZShr8VJKfK,Niger,Zinder,DS Magaria,Commune Wacha
zzUyJDbq9cT,Niger,Dosso,DS Boboye,Commune de Birni N'Gaouré
Zzx6f4VhKYg,Niger,Tillaberi,DS Gotheye,Commune Gotheye