facility_id,admin_area_1,admin_area_2,admin_area_3,admin_area_4
a6016Pu6gyf,République centrafricaine,RS 7,Préfecture Bangui,District Bangui 3
A8j7cnbc7In,République centrafricaine,RS 3,Préfecture Ouham-Pende,District Paoua
a9IjgDUN4f9,République centrafricaine,RS 1,Préfecture Lobaye,District Mbaiki
A9uIIoe3gh4,République centrafricaine,RS 1,Préfecture Lobaye,District Boda
aau0Pm6Mumz,République centrafricaine,RS 1,Préfecture Ombella-Mpoko,District Bimbo
AbaOsGI3mvm,République centrafricaine,RS 2,Préfecture MambereKadei,District Carnot-Gadzi
Abcm0p4Vg2C,République centrafricaine,RS 2,Préfecture Nana-Mambere,District Bouar-Baoro
ac1C1dddlLw,République centrafricaine,RS 4,Préfecture Ouaka,District Bambari
ad053PB7CXB,République centrafricaine,RS 1,Préfecture Ombella-Mpoko,District Bimbo
AD6nJEcGXFB,République centrafricaine,RS 4,Préfecture Ouaka,District Bambari
aeYGdxaOuWH,République centrafricaine,RS 2,Préfecture Sangha-Mbaere,District Sangha-Mbaere
af2nu2MoF2x,République centrafricaine,RS 3,Préfecture Ouham-Pende,District Bozoum-Bossemptele
AFMQyP1xNPP,République centrafricaine,RS 2,Préfecture Nana-Mambere,District Baboua-Abba
AfsOdYeWzQU,République centrafricaine,RS 3,Préfecture Ouham-Pende,District Paoua
AhjvVb0DJih,République centrafricaine,RS 5,Préfecture Bamingui-Bangoran,District Bamingui-Bangoran
ai0CAfqcWoQ,République centrafricaine,RS 6,Préfecture Mbomou,District Ouango-Gambo
aiXYlsD4TiC,République centrafricaine,RS 2,Préfecture MambereKadei,District Berberati
ajI82Ojelov,République centrafricaine,RS 5,Préfecture Vakaga,District Vakaga
Ak6ThKXNLGH,République centrafricaine,RS 4,Préfecture Ouaka,District Kouango-Grimari
AKFMxOv5rvs,République centrafricaine,RS 3,Préfecture Ouham,District Nangha-Boguila
alRBUux4eO9,République centrafricaine,RS 4,Préfecture Ouaka,District Kouango-Grimari
amGR2t96pvc,République centrafricaine,RS 7,Préfecture Bangui,District Bangui 3
amlWZ6F7fQF,République centrafricaine,RS 7,Préfecture Bangui,District Bangui 3
anaFHtzwrgW,République centrafricaine,RS 1,Préfecture Lobaye,District Mbaiki
aOf8d6LjXx6,République centrafricaine,RS 2,Préfecture MambereKadei,District Carnot-Gadzi
aoiNHxkthxe,République centrafricaine,RS 6,Préfecture Basse-Kotto,District Kembe-Satema
apIPftVX9jI,République centrafricaine,RS 4,Préfecture Nana-Gribizi,District Nana-Gribizi
aPmBlxPzgfk,République centrafricaine,RS 2,Préfecture MambereKadei,District Berberati
aQdpPMA1PQq,République centrafricaine,RS 3,Préfecture Ouham-Pende,District Bocaranga-Koui
AqJjIcwXn5P,République centrafricaine,RS 3,Préfecture Ouham,District Batangafo-Kabo
aR7kE1QfKDX,République centrafricaine,RS 1,Préfecture Ombella-Mpoko,District Bossembele
arec3FxxWV5,République centrafricaine,RS 2,Préfecture MambereKadei,District Gamboula
ArvaVTadhWi,République centrafricaine,RS 7,Préfecture Bangui,"District Bangui 1  "
aS23HZ8o8eE,République centrafricaine,RS 5,Préfecture Vakaga,District Vakaga
asnxR0taErm,République centrafricaine,RS 3,Préfecture Ouham,District Nangha-Boguila
AsVsxP0OWzU,République centrafricaine,RS 6,Préfecture Haut-Mbomou,District Haut-Mbomou
asxLG8QioPk,République centrafricaine,RS 4,Préfecture Ouaka,District Bambari
aveaA0l4bPL,République centrafricaine,RS 1,Préfecture Ombella-Mpoko,District Begoua
AvnID6PZsUd,République centrafricaine,RS 4,Préfecture Nana-Gribizi,District Nana-Gribizi
awBkczptvEd,République centrafricaine,RS 6,Préfecture Mbomou,District Bangassou
aweRlexsols,République centrafricaine,RS 6,Préfecture Basse-Kotto,District Mobaye-Zangba
AwR0Vje1zi9,République centrafricaine,RS 1,Préfecture Ombella-Mpoko,District Begoua
AxfgryJSvBx,République centrafricaine,RS 4,Préfecture Ouaka,District Kouango-Grimari
axr4xubg8pT,République centrafricaine,RS 6,Préfecture Basse-Kotto,District Kembe-Satema
aXXpag6olY3,République centrafricaine,RS 6,Préfecture Haut-Mbomou,District Haut-Mbomou
aYRPx44ZZqQ,République centrafricaine,RS 6,Préfecture Haut-Mbomou,District Haut-Mbomou
AzPC8M7KYfF,République centrafricaine,RS 1,Préfecture Lobaye,District Mbaiki
b0oS9VARwJZ,République centrafricaine,RS 6,Préfecture Mbomou,District Ouango-Gambo
b2kAbYsmOUb,République centrafricaine,RS 4,Préfecture Nana-Gribizi,District Nana-Gribizi
b5prUQfzhIJ,République centrafricaine,RS 1,Préfecture Ombella-Mpoko,District Begoua
B5Rkt9AFm7F,République centrafricaine,RS 3,Préfecture Ouham-Pende,District Paoua
b6fGAERSAfa,République centrafricaine,RS 1,Préfecture Ombella-Mpoko,District Bossembele
b8FBxKzXjYn,République centrafricaine,RS 3,Préfecture Ouham-Pende,District Ngaoundaye
B8j4vqivGHh,République centrafricaine,RS 6,Préfecture Mbomou,District Ouango-Gambo
bA5Nne2auRs,République centrafricaine,RS 3,Préfecture Ouham,District Nangha-Boguila
Baecr59OVax,République centrafricaine,RS 1,Préfecture Ombella-Mpoko,District Begoua
BAoC7gGg6xq,République centrafricaine,RS 3,Préfecture Ouham-Pende,District Paoua
baWxAZkhFNK,République centrafricaine,RS 2,Préfecture MambereKadei,District Berberati
BAYolSlNOat,République centrafricaine,RS 5,Préfecture Haute-Kotto,District Haute-Kotto
bazienblFku,République centrafricaine,RS 3,Préfecture Ouham-Pende,District Bocaranga-Koui
BBjYstUg0UM,République centrafricaine,RS 3,Préfecture Ouham-Pende,District Bocaranga-Koui
BC1CpuGB159,République centrafricaine,RS 1,Préfecture Lobaye,District Mbaiki
Bcrdy6rPMGD,République centrafricaine,RS 4,Préfecture Kemo,District Kemo
Bd5JMr28zUK,République centrafricaine,RS 6,Préfecture Mbomou,District Ouango-Gambo
bD8BqIlp7jW,République centrafricaine,RS 3,Préfecture Ouham-Pende,District Bozoum-Bossemptele
BFmBhce7Naq,République centrafricaine,RS 4,Préfecture Kemo,District Kemo
BFwjpPpVjaw,République centrafricaine,RS 3,Préfecture Ouham,District Batangafo-Kabo
bhgNyQBFfZe,République centrafricaine,RS 1,Préfecture Ombella-Mpoko,District Bossembele
BHNEBm8OK5Y,République centrafricaine,RS 4,Préfecture Kemo,District Kemo
bhyZqOY3iEK,République centrafricaine,RS 6,Préfecture Haut-Mbomou,District Haut-Mbomou
Bi7I2hGvwY9,République centrafricaine,RS 5,Préfecture Bamingui-Bangoran,District Bamingui-Bangoran
bi9CH3jxPyl,République centrafricaine,RS 4,Préfecture Kemo,District Kemo
bIeEycakMgR,République centrafricaine,RS 6,Préfecture Mbomou,District Bangassou
bJhTzTnvOJS,République centrafricaine,RS 3,Préfecture Ouham-Pende,District Ngaoundaye
BkO8W2DsECS,République centrafricaine,RS 2,Préfecture Nana-Mambere,District Bouar-Baoro
BkzbIDIlEl0,République centrafricaine,RS 6,Préfecture Basse-Kotto,District Mobaye-Zangba
BL9YXy4cpoh,République centrafricaine,RS 2,Préfecture Sangha-Mbaere,District Sangha-Mbaere
bLlBsk6Eu35,République centrafricaine,RS 3,Préfecture Ouham-Pende,District Paoua
BMEnQ1utxpm,République centrafricaine,RS 2,Préfecture Nana-Mambere,District Baboua-Abba
bMgDQjFQ2p7,République centrafricaine,RS 4,Préfecture Ouaka,District Bambari
bN05iMRAFTF,République centrafricaine,RS 3,Préfecture Ouham,District Bouca
BNXU9q8OKFk,République centrafricaine,RS 6,Préfecture Mbomou,District Bangassou
bOrHZRkzT0Z,République centrafricaine,RS 3,Préfecture Ouham,District Nangha-Boguila
BP7GGdbXUWQ,République centrafricaine,RS 1,Préfecture Ombella-Mpoko,District Begoua
BPDeCBE2AsP,République centrafricaine,RS 1,Préfecture Ombella-Mpoko,District Begoua
bPZTMffZH4q,République centrafricaine,RS 1,Préfecture Lobaye,District Boda
BQJEBPdvMbX,République centrafricaine,RS 7,Préfecture Bangui,District Bangui 2
BQkXOTN0aTr,République centrafricaine,RS 3,Préfecture Ouham,District Bossangoa
BQVnudK6LWw,République centrafricaine,RS 2,Préfecture MambereKadei,District Gamboula
BriSlMgLkcN,République centrafricaine,RS 3,Préfecture Ouham-Pende,District Ngaoundaye
BrJbJp2d3sv,République centrafricaine,RS 1,Préfecture Ombella-Mpoko,District Bossembele
brQY3gRMG05,République centrafricaine,RS 1,Préfecture Ombella-Mpoko,District Bimbo
BskpzKRD04s,République centrafricaine,RS 5,Préfecture Bamingui-Bangoran,District Bamingui-Bangoran
bUnbVDpUcCn,République centrafricaine,RS 1,Préfecture Lobaye,District Mbaiki
BXPgx3nsfPz,République centrafricaine,RS 4,Préfecture Ouaka,District Bambari
bykaekDxe2R,République centrafricaine,RS 7,Préfecture Bangui,District Bangui 2
ByMMjOn0UKl,République centrafricaine,RS 4,Préfecture Nana-Gribizi,District Nana-Gribizi
BYoyEBfbw5N,République centrafricaine,RS 4,Préfecture Ouaka,District Bambari
bYWZxNhTMPp,République centrafricaine,RS 3,Préfecture Ouham,District Bossangoa
byXc3I5YtOl,République centrafricaine,RS 6,Préfecture Basse-Kotto,District Kembe-Satema
bzl7uqE9cjr,République centrafricaine,RS 7,Préfecture Bangui,"District Bangui 1  "
BZom97eCXbf,République centrafricaine,RS 3,Préfecture Ouham,District Nangha-Boguila
BZpyrUDfF5E,République centrafricaine,RS 7,Préfecture Bangui,"District Bangui 1  "
BZYyydJBxri,République centrafricaine,RS 2,Préfecture Sangha-Mbaere,District Sangha-Mbaere
C0tBfhPeufK,République centrafricaine,RS 3,Préfecture Ouham-Pende,District Ngaoundaye
C6D724lmwjH,République centrafricaine,RS 6,Préfecture Mbomou,District Ouango-Gambo
C6gpwSRWE06,République centrafricaine,RS 7,Préfecture Bangui,District Bangui 2
Cb71cfURssI,République centrafricaine,RS 3,Préfecture Ouham,District Batangafo-Kabo
CbwSfb9qC4c,République centrafricaine,RS 3,Préfecture Ouham,District Batangafo-Kabo
ccas8i2fBSz,République centrafricaine,RS 3,Préfecture Ouham-Pende,District Bozoum-Bossemptele
ccElkdWoPXl,République centrafricaine,RS 5,Préfecture Haute-Kotto,District Haute-Kotto
cCS7P3j72QO,République centrafricaine,RS 3,Préfecture Ouham,District Nangha-Boguila
cd33pZFDGUC,République centrafricaine,RS 7,Préfecture Bangui,District Bangui 3
cDCDC9YBoqc,République centrafricaine,RS 1,Préfecture Lobaye,District Boda
CEHhJXyQfxK,République centrafricaine,RS 1,Préfecture Lobaye,District Mbaiki
CeY5PbrHWBZ,République centrafricaine,RS 4,Préfecture Ouaka,District Bambari
cfaf1j0Xx2b,République centrafricaine,RS 2,Préfecture MambereKadei,District Berberati
CfBBmqIoQA1,République centrafricaine,RS 6,Préfecture Haut-Mbomou,District Haut-Mbomou
cfrleQoB7HP,République centrafricaine,RS 3,Préfecture Ouham,District Bossangoa
CFU3c2sdKAb,République centrafricaine,RS 2,Préfecture MambereKadei,District Carnot-Gadzi
CFVMUUssrzc,République centrafricaine,RS 4,Préfecture Ouaka,District Kouango-Grimari
Cgx0oLMYOod,République centrafricaine,RS 2,Préfecture Nana-Mambere,District Baboua-Abba
ChbqbphFHBG,République centrafricaine,RS 2,Préfecture Nana-Mambere,District Baboua-Abba
chI5MHfLDUi,République centrafricaine,RS 6,Préfecture Basse-Kotto,District Kembe-Satema
ChOxM2r2Z3y,République centrafricaine,RS 1,Préfecture Lobaye,District Mbaiki
ChPCnTbQpQ4,République centrafricaine,RS 6,Préfecture Basse-Kotto,District Kembe-Satema
ciDaYUOcOiD,République centrafricaine,RS 2,Préfecture Nana-Mambere,District Bouar-Baoro
cKrZGiOIHUi,République centrafricaine,RS 4,Préfecture Ouaka,District Kouango-Grimari
CKX42nVmLjs,République centrafricaine,RS 7,Préfecture Bangui,District Bangui 2
cLjE5euwCWe,République centrafricaine,RS 6,Préfecture Basse-Kotto,District Kembe-Satema
cmpnS5pPufG,République centrafricaine,RS 3,Préfecture Ouham,District Bossangoa
CMQ3AafAU8f,République centrafricaine,RS 2,Préfecture Nana-Mambere,District Bouar-Baoro
co3x4Jmp8jI,République centrafricaine,RS 1,Préfecture Ombella-Mpoko,District Bossembele
CphINEHb1Ir,République centrafricaine,RS 3,Préfecture Ouham,District Bossangoa
cPtqnPIV9mW,République centrafricaine,RS 1,Préfecture Ombella-Mpoko,District Bimbo
CQ82gR2xGMd,République centrafricaine,RS 1,Préfecture Ombella-Mpoko,District Begoua
CQqHRRqaNaB,République centrafricaine,RS 2,Préfecture Sangha-Mbaere,District Sangha-Mbaere
cr0AjoOHdlF,République centrafricaine,RS 4,Préfecture Ouaka,District Kouango-Grimari
CsWp0nLARr9,République centrafricaine,RS 7,Préfecture Bangui,District Bangui 2
CuDHI8eH4b8,République centrafricaine,RS 2,Préfecture MambereKadei,District Carnot-Gadzi
cuXqUwuxgke,République centrafricaine,RS 4,Préfecture Kemo,District Kemo
CwEwQNuDFzE,République centrafricaine,RS 2,Préfecture Sangha-Mbaere,District Sangha-Mbaere
cXih9YQ6qn3,République centrafricaine,RS 1,Préfecture Ombella-Mpoko,District Begoua
CyMl4YFqf2C,République centrafricaine,RS 3,Préfecture Ouham-Pende,District Paoua
d0OE3JQ7a9e,République centrafricaine,RS 7,Préfecture Bangui,"District Bangui 1  "
D1OVM27zZ87,République centrafricaine,RS 5,Préfecture Haute-Kotto,District Haute-Kotto
D6nB1wFRlyq,République centrafricaine,RS 2,Préfecture Nana-Mambere,District Bouar-Baoro
D7vNiax3zl8,République centrafricaine,RS 2,Préfecture Nana-Mambere,District Baboua-Abba
D8dVzoydv1i,République centrafricaine,RS 1,Préfecture Lobaye,District Mbaiki
d8xr0hDVTm6,République centrafricaine,RS 2,Préfecture MambereKadei,District Gamboula
d92SLIcAbBc,République centrafricaine,RS 6,Préfecture Basse-Kotto,District Alindao-Mingala
dAnNfj35x9u,République centrafricaine,RS 4,Préfecture Nana-Gribizi,District Nana-Gribizi
dbryxZ1WClg,République centrafricaine,RS 3,Préfecture Ouham,District Bouca
DC5o7jzGdMh,République centrafricaine,RS 1,Préfecture Ombella-Mpoko,District Bimbo
DCjUEeUr3oC,République centrafricaine,RS 4,Préfecture Ouaka,District Kouango-Grimari
ddpkMLVvG8i,République centrafricaine,RS 1,Préfecture Ombella-Mpoko,District Begoua
df3mY38xbqC,République centrafricaine,RS 4,Préfecture Nana-Gribizi,District Nana-Gribizi
DFXiSVTJ9na,République centrafricaine,RS 6,Préfecture Mbomou,District Ouango-Gambo
DHmeosuEX9q,République centrafricaine,RS 1,Préfecture Lobaye,District Boda
dHp2IwGxoIn,République centrafricaine,RS 6,Préfecture Mbomou,District Bangassou
dJ45iewKJab,République centrafricaine,RS 5,Préfecture Bamingui-Bangoran,District Bamingui-Bangoran
djCC1ha79XJ,République centrafricaine,RS 7,Préfecture Bangui,"District Bangui 1  "
djp0X3Uec1a,République centrafricaine,RS 4,Préfecture Ouaka,District Bambari
dK9obJqZ7ab,République centrafricaine,RS 2,Préfecture Nana-Mambere,District Bouar-Baoro
Dmdb3LWETnq,République centrafricaine,RS 6,Préfecture Mbomou,District Bangassou
DNRJgC2NVFA,République centrafricaine,RS 6,Préfecture Mbomou,District Bangassou
dNrpDjXAsI2,République centrafricaine,RS 4,Préfecture Ouaka,District Bambari
dOjuSkZrt9x,République centrafricaine,RS 3,Préfecture Ouham,District Bouca
DP2ciL7Gz27,République centrafricaine,RS 1,Préfecture Ombella-Mpoko,District Bimbo
DqIkgiIdy28,République centrafricaine,RS 5,Préfecture Bamingui-Bangoran,District Bamingui-Bangoran
DS4q31dImvz,République centrafricaine,RS 6,Préfecture Mbomou,District Bangassou
Dsd2jKs1P7W,République centrafricaine,RS 6,Préfecture Haut-Mbomou,District Haut-Mbomou
DTiPfKivPli,République centrafricaine,RS 1,Préfecture Lobaye,District Mbaiki
DUjfDtoDC3w,République centrafricaine,RS 1,Préfecture Lobaye,District Mbaiki
dUJQIB0nqWh,République centrafricaine,RS 2,Préfecture Nana-Mambere,District Bouar-Baoro
dvCWwmbfQRf,République centrafricaine,RS 3,Préfecture Ouham-Pende,District Bocaranga-Koui
DVjXJqzO2bF,République centrafricaine,RS 1,Préfecture Lobaye,District Mbaiki
DVlM9pVyF2c,République centrafricaine,RS 2,Préfecture Nana-Mambere,District Bouar-Baoro
DWbRoXhdc8N,République centrafricaine,RS 3,Préfecture Ouham-Pende,District Paoua
dwiPk013tXl,République centrafricaine,RS 2,Préfecture MambereKadei,District Berberati
dwU9Zk6iThQ,République centrafricaine,RS 1,Préfecture Lobaye,District Mbaiki
Dxk65l13o2D,République centrafricaine,RS 2,Préfecture MambereKadei,District Carnot-Gadzi
Dy8ufNnhtyV,République centrafricaine,RS 7,Préfecture Bangui,District Bangui 2
e2vbdURo8hO,République centrafricaine,RS 6,Préfecture Basse-Kotto,District Kembe-Satema
e6EQHncdhs4,République centrafricaine,RS 2,Préfecture MambereKadei,District Berberati
E6YM6ogRUVm,République centrafricaine,RS 6,Préfecture Mbomou,District Bangassou
e7oFqSts3MH,République centrafricaine,RS 7,Préfecture Bangui,District Bangui 3
e7PwlERyko3,République centrafricaine,RS 2,Préfecture Sangha-Mbaere,District Sangha-Mbaere
e7UdrgNcIvY,République centrafricaine,RS 2,Préfecture MambereKadei,District Berberati
ea5ZUqBLlMe,République centrafricaine,RS 6,Préfecture Basse-Kotto,District Mobaye-Zangba
Ebq88HAogB7,République centrafricaine,RS 7,Préfecture Bangui,District Bangui 2
ebsv3I2wSiw,République centrafricaine,RS 7,Préfecture Bangui,District Bangui 3
EbZAvrIPSsF,République centrafricaine,RS 2,Préfecture MambereKadei,District Gamboula
EdvTPf7QuNk,République centrafricaine,RS 6,Préfecture Basse-Kotto,District Kembe-Satema
EDyEcR9XKhp,République centrafricaine,RS 4,Préfecture Ouaka,District Bambari
EeeKE6oZD41,République centrafricaine,RS 3,Préfecture Ouham-Pende,District Bozoum-Bossemptele
EEYHx8bgZYQ,République centrafricaine,RS 7,Préfecture Bangui,District Bangui 3
EfFLwRP7lau,République centrafricaine,RS 4,Préfecture Kemo,District Kemo
EFLW7wX945X,République centrafricaine,RS 6,Préfecture Basse-Kotto,District Alindao-Mingala
eGJfTGKLFGv,République centrafricaine,RS 5,Préfecture Bamingui-Bangoran,District Bamingui-Bangoran
eh5jDz7Cx1l,République centrafricaine,RS 1,Préfecture Lobaye,District Boda
ehAUPauFSZO,République centrafricaine,RS 6,Préfecture Basse-Kotto,District Mobaye-Zangba
eHD2p0Y8704,République centrafricaine,RS 3,Préfecture Ouham,District Nangha-Boguila
EiI2BJ2FcHY,République centrafricaine,RS 3,Préfecture Ouham,District Bossangoa
eKHalegvxNC,République centrafricaine,RS 4,Préfecture Nana-Gribizi,District Nana-Gribizi
ekkccRU5Ma5,République centrafricaine,RS 6,Préfecture Basse-Kotto,District Alindao-Mingala
el8nJzJHWEo,République centrafricaine,RS 2,Préfecture MambereKadei,District Gamboula
Em8iwU1DIdK,République centrafricaine,RS 3,Préfecture Ouham,District Bossangoa
EMAfJJeLEj6,République centrafricaine,RS 6,Préfecture Haut-Mbomou,District Haut-Mbomou
empn1qF142u,République centrafricaine,RS 1,Préfecture Ombella-Mpoko,District Bossembele
eMvujZWnUkx,République centrafricaine,RS 3,Préfecture Ouham,District Batangafo-Kabo
enY2fuoZewc,République centrafricaine,RS 3,Préfecture Ouham-Pende,District Bocaranga-Koui
eOCjKOlO95N,République centrafricaine,RS 2,Préfecture MambereKadei,District Gamboula
EP2Ud8aYE99,République centrafricaine,RS 2,Préfecture Sangha-Mbaere,District Sangha-Mbaere
eP7h49I3LGn,République centrafricaine,RS 3,Préfecture Ouham-Pende,District Bozoum-Bossemptele
epbyrkQmzc8,République centrafricaine,RS 4,Préfecture Ouaka,District Kouango-Grimari
eq774FTWZxc,République centrafricaine,RS 6,Préfecture Mbomou,District Bangassou
eqiQsP1SSZC,République centrafricaine,RS 4,Préfecture Ouaka,District Bambari
EQwNKPzZU0T,République centrafricaine,RS 2,Préfecture Nana-Mambere,District Baboua-Abba
EqXx4FEEl3I,République centrafricaine,RS 1,Préfecture Lobaye,District Boda
erhD3aOHJcN,République centrafricaine,RS 4,Préfecture Ouaka,District Kouango-Grimari
ErY05LMcddg,République centrafricaine,RS 1,Préfecture Ombella-Mpoko,District Begoua
ESIDxOWIBdQ,République centrafricaine,RS 3,Préfecture Ouham-Pende,District Ngaoundaye
esmLrgp8bpu,République centrafricaine,RS 5,Préfecture Vakaga,District Vakaga
EtGuCnK0h8A,République centrafricaine,RS 6,Préfecture Basse-Kotto,District Alindao-Mingala
Ev72lgsbIbN,République centrafricaine,RS 1,Préfecture Ombella-Mpoko,District Begoua
eXVBzmyS9c1,République centrafricaine,RS 4,Préfecture Nana-Gribizi,District Nana-Gribizi
eyiJT0SCpin,République centrafricaine,RS 3,Préfecture Ouham,District Batangafo-Kabo
eZU4uEHmytx,République centrafricaine,RS 1,Préfecture Lobaye,District Boda
F391XskUHbH,République centrafricaine,RS 1,Préfecture Lobaye,District Mbaiki
f4nO7YbDtKW,République centrafricaine,RS 4,Préfecture Kemo,District Kemo
f6RjWuU6KBG,République centrafricaine,RS 2,Préfecture MambereKadei,District Carnot-Gadzi
F7dYUHQki8O,République centrafricaine,RS 6,Préfecture Haut-Mbomou,District Haut-Mbomou
F7nYdPoz9ti,République centrafricaine,RS 2,Préfecture MambereKadei,District Berberati
F9hyHUVg1y1,République centrafricaine,RS 4,Préfecture Kemo,District Kemo
Fad5yigcuOz,République centrafricaine,RS 3,Préfecture Ouham-Pende,District Bocaranga-Koui
FcjDdFOcMJp,République centrafricaine,RS 3,Préfecture Ouham-Pende,District Bocaranga-Koui
FCKbsMATI6Z,République centrafricaine,RS 2,Préfecture MambereKadei,District Berberati
FcmIGltdrRw,République centrafricaine,RS 4,Préfecture Nana-Gribizi,District Nana-Gribizi
feg521hIFLf,République centrafricaine,RS 2,Préfecture Nana-Mambere,District Baboua-Abba
fENKV6EHayS,République centrafricaine,RS 6,Préfecture Basse-Kotto,District Alindao-Mingala
FfFeanG20tZ,République centrafricaine,RS 1,Préfecture Lobaye,District Boda
fFkATPiIVpv,République centrafricaine,RS 6,Préfecture Basse-Kotto,District Alindao-Mingala
FGYfTK4z0xd,République centrafricaine,RS 2,Préfecture Nana-Mambere,District Bouar-Baoro
fI2hJo2wgFz,République centrafricaine,RS 1,Préfecture Ombella-Mpoko,District Begoua
fIdrhdxQXMh,République centrafricaine,RS 6,Préfecture Basse-Kotto,District Kembe-Satema
fiGKdqmwtfZ,République centrafricaine,RS 2,Préfecture MambereKadei,District Berberati
FiuV4Et0uKB,République centrafricaine,RS 2,Préfecture MambereKadei,District Carnot-Gadzi
fiywhEBLImy,République centrafricaine,RS 1,Préfecture Lobaye,District Mbaiki
FJ8cWUDWXX0,République centrafricaine,RS 3,Préfecture Ouham-Pende,District Bozoum-Bossemptele
fJM1tapGU34,République centrafricaine,RS 4,Préfecture Ouaka,District Bambari
FjQk8XMLkvt,République centrafricaine,RS 3,Préfecture Ouham-Pende,District Bocaranga-Koui
FkrByAv9q7R,République centrafricaine,RS 1,Préfecture Lobaye,District Boda
fO2q30AHcW6,République centrafricaine,RS 5,Préfecture Bamingui-Bangoran,District Bamingui-Bangoran
fqCyCY6HU5O,République centrafricaine,RS 2,Préfecture Nana-Mambere,District Bouar-Baoro
fSA29gLWL8K,République centrafricaine,RS 2,Préfecture Sangha-Mbaere,District Sangha-Mbaere
fsdyhgDXcMi,République centrafricaine,RS 1,Préfecture Lobaye,District Boda
FsLksrSeWdY,République centrafricaine,RS 6,Préfecture Mbomou,District Bangassou
ft5Ae6xCrxS,République centrafricaine,RS 3,Préfecture Ouham-Pende,District Bocaranga-Koui
ftsLmzm2EuZ,République centrafricaine,RS 4,Préfecture Ouaka,District Kouango-Grimari
FUV0om3u2fs,République centrafricaine,RS 4,Préfecture Kemo,District Kemo
FwgzgjN7oBt,République centrafricaine,RS 3,Préfecture Ouham-Pende,District Paoua
Fx5Yuqw55vP,République centrafricaine,RS 5,Préfecture Vakaga,District Vakaga
fXGBNAQcjfM,République centrafricaine,RS 3,Préfecture Ouham,District Bossangoa
fxyWtDG6DXj,République centrafricaine,RS 1,Préfecture Lobaye,District Boda
fyMC65HFmxL,République centrafricaine,RS 7,Préfecture Bangui,"District Bangui 1  "
FytkXt4gYox,République centrafricaine,RS 4,Préfecture Ouaka,District Bambari
fYVl9aVbYwK,République centrafricaine,RS 1,Préfecture Ombella-Mpoko,District Begoua
fzIjZkGdEPU,République centrafricaine,RS 6,Préfecture Basse-Kotto,District Alindao-Mingala
fzsosfg8yzk,République centrafricaine,RS 4,Préfecture Kemo,District Kemo
g0jRBuZ5sFS,République centrafricaine,RS 4,Préfecture Ouaka,District Kouango-Grimari
g13X2wtYnm6,République centrafricaine,RS 6,Préfecture Basse-Kotto,District Alindao-Mingala
G2axq4VlTjO,République centrafricaine,RS 6,Préfecture Mbomou,District Ouango-Gambo
G4XkuFBqx4m,République centrafricaine,RS 2,Préfecture Sangha-Mbaere,District Sangha-Mbaere
G52hUcy1pCa,République centrafricaine,RS 2,Préfecture Nana-Mambere,District Baboua-Abba
G56XKxosrRm,République centrafricaine,RS 1,Préfecture Ombella-Mpoko,District Bossembele
g5pR65oeHMM,République centrafricaine,RS 6,Préfecture Mbomou,District Bangassou
G6m1UNVlfT7,République centrafricaine,RS 6,Préfecture Mbomou,District Bangassou
g6MZFX4YIpN,République centrafricaine,RS 7,Préfecture Bangui,District Bangui 2
G6nEvrleFjx,République centrafricaine,RS 3,Préfecture Ouham,District Nangha-Boguila
G730axWImfV,République centrafricaine,RS 7,Préfecture Bangui,"District Bangui 1  "
G7NIPcgWS1f,République centrafricaine,RS 6,Préfecture Haut-Mbomou,District Haut-Mbomou
GamQjlVUFmV,République centrafricaine,RS 3,Préfecture Ouham,District Nangha-Boguila
gbIqWDJJ8LD,République centrafricaine,RS 4,Préfecture Ouaka,District Bambari
GBJ7BZYZEpZ,République centrafricaine,RS 5,Préfecture Bamingui-Bangoran,District Bamingui-Bangoran
GbRF0ISDF5h,République centrafricaine,RS 5,Préfecture Haute-Kotto,District Haute-Kotto
gBrtjcAd8Ik,République centrafricaine,RS 3,Préfecture Ouham,District Batangafo-Kabo
GclZNOD8BMe,République centrafricaine,RS 1,Préfecture Ombella-Mpoko,District Bimbo
gD6DqJlDWAE,République centrafricaine,RS 1,Préfecture Ombella-Mpoko,District Begoua
gEHL1VkSO93,République centrafricaine,RS 2,Préfecture MambereKadei,District Berberati
GePNRJtbskR,République centrafricaine,RS 4,Préfecture Nana-Gribizi,District Nana-Gribizi
GHoPgIPQEgR,République centrafricaine,RS 3,Préfecture Ouham,District Bossangoa
GHUN4MLUHo0,République centrafricaine,RS 5,Préfecture Bamingui-Bangoran,District Bamingui-Bangoran
gHzAIhcIUqc,République centrafricaine,RS 4,Préfecture Nana-Gribizi,District Nana-Gribizi
GhZOXaVgxOe,République centrafricaine,RS 3,Préfecture Ouham-Pende,District Paoua
GJ9maVh77db,République centrafricaine,RS 1,Préfecture Ombella-Mpoko,District Bimbo
gJX2gq82ubV,République centrafricaine,RS 3,Préfecture Ouham-Pende,District Ngaoundaye
gkAp3dXuEnA,République centrafricaine,RS 7,Préfecture Bangui,District Bangui 3
GKdGkY63SR2,République centrafricaine,RS 3,Préfecture Ouham-Pende,District Paoua
GkGqzyctanb,République centrafricaine,RS 1,Préfecture Ombella-Mpoko,District Begoua
gLuFFf9GE9v,République centrafricaine,RS 1,Préfecture Lobaye,District Boda
gmHmTu0m52F,République centrafricaine,RS 1,Préfecture Lobaye,District Mbaiki
gMjf08F7wr7,République centrafricaine,RS 3,Préfecture Ouham,District Bossangoa
GMTqhNl2cUk,République centrafricaine,RS 2,Préfecture Sangha-Mbaere,District Sangha-Mbaere
gn3HYN6P1lw,République centrafricaine,RS 3,Préfecture Ouham,District Bossangoa
gnUOW1Xhgb1,République centrafricaine,RS 3,Préfecture Ouham-Pende,District Bozoum-Bossemptele
gOtmRF6MTrh,République centrafricaine,RS 5,Préfecture Vakaga,District Vakaga
gp98q5EG4j0,République centrafricaine,RS 1,Préfecture Ombella-Mpoko,District Bossembele
gPJw76nJ4xE,République centrafricaine,RS 1,Préfecture Lobaye,District Mbaiki
GPv7eQcKFyo,République centrafricaine,RS 4,Préfecture Ouaka,District Kouango-Grimari
gQLBablhK1G,République centrafricaine,RS 5,Préfecture Bamingui-Bangoran,District Bamingui-Bangoran
GQv2ZgycWfE,République centrafricaine,RS 7,Préfecture Bangui,"District Bangui 1  "
GRafcKRAEs0,République centrafricaine,RS 7,Préfecture Bangui,"District Bangui 1  "
GSCru4vNnmY,République centrafricaine,RS 4,Préfecture Kemo,District Kemo
GT21JhNImxz,République centrafricaine,RS 5,Préfecture Vakaga,District Vakaga
gt6RnphrZvc,République centrafricaine,RS 2,Préfecture Sangha-Mbaere,District Sangha-Mbaere
GtkHFPk6fTu,République centrafricaine,RS 7,Préfecture Bangui,"District Bangui 1  "
gU8DkXcyxnH,République centrafricaine,RS 4,Préfecture Ouaka,District Kouango-Grimari
GUEfWlnibm3,République centrafricaine,RS 3,Préfecture Ouham,District Bossangoa
gvntbF0p8YN,République centrafricaine,RS 1,Préfecture Ombella-Mpoko,District Bossembele
GvtzrnjQbc9,République centrafricaine,RS 1,Préfecture Lobaye,District Mbaiki
gwui1Hb8qWr,République centrafricaine,RS 5,Préfecture Bamingui-Bangoran,District Bamingui-Bangoran
gWWFbyC5LPO,République centrafricaine,RS 3,Préfecture Ouham-Pende,District Ngaoundaye
GX8rxEfbjDp,République centrafricaine,RS 6,Préfecture Basse-Kotto,District Mobaye-Zangba
GXoqGjblCGu,République centrafricaine,RS 3,Préfecture Ouham-Pende,District Bozoum-Bossemptele
gyXbbJnvif6,République centrafricaine,RS 4,Préfecture Ouaka,District Kouango-Grimari
GzFPVlljTTT,République centrafricaine,RS 4,Préfecture Kemo,District Kemo
gzvCx4pKP5b,République centrafricaine,RS 6,Préfecture Basse-Kotto,District Mobaye-Zangba
gzZtFvYuPHU,République centrafricaine,RS 1,Préfecture Ombella-Mpoko,District Bossembele
H0aqx4KQxv8,République centrafricaine,RS 6,Préfecture Mbomou,District Bangassou
h14MhqJze9m,République centrafricaine,RS 3,Préfecture Ouham-Pende,District Paoua
H2cURqVPBDc,République centrafricaine,RS 6,Préfecture Mbomou,District Ouango-Gambo
H3Xo2at7YPz,République centrafricaine,RS 1,Préfecture Lobaye,District Mbaiki
h4I5wF1r11M,République centrafricaine,RS 4,Préfecture Kemo,District Kemo
h5rjguEctEH,République centrafricaine,RS 2,Préfecture MambereKadei,District Gamboula
h5TUCPW6emU,République centrafricaine,RS 3,Préfecture Ouham-Pende,District Ngaoundaye
HAlP6vmwGhU,République centrafricaine,RS 3,Préfecture Ouham-Pende,District Bozoum-Bossemptele
HbN0nc4S4DI,République centrafricaine,RS 7,Préfecture Bangui,District Bangui 2
HBWvOZxe2HD,République centrafricaine,RS 6,Préfecture Basse-Kotto,District Alindao-Mingala
hDlLSFeHGew,République centrafricaine,RS 2,Préfecture Nana-Mambere,District Bouar-Baoro
hFJrHPKseJ6,République centrafricaine,RS 5,Préfecture Haute-Kotto,District Haute-Kotto
Hgt5XbLwIwE,République centrafricaine,RS 4,Préfecture Ouaka,District Bambari
Hhii27LSR5i,République centrafricaine,RS 4,Préfecture Kemo,District Kemo
hHmEABUv4Y1,République centrafricaine,RS 7,Préfecture Bangui,"District Bangui 1  "
HIbmrZYRNc9,République centrafricaine,RS 1,Préfecture Ombella-Mpoko,District Bimbo
hIsScVSyhPn,République centrafricaine,RS 1,Préfecture Ombella-Mpoko,District Begoua
HjKXzo74kJV,République centrafricaine,RS 4,Préfecture Kemo,District Kemo
hJzcYRZznvC,République centrafricaine,RS 3,Préfecture Ouham-Pende,District Bocaranga-Koui
hK2BSpgwbuJ,République centrafricaine,RS 6,Préfecture Haut-Mbomou,District Haut-Mbomou
Hkh5oGRAVEg,République centrafricaine,RS 3,Préfecture Ouham,District Nangha-Boguila
HkLcXW0WcSW,République centrafricaine,RS 1,Préfecture Lobaye,District Mbaiki
hMZ2RU95U0C,République centrafricaine,RS 6,Préfecture Haut-Mbomou,District Haut-Mbomou
HnBbtCLRFIq,République centrafricaine,RS 1,Préfecture Lobaye,District Mbaiki
HoFKy7EXlqA,République centrafricaine,RS 6,Préfecture Haut-Mbomou,District Haut-Mbomou
hoZW1K4e4Px,République centrafricaine,RS 4,Préfecture Kemo,District Kemo
HQEvpb1cCIM,République centrafricaine,RS 6,Préfecture Mbomou,District Ouango-Gambo
hqSawTwxywN,République centrafricaine,RS 6,Préfecture Mbomou,District Ouango-Gambo
hRvh2z9ykJa,République centrafricaine,RS 1,Préfecture Ombella-Mpoko,District Begoua
hSDvnsa7Wpk,République centrafricaine,RS 4,Préfecture Ouaka,District Bambari
HSRhqJHLBlm,République centrafricaine,RS 6,Préfecture Basse-Kotto,District Alindao-Mingala
HURgGL2amY6,République centrafricaine,RS 6,Préfecture Mbomou,District Ouango-Gambo
hV3R6Awwx1b,République centrafricaine,RS 6,Préfecture Basse-Kotto,District Alindao-Mingala
hv8LtXYFQzI,République centrafricaine,RS 2,Préfecture MambereKadei,District Carnot-Gadzi
Hx2C3jihHdQ,République centrafricaine,RS 4,Préfecture Nana-Gribizi,District Nana-Gribizi
HXlTs21TI2H,République centrafricaine,RS 4,Préfecture Nana-Gribizi,District Nana-Gribizi
hy39aCLNzfb,République centrafricaine,RS 6,Préfecture Mbomou,District Ouango-Gambo
hYiYQhD0tpD,République centrafricaine,RS 6,Préfecture Basse-Kotto,District Mobaye-Zangba
HyZ6Jj78WJP,République centrafricaine,RS 3,Préfecture Ouham-Pende,District Paoua
HzpngyQxH0k,République centrafricaine,RS 2,Préfecture MambereKadei,District Gamboula
I1w9CYejwUy,République centrafricaine,RS 3,Préfecture Ouham,District Bouca
I6JErlyjGl3,République centrafricaine,RS 6,Préfecture Basse-Kotto,District Alindao-Mingala
I8PMhxxwXXH,République centrafricaine,RS 3,Préfecture Ouham-Pende,District Ngaoundaye
IaLfdnDXeyS,République centrafricaine,RS 2,Préfecture Nana-Mambere,District Baboua-Abba
IAm5LEeo5mc,République centrafricaine,RS 2,Préfecture Nana-Mambere,District Baboua-Abba
icqnU9Mz1eG,République centrafricaine,RS 1,Préfecture Ombella-Mpoko,District Bossembele
iCRQaN0t9of,République centrafricaine,RS 4,Préfecture Nana-Gribizi,District Nana-Gribizi
ICyzxR9a2P7,République centrafricaine,RS 1,Préfecture Lobaye,District Mbaiki
IePtssTx5W0,République centrafricaine,RS 6,Préfecture Mbomou,District Ouango-Gambo
iFaXz92agxV,République centrafricaine,RS 3,Préfecture Ouham,District Bouca
ifNj4eg7r8Y,République centrafricaine,RS 3,Préfecture Ouham,District Batangafo-Kabo
IfRTxXVPwq0,République centrafricaine,RS 2,Préfecture Nana-Mambere,District Bouar-Baoro
IgjMyht6wzj,République centrafricaine,RS 6,Préfecture Basse-Kotto,District Kembe-Satema
IHsOEE2ugIx,République centrafricaine,RS 3,Préfecture Ouham-Pende,District Ngaoundaye
IIerESvHfVy,République centrafricaine,RS 3,Préfecture Ouham-Pende,District Paoua
IiRiYs32Fmu,République centrafricaine,RS 1,Préfecture Ombella-Mpoko,District Bossembele
iIwdU6BMlue,République centrafricaine,RS 4,Préfecture Nana-Gribizi,District Nana-Gribizi
IjCIE1dZgMR,République centrafricaine,RS 1,Préfecture Ombella-Mpoko,District Bossembele
IKbQSq3Np8n,République centrafricaine,RS 3,Préfecture Ouham,District Nangha-Boguila
IkbYlNw2Ghw,République centrafricaine,RS 1,Préfecture Ombella-Mpoko,District Bossembele
ilKIGE5tNpF,République centrafricaine,RS 5,Préfecture Bamingui-Bangoran,District Bamingui-Bangoran
IN5luEPfy0n,République centrafricaine,RS 3,Préfecture Ouham,District Nangha-Boguila
iN8rkiScRlO,République centrafricaine,RS 6,Préfecture Basse-Kotto,District Alindao-Mingala
inbaQFe9UDO,République centrafricaine,RS 2,Préfecture Nana-Mambere,District Baboua-Abba
INk5WKbIcVf,République centrafricaine,RS 2,Préfecture MambereKadei,District Berberati
iOlon7OyCFO,République centrafricaine,RS 3,Préfecture Ouham-Pende,District Ngaoundaye
IpiHewb0Mj2,République centrafricaine,RS 2,Préfecture MambereKadei,District Berberati
iPjqaXHEoyA,République centrafricaine,RS 4,Préfecture Nana-Gribizi,District Nana-Gribizi
IPRSrMfBjlS,République centrafricaine,RS 6,Préfecture Mbomou,District Bangassou
IQNktqXQw3s,République centrafricaine,RS 6,Préfecture Haut-Mbomou,District Haut-Mbomou
IQnuO2uAnHy,République centrafricaine,RS 3,Préfecture Ouham,District Batangafo-Kabo
IrrychU7zF8,République centrafricaine,RS 3,Préfecture Ouham,District Nangha-Boguila
IshUgJCLPLs,République centrafricaine,RS 5,Préfecture Vakaga,District Vakaga
ISW2co9cJeU,République centrafricaine,RS 5,Préfecture Bamingui-Bangoran,District Bamingui-Bangoran
iTzEUFYndcd,République centrafricaine,RS 3,Préfecture Ouham,District Bouca
IUFbbZHdCKU,République centrafricaine,RS 6,Préfecture Mbomou,District Ouango-Gambo
IVGy34Gu0Hv,République centrafricaine,RS 7,Préfecture Bangui,"District Bangui 1  "
iVTflh6wkmo,République centrafricaine,RS 2,Préfecture MambereKadei,District Carnot-Gadzi
iw6dCdx4Om4,République centrafricaine,RS 2,Préfecture Sangha-Mbaere,District Sangha-Mbaere
Iw9IJutgRQ5,République centrafricaine,RS 4,Préfecture Ouaka,District Bambari
iwlamTGqjHS,République centrafricaine,RS 2,Préfecture Nana-Mambere,District Bouar-Baoro
IWsKwSI7wFP,République centrafricaine,RS 3,Préfecture Ouham-Pende,District Paoua
iwt8udDzTWz,République centrafricaine,RS 4,Préfecture Ouaka,District Bambari
ixdCJ7Ri2v7,République centrafricaine,RS 3,Préfecture Ouham-Pende,District Paoua
ixPhRbc19UP,République centrafricaine,RS 7,Préfecture Bangui,District Bangui 2
IXU27uTOCok,République centrafricaine,RS 6,Préfecture Basse-Kotto,District Alindao-Mingala
IxUrV1G1ha7,République centrafricaine,RS 4,Préfecture Kemo,District Kemo
iydPkjgfxia,République centrafricaine,RS 6,Préfecture Basse-Kotto,District Mobaye-Zangba
iylGwKSktVZ,République centrafricaine,RS 5,Préfecture Haute-Kotto,District Haute-Kotto
IZ0j9Of4fSY,République centrafricaine,RS 2,Préfecture MambereKadei,District Carnot-Gadzi
IZbjmppXGDO,République centrafricaine,RS 5,Préfecture Haute-Kotto,District Haute-Kotto
IzcHLz6ThyM,République centrafricaine,RS 2,Préfecture Nana-Mambere,District Bouar-Baoro
IZe4x2LEDsV,République centrafricaine,RS 1,Préfecture Lobaye,District Mbaiki
iZPWaDbv9Gt,République centrafricaine,RS 7,Préfecture Bangui,District Bangui 3
iZUlhZFbXtG,République centrafricaine,RS 2,Préfecture MambereKadei,District Carnot-Gadzi
iZZy7B1n7G3,République centrafricaine,RS 2,Préfecture MambereKadei,District Gamboula
J0XsTnXkEOl,République centrafricaine,RS 4,Préfecture Ouaka,District Bambari
j27s3Z0woOc,République centrafricaine,RS 2,Préfecture Nana-Mambere,District Bouar-Baoro
J30ZpP5h7QL,République centrafricaine,RS 3,Préfecture Ouham-Pende,District Bocaranga-Koui
j8iiiKz0Tzd,République centrafricaine,RS 1,Préfecture Ombella-Mpoko,District Bimbo
j9D74Rk8Zat,République centrafricaine,RS 1,Préfecture Ombella-Mpoko,District Bimbo
jaMs0R9sO08,République centrafricaine,RS 1,Préfecture Lobaye,District Mbaiki
jBeCJrO8I9A,République centrafricaine,RS 7,Préfecture Bangui,"District Bangui 1  "
JbjwkJGIw7w,République centrafricaine,RS 2,Préfecture Nana-Mambere,District Baboua-Abba
jCfqmEjW0HU,République centrafricaine,RS 7,Préfecture Bangui,District Bangui 2
Jf2nojJvzp8,République centrafricaine,RS 1,Préfecture Ombella-Mpoko,District Begoua
JFDlB3az9cY,République centrafricaine,RS 3,Préfecture Ouham-Pende,District Bocaranga-Koui
jFRiRlWnIKH,République centrafricaine,RS 4,Préfecture Ouaka,District Kouango-Grimari
JFSbyrbqdM4,République centrafricaine,RS 2,Préfecture Sangha-Mbaere,District Sangha-Mbaere
JGO80TuOueC,République centrafricaine,RS 2,Préfecture MambereKadei,District Gamboula
JHFHNtzpyog,République centrafricaine,RS 7,Préfecture Bangui,"District Bangui 1  "
jhxGH6cUBYf,République centrafricaine,RS 6,Préfecture Basse-Kotto,District Mobaye-Zangba
jIDUgoKKJnT,République centrafricaine,RS 7,Préfecture Bangui,"District Bangui 1  "
jJ7pXYmVCpj,République centrafricaine,RS 6,Préfecture Mbomou,District Bangassou
Jkhki2tD5wI,République centrafricaine,RS 1,Préfecture Ombella-Mpoko,District Bimbo
jm3EmtZA7lU,République centrafricaine,RS 4,Préfecture Ouaka,District Bambari
JmiyJDBjsOr,République centrafricaine,RS 3,Préfecture Ouham,District Bossangoa
Jo5FFOr0QCS,République centrafricaine,RS 3,Préfecture Ouham,District Nangha-Boguila
jOI7D6C7ccP,République centrafricaine,RS 2,Préfecture Nana-Mambere,District Bouar-Baoro
jOY6ey5IBXm,République centrafricaine,RS 1,Préfecture Lobaye,District Mbaiki
jPeGkl2sAZz,République centrafricaine,RS 1,Préfecture Ombella-Mpoko,District Bossembele
jPFybuzfcmi,République centrafricaine,RS 5,Préfecture Haute-Kotto,District Haute-Kotto
jPmYnL3TkHM,République centrafricaine,RS 3,Préfecture Ouham-Pende,District Paoua
jpWL6XnnDbO,République centrafricaine,RS 2,Préfecture Nana-Mambere,District Bouar-Baoro
jq3yCautppZ,République centrafricaine,RS 4,Préfecture Kemo,District Kemo
JQ4QUtODoK7,République centrafricaine,RS 2,Préfecture Sangha-Mbaere,District Sangha-Mbaere
jQ5V4UPdHwP,République centrafricaine,RS 6,Préfecture Basse-Kotto,District Mobaye-Zangba
JQIGViStKTf,République centrafricaine,RS 6,Préfecture Haut-Mbomou,District Haut-Mbomou
jRwTMf51T5N,République centrafricaine,RS 1,Préfecture Lobaye,District Boda
jrzyIcaldDD,République centrafricaine,RS 3,Préfecture Ouham-Pende,District Bocaranga-Koui
jsN0cn8ZAQ9,République centrafricaine,RS 6,Préfecture Mbomou,District Ouango-Gambo
JTfsh6FJMWs,République centrafricaine,RS 3,Préfecture Ouham-Pende,District Bocaranga-Koui
JtLRc8P0kIe,République centrafricaine,RS 2,Préfecture Nana-Mambere,District Baboua-Abba
Jtrl5NAbaNK,République centrafricaine,RS 6,Préfecture Basse-Kotto,District Alindao-Mingala
JtvhrGmdgJT,République centrafricaine,RS 6,Préfecture Basse-Kotto,District Kembe-Satema
jtVs3oIzhwH,République centrafricaine,RS 4,Préfecture Nana-Gribizi,District Nana-Gribizi
jU1deO1b2TO,République centrafricaine,RS 6,Préfecture Mbomou,District Bangassou
JVgUwI1Ni28,République centrafricaine,RS 1,Préfecture Ombella-Mpoko,District Begoua
jvhdfRRmBCd,République centrafricaine,RS 6,Préfecture Basse-Kotto,District Kembe-Satema
jw4oi8hEoDt,République centrafricaine,RS 3,Préfecture Ouham-Pende,District Paoua
JxLwKNB2jlc,République centrafricaine,RS 5,Préfecture Bamingui-Bangoran,District Bamingui-Bangoran
jy2fTsNRGZH,République centrafricaine,RS 6,Préfecture Mbomou,District Bangassou
jy8q4fEkIcT,République centrafricaine,RS 4,Préfecture Nana-Gribizi,District Nana-Gribizi
jzbXCgN07cV,République centrafricaine,RS 5,Préfecture Bamingui-Bangoran,District Bamingui-Bangoran
K0YL8cP9AHT,République centrafricaine,RS 6,Préfecture Mbomou,District Bangassou
K17723AkoJl,République centrafricaine,RS 5,Préfecture Bamingui-Bangoran,District Bamingui-Bangoran
k3Lw9zzm75C,République centrafricaine,RS 3,Préfecture Ouham,District Bouca
k4XsGQMIQyv,République centrafricaine,RS 5,Préfecture Haute-Kotto,District Haute-Kotto
K53zUm1toHz,République centrafricaine,RS 5,Préfecture Haute-Kotto,District Haute-Kotto
K7Px0TwZlF3,République centrafricaine,RS 1,Préfecture Ombella-Mpoko,District Bimbo
K9EumQJfg4e,République centrafricaine,RS 4,Préfecture Ouaka,District Kouango-Grimari
kaHN5pghxXV,République centrafricaine,RS 7,Préfecture Bangui,District Bangui 2
kAnkqAHMg5O,République centrafricaine,RS 1,Préfecture Ombella-Mpoko,District Bimbo
kB5tHaBmvI2,République centrafricaine,RS 3,Préfecture Ouham,District Nangha-Boguila
KCb0A3mqdXH,République centrafricaine,RS 7,Préfecture Bangui,"District Bangui 1  "
KCb7tgYkfTE,République centrafricaine,RS 3,Préfecture Ouham,District Nangha-Boguila
KcdemnkZ90t,République centrafricaine,RS 6,Préfecture Mbomou,District Ouango-Gambo
KCk6NbyoC5z,République centrafricaine,RS 6,Préfecture Basse-Kotto,District Alindao-Mingala
Kcr3XH5JPeG,République centrafricaine,RS 2,Préfecture Nana-Mambere,District Baboua-Abba
KedmhktmoiI,République centrafricaine,RS 5,Préfecture Bamingui-Bangoran,District Bamingui-Bangoran
kFBMekuZuqF,République centrafricaine,RS 3,Préfecture Ouham-Pende,District Bozoum-Bossemptele
kGxGXPzwHeg,République centrafricaine,RS 6,Préfecture Basse-Kotto,District Mobaye-Zangba
Kh9hcB5Wjr2,République centrafricaine,RS 4,Préfecture Kemo,District Kemo
KilscdbYkfc,République centrafricaine,RS 2,Préfecture Nana-Mambere,District Bouar-Baoro
KJuEHpAA7FT,République centrafricaine,RS 7,Préfecture Bangui,"District Bangui 1  "
kk50WuEhe6y,République centrafricaine,RS 3,Préfecture Ouham,District Bossangoa
KKE5IfdmPTy,République centrafricaine,RS 3,Préfecture Ouham,District Batangafo-Kabo
kL9kkdpBagj,République centrafricaine,RS 2,Préfecture MambereKadei,District Berberati
KLiKSH6aTLP,République centrafricaine,RS 3,Préfecture Ouham,District Nangha-Boguila
KllciMT2ax8,République centrafricaine,RS 6,Préfecture Mbomou,District Ouango-Gambo
kMeCzvf4pGu,République centrafricaine,RS 7,Préfecture Bangui,"District Bangui 1  "
kMGJjRPQIWJ,République centrafricaine,RS 6,Préfecture Basse-Kotto,District Kembe-Satema
KmHoGoM3axy,République centrafricaine,RS 2,Préfecture Nana-Mambere,District Baboua-Abba
KoDMDf4VghO,République centrafricaine,RS 2,Préfecture Sangha-Mbaere,District Sangha-Mbaere
KOnjdw38BNw,République centrafricaine,RS 1,Préfecture Ombella-Mpoko,District Bossembele
KQ8Cnb3PTPG,République centrafricaine,RS 6,Préfecture Basse-Kotto,District Kembe-Satema
KQ8UZFNGjyb,République centrafricaine,RS 1,Préfecture Lobaye,District Mbaiki
KqamYniwBtb,République centrafricaine,RS 2,Préfecture MambereKadei,District Gamboula
KQjxDBnsr4e,République centrafricaine,RS 3,Préfecture Ouham-Pende,District Bocaranga-Koui
KqSLmReEpMk,République centrafricaine,RS 2,Préfecture Nana-Mambere,District Baboua-Abba
KSAnyOqdGuN,République centrafricaine,RS 6,Préfecture Haut-Mbomou,District Haut-Mbomou
kSlGtcqZbgd,République centrafricaine,RS 3,Préfecture Ouham,District Bossangoa
KTbBvv08vb3,République centrafricaine,RS 4,Préfecture Ouaka,District Bambari
KTH38bNXSwh,République centrafricaine,RS 2,Préfecture MambereKadei,District Gamboula
kVClURjlyL5,République centrafricaine,RS 5,Préfecture Bamingui-Bangoran,District Bamingui-Bangoran
kYC6YdhbsZC,République centrafricaine,RS 3,Préfecture Ouham-Pende,District Bocaranga-Koui
KyIYQMpJrbq,République centrafricaine,RS 3,Préfecture Ouham-Pende,District Bozoum-Bossemptele
kZIUxi9K1ZO,République centrafricaine,RS 3,Préfecture Ouham-Pende,District Paoua
KZmKbe3oft5,République centrafricaine,RS 2,Préfecture MambereKadei,District Carnot-Gadzi
kzQUxzWSU6w,République centrafricaine,RS 4,Préfecture Ouaka,District Bambari
l05X1fwp9Kh,République centrafricaine,RS 1,Préfecture Ombella-Mpoko,District Bossembele
L1GHoPLtwwy,République centrafricaine,RS 6,Préfecture Basse-Kotto,District Kembe-Satema
L2YWd7BRSEd,République centrafricaine,RS 5,Préfecture Bamingui-Bangoran,District Bamingui-Bangoran
L4QDzJuKgRj,République centrafricaine,RS 3,Préfecture Ouham-Pende,District Bozoum-Bossemptele
l4tSJHExXOn,République centrafricaine,RS 4,Préfecture Ouaka,District Kouango-Grimari
l5cJ3WkpOZd,République centrafricaine,RS 3,Préfecture Ouham-Pende,District Ngaoundaye
L64dIKORhQi,République centrafricaine,RS 5,Préfecture Bamingui-Bangoran,District Bamingui-Bangoran
l7L3hrMGLuq,République centrafricaine,RS 2,Préfecture MambereKadei,District Carnot-Gadzi
l89qnK8hdgI,République centrafricaine,RS 6,Préfecture Mbomou,District Bangassou
l9M7IDxdTYm,République centrafricaine,RS 4,Préfecture Ouaka,District Kouango-Grimari
lApeHpaJMEh,République centrafricaine,RS 1,Préfecture Ombella-Mpoko,District Bimbo
Lc0vC8fi24r,République centrafricaine,RS 3,Préfecture Ouham,District Batangafo-Kabo
LCB1SvHWoqS,République centrafricaine,RS 1,Préfecture Lobaye,District Boda
lcGPTq27mdR,République centrafricaine,RS 2,Préfecture Nana-Mambere,District Bouar-Baoro
LD78JQ2Pjhq,République centrafricaine,RS 4,Préfecture Ouaka,District Kouango-Grimari
LeMQjCk0TYS,République centrafricaine,RS 3,Préfecture Ouham-Pende,District Paoua
lEsDXyixRQG,République centrafricaine,RS 3,Préfecture Ouham,District Nangha-Boguila
Lg3AtjIP3x2,République centrafricaine,RS 4,Préfecture Nana-Gribizi,District Nana-Gribizi
LHabP1Y0F1a,République centrafricaine,RS 2,Préfecture Nana-Mambere,District Bouar-Baoro
lhHhgNSN4fJ,République centrafricaine,RS 2,Préfecture Nana-Mambere,District Baboua-Abba
LiqffSU3AF7,République centrafricaine,RS 2,Préfecture Sangha-Mbaere,District Sangha-Mbaere
LIzsEvAXA5m,République centrafricaine,RS 1,Préfecture Ombella-Mpoko,District Begoua
lJomyeUvUsF,République centrafricaine,RS 1,Préfecture Ombella-Mpoko,District Begoua
Lk6fTw7028l,République centrafricaine,RS 6,Préfecture Mbomou,District Ouango-Gambo
lkNLSJiWBU3,République centrafricaine,RS 2,Préfecture Sangha-Mbaere,District Sangha-Mbaere
LLExjBXc5Oq,République centrafricaine,RS 1,Préfecture Ombella-Mpoko,District Bossembele
lLlXW0eTuOq,République centrafricaine,RS 4,Préfecture Ouaka,District Bambari
lLP8P4VVbuG,République centrafricaine,RS 6,Préfecture Mbomou,District Bangassou
LM2XRdwhVju,République centrafricaine,RS 6,Préfecture Haut-Mbomou,District Haut-Mbomou
LmfcgGejdP8,République centrafricaine,RS 1,Préfecture Lobaye,District Mbaiki
lmxnckSjae2,République centrafricaine,RS 4,Préfecture Nana-Gribizi,District Nana-Gribizi
ln8zW947drm,République centrafricaine,RS 3,Préfecture Ouham,District Nangha-Boguila
LnJ8QP9PvYq,République centrafricaine,RS 2,Préfecture Nana-Mambere,District Bouar-Baoro
lNkaxpVkT8G,République centrafricaine,RS 7,Préfecture Bangui,"District Bangui 1  "
LOKAwCysD0R,République centrafricaine,RS 6,Préfecture Basse-Kotto,District Kembe-Satema
lPyvag5cUb1,République centrafricaine,RS 3,Préfecture Ouham,District Nangha-Boguila
LR4dGnDhuRe,République centrafricaine,RS 6,Préfecture Basse-Kotto,District Mobaye-Zangba
LRcyknpgDJk,République centrafricaine,RS 6,Préfecture Mbomou,District Bangassou
lTJ8x6blDbu,République centrafricaine,RS 3,Préfecture Ouham-Pende,District Paoua
LUj6XhSDVxQ,République centrafricaine,RS 2,Préfecture MambereKadei,District Carnot-Gadzi
lurNsVWHtBp,République centrafricaine,RS 2,Préfecture Nana-Mambere,District Baboua-Abba
luuNPXKTy6w,République centrafricaine,RS 1,Préfecture Lobaye,District Mbaiki
lvVOWq7otoz,République centrafricaine,RS 3,Préfecture Ouham-Pende,District Bozoum-Bossemptele
LvW9vcW9pS5,République centrafricaine,RS 1,Préfecture Ombella-Mpoko,District Begoua
LWbhJSZ1r63,République centrafricaine,RS 7,Préfecture Bangui,District Bangui 2
lwzEsAxD83j,République centrafricaine,RS 6,Préfecture Basse-Kotto,District Kembe-Satema
LXd1Pd2qub7,République centrafricaine,RS 7,Préfecture Bangui,District Bangui 2
Ly58u5OWvgg,République centrafricaine,RS 2,Préfecture Sangha-Mbaere,District Sangha-Mbaere
lYVI02HkQ7a,République centrafricaine,RS 6,Préfecture Mbomou,District Bangassou
lzEYgxckKY8,République centrafricaine,RS 1,Préfecture Lobaye,District Mbaiki
M0X8GWcPf7J,République centrafricaine,RS 3,Préfecture Ouham,District Batangafo-Kabo
m1bXEos51FX,République centrafricaine,RS 7,Préfecture Bangui,District Bangui 2
m2FDTxjo8iX,République centrafricaine,RS 3,Préfecture Ouham,District Bouca
m2fiG85OXsQ,République centrafricaine,RS 2,Préfecture Nana-Mambere,District Baboua-Abba
M3dUldp5wl4,République centrafricaine,RS 4,Préfecture Nana-Gribizi,District Nana-Gribizi
m4Q2mNvLOjV,République centrafricaine,RS 6,Préfecture Basse-Kotto,District Alindao-Mingala
m6P5Hxkb3e3,République centrafricaine,RS 4,Préfecture Nana-Gribizi,District Nana-Gribizi
MAdKbQBwCiE,République centrafricaine,RS 2,Préfecture MambereKadei,District Berberati
mCnkO2ShnSn,République centrafricaine,RS 3,Préfecture Ouham,District Nangha-Boguila
mddd4fcljAw,République centrafricaine,RS 3,Préfecture Ouham-Pende,District Paoua
mDIMeV9xY7I,République centrafricaine,RS 4,Préfecture Nana-Gribizi,District Nana-Gribizi
mFbww6MJiTV,République centrafricaine,RS 3,Préfecture Ouham,District Nangha-Boguila
mfDj19678M1,République centrafricaine,RS 3,Préfecture Ouham-Pende,District Ngaoundaye
MFDu1ckazBC,République centrafricaine,RS 6,Préfecture Basse-Kotto,District Alindao-Mingala
mfnwJaQtxzU,République centrafricaine,RS 4,Préfecture Ouaka,District Bambari
Mi7bm1xfzhy,République centrafricaine,RS 1,Préfecture Ombella-Mpoko,District Bossembele
mjkwptqTzRH,République centrafricaine,RS 2,Préfecture MambereKadei,District Berberati
MKWGfMqZlzK,République centrafricaine,RS 3,Préfecture Ouham,District Bossangoa
mmfHI1qDWv1,République centrafricaine,RS 1,Préfecture Lobaye,District Mbaiki
mMQfK31ND4J,République centrafricaine,RS 1,Préfecture Ombella-Mpoko,District Bossembele
MMXJ6tX8Arr,République centrafricaine,RS 3,Préfecture Ouham,District Bossangoa
mn6EZN1Vz45,République centrafricaine,RS 7,Préfecture Bangui,District Bangui 3
mOwhVjcMMG9,République centrafricaine,RS 6,Préfecture Mbomou,District Ouango-Gambo
moZycKlkh6a,République centrafricaine,RS 2,Préfecture MambereKadei,District Berberati
Mp8obEya3BF,République centrafricaine,RS 3,Préfecture Ouham-Pende,District Bocaranga-Koui
mPFtOhUJqF0,République centrafricaine,RS 2,Préfecture MambereKadei,District Berberati
mQCDqyN1mbE,République centrafricaine,RS 6,Préfecture Basse-Kotto,District Alindao-Mingala
Mqn4iJylHYn,République centrafricaine,RS 6,Préfecture Basse-Kotto,District Alindao-Mingala
MqXSs6HJSio,République centrafricaine,RS 6,Préfecture Basse-Kotto,District Kembe-Satema
MRalw6Snigb,République centrafricaine,RS 3,Préfecture Ouham-Pende,District Ngaoundaye
MRHbEJn9zCQ,République centrafricaine,RS 1,Préfecture Ombella-Mpoko,District Bossembele
mSDqpyUaQF2,République centrafricaine,RS 3,Préfecture Ouham-Pende,District Bozoum-Bossemptele
MsGSHkXagiZ,République centrafricaine,RS 4,Préfecture Nana-Gribizi,District Nana-Gribizi
MTp6YUtTEaK,République centrafricaine,RS 2,Préfecture MambereKadei,District Carnot-Gadzi
MtVsxLINahY,République centrafricaine,RS 2,Préfecture MambereKadei,District Carnot-Gadzi
MuZcKv4z3BI,République centrafricaine,RS 7,Préfecture Bangui,District Bangui 3
mwq0RSu1nws,République centrafricaine,RS 6,Préfecture Basse-Kotto,District Alindao-Mingala
MX4048h9qP8,République centrafricaine,RS 7,Préfecture Bangui,District Bangui 2
Mxs7um4v2Og,République centrafricaine,RS 2,Préfecture Nana-Mambere,District Bouar-Baoro
MxtIIZUFO49,République centrafricaine,RS 2,Préfecture Nana-Mambere,District Baboua-Abba
MyLUtgv0qPi,République centrafricaine,RS 1,Préfecture Ombella-Mpoko,District Begoua
mZGsi9SHD9U,République centrafricaine,RS 6,Préfecture Mbomou,District Bangassou
mznLoHfUxXE,République centrafricaine,RS 1,Préfecture Ombella-Mpoko,District Bimbo
MzQLnzuSoa7,République centrafricaine,RS 7,Préfecture Bangui,"District Bangui 1  "
n0DpDJnxQ3a,République centrafricaine,RS 3,Préfecture Ouham-Pende,District Paoua
N4a3P2R8cuo,République centrafricaine,RS 3,Préfecture Ouham-Pende,District Bozoum-Bossemptele
N4BjTxWPNSv,République centrafricaine,RS 5,Préfecture Bamingui-Bangoran,District Bamingui-Bangoran
n7lvDjgSLgl,République centrafricaine,RS 2,Préfecture MambereKadei,District Berberati
n8JTXTuUOaJ,République centrafricaine,RS 4,Préfecture Ouaka,District Bambari
N9LtUm83Qgg,République centrafricaine,RS 1,Préfecture Lobaye,District Boda
na1dyiaClNo,République centrafricaine,RS 6,Préfecture Mbomou,District Ouango-Gambo
nAzBAaWcq49,République centrafricaine,RS 4,Préfecture Nana-Gribizi,District Nana-Gribizi
nCP59JtQ1K5,République centrafricaine,RS 4,Préfecture Ouaka,District Kouango-Grimari
nCxw9Puhpzf,République centrafricaine,RS 3,Préfecture Ouham-Pende,District Paoua
nEg6PSVE2z8,République centrafricaine,RS 3,Préfecture Ouham-Pende,District Bozoum-Bossemptele
nfGFzzuI0sa,République centrafricaine,RS 6,Préfecture Basse-Kotto,District Kembe-Satema
ngu37OF1LBj,République centrafricaine,RS 3,Préfecture Ouham,District Batangafo-Kabo
nGzsww9uJeO,République centrafricaine,RS 5,Préfecture Bamingui-Bangoran,District Bamingui-Bangoran
nIbiclujauY,République centrafricaine,RS 2,Préfecture MambereKadei,District Berberati
niSmUHx6Qxf,République centrafricaine,RS 3,Préfecture Ouham-Pende,District Bozoum-Bossemptele
NjGYmQkmD51,République centrafricaine,RS 1,Préfecture Lobaye,District Mbaiki
nKiFfVWSOFb,République centrafricaine,RS 2,Préfecture Nana-Mambere,District Bouar-Baoro
NLiXIgJYNNk,République centrafricaine,RS 4,Préfecture Ouaka,District Bambari
NLNHhEy6fw6,République centrafricaine,RS 6,Préfecture Haut-Mbomou,District Haut-Mbomou
NLOhxyDl4Dr,République centrafricaine,RS 5,Préfecture Vakaga,District Vakaga
NM4dyA3KVhf,République centrafricaine,RS 5,Préfecture Haute-Kotto,District Haute-Kotto
nMXlCbUvLzk,République centrafricaine,RS 6,Préfecture Mbomou,District Ouango-Gambo
nN0X53ZmFD0,République centrafricaine,RS 4,Préfecture Ouaka,District Bambari
no8sBbeUx4a,République centrafricaine,RS 3,Préfecture Ouham-Pende,District Paoua
NoH5e9z2q1H,République centrafricaine,RS 1,Préfecture Lobaye,District Mbaiki
nOtV6CWAm3e,République centrafricaine,RS 1,Préfecture Ombella-Mpoko,District Begoua
nPYOuxlhy2E,République centrafricaine,RS 3,Préfecture Ouham,District Bossangoa
NqCsYshfYi5,République centrafricaine,RS 2,Préfecture MambereKadei,District Berberati
NQOiCIG51V8,République centrafricaine,RS 1,Préfecture Ombella-Mpoko,District Bimbo
NqPgobNnIKu,République centrafricaine,RS 1,Préfecture Ombella-Mpoko,District Begoua
nSAWoYBeZaf,République centrafricaine,RS 5,Préfecture Vakaga,District Vakaga
nsgxV8JBnBN,République centrafricaine,RS 4,Préfecture Ouaka,District Bambari
Nsh6GljJZCa,République centrafricaine,RS 4,Préfecture Ouaka,District Kouango-Grimari
NSncQQwog6T,République centrafricaine,RS 4,Préfecture Kemo,District Kemo
NSrdkwvJ1D9,République centrafricaine,RS 6,Préfecture Basse-Kotto,District Alindao-Mingala
nTh2VWeB1Aj,République centrafricaine,RS 7,Préfecture Bangui,District Bangui 2
NUJhXcZnyDM,République centrafricaine,RS 2,Préfecture Sangha-Mbaere,District Sangha-Mbaere
NunUUBDrEZA,République centrafricaine,RS 2,Préfecture MambereKadei,District Carnot-Gadzi
nv4QEYjMT95,République centrafricaine,RS 2,Préfecture Nana-Mambere,District Baboua-Abba
nVLxy2Q6E54,République centrafricaine,RS 5,Préfecture Bamingui-Bangoran,District Bamingui-Bangoran
nvTe4Xg4uua,République centrafricaine,RS 3,Préfecture Ouham,District Bossangoa
nwCTyoGg0da,République centrafricaine,RS 4,Préfecture Ouaka,District Bambari
NWLwbviYJs1,République centrafricaine,RS 3,Préfecture Ouham,District Nangha-Boguila
NXJY4pH45nB,République centrafricaine,RS 6,Préfecture Haut-Mbomou,District Haut-Mbomou
NyihdWNzttV,République centrafricaine,RS 1,Préfecture Lobaye,District Mbaiki
o4pCjRPBxap,République centrafricaine,RS 5,Préfecture Vakaga,District Vakaga
o5NYzDGdqLd,République centrafricaine,RS 2,Préfecture Sangha-Mbaere,District Sangha-Mbaere
o5rwVHZoORr,République centrafricaine,RS 3,Préfecture Ouham,District Nangha-Boguila
O6GWQ91gJ4N,République centrafricaine,RS 4,Préfecture Ouaka,District Kouango-Grimari
o7uJg2gjDC5,République centrafricaine,RS 1,Préfecture Ombella-Mpoko,District Begoua
O7UNs4tAfRb,République centrafricaine,RS 6,Préfecture Basse-Kotto,District Alindao-Mingala
o7vmEdPD6Kh,République centrafricaine,RS 3,Préfecture Ouham-Pende,District Paoua
O85g0nK0c5I,République centrafricaine,RS 3,Préfecture Ouham,District Batangafo-Kabo
O9DtA6VArXX,République centrafricaine,RS 6,Préfecture Mbomou,District Bangassou
o9PDgM4hSnf,République centrafricaine,RS 1,Préfecture Lobaye,District Mbaiki
oAZAc4USFvb,République centrafricaine,RS 4,Préfecture Ouaka,District Bambari
ObMwakDdFBt,République centrafricaine,RS 3,Préfecture Ouham-Pende,District Ngaoundaye
ObPxp8SXpxg,République centrafricaine,RS 1,Préfecture Ombella-Mpoko,District Bossembele
Oc23kVDTnsC,République centrafricaine,RS 1,Préfecture Ombella-Mpoko,District Bimbo
OctaQticekU,République centrafricaine,RS 2,Préfecture MambereKadei,District Gamboula
ODlsyNN8N8O,République centrafricaine,RS 5,Préfecture Haute-Kotto,District Haute-Kotto
OE0y98JPUYQ,République centrafricaine,RS 3,Préfecture Ouham-Pende,District Bocaranga-Koui
Oex1XzmyZbP,République centrafricaine,RS 1,Préfecture Lobaye,District Boda
Ofd7H4dHk6A,République centrafricaine,RS 4,Préfecture Kemo,District Kemo
OFIBke80bef,République centrafricaine,RS 3,Préfecture Ouham,District Nangha-Boguila
OfqBEseZfKA,République centrafricaine,RS 1,Préfecture Ombella-Mpoko,District Begoua
oftjjhz25yk,République centrafricaine,RS 5,Préfecture Haute-Kotto,District Haute-Kotto
ogVmIMoqMkE,République centrafricaine,RS 5,Préfecture Vakaga,District Vakaga
OhJFDSztQSY,République centrafricaine,RS 1,Préfecture Ombella-Mpoko,District Bimbo
OhwcFZIqKD2,République centrafricaine,RS 4,Préfecture Ouaka,District Kouango-Grimari
OjSXdxvPB4e,République centrafricaine,RS 3,Préfecture Ouham-Pende,District Bozoum-Bossemptele
ojzkwyyQJ8e,République centrafricaine,RS 4,Préfecture Ouaka,District Bambari
ok5uxleuUD2,République centrafricaine,RS 6,Préfecture Basse-Kotto,District Kembe-Satema
okAL1X8OLVP,République centrafricaine,RS 4,Préfecture Ouaka,District Kouango-Grimari
OlqWdLjwJOp,République centrafricaine,RS 3,Préfecture Ouham,District Bossangoa
olx6sJynoGw,République centrafricaine,RS 2,Préfecture MambereKadei,District Carnot-Gadzi
om0zO1DBHnq,République centrafricaine,RS 1,Préfecture Ombella-Mpoko,District Bossembele
ONEVMoZ4hnU,République centrafricaine,RS 7,Préfecture Bangui,"District Bangui 1  "
oPelHqIu9a0,République centrafricaine,RS 2,Préfecture Sangha-Mbaere,District Sangha-Mbaere
OPxWfLPFPwS,République centrafricaine,RS 3,Préfecture Ouham-Pende,District Ngaoundaye
oQ6ndN2ofNE,République centrafricaine,RS 3,Préfecture Ouham-Pende,District Ngaoundaye
Oqck2tZZsoZ,République centrafricaine,RS 4,Préfecture Kemo,District Kemo
OqOOp0u5Imz,République centrafricaine,RS 3,Préfecture Ouham-Pende,District Ngaoundaye
OqR7TxiXV2S,République centrafricaine,RS 7,Préfecture Bangui,District Bangui 2
OREUcS4An08,République centrafricaine,RS 7,Préfecture Bangui,"District Bangui 1  "
ORx7y2dNHI5,République centrafricaine,RS 2,Préfecture MambereKadei,District Gamboula
OuK0KEEbIVF,République centrafricaine,RS 2,Préfecture Sangha-Mbaere,District Sangha-Mbaere
oUKDUUVImHv,République centrafricaine,RS 3,Préfecture Ouham,District Nangha-Boguila
OvD7wTDDlTn,République centrafricaine,RS 1,Préfecture Lobaye,District Mbaiki
OVQxjU66BoP,République centrafricaine,RS 6,Préfecture Basse-Kotto,District Mobaye-Zangba
Ow27W9ErGAZ,République centrafricaine,RS 7,Préfecture Bangui,"District Bangui 1  "
OwSOS6UvCua,République centrafricaine,RS 6,Préfecture Basse-Kotto,District Mobaye-Zangba
OxMtwuXC2jn,République centrafricaine,RS 3,Préfecture Ouham,District Bouca
OYt1CBbXO9A,République centrafricaine,RS 3,Préfecture Ouham-Pende,District Paoua
OZdUZSPJkJI,République centrafricaine,RS 2,Préfecture Sangha-Mbaere,District Sangha-Mbaere
OZKcInnRp2Z,République centrafricaine,RS 7,Préfecture Bangui,District Bangui 3
ozlXhCFVTp9,République centrafricaine,RS 7,Préfecture Bangui,"District Bangui 1  "
p0G1R2b15oO,République centrafricaine,RS 1,Préfecture Ombella-Mpoko,District Begoua
P0p31Gn7R4c,République centrafricaine,RS 3,Préfecture Ouham-Pende,District Bozoum-Bossemptele
P17pWAoKhFl,République centrafricaine,RS 2,Préfecture Sangha-Mbaere,District Sangha-Mbaere
p22MS4arV5s,République centrafricaine,RS 2,Préfecture MambereKadei,District Carnot-Gadzi
p2jMY3Qw3AM,République centrafricaine,RS 4,Préfecture Kemo,District Kemo
p2sH9rIxaYI,République centrafricaine,RS 3,Préfecture Ouham-Pende,District Ngaoundaye
P3nyBizVvkm,République centrafricaine,RS 1,Préfecture Lobaye,District Boda
P46VtQlzhDE,République centrafricaine,RS 1,Préfecture Ombella-Mpoko,District Bimbo
p4F3De4L7s2,République centrafricaine,RS 6,Préfecture Mbomou,District Bangassou
p7VIbujAubd,République centrafricaine,RS 6,Préfecture Basse-Kotto,District Mobaye-Zangba
pA5411fhSVD,République centrafricaine,RS 1,Préfecture Ombella-Mpoko,District Begoua
PAfWHNSjFhE,République centrafricaine,RS 4,Préfecture Kemo,District Kemo
Pb1cUzeaCSA,République centrafricaine,RS 6,Préfecture Mbomou,District Bangassou
PbIKUtrOabg,République centrafricaine,RS 1,Préfecture Lobaye,District Mbaiki
PCzHkQjTu8X,République centrafricaine,RS 1,Préfecture Lobaye,District Mbaiki
PdFtpmdwc2r,République centrafricaine,RS 4,Préfecture Nana-Gribizi,District Nana-Gribizi
pDFzPJEVLw4,République centrafricaine,RS 4,Préfecture Ouaka,District Bambari
pdINxEUSWod,République centrafricaine,RS 1,Préfecture Ombella-Mpoko,District Bossembele
PfDAnUs5cHH,République centrafricaine,RS 6,Préfecture Basse-Kotto,District Mobaye-Zangba
pFkfcHjrs1h,République centrafricaine,RS 4,Préfecture Ouaka,District Bambari
PG9vDfTzNBI,République centrafricaine,RS 6,Préfecture Mbomou,District Ouango-Gambo
PGZcrgzuEJp,République centrafricaine,RS 4,Préfecture Kemo,District Kemo
PH5s3WTxq78,République centrafricaine,RS 4,Préfecture Ouaka,District Bambari
pj5s3JVLI5K,République centrafricaine,RS 7,Préfecture Bangui,"District Bangui 1  "
pKbc8VQa9YZ,République centrafricaine,RS 3,Préfecture Ouham-Pende,District Bocaranga-Koui
pKPlFhaHaL2,République centrafricaine,RS 2,Préfecture MambereKadei,District Carnot-Gadzi
PKTr0wti4kS,République centrafricaine,RS 6,Préfecture Mbomou,District Bangassou
plE7DiZ8jIo,République centrafricaine,RS 1,Préfecture Ombella-Mpoko,District Bossembele
PmpCaPAIWY2,République centrafricaine,RS 7,Préfecture Bangui,District Bangui 2
PmyDdQBfHWM,République centrafricaine,RS 6,Préfecture Mbomou,District Bangassou
pnMNFCtET19,République centrafricaine,RS 3,Préfecture Ouham-Pende,District Paoua
PnNdxffb6pV,République centrafricaine,RS 2,Préfecture Sangha-Mbaere,District Sangha-Mbaere
popAk6a2VeR,République centrafricaine,RS 3,Préfecture Ouham,District Batangafo-Kabo
PoS1XMDCsOQ,République centrafricaine,RS 1,Préfecture Ombella-Mpoko,District Bimbo
poySXyksRnS,République centrafricaine,RS 6,Préfecture Mbomou,District Ouango-Gambo
POzrF8WeS3Z,République centrafricaine,RS 4,Préfecture Nana-Gribizi,District Nana-Gribizi
pqCMCbi7OAf,République centrafricaine,RS 3,Préfecture Ouham,District Nangha-Boguila
PqVg204PUGr,République centrafricaine,RS 3,Préfecture Ouham,District Bossangoa
PRvsSTlcZNR,République centrafricaine,RS 4,Préfecture Ouaka,District Kouango-Grimari
PSe9ifCJZag,République centrafricaine,RS 3,Préfecture Ouham,District Batangafo-Kabo
PtSFlJ8XtzP,République centrafricaine,RS 1,Préfecture Lobaye,District Mbaiki
pUri5wWWJKf,République centrafricaine,RS 7,Préfecture Bangui,"District Bangui 1  "
PuU7m2tsj6A,République centrafricaine,RS 3,Préfecture Ouham,District Bouca
PVAPSZXs18A,République centrafricaine,RS 6,Préfecture Mbomou,District Bangassou
PWeoXUpJd2B,République centrafricaine,RS 6,Préfecture Basse-Kotto,District Alindao-Mingala
PwiEmsyipxv,République centrafricaine,RS 7,Préfecture Bangui,"District Bangui 1  "
Px97rqVn5mh,République centrafricaine,RS 1,Préfecture Lobaye,District Boda
PXe5FY66oBm,République centrafricaine,RS 6,Préfecture Basse-Kotto,District Alindao-Mingala
PXvXrZqnP5o,République centrafricaine,RS 4,Préfecture Nana-Gribizi,District Nana-Gribizi
pXz1yeYZqE4,République centrafricaine,RS 4,Préfecture Ouaka,District Bambari
PxzdHAZ5u9l,République centrafricaine,RS 2,Préfecture Nana-Mambere,District Bouar-Baoro
PZ6R5xDu1Jg,République centrafricaine,RS 4,Préfecture Ouaka,District Kouango-Grimari
pZk5rsOCbfs,République centrafricaine,RS 6,Préfecture Mbomou,District Bangassou
Q0oLku3j9YT,République centrafricaine,RS 7,Préfecture Bangui,District Bangui 2
Q0vUMzRXm29,République centrafricaine,RS 6,Préfecture Mbomou,District Ouango-Gambo
q17FQfFrIzI,République centrafricaine,RS 6,Préfecture Basse-Kotto,District Kembe-Satema
q6fTG55Erjx,République centrafricaine,RS 6,Préfecture Basse-Kotto,District Kembe-Satema
Q78Ui5JaV8Z,République centrafricaine,RS 7,Préfecture Bangui,"District Bangui 1  "
q7bUDkSXc27,République centrafricaine,RS 2,Préfecture MambereKadei,District Carnot-Gadzi
Q8IExsmX1fs,République centrafricaine,RS 3,Préfecture Ouham,District Bossangoa
q9hdxGkrkh3,République centrafricaine,RS 7,Préfecture Bangui,District Bangui 3
qbHQvXzgKMf,République centrafricaine,RS 6,Préfecture Basse-Kotto,District Alindao-Mingala
qbVdoBuE4vU,République centrafricaine,RS 6,Préfecture Mbomou,District Ouango-Gambo
QceLGUpmXnj,République centrafricaine,RS 3,Préfecture Ouham-Pende,District Bocaranga-Koui
qCKWCGZ6p8u,République centrafricaine,RS 3,Préfecture Ouham-Pende,District Paoua
qel6SnMVkb2,République centrafricaine,RS 4,Préfecture Ouaka,District Bambari
qhhAWF2i0Zz,République centrafricaine,RS 3,Préfecture Ouham,District Bossangoa
QiG9CsL8RuB,République centrafricaine,RS 7,Préfecture Bangui,District Bangui 2
qjsJcauQ1Mw,République centrafricaine,RS 5,Préfecture Vakaga,District Vakaga
qjXtd4Mk6wl,République centrafricaine,RS 3,Préfecture Ouham-Pende,District Ngaoundaye
qk2JskRcfEo,République centrafricaine,RS 3,Préfecture Ouham,District Bossangoa
qkpStnEtwLh,République centrafricaine,RS 1,Préfecture Ombella-Mpoko,District Bimbo
QKtw8bT8gO0,République centrafricaine,RS 5,Préfecture Bamingui-Bangoran,District Bamingui-Bangoran
qKvG1AK0qgE,République centrafricaine,RS 3,Préfecture Ouham-Pende,District Bozoum-Bossemptele
Qm7CIFotPTd,République centrafricaine,RS 5,Préfecture Vakaga,District Vakaga
Qm7QQCp59h7,République centrafricaine,RS 4,Préfecture Nana-Gribizi,District Nana-Gribizi
Qq62DJOUxqp,République centrafricaine,RS 6,Préfecture Mbomou,District Ouango-Gambo
qqOWPpkhXcL,République centrafricaine,RS 7,Préfecture Bangui,District Bangui 3
QQP2uTJ3qf8,République centrafricaine,RS 3,Préfecture Ouham,District Bossangoa
qqYMy9NvXlK,République centrafricaine,RS 1,Préfecture Ombella-Mpoko,District Begoua
QsbgBzW92kg,République centrafricaine,RS 6,Préfecture Basse-Kotto,District Mobaye-Zangba
qTEa9E8Ahbw,République centrafricaine,RS 4,Préfecture Ouaka,District Kouango-Grimari
qTEkdr92vnR,République centrafricaine,RS 6,Préfecture Basse-Kotto,District Mobaye-Zangba
qvGkPt6QHTE,République centrafricaine,RS 6,Préfecture Mbomou,District Bangassou
qYoQpFGieUo,République centrafricaine,RS 5,Préfecture Bamingui-Bangoran,District Bamingui-Bangoran
qZ7UCATjx6I,République centrafricaine,RS 5,Préfecture Haute-Kotto,District Haute-Kotto
qZvtztDgxZe,République centrafricaine,RS 4,Préfecture Kemo,District Kemo
QzxosGD5gNc,République centrafricaine,RS 7,Préfecture Bangui,District Bangui 2
r0S1PyPxaFJ,République centrafricaine,RS 6,Préfecture Mbomou,District Bangassou
R189TMIbaxn,République centrafricaine,RS 2,Préfecture Nana-Mambere,District Baboua-Abba
r3jEida95Jk,République centrafricaine,RS 2,Préfecture Nana-Mambere,District Baboua-Abba
R51nX96G96J,République centrafricaine,RS 6,Préfecture Mbomou,District Ouango-Gambo
r52QwBlveVb,République centrafricaine,RS 7,Préfecture Bangui,"District Bangui 1  "
r6gnkZt8Yku,République centrafricaine,RS 1,Préfecture Ombella-Mpoko,District Begoua
r6rNIkHMNZn,République centrafricaine,RS 3,Préfecture Ouham,District Bossangoa
r7e9e88H0OL,République centrafricaine,RS 7,Préfecture Bangui,District Bangui 3
R7XSffFy7R8,République centrafricaine,RS 6,Préfecture Mbomou,District Ouango-Gambo
r8fhsGMkwvf,République centrafricaine,RS 5,Préfecture Vakaga,District Vakaga
rBFZx8oqsTY,République centrafricaine,RS 3,Préfecture Ouham,District Bossangoa
rbNpoQ6deXS,République centrafricaine,RS 1,Préfecture Ombella-Mpoko,District Begoua
RCVTZs2ZHSG,République centrafricaine,RS 3,Préfecture Ouham,District Nangha-Boguila
rcwbr3ZEqoI,République centrafricaine,RS 3,Préfecture Ouham,District Nangha-Boguila
rD9oBrgou0L,République centrafricaine,RS 6,Préfecture Basse-Kotto,District Kembe-Satema
RDESFAeSms3,République centrafricaine,RS 5,Préfecture Haute-Kotto,District Haute-Kotto
RDeSJ04pFiA,République centrafricaine,RS 6,Préfecture Basse-Kotto,District Alindao-Mingala
rEpbDJPJMcJ,République centrafricaine,RS 7,Préfecture Bangui,"District Bangui 1  "
RFOL5WyaFa4,République centrafricaine,RS 6,Préfecture Basse-Kotto,District Mobaye-Zangba
RFwGWfsSoc8,République centrafricaine,RS 4,Préfecture Kemo,District Kemo
RH88ZNQNMoN,République centrafricaine,RS 3,Préfecture Ouham,District Bouca
RhwaQxXSCgV,République centrafricaine,RS 2,Préfecture MambereKadei,District Berberati
rIIelmpTaFO,République centrafricaine,RS 3,Préfecture Ouham-Pende,District Ngaoundaye
RJvD3YjM2f2,République centrafricaine,RS 2,Préfecture Nana-Mambere,District Baboua-Abba
Rk53HU5ceDU,République centrafricaine,RS 4,Préfecture Ouaka,District Kouango-Grimari
rKoj6M7iCzZ,République centrafricaine,RS 5,Préfecture Haute-Kotto,District Haute-Kotto
RKs9H8iIEX8,République centrafricaine,RS 7,Préfecture Bangui,"District Bangui 1  "
rKZGI3pZ3nO,République centrafricaine,RS 3,Préfecture Ouham-Pende,District Paoua
Rm46Am1zlwa,République centrafricaine,RS 6,Préfecture Basse-Kotto,District Mobaye-Zangba
RNjJ0ACKQQZ,République centrafricaine,RS 1,Préfecture Lobaye,District Boda
RNOcqyR9YDv,République centrafricaine,RS 1,Préfecture Ombella-Mpoko,District Begoua
RoXfnvdiPYL,République centrafricaine,RS 2,Préfecture Sangha-Mbaere,District Sangha-Mbaere
rp99YarAU8o,République centrafricaine,RS 6,Préfecture Mbomou,District Ouango-Gambo
rPAEgzKlLmR,République centrafricaine,RS 4,Préfecture Ouaka,District Bambari
rPrVwHuVLik,République centrafricaine,RS 2,Préfecture MambereKadei,District Carnot-Gadzi
rr6lueVvw27,République centrafricaine,RS 5,Préfecture Haute-Kotto,District Haute-Kotto
rrFDEqucUyB,République centrafricaine,RS 2,Préfecture Sangha-Mbaere,District Sangha-Mbaere
rRg38i6IqIE,République centrafricaine,RS 3,Préfecture Ouham,District Bossangoa
RSM6uPGNiOB,République centrafricaine,RS 3,Préfecture Ouham,District Nangha-Boguila
RTlgavftReJ,République centrafricaine,RS 7,Préfecture Bangui,"District Bangui 1  "
ru8rt08jGOt,République centrafricaine,RS 5,Préfecture Haute-Kotto,District Haute-Kotto
RUmNWXwFcLt,République centrafricaine,RS 3,Préfecture Ouham-Pende,District Paoua
rV6vgN3ihNw,République centrafricaine,RS 1,Préfecture Ombella-Mpoko,District Bossembele
RVd3MTFlrRK,République centrafricaine,RS 2,Préfecture MambereKadei,District Carnot-Gadzi
RwQdMgZEPfK,République centrafricaine,RS 1,Préfecture Lobaye,District Mbaiki
RYoz5UgtgaT,République centrafricaine,RS 2,Préfecture Sangha-Mbaere,District Sangha-Mbaere
Rz3dwo0aIVk,République centrafricaine,RS 4,Préfecture Nana-Gribizi,District Nana-Gribizi
RZT60UEc4Wa,République centrafricaine,RS 1,Préfecture Ombella-Mpoko,District Bossembele
s0jdtLQqF84,République centrafricaine,RS 1,Préfecture Ombella-Mpoko,District Bimbo
s1eJtqxV1n5,République centrafricaine,RS 3,Préfecture Ouham-Pende,District Bozoum-Bossemptele
S1LTh4JfVIM,République centrafricaine,RS 4,Préfecture Kemo,District Kemo
S3KPKnn9RHt,République centrafricaine,RS 2,Préfecture MambereKadei,District Berberati
S4fjwxgxgBl,République centrafricaine,RS 5,Préfecture Haute-Kotto,District Haute-Kotto
s4Tso9cp678,République centrafricaine,RS 6,Préfecture Basse-Kotto,District Mobaye-Zangba
S5z2hBM9uDZ,République centrafricaine,RS 3,Préfecture Ouham-Pende,District Paoua
S7GtP3aAKVV,République centrafricaine,RS 7,Préfecture Bangui,District Bangui 3
S82SGojkTKf,République centrafricaine,RS 3,Préfecture Ouham-Pende,District Paoua
s8nPTRscuiw,République centrafricaine,RS 3,Préfecture Ouham-Pende,District Paoua
S8W2wmi1svS,République centrafricaine,RS 4,Préfecture Ouaka,District Bambari
S9qQVG6LAuQ,République centrafricaine,RS 3,Préfecture Ouham,District Bouca
sAlNC7XfwSN,République centrafricaine,RS 2,Préfecture Nana-Mambere,District Bouar-Baoro
sCCgpOEFamN,République centrafricaine,RS 4,Préfecture Kemo,District Kemo
sCFl4s1OPh4,République centrafricaine,RS 6,Préfecture Mbomou,District Bangassou
SelTbGf9AWR,République centrafricaine,RS 3,Préfecture Ouham-Pende,District Paoua
SfkJdu4tAza,République centrafricaine,RS 3,Préfecture Ouham-Pende,District Paoua
SfP72HfEstu,République centrafricaine,RS 3,Préfecture Ouham-Pende,District Ngaoundaye
sFVxQVCmEWA,République centrafricaine,RS 3,Préfecture Ouham,District Bossangoa
sG0LTijnj7R,République centrafricaine,RS 3,Préfecture Ouham,District Bouca
SGQWqGP2u7f,République centrafricaine,RS 3,Préfecture Ouham-Pende,District Paoua
ShEiJAXKZZ2,République centrafricaine,RS 2,Préfecture MambereKadei,District Gamboula
SHM3tCxhnkl,République centrafricaine,RS 4,Préfecture Ouaka,District Bambari
shmUutEIVrr,République centrafricaine,RS 2,Préfecture Sangha-Mbaere,District Sangha-Mbaere
siIxhPu6Amk,République centrafricaine,RS 3,Préfecture Ouham,District Bossangoa
sJIxHiRcD2P,République centrafricaine,RS 3,Préfecture Ouham-Pende,District Bozoum-Bossemptele
Sk3ppxGd6gd,République centrafricaine,RS 3,Préfecture Ouham,District Bossangoa
SkhplO2oYXD,République centrafricaine,RS 6,Préfecture Haut-Mbomou,District Haut-Mbomou
SLoZ9YkUYD3,République centrafricaine,RS 3,Préfecture Ouham-Pende,District Bocaranga-Koui
sMgwM9ybT05,République centrafricaine,RS 7,Préfecture Bangui,District Bangui 3
sO3wwCKClS9,République centrafricaine,RS 6,Préfecture Haut-Mbomou,District Haut-Mbomou
sOhkrAi3njg,République centrafricaine,RS 7,Préfecture Bangui,District Bangui 3
sPVJd5UiLE3,République centrafricaine,RS 3,Préfecture Ouham-Pende,District Paoua
SpvLJX2fOgl,République centrafricaine,RS 6,Préfecture Mbomou,District Bangassou
Sr9gQsjlqit,République centrafricaine,RS 3,Préfecture Ouham-Pende,District Bozoum-Bossemptele
sRDOtAkybBq,République centrafricaine,RS 3,Préfecture Ouham-Pende,District Ngaoundaye
sRvJS1Dxhhx,République centrafricaine,RS 6,Préfecture Basse-Kotto,District Mobaye-Zangba
StKl2tEr0Ez,République centrafricaine,RS 2,Préfecture Sangha-Mbaere,District Sangha-Mbaere
sUk6nEykfjc,République centrafricaine,RS 6,Préfecture Mbomou,District Bangassou
sv564ltmwJ7,République centrafricaine,RS 4,Préfecture Kemo,District Kemo
SVF7CQx4DdN,République centrafricaine,RS 4,Préfecture Kemo,District Kemo
SVGzqDnusDY,République centrafricaine,RS 4,Préfecture Ouaka,District Bambari
swBPfgzAjfY,République centrafricaine,RS 3,Préfecture Ouham-Pende,District Bocaranga-Koui
SWdpeKsYebO,République centrafricaine,RS 2,Préfecture Nana-Mambere,District Bouar-Baoro
sWl0qRi3xht,République centrafricaine,RS 3,Préfecture Ouham-Pende,District Ngaoundaye
SwxcHCkUiko,République centrafricaine,RS 5,Préfecture Bamingui-Bangoran,District Bamingui-Bangoran
SYDwqYzE8NI,République centrafricaine,RS 1,Préfecture Ombella-Mpoko,District Bimbo
SYTXaXEWKdJ,République centrafricaine,RS 4,Préfecture Ouaka,District Bambari
sYZUVR4ZBxQ,République centrafricaine,RS 4,Préfecture Ouaka,District Kouango-Grimari
szsIWvKA4az,République centrafricaine,RS 2,Préfecture Nana-Mambere,District Bouar-Baoro
szSsJGL0YZW,République centrafricaine,RS 1,Préfecture Ombella-Mpoko,District Bimbo
t0bJ2ASYFav,République centrafricaine,RS 1,Préfecture Ombella-Mpoko,District Begoua
T0K27PqSsLW,République centrafricaine,RS 2,Préfecture Nana-Mambere,District Baboua-Abba
T0uaarzYMbk,République centrafricaine,RS 6,Préfecture Mbomou,District Bangassou
t6qOUIsQc6X,République centrafricaine,RS 3,Préfecture Ouham,District Bossangoa
T6yNV8MabD0,République centrafricaine,RS 3,Préfecture Ouham,District Bossangoa
T7a5ydAahTv,République centrafricaine,RS 2,Préfecture Nana-Mambere,District Bouar-Baoro
t7MCJ0v1kPw,République centrafricaine,RS 3,Préfecture Ouham,District Bouca
tBNHCmcudlD,République centrafricaine,RS 4,Préfecture Kemo,District Kemo
TDTaEtbt8AE,République centrafricaine,RS 3,Préfecture Ouham,District Batangafo-Kabo
teKOrbznksK,République centrafricaine,RS 1,Préfecture Lobaye,District Mbaiki
TFQiweqNiWs,République centrafricaine,RS 4,Préfecture Ouaka,District Kouango-Grimari
TGPfULDrQwZ,République centrafricaine,RS 3,Préfecture Ouham,District Bouca
Th98puAWwXO,République centrafricaine,RS 7,Préfecture Bangui,District Bangui 2
tHDyWLHYb5m,République centrafricaine,RS 7,Préfecture Bangui,District Bangui 2
TI5jmnzD6pb,République centrafricaine,RS 1,Préfecture Lobaye,District Mbaiki
timlJfc7E8F,République centrafricaine,RS 3,Préfecture Ouham,District Nangha-Boguila
tiQjyyOetKw,République centrafricaine,RS 5,Préfecture Haute-Kotto,District Haute-Kotto
Tj5LOXeoc7w,République centrafricaine,RS 1,Préfecture Ombella-Mpoko,District Begoua
TJFTRKeGcDC,République centrafricaine,RS 2,Préfecture MambereKadei,District Berberati
tjNPeE2Q2Bz,République centrafricaine,RS 1,Préfecture Ombella-Mpoko,District Begoua
tjnVknk9ium,République centrafricaine,RS 3,Préfecture Ouham-Pende,District Ngaoundaye
tl157mFQl85,République centrafricaine,RS 6,Préfecture Mbomou,District Ouango-Gambo
TM43g1OIwCl,République centrafricaine,RS 1,Préfecture Lobaye,District Mbaiki
TM8HmKlxswn,République centrafricaine,RS 1,Préfecture Lobaye,District Boda
tmboXVPVWMz,République centrafricaine,RS 3,Préfecture Ouham-Pende,District Ngaoundaye
tmodQ6f5pFg,République centrafricaine,RS 1,Préfecture Ombella-Mpoko,District Bimbo
tNiBJrtygpk,République centrafricaine,RS 3,Préfecture Ouham-Pende,District Paoua
TnTuLTJ3Ykd,République centrafricaine,RS 7,Préfecture Bangui,District Bangui 2
tNwdUQkmhxn,République centrafricaine,RS 7,Préfecture Bangui,"District Bangui 1  "
tnY390obgRB,République centrafricaine,RS 3,Préfecture Ouham-Pende,District Bozoum-Bossemptele
tOnQUM6loRp,République centrafricaine,RS 2,Préfecture Sangha-Mbaere,District Sangha-Mbaere
tQQR34b4P8Z,République centrafricaine,RS 3,Préfecture Ouham-Pende,District Paoua
tS5wLoqcGZN,République centrafricaine,RS 2,Préfecture Nana-Mambere,District Baboua-Abba
tspNzXs5Uym,République centrafricaine,RS 4,Préfecture Kemo,District Kemo
TtuDRlbKPDP,République centrafricaine,RS 7,Préfecture Bangui,"District Bangui 1  "
tu5N8JG7h6B,République centrafricaine,RS 5,Préfecture Bamingui-Bangoran,District Bamingui-Bangoran
tUwlN4kUp7b,République centrafricaine,RS 6,Préfecture Haut-Mbomou,District Haut-Mbomou
TWDzVD1ewDE,République centrafricaine,RS 7,Préfecture Bangui,District Bangui 2
tx3uSsKEmzd,République centrafricaine,RS 7,Préfecture Bangui,District Bangui 2
TZfS4K87w7f,République centrafricaine,RS 4,Préfecture Ouaka,District Bambari
TzNLG1n7YQc,République centrafricaine,RS 7,Préfecture Bangui,"District Bangui 1  "
u1p9neiYYtR,République centrafricaine,RS 6,Préfecture Basse-Kotto,District Kembe-Satema
u4LHE4n8hBE,République centrafricaine,RS 1,Préfecture Ombella-Mpoko,District Bimbo
u57pOmGLxJ4,République centrafricaine,RS 6,Préfecture Mbomou,District Bangassou
U8caa8b3lXx,République centrafricaine,RS 6,Préfecture Basse-Kotto,District Kembe-Satema
u94SaEadRLi,République centrafricaine,RS 2,Préfecture Sangha-Mbaere,District Sangha-Mbaere
U9l3NvSxeRT,République centrafricaine,RS 4,Préfecture Nana-Gribizi,District Nana-Gribizi
UAJbXCDbOY3,République centrafricaine,RS 1,Préfecture Lobaye,District Boda
uB9tIm9JovF,République centrafricaine,RS 1,Préfecture Ombella-Mpoko,District Bossembele
uc6RO18hPq8,République centrafricaine,RS 6,Préfecture Mbomou,District Bangassou
UCmNqnG0Dr1,République centrafricaine,RS 3,Préfecture Ouham-Pende,District Paoua
ucyeY9ZqoA3,République centrafricaine,RS 6,Préfecture Haut-Mbomou,District Haut-Mbomou
uezOdT7M9sb,République centrafricaine,RS 4,Préfecture Nana-Gribizi,District Nana-Gribizi
uf89v3OsTjx,République centrafricaine,RS 2,Préfecture Nana-Mambere,District Baboua-Abba
uH9Q8mpNoXR,République centrafricaine,RS 2,Préfecture MambereKadei,District Berberati
uhxYtZr0dEJ,République centrafricaine,RS 3,Préfecture Ouham-Pende,District Paoua
UiJEUbFZTDG,République centrafricaine,RS 1,Préfecture Lobaye,District Mbaiki
UiruQVd5OoW,République centrafricaine,RS 2,Préfecture Nana-Mambere,District Bouar-Baoro
UJ9BbWhoQIf,République centrafricaine,RS 7,Préfecture Bangui,District Bangui 2
ujbgvvbB9tE,République centrafricaine,RS 6,Préfecture Haut-Mbomou,District Haut-Mbomou
UKcrLw4CWR1,République centrafricaine,RS 3,Préfecture Ouham,District Bouca
uLBEC6GOo18,République centrafricaine,RS 1,Préfecture Ombella-Mpoko,District Bimbo
umLu6EJDgv3,République centrafricaine,RS 3,Préfecture Ouham-Pende,District Paoua
UNYv53EYcjq,République centrafricaine,RS 1,Préfecture Ombella-Mpoko,District Bimbo
uO9RsSwvv3U,République centrafricaine,RS 1,Préfecture Lobaye,District Mbaiki
UosvvDoKrJC,République centrafricaine,RS 7,Préfecture Bangui,District Bangui 2
UpaQjqOdgLB,République centrafricaine,RS 6,Préfecture Mbomou,District Bangassou
uqWcYHM1uNl,République centrafricaine,RS 4,Préfecture Ouaka,District Kouango-Grimari
uR631LHD8n5,République centrafricaine,RS 7,Préfecture Bangui,"District Bangui 1  "
UrBueSuUmgr,République centrafricaine,RS 1,Préfecture Lobaye,District Boda
us8Ax2MbbKm,République centrafricaine,RS 3,Préfecture Ouham,District Batangafo-Kabo
USBFJEfwREk,République centrafricaine,RS 3,Préfecture Ouham-Pende,District Ngaoundaye
uTQruaHWMJF,République centrafricaine,RS 2,Préfecture Sangha-Mbaere,District Sangha-Mbaere
utymqSDRzvH,République centrafricaine,RS 1,Préfecture Lobaye,District Mbaiki
UVQvV50Sr5K,République centrafricaine,RS 3,Préfecture Ouham,District Bossangoa
uVVRyZ4O1ro,République centrafricaine,RS 1,Préfecture Ombella-Mpoko,District Bimbo
UwpjBdqg19X,République centrafricaine,RS 3,Préfecture Ouham-Pende,District Bocaranga-Koui
uxFEQ2Cfhjp,République centrafricaine,RS 5,Préfecture Bamingui-Bangoran,District Bamingui-Bangoran
uyaCHjAtXnP,République centrafricaine,RS 4,Préfecture Ouaka,District Bambari
uYPAkXEYrhG,République centrafricaine,RS 1,Préfecture Ombella-Mpoko,District Bimbo
uyrRIQ8Rnp1,République centrafricaine,RS 3,Préfecture Ouham-Pende,District Bozoum-Bossemptele
uZ2g4UJKpoi,République centrafricaine,RS 5,Préfecture Bamingui-Bangoran,District Bamingui-Bangoran
UZ7weYAcEIJ,République centrafricaine,RS 1,Préfecture Lobaye,District Boda
uZslpnNW4it,République centrafricaine,RS 3,Préfecture Ouham-Pende,District Bocaranga-Koui
V1Mkm0C9xRH,République centrafricaine,RS 1,Préfecture Ombella-Mpoko,District Begoua
v7TOqMUKXuy,République centrafricaine,RS 4,Préfecture Ouaka,District Kouango-Grimari
v7wCP22jW64,République centrafricaine,RS 6,Préfecture Basse-Kotto,District Mobaye-Zangba
va4gT1WoaRO,République centrafricaine,RS 1,Préfecture Ombella-Mpoko,District Bimbo
VaHPSr2tR4l,République centrafricaine,RS 3,Préfecture Ouham,District Bossangoa
vBbbrydQ5uY,République centrafricaine,RS 1,Préfecture Ombella-Mpoko,District Begoua
VBeFywRrXdK,République centrafricaine,RS 2,Préfecture Nana-Mambere,District Bouar-Baoro
vBHLnZocfTd,République centrafricaine,RS 1,Préfecture Ombella-Mpoko,District Bossembele
VCmGpOAUgEp,République centrafricaine,RS 1,Préfecture Ombella-Mpoko,District Begoua
VdeNIBuMeAF,République centrafricaine,RS 3,Préfecture Ouham-Pende,District Paoua
vDNVZkFwpR3,République centrafricaine,RS 1,Préfecture Ombella-Mpoko,District Bimbo
vedrPlez3qO,République centrafricaine,RS 2,Préfecture Nana-Mambere,District Bouar-Baoro
vegVw0LQhfe,République centrafricaine,RS 4,Préfecture Kemo,District Kemo
vEiSxSqx8sR,République centrafricaine,RS 6,Préfecture Basse-Kotto,District Kembe-Satema
VEqRW8197zY,République centrafricaine,RS 7,Préfecture Bangui,"District Bangui 1  "
VErPE8wyvIV,République centrafricaine,RS 2,Préfecture Nana-Mambere,District Baboua-Abba
VGlGAYDBoNT,République centrafricaine,RS 6,Préfecture Mbomou,District Ouango-Gambo
vhGAxtKr657,République centrafricaine,RS 2,Préfecture MambereKadei,District Carnot-Gadzi
VIGK2JOctRI,République centrafricaine,RS 6,Préfecture Mbomou,District Bangassou
vIO2kzjMDHk,République centrafricaine,RS 2,Préfecture MambereKadei,District Carnot-Gadzi
VkMJFaukSXn,République centrafricaine,RS 7,Préfecture Bangui,District Bangui 2
Vl5Th8As5lH,République centrafricaine,RS 1,Préfecture Lobaye,District Mbaiki
VlETqUFbmTx,République centrafricaine,RS 7,Préfecture Bangui,"District Bangui 1  "
vlhPSl0MqiU,République centrafricaine,RS 6,Préfecture Basse-Kotto,District Kembe-Satema
VlvmlWhrs6A,République centrafricaine,RS 4,Préfecture Ouaka,District Kouango-Grimari
VMKI7jvMGIE,République centrafricaine,RS 2,Préfecture MambereKadei,District Carnot-Gadzi
VpaObd2Ljtu,République centrafricaine,RS 3,Préfecture Ouham,District Nangha-Boguila
VpJOTXulvab,République centrafricaine,RS 3,Préfecture Ouham-Pende,District Bocaranga-Koui
VQabaPegFu8,République centrafricaine,RS 3,Préfecture Ouham-Pende,District Ngaoundaye
VqQlYi8FFZF,République centrafricaine,RS 1,Préfecture Ombella-Mpoko,District Bossembele
vQsOPZHCxcc,République centrafricaine,RS 1,Préfecture Ombella-Mpoko,District Bimbo
vRM642GtIYJ,République centrafricaine,RS 4,Préfecture Kemo,District Kemo
vS2YzjEaOTR,République centrafricaine,RS 7,Préfecture Bangui,District Bangui 3
VSZkVzkRT9U,République centrafricaine,RS 2,Préfecture Nana-Mambere,District Baboua-Abba
vtvErhyFOCj,République centrafricaine,RS 4,Préfecture Ouaka,District Kouango-Grimari
VvnEdMAXkhm,République centrafricaine,RS 3,Préfecture Ouham-Pende,District Bocaranga-Koui
vvUfgHwTjgE,République centrafricaine,RS 6,Préfecture Mbomou,District Ouango-Gambo
Vwe0Jyktbw2,République centrafricaine,RS 2,Préfecture Nana-Mambere,District Bouar-Baoro
VwmiTd0arGb,République centrafricaine,RS 3,Préfecture Ouham-Pende,District Paoua
vWtgyjpeh6G,République centrafricaine,RS 1,Préfecture Lobaye,District Mbaiki
vWtlvrHhPyH,République centrafricaine,RS 3,Préfecture Ouham,District Bouca
vXI8eRsfe0D,République centrafricaine,RS 2,Préfecture Nana-Mambere,District Bouar-Baoro
VyG3xRgT3fQ,République centrafricaine,RS 3,Préfecture Ouham,District Bouca
VzpQLmopKDy,République centrafricaine,RS 5,Préfecture Bamingui-Bangoran,District Bamingui-Bangoran
VZxmmp9fq25,République centrafricaine,RS 1,Préfecture Lobaye,District Boda
w16a6C884Wk,République centrafricaine,RS 1,Préfecture Lobaye,District Mbaiki
w21DYAVqeca,République centrafricaine,RS 6,Préfecture Haut-Mbomou,District Haut-Mbomou
W3oJNvxCHhu,République centrafricaine,RS 3,Préfecture Ouham-Pende,District Paoua
w3RWycM0gYy,République centrafricaine,RS 2,Préfecture Nana-Mambere,District Baboua-Abba
W83SSOlH6fG,République centrafricaine,RS 6,Préfecture Mbomou,District Ouango-Gambo
W84r2Sigurq,République centrafricaine,RS 3,Préfecture Ouham,District Batangafo-Kabo
w8F6mm0lWgX,République centrafricaine,RS 1,Préfecture Ombella-Mpoko,District Begoua
w8MaXo2kDt5,République centrafricaine,RS 1,Préfecture Ombella-Mpoko,District Begoua
w9HxyHuhLWG,République centrafricaine,RS 1,Préfecture Ombella-Mpoko,District Begoua
wbGwlnohDYH,République centrafricaine,RS 2,Préfecture MambereKadei,District Carnot-Gadzi
wcd1OBZlUWH,République centrafricaine,RS 2,Préfecture Sangha-Mbaere,District Sangha-Mbaere
WClvZzOKjBL,République centrafricaine,RS 6,Préfecture Haut-Mbomou,District Haut-Mbomou
wCxt4rI5tPZ,République centrafricaine,RS 6,Préfecture Basse-Kotto,District Alindao-Mingala
wD479aAeynz,République centrafricaine,RS 7,Préfecture Bangui,"District Bangui 1  "
WdPCi24utvj,République centrafricaine,RS 5,Préfecture Vakaga,District Vakaga
wEDeuDGuF0S,République centrafricaine,RS 4,Préfecture Kemo,District Kemo
wegktgO5n7I,République centrafricaine,RS 1,Préfecture Lobaye,District Mbaiki
wGZRwGldo7K,République centrafricaine,RS 5,Préfecture Haute-Kotto,District Haute-Kotto
wh8PY40hx9S,République centrafricaine,RS 2,Préfecture Nana-Mambere,District Baboua-Abba
whz7Ny6UXwt,République centrafricaine,RS 3,Préfecture Ouham-Pende,District Bocaranga-Koui
WiTULyQlwhv,République centrafricaine,RS 2,Préfecture MambereKadei,District Berberati
WJsMYJ57S5A,République centrafricaine,RS 5,Préfecture Haute-Kotto,District Haute-Kotto
wkR5mPkEApD,République centrafricaine,RS 1,Préfecture Lobaye,District Mbaiki
WM9luXLzJ3H,République centrafricaine,RS 4,Préfecture Ouaka,District Bambari
Wmb3hYGswNc,République centrafricaine,RS 4,Préfecture Ouaka,District Bambari
WNJtF5ZCBSP,République centrafricaine,RS 3,Préfecture Ouham-Pende,District Paoua
woiHgzDzSda,République centrafricaine,RS 3,Préfecture Ouham-Pende,District Bocaranga-Koui
wojIEnhJGd0,République centrafricaine,RS 3,Préfecture Ouham-Pende,District Bocaranga-Koui
WoxNQlY3UW3,République centrafricaine,RS 4,Préfecture Kemo,District Kemo
WpdW9eALB7d,République centrafricaine,RS 2,Préfecture Sangha-Mbaere,District Sangha-Mbaere
WpiqeEy6Kqm,République centrafricaine,RS 4,Préfecture Kemo,District Kemo
wPnDH1ZppB9,République centrafricaine,RS 5,Préfecture Bamingui-Bangoran,District Bamingui-Bangoran
wqGi9QtHG9p,République centrafricaine,RS 2,Préfecture Nana-Mambere,District Baboua-Abba
WRGbXUfPCqA,République centrafricaine,RS 1,Préfecture Ombella-Mpoko,District Bimbo
wruwSa9PxqT,République centrafricaine,RS 1,Préfecture Ombella-Mpoko,District Begoua
Wu5kDtSkTKH,République centrafricaine,RS 7,Préfecture Bangui,"District Bangui 1  "
wu8UHWrJPb4,République centrafricaine,RS 4,Préfecture Kemo,District Kemo
wvyjEvR6mOB,République centrafricaine,RS 7,Préfecture Bangui,District Bangui 3
ww59cfpPOnl,République centrafricaine,RS 3,Préfecture Ouham-Pende,District Ngaoundaye
WwNfzUntp9M,République centrafricaine,RS 6,Préfecture Basse-Kotto,District Alindao-Mingala
wY1O7iqKlG4,République centrafricaine,RS 5,Préfecture Vakaga,District Vakaga
wYf6Z5yAsgf,République centrafricaine,RS 3,Préfecture Ouham,District Bouca
WYjTEqBuxfQ,République centrafricaine,RS 1,Préfecture Ombella-Mpoko,District Bimbo
wYRYnMXNG5q,République centrafricaine,RS 3,Préfecture Ouham,District Batangafo-Kabo
X0BJZIv3QlR,République centrafricaine,RS 1,Préfecture Ombella-Mpoko,District Bossembele
x0VSWCfC31v,République centrafricaine,RS 1,Préfecture Lobaye,District Mbaiki
X2y9TAAcdvL,République centrafricaine,RS 3,Préfecture Ouham-Pende,District Bocaranga-Koui
X3dd5g8OdyM,République centrafricaine,RS 3,Préfecture Ouham,District Nangha-Boguila
xaJhdLgNYo8,République centrafricaine,RS 4,Préfecture Kemo,District Kemo
xbC0vImSICx,République centrafricaine,RS 4,Préfecture Nana-Gribizi,District Nana-Gribizi
XbdRqQe3Uuj,République centrafricaine,RS 3,Préfecture Ouham-Pende,District Ngaoundaye
xbubhI1PLgx,République centrafricaine,RS 3,Préfecture Ouham-Pende,District Paoua
XCrSAyDLaSB,République centrafricaine,RS 1,Préfecture Ombella-Mpoko,District Bimbo
XDVcgIKVwIP,République centrafricaine,RS 6,Préfecture Mbomou,District Bangassou
XG1BoO1FPqR,République centrafricaine,RS 7,Préfecture Bangui,District Bangui 3
XgiayNy5M36,République centrafricaine,RS 6,Préfecture Basse-Kotto,District Mobaye-Zangba
xgqv8Qmgvd1,République centrafricaine,RS 4,Préfecture Ouaka,District Kouango-Grimari
XhMlgAAQgv6,République centrafricaine,RS 2,Préfecture MambereKadei,District Berberati
XHnZKkrC3en,République centrafricaine,RS 4,Préfecture Ouaka,District Kouango-Grimari
XhXajQZNjQs,République centrafricaine,RS 6,Préfecture Mbomou,District Bangassou
xiPxybUFT9c,République centrafricaine,RS 1,Préfecture Lobaye,District Mbaiki
XIR6r84a1yA,République centrafricaine,RS 6,Préfecture Basse-Kotto,District Mobaye-Zangba
xJfkTYiBOIb,République centrafricaine,RS 3,Préfecture Ouham-Pende,District Paoua
XJWwoRBKGVs,République centrafricaine,RS 2,Préfecture Nana-Mambere,District Baboua-Abba
XKpyGT6hUNR,République centrafricaine,RS 2,Préfecture MambereKadei,District Berberati
Xl6lz1E97ae,République centrafricaine,RS 2,Préfecture MambereKadei,District Berberati
XLuAkEVwnU7,République centrafricaine,RS 3,Préfecture Ouham-Pende,District Bozoum-Bossemptele
xMmJttKc6dz,République centrafricaine,RS 2,Préfecture Nana-Mambere,District Bouar-Baoro
Xn3cV6uE3dA,République centrafricaine,RS 5,Préfecture Vakaga,District Vakaga
XN3JbBZuvvy,République centrafricaine,RS 3,Préfecture Ouham-Pende,District Bozoum-Bossemptele
Xo2oTCooJaP,République centrafricaine,RS 3,Préfecture Ouham-Pende,District Paoua
XpeyZHrAmJd,République centrafricaine,RS 7,Préfecture Bangui,District Bangui 2
Xq53CMEspW2,République centrafricaine,RS 1,Préfecture Lobaye,District Mbaiki
XrbzL70KJbS,République centrafricaine,RS 4,Préfecture Nana-Gribizi,District Nana-Gribizi
xrJPkNckwuC,République centrafricaine,RS 6,Préfecture Haut-Mbomou,District Haut-Mbomou
XsMQthpW80f,République centrafricaine,RS 2,Préfecture Nana-Mambere,District Baboua-Abba
xt2MXwUvMVo,République centrafricaine,RS 6,Préfecture Basse-Kotto,District Kembe-Satema
Xt2uyGUIA7x,République centrafricaine,RS 6,Préfecture Basse-Kotto,District Alindao-Mingala
XTYaukLXhtk,République centrafricaine,RS 6,Préfecture Basse-Kotto,District Kembe-Satema
Xu3UT3Wb6Nh,République centrafricaine,RS 6,Préfecture Basse-Kotto,District Alindao-Mingala
xuhe9DJJmPT,République centrafricaine,RS 4,Préfecture Ouaka,District Bambari
XUIt3UIrZhK,République centrafricaine,RS 6,Préfecture Basse-Kotto,District Kembe-Satema
XVEEsT4ehka,République centrafricaine,RS 3,Préfecture Ouham-Pende,District Bocaranga-Koui
XXhuCfIxyJW,République centrafricaine,RS 2,Préfecture MambereKadei,District Gamboula
xY7oD9dFrQ7,République centrafricaine,RS 2,Préfecture Nana-Mambere,District Baboua-Abba
XyEUDocWkPC,République centrafricaine,RS 1,Préfecture Ombella-Mpoko,District Bossembele
y04qCPR4B9R,République centrafricaine,RS 3,Préfecture Ouham-Pende,District Bocaranga-Koui
y1AApW31PeG,République centrafricaine,RS 3,Préfecture Ouham-Pende,District Paoua
Y2g55yVC45N,République centrafricaine,RS 1,Préfecture Ombella-Mpoko,District Bossembele
y53hDVqKR4a,République centrafricaine,RS 6,Préfecture Mbomou,District Bangassou
Y5GGCDfgd0a,République centrafricaine,RS 4,Préfecture Nana-Gribizi,District Nana-Gribizi
Y7QeRYAH7dB,République centrafricaine,RS 2,Préfecture Nana-Mambere,District Baboua-Abba
y7ugfE7SjuW,République centrafricaine,RS 2,Préfecture MambereKadei,District Carnot-Gadzi
Y85SnsuKcQQ,République centrafricaine,RS 1,Préfecture Ombella-Mpoko,District Begoua
Y8Nwav3Tky2,République centrafricaine,RS 7,Préfecture Bangui,District Bangui 3
yABe1otM5XE,République centrafricaine,RS 1,Préfecture Ombella-Mpoko,District Bimbo
yBgZqYxiLld,République centrafricaine,RS 5,Préfecture Haute-Kotto,District Haute-Kotto
ycE85yy6sdH,République centrafricaine,RS 2,Préfecture MambereKadei,District Berberati
ycJGBLKN0RO,République centrafricaine,RS 2,Préfecture MambereKadei,District Berberati
YCV5WNVj3rQ,République centrafricaine,RS 5,Préfecture Bamingui-Bangoran,District Bamingui-Bangoran
yDgrXvLLdSW,République centrafricaine,RS 6,Préfecture Haut-Mbomou,District Haut-Mbomou
ydQZBL3HGsb,République centrafricaine,RS 6,Préfecture Haut-Mbomou,District Haut-Mbomou
Ye0Le3tpab5,République centrafricaine,RS 1,Préfecture Lobaye,District Boda
YeCMo83LviW,République centrafricaine,RS 2,Préfecture Sangha-Mbaere,District Sangha-Mbaere
YeQ3DTPUVEF,République centrafricaine,RS 5,Préfecture Bamingui-Bangoran,District Bamingui-Bangoran
yfKQiQe240U,République centrafricaine,RS 5,Préfecture Bamingui-Bangoran,District Bamingui-Bangoran
yg1eUC87SiZ,République centrafricaine,RS 7,Préfecture Bangui,District Bangui 2
yGoY23PyZk3,République centrafricaine,RS 1,Préfecture Lobaye,District Mbaiki
YGzRJrR3oSi,République centrafricaine,RS 6,Préfecture Mbomou,District Bangassou
YHLGc7VCuHk,République centrafricaine,RS 5,Préfecture Vakaga,District Vakaga
yiOf5XBf6vy,République centrafricaine,RS 2,Préfecture MambereKadei,District Gamboula
YIvbzim06Lo,République centrafricaine,RS 1,Préfecture Ombella-Mpoko,District Bossembele
Yiz89wX5wbi,République centrafricaine,RS 4,Préfecture Nana-Gribizi,District Nana-Gribizi
yJttwtuqDZz,République centrafricaine,RS 4,Préfecture Ouaka,District Bambari
yksmH8qNaiO,République centrafricaine,RS 4,Préfecture Kemo,District Kemo
YkTW4vzdLIP,République centrafricaine,RS 6,Préfecture Haut-Mbomou,District Haut-Mbomou
yLCNo349bfX,République centrafricaine,RS 6,Préfecture Basse-Kotto,District Alindao-Mingala
YltgNXb3uDV,République centrafricaine,RS 4,Préfecture Ouaka,District Kouango-Grimari
ymTUK6q5n6G,République centrafricaine,RS 2,Préfecture Nana-Mambere,District Bouar-Baoro
YN0OtQ0W3cb,République centrafricaine,RS 6,Préfecture Basse-Kotto,District Alindao-Mingala
YNNfbZPI1n6,République centrafricaine,RS 4,Préfecture Kemo,District Kemo
ynuDqRKKflI,République centrafricaine,RS 6,Préfecture Mbomou,District Ouango-Gambo
YoBeLiHGJ9C,République centrafricaine,RS 5,Préfecture Bamingui-Bangoran,District Bamingui-Bangoran
YRdwwgxkoVQ,République centrafricaine,RS 2,Préfecture Sangha-Mbaere,District Sangha-Mbaere
ysiejvvTcMn,République centrafricaine,RS 1,Préfecture Lobaye,District Mbaiki
YssdoyfbHQS,République centrafricaine,RS 6,Préfecture Basse-Kotto,District Kembe-Satema
ytLSQjhaX5K,République centrafricaine,RS 2,Préfecture MambereKadei,District Gamboula
YULS4n2na1p,République centrafricaine,RS 6,Préfecture Mbomou,District Ouango-Gambo
YUOxcjaX4WD,République centrafricaine,RS 5,Préfecture Vakaga,District Vakaga
yvf2SSqH40r,République centrafricaine,RS 6,Préfecture Mbomou,District Bangassou
YvzurZ0Zqlo,République centrafricaine,RS 1,Préfecture Ombella-Mpoko,District Bimbo
ywL2BcmekOW,République centrafricaine,RS 1,Préfecture Ombella-Mpoko,District Bimbo
YWTgFrLPzLG,République centrafricaine,RS 3,Préfecture Ouham,District Bouca
yWtLSrTQaSp,République centrafricaine,RS 2,Préfecture Sangha-Mbaere,District Sangha-Mbaere
yx7DK7udtaI,République centrafricaine,RS 4,Préfecture Ouaka,District Kouango-Grimari
YxjNCVT6eXi,République centrafricaine,RS 4,Préfecture Nana-Gribizi,District Nana-Gribizi
YxX6DPbMe1q,République centrafricaine,RS 2,Préfecture Nana-Mambere,District Bouar-Baoro
YZGdPZ9PTME,République centrafricaine,RS 3,Préfecture Ouham-Pende,District Bocaranga-Koui
yzlt0uU0F0Q,République centrafricaine,RS 1,Préfecture Lobaye,District Boda
yZXcs3eVeyN,République centrafricaine,RS 2,Préfecture MambereKadei,District Gamboula
z0ZKSKuLN14,République centrafricaine,RS 3,Préfecture Ouham,District Batangafo-Kabo
z1gMy9QPIrz,République centrafricaine,RS 4,Préfecture Ouaka,District Bambari
z4hiYR7Xi8G,République centrafricaine,RS 3,Préfecture Ouham-Pende,District Paoua
z4NX7IdffOv,République centrafricaine,RS 1,Préfecture Ombella-Mpoko,District Bossembele
Z58JmXN3keh,République centrafricaine,RS 2,Préfecture Nana-Mambere,District Bouar-Baoro
Z9QKvX4rXEE,République centrafricaine,RS 6,Préfecture Mbomou,District Bangassou
z9RTXd0n6kL,République centrafricaine,RS 6,Préfecture Mbomou,District Ouango-Gambo
Za63IXkIvLZ,République centrafricaine,RS 7,Préfecture Bangui,"District Bangui 1  "
ZbRXMM78xCD,République centrafricaine,RS 5,Préfecture Vakaga,District Vakaga
ZczAGXqmnCV,République centrafricaine,RS 5,Préfecture Vakaga,District Vakaga
zdfp8xBo2m7,République centrafricaine,RS 7,Préfecture Bangui,District Bangui 3
ZdHEfxrN2Cq,République centrafricaine,RS 2,Préfecture Nana-Mambere,District Baboua-Abba
zFHQxvTI6Py,République centrafricaine,RS 3,Préfecture Ouham,District Nangha-Boguila
ZfPih8KNuLS,République centrafricaine,RS 1,Préfecture Ombella-Mpoko,District Bossembele
zhbTYcVLYfW,République centrafricaine,RS 1,Préfecture Lobaye,District Boda
ZIrZnv7O8CN,République centrafricaine,RS 2,Préfecture Sangha-Mbaere,District Sangha-Mbaere
ziSo4nK7Ehn,République centrafricaine,RS 6,Préfecture Basse-Kotto,District Alindao-Mingala
ZKCmeQAN4H4,République centrafricaine,RS 3,Préfecture Ouham-Pende,District Bozoum-Bossemptele
zKgVgKVwlrd,République centrafricaine,RS 7,Préfecture Bangui,District Bangui 2
Zkm2Qpt5gwf,République centrafricaine,RS 3,Préfecture Ouham,District Batangafo-Kabo
zkwwBrU3AHc,République centrafricaine,RS 4,Préfecture Nana-Gribizi,District Nana-Gribizi
ZnkouUrXOqT,République centrafricaine,RS 3,Préfecture Ouham-Pende,District Paoua
ZNQNN4oOBcR,République centrafricaine,RS 2,Préfecture Nana-Mambere,District Baboua-Abba
ZNt6fjNuJm7,République centrafricaine,RS 1,Préfecture Ombella-Mpoko,District Bimbo
ZNUdN1PVKbm,République centrafricaine,RS 2,Préfecture MambereKadei,District Berberati
zpFjsxTFQLy,République centrafricaine,RS 6,Préfecture Basse-Kotto,District Kembe-Satema
zPnEMtABG37,République centrafricaine,RS 6,Préfecture Basse-Kotto,District Mobaye-Zangba
zQcWiN5Uvnm,République centrafricaine,RS 5,Préfecture Haute-Kotto,District Haute-Kotto
zqgbhpZVRiN,République centrafricaine,RS 3,Préfecture Ouham-Pende,District Bocaranga-Koui
ZRRPKQVlXCt,République centrafricaine,RS 2,Préfecture MambereKadei,District Carnot-Gadzi
ZScZ0sIBFfA,République centrafricaine,RS 4,Préfecture Ouaka,District Bambari
zspMCXcZbJW,République centrafricaine,RS 2,Préfecture Nana-Mambere,District Bouar-Baoro
ZUlUBAk9GfA,République centrafricaine,RS 3,Préfecture Ouham,District Nangha-Boguila
zUydPUZfIks,République centrafricaine,RS 2,Préfecture MambereKadei,District Carnot-Gadzi
ZvbqISF4tPu,République centrafricaine,RS 1,Préfecture Ombella-Mpoko,District Bossembele
ZVP8DKptuHV,République centrafricaine,RS 5,Préfecture Vakaga,District Vakaga
zY3eCkJPbeN,République centrafricaine,RS 6,Préfecture Basse-Kotto,District Mobaye-Zangba
zyCkedcMoJz,République centrafricaine,RS 3,Préfecture Ouham-Pende,District Bocaranga-Koui
zYnjR2434Of,République centrafricaine,RS 3,Préfecture Ouham,District Batangafo-Kabo
ZzAtIgl95qC,République centrafricaine,RS 5,Préfecture Bamingui-Bangoran,District Bamingui-Bangoran
ZzI0qHelUcJ,République centrafricaine,RS 3,Préfecture Ouham-Pende,District Bocaranga-Koui