facility_id,admin_area_1,admin_area_2,admin_area_3,admin_area_4
a01gDo4KauR,MOH - Uganda,North Buganda,Luwero District,Luwero DLG
a01R1qs6SXL,MOH - Uganda,Bunyoro,Kagadi District,Kagadi DLG
a0J3yqmfIkU,MOH - Uganda,Bunyoro,Masindi District,Masindi Municipality
a0KEPL0qPbZ,MOH - Uganda,Lango,Lira District,Lira DLG
A0KeWapELXA,MOH - Uganda,South Buganda,Wakiso District,Makindye Ssabagabo Municipality
a0NjFSCY24s,MOH - Uganda,Bunyoro,Kikuube District,Kikuube DLG
a0plh70j00D,MOH - Uganda,South Buganda,Wakiso District,Wakiso DLG
a0QW5pnaP7V,MOH - Uganda,Kampala,Kampala District,Kampala City Council
a0QZylgrS1T,MOH - Uganda,Lango,Kole District,Kole DLG
a0Tgsf83fGB,MOH - Uganda,Tooro,Bunyangabu District,Bunyangabu DLG
a0z9K7i9jtg,MOH - Uganda,Kampala,Kampala District,Kampala City Council
a0zKrkhl5M6,MOH - Uganda,Acholi,Lamwo District,Lamwo DLG
a14sgIjcCoT,MOH - Uganda,Busoga,Luuka District,Luuka DLG
A15NLokfXbV,MOH - Uganda,Bugisu,Kween District,Kween DLG
a1C0sK4I6RS,MOH - Uganda,Busoga,Mayuge District,Mayuge DLG
a1DNpYv02JK,MOH - Uganda,West Nile,Pakwach District,Pakwach DLG
a1FeQgM4hAI,MOH - Uganda,Ankole,Ntungamo District,Ntungamo DLG
a1H4RSyoXOj,MOH - Uganda,Tooro,Kyegegwa District,Kyegegwa DLG
a1OVdGUzoJ4,MOH - Uganda,Busoga,Bugiri District,Bugiri DLG
a1QYwgYBhMH,MOH - Uganda,Ankole,Bushenyi District,Bushenyi-Ishaka Municipality
a1SMwlwzCg2,MOH - Uganda,North Buganda,Mityana District,Mityana Municipality
a1y6GK9Otxa,MOH - Uganda,Bugisu,Mbale City,Mbale City Council
a24jrqnkYhl,MOH - Uganda,South Buganda,Rakai District,Rakai DLG
a24QnrChTZk,MOH - Uganda,North Buganda,Kayunga District,Kayunga DLG
a2a7qNyJg9j,MOH - Uganda,Acholi,Amuru District,Amuru DLG
a2d3lpVigxP,MOH - Uganda,Busoga,Bugiri District,Bugiri DLG
a2f5Tp30jB1,MOH - Uganda,Kampala,Kampala District,Kampala City Council
a2Hci1a9rkt,MOH - Uganda,South Buganda,Lwengo District,Lwengo DLG
a2l9vpRshsu,MOH - Uganda,Kampala,Kampala District,Kampala City Council
a2LroN27znu,MOH - Uganda,Tooro,Kyenjojo District,Kyenjojo DLG
a2ni5Mkycdn,MOH - Uganda,South Buganda,Wakiso District,Kira Municipality
A2O80pDOSGq,MOH - Uganda,Kampala,Kampala District,Kampala City Council
a2qHaeZjibn,MOH - Uganda,Tooro,Kasese District,Kasese DLG
a2QsHEdaDRk,MOH - Uganda,North Buganda,Kayunga District,Kayunga DLG
a2SrdhMZZWN,MOH - Uganda,Tooro,Kyegegwa District,Kyegegwa DLG
a2uEOCNlnnx,MOH - Uganda,Tooro,Kabarole District,Kabarole DLG
a3CefBcMInT,MOH - Uganda,Bunyoro,Hoima City,Hoima City Council
a3f7BmwY4kL,MOH - Uganda,Teso,Serere District,Serere DLG
a3HP4aNtOMO,MOH - Uganda,Tooro,Kamwenge District,Kamwenge DLG
a3I7ERPzRts,MOH - Uganda,Kampala,Kampala District,Kampala City Council
a3IHqWtJhGR,MOH - Uganda,Ankole,Rwampara District,Rwampara DLG
a3KGKqpABTy,MOH - Uganda,North Buganda,Mityana District,Mityana DLG
a3m0qvTckjd,MOH - Uganda,Tooro,Kasese District,Kasese DLG
a3olK5bCOw7,MOH - Uganda,Bugisu,Kween District,Kween DLG
a3qhORZNhaG,MOH - Uganda,Bugisu,Sironko District,Sironko DLG
a3qKoIZXK3t,MOH - Uganda,Bunyoro,Kiryandongo District,Kiryandongo DLG
a3rqRkgOyEV,MOH - Uganda,Bugisu,Mbale City,Mbale City Council
a3vnsnqyRdA,MOH - Uganda,Tooro,Bunyangabu District,Bunyangabu DLG
a4070sNyyVO,MOH - Uganda,Teso,Soroti District,Soroti DLG
a43TDTTSs0d,MOH - Uganda,South Buganda,Wakiso District,Kira Municipality
a44ThMBCFdi,MOH - Uganda,Kampala,Kampala District,Kampala City Council
a47xmIDwZrm,MOH - Uganda,North Buganda,Kayunga District,Kayunga DLG
a496gnJrej8,MOH - Uganda,Karamoja,Napak District,Napak DLG
a4Cp1oW19Lo,MOH - Uganda,Teso,Amuria District,Amuria DLG
a4dl1FKIVQJ,MOH - Uganda,Bunyoro,Masindi District,Masindi Municipality
A4g2J49bMOr,MOH - Uganda,West Nile,Yumbe District,Yumbe DLG
a4iNJz4Oanu,MOH - Uganda,Kampala,Kampala District,Kampala City Council
A4pdFqJLCLN,MOH - Uganda,South Buganda,Wakiso District,Makindye Ssabagabo Municipality
a4QdFgngSuD,MOH - Uganda,North Buganda,Luwero District,Luwero DLG
a4QeS81YJ8z,MOH - Uganda,Acholi,Amuru District,Amuru DLG
a4qvKbfSybp,MOH - Uganda,Busoga,Namayingo District,Namayingo DLG
a4SedC8Ix2O,MOH - Uganda,South Buganda,Wakiso District,Wakiso DLG
A4szRIn3VJl,MOH - Uganda,Tooro,Kasese District,Kasese DLG
a4v12JJXmvL,MOH - Uganda,West Nile,Pakwach District,Pakwach DLG
a4WmbJQWIME,MOH - Uganda,Acholi,Lamwo District,Lamwo DLG
a4XwnsiRLu1,MOH - Uganda,South Buganda,Wakiso District,Wakiso DLG
a57EGOXkq38,MOH - Uganda,West Nile,Nebbi District,Nebbi DLG
A5ai2sIyoNL,MOH - Uganda,South Buganda,Wakiso District,Wakiso DLG
a5fXzlTo4jF,MOH - Uganda,Kampala,Kampala District,Kampala City Council
a5gKNUmbFpx,MOH - Uganda,Bukedi,Tororo District,Tororo DLG
a5K7IVmM7zJ,MOH - Uganda,South Buganda,Rakai District,Rakai DLG
a5lQTv6RKkm,MOH - Uganda,South Buganda,Kalungu District,Kalungu DLG
a5M6FUk1emx,MOH - Uganda,Busoga,Jinja City,Jinja City Council
a5o7SXKEdum,MOH - Uganda,Kampala,Kampala District,Kampala City Council
a5pTJ9dZfZV,MOH - Uganda,Acholi,Amuru District,Amuru DLG
a5qfzrlBmym,MOH - Uganda,Bunyoro,Kibaale District,Kibaale DLG
a5qrQiD8czZ,MOH - Uganda,Bugisu,Kween District,Kween DLG
A5sNBoMutHJ,MOH - Uganda,Bukedi,Pallisa District,Pallisa DLG
a5v8uyy8Rdt,MOH - Uganda,Kigezi,Rukungiri District,Rukungiri Municipality
a5yQTBxG84r,MOH - Uganda,Ankole,Sheema District,Sheema Municipality
a5ZtR0WmDZT,MOH - Uganda,Bugisu,Bududa District,Bududa DLG
A65RNcqCzVl,MOH - Uganda,West Nile,Koboko District,Koboko Municipality
a671pOYElqv,MOH - Uganda,Kigezi,Rukungiri District,Rukungiri Municipality
a680eATOSPd,MOH - Uganda,Kigezi,Kabale District,Kabale DLG
a6b9OQh6Y8L,MOH - Uganda,Kampala,Kampala District,Kampala City Council
A6BV9ZHsrkC,MOH - Uganda,Kampala,Kampala District,Kampala City Council
a6c8cXzJtGP,MOH - Uganda,South Buganda,Mpigi District,Mpigi DLG
a6CCCxArlVG,MOH - Uganda,Ankole,Mbarara City,Mbarara City Council
a6dy90zDFD5,MOH - Uganda,Bukedi,Pallisa District,Pallisa DLG
a6G1rz13Unf,MOH - Uganda,Kampala,Kampala District,Kampala City Council
a6h04I37hOu,MOH - Uganda,North Buganda,Kiboga District,Kiboga DLG
a6MbTUZ12aw,MOH - Uganda,Kampala,Kampala District,Kampala City Council
a6mnx3ok5NB,MOH - Uganda,South Buganda,Mpigi District,Mpigi DLG
a6p3dWy4ce7,MOH - Uganda,North Buganda,Mukono District,Mukono DLG
A6P3WOAXDru,MOH - Uganda,Tooro,Ntoroko District,Ntoroko DLG
a6PK1wcKF3w,MOH - Uganda,North Buganda,Mityana District,Mityana DLG
A6pRqAKPNFH,MOH - Uganda,Bukedi,Budaka District,Budaka DLG
a6qaoH2Xzb1,MOH - Uganda,Busoga,Buyende District,Buyende DLG
a6QzsCZkXfX,MOH - Uganda,Busoga,Kaliro District,Kaliro DLG
a6UyqE2Tgjx,MOH - Uganda,West Nile,Nebbi District,Nebbi DLG
a6vIu9Hpl4r,MOH - Uganda,South Buganda,Wakiso District,Entebbe Municipality
A6ymxlGAArq,MOH - Uganda,Kampala,Kampala District,Kampala City Council
a70yzIomvZL,MOH - Uganda,Karamoja,Moroto District,Moroto DLG
A7BAVMsywaQ,MOH - Uganda,South Buganda,Bukomansimbi District,Bukomansimbi DLG
a7DOzX5lSym,MOH - Uganda,South Buganda,Wakiso District,Nansana Municipality
a7fC0KrYZzK,MOH - Uganda,North Buganda,Kayunga District,Kayunga DLG
a7iTUfqFKUY,MOH - Uganda,Busoga,Kamuli District,Kamuli Municipality
a7lnM83DJGy,MOH - Uganda,Ankole,Ntungamo District,Ntungamo DLG
a7obyfFdJ8u,MOH - Uganda,South Buganda,Rakai District,Rakai DLG
a7ox67rTJZc,MOH - Uganda,Kampala,Kampala District,Kampala City Council
a7pTM6VuAn9,MOH - Uganda,Busoga,Jinja City,Jinja City Council
a7PVBlWykhK,MOH - Uganda,Bukedi,Butaleja District,Butaleja DLG
a7rvaK12ZU1,MOH - Uganda,Bukedi,Budaka District,Budaka DLG
a7toXljFJe0,MOH - Uganda,Karamoja,Kotido District,Kotido Municipality
a7VqYp7reP4,MOH - Uganda,Ankole,Buhweju District,Buhweju DLG
A7WDW0s9eo3,MOH - Uganda,Kampala,Kampala District,Kampala City Council
a8109gv7MMz,MOH - Uganda,Busoga,Bugiri District,Bugiri DLG
a82qNO5mmYT,MOH - Uganda,Karamoja,Nabilatuk District,Nabilatuk DLG
a8bCpZeym6p,MOH - Uganda,Ankole,Kiruhura District,Kiruhura DLG
A8E98vahuiC,MOH - Uganda,Bugisu,Sironko District,Sironko DLG
a8HZJttEnAD,MOH - Uganda,West Nile,Arua City,Arua City Council
a8ld81vad1S,MOH - Uganda,Tooro,Kyenjojo District,Kyenjojo DLG
a8NfqlGUC18,MOH - Uganda,West Nile,Adjumani District,Adjumani DLG
a8O66rvwfjC,MOH - Uganda,Bunyoro,Kakumiro District,Kakumiro DLG
a8QbPRBsQYq,MOH - Uganda,Kampala,Kampala District,Kampala City Council
a8Qm23qwGwy,MOH - Uganda,Busoga,Iganga District,Iganga DLG
a8tT39ATFdn,MOH - Uganda,West Nile,Zombo District,Zombo DLG
a8uXeqmtFD9,MOH - Uganda,Teso,Amuria District,Amuria DLG
A8vURIvnH87,MOH - Uganda,South Buganda,Lyantonde District,Lyantonde DLG
A8wuDLj3rrh,MOH - Uganda,South Buganda,Wakiso District,Makindye Ssabagabo Municipality
a8xSlfCfK8l,MOH - Uganda,Tooro,Kasese District,Kasese DLG
a929G14p47c,MOH - Uganda,Bugisu,Mbale City,Mbale City Council
a93zYnWO0cT,MOH - Uganda,South Buganda,Butambala District,Butambala DLG
a956CpsUtNH,MOH - Uganda,Bunyoro,Kagadi District,Kagadi DLG
a9ai8OVQ4ET,MOH - Uganda,West Nile,Adjumani District,Adjumani DLG
a9bKfr5vZOt,MOH - Uganda,Kigezi,Kisoro District,Kisoro DLG
A9Bt9vywHbP,MOH - Uganda,Lango,Oyam District,Oyam DLG
a9CJLWAKwVY,MOH - Uganda,South Buganda,Wakiso District,Entebbe Municipality
a9fe7RYnAFV,MOH - Uganda,Bugisu,Sironko District,Sironko DLG
a9kj2m1N1UC,MOH - Uganda,Kampala,Kampala District,Kampala City Council
a9vGVj3Ftt9,MOH - Uganda,Ankole,Ntungamo District,Ntungamo DLG
A9XqEsqGtzC,MOH - Uganda,Ankole,Ntungamo District,Ntungamo Municipality
a9YZv6zCYxO,MOH - Uganda,West Nile,Madi-Okollo District,Madi-Okollo DLG
a9ZI6jNBqXx,MOH - Uganda,Acholi,Agago District,Agago DLG
a9zlZtyaFqP,MOH - Uganda,Kampala,Kampala District,Kampala City Council
aa2fHwZinjk,MOH - Uganda,Busoga,Kamuli District,Kamuli DLG
aA2zaYJW1YT,MOH - Uganda,Busoga,Luuka District,Luuka DLG
aa3pe5ISanH,MOH - Uganda,Bugisu,Sironko District,Sironko DLG
AA6OLAa7sz9,MOH - Uganda,Kampala,Kampala District,Kampala City Council
aA7oGfzZhoI,MOH - Uganda,Kampala,Kampala District,Kampala City Council
aA83SCEbTMx,MOH - Uganda,South Buganda,Wakiso District,Kira Municipality
aA955wcOAKu,MOH - Uganda,South Buganda,Kyotera District,Kyotera DLG
aAAa6d3Ohyf,MOH - Uganda,Bukedi,Busia District,Busia Municipality
aaBfYtjLZ5g,MOH - Uganda,Karamoja,Nabilatuk District,Nabilatuk DLG
aaDoMV4GUYu,MOH - Uganda,North Buganda,Mityana District,Mityana DLG
AaEPI9rSAtc,MOH - Uganda,South Buganda,Kalangala District,Kalangala DLG
aaeTRZSYyGo,MOH - Uganda,Kampala,Kampala District,Kampala City Council
aaEtUWpmosm,MOH - Uganda,Acholi,Omoro District,Omoro DLG
aAGEaiWfhhP,MOH - Uganda,Ankole,Mitooma District,Mitooma DLG
aagIwPHSkZ7,MOH - Uganda,North Buganda,Buikwe District,Lugazi Municipality
aaI3qQuFct4,MOH - Uganda,Bugisu,Mbale City,Mbale City Council
aaiUmxPgKxi,MOH - Uganda,South Buganda,Lyantonde District,Lyantonde DLG
aAkG4hwopIt,MOH - Uganda,Bunyoro,Hoima District,Hoima DLG
aaNmTnGylMb,MOH - Uganda,South Buganda,Kalangala District,Kalangala DLG
aAp3eCO5prG,MOH - Uganda,Kampala,Kampala District,Kampala City Council
aaSuOBnSxYO,MOH - Uganda,North Buganda,Luwero District,Luwero DLG
aaTE4ka7UP4,MOH - Uganda,Bukedi,Kibuku District,Kibuku DLG
aAty2Voae5z,MOH - Uganda,South Buganda,Wakiso District,Makindye Ssabagabo Municipality
AaYhRxVIDDC,MOH - Uganda,Lango,Oyam District,Oyam DLG
aaylU8AkVhF,MOH - Uganda,Teso,Kaberamaido District,Kaberamaido DLG
AB05Zdfd4KF,MOH - Uganda,Busoga,Namayingo District,Namayingo DLG
ab2LdWmBmeS,MOH - Uganda,Busoga,Bugweri District,Bugweri DLG
AB3NV0mRYF7,MOH - Uganda,Karamoja,Amudat District,Amudat DLG
aB4KbCA8Uj6,MOH - Uganda,Ankole,Bushenyi District,Bushenyi-Ishaka Municipality
ab4OBBdke1q,MOH - Uganda,Lango,Oyam District,Oyam DLG
aB4YnvwOvMk,MOH - Uganda,Lango,Oyam District,Oyam DLG
aB5OmziUxLP,MOH - Uganda,Bugisu,Bududa District,Bududa DLG
aB5vYQeUHae,MOH - Uganda,Kampala,Kampala District,Kampala City Council
Ab89aosJCg9,MOH - Uganda,Ankole,Ntungamo District,Ntungamo DLG
aB8VPjofx5K,MOH - Uganda,North Buganda,Mukono District,Mukono DLG
Abbcooak8Lu,MOH - Uganda,South Buganda,Wakiso District,Nansana Municipality
abcJcH3EO75,MOH - Uganda,Teso,Soroti City,Soroti City Council
abEbootUSLF,MOH - Uganda,Bugisu,Bukwo District,Bukwo DLG
abg74s2NDzQ,MOH - Uganda,Busoga,Jinja District,Jinja DLG
aBge6oBIpUv,MOH - Uganda,West Nile,Yumbe District,Yumbe DLG
ABghkDkzEG5,MOH - Uganda,South Buganda,Mpigi District,Mpigi DLG
AbgTvK9gyhA,MOH - Uganda,Acholi,Gulu City,Gulu City Council
abHQOTY0rmo,MOH - Uganda,Kigezi,Rukungiri District,Rukungiri DLG
abhWtHxtxlG,MOH - Uganda,North Buganda,Nakaseke District,Nakaseke DLG
aBicVbbaQ8B,MOH - Uganda,West Nile,Pakwach District,Pakwach DLG
aBir3f6laiu,MOH - Uganda,Bugisu,Kapchorwa District,Kapchorwa DLG
abkHUVGEtsI,MOH - Uganda,Kampala,Kampala District,Kampala City Council
aBkmoTyWd0a,MOH - Uganda,Karamoja,Moroto District,Moroto DLG
abkrPoxTyG2,MOH - Uganda,Kigezi,Rukungiri District,Rukungiri DLG
aBlXRikAjUY,MOH - Uganda,Bunyoro,Masindi District,Masindi DLG
abMk2o2JMM7,MOH - Uganda,Kampala,Kampala District,Kampala City Council
abnVpYy9659,MOH - Uganda,Bukedi,Tororo District,Tororo Municipality
aBoSV4asRji,MOH - Uganda,Tooro,Bunyangabu District,Bunyangabu DLG
aBPPyVGRNyh,MOH - Uganda,Busoga,Kamuli District,Kamuli DLG
aBQ2pcHhwqy,MOH - Uganda,North Buganda,Luwero District,Luwero DLG
AbQGl8CrhXH,MOH - Uganda,Acholi,Agago District,Agago DLG
aBqoslhNpz0,MOH - Uganda,Kampala,Kampala District,Kampala City Council
abtrhUk5vt2,MOH - Uganda,Kigezi,Rubanda District,Rubanda DLG
aBv04zld8qG,MOH - Uganda,Kampala,Kampala District,Kampala City Council
ABv45SiQmhO,MOH - Uganda,North Buganda,Mityana District,Mityana Municipality
abveCZqYGMd,MOH - Uganda,Bugisu,Namisindwa District,Namisindwa DLG
abvRm5Gf8UC,MOH - Uganda,Kampala,Kampala District,Kampala City Council
aBYCE2FHh6g,MOH - Uganda,Teso,Bukedea District,Bukedea DLG
abyfkOlxO5i,MOH - Uganda,Bugisu,Kween District,Kween DLG
Abzyw3gTHdQ,MOH - Uganda,South Buganda,Gomba District,Gomba DLG
ac0AKXEU6Cz,MOH - Uganda,Acholi,Gulu City,Gulu City Council
aC295RRdALc,MOH - Uganda,Kampala,Kampala District,Kampala City Council
aC2mZFiai78,MOH - Uganda,Karamoja,Karenga District,Karenga DLG
ac31WGDHgKG,MOH - Uganda,Kampala,Kampala District,Kampala City Council
ac4kdbslWxB,MOH - Uganda,Busoga,Mayuge District,Mayuge DLG
aC5VbJSkeFd,MOH - Uganda,Bukedi,Budaka District,Budaka DLG
aC6BO225r29,MOH - Uganda,South Buganda,Wakiso District,Kira Municipality
ac7OhvMEosK,MOH - Uganda,South Buganda,Wakiso District,Wakiso DLG
ac9DA2VJVnk,MOH - Uganda,Lango,Dokolo District,Dokolo DLG
acBVtDN7cmd,MOH - Uganda,Lango,Alebtong District,Alebtong DLG
acC8VHGDhnu,MOH - Uganda,Tooro,Kyenjojo District,Kyenjojo DLG
ACckadqFYV7,MOH - Uganda,Tooro,Kamwenge District,Kamwenge DLG
aCDGd4r7ALx,MOH - Uganda,South Buganda,Wakiso District,Wakiso DLG
ACeIX77jOBg,MOH - Uganda,Kigezi,Rukungiri District,Rukungiri DLG
aCeYBPSHvrT,MOH - Uganda,Acholi,Pader District,Pader DLG
aCfdOhOH9ni,MOH - Uganda,Karamoja,Kotido District,Kotido Municipality
aCGaJx85MR6,MOH - Uganda,Karamoja,Abim District,Abim DLG
achC82olIo9,MOH - Uganda,North Buganda,Buikwe District,Lugazi Municipality
AcJBataZEgg,MOH - Uganda,Acholi,Kitgum District,Kitgum Municipality
acJji9Ruj5T,MOH - Uganda,North Buganda,Kiboga District,Kiboga DLG
aClaerhXk59,MOH - Uganda,North Buganda,Buikwe District,Buikwe DLG
AclAF5m6plv,MOH - Uganda,Ankole,Sheema District,Sheema DLG
aCpZQwWQhog,MOH - Uganda,Busoga,Jinja District,Jinja DLG
aCql1TMKcpb,MOH - Uganda,Kigezi,Rukungiri District,Rukungiri DLG
acQwn1AZXQn,MOH - Uganda,Bukedi,Butaleja District,Butaleja DLG
AcsuT1hgBhT,MOH - Uganda,North Buganda,Nakaseke District,Nakaseke DLG
ACSxpJX5LxM,MOH - Uganda,Busoga,Mayuge District,Mayuge DLG
acTilIN9qRy,MOH - Uganda,West Nile,Maracha District,Maracha DLG
acuu3ktUO4t,MOH - Uganda,Ankole,Ntungamo District,Ntungamo DLG
acVWpFNPBT4,MOH - Uganda,Bunyoro,Masindi District,Masindi DLG
acXBQwyhVUi,MOH - Uganda,Kampala,Kampala District,Kampala City Council
aCyvtsJITpe,MOH - Uganda,North Buganda,Mukono District,Mukono Municipality
acZImyCaeNM,MOH - Uganda,North Buganda,Mityana District,Mityana DLG
aczRbyTZuz8,MOH - Uganda,Kampala,Kampala District,Kampala City Council
aCZRqIkW8s5,MOH - Uganda,Bugisu,Namisindwa District,Namisindwa DLG
aD1S6DBzHJV,MOH - Uganda,Lango,Lira City,Lira City Council
Ad2soe0ZZLP,MOH - Uganda,Tooro,Kamwenge District,Kamwenge DLG
adaEKqgk4SF,MOH - Uganda,Lango,Lira City,Lira City Council
aDb2aA9qRxt,MOH - Uganda,Tooro,Kasese District,Kasese DLG
ADB4cMlJP2q,MOH - Uganda,Busoga,Buyende District,Buyende DLG
adbEkXPw0Kk,MOH - Uganda,Kigezi,Kanungu District,Kanungu DLG
aDcEum2g6mY,MOH - Uganda,Ankole,Ibanda District,Ibanda DLG
adctmXQVM9M,MOH - Uganda,West Nile,Yumbe District,Yumbe DLG
ADDvxOPehhO,MOH - Uganda,Tooro,Kasese District,Kasese DLG
aDEsACuMGHZ,MOH - Uganda,Tooro,Kasese District,Kasese DLG
aDGztjb0S7j,MOH - Uganda,South Buganda,Butambala District,Butambala DLG
adH912aeJav,MOH - Uganda,North Buganda,Kiboga District,Kiboga DLG
ADhJXGIcCND,MOH - Uganda,South Buganda,Kalangala District,Kalangala DLG
adHTHcoRhrH,MOH - Uganda,Bunyoro,Masindi District,Masindi DLG
adi1kexjGfB,MOH - Uganda,Tooro,Kasese District,Kasese DLG
aDIY8RVC9J0,MOH - Uganda,Kigezi,Rukiga District,Rukiga DLG
aDj3EMWCw1G,MOH - Uganda,Ankole,Rwampara District,Rwampara DLG
aDJA0BBNSjf,MOH - Uganda,Busoga,Luuka District,Luuka DLG
aDLMbFOe62I,MOH - Uganda,West Nile,Zombo District,Zombo DLG
adM7g9zKNK5,MOH - Uganda,Bunyoro,Kibaale District,Kibaale DLG
adncZQdcSzE,MOH - Uganda,Ankole,Ibanda District,Ibanda Municipality
adofLhuj4HH,MOH - Uganda,North Buganda,Luwero District,Luwero DLG
adoijg0nE4u,MOH - Uganda,Bugisu,Namisindwa District,Namisindwa DLG
adP0T5wGv6D,MOH - Uganda,South Buganda,Wakiso District,Wakiso DLG
aDq8sOcS9r6,MOH - Uganda,Bugisu,Mbale City,Mbale City Council
adrhWWGz3jT,MOH - Uganda,Karamoja,Kotido District,Kotido DLG
adW7QMFjyjd,MOH - Uganda,Busoga,Namutumba District,Namutumba DLG
adWpHWEb0fB,MOH - Uganda,West Nile,Adjumani District,Adjumani DLG
adwWHZXOk8h,MOH - Uganda,Kampala,Kampala District,Kampala City Council
aDXI1it3psp,MOH - Uganda,Kampala,Kampala District,Kampala City Council
Adxinf4hk0o,MOH - Uganda,Busoga,Iganga District,Iganga DLG
aDXqJo50tE6,MOH - Uganda,Tooro,Kasese District,Kasese DLG
ADYVLN5f9vF,MOH - Uganda,Tooro,Bundibugyo District,Bundibugyo DLG
aE0Yzd3YZQ9,MOH - Uganda,Acholi,Gulu City,Gulu City Council
ae19RGdM9V8,MOH - Uganda,Kigezi,Rukiga District,Rukiga DLG
aE1Vh9TGsK2,MOH - Uganda,North Buganda,Mityana District,Mityana DLG
Ae5glj2M9zf,MOH - Uganda,South Buganda,Wakiso District,Wakiso DLG
ae5vXlawbYh,MOH - Uganda,Bukedi,Tororo District,Tororo DLG
Ae8byorr2lF,MOH - Uganda,North Buganda,Kassanda District,Kassanda DLG
Ae8zVsIuHFC,MOH - Uganda,West Nile,Arua City,Arua City Council
ae9utp4C2Je,MOH - Uganda,Kampala,Kampala District,Kampala City Council
aEAa6essoBR,MOH - Uganda,Bukedi,Budaka District,Budaka DLG
aeABk58kBXG,MOH - Uganda,Kampala,Kampala District,Kampala City Council
AEAY3lemaaR,MOH - Uganda,Tooro,Kasese District,Kasese DLG
AECp7SuwokS,MOH - Uganda,Teso,Amuria District,Amuria DLG
aEeuR1SAufp,MOH - Uganda,Kampala,Kampala District,Kampala City Council
AEfRAnnjHVl,MOH - Uganda,Kampala,Kampala District,Kampala City Council
aEgy9oXwPLF,MOH - Uganda,Lango,Lira District,Lira DLG
AEHNScf4j7E,MOH - Uganda,Tooro,Bunyangabu District,Bunyangabu DLG
aekCLvuNCrj,MOH - Uganda,Ankole,Rwampara District,Rwampara DLG
aElqyBOYxsd,MOH - Uganda,Busoga,Iganga District,Iganga Municipality
aepoL4X75VF,MOH - Uganda,Teso,Soroti City,Soroti City Council
aErmLsCiOxa,MOH - Uganda,North Buganda,Luwero District,Luwero DLG
aerTdJxlEQh,MOH - Uganda,Ankole,Bushenyi District,Bushenyi DLG
aerv5mQOjdW,MOH - Uganda,West Nile,Pakwach District,Pakwach DLG
aes9vvQi4Df,MOH - Uganda,Lango,Oyam District,Oyam DLG
aeSag6SBi5P,MOH - Uganda,Ankole,Mitooma District,Mitooma DLG
aEStYD0dNAF,MOH - Uganda,Teso,Katakwi District,Katakwi DLG
aeuGMylOmSs,MOH - Uganda,Kigezi,Rukungiri District,Rukungiri DLG
aEvCseBkEDr,MOH - Uganda,West Nile,Moyo District,Moyo DLG
aeWNPmn3Zrf,MOH - Uganda,South Buganda,Kalangala District,Kalangala DLG
aEYd4PTcYr9,MOH - Uganda,Busoga,Kaliro District,Kaliro DLG
aeZGyZJvaEG,MOH - Uganda,Busoga,Namutumba District,Namutumba DLG
AF3a7cvTQLu,MOH - Uganda,Bunyoro,Kikuube District,Kikuube DLG
af5069aqkdm,MOH - Uganda,Kampala,Kampala District,Kampala City Council
af64XPHH1TF,MOH - Uganda,South Buganda,Mpigi District,Mpigi DLG
aFasKwyj7DC,MOH - Uganda,Bukedi,Tororo District,Tororo Municipality
aFfcqWZq3Vy,MOH - Uganda,Kampala,Kampala District,Kampala City Council
aFgrVHVDqoZ,MOH - Uganda,Acholi,Amuru District,Amuru DLG
afGTmR6EesS,MOH - Uganda,Acholi,Gulu City,Gulu City Council
afiNdCBSzsC,MOH - Uganda,Lango,Oyam District,Oyam DLG
afJ1tepzpak,MOH - Uganda,Tooro,Kyenjojo District,Kyenjojo DLG
afJ9NgYTYDa,MOH - Uganda,Acholi,Pader District,Pader DLG
AFKqTIeJAKr,MOH - Uganda,Bunyoro,Kagadi District,Kagadi DLG
aFlGqyWRQfr,MOH - Uganda,South Buganda,Wakiso District,Wakiso DLG
aFLv0Mbd84E,MOH - Uganda,West Nile,Moyo District,Moyo DLG
AfPTFLSjJiu,MOH - Uganda,Lango,Amolatar District,Amolatar DLG
afqb57VEJp3,MOH - Uganda,Kigezi,Rukiga District,Rukiga DLG
aFr56s147t5,MOH - Uganda,South Buganda,Rakai District,Rakai DLG
aFryEmWahsZ,MOH - Uganda,Ankole,Kiruhura District,Kiruhura DLG
aftkbrmt8wi,MOH - Uganda,Kampala,Kampala District,Kampala City Council
aFuRtjSdg4X,MOH - Uganda,North Buganda,Mityana District,Mityana DLG
afvG6pq13B1,MOH - Uganda,South Buganda,Wakiso District,Kira Municipality
afwQY9JMGN4,MOH - Uganda,Tooro,Ntoroko District,Ntoroko DLG
aFXkqZXMomP,MOH - Uganda,Bunyoro,Masindi District,Masindi Municipality
aFxXtxwMU7f,MOH - Uganda,North Buganda,Buikwe District,Buikwe DLG
afXyEtZ1a82,MOH - Uganda,Bugisu,Mbale City,Mbale City Council
afzGq7RpOTl,MOH - Uganda,North Buganda,Buvuma District,Buvuma DLG
aG1YMQc0jte,MOH - Uganda,Kigezi,Kabale District,Kabale DLG
aG2AogxcfRK,MOH - Uganda,Ankole,Ibanda District,Ibanda DLG
aG2h9UI08nA,MOH - Uganda,Kigezi,Rukungiri District,Rukungiri DLG
aG3pNEZqZdA,MOH - Uganda,Kampala,Kampala District,Kampala City Council
ag4c3yS7T5g,MOH - Uganda,Ankole,Mbarara City,Mbarara City Council
ag6oANQZEh6,MOH - Uganda,Bugisu,Sironko District,Sironko DLG
ag9PiRTvYjn,MOH - Uganda,Bukedi,Tororo District,Tororo DLG
AgA6LVX4MQQ,MOH - Uganda,Busoga,Namayingo District,Namayingo DLG
AgBwTuRSBuX,MOH - Uganda,Kampala,Kampala District,Kampala City Council
agdLbxaa0Dz,MOH - Uganda,Acholi,Omoro District,Omoro DLG
Age86DCA0c3,MOH - Uganda,Teso,Serere District,Serere DLG
aGEpC70psg9,MOH - Uganda,North Buganda,Mubende District,Mubende DLG
aGfndLfPcOz,MOH - Uganda,Acholi,Agago District,Agago DLG
aGisGCcp7Hz,MOH - Uganda,North Buganda,Luwero District,Luwero DLG
aGJJ5oqd2zk,MOH - Uganda,South Buganda,Kalungu District,Kalungu DLG
agJr4JxEd5N,MOH - Uganda,Ankole,Ntungamo District,Ntungamo DLG
agkmwQZJU9U,MOH - Uganda,Karamoja,Kaabong District,Kaabong DLG
agLJLYLJNK6,MOH - Uganda,Teso,Kumi District,Kumi DLG
aglptrIQjhX,MOH - Uganda,Kampala,Kampala District,Kampala City Council
aGMOyMW27hF,MOH - Uganda,Karamoja,Kotido District,Kotido DLG
aGQqkkQQzXc,MOH - Uganda,Acholi,Omoro District,Omoro DLG
agQsp6hFdZa,MOH - Uganda,South Buganda,Bukomansimbi District,Bukomansimbi DLG
AGsvc31h7U0,MOH - Uganda,North Buganda,Kayunga District,Kayunga DLG
aGtsabr9Crw,MOH - Uganda,Kampala,Kampala District,Kampala City Council
agv8x8otfmZ,MOH - Uganda,Ankole,Mbarara District,Mbarara DLG
agw4uqikZnP,MOH - Uganda,South Buganda,Kyotera District,Kyotera DLG
agwwnQAXESM,MOH - Uganda,South Buganda,Wakiso District,Wakiso DLG
aGxRIz1sJ3d,MOH - Uganda,Tooro,Kasese District,Kasese Municipality
agyqaxyaM8E,MOH - Uganda,West Nile,Pakwach District,Pakwach DLG
agZi79Er2GX,MOH - Uganda,Busoga,Mayuge District,Mayuge DLG
aH2ibzbcaLY,MOH - Uganda,South Buganda,Kyotera District,Kyotera DLG
ah2PY0hhVkV,MOH - Uganda,Lango,Lira District,Lira DLG
aH4vG0wm5U0,MOH - Uganda,Kigezi,Rubanda District,Rubanda DLG
ah5kGxeB6Wk,MOH - Uganda,North Buganda,Luwero District,Luwero DLG
AhAcOVOu7nm,MOH - Uganda,South Buganda,Rakai District,Rakai DLG
ahbNLFWERyW,MOH - Uganda,South Buganda,Wakiso District,Kira Municipality
aHCmkakK40d,MOH - Uganda,Bukedi,Kibuku District,Kibuku DLG
AhDvE2o9F3L,MOH - Uganda,Bukedi,Busia District,Busia DLG
ahEbGTTY508,MOH - Uganda,South Buganda,Wakiso District,Wakiso DLG
AHEfjvzXy4e,MOH - Uganda,Kampala,Kampala District,Kampala City Council
AhfhCpewvuv,MOH - Uganda,North Buganda,Mukono District,Mukono Municipality
aHGnRDumOKc,MOH - Uganda,Kampala,Kampala District,Kampala City Council
ahHdIJyA7gA,MOH - Uganda,Karamoja,Karenga District,Karenga DLG
aHHk4jtYEFz,MOH - Uganda,Kampala,Kampala District,Kampala City Council
ahIE2es9s39,MOH - Uganda,Acholi,Lamwo District,Lamwo DLG
aHKM6JrvYM2,MOH - Uganda,Tooro,Bundibugyo District,Bundibugyo DLG
ahkQO7FQKKK,MOH - Uganda,Ankole,Mbarara District,Mbarara DLG
aHL2NoEwlHh,MOH - Uganda,Tooro,Ntoroko District,Ntoroko DLG
AhLbPGoqf7F,MOH - Uganda,Teso,Kumi District,Kumi DLG
ahMLQAxngsJ,MOH - Uganda,North Buganda,Mityana District,Mityana Municipality
ahn03jwJwRI,MOH - Uganda,Ankole,Ibanda District,Ibanda Municipality
aHp1zIwZaDV,MOH - Uganda,Busoga,Jinja City,Jinja City Council
aHPLLEMdB4o,MOH - Uganda,Kigezi,Rukungiri District,Rukungiri DLG
ahrb1oS6ucq,MOH - Uganda,Karamoja,Kotido District,Kotido Municipality
aHrBkRnFBmb,MOH - Uganda,Busoga,Mayuge District,Mayuge DLG
ahRE08IkzVd,MOH - Uganda,North Buganda,Kayunga District,Kayunga DLG
aHThiPQRYCM,MOH - Uganda,Kigezi,Kisoro District,Kisoro DLG
aHuEFMZgt76,MOH - Uganda,South Buganda,Wakiso District,Wakiso DLG
aHuJWP6FfFo,MOH - Uganda,Ankole,Isingiro District,Isingiro DLG
aHXEy4fCaPw,MOH - Uganda,Tooro,Bunyangabu District,Bunyangabu DLG
aHymzNthjdX,MOH - Uganda,Tooro,Kamwenge District,Kamwenge DLG
aHYpuUgnA4P,MOH - Uganda,Lango,Lira City,Lira City Council
ahYrfYMxirO,MOH - Uganda,North Buganda,Mityana District,Mityana Municipality
ahzk9fymop1,MOH - Uganda,Teso,Kumi District,Kumi DLG
aHZyAHoVnJ8,MOH - Uganda,North Buganda,Kyankwanzi District,Kyankwanzi DLG
aI0URGtt8iX,MOH - Uganda,North Buganda,Mubende District,Mubende Municipality
ai4gKqwJDeC,MOH - Uganda,Lango,Apac District,Apac Municipality
ai5Sfj3nu9K,MOH - Uganda,Tooro,Kasese District,Kasese DLG
aifkaPWfQez,MOH - Uganda,Ankole,Ntungamo District,Ntungamo DLG
AIl1p6YgqxA,MOH - Uganda,North Buganda,Buvuma District,Buvuma DLG
aileSfY6owN,MOH - Uganda,West Nile,Koboko District,Koboko DLG
aIMGuhKI9Kc,MOH - Uganda,Tooro,Kyegegwa District,Kyegegwa DLG
aINqVBxAkXr,MOH - Uganda,Busoga,Kamuli District,Kamuli DLG
aIoKvlW1Kfi,MOH - Uganda,Busoga,Jinja District,Jinja DLG
aIOQEOmhFq8,MOH - Uganda,Ankole,Isingiro District,Isingiro DLG
AIqpNaeckvv,MOH - Uganda,Kampala,Kampala District,Kampala City Council
aIreYNbozee,MOH - Uganda,Kampala,Kampala District,Kampala City Council
aITcTSaL6bT,MOH - Uganda,Busoga,Jinja City,Jinja City Council
aIul7gx7RmZ,MOH - Uganda,Ankole,Bushenyi District,Bushenyi DLG
aiwF1KdwdWZ,MOH - Uganda,Kampala,Kampala District,Kampala City Council
AIWpt7rgU47,MOH - Uganda,South Buganda,Kyotera District,Kyotera DLG
aIx2ixiczDC,MOH - Uganda,Kampala,Kampala District,Kampala City Council
aiyix4P4FmA,MOH - Uganda,North Buganda,Mukono District,Mukono DLG
aJ0CTjwNQof,MOH - Uganda,Kigezi,Kabale District,Kabale DLG
AjaGtzC8woM,MOH - Uganda,South Buganda,Masaka City,Masaka City Council
ajaZHwTza6B,MOH - Uganda,South Buganda,Bukomansimbi District,Bukomansimbi DLG
aJBzaYw0bBh,MOH - Uganda,South Buganda,Wakiso District,Wakiso DLG
ajC9LOThoYj,MOH - Uganda,Kigezi,Rukungiri District,Rukungiri DLG
aJCkfyIurtg,MOH - Uganda,Bugisu,Namisindwa District,Namisindwa DLG
ajcmYoJ4qIl,MOH - Uganda,Tooro,Kasese District,Kasese DLG
ajeoW3M1Tvm,MOH - Uganda,Acholi,Agago District,Agago DLG
ajeYuefpnCF,MOH - Uganda,Ankole,Isingiro District,Isingiro DLG
ajFglpQB0DX,MOH - Uganda,North Buganda,Luwero District,Luwero DLG
aJgUSQQuIsM,MOH - Uganda,Bukedi,Busia District,Busia DLG
aJh44KK7H0q,MOH - Uganda,Kampala,Kampala District,Kampala City Council
aJHHl6ynpb3,MOH - Uganda,Ankole,Sheema District,Sheema Municipality
ajiOvkBSZBh,MOH - Uganda,South Buganda,Sembabule District,Sembabule DLG
AJkKMphRAcS,MOH - Uganda,Bunyoro,Masindi District,Masindi Municipality
aJlqk5guS44,MOH - Uganda,Ankole,Isingiro District,Isingiro DLG
aJNgqIuVpYF,MOH - Uganda,Ankole,Bushenyi District,Bushenyi-Ishaka Municipality
ajogQebjO0O,MOH - Uganda,Tooro,Kyenjojo District,Kyenjojo DLG
aJP0NExTeWC,MOH - Uganda,Kigezi,Kabale District,Kabale DLG
ajRh92ixvsF,MOH - Uganda,Busoga,Kamuli District,Kamuli DLG
aJSYXTymX7n,MOH - Uganda,Kampala,Kampala District,Kampala City Council
ajuXeILzSDT,MOH - Uganda,Busoga,Bugiri District,Bugiri DLG
aJW3cbEYSpE,MOH - Uganda,Bunyoro,Masindi District,Masindi DLG
AjwnALSnLrK,MOH - Uganda,South Buganda,Rakai District,Rakai DLG
AJxamlmKn2x,MOH - Uganda,Acholi,Amuru District,Amuru DLG
ajyFjFHuOre,MOH - Uganda,Busoga,Luuka District,Luuka DLG
AJZB0yz1pSi,MOH - Uganda,Bukedi,Tororo District,Tororo Municipality
aK1GSPJrhjK,MOH - Uganda,Kigezi,Kisoro District,Kisoro DLG
ak1yCSlQVYY,MOH - Uganda,Teso,Bukedea District,Bukedea DLG
ak2gK9gfyQS,MOH - Uganda,Ankole,Isingiro District,Isingiro DLG
aK4gwJ4rOvw,MOH - Uganda,Busoga,Bugiri District,Bugiri DLG
aK7OsI0WUna,MOH - Uganda,Lango,Kwania District,Kwania DLG
ak8zScLvmm6,MOH - Uganda,Kampala,Kampala District,Kampala City Council
ak9IdtlLSjV,MOH - Uganda,Lango,Kwania District,Kwania DLG
ak9PptMkTZD,MOH - Uganda,Bunyoro,Kikuube District,Kikuube DLG
akaiT2gUBst,MOH - Uganda,North Buganda,Mukono District,Mukono DLG
aKayqi0QalZ,MOH - Uganda,North Buganda,Luwero District,Luwero DLG
akc4IXZ7N3m,MOH - Uganda,Busoga,Namayingo District,Namayingo DLG
akc6IAtcgev,MOH - Uganda,Bukedi,Tororo District,Tororo DLG
AKFDKJ5sKSW,MOH - Uganda,Kampala,Kampala District,Kampala City Council
aKgreJPVnve,MOH - Uganda,Acholi,Kitgum District,Kitgum DLG
akGUnEvfeLd,MOH - Uganda,Busoga,Kaliro District,Kaliro DLG
aKkI1C9G3Q7,MOH - Uganda,Bunyoro,Kiryandongo District,Kiryandongo DLG
akKqxsRNtae,MOH - Uganda,Bukedi,Butebo District,Butebo DLG
akLIpF5HNjE,MOH - Uganda,South Buganda,Rakai District,Rakai DLG
aklMmjueboD,MOH - Uganda,Tooro,Kitagwenda District,Kitagwenda DLG
aKLtGjjYoem,MOH - Uganda,Ankole,Kazo District,Kazo DLG
aKmOqqxiDuQ,MOH - Uganda,Tooro,Kasese District,Kasese DLG
aKmx8C5qUZ8,MOH - Uganda,Kampala,Kampala District,Kampala City Council
AKNaO98uuZO,MOH - Uganda,Lango,Alebtong District,Alebtong DLG
akNrhFiVG8U,MOH - Uganda,Ankole,Sheema District,Sheema DLG
akNVan5uHv4,MOH - Uganda,Karamoja,Kotido District,Kotido DLG
aKoVWgIufTx,MOH - Uganda,Acholi,Agago District,Agago DLG
aKP6B0Z5nbZ,MOH - Uganda,Acholi,Gulu City,Gulu City Council
akpD9KoxPcB,MOH - Uganda,Ankole,Isingiro District,Isingiro DLG
akPhsrP77Ae,MOH - Uganda,Busoga,Mayuge District,Mayuge DLG
akpHXftD4yu,MOH - Uganda,South Buganda,Wakiso District,Nansana Municipality
AKpvly3o7QD,MOH - Uganda,Kigezi,Kisoro District,Kisoro DLG
aKrzURA6hJZ,MOH - Uganda,Bugisu,Kapchorwa District,Kapchorwa Municipality
aksBs5cOAWx,MOH - Uganda,Kampala,Kampala District,Kampala City Council
aKSm5ISfFh7,MOH - Uganda,Tooro,Kyenjojo District,Kyenjojo DLG
aKwOiCIvmn5,MOH - Uganda,Ankole,Isingiro District,Isingiro DLG
AkWUNw6UiPd,MOH - Uganda,Kampala,Kampala District,Kampala City Council
aKxaxZSbzx9,MOH - Uganda,Tooro,Bundibugyo District,Bundibugyo DLG
aKyI8EjjSd7,MOH - Uganda,Busoga,Luuka District,Luuka DLG
aKyrbNsmNnT,MOH - Uganda,North Buganda,Luwero District,Luwero DLG
aKzFgKWqIPv,MOH - Uganda,Ankole,Isingiro District,Isingiro DLG
al1YS0cXGLZ,MOH - Uganda,Kigezi,Rubanda District,Rubanda DLG
al3dwgwyMOl,MOH - Uganda,Tooro,Kasese District,Kasese DLG
al4RYwQs9ej,MOH - Uganda,North Buganda,Luwero District,Luwero DLG
AL521nQ9UmV,MOH - Uganda,Kampala,Kampala District,Kampala City Council
al5qS1dmOg6,MOH - Uganda,North Buganda,Kayunga District,Kayunga DLG
aL6mherCqRW,MOH - Uganda,Ankole,Bushenyi District,Bushenyi DLG
aL6vWenhalN,MOH - Uganda,Kampala,Kampala District,Kampala City Council
al7HcOssdLZ,MOH - Uganda,Teso,Kumi District,Kumi DLG
aL9agnv50Wm,MOH - Uganda,North Buganda,Mubende District,Mubende DLG
aLa6t1R8Dw0,MOH - Uganda,Kampala,Kampala District,Kampala City Council
ald3aEmViHB,MOH - Uganda,South Buganda,Kalungu District,Kalungu DLG
aLF9fK0AtT7,MOH - Uganda,Tooro,Kyenjojo District,Kyenjojo DLG
aLFaWiN6te8,MOH - Uganda,Kampala,Kampala District,Kampala City Council
ALhT5C3QAHi,MOH - Uganda,Kampala,Kampala District,Kampala City Council
alhzoKRyLzY,MOH - Uganda,Lango,Kole District,Kole DLG
aLImY2rk5DK,MOH - Uganda,Ankole,Ibanda District,Ibanda DLG
aliyQllc9xN,MOH - Uganda,Kampala,Kampala District,Kampala City Council
AljBYYOCrhQ,MOH - Uganda,Ankole,Isingiro District,Isingiro DLG
aLKBDY8KNaI,MOH - Uganda,West Nile,Arua District,Arua DLG
aLmtlWu249T,MOH - Uganda,North Buganda,Kayunga District,Kayunga DLG
aLNlJqdyQdK,MOH - Uganda,South Buganda,Wakiso District,Nansana Municipality
AlO9MzUULQ7,MOH - Uganda,North Buganda,Mityana District,Mityana Municipality
aLPsQWPEMFT,MOH - Uganda,Bunyoro,Kakumiro District,Kakumiro DLG
aLQa0i8ndtW,MOH - Uganda,Kampala,Kampala District,Kampala City Council
alQgD29SMu2,MOH - Uganda,Lango,Apac District,Apac Municipality
aLQq5QTDV2s,MOH - Uganda,South Buganda,Mpigi District,Mpigi DLG
alRiCwuGAG4,MOH - Uganda,Busoga,Kamuli District,Kamuli Municipality
aLRO2msaA9p,MOH - Uganda,Kigezi,Kisoro District,Kisoro DLG
aLVlMLdGCOR,MOH - Uganda,Kampala,Kampala District,Kampala City Council
aLYCBzAcgPU,MOH - Uganda,Acholi,Gulu City,Gulu City Council
alZgEM25r1K,MOH - Uganda,North Buganda,Mubende District,Mubende DLG
alzpRLW14i8,MOH - Uganda,South Buganda,Kyotera District,Kyotera DLG
alzSFDpdbba,MOH - Uganda,South Buganda,Wakiso District,Wakiso DLG
am0CWdRoImq,MOH - Uganda,Lango,Dokolo District,Dokolo DLG
am0vQYNJohR,MOH - Uganda,Acholi,Amuru District,Amuru DLG
am15Sw0sGcH,MOH - Uganda,Busoga,Namayingo District,Namayingo DLG
aM3UfhNrS2W,MOH - Uganda,West Nile,Arua City,Arua City Council
amaqHI7PUL2,MOH - Uganda,Kigezi,Rukungiri District,Rukungiri Municipality
aMcxqYcYtot,MOH - Uganda,Kampala,Kampala District,Kampala City Council
amDpMeSgs3P,MOH - Uganda,Lango,Lira City,Lira City Council
amGRvgBNWqv,MOH - Uganda,Kampala,Kampala District,Kampala City Council
aMldu85cKyD,MOH - Uganda,Ankole,Mbarara City,Mbarara City Council
AmlID1gg55D,MOH - Uganda,Kampala,Kampala District,Kampala City Council
aMmsIhLTFdL,MOH - Uganda,Kampala,Kampala District,Kampala City Council
amnweRXxGSV,MOH - Uganda,Lango,Amolatar District,Amolatar DLG
AmOAHYJn97w,MOH - Uganda,Busoga,Jinja City,Jinja City Council
amOfrCsmDMr,MOH - Uganda,North Buganda,Nakasongola District,Nakasongola DLG
ampdTvH90Wr,MOH - Uganda,North Buganda,Mityana District,Mityana DLG
aMrHxMQoKXP,MOH - Uganda,Bukedi,Pallisa District,Pallisa DLG
aMrVtjXDAOU,MOH - Uganda,Tooro,Kasese District,Kasese Municipality
amS3L4P6obf,MOH - Uganda,West Nile,Madi-Okollo District,Madi-Okollo DLG
amvcW2oHvfK,MOH - Uganda,Ankole,Mitooma District,Mitooma DLG
AMw3fIT1vST,MOH - Uganda,Kampala,Kampala District,Kampala City Council
amwSlyHvRiP,MOH - Uganda,South Buganda,Kyotera District,Kyotera DLG
an1CZjQ65h7,MOH - Uganda,North Buganda,Buikwe District,Njeru Municipality
an4qYGJfgI4,MOH - Uganda,West Nile,Arua City,Arua City Council
An4WDnoSfY0,MOH - Uganda,Tooro,Kasese District,Kasese DLG
analluLubfV,MOH - Uganda,North Buganda,Buikwe District,Lugazi Municipality
anb0fzFhIO6,MOH - Uganda,Lango,Kole District,Kole DLG
aNchHEjSnch,MOH - Uganda,Teso,Bukedea District,Bukedea DLG
ancPUqPujhL,MOH - Uganda,North Buganda,Kiboga District,Kiboga DLG
aND7XoaR2P9,MOH - Uganda,Ankole,Rubirizi District,Rubirizi DLG
ApxHwTWTekP,MOH - Uganda,Ankole,Rwampara District,Rwampara DLG
aNJUah8tlkm,MOH - Uganda,North Buganda,Mukono District,Mukono Municipality
anKAwt0gvmv,MOH - Uganda,Tooro,Kitagwenda District,Kitagwenda DLG
aNM5X9P50rl,MOH - Uganda,Acholi,Agago District,Agago DLG
aNNO7E8HhfG,MOH - Uganda,South Buganda,Wakiso District,Makindye Ssabagabo Municipality
ANnUPrQGwTy,MOH - Uganda,West Nile,Arua City,Arua City Council
anOxR20hDCC,MOH - Uganda,South Buganda,Mpigi District,Mpigi DLG
aNQeY1nmnoO,MOH - Uganda,Kigezi,Rubanda District,Rubanda DLG
aNs3syyPTb1,MOH - Uganda,Busoga,Kaliro District,Kaliro DLG
aNt5WiVHx4G,MOH - Uganda,South Buganda,Wakiso District,Makindye Ssabagabo Municipality
aNW8E8PWwck,MOH - Uganda,Acholi,Lamwo District,Lamwo DLG
anWd1qwL6gr,MOH - Uganda,Bukedi,Butebo District,Butebo DLG
aNWVZ9aCbQb,MOH - Uganda,North Buganda,Nakasongola District,Nakasongola DLG
aNwwYe1P90o,MOH - Uganda,North Buganda,Mityana District,Mityana DLG
aNxk6ghyV8u,MOH - Uganda,Busoga,Jinja City,Jinja City Council
any4HvzIRxY,MOH - Uganda,Kigezi,Rukungiri District,Rukungiri DLG
anyDKTZmVPh,MOH - Uganda,Busoga,Jinja District,Jinja DLG
ANYKCstCMiJ,MOH - Uganda,Kampala,Kampala District,Kampala City Council
ao2zxSYuDqi,MOH - Uganda,Tooro,Kabarole District,Kabarole DLG
aO5NU9dvqqT,MOH - Uganda,Tooro,Fort Portal City,Fort Portal City Council
ao6V9sOp2DA,MOH - Uganda,Busoga,Mayuge District,Mayuge DLG
aO7oxwS5BKX,MOH - Uganda,Bukedi,Budaka District,Budaka DLG
aoBupw5zrMP,MOH - Uganda,Acholi,Gulu City,Gulu City Council
aoc8dFcHiqR,MOH - Uganda,West Nile,Zombo District,Zombo DLG
aocu3geIqCH,MOH - Uganda,Bukedi,Budaka District,Budaka DLG
aod4x8edzQu,MOH - Uganda,Acholi,Lamwo District,Lamwo DLG
aoD5b237vol,MOH - Uganda,Ankole,Isingiro District,Isingiro DLG
aoFgQb4jPdF,MOH - Uganda,South Buganda,Wakiso District,Makindye Ssabagabo Municipality
aOGoACfpdPw,MOH - Uganda,Kigezi,Kanungu District,Kanungu DLG
aOgqukoZntC,MOH - Uganda,South Buganda,Lwengo District,Lwengo DLG
aOHWQc76Dvu,MOH - Uganda,South Buganda,Mpigi District,Mpigi DLG
aOiWdlw9gZt,MOH - Uganda,Busoga,Jinja City,Jinja City Council
aOKbOOqOG6Y,MOH - Uganda,Tooro,Fort Portal City,Fort Portal City Council
aoKmCk2WKgG,MOH - Uganda,Teso,Serere District,Serere DLG
aoKwhABrCpq,MOH - Uganda,Kigezi,Kabale District,Kabale DLG
aOmZnNXPlN2,MOH - Uganda,North Buganda,Buikwe District,Lugazi Municipality
aoNyMeWn6YC,MOH - Uganda,Busoga,Mayuge District,Mayuge DLG
aOoSM1O7H9D,MOH - Uganda,Teso,Kumi District,Kumi DLG
aOqDzfL80Nt,MOH - Uganda,North Buganda,Mukono District,Mukono Municipality
aoqEF4fUP18,MOH - Uganda,West Nile,Adjumani District,Adjumani DLG
aORai5w2IbF,MOH - Uganda,Kigezi,Rukungiri District,Rukungiri DLG
aormD5Bw2vI,MOH - Uganda,South Buganda,Lyantonde District,Lyantonde DLG
aORNRKO8Y00,MOH - Uganda,Kigezi,Rukungiri District,Rukungiri DLG
aoSaHHEzyxK,MOH - Uganda,Bunyoro,Masindi District,Masindi Municipality
aosaT356c44,MOH - Uganda,Busoga,Jinja City,Jinja City Council
aOsept0n3Xn,MOH - Uganda,Lango,Apac District,Apac DLG
aOt4qHwBUAV,MOH - Uganda,Busoga,Namutumba District,Namutumba DLG
aOUFGE58SZA,MOH - Uganda,Teso,Soroti City,Soroti City Council
aoUmVxAOFvw,MOH - Uganda,Bukedi,Tororo District,Tororo DLG
aoUzZtrglCT,MOH - Uganda,South Buganda,Lyantonde District,Lyantonde DLG
aOVFxbW05Dr,MOH - Uganda,Kigezi,Kabale District,Kabale Municipality
aowpXPkRtAt,MOH - Uganda,Teso,Bukedea District,Bukedea DLG
aoYoN1wkWDw,MOH - Uganda,West Nile,Moyo District,Moyo DLG
aP04v4fQbSd,MOH - Uganda,Lango,Dokolo District,Dokolo DLG
ap3Cu39yPkF,MOH - Uganda,Bunyoro,Masindi District,Masindi DLG
aP3vXWciBlE,MOH - Uganda,South Buganda,Butambala District,Butambala DLG
ap4CDjbaBSp,MOH - Uganda,Busoga,Iganga District,Iganga Municipality
Ap53MmxflW6,MOH - Uganda,Kampala,Kampala District,Kampala City Council
aP7HPJbm5x2,MOH - Uganda,Kigezi,Rukiga District,Rukiga DLG
aP9QvjkEszN,MOH - Uganda,Tooro,Bundibugyo District,Bundibugyo DLG
aPBis8KBjOJ,MOH - Uganda,Busoga,Namayingo District,Namayingo DLG
aPCo8FVyXXJ,MOH - Uganda,Busoga,Namutumba District,Namutumba DLG
apEUhKfLxjY,MOH - Uganda,West Nile,Zombo District,Zombo DLG
ApFb8QxbMmc,MOH - Uganda,Busoga,Mayuge District,Mayuge DLG
apGje3lIGEP,MOH - Uganda,Acholi,Gulu District,Gulu DLG
apgOmUgDNge,MOH - Uganda,West Nile,Arua District,Arua DLG
apKBtjQsxfI,MOH - Uganda,South Buganda,Wakiso District,Kira Municipality
apl1K4t4OHY,MOH - Uganda,Kigezi,Kanungu District,Kanungu DLG
aPm6qz7F0cS,MOH - Uganda,Kampala,Kampala District,Kampala City Council
aPNq1GUh1et,MOH - Uganda,Bukedi,Butaleja District,Butaleja DLG
apNXE4NwXoP,MOH - Uganda,Bugisu,Bukwo District,Bukwo DLG
aPr9XQM36Dn,MOH - Uganda,Bunyoro,Hoima District,Hoima DLG
apRrv5F3gjn,MOH - Uganda,Busoga,Namutumba District,Namutumba DLG
apShjfH5dpp,MOH - Uganda,Bugisu,Sironko District,Sironko DLG
aPsvoBYxsDS,MOH - Uganda,Acholi,Gulu City,Gulu City Council
aPUSU4k3afe,MOH - Uganda,Kampala,Kampala District,Kampala City Council
aPv6owroI2J,MOH - Uganda,Karamoja,Abim District,Abim DLG
ApVyWDny4Sz,MOH - Uganda,Lango,Lira District,Lira DLG
aPw8BIgtIDF,MOH - Uganda,South Buganda,Mpigi District,Mpigi DLG
aPXQhyTI3oq,MOH - Uganda,Busoga,Mayuge District,Mayuge DLG
apxYt6pdYil,MOH - Uganda,Lango,Amolatar District,Amolatar DLG
apYhAqPQauy,MOH - Uganda,West Nile,Nebbi District,Nebbi DLG
apyOSmUxhsw,MOH - Uganda,Kampala,Kampala District,Kampala City Council
aQ4imJRnoGL,MOH - Uganda,North Buganda,Kiboga District,Kiboga DLG
aq5a4s4nH5n,MOH - Uganda,South Buganda,Wakiso District,Nansana Municipality
aQ7USWbUHsH,MOH - Uganda,Tooro,Kyenjojo District,Kyenjojo DLG
aqCLIBUuDgw,MOH - Uganda,Acholi,Amuru District,Amuru DLG
AQcSo9fUroU,MOH - Uganda,South Buganda,Wakiso District,Nansana Municipality
AqdgPO2GkNa,MOH - Uganda,South Buganda,Wakiso District,Kira Municipality
aqerr5gK2pr,MOH - Uganda,Kampala,Kampala District,Kampala City Council
aqG8bVVJdXW,MOH - Uganda,Teso,Kumi District,Kumi DLG
aqHWU5eZqU1,MOH - Uganda,Lango,Otuke District,Otuke DLG
aQi3Qb160NY,MOH - Uganda,North Buganda,Kiboga District,Kiboga DLG
aQJllMQZqQC,MOH - Uganda,North Buganda,Kassanda District,Kassanda DLG
AQkq4eUmWyJ,MOH - Uganda,Acholi,Pader District,Pader DLG
aqKT8ebfGls,MOH - Uganda,Busoga,Iganga District,Iganga DLG
AqLT8FpWK9D,MOH - Uganda,North Buganda,Kayunga District,Kayunga DLG
AQMFExsJcWR,MOH - Uganda,South Buganda,Kyotera District,Kyotera DLG
aQnmwOGxGcK,MOH - Uganda,West Nile,Obongi District,Obongi DLG
aQnnXNR37zd,MOH - Uganda,Ankole,Sheema District,Sheema DLG
aqpJDW5rDvU,MOH - Uganda,Ankole,Isingiro District,Isingiro DLG
aQPRjLfrzRx,MOH - Uganda,Bukedi,Tororo District,Tororo DLG
aqqJXIn2j84,MOH - Uganda,South Buganda,Kyotera District,Kyotera DLG
aQrkHdMfe12,MOH - Uganda,Teso,Kalaki District,Kalaki DLG
aQTBvjHZAw9,MOH - Uganda,Tooro,Kabarole District,Kabarole DLG
AqU927BLRUc,MOH - Uganda,Kampala,Kampala District,Kampala City Council
aqVk5wVqyQf,MOH - Uganda,North Buganda,Kayunga District,Kayunga DLG
aQvo7z3P3OA,MOH - Uganda,Kampala,Kampala District,Kampala City Council
aQzm1D9r3PC,MOH - Uganda,Busoga,Bugweri District,Bugweri DLG
aR0P43jcGZM,MOH - Uganda,Kigezi,Rukungiri District,Rukungiri DLG
aR0Ye42mrx8,MOH - Uganda,Ankole,Isingiro District,Isingiro DLG
ar4RR2FBfKU,MOH - Uganda,Ankole,Isingiro District,Isingiro DLG
ar6iOa5kNV5,MOH - Uganda,Busoga,Bugiri District,Bugiri DLG
ar9kKTWanyC,MOH - Uganda,North Buganda,Kayunga District,Kayunga DLG
arbBXd1KN8n,MOH - Uganda,Acholi,Pader District,Pader DLG
aRBRoPNJuhf,MOH - Uganda,Acholi,Gulu City,Gulu City Council
ArbUlowwE1y,MOH - Uganda,North Buganda,Kiboga District,Kiboga DLG
archepWw0ZZ,MOH - Uganda,North Buganda,Mityana District,Mityana DLG
arcJgFPVh0M,MOH - Uganda,West Nile,Koboko District,Koboko DLG
aRcYASb3NLw,MOH - Uganda,Bugisu,Bulambuli District,Bulambuli DLG
aRE0Ejk5hdp,MOH - Uganda,North Buganda,Nakasongola District,Nakasongola DLG
aRetPwhewqh,MOH - Uganda,Kampala,Kampala District,Kampala City Council
ArftrbbMzlw,MOH - Uganda,South Buganda,Kyotera District,Kyotera DLG
ARgkmShGpuT,MOH - Uganda,Ankole,Isingiro District,Isingiro DLG
arIRCXLdLpv,MOH - Uganda,Busoga,Mayuge District,Mayuge DLG
aRMmd4zYKEH,MOH - Uganda,Kigezi,Kabale District,Kabale DLG
ARN4L74688e,MOH - Uganda,Lango,Kwania District,Kwania DLG
arNIJYtf78k,MOH - Uganda,South Buganda,Masaka City,Masaka City Council
aRoR6TMIU2c,MOH - Uganda,South Buganda,Sembabule District,Sembabule DLG
arpYxB8jsNy,MOH - Uganda,West Nile,Maracha District,Maracha DLG
aRQrCkpinJP,MOH - Uganda,South Buganda,Rakai District,Rakai DLG
aRRsrxSesDy,MOH - Uganda,South Buganda,Gomba District,Gomba DLG
aRs9kg1lEWy,MOH - Uganda,South Buganda,Lyantonde District,Lyantonde DLG
arSaR3TWlZL,MOH - Uganda,Teso,Kapelebyong District,Kapelebyong DLG
arteeRlvbh7,MOH - Uganda,Tooro,Kasese District,Kasese DLG
Arv5W6OeIGc,MOH - Uganda,Kampala,Kampala District,Kampala City Council
arWb0FvSbW8,MOH - Uganda,Bugisu,Bukwo District,Bukwo DLG
aRwFP1c5PuU,MOH - Uganda,Kigezi,Kanungu District,Kanungu DLG
ARwkGmOSTiP,MOH - Uganda,Kampala,Kampala District,Kampala City Council
arwTEkuyPCC,MOH - Uganda,South Buganda,Wakiso District,Makindye Ssabagabo Municipality
aRxadClWcFM,MOH - Uganda,Lango,Lira District,Lira DLG
arxX2Sx69qM,MOH - Uganda,Ankole,Sheema District,Sheema DLG
aRZJAIxQZ53,MOH - Uganda,Ankole,Ntungamo District,Ntungamo DLG
aRZTDpzTYep,MOH - Uganda,North Buganda,Buikwe District,Buikwe DLG
as02CT6yxs4,MOH - Uganda,Bukedi,Butaleja District,Butaleja DLG
As0uGPFIlbH,MOH - Uganda,Kampala,Kampala District,Kampala City Council
AS4eTVHhwrD,MOH - Uganda,Ankole,Isingiro District,Isingiro DLG
as4V8saM5sc,MOH - Uganda,South Buganda,Wakiso District,Nansana Municipality
as58Rd6Tse0,MOH - Uganda,Kampala,Kampala District,Kampala City Council
as59xHu47PE,MOH - Uganda,Bugisu,Bukwo District,Bukwo DLG
as5X6KYdOqL,MOH - Uganda,North Buganda,Nakaseke District,Nakaseke DLG
As7L9u5c9nF,MOH - Uganda,Busoga,Bugiri District,Bugiri DLG
aSbrNYTURNQ,MOH - Uganda,North Buganda,Mukono District,Mukono DLG
asCegsmRBma,MOH - Uganda,South Buganda,Gomba District,Gomba DLG
asImgkBNZRh,MOH - Uganda,Kampala,Kampala District,Kampala City Council
aSMFrJoUBsM,MOH - Uganda,Kigezi,Rukungiri District,Rukungiri DLG
aSMuKx05RO8,MOH - Uganda,North Buganda,Nakasongola District,Nakasongola DLG
ASNnd0et215,MOH - Uganda,Acholi,Agago District,Agago DLG
ASNyZE7TMLu,MOH - Uganda,Bunyoro,Masindi District,Masindi DLG
AsOampV7CXE,MOH - Uganda,Bukedi,Pallisa District,Pallisa DLG
asOlrY8SqJC,MOH - Uganda,Kampala,Kampala District,Kampala City Council
aSPxoxAOWUW,MOH - Uganda,South Buganda,Sembabule District,Sembabule DLG
asPYa4kd1vo,MOH - Uganda,North Buganda,Mubende District,Mubende DLG
aspYcErPY7F,MOH - Uganda,Busoga,Namayingo District,Namayingo DLG
asRTtPGPw9i,MOH - Uganda,Karamoja,Karenga District,Karenga DLG
aSsroXOZSIn,MOH - Uganda,South Buganda,Masaka District,Masaka DLG
aSVziyG1rIH,MOH - Uganda,Kampala,Kampala District,Kampala City Council
aSwcfLNBhx2,MOH - Uganda,Tooro,Kasese District,Kasese DLG
asYho1oZJbG,MOH - Uganda,Bugisu,Bududa District,Bududa DLG
asZMKtqcAd9,MOH - Uganda,Acholi,Gulu City,Gulu City Council
aT0kHRzB9Co,MOH - Uganda,South Buganda,Wakiso District,Makindye Ssabagabo Municipality
aT1aouq7op5,MOH - Uganda,Kampala,Kampala District,Kampala City Council
aT1ytslGHPP,MOH - Uganda,Karamoja,Abim District,Abim DLG
at2r5D5668l,MOH - Uganda,Tooro,Kasese District,Kasese DLG
AT6wxdMK8PV,MOH - Uganda,Ankole,Kiruhura District,Kiruhura DLG
at7TFoSqMKi,MOH - Uganda,West Nile,Arua City,Arua City Council
aT88FYzV61A,MOH - Uganda,South Buganda,Mpigi District,Mpigi DLG
at9KnQkgpy6,MOH - Uganda,Kampala,Kampala District,Kampala City Council
aTA0Oqfza5z,MOH - Uganda,Ankole,Kiruhura District,Kiruhura DLG
aTaU1OfpPkU,MOH - Uganda,Ankole,Isingiro District,Isingiro DLG
aTbmzoEvT5z,MOH - Uganda,South Buganda,Kalungu District,Kalungu DLG
atESdVRBAaA,MOH - Uganda,Busoga,Bugiri District,Bugiri DLG
aTeyX4ctPXQ,MOH - Uganda,Kampala,Kampala District,Kampala City Council
atf1FkRg80J,MOH - Uganda,Tooro,Kasese District,Kasese Municipality
atGRMXTBJaA,MOH - Uganda,Acholi,Gulu City,Gulu City Council
aTH1dUHop5k,MOH - Uganda,West Nile,Zombo District,Zombo DLG
ATH6V5ik1cF,MOH - Uganda,North Buganda,Luwero District,Luwero DLG
atHXbhmWAsh,MOH - Uganda,North Buganda,Mubende District,Mubende Municipality
atiy3J99rfQ,MOH - Uganda,Kampala,Kampala District,Kampala City Council
atLLqk4WxXL,MOH - Uganda,Busoga,Bugiri District,Bugiri DLG
aTlXg6L2tH1,MOH - Uganda,Bugisu,Mbale City,Mbale City Council
ATNyHq3aINr,MOH - Uganda,West Nile,Terego District,Terego DLG
ATo2Nmy2Y1Y,MOH - Uganda,West Nile,Koboko District,Koboko DLG
ATU2cKmtFoH,MOH - Uganda,Kampala,Kampala District,Kampala City Council
AtuoeL877RI,MOH - Uganda,Tooro,Kitagwenda District,Kitagwenda DLG
AtuVg4C11UO,MOH - Uganda,Bugisu,Mbale City,Mbale City Council
atv0z4e9m8B,MOH - Uganda,West Nile,Adjumani District,Adjumani DLG
atvpY5SsE88,MOH - Uganda,West Nile,Obongi District,Obongi DLG
aTvsnjjZTyN,MOH - Uganda,South Buganda,Masaka District,Masaka DLG
atZjFwq6HQ5,MOH - Uganda,Karamoja,Nabilatuk District,Nabilatuk DLG
au3c47FR6VQ,MOH - Uganda,North Buganda,Mukono District,Mukono DLG
au4iSDaT4wv,MOH - Uganda,Acholi,Pader District,Pader DLG
aU6065dnndu,MOH - Uganda,Tooro,Kyenjojo District,Kyenjojo DLG
au6l6u0QySf,MOH - Uganda,Ankole,Isingiro District,Isingiro DLG
aU7ebDxE9vM,MOH - Uganda,Busoga,Kamuli District,Kamuli DLG
aUBabmiSafy,MOH - Uganda,North Buganda,Mityana District,Mityana Municipality
auBbIemzi2h,MOH - Uganda,Kampala,Kampala District,Kampala City Council
aUCVOvi5Zz5,MOH - Uganda,Bugisu,Bulambuli District,Bulambuli DLG
auCzREvJkxl,MOH - Uganda,Bukedi,Tororo District,Tororo DLG
AUEXQv8yyQ4,MOH - Uganda,Kampala,Kampala District,Kampala City Council
aUha0DsNygQ,MOH - Uganda,Busoga,Buyende District,Buyende DLG
auhs8cHBTlW,MOH - Uganda,Teso,Kalaki District,Kalaki DLG
aUivTfVPRdU,MOH - Uganda,Kampala,Kampala District,Kampala City Council
aUjs9UBFWGB,MOH - Uganda,Lango,Alebtong District,Alebtong DLG
aukuvrCNcqR,MOH - Uganda,South Buganda,Masaka District,Masaka DLG
AUl2LinS4Zb,MOH - Uganda,North Buganda,Nakaseke District,Nakaseke DLG
AULdz853paf,MOH - Uganda,Ankole,Isingiro District,Isingiro DLG
auLNTMFhExc,MOH - Uganda,Kampala,Kampala District,Kampala City Council
aULXp2H2LGI,MOH - Uganda,South Buganda,Bukomansimbi District,Bukomansimbi DLG
aUm6tfxcMHp,MOH - Uganda,Ankole,Sheema District,Sheema DLG
aumCjLAHfAL,MOH - Uganda,Ankole,Mitooma District,Mitooma DLG
auN6pWDdKPY,MOH - Uganda,Bukedi,Pallisa District,Pallisa DLG
AUNXCR5lfl7,MOH - Uganda,Bugisu,Namisindwa District,Namisindwa DLG
aUnXgTzSLvC,MOH - Uganda,Teso,Kumi District,Kumi DLG
AUnYgvw4Y0u,MOH - Uganda,Kampala,Kampala District,Kampala City Council
aUoqX6lBNFA,MOH - Uganda,Kampala,Kampala District,Kampala City Council
aUpdwfofY85,MOH - Uganda,Teso,Soroti City,Soroti City Council
aUq5x6JdZaK,MOH - Uganda,Kampala,Kampala District,Kampala City Council
aURmSknLg9S,MOH - Uganda,Bugisu,Sironko District,Sironko DLG
ausfaeGjscI,MOH - Uganda,North Buganda,Kassanda District,Kassanda DLG
aUSFthg4pyX,MOH - Uganda,Lango,Alebtong District,Alebtong DLG
aUT9tlflN9L,MOH - Uganda,Bunyoro,Hoima District,Hoima DLG
aUudvS1prRU,MOH - Uganda,Bunyoro,Masindi District,Masindi Municipality
AUW1cjIB5uQ,MOH - Uganda,Ankole,Isingiro District,Isingiro DLG
auWHq0LQsFf,MOH - Uganda,Bunyoro,Kiryandongo District,Kiryandongo DLG
auwyv5FxrEm,MOH - Uganda,Bukedi,Busia District,Busia DLG
auXkVE7IUoq,MOH - Uganda,North Buganda,Kassanda District,Kassanda DLG
auY0zuO56sC,MOH - Uganda,Bukedi,Butebo District,Butebo DLG
auzlyXb92mq,MOH - Uganda,Acholi,Kitgum District,Kitgum DLG
auzuV39xOTU,MOH - Uganda,Acholi,Pader District,Pader DLG
aV1BxN0b2cm,MOH - Uganda,South Buganda,Wakiso District,Wakiso DLG
Av2X7WUzWPB,MOH - Uganda,Kampala,Kampala District,Kampala City Council
aV3CnANz2Hn,MOH - Uganda,Kampala,Kampala District,Kampala City Council
av5hBEV9k6X,MOH - Uganda,Bugisu,Bududa District,Bududa DLG
AV79U3nbRID,MOH - Uganda,Ankole,Mitooma District,Mitooma DLG
av7lBkdqD2U,MOH - Uganda,Bugisu,Kween District,Kween DLG
av9D2n2epXS,MOH - Uganda,Ankole,Isingiro District,Isingiro DLG
avaBAqrl0Df,MOH - Uganda,South Buganda,Wakiso District,Wakiso DLG
avAlXE2E7Re,MOH - Uganda,Lango,Kole District,Kole DLG
AVBY466AGbH,MOH - Uganda,South Buganda,Mpigi District,Mpigi DLG
aVbYZpMDz2f,MOH - Uganda,Ankole,Sheema District,Sheema DLG
aVcdIF2qcWc,MOH - Uganda,Tooro,Fort Portal City,Fort Portal City Council
aVeE8JrylXn,MOH - Uganda,North Buganda,Buvuma District,Buvuma DLG
aVEGxoGe7RS,MOH - Uganda,Bugisu,Mbale District,Mbale DLG
AvEvcRaQhsq,MOH - Uganda,Kampala,Kampala District,Kampala City Council
aVF1hN6kKkE,MOH - Uganda,Bugisu,Sironko District,Sironko DLG
AvguFgyPvUD,MOH - Uganda,Kampala,Kampala District,Kampala City Council
avhCa7YwRAw,MOH - Uganda,Kampala,Kampala District,Kampala City Council
aVhCsDupB9X,MOH - Uganda,South Buganda,Wakiso District,Nansana Municipality
avi5fZrFoo0,MOH - Uganda,Acholi,Omoro District,Omoro DLG
avJPCoMRZ9n,MOH - Uganda,Busoga,Iganga District,Iganga DLG
aVK5pJX1FPP,MOH - Uganda,South Buganda,Mpigi District,Mpigi DLG
aVKmbSeBF1N,MOH - Uganda,Kigezi,Kabale District,Kabale Municipality
avKz7P8ctz4,MOH - Uganda,Busoga,Kamuli District,Kamuli Municipality
aVlOVOmBP2K,MOH - Uganda,Bugisu,Kween District,Kween DLG
aVlVgYpWvN5,MOH - Uganda,Bunyoro,Kakumiro District,Kakumiro DLG
aVLWD9zrowf,MOH - Uganda,Tooro,Kitagwenda District,Kitagwenda DLG
aVMt1SBlRHi,MOH - Uganda,South Buganda,Kyotera District,Kyotera DLG
AvO7fMz294Z,MOH - Uganda,North Buganda,Kayunga District,Kayunga DLG
aVoCPJIXuun,MOH - Uganda,South Buganda,Wakiso District,Kira Municipality
AvoeVkEx8BO,MOH - Uganda,West Nile,Yumbe District,Yumbe DLG
aVPeLDNBucL,MOH - Uganda,North Buganda,Kiboga District,Kiboga DLG
aVPydv9zaor,MOH - Uganda,North Buganda,Mityana District,Mityana DLG
aVQCbe80pl7,MOH - Uganda,Teso,Serere District,Serere DLG
avQJxIeVNUF,MOH - Uganda,North Buganda,Kassanda District,Kassanda DLG
AVsAYhcmg6m,MOH - Uganda,Kampala,Kampala District,Kampala City Council
aVTALGVoITy,MOH - Uganda,South Buganda,Rakai District,Rakai DLG
aVULsV9e3Gf,MOH - Uganda,Bunyoro,Kagadi District,Kagadi DLG
avv19jEKJvK,MOH - Uganda,Bunyoro,Hoima District,Hoima DLG
aVWOZt9GIeu,MOH - Uganda,Busoga,Kaliro District,Kaliro DLG
avy7joRGT2x,MOH - Uganda,West Nile,Madi-Okollo District,Madi-Okollo DLG
avzQnIvljoV,MOH - Uganda,Kigezi,Rubanda District,Rubanda DLG
avzSINkwOx8,MOH - Uganda,West Nile,Arua District,Arua DLG
avZWtMODscD,MOH - Uganda,South Buganda,Wakiso District,Nansana Municipality
Aw0BQqbf0Sf,MOH - Uganda,South Buganda,Wakiso District,Nansana Municipality
aW1eTxFPaeo,MOH - Uganda,North Buganda,Mubende District,Mubende DLG
aW4S9Y3XhuV,MOH - Uganda,Bugisu,Namisindwa District,Namisindwa DLG
Aw5CUZRbQJ8,MOH - Uganda,Lango,Oyam District,Oyam DLG
aW8cWfpUrpF,MOH - Uganda,Tooro,Kasese District,Kasese Municipality
aW8p5Hv95s3,MOH - Uganda,South Buganda,Kyotera District,Kyotera DLG
aWBQShswqcf,MOH - Uganda,Kigezi,Kabale District,Kabale DLG
aWC5dU1Xvwh,MOH - Uganda,Bunyoro,Masindi District,Masindi DLG
aWd1BrStd2o,MOH - Uganda,Bukedi,Tororo District,Tororo Municipality
AWgqpMWL7Qh,MOH - Uganda,Lango,Dokolo District,Dokolo DLG
aWIgSZ4D5jT,MOH - Uganda,Bunyoro,Hoima City,Hoima City Council
awjedeMiWo3,MOH - Uganda,Acholi,Amuru District,Amuru DLG
AwJGEBq8qhZ,MOH - Uganda,South Buganda,Wakiso District,Wakiso DLG
aWMoXZucGiV,MOH - Uganda,Acholi,Kitgum District,Kitgum DLG
AwOr5ob9gDR,MOH - Uganda,South Buganda,Mpigi District,Mpigi DLG
awqe7z8lzoA,MOH - Uganda,Bunyoro,Kagadi District,Kagadi DLG
aWs3wHPQRRC,MOH - Uganda,Ankole,Kazo District,Kazo DLG
aWtkpwtp9JE,MOH - Uganda,Kampala,Kampala District,Kampala City Council
AWuBNa5zubv,MOH - Uganda,Bukedi,Tororo District,Tororo DLG
AWVMI80TOmA,MOH - Uganda,Tooro,Kyenjojo District,Kyenjojo DLG
aWwpooTj8ng,MOH - Uganda,Bugisu,Bulambuli District,Bulambuli DLG
awXRxReJcg9,MOH - Uganda,Ankole,Isingiro District,Isingiro DLG
aX1tLCw6glR,MOH - Uganda,North Buganda,Buikwe District,Njeru Municipality
aX6RTPDgyh1,MOH - Uganda,North Buganda,Mityana District,Mityana DLG
axBP3PGZjM1,MOH - Uganda,Ankole,Isingiro District,Isingiro DLG
aXGjPN0urzK,MOH - Uganda,West Nile,Koboko District,Koboko Municipality
AXHBUjPE4Cz,MOH - Uganda,Kampala,Kampala District,Kampala City Council
aXiIcEtaH4E,MOH - Uganda,Kampala,Kampala District,Kampala City Council
AxiUAru5x46,MOH - Uganda,South Buganda,Wakiso District,Makindye Ssabagabo Municipality
axJplDuglco,MOH - Uganda,Bunyoro,Masindi District,Masindi Municipality
axKfX1OmCTn,MOH - Uganda,Ankole,Isingiro District,Isingiro DLG
axKQfN9J4OH,MOH - Uganda,Busoga,Iganga District,Iganga DLG
AXlKF4953Sh,MOH - Uganda,Lango,Lira City,Lira City Council
axmLtifg8dz,MOH - Uganda,West Nile,Yumbe District,Yumbe DLG
aXN9vlaqvJx,MOH - Uganda,North Buganda,Kayunga District,Kayunga DLG
axNgLDj6B5Q,MOH - Uganda,South Buganda,Rakai District,Rakai DLG
aXnnYprMwTq,MOH - Uganda,Ankole,Bushenyi District,Bushenyi DLG
axNVMZcgPLU,MOH - Uganda,North Buganda,Mukono District,Mukono DLG
aXOYCLj6ksD,MOH - Uganda,Busoga,Bugiri District,Bugiri DLG
aXPAwDqt65Q,MOH - Uganda,Bukedi,Budaka District,Budaka DLG
aXspFLZSsut,MOH - Uganda,Tooro,Kasese District,Kasese DLG
aXTBxcjen8M,MOH - Uganda,South Buganda,Sembabule District,Sembabule DLG
AY24xwaz8Ml,MOH - Uganda,Teso,Soroti District,Soroti DLG
aY4QRB6dKBj,MOH - Uganda,Acholi,Kitgum District,Kitgum Municipality
ayBEw3mzXtd,MOH - Uganda,Acholi,Kitgum District,Kitgum DLG
ayBh8ous7GK,MOH - Uganda,Busoga,Namayingo District,Namayingo DLG
ayC0ZVq8bSp,MOH - Uganda,Teso,Katakwi District,Katakwi DLG
aYcUHBryDmo,MOH - Uganda,Tooro,Fort Portal City,Fort Portal City Council
aYcV6yUPUF5,MOH - Uganda,Tooro,Kyenjojo District,Kyenjojo DLG
aYDW0TanSgD,MOH - Uganda,Kampala,Kampala District,Kampala City Council
ayFx1JAAUqh,MOH - Uganda,Bugisu,Kapchorwa District,Kapchorwa Municipality
aygeogIefOQ,MOH - Uganda,Bunyoro,Kikuube District,Kikuube DLG
ayit7T8VnwQ,MOH - Uganda,Busoga,Mayuge District,Mayuge DLG
aYN6PpIj4bQ,MOH - Uganda,South Buganda,Wakiso District,Nansana Municipality
ayNbdy3ARDa,MOH - Uganda,Kampala,Kampala District,Kampala City Council
aYNSbanq4Fg,MOH - Uganda,Ankole,Isingiro District,Isingiro DLG
aYs22KZ2BES,MOH - Uganda,Ankole,Buhweju District,Buhweju DLG
aysfx6SGoJe,MOH - Uganda,North Buganda,Luwero District,Luwero DLG
aySqIA0RRpH,MOH - Uganda,Tooro,Bundibugyo District,Bundibugyo DLG
aySuMiw7UUj,MOH - Uganda,Bunyoro,Kakumiro District,Kakumiro DLG
ayTrnqSyazC,MOH - Uganda,Bugisu,Mbale District,Mbale DLG
aywOCuiSQrR,MOH - Uganda,Karamoja,Kotido District,Kotido DLG
ayXdSOkMOLk,MOH - Uganda,North Buganda,Mukono District,Mukono DLG
ayyVEfFN9v7,MOH - Uganda,Tooro,Kabarole District,Kabarole DLG
Az3dr4kZboc,MOH - Uganda,Acholi,Gulu City,Gulu City Council
az7Fcxfmke7,MOH - Uganda,Busoga,Iganga District,Iganga DLG
azacQo1iYbh,MOH - Uganda,South Buganda,Wakiso District,Makindye Ssabagabo Municipality
azALfEWy0fT,MOH - Uganda,Kampala,Kampala District,Kampala City Council
aZC9r2VDNby,MOH - Uganda,Kampala,Kampala District,Kampala City Council
aZep2aolzmX,MOH - Uganda,Bukedi,Tororo District,Tororo Municipality
aZEsILFiYCF,MOH - Uganda,Karamoja,Abim District,Abim DLG
aZG2lfuAtrU,MOH - Uganda,South Buganda,Wakiso District,Makindye Ssabagabo Municipality
azH6y7qMjak,MOH - Uganda,South Buganda,Sembabule District,Sembabule DLG
AZHrWAlaWuD,MOH - Uganda,North Buganda,Buikwe District,Lugazi Municipality
azhyjqRn52U,MOH - Uganda,South Buganda,Kyotera District,Kyotera DLG
aZjBV5O7kkf,MOH - Uganda,North Buganda,Buvuma District,Buvuma DLG
AZlaul76yqp,MOH - Uganda,Kampala,Kampala District,Kampala City Council
azlSxiFXDEP,MOH - Uganda,Kampala,Kampala District,Kampala City Council
aZMReDgAp1Q,MOH - Uganda,Kigezi,Rubanda District,Rubanda DLG
aznzYiSnKLj,MOH - Uganda,Lango,Kole District,Kole DLG
Azo3MsuykUZ,MOH - Uganda,Bukedi,Kibuku District,Kibuku DLG
azr8iVdWrCV,MOH - Uganda,North Buganda,Nakasongola District,Nakasongola DLG
AZRfSZ46cbp,MOH - Uganda,West Nile,Obongi District,Obongi DLG
AZuJv7eQ9Pf,MOH - Uganda,Ankole,Isingiro District,Isingiro DLG
aZV3z5WZnpC,MOH - Uganda,Ankole,Isingiro District,Isingiro DLG
aZw4VQefUc4,MOH - Uganda,North Buganda,Luwero District,Luwero DLG
azzeotS1e0O,MOH - Uganda,South Buganda,Kalangala District,Kalangala DLG
b00m3KfPXQw,MOH - Uganda,Karamoja,Karenga District,Karenga DLG
b0doUgekDci,MOH - Uganda,Kampala,Kampala District,Kampala City Council
B0fM5cE4uKL,MOH - Uganda,Ankole,Sheema District,Sheema DLG
b0qYWdhKXZz,MOH - Uganda,Kampala,Kampala District,Kampala City Council
B114jjFsS3U,MOH - Uganda,Kampala,Kampala District,Kampala City Council
b1c5LifIZy6,MOH - Uganda,North Buganda,Kayunga District,Kayunga DLG
B1DbxGb7NTx,MOH - Uganda,Lango,Kole District,Kole DLG
b1Jy6LNcJUM,MOH - Uganda,Ankole,Isingiro District,Isingiro DLG
B1Oc8R7DkXk,MOH - Uganda,South Buganda,Wakiso District,Wakiso DLG
b1q8b2dPv7x,MOH - Uganda,Kampala,Kampala District,Kampala City Council
b22OjTlTlBw,MOH - Uganda,Tooro,Fort Portal City,Fort Portal City Council
b27exHAFNPv,MOH - Uganda,Lango,Lira City,Lira City Council
b2C43iNW4sH,MOH - Uganda,Busoga,Kaliro District,Kaliro DLG
B2H2ffGYIGG,MOH - Uganda,Kampala,Kampala District,Kampala City Council
b2Hrp74IbAm,MOH - Uganda,Kampala,Kampala District,Kampala City Council
B2kCGShrnuE,MOH - Uganda,Bugisu,Namisindwa District,Namisindwa DLG
b2LlvIFGc5U,MOH - Uganda,Acholi,Gulu City,Gulu City Council
b2OIIMJWt0u,MOH - Uganda,Busoga,Namutumba District,Namutumba DLG
B37IEnpe6ae,MOH - Uganda,Ankole,Kazo District,Kazo DLG
btRLfMJVynr,MOH - Uganda,West Nile,Moyo District,Moyo DLG
b3SVArj5dFP,MOH - Uganda,South Buganda,Kyotera District,Kyotera DLG
B3W5yafHqZE,MOH - Uganda,Busoga,Namutumba District,Namutumba DLG
B3XcYiNcqa7,MOH - Uganda,Kampala,Kampala District,Kampala City Council
b43WT7sxO7F,MOH - Uganda,Kampala,Kampala District,Kampala City Council
b4ei3WhTRAH,MOH - Uganda,Karamoja,Nakapiripirit District,Nakapiripirit DLG
b4ihlfWucPX,MOH - Uganda,Kampala,Kampala District,Kampala City Council
B4iZdbKFtsM,MOH - Uganda,Kampala,Kampala District,Kampala City Council
B55xKoaIL2O,MOH - Uganda,Kigezi,Kisoro District,Kisoro DLG
B56X4Xsiff9,MOH - Uganda,North Buganda,Mityana District,Mityana DLG
b583xiTbJgi,MOH - Uganda,West Nile,Madi-Okollo District,Madi-Okollo DLG
b5EWg24UqvJ,MOH - Uganda,Kampala,Kampala District,Kampala City Council
b5gYOcDzgXn,MOH - Uganda,Bugisu,Mbale District,Mbale DLG
b5NWJsMWKNA,MOH - Uganda,North Buganda,Kayunga District,Kayunga DLG
b5qWl3F4xCO,MOH - Uganda,Ankole,Kazo District,Kazo DLG
b5RkGqLLhrM,MOH - Uganda,Acholi,Omoro District,Omoro DLG
b5Ty8QKKPVI,MOH - Uganda,Bunyoro,Kagadi District,Kagadi DLG
B5YahwaIZ6p,MOH - Uganda,Karamoja,Kaabong District,Kaabong DLG
B65CSdJgqkd,MOH - Uganda,North Buganda,Mukono District,Mukono DLG
b6OSnPPQ3Ew,MOH - Uganda,Ankole,Sheema District,Sheema DLG
b6QyvVuGsU6,MOH - Uganda,Lango,Apac District,Apac Municipality
B6tnNNiOcAl,MOH - Uganda,South Buganda,Kyotera District,Kyotera DLG
b73ibKZriwG,MOH - Uganda,West Nile,Obongi District,Obongi DLG
b7AMH2eUgJJ,MOH - Uganda,South Buganda,Wakiso District,Makindye Ssabagabo Municipality
B7dqCVCMV5l,MOH - Uganda,West Nile,Yumbe District,Yumbe DLG
B7jbOFNGr0S,MOH - Uganda,Busoga,Namutumba District,Namutumba DLG
B7NGo7PZu8h,MOH - Uganda,Ankole,Sheema District,Sheema Municipality
b7Y9wRcy6W2,MOH - Uganda,Kampala,Kampala District,Kampala City Council
b87lBxMVEGH,MOH - Uganda,Bugisu,Mbale District,Mbale DLG
B89ZpnV1eBZ,MOH - Uganda,South Buganda,Wakiso District,Nansana Municipality
B8Gdr6uX7AP,MOH - Uganda,South Buganda,Kalungu District,Kalungu DLG
B8NYlYZSA5v,MOH - Uganda,Tooro,Kasese District,Kasese Municipality
B8okqr86WzK,MOH - Uganda,Kigezi,Kabale District,Kabale Municipality
b8XUrI7irw7,MOH - Uganda,West Nile,Arua City,Arua City Council
b8zQMgIaSC5,MOH - Uganda,Kampala,Kampala District,Kampala City Council
B9149XDrc1p,MOH - Uganda,Kampala,Kampala District,Kampala City Council
b97BTMs8Zzg,MOH - Uganda,Kampala,Kampala District,Kampala City Council
B9bzorTQbJX,MOH - Uganda,Kampala,Kampala District,Kampala City Council
B9cu6kigJ6f,MOH - Uganda,Ankole,Kazo District,Kazo DLG
b9epW1JQKWV,MOH - Uganda,Teso,Kapelebyong District,Kapelebyong DLG
B9FpgxMLSri,MOH - Uganda,Busoga,Jinja District,Jinja DLG
b9LbyEacLbI,MOH - Uganda,Kampala,Kampala District,Kampala City Council
b9N8We4LUOe,MOH - Uganda,Bugisu,Mbale District,Mbale DLG
b9niqLqoyqP,MOH - Uganda,Busoga,Kamuli District,Kamuli DLG
ba1LabtE1fG,MOH - Uganda,Tooro,Kasese District,Kasese Municipality
ba44JvPeYSn,MOH - Uganda,Kigezi,Rukungiri District,Rukungiri DLG
bA5WylDYePw,MOH - Uganda,Ankole,Sheema District,Sheema Municipality
BaAs4hm4jc7,MOH - Uganda,Busoga,Luuka District,Luuka DLG
bAh0tns9mFX,MOH - Uganda,North Buganda,Mukono District,Mukono DLG
bah36yY0P6q,MOH - Uganda,Acholi,Omoro District,Omoro DLG
BAl377s28jZ,MOH - Uganda,West Nile,Adjumani District,Adjumani DLG
BAlaU5ehEXV,MOH - Uganda,South Buganda,Mpigi District,Mpigi DLG
baVbeoSAy7q,MOH - Uganda,Ankole,Ibanda District,Ibanda DLG
BAwCly3VBRl,MOH - Uganda,Kampala,Kampala District,Kampala City Council
bax9SirtC47,MOH - Uganda,Teso,Soroti City,Soroti City Council
bAyAiJKq92R,MOH - Uganda,Kigezi,Kisoro District,Kisoro DLG
BB0ZbzgGBl2,MOH - Uganda,Teso,Soroti City,Soroti City Council
bb5lvBxzAdy,MOH - Uganda,North Buganda,Kassanda District,Kassanda DLG
bBH99dMLkhV,MOH - Uganda,Kampala,Kampala District,Kampala City Council
BBIMqoThyG7,MOH - Uganda,Kampala,Kampala District,Kampala City Council
bbKOU8p1S9A,MOH - Uganda,Kigezi,Kabale District,Kabale DLG
BbMm9NF0VVB,MOH - Uganda,Kampala,Kampala District,Kampala City Council
BbnA00skOAL,MOH - Uganda,Kampala,Kampala District,Kampala City Council
bBNSvGxVrSq,MOH - Uganda,North Buganda,Buvuma District,Buvuma DLG
bBWKdgjioMZ,MOH - Uganda,West Nile,Nebbi District,Nebbi DLG
BC3NNvPnXta,MOH - Uganda,Bukedi,Kibuku District,Kibuku DLG
BcFndgxGn99,MOH - Uganda,South Buganda,Wakiso District,Wakiso DLG
bCsk6Qc7dny,MOH - Uganda,Kampala,Kampala District,Kampala City Council
bcTh8UyZfOM,MOH - Uganda,Kampala,Kampala District,Kampala City Council
bCuS4DX8Emh,MOH - Uganda,Kigezi,Rukiga District,Rukiga DLG
BCZsCRvBWTa,MOH - Uganda,West Nile,Yumbe District,Yumbe DLG
BCZsNlt7N4U,MOH - Uganda,Kampala,Kampala District,Kampala City Council
BDcuYvb84Bv,MOH - Uganda,Busoga,Namayingo District,Namayingo DLG
bDhd8xPPaT7,MOH - Uganda,Kampala,Kampala District,Kampala City Council
bdQE4T4B6vH,MOH - Uganda,North Buganda,Luwero District,Luwero DLG
bDQh7NSmTZd,MOH - Uganda,Ankole,Bushenyi District,Bushenyi DLG
bE0GS2DL21m,MOH - Uganda,Kampala,Kampala District,Kampala City Council
BE5LiYZjBvM,MOH - Uganda,South Buganda,Butambala District,Butambala DLG
bE8cnWzNEeh,MOH - Uganda,Kampala,Kampala District,Kampala City Council
beCGGbj7iIe,MOH - Uganda,Kampala,Kampala District,Kampala City Council
bElmoH9BgXH,MOH - Uganda,Lango,Otuke District,Otuke DLG
Benovv4DP4c,MOH - Uganda,Tooro,Kyegegwa District,Kyegegwa DLG
beoULENKZdb,MOH - Uganda,Bunyoro,Kikuube District,Kikuube DLG
bEQ0klUBOvf,MOH - Uganda,Kigezi,Kanungu District,Kanungu DLG
BESDJaRcNYw,MOH - Uganda,Kampala,Kampala District,Kampala City Council
BEsGh5xKrZt,MOH - Uganda,Kampala,Kampala District,Kampala City Council
Bet25yixLRP,MOH - Uganda,North Buganda,Mukono District,Mukono DLG
BExsjkvJRCY,MOH - Uganda,South Buganda,Wakiso District,Makindye Ssabagabo Municipality
bF4EZUGVuWw,MOH - Uganda,South Buganda,Lyantonde District,Lyantonde DLG
BF4V8LnfSsj,MOH - Uganda,Ankole,Mbarara District,Mbarara DLG
Bf8lj4iLKlv,MOH - Uganda,Kampala,Kampala District,Kampala City Council
bfgkO8RNEWN,MOH - Uganda,Bugisu,Kapchorwa District,Kapchorwa Municipality
bfj9QDXIo0Z,MOH - Uganda,Kampala,Kampala District,Kampala City Council
bFJN3PDbNO4,MOH - Uganda,Kampala,Kampala District,Kampala City Council
BfumzskZzcA,MOH - Uganda,Ankole,Sheema District,Sheema Municipality
bfuuMFOyqp6,MOH - Uganda,North Buganda,Mukono District,Mukono DLG
bfvn50ACB0b,MOH - Uganda,Busoga,Namutumba District,Namutumba DLG
bFwbWsNzB2h,MOH - Uganda,North Buganda,Mukono District,Mukono DLG
BG07nmRoFPX,MOH - Uganda,Lango,Apac District,Apac DLG
bG7y4zk3kPI,MOH - Uganda,West Nile,Yumbe District,Yumbe DLG
Bg95haLUKqn,MOH - Uganda,North Buganda,Kyankwanzi District,Kyankwanzi DLG
BGALIHXkx2W,MOH - Uganda,South Buganda,Wakiso District,Kira Municipality
BgtgUtz9C4V,MOH - Uganda,Bugisu,Kapchorwa District,Kapchorwa Municipality
bGukebSAb69,MOH - Uganda,Acholi,Kitgum District,Kitgum Municipality
Bgx22t6hCrm,MOH - Uganda,North Buganda,Kayunga District,Kayunga DLG
BHai9QELxGT,MOH - Uganda,Tooro,Kasese District,Kasese DLG
BHcwvgx7GbR,MOH - Uganda,South Buganda,Mpigi District,Mpigi DLG
BHDGxcwYHhC,MOH - Uganda,Karamoja,Kaabong District,Kaabong DLG
bheELZZ9xQ6,MOH - Uganda,Kigezi,Rukiga District,Rukiga DLG
BhFEulD2q8g,MOH - Uganda,Kampala,Kampala District,Kampala City Council
bhJFKwRg9fE,MOH - Uganda,Tooro,Kasese District,Kasese DLG
bHT5Yt6i8o3,MOH - Uganda,Busoga,Jinja City,Jinja City Council
bhXPm7mqi2B,MOH - Uganda,Bugisu,Namisindwa District,Namisindwa DLG
bHzMYiEE7ng,MOH - Uganda,Busoga,Bugiri District,Bugiri DLG
BI0RPyX7pY3,MOH - Uganda,Bukedi,Budaka District,Budaka DLG
BI8hASfVUkv,MOH - Uganda,Ankole,Ibanda District,Ibanda Municipality
BiACo115FNv,MOH - Uganda,Bukedi,Tororo District,Tororo DLG
BIALUmuJv3J,MOH - Uganda,Ankole,Ibanda District,Ibanda DLG
BiBF0y1fYk9,MOH - Uganda,Kampala,Kampala District,Kampala City Council
BiHrgxghFvx,MOH - Uganda,Kampala,Kampala District,Kampala City Council
BIiLhy7eYLl,MOH - Uganda,North Buganda,Buikwe District,Buikwe DLG
bIiWowwdX1N,MOH - Uganda,Kampala,Kampala District,Kampala City Council
BiL6e2ZKUCO,MOH - Uganda,Acholi,Nwoya District,Nwoya DLG
biLCmwDZgLR,MOH - Uganda,Kampala,Kampala District,Kampala City Council
bio2daBw6XN,MOH - Uganda,Bugisu,Bukwo District,Bukwo DLG
biQmsTGoRmT,MOH - Uganda,West Nile,Moyo District,Moyo DLG
biRUEhJhHDP,MOH - Uganda,Ankole,Sheema District,Sheema Municipality
BIt9TPxWFSS,MOH - Uganda,Kampala,Kampala District,Kampala City Council
BItzxQapfEl,MOH - Uganda,Kampala,Kampala District,Kampala City Council
BjafLa6b086,MOH - Uganda,North Buganda,Kayunga District,Kayunga DLG
BjDvpnOuxT0,MOH - Uganda,Bukedi,Butaleja District,Butaleja DLG
bjmC6nOjc6o,MOH - Uganda,Lango,Kole District,Kole DLG
BJPuJrAOg6M,MOH - Uganda,Kampala,Kampala District,Kampala City Council
bJQjXd35u5a,MOH - Uganda,Kampala,Kampala District,Kampala City Council
BJWblhJOtZf,MOH - Uganda,North Buganda,Mukono District,Mukono Municipality
bJyvvFZJOkn,MOH - Uganda,North Buganda,Mukono District,Mukono Municipality
bkDIfDrVsnC,MOH - Uganda,Acholi,Gulu City,Gulu City Council
bkdrUe9HAJ5,MOH - Uganda,South Buganda,Wakiso District,Nansana Municipality
bKfoGEI8IlI,MOH - Uganda,Kampala,Kampala District,Kampala City Council
BKFS3skArz2,MOH - Uganda,North Buganda,Kyankwanzi District,Kyankwanzi DLG
BkHWB9QXVou,MOH - Uganda,Busoga,Kamuli District,Kamuli DLG
bKLzfbdzjIq,MOH - Uganda,South Buganda,Masaka District,Masaka DLG
Bkn2IYnTGIx,MOH - Uganda,South Buganda,Masaka City,Masaka City Council
bkt3AwinMoZ,MOH - Uganda,Lango,Oyam District,Oyam DLG
bKzZqsPr8zk,MOH - Uganda,Acholi,Pader District,Pader DLG
Bl24tso9KAd,MOH - Uganda,South Buganda,Wakiso District,Makindye Ssabagabo Municipality
BL7K7k0SrYh,MOH - Uganda,South Buganda,Wakiso District,Makindye Ssabagabo Municipality
bLfXlSxGLoY,MOH - Uganda,Kampala,Kampala District,Kampala City Council
blgq5zG8Awb,MOH - Uganda,North Buganda,Luwero District,Luwero DLG
bljty0SyQvL,MOH - Uganda,Kampala,Kampala District,Kampala City Council
Blo1aN62cyE,MOH - Uganda,Kampala,Kampala District,Kampala City Council
BLPrlr5KELk,MOH - Uganda,Kigezi,Rukungiri District,Rukungiri DLG
blzbeQJ7Jpb,MOH - Uganda,Bunyoro,Masindi District,Masindi Municipality
bLzMzz5fzGQ,MOH - Uganda,Acholi,Lamwo District,Lamwo DLG
bm9191Y8XWN,MOH - Uganda,South Buganda,Masaka City,Masaka City Council
bMdCNBjwsqL,MOH - Uganda,South Buganda,Wakiso District,Nansana Municipality
BMmhOqlF4EB,MOH - Uganda,Busoga,Jinja City,Jinja City Council
BMmZS6sQJyw,MOH - Uganda,Tooro,Kamwenge District,Kamwenge DLG
BMnu1Llu5Uv,MOH - Uganda,Kampala,Kampala District,Kampala City Council
bmQmfGiYGAM,MOH - Uganda,South Buganda,Wakiso District,Wakiso DLG
BmtCX6prYy8,MOH - Uganda,Kampala,Kampala District,Kampala City Council
BmUrXm2kU71,MOH - Uganda,North Buganda,Mukono District,Mukono DLG
BN00LSP4lo5,MOH - Uganda,Bugisu,Sironko District,Sironko DLG
BN4YjffmaAn,MOH - Uganda,Karamoja,Nakapiripirit District,Nakapiripirit DLG
bNJSSr6ehbY,MOH - Uganda,Lango,Kwania District,Kwania DLG
bnKRmW2sm3g,MOH - Uganda,Kampala,Kampala District,Kampala City Council
bnoP3pupiMQ,MOH - Uganda,Kampala,Kampala District,Kampala City Council
BNQAUcLJ6qj,MOH - Uganda,Busoga,Mayuge District,Mayuge DLG
BNsfT2yL0kW,MOH - Uganda,Busoga,Bugiri District,Bugiri DLG
BnSVCAr2iAw,MOH - Uganda,Kampala,Kampala District,Kampala City Council
bnZozd23TrD,MOH - Uganda,Kampala,Kampala District,Kampala City Council
bo4RxIQrXvP,MOH - Uganda,Karamoja,Kaabong District,Kaabong DLG
Bo5LIIdDLTj,MOH - Uganda,Kampala,Kampala District,Kampala City Council
bOB2UqVzE5P,MOH - Uganda,Tooro,Kyegegwa District,Kyegegwa DLG
bOBFFFr0Cls,MOH - Uganda,Bunyoro,Kikuube District,Kikuube DLG
BoGS6ZmpQc2,MOH - Uganda,Ankole,Bushenyi District,Bushenyi DLG
bOLLUrgRJES,MOH - Uganda,Busoga,Kaliro District,Kaliro DLG
bOPLAeEND8r,MOH - Uganda,Teso,Kaberamaido District,Kaberamaido DLG
Bot2vwFehm0,MOH - Uganda,Kampala,Kampala District,Kampala City Council
boTY4zS1Br8,MOH - Uganda,Kampala,Kampala District,Kampala City Council
BOu0a9cWOBP,MOH - Uganda,Lango,Apac District,Apac Municipality
boVDRxlYtxA,MOH - Uganda,South Buganda,Kyotera District,Kyotera DLG
boWtTtxORe7,MOH - Uganda,Bugisu,Bulambuli District,Bulambuli DLG
BP88BEDdnP2,MOH - Uganda,Busoga,Bugiri District,Bugiri DLG
BPaWO6dvi0c,MOH - Uganda,Kampala,Kampala District,Kampala City Council
bPlo2inHdcn,MOH - Uganda,West Nile,Yumbe District,Yumbe DLG
bPUe8PAiw34,MOH - Uganda,Kampala,Kampala District,Kampala City Council
bpVMrUswdbW,MOH - Uganda,Kampala,Kampala District,Kampala City Council
BPwy1RPhHif,MOH - Uganda,Kampala,Kampala District,Kampala City Council
bQ51D3Sirvy,MOH - Uganda,North Buganda,Mukono District,Mukono DLG
BQ77rsF36ND,MOH - Uganda,Kampala,Kampala District,Kampala City Council
bq8JZONb0MA,MOH - Uganda,West Nile,Maracha District,Maracha DLG
bqcYbI3x1sY,MOH - Uganda,Kampala,Kampala District,Kampala City Council
BqgV00bzutC,MOH - Uganda,Ankole,Ibanda District,Ibanda Municipality
bqIC42408Ia,MOH - Uganda,Karamoja,Napak District,Napak DLG
bQIMnhjAURl,MOH - Uganda,North Buganda,Kiboga District,Kiboga DLG
bqKNwCoEgpx,MOH - Uganda,West Nile,Obongi District,Obongi DLG
BQl9b7pSAhx,MOH - Uganda,North Buganda,Nakaseke District,Nakaseke DLG
BqmsCq2bJXK,MOH - Uganda,Acholi,Lamwo District,Lamwo DLG
bqOvMadxN2y,MOH - Uganda,Kampala,Kampala District,Kampala City Council
bqQsImNX0KT,MOH - Uganda,West Nile,Arua City,Arua City Council
BQrjoHOpLxT,MOH - Uganda,Teso,Soroti City,Soroti City Council
BQrPJsVTpud,MOH - Uganda,North Buganda,Luwero District,Luwero DLG
bqyLf5rmg3W,MOH - Uganda,Teso,Kaberamaido District,Kaberamaido DLG
Br549Av2Wrw,MOH - Uganda,Karamoja,Moroto District,Moroto DLG
brBVgobTXKb,MOH - Uganda,South Buganda,Wakiso District,Kira Municipality
bRcXa26c4de,MOH - Uganda,South Buganda,Wakiso District,Entebbe Municipality
brezeitRr58,MOH - Uganda,North Buganda,Kayunga District,Kayunga DLG
BRH5EkhM62G,MOH - Uganda,Tooro,Kasese District,Kasese DLG
bRNO7mYireD,MOH - Uganda,Kampala,Kampala District,Kampala City Council
bRt4VDvHDPQ,MOH - Uganda,Acholi,Gulu District,Gulu DLG
BrtC10sqp45,MOH - Uganda,Kampala,Kampala District,Kampala City Council
brxVYzFSDMZ,MOH - Uganda,North Buganda,Buikwe District,Buikwe DLG
BRYcaY1oeHd,MOH - Uganda,Lango,Kwania District,Kwania DLG
BrYdpNgCZf9,MOH - Uganda,Kampala,Kampala District,Kampala City Council
bs1usVrp4Re,MOH - Uganda,Kampala,Kampala District,Kampala City Council
bs5xBJK6Qrb,MOH - Uganda,Busoga,Bugiri District,Bugiri DLG
BSbgDW9OvUB,MOH - Uganda,Lango,Apac District,Apac Municipality
bsF8wkTWCoZ,MOH - Uganda,Kampala,Kampala District,Kampala City Council
bsirokyJKLi,MOH - Uganda,Kampala,Kampala District,Kampala City Council
bSj21Ydq4fP,MOH - Uganda,Kigezi,Kanungu District,Kanungu DLG
BsJRQaNAjzN,MOH - Uganda,Kampala,Kampala District,Kampala City Council
BsPh2JaXtnc,MOH - Uganda,Kampala,Kampala District,Kampala City Council
BsqCx1RBM4V,MOH - Uganda,Tooro,Kabarole District,Kabarole DLG
BSrrPPLiBZo,MOH - Uganda,West Nile,Adjumani District,Adjumani DLG
BsWuppxjpNO,MOH - Uganda,Bukedi,Pallisa District,Pallisa DLG
bSx9pG1hyaL,MOH - Uganda,Ankole,Bushenyi District,Bushenyi DLG
BtIXs83TAPF,MOH - Uganda,South Buganda,Wakiso District,Wakiso DLG
btMHDgLAVbz,MOH - Uganda,Kampala,Kampala District,Kampala City Council
BTNeWyNJanq,MOH - Uganda,Busoga,Jinja City,Jinja City Council
BTQIO9sgvpP,MOH - Uganda,Lango,Lira City,Lira City Council
BttsyxGJcTm,MOH - Uganda,Tooro,Kamwenge District,Kamwenge DLG
btYQmvsgNkg,MOH - Uganda,Tooro,Kitagwenda District,Kitagwenda DLG
BTZ8j00Zmjv,MOH - Uganda,Kampala,Kampala District,Kampala City Council
BuaCXVKzFeD,MOH - Uganda,North Buganda,Buvuma District,Buvuma DLG
BuBhkTtnfuE,MOH - Uganda,North Buganda,Mubende District,Mubende DLG
BuBuZ3iYluV,MOH - Uganda,Ankole,Kazo District,Kazo DLG
bud65y0LoNd,MOH - Uganda,Kampala,Kampala District,Kampala City Council
bUDoS3JjcpY,MOH - Uganda,South Buganda,Masaka City,Masaka City Council
BUKrloYEKHj,MOH - Uganda,Kampala,Kampala District,Kampala City Council
BUPmAz8RgAa,MOH - Uganda,South Buganda,Kalangala District,Kalangala DLG
BUS1uU9bfh8,MOH - Uganda,Bukedi,Budaka District,Budaka DLG
bV0ljliUSvK,MOH - Uganda,Busoga,Bugiri District,Bugiri DLG
bv4xDC78z8O,MOH - Uganda,Ankole,Mbarara District,Mbarara DLG
bvbH85O2Y2f,MOH - Uganda,Kigezi,Kanungu District,Kanungu DLG
bvcIY6npE9Y,MOH - Uganda,Lango,Kole District,Kole DLG
bvEchqIHp7I,MOH - Uganda,South Buganda,Wakiso District,Kira Municipality
bVlV8NMWfoE,MOH - Uganda,Teso,Kapelebyong District,Kapelebyong DLG
BvO9dRkpqen,MOH - Uganda,Teso,Kalaki District,Kalaki DLG
bvqfuXEH13c,MOH - Uganda,Tooro,Kasese District,Kasese Municipality
BvqLF13tyiq,MOH - Uganda,North Buganda,Mukono District,Mukono DLG
bvs2abOaE96,MOH - Uganda,Kampala,Kampala District,Kampala City Council
bvtL6yfVFjj,MOH - Uganda,Kampala,Kampala District,Kampala City Council
BVulRfStvvn,MOH - Uganda,South Buganda,Wakiso District,Wakiso DLG
bVZDLfQXL5H,MOH - Uganda,Kigezi,Kabale District,Kabale DLG
bw1P79ZCDKF,MOH - Uganda,North Buganda,Luwero District,Luwero DLG
BWfUtnoSv0P,MOH - Uganda,Busoga,Bugiri District,Bugiri Municipality
BwG7tdA2QUw,MOH - Uganda,Teso,Katakwi District,Katakwi DLG
bWggTyheJ8u,MOH - Uganda,North Buganda,Nakaseke District,Nakaseke DLG
bWOR5fD8vdv,MOH - Uganda,North Buganda,Buikwe District,Buikwe DLG
bwxDEhvrpVw,MOH - Uganda,South Buganda,Masaka District,Masaka DLG
BWY57NKHPc0,MOH - Uganda,Teso,Kaberamaido District,Kaberamaido DLG
bwyog2VTd6N,MOH - Uganda,Kampala,Kampala District,Kampala City Council
bX4rWVpeSjf,MOH - Uganda,South Buganda,Wakiso District,Nansana Municipality
BXdPG3XpRk8,MOH - Uganda,Busoga,Kamuli District,Kamuli DLG
bxdYbWEVow3,MOH - Uganda,Kampala,Kampala District,Kampala City Council
bXE2wy3K2rh,MOH - Uganda,South Buganda,Wakiso District,Nansana Municipality
BxF2c8dwf02,MOH - Uganda,Busoga,Iganga District,Iganga DLG
BXfrUH4kIJw,MOH - Uganda,Kampala,Kampala District,Kampala City Council
BXm6VXRsYeo,MOH - Uganda,Kampala,Kampala District,Kampala City Council
By2MpYVigct,MOH - Uganda,Busoga,Namutumba District,Namutumba DLG
BYby89Z7I3l,MOH - Uganda,Busoga,Iganga District,Iganga Municipality
ByENsUmShVG,MOH - Uganda,Busoga,Namayingo District,Namayingo DLG
ByG7ghZu9YS,MOH - Uganda,Tooro,Kasese District,Kasese Municipality
bYiacbVu7wC,MOH - Uganda,Kigezi,Kanungu District,Kanungu DLG
bYmBurvTSx2,MOH - Uganda,Bukedi,Budaka District,Budaka DLG
bynKkUzEQmD,MOH - Uganda,South Buganda,Lyantonde District,Lyantonde DLG
bySgMOvuyJ2,MOH - Uganda,Lango,Lira District,Lira DLG
Bywd6nAfskH,MOH - Uganda,Kampala,Kampala District,Kampala City Council
bYYKbpHb8Y7,MOH - Uganda,Ankole,Buhweju District,Buhweju DLG
bZ1EuC1JaU9,MOH - Uganda,North Buganda,Luwero District,Luwero DLG
bZ47IxSJJQo,MOH - Uganda,Kampala,Kampala District,Kampala City Council
BZ5oNwnyju6,MOH - Uganda,South Buganda,Wakiso District,Makindye Ssabagabo Municipality
BZb3cYmrXML,MOH - Uganda,North Buganda,Mityana District,Mityana Municipality
BZCbuL4qfYf,MOH - Uganda,South Buganda,Wakiso District,Nansana Municipality
BzFE9hikp6J,MOH - Uganda,Teso,Bukedea District,Bukedea DLG
BzFOI8BjIMz,MOH - Uganda,South Buganda,Wakiso District,Wakiso DLG
bZGdSnBBZao,MOH - Uganda,South Buganda,Gomba District,Gomba DLG
BZnjlWdw7cL,MOH - Uganda,Busoga,Mayuge District,Mayuge DLG
BZrpRu1javH,MOH - Uganda,Lango,Oyam District,Oyam DLG
BZzitOCr9TY,MOH - Uganda,Lango,Otuke District,Otuke DLG
C0cKSenXhgf,MOH - Uganda,Kampala,Kampala District,Kampala City Council
c0wXoSDcuOp,MOH - Uganda,South Buganda,Mpigi District,Mpigi DLG
c1UYAtAxZEb,MOH - Uganda,South Buganda,Wakiso District,Entebbe Municipality
C1xwRzV1FyN,MOH - Uganda,Kampala,Kampala District,Kampala City Council
C2Uyy5GuoCk,MOH - Uganda,South Buganda,Kyotera District,Kyotera DLG
C2Yq4SFlw5M,MOH - Uganda,Bunyoro,Kikuube District,Kikuube DLG
C2ZIDlhNqLg,MOH - Uganda,South Buganda,Sembabule District,Sembabule DLG
c329u8or5q1,MOH - Uganda,Kampala,Kampala District,Kampala City Council
C33xuSt0ea8,MOH - Uganda,Lango,Kole District,Kole DLG
C38yFfDluuD,MOH - Uganda,South Buganda,Mpigi District,Mpigi DLG
c39yKQqyCK3,MOH - Uganda,Tooro,Kasese District,Kasese Municipality
C3AyI9TIKTS,MOH - Uganda,Kampala,Kampala District,Kampala City Council
C3bsz0847dX,MOH - Uganda,Kampala,Kampala District,Kampala City Council
C3IoQc9xjr8,MOH - Uganda,Kampala,Kampala District,Kampala City Council
C3MNT20vksq,MOH - Uganda,North Buganda,Kyankwanzi District,Kyankwanzi DLG
c3oQmCqMbaF,MOH - Uganda,Teso,Bukedea District,Bukedea DLG
c3SYriDFRR6,MOH - Uganda,Busoga,Kaliro District,Kaliro DLG
C3ValTE0W0b,MOH - Uganda,West Nile,Arua City,Arua City Council
c3vuvrojbzI,MOH - Uganda,North Buganda,Kayunga District,Kayunga DLG
C46L5bEGtcn,MOH - Uganda,Bugisu,Mbale City,Mbale City Council
c49ZEuALAn6,MOH - Uganda,Bunyoro,Kibaale District,Kibaale DLG
C4AXke6nWRi,MOH - Uganda,Kampala,Kampala District,Kampala City Council
c4iDQEBuWsv,MOH - Uganda,Bukedi,Busia District,Busia Municipality
c4QCM3YpqqE,MOH - Uganda,South Buganda,Lwengo District,Lwengo DLG
c4RA9ww7CN3,MOH - Uganda,Kampala,Kampala District,Kampala City Council
C4V5pGOHcmO,MOH - Uganda,Teso,Bukedea District,Bukedea DLG
c50gQsWftA9,MOH - Uganda,Teso,Ngora District,Ngora DLG
c5ebeykuexn,MOH - Uganda,Lango,Alebtong District,Alebtong DLG
c5EHgmDQXM4,MOH - Uganda,Kampala,Kampala District,Kampala City Council
C60vXdHWL6Q,MOH - Uganda,West Nile,Koboko District,Koboko Municipality
c6COehpSddG,MOH - Uganda,West Nile,Koboko District,Koboko Municipality
C6mAtukYNit,MOH - Uganda,South Buganda,Butambala District,Butambala DLG
c6oVZ0qjaS0,MOH - Uganda,West Nile,Arua City,Arua City Council
C6wvOTRYuMu,MOH - Uganda,Kampala,Kampala District,Kampala City Council
c77KuqsTbb3,MOH - Uganda,Ankole,Ibanda District,Ibanda DLG
C7aRTKKbxEP,MOH - Uganda,West Nile,Yumbe District,Yumbe DLG
c7O20JnoqsW,MOH - Uganda,Kigezi,Rubanda District,Rubanda DLG
C8f6w3L7MNE,MOH - Uganda,Acholi,Nwoya District,Nwoya DLG
C8i6PL7Rmim,MOH - Uganda,Acholi,Amuru District,Amuru DLG
c8x0zJDdow6,MOH - Uganda,Busoga,Luuka District,Luuka DLG
c93KE35oMX4,MOH - Uganda,Lango,Amolatar District,Amolatar DLG
c9Fq5DlB3y5,MOH - Uganda,Kigezi,Kabale District,Kabale DLG
c9KVejXGqhP,MOH - Uganda,South Buganda,Wakiso District,Kira Municipality
C9Kvzwphv8J,MOH - Uganda,Bugisu,Mbale City,Mbale City Council
C9wtTrtsH7T,MOH - Uganda,West Nile,Zombo District,Zombo DLG
c9Xxah6b0Cy,MOH - Uganda,Teso,Kaberamaido District,Kaberamaido DLG
cA5gjRGc1aF,MOH - Uganda,West Nile,Adjumani District,Adjumani DLG
Ca8lwHLatQa,MOH - Uganda,Tooro,Kasese District,Kasese DLG
Caa5Y5lCTIf,MOH - Uganda,Teso,Soroti City,Soroti City Council
cacYqraIAeB,MOH - Uganda,West Nile,Koboko District,Koboko DLG
CADR9HaNyWH,MOH - Uganda,Acholi,Pader District,Pader DLG
CAmmzQ05KMV,MOH - Uganda,Kampala,Kampala District,Kampala City Council
CaobK7HFskl,MOH - Uganda,Kampala,Kampala District,Kampala City Council
CAqcMMoJ4b3,MOH - Uganda,Ankole,Sheema District,Sheema DLG
CASdjG1Nx4K,MOH - Uganda,South Buganda,Wakiso District,Kira Municipality
CAt5aIGF7zh,MOH - Uganda,North Buganda,Kayunga District,Kayunga DLG
cb8QpfoojQg,MOH - Uganda,North Buganda,Kyankwanzi District,Kyankwanzi DLG
CB9zwzOqEbX,MOH - Uganda,South Buganda,Mpigi District,Mpigi DLG
cbh03vX6WVL,MOH - Uganda,Lango,Kole District,Kole DLG
cbnz5lAf8Q0,MOH - Uganda,Kampala,Kampala District,Kampala City Council
CBoebDYoYUB,MOH - Uganda,West Nile,Adjumani District,Adjumani DLG
cbQ39LEDKca,MOH - Uganda,Lango,Dokolo District,Dokolo DLG
cBT4skCUyC3,MOH - Uganda,Busoga,Mayuge District,Mayuge DLG
CBxVVMTaaN2,MOH - Uganda,Kampala,Kampala District,Kampala City Council
CbZsLxa0Zp6,MOH - Uganda,Bukedi,Budaka District,Budaka DLG
CcCjT4HFRuy,MOH - Uganda,South Buganda,Gomba District,Gomba DLG
ccCk8yDgf6O,MOH - Uganda,Kigezi,Kanungu District,Kanungu DLG
cCHq8KlwI1c,MOH - Uganda,Teso,Kapelebyong District,Kapelebyong DLG
CCnbE8KrwPh,MOH - Uganda,Teso,Ngora District,Ngora DLG
CCP4aPjVPVE,MOH - Uganda,North Buganda,Mukono District,Mukono Municipality
ccVG52jNm8D,MOH - Uganda,Bunyoro,Hoima District,Hoima DLG
CCW0LpJoTnO,MOH - Uganda,Kigezi,Kanungu District,Kanungu DLG
ccwlQ0GaMPa,MOH - Uganda,North Buganda,Mukono District,Mukono DLG
ccY5TpGvBqo,MOH - Uganda,West Nile,Madi-Okollo District,Madi-Okollo DLG
cd8AJF2SV0o,MOH - Uganda,Teso,Amuria District,Amuria DLG
CdeWhFwzuBl,MOH - Uganda,Kampala,Kampala District,Kampala City Council
CDfpt3qoQui,MOH - Uganda,Lango,Alebtong District,Alebtong DLG
cDGKAJzfkpf,MOH - Uganda,Lango,Oyam District,Oyam DLG
cDlP7OSRaO1,MOH - Uganda,North Buganda,Nakasongola District,Nakasongola DLG
CdqOvINOfIr,MOH - Uganda,Kampala,Kampala District,Kampala City Council
cdrZ3zNVb5y,MOH - Uganda,Ankole,Rubirizi District,Rubirizi DLG
cdusFUkNTOC,MOH - Uganda,North Buganda,Kyankwanzi District,Kyankwanzi DLG
cdVSJIameMk,MOH - Uganda,Ankole,Bushenyi District,Bushenyi-Ishaka Municipality
cdxaRORGk5U,MOH - Uganda,Kampala,Kampala District,Kampala City Council
cDySnTOLPKt,MOH - Uganda,Busoga,Jinja District,Jinja DLG
cdZNdamUODG,MOH - Uganda,Lango,Lira City,Lira City Council
ceAy8KZtzvd,MOH - Uganda,Kampala,Kampala District,Kampala City Council
CEBCcOEBEyp,MOH - Uganda,Kampala,Kampala District,Kampala City Council
CEchmlv2Xdh,MOH - Uganda,Kampala,Kampala District,Kampala City Council
CEJ2sfacjlq,MOH - Uganda,Kampala,Kampala District,Kampala City Council
CEjqHnkRsq1,MOH - Uganda,South Buganda,Masaka City,Masaka City Council
ceKPB7ucIEb,MOH - Uganda,South Buganda,Wakiso District,Wakiso DLG
cendOiT2Rrp,MOH - Uganda,Kampala,Kampala District,Kampala City Council
CenRncKl7BT,MOH - Uganda,Kigezi,Kanungu District,Kanungu DLG
cePxdSaa6BG,MOH - Uganda,Bukedi,Tororo District,Tororo DLG
cerLt5Xg4P9,MOH - Uganda,Ankole,Rwampara District,Rwampara DLG
CeThdXtRHzx,MOH - Uganda,Teso,Serere District,Serere DLG
cf80tiiMBsh,MOH - Uganda,North Buganda,Kiboga District,Kiboga DLG
cF8LHxUKFKS,MOH - Uganda,South Buganda,Lyantonde District,Lyantonde DLG
cFjKhoj22lE,MOH - Uganda,South Buganda,Kyotera District,Kyotera DLG
CfMXSp5ZflU,MOH - Uganda,Kampala,Kampala District,Kampala City Council
CfuB6jjFwky,MOH - Uganda,North Buganda,Buikwe District,Njeru Municipality
cFuBcFolwHe,MOH - Uganda,Busoga,Namutumba District,Namutumba DLG
CfUwC7rnAVI,MOH - Uganda,Busoga,Jinja District,Jinja DLG
cfVjkhcqQqr,MOH - Uganda,Kigezi,Kisoro District,Kisoro DLG
cgbGnOvMeUh,MOH - Uganda,North Buganda,Mukono District,Mukono DLG
CgBHAockw93,MOH - Uganda,South Buganda,Wakiso District,Kira Municipality
CgrbAin8JOT,MOH - Uganda,Kampala,Kampala District,Kampala City Council
cH31iXt96SZ,MOH - Uganda,Kampala,Kampala District,Kampala City Council
ch62JZUl5Yf,MOH - Uganda,North Buganda,Nakaseke District,Nakaseke DLG
CH96hlCV5KG,MOH - Uganda,South Buganda,Wakiso District,Wakiso DLG
chblR6I5KwX,MOH - Uganda,Kampala,Kampala District,Kampala City Council
CHqwTZx7Pym,MOH - Uganda,Bugisu,Bulambuli District,Bulambuli DLG
CHsbmLO3U5C,MOH - Uganda,Acholi,Pader District,Pader DLG
chZoz7gPbkz,MOH - Uganda,South Buganda,Lwengo District,Lwengo DLG
ci2uaeBv4Jg,MOH - Uganda,Ankole,Bushenyi District,Bushenyi DLG
ci6s0lgQqFZ,MOH - Uganda,Bukedi,Pallisa District,Pallisa DLG
CIirnzcYtLI,MOH - Uganda,Busoga,Jinja District,Jinja DLG
CijKO0Edzep,MOH - Uganda,South Buganda,Lwengo District,Lwengo DLG
CiNybZErM6Q,MOH - Uganda,North Buganda,Kassanda District,Kassanda DLG
CIS393xVJnJ,MOH - Uganda,Kampala,Kampala District,Kampala City Council
ciUSl2fbKMZ,MOH - Uganda,Bunyoro,Kakumiro District,Kakumiro DLG
CIVkMjSRVBX,MOH - Uganda,Bugisu,Namisindwa District,Namisindwa DLG
civVCpMCC6q,MOH - Uganda,Busoga,Kaliro District,Kaliro DLG
CIz5smUn1p1,MOH - Uganda,Kigezi,Kanungu District,Kanungu DLG
cj0AQ7PBRhL,MOH - Uganda,North Buganda,Mukono District,Mukono DLG
cjC5Ij5U7le,MOH - Uganda,Kampala,Kampala District,Kampala City Council
CJElkDJPuqa,MOH - Uganda,Ankole,Sheema District,Sheema DLG
CJfa9yR5Db5,MOH - Uganda,Teso,Bukedea District,Bukedea DLG
CK05rJs1H25,MOH - Uganda,Acholi,Kitgum District,Kitgum Municipality
cK0jOJzBIvd,MOH - Uganda,Karamoja,Moroto District,Moroto Municipality
Ck0reMcrfM1,MOH - Uganda,North Buganda,Mityana District,Mityana DLG
cK5namCwmbW,MOH - Uganda,Lango,Lira City,Lira City Council
cK5zkZIUFsN,MOH - Uganda,North Buganda,Buikwe District,Buikwe DLG
cK771z6IUQW,MOH - Uganda,Tooro,Bunyangabu District,Bunyangabu DLG
cK7tKflXLEi,MOH - Uganda,South Buganda,Kyotera District,Kyotera DLG
CK8TCNDBPNc,MOH - Uganda,Tooro,Kamwenge District,Kamwenge DLG
ck9FaUIhQAl,MOH - Uganda,Tooro,Kyegegwa District,Kyegegwa DLG
cKCrUucE8Yl,MOH - Uganda,Kampala,Kampala District,Kampala City Council
CKIdKDFwQr1,MOH - Uganda,South Buganda,Bukomansimbi District,Bukomansimbi DLG
CKiU8cSQz8W,MOH - Uganda,Kampala,Kampala District,Kampala City Council
CKJ1pbnmJy5,MOH - Uganda,Tooro,Kyegegwa District,Kyegegwa DLG
cKKwI6jHlPK,MOH - Uganda,Kampala,Kampala District,Kampala City Council
CKPFNnfrvbR,MOH - Uganda,Ankole,Ntungamo District,Ntungamo DLG
ckTKfORyeXK,MOH - Uganda,Kampala,Kampala District,Kampala City Council
CkUZza1MI3Y,MOH - Uganda,Acholi,Gulu City,Gulu City Council
Cl3gUL8UEj8,MOH - Uganda,North Buganda,Kassanda District,Kassanda DLG
CLiNJ245Vaa,MOH - Uganda,North Buganda,Mukono District,Mukono DLG
cLnJlZo5COI,MOH - Uganda,South Buganda,Wakiso District,Wakiso DLG
ClqDZtVa7TE,MOH - Uganda,Acholi,Pader District,Pader DLG
ClxNXxYnfbf,MOH - Uganda,South Buganda,Wakiso District,Nansana Municipality
CLXz9RMPA60,MOH - Uganda,South Buganda,Wakiso District,Wakiso DLG
cLYAiOrjgss,MOH - Uganda,South Buganda,Wakiso District,Wakiso DLG
CM43BBuBghi,MOH - Uganda,Acholi,Gulu City,Gulu City Council
cM9z3PCw4x6,MOH - Uganda,Lango,Kwania District,Kwania DLG
cmB5Q4tejGP,MOH - Uganda,South Buganda,Wakiso District,Kira Municipality
Cmbq9SjsCCv,MOH - Uganda,South Buganda,Wakiso District,Makindye Ssabagabo Municipality
CMcioJ4UPEW,MOH - Uganda,Bunyoro,Kibaale District,Kibaale DLG
CMNFahpvV4I,MOH - Uganda,North Buganda,Kiboga District,Kiboga DLG
cmNMie7wz3J,MOH - Uganda,Bunyoro,Kagadi District,Kagadi DLG
CmWtJaHXy2y,MOH - Uganda,Kampala,Kampala District,Kampala City Council
cmznNw9rCGc,MOH - Uganda,South Buganda,Wakiso District,Makindye Ssabagabo Municipality
cnDK8bgYPe5,MOH - Uganda,Bugisu,Mbale District,Mbale DLG
cNfLuxBwc50,MOH - Uganda,Kampala,Kampala District,Kampala City Council
CNG62dd4mE1,MOH - Uganda,Busoga,Bugiri District,Bugiri Municipality
CNiqwtfvzA6,MOH - Uganda,Kampala,Kampala District,Kampala City Council
CnIrIkdWWvH,MOH - Uganda,West Nile,Madi-Okollo District,Madi-Okollo DLG
CNkNtTBkwU6,MOH - Uganda,South Buganda,Wakiso District,Nansana Municipality
CnnSKNqSe8z,MOH - Uganda,Kigezi,Rukungiri District,Rukungiri DLG
cnqo6cGpZRd,MOH - Uganda,South Buganda,Wakiso District,Kira Municipality
CNzHy6t69mK,MOH - Uganda,Kampala,Kampala District,Kampala City Council
CnzSBNkUBIH,MOH - Uganda,Busoga,Namayingo District,Namayingo DLG
Co0DLFVgmGz,MOH - Uganda,South Buganda,Mpigi District,Mpigi DLG
CO2DiW7QnWL,MOH - Uganda,North Buganda,Mityana District,Mityana DLG
COA705FeCbj,MOH - Uganda,West Nile,Adjumani District,Adjumani DLG
CobLkjtSjno,MOH - Uganda,Kampala,Kampala District,Kampala City Council
COHtAqML4yd,MOH - Uganda,Ankole,Mbarara District,Mbarara DLG
COkk5tXY293,MOH - Uganda,West Nile,Arua City,Arua City Council
cOpgsVK1JpT,MOH - Uganda,Ankole,Ntungamo District,Ntungamo DLG
COvmH17foma,MOH - Uganda,Tooro,Kabarole District,Kabarole DLG
cP60sZpyWCs,MOH - Uganda,West Nile,Madi-Okollo District,Madi-Okollo DLG
CP6vWKKiD57,MOH - Uganda,Bunyoro,Kagadi District,Kagadi DLG
cPD20WxZQ27,MOH - Uganda,Busoga,Buyende District,Buyende DLG
cPeDqm6vYHn,MOH - Uganda,Acholi,Agago District,Agago DLG
cpn0FUQqSej,MOH - Uganda,West Nile,Adjumani District,Adjumani DLG
CPrVE1bWSME,MOH - Uganda,Lango,Kole District,Kole DLG
cpYuPp3UyYN,MOH - Uganda,Bunyoro,Masindi District,Masindi DLG
CpZY2oCsE5i,MOH - Uganda,Lango,Lira District,Lira DLG
CQ2ml49zihN,MOH - Uganda,Lango,Oyam District,Oyam DLG
CQ5zCINpLm3,MOH - Uganda,Acholi,Gulu District,Gulu DLG
CqBb08p28JJ,MOH - Uganda,North Buganda,Buikwe District,Buikwe DLG
Cqbfdqjbcdi,MOH - Uganda,Busoga,Jinja City,Jinja City Council
CqefEf18FFW,MOH - Uganda,Teso,Soroti District,Soroti DLG
cqExOqLOqNY,MOH - Uganda,West Nile,Moyo District,Moyo DLG
cQGIine7G65,MOH - Uganda,Kampala,Kampala District,Kampala City Council
cQlhVgIOXko,MOH - Uganda,South Buganda,Kalungu District,Kalungu DLG
CQmdcwy1KcX,MOH - Uganda,South Buganda,Kyotera District,Kyotera DLG
cqonmIvPuVM,MOH - Uganda,Bukedi,Budaka District,Budaka DLG
CQqWk34vLNB,MOH - Uganda,Bukedi,Tororo District,Tororo Municipality
CQstYluVgPh,MOH - Uganda,Lango,Kole District,Kole DLG
CqtMLam3cf6,MOH - Uganda,Kampala,Kampala District,Kampala City Council
CqzxNyWUzno,MOH - Uganda,North Buganda,Mubende District,Mubende Municipality
cR00Ao5beaX,MOH - Uganda,Kampala,Kampala District,Kampala City Council
CR3siWc4T3K,MOH - Uganda,Bunyoro,Hoima City,Hoima City Council
cRJHCWDEIhL,MOH - Uganda,Kampala,Kampala District,Kampala City Council
CRjHpbknh9x,MOH - Uganda,South Buganda,Wakiso District,Makindye Ssabagabo Municipality
CRKrLT3w8EQ,MOH - Uganda,Bunyoro,Kikuube District,Kikuube DLG
Cs1HUNemXUd,MOH - Uganda,Kampala,Kampala District,Kampala City Council
Cs2r6Cs1uj1,MOH - Uganda,Kampala,Kampala District,Kampala City Council
CSaBOCutxpN,MOH - Uganda,Ankole,Ntungamo District,Ntungamo DLG
csFo3Bw4oTt,MOH - Uganda,Bunyoro,Kiryandongo District,Kiryandongo DLG
csHpJkPA2dc,MOH - Uganda,Ankole,Kazo District,Kazo DLG
CSHydY4gTN0,MOH - Uganda,South Buganda,Kalungu District,Kalungu DLG
cSicnfTktbO,MOH - Uganda,Bunyoro,Kagadi District,Kagadi DLG
CsKbpZmPZK6,MOH - Uganda,Busoga,Luuka District,Luuka DLG
cSMju4Wha4X,MOH - Uganda,Bunyoro,Hoima City,Hoima City Council
cSML8ft7Xei,MOH - Uganda,Lango,Apac District,Apac DLG
csoDrcyIp2K,MOH - Uganda,South Buganda,Wakiso District,Nansana Municipality
CSpqU3MIZuC,MOH - Uganda,Ankole,Ntungamo District,Ntungamo DLG
csS3kM9b2rO,MOH - Uganda,Kampala,Kampala District,Kampala City Council
cstFiDymYf8,MOH - Uganda,South Buganda,Wakiso District,Wakiso DLG
cStwSlODOpK,MOH - Uganda,Acholi,Gulu District,Gulu DLG
CSzg0bIBkCh,MOH - Uganda,South Buganda,Wakiso District,Nansana Municipality
cT9AXrxPMu7,MOH - Uganda,Ankole,Kiruhura District,Kiruhura DLG
CtbsW5fUZSA,MOH - Uganda,Kampala,Kampala District,Kampala City Council
cTJJIiobzbR,MOH - Uganda,Kampala,Kampala District,Kampala City Council
CtKO7wqdp5x,MOH - Uganda,Kampala,Kampala District,Kampala City Council
CtNp9QdYPvu,MOH - Uganda,Ankole,Mitooma District,Mitooma DLG
cTp1LWth7hI,MOH - Uganda,Ankole,Rwampara District,Rwampara DLG
CU6IfK8lFaQ,MOH - Uganda,Acholi,Kitgum District,Kitgum Municipality
CuIJdsdisfp,MOH - Uganda,Bunyoro,Masindi District,Masindi Municipality
CuIvwob0pG9,MOH - Uganda,Tooro,Bunyangabu District,Bunyangabu DLG
cUNKzzineZC,MOH - Uganda,Busoga,Iganga District,Iganga Municipality
CUxYjeZrx4B,MOH - Uganda,Kigezi,Kanungu District,Kanungu DLG
cV6erj5W4Nh,MOH - Uganda,Teso,Kalaki District,Kalaki DLG
cV6WpcyXJzz,MOH - Uganda,Bunyoro,Kagadi District,Kagadi DLG
cVcvIS0HJ12,MOH - Uganda,Bukedi,Pallisa District,Pallisa DLG
cvhndG0NLZe,MOH - Uganda,Tooro,Bunyangabu District,Bunyangabu DLG
CviC5aDe5DL,MOH - Uganda,Bukedi,Budaka District,Budaka DLG
CVoCN3sspyt,MOH - Uganda,Lango,Apac District,Apac DLG
CVoWcUh5ZPP,MOH - Uganda,South Buganda,Wakiso District,Makindye Ssabagabo Municipality
cVTNNi4z9b2,MOH - Uganda,Bukedi,Busia District,Busia DLG
cVZrPQHkHcg,MOH - Uganda,North Buganda,Nakasongola District,Nakasongola DLG
CW3PQPyoZfH,MOH - Uganda,South Buganda,Kyotera District,Kyotera DLG
cw99ymFuEJh,MOH - Uganda,South Buganda,Wakiso District,Nansana Municipality
CWamWxvYUWQ,MOH - Uganda,South Buganda,Wakiso District,Wakiso DLG
CWbuLp56zb8,MOH - Uganda,Kigezi,Rukiga District,Rukiga DLG
CwftR8k7pWb,MOH - Uganda,Bunyoro,Masindi District,Masindi DLG
CWGr8jJ4Cfw,MOH - Uganda,Bunyoro,Kiryandongo District,Kiryandongo DLG
cwGt2cWV5TN,MOH - Uganda,Bukedi,Butaleja District,Butaleja DLG
CwotxUrFP6T,MOH - Uganda,South Buganda,Wakiso District,Kira Municipality
CwPZMYQPea5,MOH - Uganda,Bugisu,Bulambuli District,Bulambuli DLG
CWtHofajIfs,MOH - Uganda,Lango,Kwania District,Kwania DLG
CwvqwFHri4e,MOH - Uganda,Kampala,Kampala District,Kampala City Council
CwYdhzM9BRY,MOH - Uganda,West Nile,Koboko District,Koboko DLG
Cx3eXkf07dC,MOH - Uganda,South Buganda,Kalungu District,Kalungu DLG
Cxa96htrVdt,MOH - Uganda,Bugisu,Kapchorwa District,Kapchorwa DLG
CXhRus7sOO2,MOH - Uganda,Lango,Kole District,Kole DLG
CxHSlmbZ3B3,MOH - Uganda,Kampala,Kampala District,Kampala City Council
CXKuwsSP3T2,MOH - Uganda,Tooro,Bunyangabu District,Bunyangabu DLG
cxmFH4hcpsH,MOH - Uganda,Bunyoro,Hoima District,Hoima DLG
cXN1f5pUPwE,MOH - Uganda,Bukedi,Butaleja District,Butaleja DLG
Cxnq38Z0YWp,MOH - Uganda,Kampala,Kampala District,Kampala City Council
CXRfI4pT3bm,MOH - Uganda,Bunyoro,Kagadi District,Kagadi DLG
CxS4AnrNg9o,MOH - Uganda,Kampala,Kampala District,Kampala City Council
cXSOF29Jgy1,MOH - Uganda,Bunyoro,Kakumiro District,Kakumiro DLG
CxTwCvcB2Fq,MOH - Uganda,Bugisu,Mbale City,Mbale City Council
CXvyI1jYjPB,MOH - Uganda,South Buganda,Wakiso District,Wakiso DLG
cxWQMqqkkAF,MOH - Uganda,North Buganda,Buikwe District,Buikwe DLG
CxzGSxEbecK,MOH - Uganda,Teso,Soroti City,Soroti City Council
cXzxHCdJDg0,MOH - Uganda,Kampala,Kampala District,Kampala City Council
cY2kQBkzz17,MOH - Uganda,Teso,Soroti City,Soroti City Council
cY2zEbL70du,MOH - Uganda,Bunyoro,Kagadi District,Kagadi DLG
CY5O54UpjsT,MOH - Uganda,Kampala,Kampala District,Kampala City Council
CYCMFtMgnfI,MOH - Uganda,Acholi,Agago District,Agago DLG
cyEpWQ1hqs8,MOH - Uganda,Kampala,Kampala District,Kampala City Council
cYFk19qAWsh,MOH - Uganda,North Buganda,Kayunga District,Kayunga DLG
cYnbNkuMQpk,MOH - Uganda,Acholi,Pader District,Pader DLG
cYPtAEauxNe,MOH - Uganda,North Buganda,Luwero District,Luwero DLG
cyWgf6Xmo8Z,MOH - Uganda,Lango,Oyam District,Oyam DLG
CyZwgWizfmy,MOH - Uganda,West Nile,Koboko District,Koboko DLG
CZhPbm12f0m,MOH - Uganda,Kampala,Kampala District,Kampala City Council
CzHvoN9oqz9,MOH - Uganda,South Buganda,Wakiso District,Kira Municipality
czt3xYgcI04,MOH - Uganda,South Buganda,Wakiso District,Makindye Ssabagabo Municipality
CZX2FFWFQd2,MOH - Uganda,Kigezi,Kisoro District,Kisoro Municipality
czyJDi9E4Y4,MOH - Uganda,Tooro,Kyegegwa District,Kyegegwa DLG
d0B6XdFKWFI,MOH - Uganda,North Buganda,Buikwe District,Lugazi Municipality
D0bZjL1bGF0,MOH - Uganda,Kampala,Kampala District,Kampala City Council
D0C2UTHtTDN,MOH - Uganda,Ankole,Rubirizi District,Rubirizi DLG
D0ED1fGVzaL,MOH - Uganda,Kampala,Kampala District,Kampala City Council
D0jvpC6vXE9,MOH - Uganda,Kampala,Kampala District,Kampala City Council
D0UZnEzE4Am,MOH - Uganda,West Nile,Adjumani District,Adjumani DLG
d0wgdM8ZpZK,MOH - Uganda,Kampala,Kampala District,Kampala City Council
d0xYRTXZSO2,MOH - Uganda,South Buganda,Mpigi District,Mpigi DLG
D11nkCo4cOw,MOH - Uganda,Ankole,Rwampara District,Rwampara DLG
D1FqsDMWIeq,MOH - Uganda,South Buganda,Rakai District,Rakai DLG
d1xDXfZQf7j,MOH - Uganda,Bunyoro,Kagadi District,Kagadi DLG
d2dmppHhFZO,MOH - Uganda,Ankole,Bushenyi District,Bushenyi DLG
d2GqaWKlakK,MOH - Uganda,Kampala,Kampala District,Kampala City Council
d2i4vc5k5Lw,MOH - Uganda,Kampala,Kampala District,Kampala City Council
D2O6Qzf4hl8,MOH - Uganda,North Buganda,Buikwe District,Buikwe DLG
D2qwnO0egnU,MOH - Uganda,Tooro,Bunyangabu District,Bunyangabu DLG
d36gK81XRga,MOH - Uganda,Teso,Ngora District,Ngora DLG
D3ds26FzLrD,MOH - Uganda,Tooro,Kyenjojo District,Kyenjojo DLG
d3ugFJbENWb,MOH - Uganda,Tooro,Kamwenge District,Kamwenge DLG
D3VqzBvBCQA,MOH - Uganda,South Buganda,Mpigi District,Mpigi DLG
D4B2fhIdIUp,MOH - Uganda,Kampala,Kampala District,Kampala City Council
d4ftK2JHzMw,MOH - Uganda,Kampala,Kampala District,Kampala City Council
D4NIfKfOjKu,MOH - Uganda,Bugisu,Sironko District,Sironko DLG
d4SWIOIHBxG,MOH - Uganda,Kampala,Kampala District,Kampala City Council
D4V2t9mVF2X,MOH - Uganda,Kampala,Kampala District,Kampala City Council
D5aobJrzPIX,MOH - Uganda,South Buganda,Wakiso District,Nansana Municipality
d5RaViSn8pK,MOH - Uganda,South Buganda,Wakiso District,Entebbe Municipality
D5teAz2N7y8,MOH - Uganda,Kampala,Kampala District,Kampala City Council
D5TwGK0bcWc,MOH - Uganda,Kigezi,Kabale District,Kabale Municipality
D62maWbzWh8,MOH - Uganda,Bunyoro,Kakumiro District,Kakumiro DLG
D63IKQOEOlL,MOH - Uganda,Tooro,Bundibugyo District,Bundibugyo DLG
d6BLcmYUPVy,MOH - Uganda,Bunyoro,Hoima City,Hoima City Council
d6cSq5xJr84,MOH - Uganda,Busoga,Luuka District,Luuka DLG
d6HBrpE6QTL,MOH - Uganda,South Buganda,Wakiso District,Makindye Ssabagabo Municipality
d6hRGy9iLd8,MOH - Uganda,Kampala,Kampala District,Kampala City Council
d6LKSCl9Pq7,MOH - Uganda,Busoga,Kamuli District,Kamuli DLG
d6n146JIBkJ,MOH - Uganda,Busoga,Jinja City,Jinja City Council
D6qOKJUfK9b,MOH - Uganda,Kampala,Kampala District,Kampala City Council
d6whuavCciB,MOH - Uganda,Bugisu,Sironko District,Sironko DLG
D6wxWnyZ0vc,MOH - Uganda,Teso,Kumi District,Kumi DLG
D76MlGzidHn,MOH - Uganda,Tooro,Kasese District,Kasese DLG
D7e6z7wP6Ut,MOH - Uganda,Kampala,Kampala District,Kampala City Council
D7FjpCn5upK,MOH - Uganda,Kampala,Kampala District,Kampala City Council
D83eLvASVum,MOH - Uganda,Ankole,Bushenyi District,Bushenyi DLG
d8DLzUz81Yg,MOH - Uganda,Bugisu,Mbale City,Mbale City Council
D8FP89iQcBM,MOH - Uganda,Ankole,Isingiro District,Isingiro DLG
d8PB5YdEJ4P,MOH - Uganda,Tooro,Kasese District,Kasese DLG
d8wJvZXLzrK,MOH - Uganda,Tooro,Kasese District,Kasese Municipality
D90178rMBih,MOH - Uganda,Bugisu,Bulambuli District,Bulambuli DLG
d9lfA1dtQSW,MOH - Uganda,North Buganda,Mubende District,Mubende Municipality
D9p1sQVRXlj,MOH - Uganda,Kampala,Kampala District,Kampala City Council
d9upGtVO7uQ,MOH - Uganda,Acholi,Nwoya District,Nwoya DLG
DAcqiebFOcd,MOH - Uganda,North Buganda,Luwero District,Luwero DLG
daeejMMdxWB,MOH - Uganda,Bunyoro,Masindi District,Masindi DLG
DaiPxJIaBmu,MOH - Uganda,South Buganda,Wakiso District,Kira Municipality
Dakg2qxUXlR,MOH - Uganda,Tooro,Kyenjojo District,Kyenjojo DLG
daP4oqNIRz4,MOH - Uganda,Kampala,Kampala District,Kampala City Council
DaPDIhbB1Cn,MOH - Uganda,West Nile,Arua City,Arua City Council
DaUdxUUVqCJ,MOH - Uganda,Busoga,Mayuge District,Mayuge DLG
dAwelIYl3DQ,MOH - Uganda,Kampala,Kampala District,Kampala City Council
db9VzQveTzE,MOH - Uganda,South Buganda,Wakiso District,Wakiso DLG
DBbZ5zoI94F,MOH - Uganda,Lango,Kole District,Kole DLG
DBdKk9hp9rJ,MOH - Uganda,South Buganda,Mpigi District,Mpigi DLG
DbISdEaBLk6,MOH - Uganda,Busoga,Bugweri District,Bugweri DLG
dBJMmXzJwYi,MOH - Uganda,Busoga,Mayuge District,Mayuge DLG
dBO29bDlh3R,MOH - Uganda,South Buganda,Wakiso District,Nansana Municipality
dBqwMoaIXRI,MOH - Uganda,South Buganda,Sembabule District,Sembabule DLG
dBTaSvUvZfZ,MOH - Uganda,North Buganda,Luwero District,Luwero DLG
DC6T8clWX7G,MOH - Uganda,Kampala,Kampala District,Kampala City Council
DCbGH1zVHqq,MOH - Uganda,Ankole,Bushenyi District,Bushenyi DLG
DcEHiT3re0q,MOH - Uganda,Kampala,Kampala District,Kampala City Council
DcfZGWaRb5z,MOH - Uganda,Ankole,Buhweju District,Buhweju DLG
DCjQKtUiiHH,MOH - Uganda,Busoga,Buyende District,Buyende DLG
DCMeBiy5gcJ,MOH - Uganda,Bunyoro,Kibaale District,Kibaale DLG
DCyQXcoWZw7,MOH - Uganda,Acholi,Gulu City,Gulu City Council
DD9NSEepGqV,MOH - Uganda,Kampala,Kampala District,Kampala City Council
DdAlLPeswVJ,MOH - Uganda,Kampala,Kampala District,Kampala City Council
DDbLsI5S91i,MOH - Uganda,West Nile,Terego District,Terego DLG
DdEgPYS7ttc,MOH - Uganda,Bunyoro,Kagadi District,Kagadi DLG
DDFsSEx8Ye6,MOH - Uganda,South Buganda,Lwengo District,Lwengo DLG
dDGnJy0fVxF,MOH - Uganda,Busoga,Mayuge District,Mayuge DLG
DdplPxXfmOB,MOH - Uganda,Kigezi,Rubanda District,Rubanda DLG
ddyKbsaL8AT,MOH - Uganda,Tooro,Kasese District,Kasese DLG
De0caEQOwbR,MOH - Uganda,Bunyoro,Kiryandongo District,Kiryandongo DLG
dE5JvSArajV,MOH - Uganda,Kampala,Kampala District,Kampala City Council
DE5VuZb0Xei,MOH - Uganda,Bukedi,Pallisa District,Pallisa DLG
DE6MbTTGldU,MOH - Uganda,Kigezi,Kanungu District,Kanungu DLG
DeLCxOv0IDy,MOH - Uganda,Bugisu,Bulambuli District,Bulambuli DLG
DEldufVsi91,MOH - Uganda,Teso,Soroti City,Soroti City Council
DEMEh3VEW72,MOH - Uganda,Teso,Soroti District,Soroti DLG
deqUOFQ4Gqn,MOH - Uganda,Ankole,Rubirizi District,Rubirizi DLG
DEr5sDrC7T2,MOH - Uganda,Acholi,Pader District,Pader DLG
DEUfMizMc34,MOH - Uganda,Kampala,Kampala District,Kampala City Council
dEvj7GuiYR1,MOH - Uganda,Kampala,Kampala District,Kampala City Council
deVkIYKOqbI,MOH - Uganda,Kampala,Kampala District,Kampala City Council
df0VyNkSvQE,MOH - Uganda,Tooro,Bunyangabu District,Bunyangabu DLG
dfbQ83xJOeg,MOH - Uganda,South Buganda,Wakiso District,Wakiso DLG
dfFefs1HDIs,MOH - Uganda,Karamoja,Karenga District,Karenga DLG
DfHNWC3HoPI,MOH - Uganda,Kampala,Kampala District,Kampala City Council
dFIih3qOAtB,MOH - Uganda,South Buganda,Wakiso District,Wakiso DLG
DFsTSU3Xi5s,MOH - Uganda,Bugisu,Namisindwa District,Namisindwa DLG
dfsYcF4B3b7,MOH - Uganda,Ankole,Mbarara City,Mbarara City Council
DFuALUpGId9,MOH - Uganda,South Buganda,Kalungu District,Kalungu DLG
dFVCs1nqN9e,MOH - Uganda,Kampala,Kampala District,Kampala City Council
DfXJmVbFioH,MOH - Uganda,Kigezi,Kanungu District,Kanungu DLG
dFYNT2kcChE,MOH - Uganda,North Buganda,Luwero District,Luwero DLG
dg5bqjOfDIN,MOH - Uganda,Ankole,Ibanda District,Ibanda Municipality
dg5Sga0aLsF,MOH - Uganda,Kampala,Kampala District,Kampala City Council
DgcoJ3W21vA,MOH - Uganda,Acholi,Gulu City,Gulu City Council
dGIRbXEYTuQ,MOH - Uganda,Bunyoro,Kikuube District,Kikuube DLG
DglUstc0iGP,MOH - Uganda,South Buganda,Wakiso District,Nansana Municipality
DglxTY6Clva,MOH - Uganda,Kampala,Kampala District,Kampala City Council
DgMvqc1Ojfu,MOH - Uganda,South Buganda,Masaka City,Masaka City Council
dgmy0Fjx1KZ,MOH - Uganda,Kampala,Kampala District,Kampala City Council
DgpugjmuhEo,MOH - Uganda,North Buganda,Mubende District,Mubende DLG
DgPzXBMbUoA,MOH - Uganda,Kampala,Kampala District,Kampala City Council
dgqoCJ0j0O6,MOH - Uganda,Kampala,Kampala District,Kampala City Council
DNDNErLjgOa,MOH - Uganda,Lango,Lira City,Lira City Council
DGYQDJIkZO9,MOH - Uganda,Kampala,Kampala District,Kampala City Council
dh43ilJjxyA,MOH - Uganda,Lango,Kwania District,Kwania DLG
dhaWOvNE3VT,MOH - Uganda,Acholi,Omoro District,Omoro DLG
dHFUXmzOPTp,MOH - Uganda,Teso,Soroti City,Soroti City Council
DhNRFgDOTR6,MOH - Uganda,Kampala,Kampala District,Kampala City Council
DhNuDYxr5Mo,MOH - Uganda,Kampala,Kampala District,Kampala City Council
dHp8jtq8Q6v,MOH - Uganda,West Nile,Yumbe District,Yumbe DLG
dHpy75ggtxI,MOH - Uganda,South Buganda,Lyantonde District,Lyantonde DLG
DHRgoZsi4Mx,MOH - Uganda,Busoga,Luuka District,Luuka DLG
dHtq8IwvYn2,MOH - Uganda,South Buganda,Wakiso District,Entebbe Municipality
dhuGFCVZQCl,MOH - Uganda,Ankole,Kazo District,Kazo DLG
DhuqpclenTi,MOH - Uganda,North Buganda,Luwero District,Luwero DLG
dhZCuMPwpYC,MOH - Uganda,North Buganda,Kayunga District,Kayunga DLG
di1Z12IwZYW,MOH - Uganda,North Buganda,Kayunga District,Kayunga DLG
di4DmrdqB4K,MOH - Uganda,South Buganda,Kyotera District,Kyotera DLG
dIbIL5tIcDi,MOH - Uganda,Acholi,Gulu District,Gulu DLG
DID38FOFn2W,MOH - Uganda,West Nile,Adjumani District,Adjumani DLG
DId8gDG2h83,MOH - Uganda,South Buganda,Masaka City,Masaka City Council
DIE1bNkw04b,MOH - Uganda,Ankole,Buhweju District,Buhweju DLG
DiKiWxfaHQv,MOH - Uganda,Lango,Kole District,Kole DLG
dIkUObxFycV,MOH - Uganda,Busoga,Bugiri District,Bugiri DLG
Dil7ITnaKlq,MOH - Uganda,North Buganda,Buikwe District,Njeru Municipality
dILdbpei9pW,MOH - Uganda,Kigezi,Rubanda District,Rubanda DLG
dim1yW6CLFU,MOH - Uganda,Tooro,Kitagwenda District,Kitagwenda DLG
dImKFSj5cqK,MOH - Uganda,South Buganda,Masaka City,Masaka City Council
DiMxE0HGXAC,MOH - Uganda,North Buganda,Mukono District,Mukono DLG
DIQq90QrWSn,MOH - Uganda,Kampala,Kampala District,Kampala City Council
DIvFfpLuYZZ,MOH - Uganda,Teso,Katakwi District,Katakwi DLG
divkYH9MIAK,MOH - Uganda,North Buganda,Kayunga District,Kayunga DLG
DJ9pMeVJo2m,MOH - Uganda,Kampala,Kampala District,Kampala City Council
dJaNcyPPwbM,MOH - Uganda,Kampala,Kampala District,Kampala City Council
djAqdNTmp8l,MOH - Uganda,North Buganda,Mukono District,Mukono Municipality
DjB72S6GhfB,MOH - Uganda,Kigezi,Rukungiri District,Rukungiri DLG
dJd3ohZ6VTQ,MOH - Uganda,Bukedi,Budaka District,Budaka DLG
DjgbWcdzpkC,MOH - Uganda,Busoga,Kamuli District,Kamuli DLG
DJj3j0lGtlA,MOH - Uganda,Kigezi,Kabale District,Kabale DLG
DjJvRWqMhQs,MOH - Uganda,Kampala,Kampala District,Kampala City Council
djmsZQe9Sev,MOH - Uganda,Lango,Kwania District,Kwania DLG
dJn7OtMw7S0,MOH - Uganda,Busoga,Bugiri District,Bugiri Municipality
dJOVTBJZdxB,MOH - Uganda,Kampala,Kampala District,Kampala City Council
dJpzPBzm1Hr,MOH - Uganda,Kampala,Kampala District,Kampala City Council
DjRCwXgHUTt,MOH - Uganda,Kampala,Kampala District,Kampala City Council
DjuTQL7H5ck,MOH - Uganda,Acholi,Agago District,Agago DLG
dJVAxcfHq5Z,MOH - Uganda,North Buganda,Mubende District,Mubende Municipality
dJvXXX6OvmH,MOH - Uganda,North Buganda,Kayunga District,Kayunga DLG
DJz6wykzcVy,MOH - Uganda,Kampala,Kampala District,Kampala City Council
Dk1SkAipwsf,MOH - Uganda,Ankole,Mitooma District,Mitooma DLG
DK60F8xwSEx,MOH - Uganda,South Buganda,Wakiso District,Wakiso DLG
dK6URDbvHgL,MOH - Uganda,North Buganda,Kassanda District,Kassanda DLG
DkEZg4pfxum,MOH - Uganda,Kampala,Kampala District,Kampala City Council
dkhfFpWRiL0,MOH - Uganda,South Buganda,Kalungu District,Kalungu DLG
dKiSvvcLbD7,MOH - Uganda,Kampala,Kampala District,Kampala City Council
dkJBS3h2y4O,MOH - Uganda,North Buganda,Kyankwanzi District,Kyankwanzi DLG
DKjJih3JHIW,MOH - Uganda,Kampala,Kampala District,Kampala City Council
DkJsml7DkBM,MOH - Uganda,North Buganda,Mubende District,Mubende Municipality
dkK7pcIHnC7,MOH - Uganda,Busoga,Namutumba District,Namutumba DLG
DKkXEo4zUy7,MOH - Uganda,South Buganda,Wakiso District,Wakiso DLG
Dklgbui5iFp,MOH - Uganda,North Buganda,Mukono District,Mukono Municipality
dKN7mTaGZXT,MOH - Uganda,South Buganda,Wakiso District,Wakiso DLG
dkOYUcL8Bnn,MOH - Uganda,Lango,Lira City,Lira City Council
dL03pWPKGG9,MOH - Uganda,Kampala,Kampala District,Kampala City Council
DLHAeBCBkdX,MOH - Uganda,Busoga,Kamuli District,Kamuli DLG
dLltT9lhShc,MOH - Uganda,Kigezi,Kanungu District,Kanungu DLG
DlnDFHxW9BQ,MOH - Uganda,Kampala,Kampala District,Kampala City Council
DlOgzZNj90W,MOH - Uganda,Kigezi,Kabale District,Kabale DLG
dlREDXeUbcj,MOH - Uganda,Kampala,Kampala District,Kampala City Council
DlRKLXSrH5t,MOH - Uganda,South Buganda,Wakiso District,Wakiso DLG
dLXyDcRDNJm,MOH - Uganda,South Buganda,Wakiso District,Wakiso DLG
Dm4qPjNc4bc,MOH - Uganda,Acholi,Pader District,Pader DLG
dM6qCDmZMFO,MOH - Uganda,North Buganda,Mubende District,Mubende DLG
DM88HSXKDde,MOH - Uganda,Busoga,Luuka District,Luuka DLG
DMgpwxmDteF,MOH - Uganda,North Buganda,Nakasongola District,Nakasongola DLG
dMm3DJNLoe0,MOH - Uganda,Lango,Otuke District,Otuke DLG
dMNYKt7qH4n,MOH - Uganda,North Buganda,Mukono District,Mukono DLG
dmsWl4MpI5p,MOH - Uganda,Teso,Amuria District,Amuria DLG
dN8F1BdyGwx,MOH - Uganda,Kampala,Kampala District,Kampala City Council
dnBlbbDr5m1,MOH - Uganda,South Buganda,Wakiso District,Wakiso DLG
dndZpay9yKe,MOH - Uganda,Kigezi,Kisoro District,Kisoro Municipality
DNKbMEbncaG,MOH - Uganda,Kampala,Kampala District,Kampala City Council
dNKE6O9h1wU,MOH - Uganda,Kampala,Kampala District,Kampala City Council
dNO4PUJDiww,MOH - Uganda,Bugisu,Kapchorwa District,Kapchorwa Municipality
dNP6KRlY9L6,MOH - Uganda,Lango,Kole District,Kole DLG
dNVVQXT852L,MOH - Uganda,Kampala,Kampala District,Kampala City Council
dOatQ3gu3nG,MOH - Uganda,West Nile,Moyo District,Moyo DLG
DOCCu0Zqlrf,MOH - Uganda,Kampala,Kampala District,Kampala City Council
doDJxqHUdxG,MOH - Uganda,Kampala,Kampala District,Kampala City Council
dOgKEHNZdQl,MOH - Uganda,Busoga,Kaliro District,Kaliro DLG
dOhScaTMwQg,MOH - Uganda,Kampala,Kampala District,Kampala City Council
dOJEmqARABq,MOH - Uganda,North Buganda,Mubende District,Mubende DLG
dOVpkQ2NKwm,MOH - Uganda,Kampala,Kampala District,Kampala City Council
DoWj5lQDtjs,MOH - Uganda,Kampala,Kampala District,Kampala City Council
Dozu1wjAPlF,MOH - Uganda,South Buganda,Wakiso District,Wakiso DLG
Dp5AvjsBoN3,MOH - Uganda,Busoga,Buyende District,Buyende DLG
dPHGsGPWCmY,MOH - Uganda,Bukedi,Tororo District,Tororo Municipality
Dpn8dDNGrCR,MOH - Uganda,Karamoja,Nakapiripirit District,Nakapiripirit DLG
DPRgzXMkh9U,MOH - Uganda,South Buganda,Wakiso District,Wakiso DLG
Dpv2z5tBsQK,MOH - Uganda,West Nile,Moyo District,Moyo DLG
dPZe5NCErhu,MOH - Uganda,West Nile,Obongi District,Obongi DLG
DQ0Pj4O6Bkq,MOH - Uganda,North Buganda,Buikwe District,Njeru Municipality
DQ1fl1xeSTQ,MOH - Uganda,Kampala,Kampala District,Kampala City Council
dQprl8P1Uae,MOH - Uganda,South Buganda,Wakiso District,Nansana Municipality
DQT0OSOZ3sf,MOH - Uganda,South Buganda,Lwengo District,Lwengo DLG
dqVrBFvJg3n,MOH - Uganda,West Nile,Maracha District,Maracha DLG
dR2qeIF8jxv,MOH - Uganda,Kampala,Kampala District,Kampala City Council
dRAu7PVkenC,MOH - Uganda,Ankole,Kazo District,Kazo DLG
DriIIzpurHP,MOH - Uganda,Kampala,Kampala District,Kampala City Council
drONq8wZs7Y,MOH - Uganda,North Buganda,Mukono District,Mukono DLG
DRp4b31su0D,MOH - Uganda,South Buganda,Masaka City,Masaka City Council
dRVlZtrIfcM,MOH - Uganda,South Buganda,Bukomansimbi District,Bukomansimbi DLG
dRx8az95Iwy,MOH - Uganda,Bugisu,Kapchorwa District,Kapchorwa Municipality
ds0XlYAKuOX,MOH - Uganda,Bugisu,Mbale City,Mbale City Council
ds7wqlsatAp,MOH - Uganda,North Buganda,Kayunga District,Kayunga DLG
DsaeEp9J3X4,MOH - Uganda,North Buganda,Mityana District,Mityana DLG
DsCPAvIFVwD,MOH - Uganda,South Buganda,Kyotera District,Kyotera DLG
DspWTJujyfc,MOH - Uganda,Kampala,Kampala District,Kampala City Council
dsQJ8V4nITj,MOH - Uganda,South Buganda,Wakiso District,Wakiso DLG
dSTp0q4Aefg,MOH - Uganda,South Buganda,Wakiso District,Kira Municipality
dsZNTzuFEUo,MOH - Uganda,South Buganda,Wakiso District,Wakiso DLG
DszVnJcg9OG,MOH - Uganda,Kampala,Kampala District,Kampala City Council
DT1CELmevCn,MOH - Uganda,Kampala,Kampala District,Kampala City Council
dT1hMgNfMLo,MOH - Uganda,Kampala,Kampala District,Kampala City Council
Dt6WipQhr4Q,MOH - Uganda,Tooro,Fort Portal City,Fort Portal City Council
dtCpbwYklIp,MOH - Uganda,Kampala,Kampala District,Kampala City Council
dte1mdnBYoM,MOH - Uganda,Kampala,Kampala District,Kampala City Council
DTFOPqR4WLH,MOH - Uganda,Teso,Kaberamaido District,Kaberamaido DLG
dtIapBQjyvX,MOH - Uganda,Kampala,Kampala District,Kampala City Council
dtJry9rvhTP,MOH - Uganda,South Buganda,Kyotera District,Kyotera DLG
dTkop25EgWV,MOH - Uganda,Kampala,Kampala District,Kampala City Council
dTLwhS7Lpm2,MOH - Uganda,Ankole,Ntungamo District,Ntungamo DLG
DtmNrJzXRHm,MOH - Uganda,North Buganda,Kiboga District,Kiboga DLG
dTp3hFJe2Mg,MOH - Uganda,Busoga,Kamuli District,Kamuli Municipality
dtVDXhCkmL8,MOH - Uganda,Tooro,Kasese District,Kasese DLG
du3IUZdJCTM,MOH - Uganda,Kampala,Kampala District,Kampala City Council
Du5ZInfaPW0,MOH - Uganda,Acholi,Pader District,Pader DLG
Du6vmH17Utz,MOH - Uganda,Kampala,Kampala District,Kampala City Council
du8F23WZLMw,MOH - Uganda,Acholi,Omoro District,Omoro DLG
dU9nghJ1oFG,MOH - Uganda,South Buganda,Wakiso District,Makindye Ssabagabo Municipality
DuaT6TmLuJ4,MOH - Uganda,South Buganda,Wakiso District,Makindye Ssabagabo Municipality
DUDZxVy6oKw,MOH - Uganda,Busoga,Mayuge District,Mayuge DLG
DUF2Qd4Evfh,MOH - Uganda,South Buganda,Wakiso District,Kira Municipality
DUIjxnnEApZ,MOH - Uganda,Tooro,Kasese District,Kasese DLG
dun5IeK7f1f,MOH - Uganda,Kampala,Kampala District,Kampala City Council
DUreceB7cjo,MOH - Uganda,South Buganda,Rakai District,Rakai DLG
dusS2wts7ax,MOH - Uganda,Teso,Kaberamaido District,Kaberamaido DLG
DuStC8e98ns,MOH - Uganda,Kampala,Kampala District,Kampala City Council
dUTmAyJW63T,MOH - Uganda,Tooro,Kasese District,Kasese DLG
dv3SImzZA2u,MOH - Uganda,North Buganda,Mukono District,Mukono DLG
DV77PRvInIg,MOH - Uganda,North Buganda,Mukono District,Mukono Municipality
Dv90IFDt4UA,MOH - Uganda,Kampala,Kampala District,Kampala City Council
DVPFLWaZInR,MOH - Uganda,West Nile,Terego District,Terego DLG
DVWgXBCqWXD,MOH - Uganda,Tooro,Kyenjojo District,Kyenjojo DLG
dW9JP4uSm97,MOH - Uganda,Busoga,Kamuli District,Kamuli Municipality
DwbHpQ9AD2k,MOH - Uganda,Kampala,Kampala District,Kampala City Council
dwc5a5kKYRT,MOH - Uganda,North Buganda,Mukono District,Mukono Municipality
DWFZOBH1pRV,MOH - Uganda,Tooro,Kasese District,Kasese DLG
dwha3G8bBvt,MOH - Uganda,Kampala,Kampala District,Kampala City Council
dWiH5rblNL5,MOH - Uganda,Kampala,Kampala District,Kampala City Council
DwScnJcg17z,MOH - Uganda,Kampala,Kampala District,Kampala City Council
DwSFdp1Zd4h,MOH - Uganda,Ankole,Ibanda District,Ibanda DLG
DwudfdiJ3gq,MOH - Uganda,North Buganda,Nakaseke District,Nakaseke DLG
DWXYwCh0PuW,MOH - Uganda,South Buganda,Sembabule District,Sembabule DLG
Dxbu2QPZahI,MOH - Uganda,Acholi,Omoro District,Omoro DLG
dXEcBso8rQv,MOH - Uganda,North Buganda,Mukono District,Mukono DLG
DxF0mRh5Ax1,MOH - Uganda,Lango,Oyam District,Oyam DLG
DXmJVAw33mJ,MOH - Uganda,Teso,Serere District,Serere DLG
DXPEWHcbZwC,MOH - Uganda,Karamoja,Amudat District,Amudat DLG
dxqfSox63Rh,MOH - Uganda,North Buganda,Kyankwanzi District,Kyankwanzi DLG
DxqLtFffgcJ,MOH - Uganda,South Buganda,Wakiso District,Nansana Municipality
dxQP3bDkgd0,MOH - Uganda,South Buganda,Wakiso District,Makindye Ssabagabo Municipality
dy0ugC48CHH,MOH - Uganda,Kampala,Kampala District,Kampala City Council
DYBhUQ707JF,MOH - Uganda,Kampala,Kampala District,Kampala City Council
dyD1iVotBI3,MOH - Uganda,Busoga,Bugiri District,Bugiri Municipality
dYj7fcY7A8G,MOH - Uganda,Kampala,Kampala District,Kampala City Council
DYuQQTl4VFn,MOH - Uganda,South Buganda,Lwengo District,Lwengo DLG
DyxRfkwicX2,MOH - Uganda,Bunyoro,Hoima City,Hoima City Council
DZ0x8Y3PVMz,MOH - Uganda,Kampala,Kampala District,Kampala City Council
dZ2Pvie8hAL,MOH - Uganda,Kampala,Kampala District,Kampala City Council
Dz5Q1LyHZuD,MOH - Uganda,South Buganda,Wakiso District,Entebbe Municipality
dz77jX3kEYJ,MOH - Uganda,Lango,Oyam District,Oyam DLG
dzCGPSOMVnA,MOH - Uganda,Kampala,Kampala District,Kampala City Council
DzcGU8dIOUi,MOH - Uganda,Kampala,Kampala District,Kampala City Council
DzD9A2xgiE9,MOH - Uganda,Kampala,Kampala District,Kampala City Council
DZF9rPxVxuv,MOH - Uganda,Bukedi,Pallisa District,Pallisa DLG
dzGy5bmukHt,MOH - Uganda,Ankole,Kiruhura District,Kiruhura DLG
DZjkWHQOCGg,MOH - Uganda,Kigezi,Rukungiri District,Rukungiri DLG
dZKfMZLWA5D,MOH - Uganda,Ankole,Isingiro District,Isingiro DLG
dZRCLuC8sry,MOH - Uganda,West Nile,Arua City,Arua City Council
dZSLpFo3Ow2,MOH - Uganda,Busoga,Kaliro District,Kaliro DLG
dzVt4uU3KHJ,MOH - Uganda,Kigezi,Rukungiri District,Rukungiri DLG
dzybmd1eGDK,MOH - Uganda,Bugisu,Mbale City,Mbale City Council
E0iTAuyvRrd,MOH - Uganda,Busoga,Namutumba District,Namutumba DLG
e1b6xYN44Lt,MOH - Uganda,Kampala,Kampala District,Kampala City Council
E1dPdef6aY9,MOH - Uganda,Ankole,Sheema District,Sheema DLG
e1Eez8RqNdb,MOH - Uganda,Kampala,Kampala District,Kampala City Council
e1kEs6glxbT,MOH - Uganda,West Nile,Yumbe District,Yumbe DLG
e1pByDp3Nxo,MOH - Uganda,North Buganda,Nakasongola District,Nakasongola DLG
E1TxjBqAvWB,MOH - Uganda,South Buganda,Butambala District,Butambala DLG
E1ty2oIvCs7,MOH - Uganda,Kampala,Kampala District,Kampala City Council
E1YAlqzJhvz,MOH - Uganda,South Buganda,Wakiso District,Wakiso DLG
e1yDQz1fohd,MOH - Uganda,Kigezi,Rukiga District,Rukiga DLG
e2i5c23d8cq,MOH - Uganda,Acholi,Pader District,Pader DLG
E2IJ8h2nDxh,MOH - Uganda,South Buganda,Wakiso District,Nansana Municipality
E2jcuqc9IP6,MOH - Uganda,Kampala,Kampala District,Kampala City Council
E2mdeU0lkNe,MOH - Uganda,Busoga,Jinja City,Jinja City Council
E325nwvUOOq,MOH - Uganda,Kampala,Kampala District,Kampala City Council
e3dC0j3kZvg,MOH - Uganda,Karamoja,Karenga District,Karenga DLG
e3pk4rlUWj7,MOH - Uganda,South Buganda,Lyantonde District,Lyantonde DLG
E3rQ1edYpNL,MOH - Uganda,South Buganda,Mpigi District,Mpigi DLG
E3wssWYZFxe,MOH - Uganda,North Buganda,Kayunga District,Kayunga DLG
e44ztv5Gqk3,MOH - Uganda,South Buganda,Wakiso District,Makindye Ssabagabo Municipality
E48nC3sLCuS,MOH - Uganda,Kampala,Kampala District,Kampala City Council
E49UQK1wLQ2,MOH - Uganda,North Buganda,Luwero District,Luwero DLG
E4I0kczftmi,MOH - Uganda,South Buganda,Wakiso District,Makindye Ssabagabo Municipality
E4iUekv8v0D,MOH - Uganda,North Buganda,Mubende District,Mubende DLG
E4n1DaDjZEV,MOH - Uganda,Kampala,Kampala District,Kampala City Council
E4Vcl5DBfpq,MOH - Uganda,Ankole,Buhweju District,Buhweju DLG
e52pQL1vETI,MOH - Uganda,Busoga,Buyende District,Buyende DLG
E5kPcprgHM5,MOH - Uganda,Ankole,Isingiro District,Isingiro DLG
E6hJGeDc1Vn,MOH - Uganda,Kampala,Kampala District,Kampala City Council
e6jFDlEXatp,MOH - Uganda,South Buganda,Wakiso District,Wakiso DLG
e6s13CDb9La,MOH - Uganda,Kampala,Kampala District,Kampala City Council
E6UEVvPSXVk,MOH - Uganda,Kampala,Kampala District,Kampala City Council
E79mBPGYEET,MOH - Uganda,North Buganda,Mukono District,Mukono Municipality
E7Fd431JM2E,MOH - Uganda,South Buganda,Wakiso District,Wakiso DLG
e7FvMpJ8EHb,MOH - Uganda,South Buganda,Wakiso District,Makindye Ssabagabo Municipality
e7LJGg7TItR,MOH - Uganda,Busoga,Jinja City,Jinja City Council
e8DyC8c45AO,MOH - Uganda,Ankole,Ntungamo District,Ntungamo DLG
E8mh7Ie50xY,MOH - Uganda,North Buganda,Nakaseke District,Nakaseke DLG
E8VBctyrVK1,MOH - Uganda,Busoga,Bugiri District,Bugiri DLG
E9a1cflRJZf,MOH - Uganda,Lango,Lira District,Lira DLG
e9ClLYWDcre,MOH - Uganda,South Buganda,Masaka City,Masaka City Council
E9CuXU6m6S6,MOH - Uganda,Kampala,Kampala District,Kampala City Council
e9F9XvTFIrI,MOH - Uganda,Kampala,Kampala District,Kampala City Council
E9FHg5HyYzC,MOH - Uganda,West Nile,Terego District,Terego DLG
E9i9VFFjcoe,MOH - Uganda,Busoga,Mayuge District,Mayuge DLG
E9qpkBrblkc,MOH - Uganda,Kampala,Kampala District,Kampala City Council
E9VcqB2GYvk,MOH - Uganda,Kampala,Kampala District,Kampala City Council
ea1Bvu4qzmW,MOH - Uganda,North Buganda,Luwero District,Luwero DLG
Ea3Z8ofIGDw,MOH - Uganda,West Nile,Pakwach District,Pakwach DLG
eAfaPMGjisn,MOH - Uganda,Busoga,Namayingo District,Namayingo DLG
eagCoWlLIhR,MOH - Uganda,West Nile,Yumbe District,Yumbe DLG
EalArX94wiL,MOH - Uganda,Kampala,Kampala District,Kampala City Council
EaoliyCc0O7,MOH - Uganda,South Buganda,Wakiso District,Nansana Municipality
eapf6Ytr2Tb,MOH - Uganda,Kampala,Kampala District,Kampala City Council
EAQlgg7ZgcF,MOH - Uganda,Kampala,Kampala District,Kampala City Council
EAr7pVCRxF3,MOH - Uganda,South Buganda,Wakiso District,Wakiso DLG
eAuFbAc1MUZ,MOH - Uganda,Bunyoro,Kiryandongo District,Kiryandongo DLG
eAyGchPOj8u,MOH - Uganda,Lango,Lira City,Lira City Council
eB1Eg8cJGne,MOH - Uganda,North Buganda,Nakasongola District,Nakasongola DLG
EBCRwGo5bqm,MOH - Uganda,Tooro,Bunyangabu District,Bunyangabu DLG
EBdY5zwbN8C,MOH - Uganda,Busoga,Namayingo District,Namayingo DLG
ebEGSell6ND,MOH - Uganda,Kampala,Kampala District,Kampala City Council
EBlM7SeLR4c,MOH - Uganda,West Nile,Arua District,Arua DLG
EBmWiWJFu2L,MOH - Uganda,South Buganda,Lwengo District,Lwengo DLG
eBp2w9g9BBn,MOH - Uganda,Kampala,Kampala District,Kampala City Council
ebR31J5axAE,MOH - Uganda,South Buganda,Wakiso District,Nansana Municipality
Ebr6fM1sX1j,MOH - Uganda,North Buganda,Mukono District,Mukono Municipality
eBR8mJRUd2N,MOH - Uganda,South Buganda,Wakiso District,Makindye Ssabagabo Municipality
EBSCVsdna0I,MOH - Uganda,Tooro,Kasese District,Kasese Municipality
EbUv0a1HNlA,MOH - Uganda,South Buganda,Kalungu District,Kalungu DLG
EC1LoiV2HmY,MOH - Uganda,Kigezi,Kanungu District,Kanungu DLG
Ec319SYFplT,MOH - Uganda,Kampala,Kampala District,Kampala City Council
Ec5yJybMqpe,MOH - Uganda,North Buganda,Luwero District,Luwero DLG
ec6ZVy4whk5,MOH - Uganda,North Buganda,Luwero District,Luwero DLG
EcCH0Fk9lHR,MOH - Uganda,South Buganda,Wakiso District,Kira Municipality
ECcU4nC1MjT,MOH - Uganda,Busoga,Jinja District,Jinja DLG
ecgsHtGKlin,MOH - Uganda,Kampala,Kampala District,Kampala City Council
EcIA72s0pdw,MOH - Uganda,South Buganda,Lyantonde District,Lyantonde DLG
EcNGz4tAjV6,MOH - Uganda,Kampala,Kampala District,Kampala City Council
EcPydlwbmtC,MOH - Uganda,South Buganda,Wakiso District,Nansana Municipality
EcqOOsmhXXJ,MOH - Uganda,South Buganda,Kyotera District,Kyotera DLG
ECSAxXG3JMh,MOH - Uganda,Busoga,Kamuli District,Kamuli DLG
ECtdsQf0A0Z,MOH - Uganda,Lango,Kwania District,Kwania DLG
EcWCSdXcLTL,MOH - Uganda,South Buganda,Wakiso District,Makindye Ssabagabo Municipality
eCyFK7Yp6W1,MOH - Uganda,South Buganda,Wakiso District,Wakiso DLG
ed00oQC0lsU,MOH - Uganda,Kampala,Kampala District,Kampala City Council
eDaG8f4rxO0,MOH - Uganda,Kigezi,Kanungu District,Kanungu DLG
eDCF6iUjWqr,MOH - Uganda,Ankole,Kazo District,Kazo DLG
ede2KlZ1gtL,MOH - Uganda,Acholi,Omoro District,Omoro DLG
EdEfEKVlDJa,MOH - Uganda,Kampala,Kampala District,Kampala City Council
EdfrvsY7Giu,MOH - Uganda,Teso,Bukedea District,Bukedea DLG
edGJUvFwlKN,MOH - Uganda,Ankole,Kiruhura District,Kiruhura DLG
EDHZpb7aWXW,MOH - Uganda,South Buganda,Lyantonde District,Lyantonde DLG
EDljgyL8rYo,MOH - Uganda,Kampala,Kampala District,Kampala City Council
eDMgteYPoGT,MOH - Uganda,Bukedi,Busia District,Busia DLG
edmjQULO3Mi,MOH - Uganda,Kampala,Kampala District,Kampala City Council
edmPMqBbzJw,MOH - Uganda,Lango,Dokolo District,Dokolo DLG
edN6VIEeuHg,MOH - Uganda,Lango,Kole District,Kole DLG
edqx4oFg95R,MOH - Uganda,Busoga,Luuka District,Luuka DLG
edthEPGV3v4,MOH - Uganda,Tooro,Kasese District,Kasese DLG
Ee2JjjAtLf2,MOH - Uganda,Kampala,Kampala District,Kampala City Council
eED0m5DVbhB,MOH - Uganda,Bugisu,Kapchorwa District,Kapchorwa DLG
EEDxS26updx,MOH - Uganda,West Nile,Moyo District,Moyo DLG
EEobwt2M1yY,MOH - Uganda,South Buganda,Bukomansimbi District,Bukomansimbi DLG
eEPU4r4TFeV,MOH - Uganda,South Buganda,Wakiso District,Makindye Ssabagabo Municipality
EEQf2mLM09R,MOH - Uganda,Lango,Apac District,Apac DLG
EEuh52Rx0HI,MOH - Uganda,Bukedi,Butebo District,Butebo DLG
eEWbchg9KJq,MOH - Uganda,Kampala,Kampala District,Kampala City Council
EEwBWZQ7Qre,MOH - Uganda,Teso,Katakwi District,Katakwi DLG
EExU2ThZ3Us,MOH - Uganda,Bunyoro,Kibaale District,Kibaale DLG
Eez5B2wLHH5,MOH - Uganda,North Buganda,Nakasongola District,Nakasongola DLG
Ef6JLaKeELl,MOH - Uganda,Lango,Alebtong District,Alebtong DLG
eF8YZJ7MKxH,MOH - Uganda,Lango,Oyam District,Oyam DLG
efajqL4WsW2,MOH - Uganda,Kampala,Kampala District,Kampala City Council
EfhBE7BnAYz,MOH - Uganda,Kampala,Kampala District,Kampala City Council
EFJpt4v3Xc8,MOH - Uganda,Tooro,Bunyangabu District,Bunyangabu DLG
EFkeFVpHY58,MOH - Uganda,South Buganda,Lyantonde District,Lyantonde DLG
EFl4A7NSOoK,MOH - Uganda,Kampala,Kampala District,Kampala City Council
efN24flmJeb,MOH - Uganda,Tooro,Bunyangabu District,Bunyangabu DLG
EfZMlaEv5E8,MOH - Uganda,North Buganda,Kassanda District,Kassanda DLG
EFzURVcSuVE,MOH - Uganda,Bukedi,Butaleja District,Butaleja DLG
Eg7Efn5rKSj,MOH - Uganda,North Buganda,Buvuma District,Buvuma DLG
eg7f1iNIImj,MOH - Uganda,Ankole,Bushenyi District,Bushenyi DLG
EG8q05IVKwM,MOH - Uganda,Kampala,Kampala District,Kampala City Council
eGnEYY7m8vD,MOH - Uganda,Busoga,Kamuli District,Kamuli DLG
EgNsQqE3k5S,MOH - Uganda,Kigezi,Kabale District,Kabale Municipality
EgpwM2XO0oK,MOH - Uganda,Kigezi,Kanungu District,Kanungu DLG
egswmCc8ssL,MOH - Uganda,Tooro,Bunyangabu District,Bunyangabu DLG
EHC6y2pSqi6,MOH - Uganda,Bugisu,Kween District,Kween DLG
EheaNDFPEVF,MOH - Uganda,South Buganda,Kalungu District,Kalungu DLG
ehEbzOMz7VS,MOH - Uganda,West Nile,Yumbe District,Yumbe DLG
eheRSS5qlxR,MOH - Uganda,Bukedi,Busia District,Busia DLG
EHexaH0XOkk,MOH - Uganda,Ankole,Kazo District,Kazo DLG
EHfYJo1hfhJ,MOH - Uganda,Kampala,Kampala District,Kampala City Council
EHJGNTovyjU,MOH - Uganda,Busoga,Namayingo District,Namayingo DLG
ehjI0b4szUT,MOH - Uganda,Teso,Kumi District,Kumi DLG
ehLvmn4LE3z,MOH - Uganda,West Nile,Arua City,Arua City Council
ehmgxZaocae,MOH - Uganda,West Nile,Terego District,Terego DLG
ehn2k4R6Tf2,MOH - Uganda,Kampala,Kampala District,Kampala City Council
eHonFExMVHz,MOH - Uganda,Kampala,Kampala District,Kampala City Council
ei0UeTsnCl9,MOH - Uganda,South Buganda,Wakiso District,Kira Municipality
EiF3piKONJO,MOH - Uganda,Bugisu,Sironko District,Sironko DLG
eIKac1CsnRt,MOH - Uganda,Kampala,Kampala District,Kampala City Council
Eio9d3BPJ2B,MOH - Uganda,Kampala,Kampala District,Kampala City Council
eiQj0MxYGMy,MOH - Uganda,Kampala,Kampala District,Kampala City Council
Eiun0jzoaTp,MOH - Uganda,Kampala,Kampala District,Kampala City Council
eiUNndfmJIW,MOH - Uganda,Busoga,Jinja District,Jinja DLG
eizq4UFrKgo,MOH - Uganda,North Buganda,Mukono District,Mukono DLG
Ejdi6Jyb4g5,MOH - Uganda,North Buganda,Mityana District,Mityana Municipality
eJgKrwRqQaC,MOH - Uganda,Bunyoro,Kagadi District,Kagadi DLG
EJjtvQaTkx8,MOH - Uganda,South Buganda,Masaka District,Masaka DLG
ejl0uMalFn1,MOH - Uganda,Tooro,Kyegegwa District,Kyegegwa DLG
Ejmi04UR8XX,MOH - Uganda,Kampala,Kampala District,Kampala City Council
EjmlzBc8RyM,MOH - Uganda,Busoga,Jinja District,Jinja DLG
EjRpikqjXwB,MOH - Uganda,Ankole,Rubirizi District,Rubirizi DLG
EjSkZ1dC1ve,MOH - Uganda,Karamoja,Napak District,Napak DLG
EJSR69XSWFB,MOH - Uganda,Ankole,Kazo District,Kazo DLG
eJT7lZAHT1K,MOH - Uganda,Kampala,Kampala District,Kampala City Council
EJvGHpZu2Ae,MOH - Uganda,Kampala,Kampala District,Kampala City Council
EJVJjJ6v5WQ,MOH - Uganda,Kampala,Kampala District,Kampala City Council
eJyi0KplMKc,MOH - Uganda,Kampala,Kampala District,Kampala City Council
eJzlHnYHBcW,MOH - Uganda,Kigezi,Rukiga District,Rukiga DLG
ek4hFXeOtdO,MOH - Uganda,South Buganda,Wakiso District,Wakiso DLG
Ek95dowFfiN,MOH - Uganda,Kampala,Kampala District,Kampala City Council
eKAZwpYo3r5,MOH - Uganda,West Nile,Nebbi District,Nebbi DLG
eKb5SOMJi7U,MOH - Uganda,Kampala,Kampala District,Kampala City Council
EKbyglK4z19,MOH - Uganda,North Buganda,Kayunga District,Kayunga DLG
eKoIZ97eo1F,MOH - Uganda,North Buganda,Mityana District,Mityana DLG
EKPCmrHaBSg,MOH - Uganda,Busoga,Iganga District,Iganga Municipality
EKQ20gHxGbw,MOH - Uganda,South Buganda,Wakiso District,Makindye Ssabagabo Municipality
eL5xsx6v7Ep,MOH - Uganda,South Buganda,Mpigi District,Mpigi DLG
eL7emUa9LQz,MOH - Uganda,South Buganda,Rakai District,Rakai DLG
eLc8l5Q4ff7,MOH - Uganda,Kampala,Kampala District,Kampala City Council
ELoK6BN0Tbo,MOH - Uganda,Tooro,Bundibugyo District,Bundibugyo DLG
elqHQKpMveQ,MOH - Uganda,Acholi,Gulu City,Gulu City Council
eLuNrVHaqr2,MOH - Uganda,Bunyoro,Hoima City,Hoima City Council
emaUawGxpyF,MOH - Uganda,South Buganda,Wakiso District,Wakiso DLG
eMbyE7mD3Nl,MOH - Uganda,Tooro,Fort Portal City,Fort Portal City Council
emDq7VMiwIp,MOH - Uganda,Acholi,Lamwo District,Lamwo DLG
EMfgaowpTjP,MOH - Uganda,South Buganda,Wakiso District,Wakiso DLG
EMHl20viu7L,MOH - Uganda,Ankole,Sheema District,Sheema DLG
emjerwHdu0g,MOH - Uganda,Karamoja,Amudat District,Amudat DLG
emKicrlso4o,MOH - Uganda,Bugisu,Bukwo District,Bukwo DLG
EMqMx1mnJdP,MOH - Uganda,Tooro,Kabarole District,Kabarole DLG
emsChAinvae,MOH - Uganda,North Buganda,Luwero District,Luwero DLG
eMsyN5EXUMC,MOH - Uganda,Kampala,Kampala District,Kampala City Council
EmtGWe9jpiG,MOH - Uganda,Kampala,Kampala District,Kampala City Council
EmyQB3hvoJd,MOH - Uganda,Bugisu,Mbale City,Mbale City Council
En1VLI5E6oh,MOH - Uganda,Kampala,Kampala District,Kampala City Council
en3b6QX24ov,MOH - Uganda,South Buganda,Wakiso District,Kira Municipality
En3XPANSpY4,MOH - Uganda,Ankole,Rwampara District,Rwampara DLG
eN47KTA7oAK,MOH - Uganda,Bugisu,Bulambuli District,Bulambuli DLG
eN4D5QlTFoe,MOH - Uganda,Ankole,Kazo District,Kazo DLG
eN9V8wuZGOa,MOH - Uganda,Busoga,Iganga District,Iganga DLG
ENClXCYzfxf,MOH - Uganda,Teso,Bukedea District,Bukedea DLG
encOl1W2jrU,MOH - Uganda,Ankole,Mitooma District,Mitooma DLG
eNdeo1hGdns,MOH - Uganda,Bunyoro,Hoima City,Hoima City Council
ENFLbDDrMqD,MOH - Uganda,Lango,Oyam District,Oyam DLG
enFotRFeYGg,MOH - Uganda,South Buganda,Sembabule District,Sembabule DLG
enmS0PXPi0j,MOH - Uganda,Kampala,Kampala District,Kampala City Council
ENNiBZmoBma,MOH - Uganda,Bukedi,Busia District,Busia Municipality
entiI5xAKZs,MOH - Uganda,Teso,Katakwi District,Katakwi DLG
enZvQfJk9cO,MOH - Uganda,Bugisu,Bukwo District,Bukwo DLG
Eo0aGJ7O5nO,MOH - Uganda,Kampala,Kampala District,Kampala City Council
EO6SXk3vTa9,MOH - Uganda,Kampala,Kampala District,Kampala City Council
EoAp4kVbeTj,MOH - Uganda,Kampala,Kampala District,Kampala City Council
eOEURVD1JBA,MOH - Uganda,Kampala,Kampala District,Kampala City Council
eOfvfLs052N,MOH - Uganda,South Buganda,Wakiso District,Nansana Municipality
EoHnqQ9tho5,MOH - Uganda,Busoga,Mayuge District,Mayuge DLG
eOhPhX5qlTW,MOH - Uganda,South Buganda,Wakiso District,Nansana Municipality
eOkoXVVoloS,MOH - Uganda,Tooro,Kyenjojo District,Kyenjojo DLG
eoRAHqKHcVo,MOH - Uganda,Bukedi,Tororo District,Tororo DLG
eOVudSriqIu,MOH - Uganda,Teso,Soroti City,Soroti City Council
eOztkViRyTv,MOH - Uganda,South Buganda,Kyotera District,Kyotera DLG
EP9BtvXaTsa,MOH - Uganda,West Nile,Adjumani District,Adjumani DLG
ePBBFCBzmt1,MOH - Uganda,Busoga,Buyende District,Buyende DLG
ePbFaFAiuaL,MOH - Uganda,Kampala,Kampala District,Kampala City Council
EPCusVpmwjo,MOH - Uganda,South Buganda,Wakiso District,Nansana Municipality
EPdgpijZ2pJ,MOH - Uganda,Lango,Oyam District,Oyam DLG
EpfxdMkEljY,MOH - Uganda,Tooro,Kasese District,Kasese Municipality
ePlRN9nO2SM,MOH - Uganda,Busoga,Namutumba District,Namutumba DLG
EPMb6dGjqnz,MOH - Uganda,Bunyoro,Buliisa District,Buliisa DLG
ePPK3Q3wJ5h,MOH - Uganda,Bunyoro,Kakumiro District,Kakumiro DLG
epRgwpp03Nf,MOH - Uganda,North Buganda,Mukono District,Mukono DLG
EPyMwPkmKPx,MOH - Uganda,Acholi,Nwoya District,Nwoya DLG
EpyoHFKOfb5,MOH - Uganda,Bukedi,Tororo District,Tororo DLG
eQ0W3RN1Vrz,MOH - Uganda,Lango,Apac District,Apac Municipality
EqekiAuWsDE,MOH - Uganda,Ankole,Buhweju District,Buhweju DLG
EqoaWG6hZmv,MOH - Uganda,Kampala,Kampala District,Kampala City Council
Eqtsf0ozlnj,MOH - Uganda,North Buganda,Mukono District,Mukono DLG
EQulJvh0d5f,MOH - Uganda,Kampala,Kampala District,Kampala City Council
eQUTo4Kz4Cv,MOH - Uganda,Bugisu,Mbale District,Mbale DLG
eqXcVOLqXPI,MOH - Uganda,Tooro,Kyenjojo District,Kyenjojo DLG
eQXTs1XHYpK,MOH - Uganda,North Buganda,Nakaseke District,Nakaseke DLG
Er2Abioimuo,MOH - Uganda,Kampala,Kampala District,Kampala City Council
er2Qm0UZyxT,MOH - Uganda,South Buganda,Wakiso District,Kira Municipality
eR6UQvtwGYK,MOH - Uganda,Kampala,Kampala District,Kampala City Council
eR77udlIWIM,MOH - Uganda,Lango,Apac District,Apac DLG
ER8zxQKmEvo,MOH - Uganda,Kampala,Kampala District,Kampala City Council
ERCm1t3IymL,MOH - Uganda,South Buganda,Wakiso District,Wakiso DLG
erCmRsa8NIs,MOH - Uganda,Kampala,Kampala District,Kampala City Council
erfUS5bF5Wz,MOH - Uganda,Kampala,Kampala District,Kampala City Council
eRGdyh8FdkB,MOH - Uganda,Kampala,Kampala District,Kampala City Council
eRHftg5IfLc,MOH - Uganda,Bugisu,Kapchorwa District,Kapchorwa Municipality
ERjm7RCCUZG,MOH - Uganda,West Nile,Adjumani District,Adjumani DLG
ErLBtMmok09,MOH - Uganda,Kampala,Kampala District,Kampala City Council
ermL6NuOcmE,MOH - Uganda,North Buganda,Kayunga District,Kayunga DLG
ERNih4fCcwx,MOH - Uganda,Ankole,Mbarara City,Mbarara City Council
ErQfvTV0hQE,MOH - Uganda,Tooro,Kasese District,Kasese Municipality
err2diilQ8C,MOH - Uganda,Acholi,Agago District,Agago DLG
ERskvsLeQVK,MOH - Uganda,Bukedi,Tororo District,Tororo DLG
ErYS7SJW4ZT,MOH - Uganda,Kampala,Kampala District,Kampala City Council
esaIYgP3vSp,MOH - Uganda,South Buganda,Kyotera District,Kyotera DLG
EsNOJ2SO3pj,MOH - Uganda,Acholi,Lamwo District,Lamwo DLG
esrQ4hNEvPJ,MOH - Uganda,Ankole,Mbarara City,Mbarara City Council
EsXcenXz99W,MOH - Uganda,Acholi,Omoro District,Omoro DLG
esxeUWbV3si,MOH - Uganda,Bunyoro,Masindi District,Masindi Municipality
EsyH7yKQHiP,MOH - Uganda,Acholi,Pader District,Pader DLG
eSYuwIoNDh3,MOH - Uganda,Acholi,Pader District,Pader DLG
eT9EitJKnl9,MOH - Uganda,Busoga,Kamuli District,Kamuli DLG
etFZ5ij7IBi,MOH - Uganda,Kampala,Kampala District,Kampala City Council
etgRSvMWbqH,MOH - Uganda,South Buganda,Mpigi District,Mpigi DLG
EtojCiFp2el,MOH - Uganda,Kampala,Kampala District,Kampala City Council
etPrOnArvd1,MOH - Uganda,Lango,Alebtong District,Alebtong DLG
etUWDKFTBfq,MOH - Uganda,Karamoja,Amudat District,Amudat DLG
EtYONMFNFfq,MOH - Uganda,Ankole,Mbarara City,Mbarara City Council
EU0Y5UzmqnB,MOH - Uganda,Busoga,Luuka District,Luuka DLG
Eu7L6ZmhA4R,MOH - Uganda,North Buganda,Buikwe District,Buikwe DLG
EU9ZacQmfpW,MOH - Uganda,Kigezi,Kanungu District,Kanungu DLG
eUBycmFo7x2,MOH - Uganda,South Buganda,Wakiso District,Wakiso DLG
EUE5ld3anIE,MOH - Uganda,Busoga,Luuka District,Luuka DLG
euEg1r9HcSg,MOH - Uganda,South Buganda,Wakiso District,Wakiso DLG
EuEGAb1hzb1,MOH - Uganda,North Buganda,Kayunga District,Kayunga DLG
euiuFSL4Sdb,MOH - Uganda,Teso,Kumi District,Kumi DLG
Euk8qqVajW6,MOH - Uganda,Kampala,Kampala District,Kampala City Council
EuNXSEMyAGt,MOH - Uganda,North Buganda,Mukono District,Mukono DLG
EUOiaQqxdtP,MOH - Uganda,Acholi,Pader District,Pader DLG
EuOjc4l3RJ4,MOH - Uganda,Kampala,Kampala District,Kampala City Council
EutuLBY58L0,MOH - Uganda,Acholi,Gulu District,Gulu DLG
EUu7beeRyS5,MOH - Uganda,Karamoja,Moroto District,Moroto DLG
EUZupmOWTtg,MOH - Uganda,Busoga,Jinja District,Jinja DLG
ev1JnEmvQe0,MOH - Uganda,North Buganda,Kiboga District,Kiboga DLG
EV2MoBNsOm6,MOH - Uganda,Tooro,Bundibugyo District,Bundibugyo DLG
EV3FAEfGKKn,MOH - Uganda,Bunyoro,Kakumiro District,Kakumiro DLG
eV4fyDZzdi3,MOH - Uganda,Bukedi,Busia District,Busia DLG
eVdwXgr2PUx,MOH - Uganda,Kampala,Kampala District,Kampala City Council
eVHfL3dqKR5,MOH - Uganda,Acholi,Agago District,Agago DLG
EviXTXPkFsP,MOH - Uganda,Kampala,Kampala District,Kampala City Council
eVqlzAGda5U,MOH - Uganda,Karamoja,Abim District,Abim DLG
eW5633TN0Vm,MOH - Uganda,Tooro,Kyegegwa District,Kyegegwa DLG
EWb0gMfNpiq,MOH - Uganda,Teso,Kapelebyong District,Kapelebyong DLG
ewK7AgzuVRn,MOH - Uganda,Kampala,Kampala District,Kampala City Council
ewMHVf7tjwq,MOH - Uganda,North Buganda,Buvuma District,Buvuma DLG
EWUAJEOybei,MOH - Uganda,Tooro,Kasese District,Kasese DLG
ewuJHi84Wld,MOH - Uganda,Kampala,Kampala District,Kampala City Council
Ewwd9R5nnVh,MOH - Uganda,West Nile,Pakwach District,Pakwach DLG
eXcMCocey03,MOH - Uganda,North Buganda,Kyankwanzi District,Kyankwanzi DLG
ExhseILVUNQ,MOH - Uganda,Bunyoro,Kibaale District,Kibaale DLG
ExtBb1CkrSe,MOH - Uganda,North Buganda,Mubende District,Mubende DLG
EXY7qIdf2Bq,MOH - Uganda,South Buganda,Wakiso District,Makindye Ssabagabo Municipality
Ey2WIS39CZV,MOH - Uganda,Kampala,Kampala District,Kampala City Council
EYaoFJ7u4nr,MOH - Uganda,Karamoja,Nabilatuk District,Nabilatuk DLG
EYFKJlJa6Mp,MOH - Uganda,West Nile,Maracha District,Maracha DLG
EYfvbgpSbDF,MOH - Uganda,Busoga,Jinja City,Jinja City Council
eYfYllZTnY0,MOH - Uganda,Kampala,Kampala District,Kampala City Council
eYgYgkpjCxx,MOH - Uganda,Teso,Ngora District,Ngora DLG
eYiJZrdc3Eh,MOH - Uganda,Ankole,Bushenyi District,Bushenyi-Ishaka Municipality
EyJbnAQLHR2,MOH - Uganda,Kampala,Kampala District,Kampala City Council
EYklRtOZrwz,MOH - Uganda,Lango,Oyam District,Oyam DLG
Eymu0FjCd83,MOH - Uganda,Kampala,Kampala District,Kampala City Council
EYPlRLvDGxp,MOH - Uganda,Busoga,Kaliro District,Kaliro DLG
EYs87cYWBsP,MOH - Uganda,South Buganda,Wakiso District,Nansana Municipality
EYV2hK2Y2Du,MOH - Uganda,South Buganda,Wakiso District,Wakiso DLG
EyZf2HkJvV3,MOH - Uganda,Kampala,Kampala District,Kampala City Council
EZA6XG2Eqra,MOH - Uganda,West Nile,Moyo District,Moyo DLG
eZC9Ddr4KIy,MOH - Uganda,West Nile,Zombo District,Zombo DLG
ezIC6Lc19KH,MOH - Uganda,Kampala,Kampala District,Kampala City Council
ezl9nwYbSdn,MOH - Uganda,Bukedi,Tororo District,Tororo Municipality
eZPhMsZGZza,MOH - Uganda,South Buganda,Kyotera District,Kyotera DLG
EZqXqnUG0ep,MOH - Uganda,Ankole,Rubirizi District,Rubirizi DLG
ezwvziar0eJ,MOH - Uganda,Lango,Lira City,Lira City Council
ezZNOr0FvGV,MOH - Uganda,South Buganda,Wakiso District,Wakiso DLG
F0ZgUpuTSYf,MOH - Uganda,Kampala,Kampala District,Kampala City Council
f1aeZ7biIGk,MOH - Uganda,Lango,Oyam District,Oyam DLG
F1E6OZRWxDc,MOH - Uganda,South Buganda,Wakiso District,Wakiso DLG
F1iUSIOHY4o,MOH - Uganda,South Buganda,Kyotera District,Kyotera DLG
F1z2KNSzz86,MOH - Uganda,Bukedi,Tororo District,Tororo DLG
F2C1BkGVMSW,MOH - Uganda,Acholi,Gulu City,Gulu City Council
F2hXRn6Ctfr,MOH - Uganda,Kampala,Kampala District,Kampala City Council
F2HYRVjk9gG,MOH - Uganda,Kampala,Kampala District,Kampala City Council
F2JcZqU3iQD,MOH - Uganda,Tooro,Kyenjojo District,Kyenjojo DLG
f2Whd5ubYn8,MOH - Uganda,West Nile,Madi-Okollo District,Madi-Okollo DLG
f33lKK2tJNV,MOH - Uganda,Acholi,Kitgum District,Kitgum DLG
f3FZcY7WSCd,MOH - Uganda,South Buganda,Lyantonde District,Lyantonde DLG
F3jJiMHeXDF,MOH - Uganda,North Buganda,Mukono District,Mukono Municipality
F3r8Fr87Bnx,MOH - Uganda,South Buganda,Butambala District,Butambala DLG
F3VE0gdRXu1,MOH - Uganda,West Nile,Nebbi District,Nebbi DLG
f46tJWJBKJa,MOH - Uganda,Lango,Kole District,Kole DLG
f4dGzsIwBms,MOH - Uganda,North Buganda,Nakasongola District,Nakasongola DLG
F4phb7m6hiz,MOH - Uganda,West Nile,Adjumani District,Adjumani DLG
f4y1rknk8ER,MOH - Uganda,Bukedi,Butebo District,Butebo DLG
f4yLtyMDUxW,MOH - Uganda,West Nile,Arua City,Arua City Council
F50gOkQjBg9,MOH - Uganda,Bukedi,Tororo District,Tororo DLG
f59kLIQAmzL,MOH - Uganda,Kampala,Kampala District,Kampala City Council
f59MlXA9vRC,MOH - Uganda,South Buganda,Masaka City,Masaka City Council
F5Ep4lLv2Ni,MOH - Uganda,Kampala,Kampala District,Kampala City Council
f5IgUhday3g,MOH - Uganda,Teso,Kumi District,Kumi Municipality
F5jzg00snaj,MOH - Uganda,Bugisu,Mbale City,Mbale City Council
f5lLaEQlPzM,MOH - Uganda,North Buganda,Mityana District,Mityana Municipality
F5mwIAT6X4u,MOH - Uganda,Kampala,Kampala District,Kampala City Council
f5zHSADblXs,MOH - Uganda,Ankole,Bushenyi District,Bushenyi-Ishaka Municipality
F5zMfqnrCip,MOH - Uganda,Kampala,Kampala District,Kampala City Council
f64lQG4l274,MOH - Uganda,Kampala,Kampala District,Kampala City Council
f66rvFGJMOc,MOH - Uganda,West Nile,Terego District,Terego DLG
F6LTGXb5o1a,MOH - Uganda,North Buganda,Luwero District,Luwero DLG
f6u5kqKoTGK,MOH - Uganda,Kampala,Kampala District,Kampala City Council
F6wXWJHDAlo,MOH - Uganda,Acholi,Gulu District,Gulu DLG
F72SmQgfKBf,MOH - Uganda,Teso,Kumi District,Kumi Municipality
F77VRAFi2dn,MOH - Uganda,North Buganda,Nakaseke District,Nakaseke DLG
f7IF0JjteE7,MOH - Uganda,Kampala,Kampala District,Kampala City Council
F7LKQNLd8M6,MOH - Uganda,West Nile,Terego District,Terego DLG
f7n93to8Ktw,MOH - Uganda,Ankole,Ntungamo District,Ntungamo DLG
f7ncbkqrrj1,MOH - Uganda,Kampala,Kampala District,Kampala City Council
f7pQNP83wd9,MOH - Uganda,Acholi,Kitgum District,Kitgum Municipality
f7QBXazOuB2,MOH - Uganda,West Nile,Yumbe District,Yumbe DLG
F7QCyDJNbDG,MOH - Uganda,North Buganda,Mukono District,Mukono DLG
F7ZmbCrZDOC,MOH - Uganda,Kampala,Kampala District,Kampala City Council
F81A8Ip78Ex,MOH - Uganda,North Buganda,Mukono District,Mukono Municipality
F826wgZ6HPF,MOH - Uganda,South Buganda,Masaka District,Masaka DLG
f8dk4yH4rEF,MOH - Uganda,West Nile,Arua City,Arua City Council
F8jqYgk21HM,MOH - Uganda,Kampala,Kampala District,Kampala City Council
f8JtBXP4GBx,MOH - Uganda,Ankole,Bushenyi District,Bushenyi DLG
f8m6k3MjPsf,MOH - Uganda,Teso,Serere District,Serere DLG
F8yBwdNB8LA,MOH - Uganda,West Nile,Moyo District,Moyo DLG
F91loQ3NbZg,MOH - Uganda,Kampala,Kampala District,Kampala City Council
F95JuT67deh,MOH - Uganda,Kampala,Kampala District,Kampala City Council
F9CI9eMBhCE,MOH - Uganda,Busoga,Bugiri District,Bugiri DLG
f9fKOJR5Sg1,MOH - Uganda,Kampala,Kampala District,Kampala City Council
F9huQsd2zLK,MOH - Uganda,North Buganda,Mukono District,Mukono DLG
f9oPkk2jKiy,MOH - Uganda,Ankole,Mbarara City,Mbarara City Council
fa4DlPlxsuQ,MOH - Uganda,Bukedi,Tororo District,Tororo Municipality
FAjgEVpPiLO,MOH - Uganda,Tooro,Kasese District,Kasese DLG
FAlqwkwODjt,MOH - Uganda,Ankole,Ibanda District,Ibanda Municipality
FAMMVhd8cFY,MOH - Uganda,Kampala,Kampala District,Kampala City Council
fApMNlRxKs5,MOH - Uganda,Tooro,Kitagwenda District,Kitagwenda DLG
faVzytbD7Fb,MOH - Uganda,Kampala,Kampala District,Kampala City Council
fb3OMf58qdu,MOH - Uganda,Lango,Dokolo District,Dokolo DLG
FB9UPPYu0VI,MOH - Uganda,Ankole,Mbarara City,Mbarara City Council
FBaBSRXlMLz,MOH - Uganda,Kampala,Kampala District,Kampala City Council
FbGxY0CRhcr,MOH - Uganda,Bukedi,Budaka District,Budaka DLG
fBndBN2WUYM,MOH - Uganda,South Buganda,Masaka City,Masaka City Council
fbSneuPK8Am,MOH - Uganda,Kampala,Kampala District,Kampala City Council
FbWj31XSGN6,MOH - Uganda,Ankole,Mbarara City,Mbarara City Council
FbzPPH8fy5s,MOH - Uganda,Kampala,Kampala District,Kampala City Council
FC1pyCmRZU4,MOH - Uganda,Kampala,Kampala District,Kampala City Council
FcACzMHaG20,MOH - Uganda,Bugisu,Mbale City,Mbale City Council
FCc4BUjZVrY,MOH - Uganda,Kampala,Kampala District,Kampala City Council
FCDGg3pIvrx,MOH - Uganda,South Buganda,Sembabule District,Sembabule DLG
fcDhbacTlHm,MOH - Uganda,South Buganda,Wakiso District,Wakiso DLG
fcfG3lvDap9,MOH - Uganda,Tooro,Kasese District,Kasese DLG
FcFLer9HiO6,MOH - Uganda,South Buganda,Wakiso District,Wakiso DLG
fctfxQy7JeK,MOH - Uganda,Ankole,Isingiro District,Isingiro DLG
FcubbF0Eo8v,MOH - Uganda,North Buganda,Mityana District,Mityana Municipality
fcwlJwjS1IM,MOH - Uganda,Teso,Serere District,Serere DLG
FcZTYW9JOGL,MOH - Uganda,Kampala,Kampala District,Kampala City Council
fCzWHgRRxSe,MOH - Uganda,Kampala,Kampala District,Kampala City Council
fd7Q9jJt871,MOH - Uganda,South Buganda,Wakiso District,Makindye Ssabagabo Municipality
fD89e7iPX3v,MOH - Uganda,Bukedi,Tororo District,Tororo DLG
FDdoyOxd1qs,MOH - Uganda,Kampala,Kampala District,Kampala City Council
fDDXxmRq4qE,MOH - Uganda,Teso,Kalaki District,Kalaki DLG
fDG4tav7Yh1,MOH - Uganda,West Nile,Moyo District,Moyo DLG
FDGxZvsSQrY,MOH - Uganda,West Nile,Obongi District,Obongi DLG
fDirPIVmea3,MOH - Uganda,Kampala,Kampala District,Kampala City Council
FDlViCdq6Fc,MOH - Uganda,South Buganda,Wakiso District,Entebbe Municipality
fdNUK2z0vuK,MOH - Uganda,South Buganda,Mpigi District,Mpigi DLG
fdsPP3sMmRY,MOH - Uganda,South Buganda,Wakiso District,Wakiso DLG
fDyoHhn2XOc,MOH - Uganda,Kampala,Kampala District,Kampala City Council
FE2NPb3ItFo,MOH - Uganda,Busoga,Iganga District,Iganga DLG
fe5T2gr64Y5,MOH - Uganda,Bugisu,Mbale District,Mbale DLG
FECVaAFXunE,MOH - Uganda,Kampala,Kampala District,Kampala City Council
feHZtyy5zKn,MOH - Uganda,North Buganda,Mubende District,Mubende DLG
fEJx7cojpBA,MOH - Uganda,Bugisu,Bulambuli District,Bulambuli DLG
FEkeHjEos5Q,MOH - Uganda,Kampala,Kampala District,Kampala City Council
feLLvJVqKPW,MOH - Uganda,North Buganda,Kassanda District,Kassanda DLG
FEZi25VoZOd,MOH - Uganda,Lango,Apac District,Apac DLG
FF1Tn1yXAdl,MOH - Uganda,Kigezi,Kisoro District,Kisoro Municipality
ffbrWjDoYrJ,MOH - Uganda,Teso,Kalaki District,Kalaki DLG
FFC33H9EiSK,MOH - Uganda,Lango,Apac District,Apac Municipality
FFCA7KzL08a,MOH - Uganda,Kampala,Kampala District,Kampala City Council
ffepMuBcVGL,MOH - Uganda,South Buganda,Kyotera District,Kyotera DLG
FfHJ4yijaHt,MOH - Uganda,Ankole,Kiruhura District,Kiruhura DLG
FFK8hmyIZ1N,MOH - Uganda,Kampala,Kampala District,Kampala City Council
fFknBymIBex,MOH - Uganda,Kampala,Kampala District,Kampala City Council
fFMFDu21aWq,MOH - Uganda,Teso,Katakwi District,Katakwi DLG
FfON4dnRpbT,MOH - Uganda,South Buganda,Wakiso District,Nansana Municipality
FFscoyk2SlD,MOH - Uganda,South Buganda,Masaka District,Masaka DLG
ffszCn06KDS,MOH - Uganda,South Buganda,Kyotera District,Kyotera DLG
fFVmtAq4KDs,MOH - Uganda,Tooro,Bunyangabu District,Bunyangabu DLG
ffWIgtfMjjH,MOH - Uganda,Kampala,Kampala District,Kampala City Council
fg0BECcPW6E,MOH - Uganda,Kigezi,Rukiga District,Rukiga DLG
fGIcJN0d2TW,MOH - Uganda,Bunyoro,Kakumiro District,Kakumiro DLG
FgldlD8VLgC,MOH - Uganda,North Buganda,Mukono District,Mukono DLG
fGN8t72bvbv,MOH - Uganda,South Buganda,Wakiso District,Wakiso DLG
FGnMVMPBCLN,MOH - Uganda,Ankole,Ntungamo District,Ntungamo DLG
fgU5gcWXqL4,MOH - Uganda,South Buganda,Wakiso District,Wakiso DLG
fh5ngBvoQVA,MOH - Uganda,Kampala,Kampala District,Kampala City Council
FHIEdqBZAll,MOH - Uganda,Kigezi,Kisoro District,Kisoro Municipality
FHLViw9IqR6,MOH - Uganda,Acholi,Agago District,Agago DLG
FHqvPPrr796,MOH - Uganda,Kampala,Kampala District,Kampala City Council
FHtJEqFHwS4,MOH - Uganda,North Buganda,Kiboga District,Kiboga DLG
FI11C32LNK8,MOH - Uganda,South Buganda,Butambala District,Butambala DLG
Fi6rNyCYxsL,MOH - Uganda,Ankole,Buhweju District,Buhweju DLG
FICwy0lTFNW,MOH - Uganda,Busoga,Mayuge District,Mayuge DLG
fIF70rtNGDv,MOH - Uganda,Tooro,Kasese District,Kasese DLG
fIGI5AZsJHF,MOH - Uganda,Acholi,Agago District,Agago DLG
fiJwBAEbPgc,MOH - Uganda,Bunyoro,Kakumiro District,Kakumiro DLG
filai574XuY,MOH - Uganda,Bunyoro,Masindi District,Masindi DLG
fj07oCB4Lau,MOH - Uganda,South Buganda,Wakiso District,Wakiso DLG
FjAgQM43MpO,MOH - Uganda,South Buganda,Wakiso District,Nansana Municipality
fjAv3xEyJDY,MOH - Uganda,Busoga,Kamuli District,Kamuli Municipality
FJF7Vx7pjWL,MOH - Uganda,Busoga,Mayuge District,Mayuge DLG
FJQvpVMUJlA,MOH - Uganda,Bugisu,Mbale District,Mbale DLG
fJv2JKq0AN2,MOH - Uganda,West Nile,Obongi District,Obongi DLG
fJxSYGgrB6I,MOH - Uganda,South Buganda,Wakiso District,Nansana Municipality
fkASUL2GNdM,MOH - Uganda,North Buganda,Mukono District,Mukono DLG
FkcbEK1go53,MOH - Uganda,Kigezi,Kanungu District,Kanungu DLG
fkgsxLedTU9,MOH - Uganda,Kampala,Kampala District,Kampala City Council
FkHfVW0W0FE,MOH - Uganda,Bugisu,Mbale District,Mbale DLG
FkHL59DWIav,MOH - Uganda,Lango,Alebtong District,Alebtong DLG
fKHpsGvIWWn,MOH - Uganda,Ankole,Kazo District,Kazo DLG
fkJeVUE3nKb,MOH - Uganda,North Buganda,Buvuma District,Buvuma DLG
FKNo8U0ACV3,MOH - Uganda,Kigezi,Kanungu District,Kanungu DLG
FKob2eaBDuH,MOH - Uganda,Kampala,Kampala District,Kampala City Council
FKrZbilgoE9,MOH - Uganda,North Buganda,Kayunga District,Kayunga DLG
FkTtVWHYtc1,MOH - Uganda,Lango,Lira City,Lira City Council
FKuNaclJDeD,MOH - Uganda,West Nile,Madi-Okollo District,Madi-Okollo DLG
fKvVQoaVcjz,MOH - Uganda,Bukedi,Kibuku District,Kibuku DLG
Fl2gaCBXvK7,MOH - Uganda,Kampala,Kampala District,Kampala City Council
FLCxMq20FQn,MOH - Uganda,Kampala,Kampala District,Kampala City Council
fLGGzlZfyOJ,MOH - Uganda,Acholi,Omoro District,Omoro DLG
fLjNMAg4ymN,MOH - Uganda,Acholi,Gulu City,Gulu City Council
flJx2pns0FY,MOH - Uganda,Acholi,Pader District,Pader DLG
FLMye24JUsV,MOH - Uganda,Busoga,Bugweri District,Bugweri DLG
fMB1M2N9wak,MOH - Uganda,Busoga,Jinja City,Jinja City Council
FMBRxRQSlzd,MOH - Uganda,Bunyoro,Kagadi District,Kagadi DLG
FMCCDyQXKRp,MOH - Uganda,South Buganda,Masaka City,Masaka City Council
FMgSYqDsfT6,MOH - Uganda,West Nile,Adjumani District,Adjumani DLG
FMhE2V9s2bo,MOH - Uganda,South Buganda,Wakiso District,Entebbe Municipality
fMi3knJS4IC,MOH - Uganda,West Nile,Obongi District,Obongi DLG
fMKaCKRi6sT,MOH - Uganda,Teso,Kaberamaido District,Kaberamaido DLG
fmOyV8pzi6m,MOH - Uganda,Tooro,Kamwenge District,Kamwenge DLG
FMu3EDXv2PI,MOH - Uganda,Kampala,Kampala District,Kampala City Council
FMuDvIgW0wX,MOH - Uganda,Tooro,Kasese District,Kasese Municipality
fmWt71GoII7,MOH - Uganda,Kampala,Kampala District,Kampala City Council
fn3zMtuYbmL,MOH - Uganda,Ankole,Kiruhura District,Kiruhura DLG
fN5JzGLE8gv,MOH - Uganda,Acholi,Agago District,Agago DLG
FNcrirTXDCa,MOH - Uganda,Kampala,Kampala District,Kampala City Council
FNdivgAtKyR,MOH - Uganda,North Buganda,Mubende District,Mubende Municipality
fng0HukpXKi,MOH - Uganda,Kampala,Kampala District,Kampala City Council
fnjz6n2gdVc,MOH - Uganda,South Buganda,Masaka City,Masaka City Council
fnl80NudU5x,MOH - Uganda,Kampala,Kampala District,Kampala City Council
FNoTCqEuWdM,MOH - Uganda,Lango,Lira City,Lira City Council
fnse10SronT,MOH - Uganda,Acholi,Lamwo District,Lamwo DLG
FNTxj1oKTQd,MOH - Uganda,Acholi,Amuru District,Amuru DLG
FO9C6xA3sMS,MOH - Uganda,Kigezi,Rubanda District,Rubanda DLG
fOcpxbnY878,MOH - Uganda,Acholi,Nwoya District,Nwoya DLG
fOeJTkJdDNS,MOH - Uganda,Acholi,Lamwo District,Lamwo DLG
fOHmWlIo77V,MOH - Uganda,Kampala,Kampala District,Kampala City Council
foJ1bGX8luE,MOH - Uganda,Kampala,Kampala District,Kampala City Council
FoJythstdxB,MOH - Uganda,Lango,Lira City,Lira City Council
fOjYXPjN0QN,MOH - Uganda,South Buganda,Rakai District,Rakai DLG
FP2aDFL0opz,MOH - Uganda,Busoga,Mayuge District,Mayuge DLG
FpbnTRG4PTa,MOH - Uganda,Bugisu,Mbale City,Mbale City Council
FPENxnEHmc7,MOH - Uganda,Busoga,Mayuge District,Mayuge DLG
fPjM3Rfazyp,MOH - Uganda,Kampala,Kampala District,Kampala City Council
FpjUe7xx4uZ,MOH - Uganda,Kampala,Kampala District,Kampala City Council
fpk1pbQkxoe,MOH - Uganda,North Buganda,Kassanda District,Kassanda DLG
fPlol46eG8o,MOH - Uganda,Lango,Oyam District,Oyam DLG
FpU5gsGOf6n,MOH - Uganda,Ankole,Ntungamo District,Ntungamo Municipality
FPUiq7usi9C,MOH - Uganda,South Buganda,Wakiso District,Makindye Ssabagabo Municipality
fq4icBr2Q9P,MOH - Uganda,Tooro,Kasese District,Kasese Municipality
Fq8Ly6ex4kx,MOH - Uganda,Bugisu,Mbale City,Mbale City Council
FQazDjX6MHR,MOH - Uganda,Bunyoro,Hoima City,Hoima City Council
fQDPsm5KEUF,MOH - Uganda,Busoga,Bugiri District,Bugiri DLG
FQETWwqB2VJ,MOH - Uganda,West Nile,Moyo District,Moyo DLG
FqfdpxkryfU,MOH - Uganda,Tooro,Kitagwenda District,Kitagwenda DLG
FqJORz2AePH,MOH - Uganda,Busoga,Jinja City,Jinja City Council
FqLM2WtYXDc,MOH - Uganda,Busoga,Mayuge District,Mayuge DLG
fqOcfTcjaf7,MOH - Uganda,Kampala,Kampala District,Kampala City Council
fQSolUENTro,MOH - Uganda,North Buganda,Kassanda District,Kassanda DLG
fqVrmYjRFVQ,MOH - Uganda,Kampala,Kampala District,Kampala City Council
fqWdsy0CuFR,MOH - Uganda,Busoga,Iganga District,Iganga DLG
FqWVV6B3ZmB,MOH - Uganda,South Buganda,Wakiso District,Wakiso DLG
fqZcI2V5oTR,MOH - Uganda,Kigezi,Kanungu District,Kanungu DLG
fr6GkKfY2W7,MOH - Uganda,Tooro,Kasese District,Kasese DLG
fRHlNr8B7Qf,MOH - Uganda,Busoga,Mayuge District,Mayuge DLG
frm9FSY7Syf,MOH - Uganda,Tooro,Kyegegwa District,Kyegegwa DLG
FROrc88gFyZ,MOH - Uganda,Bugisu,Manafwa District,Manafwa DLG
fRottlUtFv8,MOH - Uganda,Kampala,Kampala District,Kampala City Council
frq8L51tfEO,MOH - Uganda,South Buganda,Wakiso District,Entebbe Municipality
FrRkgbgnLde,MOH - Uganda,West Nile,Arua City,Arua City Council
FrSaxtb8yPE,MOH - Uganda,Kampala,Kampala District,Kampala City Council
frsj8WLxuot,MOH - Uganda,South Buganda,Wakiso District,Makindye Ssabagabo Municipality
FrtjTEDytpS,MOH - Uganda,North Buganda,Kayunga District,Kayunga DLG
FrYOWW8DfUX,MOH - Uganda,South Buganda,Sembabule District,Sembabule DLG
frzmtbcCea1,MOH - Uganda,South Buganda,Lyantonde District,Lyantonde DLG
FS1iFJzUmTm,MOH - Uganda,Bunyoro,Kibaale District,Kibaale DLG
Fs69np4z1eH,MOH - Uganda,Ankole,Rwampara District,Rwampara DLG
FS6rs2YK72k,MOH - Uganda,Lango,Apac District,Apac DLG
FSCJx5lt6JS,MOH - Uganda,Kampala,Kampala District,Kampala City Council
fsf02ePFxZP,MOH - Uganda,Tooro,Ntoroko District,Ntoroko DLG
fsjtVOC0Bu3,MOH - Uganda,Kampala,Kampala District,Kampala City Council
fskZDKnPGaA,MOH - Uganda,Bukedi,Kibuku District,Kibuku DLG
fsMPAyWAqAB,MOH - Uganda,Kampala,Kampala District,Kampala City Council
fSqSx3rnDmx,MOH - Uganda,Bugisu,Sironko District,Sironko DLG
fstbALGSubx,MOH - Uganda,Kampala,Kampala District,Kampala City Council
FSUG8mPpQsG,MOH - Uganda,Kampala,Kampala District,Kampala City Council
FSVMTORF0Dn,MOH - Uganda,Busoga,Iganga District,Iganga DLG
FT0J0Hc4wYU,MOH - Uganda,Bukedi,Tororo District,Tororo DLG
fT2e8nED9PT,MOH - Uganda,North Buganda,Mityana District,Mityana DLG
FtCkDAsEflR,MOH - Uganda,Kampala,Kampala District,Kampala City Council
FTCzvShNywk,MOH - Uganda,South Buganda,Wakiso District,Wakiso DLG
ftESLIYkdJi,MOH - Uganda,South Buganda,Kalangala District,Kalangala DLG
FtIIuxEaVdq,MOH - Uganda,Busoga,Bugiri District,Bugiri DLG
ftLh2qoAXsJ,MOH - Uganda,Bunyoro,Kikuube District,Kikuube DLG
FtmVm4r1H3a,MOH - Uganda,Lango,Otuke District,Otuke DLG
ftNNOiF8eLQ,MOH - Uganda,Lango,Oyam District,Oyam DLG
FtUWKxVeXby,MOH - Uganda,Tooro,Bundibugyo District,Bundibugyo DLG
FTWikDLuEug,MOH - Uganda,Kigezi,Kabale District,Kabale DLG
FTzrUpybpQS,MOH - Uganda,Busoga,Iganga District,Iganga Municipality
fU1VZW4cPNn,MOH - Uganda,Kampala,Kampala District,Kampala City Council
FU2kBudFOKd,MOH - Uganda,North Buganda,Mityana District,Mityana Municipality
Fu81OMI5tOI,MOH - Uganda,Kampala,Kampala District,Kampala City Council
FuaPeRISYBk,MOH - Uganda,Teso,Amuria District,Amuria DLG
fUDxHsru0le,MOH - Uganda,Teso,Soroti City,Soroti City Council
FuLj3jSaz9D,MOH - Uganda,South Buganda,Wakiso District,Wakiso DLG
FuOuXP2WFU8,MOH - Uganda,South Buganda,Kyotera District,Kyotera DLG
fUPJVU6p7Ur,MOH - Uganda,Kigezi,Kanungu District,Kanungu DLG
FURJr7QUIh9,MOH - Uganda,Lango,Oyam District,Oyam DLG
FuXspRGeawu,MOH - Uganda,Teso,Serere District,Serere DLG
fUZtHlNKJR6,MOH - Uganda,South Buganda,Wakiso District,Entebbe Municipality
fV3WgwSenHR,MOH - Uganda,Teso,Soroti District,Soroti DLG
FV849rDS4fh,MOH - Uganda,Ankole,Isingiro District,Isingiro DLG
fvak0fciiOr,MOH - Uganda,Ankole,Mbarara City,Mbarara City Council
FvewOonC8lS,MOH - Uganda,Acholi,Agago District,Agago DLG
fvNpByMs8iy,MOH - Uganda,Teso,Katakwi District,Katakwi DLG
FvWwsC1Skpw,MOH - Uganda,Acholi,Omoro District,Omoro DLG
fvyS0teVZIt,MOH - Uganda,South Buganda,Mpigi District,Mpigi DLG
FVZifzVfB2S,MOH - Uganda,Kampala,Kampala District,Kampala City Council
FvZUwmuSrzB,MOH - Uganda,Acholi,Gulu City,Gulu City Council
FW0YzouB8dl,MOH - Uganda,Acholi,Kitgum District,Kitgum Municipality
fW5SLVqgqDx,MOH - Uganda,Bukedi,Kibuku District,Kibuku DLG
FW5ZLxwCFDx,MOH - Uganda,Kampala,Kampala District,Kampala City Council
Fw6WydOY9UR,MOH - Uganda,Acholi,Omoro District,Omoro DLG
FWFO4gWgFSk,MOH - Uganda,North Buganda,Nakasongola District,Nakasongola DLG
FWjfbECnwjS,MOH - Uganda,Lango,Lira District,Lira DLG
fwSZHPazIXm,MOH - Uganda,Kampala,Kampala District,Kampala City Council
fwW1j91eebt,MOH - Uganda,North Buganda,Mityana District,Mityana DLG
fwXHhVfG1tX,MOH - Uganda,Kigezi,Rukiga District,Rukiga DLG
fx0oQE9YIzw,MOH - Uganda,Kampala,Kampala District,Kampala City Council
fx262rh7ner,MOH - Uganda,Ankole,Isingiro District,Isingiro DLG
fx2DCieN3Bc,MOH - Uganda,South Buganda,Wakiso District,Makindye Ssabagabo Municipality
Fx43OzTkOmx,MOH - Uganda,Acholi,Nwoya District,Nwoya DLG
FxbMnY6pZMs,MOH - Uganda,West Nile,Pakwach District,Pakwach DLG
FxdgLy07xN4,MOH - Uganda,Teso,Amuria District,Amuria DLG
fxHApp8UtpE,MOH - Uganda,Ankole,Mbarara City,Mbarara City Council
fxJbGZjTw3n,MOH - Uganda,Kampala,Kampala District,Kampala City Council
fXKRSDL6Xri,MOH - Uganda,Kampala,Kampala District,Kampala City Council
fxKzkGxfExA,MOH - Uganda,South Buganda,Wakiso District,Wakiso DLG
fXlm07i1Woe,MOH - Uganda,North Buganda,Mityana District,Mityana DLG
FxQVHsa0Sre,MOH - Uganda,South Buganda,Masaka City,Masaka City Council
fxZxvguCeIw,MOH - Uganda,Lango,Dokolo District,Dokolo DLG
FY5UEoAetkp,MOH - Uganda,South Buganda,Wakiso District,Wakiso DLG
fY7C3FiX3rP,MOH - Uganda,Kampala,Kampala District,Kampala City Council
FYGQP2EBKuP,MOH - Uganda,West Nile,Arua District,Arua DLG
fYKuOZQWyuf,MOH - Uganda,Bunyoro,Masindi District,Masindi Municipality
FyN79so0muD,MOH - Uganda,West Nile,Moyo District,Moyo DLG
fyWg56mdyYT,MOH - Uganda,Kampala,Kampala District,Kampala City Council
FyXdTT3xqY4,MOH - Uganda,Kampala,Kampala District,Kampala City Council
FYzTGUPsDo4,MOH - Uganda,Kampala,Kampala District,Kampala City Council
Fz3BMMCZCpD,MOH - Uganda,Bunyoro,Masindi District,Masindi Municipality
fZ4QbeGxt8t,MOH - Uganda,Acholi,Nwoya District,Nwoya DLG
Fz5Ar828O0m,MOH - Uganda,Tooro,Kyegegwa District,Kyegegwa DLG
FzaxzVij3cc,MOH - Uganda,Kampala,Kampala District,Kampala City Council
fzBgyH6ixVC,MOH - Uganda,North Buganda,Luwero District,Luwero DLG
FzjQcOWAApu,MOH - Uganda,South Buganda,Kalangala District,Kalangala DLG
FzJwtdVcu4N,MOH - Uganda,North Buganda,Mubende District,Mubende DLG
FzK1K0WRsFW,MOH - Uganda,South Buganda,Wakiso District,Makindye Ssabagabo Municipality
fznvuJ4HgYn,MOH - Uganda,North Buganda,Buikwe District,Njeru Municipality
FZuxWMTaJ2l,MOH - Uganda,Ankole,Isingiro District,Isingiro DLG
FzxeAP4YHxC,MOH - Uganda,Kampala,Kampala District,Kampala City Council
fZZJ2T0qbao,MOH - Uganda,South Buganda,Wakiso District,Nansana Municipality
G03XNW5GHoO,MOH - Uganda,Kampala,Kampala District,Kampala City Council
g07DgqZqTSI,MOH - Uganda,Kampala,Kampala District,Kampala City Council
g0ayW89a5au,MOH - Uganda,Kigezi,Rukungiri District,Rukungiri DLG
G0lOXzOa53Q,MOH - Uganda,Lango,Otuke District,Otuke DLG
G0wRWoyZAKY,MOH - Uganda,Ankole,Rubirizi District,Rubirizi DLG
g12vlA9fhaK,MOH - Uganda,North Buganda,Luwero District,Luwero DLG
g19wJ2hJuwv,MOH - Uganda,South Buganda,Wakiso District,Wakiso DLG
G1fkEafkv8I,MOH - Uganda,Karamoja,Kotido District,Kotido DLG
g1KUQvkwYhn,MOH - Uganda,Bukedi,Tororo District,Tororo DLG
G1nfcjOeXi1,MOH - Uganda,Teso,Soroti City,Soroti City Council
G1oQgthIzEK,MOH - Uganda,Tooro,Kasese District,Kasese DLG
G2bEsFM9Gz6,MOH - Uganda,Kampala,Kampala District,Kampala City Council
G2EQ4s6VayK,MOH - Uganda,Kampala,Kampala District,Kampala City Council
G2FOGY4ncnn,MOH - Uganda,Kampala,Kampala District,Kampala City Council
g2P698W0wtC,MOH - Uganda,Bunyoro,Kakumiro District,Kakumiro DLG
G2t4FM71nVk,MOH - Uganda,Kampala,Kampala District,Kampala City Council
G2x4IQfoW0p,MOH - Uganda,Bugisu,Bulambuli District,Bulambuli DLG
g3IaGLXSo0V,MOH - Uganda,Kampala,Kampala District,Kampala City Council
g3Jd6rCEYTc,MOH - Uganda,Busoga,Namayingo District,Namayingo DLG
g3vNw9kVF01,MOH - Uganda,Tooro,Kyenjojo District,Kyenjojo DLG
g44JyPVuZ8h,MOH - Uganda,Kampala,Kampala District,Kampala City Council
g4BgRyHMjZL,MOH - Uganda,Lango,Amolatar District,Amolatar DLG
G4DUWj0Q8hp,MOH - Uganda,Bugisu,Bulambuli District,Bulambuli DLG
g4eDmlzUtWL,MOH - Uganda,Bukedi,Butebo District,Butebo DLG
G4f4AEuBQk9,MOH - Uganda,Ankole,Buhweju District,Buhweju DLG
g4MQbbN4oR6,MOH - Uganda,West Nile,Nebbi District,Nebbi DLG
G4PdJuhXqOz,MOH - Uganda,Bukedi,Budaka District,Budaka DLG
g4yaDVgKRNV,MOH - Uganda,Kampala,Kampala District,Kampala City Council
G51dLKvQTxh,MOH - Uganda,Acholi,Agago District,Agago DLG
g5gZeQ1LpBP,MOH - Uganda,Kampala,Kampala District,Kampala City Council
G5OJY7GhIMZ,MOH - Uganda,Kampala,Kampala District,Kampala City Council
g5Q9oM0Y0p4,MOH - Uganda,Bunyoro,Masindi District,Masindi Municipality
G5RskJ5VtFd,MOH - Uganda,Kampala,Kampala District,Kampala City Council
G5TWtCf4cuS,MOH - Uganda,Acholi,Omoro District,Omoro DLG
g5vITuD1TcC,MOH - Uganda,Kampala,Kampala District,Kampala City Council
g63Rmtc2Wu8,MOH - Uganda,Ankole,Mbarara District,Mbarara DLG
G65JS8RCoGk,MOH - Uganda,Kampala,Kampala District,Kampala City Council
G6Bf87Z8uTY,MOH - Uganda,North Buganda,Kayunga District,Kayunga DLG
g6Cf1H8Zde6,MOH - Uganda,South Buganda,Wakiso District,Wakiso DLG
g6Ej6ND5Ndf,MOH - Uganda,South Buganda,Wakiso District,Kira Municipality
G6GmMEAZA9r,MOH - Uganda,North Buganda,Buvuma District,Buvuma DLG
g6j8Vjpr0xY,MOH - Uganda,South Buganda,Wakiso District,Wakiso DLG
g6NMXxI7rKY,MOH - Uganda,North Buganda,Luwero District,Luwero DLG
g6Rk8e7BjRa,MOH - Uganda,North Buganda,Mityana District,Mityana Municipality
g6VCJMSTpO2,MOH - Uganda,Kampala,Kampala District,Kampala City Council
g6xaEQ1fTQS,MOH - Uganda,Acholi,Kitgum District,Kitgum Municipality
G7ELMTFzzrT,MOH - Uganda,South Buganda,Wakiso District,Kira Municipality
g8JZTLexaAr,MOH - Uganda,Bunyoro,Masindi District,Masindi DLG
G9kNJZZErMo,MOH - Uganda,Kampala,Kampala District,Kampala City Council
g9LPz3Afmwf,MOH - Uganda,Karamoja,Nabilatuk District,Nabilatuk DLG
GA0249i0Bzz,MOH - Uganda,Busoga,Kamuli District,Kamuli DLG
ga2aaZ8nwgT,MOH - Uganda,Kigezi,Rukungiri District,Rukungiri Municipality
GA2Bg6vvxdd,MOH - Uganda,Teso,Bukedea District,Bukedea DLG
GA8EKE4yWQ2,MOH - Uganda,Kampala,Kampala District,Kampala City Council
ga9sLsbCiMo,MOH - Uganda,Busoga,Jinja District,Jinja DLG
gAHM3KeZpCy,MOH - Uganda,Tooro,Bundibugyo District,Bundibugyo DLG
galXSDZuJpT,MOH - Uganda,Kampala,Kampala District,Kampala City Council
gaMRDIG6845,MOH - Uganda,Kampala,Kampala District,Kampala City Council
GamvfikQBbU,MOH - Uganda,North Buganda,Mukono District,Mukono Municipality
GAp2zlJ35sn,MOH - Uganda,North Buganda,Mityana District,Mityana DLG
gaqWCpbUzaJ,MOH - Uganda,South Buganda,Kyotera District,Kyotera DLG
GaS3yxqjv5Q,MOH - Uganda,Tooro,Kabarole District,Kabarole DLG
GAStEgT57UV,MOH - Uganda,Lango,Kole District,Kole DLG
GaSVQD2cOzL,MOH - Uganda,Kampala,Kampala District,Kampala City Council
gAtFI2l9yaM,MOH - Uganda,Kampala,Kampala District,Kampala City Council
gauKKklh0wL,MOH - Uganda,Acholi,Pader District,Pader DLG
gavoq38w5Ut,MOH - Uganda,Kampala,Kampala District,Kampala City Council
gawevOwtGES,MOH - Uganda,Ankole,Rubirizi District,Rubirizi DLG
GAXEjbZMQTZ,MOH - Uganda,South Buganda,Lwengo District,Lwengo DLG
gb75YCmtwwq,MOH - Uganda,Ankole,Mbarara District,Mbarara DLG
gb8UMziRjV0,MOH - Uganda,Kampala,Kampala District,Kampala City Council
gbBl9ETEePr,MOH - Uganda,Kigezi,Rukungiri District,Rukungiri DLG
gBG1N1o51QR,MOH - Uganda,Ankole,Mbarara City,Mbarara City Council
gBiYU9OJgsv,MOH - Uganda,West Nile,Nebbi District,Nebbi DLG
Gbjmyvee9zh,MOH - Uganda,Bunyoro,Kikuube District,Kikuube DLG
GBlDb6QIBxs,MOH - Uganda,Bukedi,Tororo District,Tororo DLG
gblhiMWyc1S,MOH - Uganda,Bunyoro,Buliisa District,Buliisa DLG
gbNAf8PVy0E,MOH - Uganda,Busoga,Iganga District,Iganga DLG
gBVBGJ2p9b3,MOH - Uganda,South Buganda,Bukomansimbi District,Bukomansimbi DLG
GbWR7VCRA6Y,MOH - Uganda,South Buganda,Rakai District,Rakai DLG
gc2JNaA0ylx,MOH - Uganda,Kampala,Kampala District,Kampala City Council
Gc3ib2w1tQW,MOH - Uganda,Kampala,Kampala District,Kampala City Council
gcApTQ5WMyb,MOH - Uganda,Bugisu,Kween District,Kween DLG
gCf6ujkxSnd,MOH - Uganda,South Buganda,Wakiso District,Nansana Municipality
gcG5yD9UjDW,MOH - Uganda,North Buganda,Luwero District,Luwero DLG
gCobOTnUj2H,MOH - Uganda,South Buganda,Wakiso District,Wakiso DLG
gcOU4RLEiWp,MOH - Uganda,Bunyoro,Kagadi District,Kagadi DLG
gCrkZuDAJzV,MOH - Uganda,Kampala,Kampala District,Kampala City Council
gd0ljGzysx6,MOH - Uganda,North Buganda,Mukono District,Mukono DLG
Gd14FqDADcG,MOH - Uganda,Lango,Apac District,Apac DLG
GDdTRPppi6T,MOH - Uganda,Lango,Apac District,Apac Municipality
gdeudj1XyvX,MOH - Uganda,Kigezi,Rubanda District,Rubanda DLG
gdfiQpnD8Pa,MOH - Uganda,North Buganda,Mukono District,Mukono DLG
GDMe1gFVGkh,MOH - Uganda,Karamoja,Kaabong District,Kaabong DLG
gDRvHk0cXXa,MOH - Uganda,Kampala,Kampala District,Kampala City Council
gdsxa9EwgAJ,MOH - Uganda,Karamoja,Abim District,Abim DLG
GDyo7zIJZ29,MOH - Uganda,Acholi,Gulu City,Gulu City Council
GDZtV8IV0EA,MOH - Uganda,North Buganda,Mukono District,Mukono Municipality
ge5EIwMfYJP,MOH - Uganda,Karamoja,Napak District,Napak DLG
gEJIdy608EI,MOH - Uganda,Acholi,Agago District,Agago DLG
GemPANbKzy5,MOH - Uganda,Tooro,Fort Portal City,Fort Portal City Council
GEn29R8295K,MOH - Uganda,West Nile,Terego District,Terego DLG
GewiJs6rpti,MOH - Uganda,Kampala,Kampala District,Kampala City Council
gEyMEXQTUmm,MOH - Uganda,Kampala,Kampala District,Kampala City Council
gEzaLdWFCGc,MOH - Uganda,Kampala,Kampala District,Kampala City Council
GF47jBsbit1,MOH - Uganda,Kigezi,Rukungiri District,Rukungiri Municipality
gF6sfSVt6Qq,MOH - Uganda,Kampala,Kampala District,Kampala City Council
GFBJGI57TkV,MOH - Uganda,Teso,Soroti City,Soroti City Council
GFG7FQ0abTx,MOH - Uganda,South Buganda,Wakiso District,Nansana Municipality
GFklTLJ61aK,MOH - Uganda,Acholi,Kitgum District,Kitgum DLG
gFLw19Ijfui,MOH - Uganda,Kampala,Kampala District,Kampala City Council
GFVQCVpczFQ,MOH - Uganda,Kigezi,Rubanda District,Rubanda DLG
gg5Q9jmCM9o,MOH - Uganda,Kampala,Kampala District,Kampala City Council
gG6nfB1RVDc,MOH - Uganda,Kampala,Kampala District,Kampala City Council
GGccoyznKwM,MOH - Uganda,South Buganda,Sembabule District,Sembabule DLG
gghk43gcnFK,MOH - Uganda,Kampala,Kampala District,Kampala City Council
GGpmrGLkcJi,MOH - Uganda,Kampala,Kampala District,Kampala City Council
gGrAC9DNnY1,MOH - Uganda,Lango,Kole District,Kole DLG
GGRDAkF9pAr,MOH - Uganda,South Buganda,Wakiso District,Nansana Municipality
gGtMLKXjrBS,MOH - Uganda,South Buganda,Kyotera District,Kyotera DLG
GgvAUzfDjlj,MOH - Uganda,Bukedi,Tororo District,Tororo DLG
GH00jDRvjIy,MOH - Uganda,Kampala,Kampala District,Kampala City Council
Gh2oZVUE3Dj,MOH - Uganda,Bukedi,Tororo District,Tororo Municipality
Gh9t91CD0IA,MOH - Uganda,Kampala,Kampala District,Kampala City Council
ghAOnWgEauV,MOH - Uganda,Bukedi,Budaka District,Budaka DLG
ghBbGPGo67O,MOH - Uganda,Ankole,Ibanda District,Ibanda Municipality
GhCwrT9YIRg,MOH - Uganda,Kampala,Kampala District,Kampala City Council
gHgAmLu49BZ,MOH - Uganda,Teso,Katakwi District,Katakwi DLG
ghgGnT8oKvW,MOH - Uganda,Kampala,Kampala District,Kampala City Council
GhJsaRnJrrS,MOH - Uganda,South Buganda,Wakiso District,Nansana Municipality
ghLGoATVp2L,MOH - Uganda,Karamoja,Karenga District,Karenga DLG
GhPOJYsK5di,MOH - Uganda,Lango,Dokolo District,Dokolo DLG
ghR1GP2ZZAO,MOH - Uganda,Ankole,Mbarara City,Mbarara City Council
GHrjD9J9Tm7,MOH - Uganda,Bukedi,Busia District,Busia Municipality
GHuhd5Ob0aS,MOH - Uganda,Acholi,Nwoya District,Nwoya DLG
GHx4dLfIox3,MOH - Uganda,Acholi,Kitgum District,Kitgum DLG
GhxBlhZQKq6,MOH - Uganda,Teso,Kumi District,Kumi Municipality
GI2DDS6eIZz,MOH - Uganda,Kampala,Kampala District,Kampala City Council
Gi55RNdEi7h,MOH - Uganda,Kampala,Kampala District,Kampala City Council
GIBdXqBaa89,MOH - Uganda,Kampala,Kampala District,Kampala City Council
gid2cWEy2rv,MOH - Uganda,Busoga,Mayuge District,Mayuge DLG
GiEDg9V9JjR,MOH - Uganda,North Buganda,Buikwe District,Lugazi Municipality
gIg6LkOhB0S,MOH - Uganda,South Buganda,Wakiso District,Kira Municipality
GIh6CqfNzgM,MOH - Uganda,North Buganda,Kassanda District,Kassanda DLG
gImMO76KTqd,MOH - Uganda,Kigezi,Kanungu District,Kanungu DLG
gipIKtfnrU5,MOH - Uganda,Busoga,Kaliro District,Kaliro DLG
GiYg8PmHnQf,MOH - Uganda,South Buganda,Lwengo District,Lwengo DLG
GiYxwadRVhD,MOH - Uganda,North Buganda,Luwero District,Luwero DLG
GIz8taDO0sL,MOH - Uganda,Ankole,Kazo District,Kazo DLG
gj17KIqJJgG,MOH - Uganda,Tooro,Kasese District,Kasese DLG
gj5hXGqziSc,MOH - Uganda,South Buganda,Wakiso District,Wakiso DLG
GjaR0hzgtK7,MOH - Uganda,Busoga,Iganga District,Iganga Municipality
Gje6ykVPZKQ,MOH - Uganda,South Buganda,Lyantonde District,Lyantonde DLG
GJfUMdAjiYm,MOH - Uganda,South Buganda,Wakiso District,Entebbe Municipality
GjiT4Fcwj6P,MOH - Uganda,North Buganda,Kyankwanzi District,Kyankwanzi DLG
gJJhhRiJvSi,MOH - Uganda,West Nile,Moyo District,Moyo DLG
GJLTPZMVV4Y,MOH - Uganda,Bunyoro,Kibaale District,Kibaale DLG
gjNtZX8nfuM,MOH - Uganda,Kampala,Kampala District,Kampala City Council
GjPmT1UhrQt,MOH - Uganda,Kampala,Kampala District,Kampala City Council
GjYw2dLMhU8,MOH - Uganda,South Buganda,Rakai District,Rakai DLG
gK0K0TF0Nci,MOH - Uganda,Lango,Amolatar District,Amolatar DLG
gK0T4N1aFZu,MOH - Uganda,North Buganda,Mukono District,Mukono DLG
gK4rD5EuRjU,MOH - Uganda,Teso,Soroti City,Soroti City Council
GK8lCVVinaE,MOH - Uganda,Kampala,Kampala District,Kampala City Council
gKeRWBLDoxK,MOH - Uganda,South Buganda,Masaka District,Masaka DLG
GKeX2ucPyyv,MOH - Uganda,South Buganda,Sembabule District,Sembabule DLG
gKHEczV42vB,MOH - Uganda,Bugisu,Bukwo District,Bukwo DLG
GKJxbpohQo3,MOH - Uganda,South Buganda,Wakiso District,Makindye Ssabagabo Municipality
GKKKgh0tu8d,MOH - Uganda,Busoga,Luuka District,Luuka DLG
gknBkw0BFIm,MOH - Uganda,Kampala,Kampala District,Kampala City Council
gkOYzYPlmCa,MOH - Uganda,Kampala,Kampala District,Kampala City Council
gkUm0zE8vDx,MOH - Uganda,West Nile,Madi-Okollo District,Madi-Okollo DLG
gl1irSuU7FD,MOH - Uganda,Lango,Oyam District,Oyam DLG
glATi6zJti7,MOH - Uganda,South Buganda,Wakiso District,Wakiso DLG
GlGBqdv4DH9,MOH - Uganda,Tooro,Kabarole District,Kabarole DLG
gLhqifDs7hU,MOH - Uganda,Tooro,Fort Portal City,Fort Portal City Council
GLHy3J2KXBU,MOH - Uganda,North Buganda,Kiboga District,Kiboga DLG
glMMXpdO8uT,MOH - Uganda,Ankole,Mitooma District,Mitooma DLG
GLPEmICaqyp,MOH - Uganda,Teso,Ngora District,Ngora DLG
glsVPr76FYy,MOH - Uganda,South Buganda,Lyantonde District,Lyantonde DLG
GlyS73YI733,MOH - Uganda,South Buganda,Masaka City,Masaka City Council
GLzAqobdfEp,MOH - Uganda,South Buganda,Masaka City,Masaka City Council
GLzzJWQkpk1,MOH - Uganda,West Nile,Adjumani District,Adjumani DLG
GmcwI86bnbe,MOH - Uganda,Bukedi,Tororo District,Tororo DLG
gmf45xa8PHw,MOH - Uganda,Tooro,Kyenjojo District,Kyenjojo DLG
gmPw8U0AE1k,MOH - Uganda,Kampala,Kampala District,Kampala City Council
GmqP04IuDMU,MOH - Uganda,Kigezi,Kisoro District,Kisoro DLG
gMSnZfci97x,MOH - Uganda,South Buganda,Gomba District,Gomba DLG
GmWyF2zV71i,MOH - Uganda,Kampala,Kampala District,Kampala City Council
gmZZPVT5Wf4,MOH - Uganda,Kampala,Kampala District,Kampala City Council
GnAcwCmEkxS,MOH - Uganda,Bunyoro,Buliisa District,Buliisa DLG
gnahoaxeI4D,MOH - Uganda,Ankole,Ibanda District,Ibanda Municipality
gNDgPvTzRqH,MOH - Uganda,Ankole,Ibanda District,Ibanda DLG
gNdlN0CmZX2,MOH - Uganda,Busoga,Kamuli District,Kamuli DLG
GndRfUWcoQL,MOH - Uganda,Bunyoro,Masindi District,Masindi Municipality
gNKFAvssktN,MOH - Uganda,North Buganda,Mukono District,Mukono DLG
GNLVWgvHuUz,MOH - Uganda,Ankole,Isingiro District,Isingiro DLG
gNOc58wzKHx,MOH - Uganda,Acholi,Gulu City,Gulu City Council
gnT8RNKF8AD,MOH - Uganda,South Buganda,Wakiso District,Nansana Municipality
gnUdRpOiTfQ,MOH - Uganda,Bunyoro,Kagadi District,Kagadi DLG
GnVqZO2asFJ,MOH - Uganda,Ankole,Kiruhura District,Kiruhura DLG
GnXw66sfHvb,MOH - Uganda,North Buganda,Luwero District,Luwero DLG
GnzV7qH04II,MOH - Uganda,South Buganda,Lwengo District,Lwengo DLG
Go1AzZKYcoS,MOH - Uganda,Kampala,Kampala District,Kampala City Council
go1XRnoCBUU,MOH - Uganda,Acholi,Pader District,Pader DLG
go8iYQcmIAE,MOH - Uganda,Ankole,Mitooma District,Mitooma DLG
Go8kkrvfDwB,MOH - Uganda,North Buganda,Nakasongola District,Nakasongola DLG
go8pa2yrjbk,MOH - Uganda,Teso,Katakwi District,Katakwi DLG
GOAITcilVr6,MOH - Uganda,Kampala,Kampala District,Kampala City Council
gOFecbOs5XI,MOH - Uganda,Kigezi,Rubanda District,Rubanda DLG
gohwVnGiMuE,MOH - Uganda,West Nile,Terego District,Terego DLG
Gohyg1mIhi6,MOH - Uganda,Bunyoro,Masindi District,Masindi DLG
GoIPHYEhRQa,MOH - Uganda,Kigezi,Kisoro District,Kisoro DLG
goK9Kvz2kIj,MOH - Uganda,Kampala,Kampala District,Kampala City Council
GOkofMtZ2ld,MOH - Uganda,South Buganda,Wakiso District,Makindye Ssabagabo Municipality
gOPqoaeHJKA,MOH - Uganda,Busoga,Jinja City,Jinja City Council
gosp3opKCuD,MOH - Uganda,Kampala,Kampala District,Kampala City Council
GoUl8ozX4OU,MOH - Uganda,West Nile,Arua City,Arua City Council
goyzaXgJl7C,MOH - Uganda,Acholi,Amuru District,Amuru DLG
gozU6bjgH2h,MOH - Uganda,Kampala,Kampala District,Kampala City Council
GP5jEcoIS6B,MOH - Uganda,Bugisu,Sironko District,Sironko DLG
Gp8V160flfb,MOH - Uganda,Busoga,Namutumba District,Namutumba DLG
GP8wN26EdIf,MOH - Uganda,Kampala,Kampala District,Kampala City Council
GPCvpCvUmXN,MOH - Uganda,Kampala,Kampala District,Kampala City Council
GPJio2NxlF8,MOH - Uganda,North Buganda,Nakaseke District,Nakaseke DLG
GpKYBJWFJJ6,MOH - Uganda,Bugisu,Sironko District,Sironko DLG
GPvc9R8e8If,MOH - Uganda,North Buganda,Buikwe District,Njeru Municipality
GQ1Rbc1GkXb,MOH - Uganda,Kampala,Kampala District,Kampala City Council
gq7JoTkTLAq,MOH - Uganda,North Buganda,Kayunga District,Kayunga DLG
gQ7xBJtwsF3,MOH - Uganda,North Buganda,Mukono District,Mukono DLG
gqBr1S7L6yG,MOH - Uganda,South Buganda,Wakiso District,Wakiso DLG
Gqe0GlvzA9u,MOH - Uganda,Lango,Oyam District,Oyam DLG
gQIMeHy1J7q,MOH - Uganda,Teso,Katakwi District,Katakwi DLG
gQKXvT7RNVU,MOH - Uganda,Bunyoro,Kikuube District,Kikuube DLG
gqpItvve2Rk,MOH - Uganda,Teso,Soroti District,Soroti DLG
gqt1SeJ4Lir,MOH - Uganda,Ankole,Kazo District,Kazo DLG
gQXSsWjYt5C,MOH - Uganda,Tooro,Kasese District,Kasese DLG
gqZsr7WYwOl,MOH - Uganda,Kampala,Kampala District,Kampala City Council
gr1CRYxuJmr,MOH - Uganda,South Buganda,Butambala District,Butambala DLG
Gr23AboOHrz,MOH - Uganda,Kampala,Kampala District,Kampala City Council
gr6efzFC8YT,MOH - Uganda,Kampala,Kampala District,Kampala City Council
gR6hAZ1p9oi,MOH - Uganda,West Nile,Madi-Okollo District,Madi-Okollo DLG
grbBo2uaPyz,MOH - Uganda,Kampala,Kampala District,Kampala City Council
GRE9Qa05dRS,MOH - Uganda,Busoga,Buyende District,Buyende DLG
GREWqcdtoVn,MOH - Uganda,South Buganda,Kyotera District,Kyotera DLG
gRh7kwZYH7E,MOH - Uganda,South Buganda,Wakiso District,Wakiso DLG
Grizxll7Z5i,MOH - Uganda,Busoga,Mayuge District,Mayuge DLG
grKJgZGCS9b,MOH - Uganda,North Buganda,Nakaseke District,Nakaseke DLG
GRkqVpmzBgf,MOH - Uganda,Teso,Kalaki District,Kalaki DLG
grL9e4xnmOo,MOH - Uganda,Teso,Soroti City,Soroti City Council
GRmNMvXH6gl,MOH - Uganda,Tooro,Bunyangabu District,Bunyangabu DLG
GrQsxGmdsQN,MOH - Uganda,Ankole,Isingiro District,Isingiro DLG
GrR8cVKndfZ,MOH - Uganda,Kampala,Kampala District,Kampala City Council
GRVJEOMUnlR,MOH - Uganda,South Buganda,Wakiso District,Wakiso DLG
Gryqlrz45ld,MOH - Uganda,North Buganda,Mukono District,Mukono Municipality
Gs4nX12jUeA,MOH - Uganda,West Nile,Yumbe District,Yumbe DLG
Gs4tUsG8JBu,MOH - Uganda,North Buganda,Kyankwanzi District,Kyankwanzi DLG
Gs7eHzXTWS8,MOH - Uganda,Kigezi,Rubanda District,Rubanda DLG
gSBlSwU71u5,MOH - Uganda,Kampala,Kampala District,Kampala City Council
H026HbOAZFN,MOH - Uganda,Acholi,Lamwo District,Lamwo DLG
gsoaAxrrqK8,MOH - Uganda,Kampala,Kampala District,Kampala City Council
gsPk5OMnK2f,MOH - Uganda,Bunyoro,Kiryandongo District,Kiryandongo DLG
gSTxOSwvRES,MOH - Uganda,South Buganda,Rakai District,Rakai DLG
gsVKCXIlrRv,MOH - Uganda,Lango,Kole District,Kole DLG
GsXgc4W640Q,MOH - Uganda,South Buganda,Masaka City,Masaka City Council
gSxv8y8vQ4H,MOH - Uganda,West Nile,Koboko District,Koboko DLG
gT0WEPksBPT,MOH - Uganda,Lango,Kole District,Kole DLG
GT8CbxGtA7o,MOH - Uganda,Bugisu,Bulambuli District,Bulambuli DLG
gt954ahlttH,MOH - Uganda,South Buganda,Butambala District,Butambala DLG
GTfZ3KEfuFb,MOH - Uganda,Tooro,Kyenjojo District,Kyenjojo DLG
gtjU0NiesCY,MOH - Uganda,South Buganda,Wakiso District,Wakiso DLG
GTpX3fXgyQK,MOH - Uganda,North Buganda,Buikwe District,Njeru Municipality
GTtwaqeomFa,MOH - Uganda,Kigezi,Kisoro District,Kisoro DLG
gtVTKwveKEE,MOH - Uganda,Acholi,Gulu District,Gulu DLG
GTYUYJ2Ueyu,MOH - Uganda,Busoga,Mayuge District,Mayuge DLG
GUAwRRqngNN,MOH - Uganda,Bunyoro,Hoima District,Hoima DLG
gubP1r05LOr,MOH - Uganda,Kampala,Kampala District,Kampala City Council
gugySSkUtuV,MOH - Uganda,Lango,Oyam District,Oyam DLG
GUlztXJ4MRg,MOH - Uganda,South Buganda,Bukomansimbi District,Bukomansimbi DLG
gUSF1XbocKN,MOH - Uganda,Kampala,Kampala District,Kampala City Council
guuZmIbnlXl,MOH - Uganda,Teso,Soroti City,Soroti City Council
GuYknY7zG3s,MOH - Uganda,Kampala,Kampala District,Kampala City Council
Gv6gOC3pJAJ,MOH - Uganda,Bukedi,Tororo District,Tororo DLG
gv9c5KYrp4O,MOH - Uganda,Kampala,Kampala District,Kampala City Council
gVbTVmhIEvp,MOH - Uganda,North Buganda,Kayunga District,Kayunga DLG
GvcN9hPkvLZ,MOH - Uganda,Bunyoro,Masindi District,Masindi DLG
GVmDZ1Totlt,MOH - Uganda,South Buganda,Wakiso District,Wakiso DLG
GVN2Bcibhmd,MOH - Uganda,Ankole,Kiruhura District,Kiruhura DLG
GVqMA2ZXJHw,MOH - Uganda,Kampala,Kampala District,Kampala City Council
gVSFfQXW1J2,MOH - Uganda,Karamoja,Amudat District,Amudat DLG
GvvFepkwmtZ,MOH - Uganda,South Buganda,Kyotera District,Kyotera DLG
gvwH5yT6NrE,MOH - Uganda,Busoga,Kamuli District,Kamuli DLG
GVWw82DasNj,MOH - Uganda,Kampala,Kampala District,Kampala City Council
gvwYnobdOdM,MOH - Uganda,Acholi,Agago District,Agago DLG
gwaRqFuIFHa,MOH - Uganda,Busoga,Jinja City,Jinja City Council
gwfpKKlf9Bj,MOH - Uganda,Kampala,Kampala District,Kampala City Council
GwgIBKPhzFt,MOH - Uganda,Kampala,Kampala District,Kampala City Council
GWmUnt7bbAJ,MOH - Uganda,North Buganda,Luwero District,Luwero DLG
GWo2EYdfllc,MOH - Uganda,Ankole,Sheema District,Sheema Municipality
gwqz9BD9Ive,MOH - Uganda,Lango,Oyam District,Oyam DLG
gwrHdxBZJa5,MOH - Uganda,Kampala,Kampala District,Kampala City Council
GWsMlhualAj,MOH - Uganda,North Buganda,Mubende District,Mubende DLG
GxB8pjdl6ji,MOH - Uganda,Lango,Oyam District,Oyam DLG
GXbLbRkXwiG,MOH - Uganda,West Nile,Arua City,Arua City Council
gXiG10Hmt7w,MOH - Uganda,Kigezi,Kisoro District,Kisoro Municipality
GXm2FPnZqfB,MOH - Uganda,South Buganda,Wakiso District,Entebbe Municipality
GXNtn9xEsd7,MOH - Uganda,South Buganda,Sembabule District,Sembabule DLG
GxOxwosJPjh,MOH - Uganda,Kampala,Kampala District,Kampala City Council
gxpqLAdym0H,MOH - Uganda,South Buganda,Butambala District,Butambala DLG
gxT5NVatL14,MOH - Uganda,South Buganda,Mpigi District,Mpigi DLG
gxt9e5ztfoU,MOH - Uganda,Kampala,Kampala District,Kampala City Council
GxTht6Qgdjt,MOH - Uganda,South Buganda,Wakiso District,Nansana Municipality
GXtx1hGsYjf,MOH - Uganda,Kigezi,Rukungiri District,Rukungiri DLG
gXUND0IUqBh,MOH - Uganda,Busoga,Bugweri District,Bugweri DLG
GXV6lt7VTt4,MOH - Uganda,South Buganda,Wakiso District,Makindye Ssabagabo Municipality
gXx2nSQ6QC8,MOH - Uganda,Kampala,Kampala District,Kampala City Council
gXxNhBepMX1,MOH - Uganda,Busoga,Mayuge District,Mayuge DLG
GY6opjOQv8m,MOH - Uganda,South Buganda,Mpigi District,Mpigi DLG
GydLR8lY7Qw,MOH - Uganda,West Nile,Madi-Okollo District,Madi-Okollo DLG
GyLJwnDFEiF,MOH - Uganda,South Buganda,Wakiso District,Nansana Municipality
GynTVP1Cc2t,MOH - Uganda,Teso,Kapelebyong District,Kapelebyong DLG
GYqtkkkbrRC,MOH - Uganda,Kampala,Kampala District,Kampala City Council
GySPLd4p8tG,MOH - Uganda,Kampala,Kampala District,Kampala City Council
GyYFMjJUPcX,MOH - Uganda,Ankole,Ibanda District,Ibanda Municipality
GYYFVZOZ3gz,MOH - Uganda,Acholi,Kitgum District,Kitgum DLG
gZ3NMTYLEMJ,MOH - Uganda,Lango,Oyam District,Oyam DLG
gZ4Iz3QkH9w,MOH - Uganda,Kampala,Kampala District,Kampala City Council
gzc6k1eNVER,MOH - Uganda,North Buganda,Mukono District,Mukono DLG
Gzcd4Zsd8iB,MOH - Uganda,Acholi,Gulu District,Gulu DLG
GzCsU3tbMbg,MOH - Uganda,Kigezi,Rubanda District,Rubanda DLG
gzDQrezinBK,MOH - Uganda,Busoga,Bugweri District,Bugweri DLG
gZDTquB7ETt,MOH - Uganda,South Buganda,Wakiso District,Kira Municipality
Gzi0wE7W18v,MOH - Uganda,Kigezi,Rukiga District,Rukiga DLG
GzIVh9blxSN,MOH - Uganda,Acholi,Agago District,Agago DLG
gZmlwywnQzd,MOH - Uganda,North Buganda,Kayunga District,Kayunga DLG
gzqo9YKPZx1,MOH - Uganda,Acholi,Lamwo District,Lamwo DLG
gzRXSP5Pfiz,MOH - Uganda,South Buganda,Kyotera District,Kyotera DLG
gZZoV7eaRP3,MOH - Uganda,Lango,Dokolo District,Dokolo DLG
H0c7BcEQEG6,MOH - Uganda,Bugisu,Sironko District,Sironko DLG
h0eMgi29Dlj,MOH - Uganda,Kampala,Kampala District,Kampala City Council
H0j9ehK06DJ,MOH - Uganda,Bukedi,Tororo District,Tororo DLG
H0TcBRRMUmr,MOH - Uganda,South Buganda,Kyotera District,Kyotera DLG
h0zUXZyCyJL,MOH - Uganda,Acholi,Agago District,Agago DLG
h10KjYB2xDh,MOH - Uganda,Bukedi,Kibuku District,Kibuku DLG
H1tBy6I4pCG,MOH - Uganda,Tooro,Kasese District,Kasese DLG
h1zyHmreMpM,MOH - Uganda,Kigezi,Kabale District,Kabale DLG
H21894K9xDD,MOH - Uganda,Bugisu,Mbale District,Mbale DLG
H2605ya73nN,MOH - Uganda,North Buganda,Luwero District,Luwero DLG
h2IH7DjeJ21,MOH - Uganda,Ankole,Kiruhura District,Kiruhura DLG
H2o56d1aqLS,MOH - Uganda,Kampala,Kampala District,Kampala City Council
h2oF7upS6k9,MOH - Uganda,North Buganda,Nakasongola District,Nakasongola DLG
h2Rr1C25a0b,MOH - Uganda,North Buganda,Nakasongola District,Nakasongola DLG
h310oOepWYT,MOH - Uganda,Kampala,Kampala District,Kampala City Council
h3db50KbXlW,MOH - Uganda,Kampala,Kampala District,Kampala City Council
H3h7DWBLt08,MOH - Uganda,Busoga,Namayingo District,Namayingo DLG
h3l4jgaHe2x,MOH - Uganda,South Buganda,Wakiso District,Wakiso DLG
H3LpQ7tdT1P,MOH - Uganda,Ankole,Sheema District,Sheema Municipality
h3Mh03SHXis,MOH - Uganda,Ankole,Mbarara City,Mbarara City Council
h3NUZiBXhpe,MOH - Uganda,Ankole,Ibanda District,Ibanda DLG
h3qVL1tnCKb,MOH - Uganda,Kampala,Kampala District,Kampala City Council
H3RK9ieKcCY,MOH - Uganda,Lango,Oyam District,Oyam DLG
H3SYDZGrE9T,MOH - Uganda,Kampala,Kampala District,Kampala City Council
h3Vg6HpRGmB,MOH - Uganda,West Nile,Arua City,Arua City Council
H3WUcWzPtWb,MOH - Uganda,Acholi,Omoro District,Omoro DLG
H3x1hRwGwLM,MOH - Uganda,Kigezi,Rukungiri District,Rukungiri DLG
h40pKp93Mtc,MOH - Uganda,Kampala,Kampala District,Kampala City Council
H461gSsRGrd,MOH - Uganda,North Buganda,Kyankwanzi District,Kyankwanzi DLG
H4eEE9fRlAh,MOH - Uganda,Bunyoro,Kiryandongo District,Kiryandongo DLG
H4k56PSSGmd,MOH - Uganda,South Buganda,Mpigi District,Mpigi DLG
H5GxMwCyqIg,MOH - Uganda,Kampala,Kampala District,Kampala City Council
H5hAGwZHpUb,MOH - Uganda,West Nile,Zombo District,Zombo DLG
h5QCalZ5mav,MOH - Uganda,South Buganda,Wakiso District,Wakiso DLG
H5qRrAmreYp,MOH - Uganda,West Nile,Madi-Okollo District,Madi-Okollo DLG
H61aBl6wNka,MOH - Uganda,Kampala,Kampala District,Kampala City Council
H61tgLIphOZ,MOH - Uganda,Ankole,Bushenyi District,Bushenyi-Ishaka Municipality
h67U9AijmDA,MOH - Uganda,Busoga,Jinja District,Jinja DLG
H6IBEU3xYxV,MOH - Uganda,South Buganda,Mpigi District,Mpigi DLG
H6KWp7l4pOe,MOH - Uganda,North Buganda,Buikwe District,Lugazi Municipality
h6mBc3T03Ze,MOH - Uganda,Karamoja,Kotido District,Kotido DLG
H6QpykIydPx,MOH - Uganda,Ankole,Isingiro District,Isingiro DLG
H6rCf31T3ek,MOH - Uganda,North Buganda,Kayunga District,Kayunga DLG
h6tPaxH9pv9,MOH - Uganda,Kampala,Kampala District,Kampala City Council
H713vHjaFbd,MOH - Uganda,Bugisu,Bududa District,Bududa DLG
h7aBlibD1Q8,MOH - Uganda,Kampala,Kampala District,Kampala City Council
H7B1Pk6eZoE,MOH - Uganda,West Nile,Yumbe District,Yumbe DLG
H7mo6x8x8yS,MOH - Uganda,Lango,Dokolo District,Dokolo DLG
H7pcxkjHX8T,MOH - Uganda,West Nile,Arua City,Arua City Council
h7tdk6J0nEk,MOH - Uganda,South Buganda,Rakai District,Rakai DLG
h7wpkDly8qZ,MOH - Uganda,Lango,Oyam District,Oyam DLG
H7yJHcqTyBI,MOH - Uganda,North Buganda,Mityana District,Mityana Municipality
H82An4NhrVA,MOH - Uganda,Bugisu,Mbale District,Mbale DLG
h87cBXOFeZW,MOH - Uganda,North Buganda,Kiboga District,Kiboga DLG
H8Bros0p2OY,MOH - Uganda,Bunyoro,Kikuube District,Kikuube DLG
h8cD5a0viO8,MOH - Uganda,West Nile,Terego District,Terego DLG
H8IwuI5HbgB,MOH - Uganda,West Nile,Yumbe District,Yumbe DLG
H8UL75g1mLg,MOH - Uganda,Kampala,Kampala District,Kampala City Council
h8WmwodXlr8,MOH - Uganda,Kampala,Kampala District,Kampala City Council
H8x9WpzxLsl,MOH - Uganda,Busoga,Buyende District,Buyende DLG
H94XD2JNeOp,MOH - Uganda,Tooro,Kamwenge District,Kamwenge DLG
h9a0NKX2tdk,MOH - Uganda,South Buganda,Wakiso District,Wakiso DLG
h9EhsXtR7wl,MOH - Uganda,Bugisu,Sironko District,Sironko DLG
h9jVjUlxXLc,MOH - Uganda,Karamoja,Kotido District,Kotido Municipality
h9Jydxolx2q,MOH - Uganda,Lango,Kole District,Kole DLG
H9Kdh2eKGyz,MOH - Uganda,Ankole,Ntungamo District,Ntungamo DLG
H9Ovo0xxmom,MOH - Uganda,Kampala,Kampala District,Kampala City Council
H9PD4tw7GUE,MOH - Uganda,West Nile,Zombo District,Zombo DLG
H9VMaF4vdmM,MOH - Uganda,South Buganda,Wakiso District,Makindye Ssabagabo Municipality
H9YG6L867lc,MOH - Uganda,Kampala,Kampala District,Kampala City Council
ha1LuUSXgCR,MOH - Uganda,Kampala,Kampala District,Kampala City Council
hA3RIyJEMci,MOH - Uganda,Acholi,Nwoya District,Nwoya DLG
hA4k0l8StRh,MOH - Uganda,Busoga,Iganga District,Iganga DLG
haaDZFj568B,MOH - Uganda,Kampala,Kampala District,Kampala City Council
hAdnePvF54E,MOH - Uganda,Ankole,Mbarara City,Mbarara City Council
hADSlo3wp3v,MOH - Uganda,Ankole,Isingiro District,Isingiro DLG
hAjbRVDrVm3,MOH - Uganda,Busoga,Jinja City,Jinja City Council
hAksWr823tY,MOH - Uganda,Bukedi,Butaleja District,Butaleja DLG
hasFbIo0djq,MOH - Uganda,Ankole,Ntungamo District,Ntungamo DLG
hBB4YXwtRKQ,MOH - Uganda,South Buganda,Wakiso District,Wakiso DLG
hBCupqHozKG,MOH - Uganda,Ankole,Rubirizi District,Rubirizi DLG
hBhHjc3o6Fa,MOH - Uganda,South Buganda,Rakai District,Rakai DLG
HbRR9Kem65L,MOH - Uganda,Tooro,Kamwenge District,Kamwenge DLG
Hbw5Cb6A3p2,MOH - Uganda,South Buganda,Wakiso District,Wakiso DLG
HC14AbXj4AN,MOH - Uganda,Bunyoro,Kakumiro District,Kakumiro DLG
HC1AHdI3KfQ,MOH - Uganda,North Buganda,Mityana District,Mityana DLG
hC1gtogaFM0,MOH - Uganda,Bugisu,Mbale District,Mbale DLG
HCClHIUMMU2,MOH - Uganda,Kampala,Kampala District,Kampala City Council
hciTS8BI8Lx,MOH - Uganda,South Buganda,Wakiso District,Kira Municipality
hcjpFVlBZSD,MOH - Uganda,Kampala,Kampala District,Kampala City Council
hcm0msXFRQJ,MOH - Uganda,West Nile,Yumbe District,Yumbe DLG
HcnFVfdcwtx,MOH - Uganda,South Buganda,Wakiso District,Wakiso DLG
HCodNUBtmQW,MOH - Uganda,Kampala,Kampala District,Kampala City Council
hcoloNLyQB7,MOH - Uganda,Busoga,Jinja City,Jinja City Council
hCraA4l3WGg,MOH - Uganda,Lango,Apac District,Apac DLG
hcZNRwmIen7,MOH - Uganda,North Buganda,Nakasongola District,Nakasongola DLG
Hd2DZl5Gthw,MOH - Uganda,Bugisu,Sironko District,Sironko DLG
hd3pbN0li9K,MOH - Uganda,Kampala,Kampala District,Kampala City Council
hd8ZVWcybiP,MOH - Uganda,Tooro,Kasese District,Kasese Municipality
Hd9QotTNTCW,MOH - Uganda,Kampala,Kampala District,Kampala City Council
HDeR7LLTzsr,MOH - Uganda,Ankole,Rubirizi District,Rubirizi DLG
Hdf6312jYMP,MOH - Uganda,Busoga,Luuka District,Luuka DLG
Hdfxcx6XAxf,MOH - Uganda,North Buganda,Kayunga District,Kayunga DLG
HdJEg28NdQY,MOH - Uganda,North Buganda,Mukono District,Mukono DLG
hDnpFJsWuCL,MOH - Uganda,Ankole,Mbarara District,Mbarara DLG
hdOkifwiq00,MOH - Uganda,Kampala,Kampala District,Kampala City Council
HDqkS7fPasF,MOH - Uganda,Kampala,Kampala District,Kampala City Council
hDrICIfbgcL,MOH - Uganda,South Buganda,Wakiso District,Wakiso DLG
hdrTrRDuwOU,MOH - Uganda,Lango,Lira City,Lira City Council
hDw3L9MBPUJ,MOH - Uganda,Kampala,Kampala District,Kampala City Council
hDXLjXNe1uT,MOH - Uganda,North Buganda,Mukono District,Mukono Municipality
HDzPEmFh9ki,MOH - Uganda,Kampala,Kampala District,Kampala City Council
he0wQ6rz9DT,MOH - Uganda,South Buganda,Wakiso District,Kira Municipality
He15t1ovvvF,MOH - Uganda,Busoga,Iganga District,Iganga DLG
hE3E3nXNUjX,MOH - Uganda,Kampala,Kampala District,Kampala City Council
hE7RkkZzIHB,MOH - Uganda,Kampala,Kampala District,Kampala City Council
He9mWrbkIHZ,MOH - Uganda,Kampala,Kampala District,Kampala City Council
hEdufGJM4I5,MOH - Uganda,Kampala,Kampala District,Kampala City Council
HEnvHqA8JB6,MOH - Uganda,Kigezi,Rubanda District,Rubanda DLG
heoHY0yknZ2,MOH - Uganda,Kampala,Kampala District,Kampala City Council
HERsSxXclI5,MOH - Uganda,Tooro,Kyegegwa District,Kyegegwa DLG
HEvqMCVc5qD,MOH - Uganda,Tooro,Kyenjojo District,Kyenjojo DLG
HEy7SpfFqHb,MOH - Uganda,South Buganda,Wakiso District,Makindye Ssabagabo Municipality
HEyupbzUKTn,MOH - Uganda,Bukedi,Tororo District,Tororo DLG
hF2tDYFCRX8,MOH - Uganda,Kampala,Kampala District,Kampala City Council
HF4h4LLuAxr,MOH - Uganda,South Buganda,Wakiso District,Entebbe Municipality
hFgQuKoVTTW,MOH - Uganda,Tooro,Kasese District,Kasese DLG
HfkQjwF8kQq,MOH - Uganda,South Buganda,Wakiso District,Kira Municipality
HfnEncFx5hu,MOH - Uganda,South Buganda,Kalungu District,Kalungu DLG
hFO29Yr6ysA,MOH - Uganda,North Buganda,Mukono District,Mukono DLG
hfQk7Z8ilcf,MOH - Uganda,Ankole,Ibanda District,Ibanda DLG
hFQKfZwphxd,MOH - Uganda,Kampala,Kampala District,Kampala City Council
HFQOpdINy4Y,MOH - Uganda,Lango,Lira City,Lira City Council
HfrkUP3pD0k,MOH - Uganda,Busoga,Iganga District,Iganga Municipality
HFtOI98LEbW,MOH - Uganda,Kampala,Kampala District,Kampala City Council
Hfy9aC6XZZP,MOH - Uganda,Karamoja,Napak District,Napak DLG
HFzaFCIVNMm,MOH - Uganda,North Buganda,Luwero District,Luwero DLG
Hg6pcRkfCNV,MOH - Uganda,Kampala,Kampala District,Kampala City Council
hgBatsAE7Ao,MOH - Uganda,Kampala,Kampala District,Kampala City Council
hgCBEegeuiY,MOH - Uganda,Kampala,Kampala District,Kampala City Council
hGgRhRwqMq6,MOH - Uganda,Karamoja,Kaabong District,Kaabong DLG
hGkzDlFnBcB,MOH - Uganda,Lango,Apac District,Apac DLG
hGZQdzp6xLI,MOH - Uganda,Bukedi,Tororo District,Tororo DLG
HH6JDVq4Pxo,MOH - Uganda,Kampala,Kampala District,Kampala City Council
hHaqQ2NBBOs,MOH - Uganda,Bunyoro,Kibaale District,Kibaale DLG
HhdilSXYnqC,MOH - Uganda,South Buganda,Kalungu District,Kalungu DLG
HHDvc2TzPnl,MOH - Uganda,Bukedi,Pallisa District,Pallisa DLG
HhHL58uD1NJ,MOH - Uganda,South Buganda,Wakiso District,Nansana Municipality
hhHwjcM5lUE,MOH - Uganda,Lango,Oyam District,Oyam DLG
HHk9WUPh2xf,MOH - Uganda,South Buganda,Sembabule District,Sembabule DLG
hhlAmkWLbR2,MOH - Uganda,South Buganda,Kyotera District,Kyotera DLG
hhmgVHpv8Rf,MOH - Uganda,South Buganda,Wakiso District,Makindye Ssabagabo Municipality
HHpEQnsbRjL,MOH - Uganda,Bunyoro,Masindi District,Masindi Municipality
hHtw3xjbPaG,MOH - Uganda,Bukedi,Pallisa District,Pallisa DLG
HhUq7fj45cR,MOH - Uganda,Ankole,Mitooma District,Mitooma DLG
HhXrRF3LWHT,MOH - Uganda,Teso,Katakwi District,Katakwi DLG
hhz818sQTkO,MOH - Uganda,Acholi,Pader District,Pader DLG
HiCwzjSmUWO,MOH - Uganda,Busoga,Jinja District,Jinja DLG
hijoxEjF439,MOH - Uganda,Kampala,Kampala District,Kampala City Council
Hil0AcAgjDy,MOH - Uganda,Ankole,Kiruhura District,Kiruhura DLG
HIlCMGJzJV2,MOH - Uganda,South Buganda,Wakiso District,Nansana Municipality
HiovagPsOBa,MOH - Uganda,Tooro,Kitagwenda District,Kitagwenda DLG
HIpoOqCIQgV,MOH - Uganda,Ankole,Ibanda District,Ibanda DLG
hIR9Y6YF22i,MOH - Uganda,Kampala,Kampala District,Kampala City Council
hIuSd1NGumG,MOH - Uganda,Karamoja,Abim District,Abim DLG
hiXfKb958Ss,MOH - Uganda,North Buganda,Mukono District,Mukono Municipality
hjdtDsraCkB,MOH - Uganda,North Buganda,Buvuma District,Buvuma DLG
HJen9I0EjUe,MOH - Uganda,Kampala,Kampala District,Kampala City Council
HJhbB7XRdA7,MOH - Uganda,Bukedi,Tororo District,Tororo DLG
HjhLsl0DHSQ,MOH - Uganda,Tooro,Kasese District,Kasese DLG
HJL6OLal46L,MOH - Uganda,Tooro,Kasese District,Kasese Municipality
Hjtox3w6eZx,MOH - Uganda,Teso,Serere District,Serere DLG
hJXcSlfvXVL,MOH - Uganda,Busoga,Namutumba District,Namutumba DLG
hjZvWkoLzzp,MOH - Uganda,Kampala,Kampala District,Kampala City Council
HjzykPuM6w3,MOH - Uganda,South Buganda,Wakiso District,Nansana Municipality
hk3sw1ExndH,MOH - Uganda,Kampala,Kampala District,Kampala City Council
HK8glBK20eg,MOH - Uganda,North Buganda,Mukono District,Mukono DLG
hKdxO4aqfoa,MOH - Uganda,Kampala,Kampala District,Kampala City Council
hkHGeUo9vHV,MOH - Uganda,South Buganda,Wakiso District,Nansana Municipality
hkoHNZAApbg,MOH - Uganda,South Buganda,Bukomansimbi District,Bukomansimbi DLG
hkr9AlXxNYQ,MOH - Uganda,Ankole,Sheema District,Sheema DLG
hKrZgkUlwZ8,MOH - Uganda,Ankole,Isingiro District,Isingiro DLG
Hkw29W1Zsgo,MOH - Uganda,Busoga,Namayingo District,Namayingo DLG
HKw4Bu0mBp5,MOH - Uganda,North Buganda,Mubende District,Mubende Municipality
hkxODp6OZ1E,MOH - Uganda,Lango,Alebtong District,Alebtong DLG
hkYsMqctQ2a,MOH - Uganda,North Buganda,Kiboga District,Kiboga DLG
HKZRBFVPnXq,MOH - Uganda,North Buganda,Nakasongola District,Nakasongola DLG
Hl2WyuSQ8DZ,MOH - Uganda,Kampala,Kampala District,Kampala City Council
HLeMhK9q6Wm,MOH - Uganda,Tooro,Kasese District,Kasese DLG
HLghKC8Gy5X,MOH - Uganda,North Buganda,Mityana District,Mityana Municipality
hLhSc0TXAr2,MOH - Uganda,Kampala,Kampala District,Kampala City Council
HLoEBkSltLj,MOH - Uganda,Busoga,Namutumba District,Namutumba DLG
hlRUt6NQezz,MOH - Uganda,Kampala,Kampala District,Kampala City Council
HlsEfEtkMwL,MOH - Uganda,Kigezi,Kisoro District,Kisoro DLG
hlVImLT5BIN,MOH - Uganda,North Buganda,Nakaseke District,Nakaseke DLG
hLzOQxvRf4P,MOH - Uganda,Kigezi,Rukungiri District,Rukungiri Municipality
hM2SsqFHHzL,MOH - Uganda,Kampala,Kampala District,Kampala City Council
Hm7ehU40TCs,MOH - Uganda,Kampala,Kampala District,Kampala City Council
HMCicIp4WIt,MOH - Uganda,South Buganda,Wakiso District,Wakiso DLG
hmL6fXhBwaS,MOH - Uganda,West Nile,Adjumani District,Adjumani DLG
hmtamfsQMPU,MOH - Uganda,West Nile,Maracha District,Maracha DLG
hMwLP1XZ3v6,MOH - Uganda,Lango,Lira City,Lira City Council
hMXCTcwH9XJ,MOH - Uganda,South Buganda,Masaka City,Masaka City Council
hna9EjQbv7F,MOH - Uganda,Bunyoro,Hoima District,Hoima DLG
hnDCZkHHZhx,MOH - Uganda,South Buganda,Bukomansimbi District,Bukomansimbi DLG
HNjaSmUnPzM,MOH - Uganda,Bukedi,Tororo District,Tororo DLG
hNkgEQv1B6n,MOH - Uganda,Busoga,Mayuge District,Mayuge DLG
HNMrtobhini,MOH - Uganda,North Buganda,Mityana District,Mityana DLG
HNook9VwUg2,MOH - Uganda,Kampala,Kampala District,Kampala City Council
hNto1a9yNSq,MOH - Uganda,North Buganda,Luwero District,Luwero DLG
HNWkeEms9vr,MOH - Uganda,North Buganda,Mukono District,Mukono Municipality
ho431RVLfJm,MOH - Uganda,Kampala,Kampala District,Kampala City Council
HOhlg2gVMbu,MOH - Uganda,Kampala,Kampala District,Kampala City Council
HOI6L1dlz6k,MOH - Uganda,Kampala,Kampala District,Kampala City Council
hOjObdKWaJO,MOH - Uganda,Kampala,Kampala District,Kampala City Council
HOnIGbyX0cw,MOH - Uganda,Teso,Soroti City,Soroti City Council
hOYfow1iN1v,MOH - Uganda,North Buganda,Mukono District,Mukono Municipality
hp0xVxO4UDE,MOH - Uganda,South Buganda,Wakiso District,Nansana Municipality
hP8znrZ9shU,MOH - Uganda,Bukedi,Butaleja District,Butaleja DLG
hp9o6GFHTqI,MOH - Uganda,West Nile,Maracha District,Maracha DLG
HpAM0rb6R2j,MOH - Uganda,Busoga,Iganga District,Iganga DLG
Hpe5aOyy6ga,MOH - Uganda,South Buganda,Wakiso District,Wakiso DLG
hPIXVP3f1nP,MOH - Uganda,Lango,Oyam District,Oyam DLG
HPJuxNomAHx,MOH - Uganda,South Buganda,Wakiso District,Wakiso DLG
HpJYuf9iyz2,MOH - Uganda,Bugisu,Mbale City,Mbale City Council
hPlDZW8Pglf,MOH - Uganda,Kampala,Kampala District,Kampala City Council
HpUGo6SQJIS,MOH - Uganda,South Buganda,Wakiso District,Nansana Municipality
hQ1vVbPZquH,MOH - Uganda,Kampala,Kampala District,Kampala City Council
hqbGmDBirmR,MOH - Uganda,South Buganda,Lyantonde District,Lyantonde DLG
hQFEKLiJU5o,MOH - Uganda,Lango,Lira City,Lira City Council
HQHDY5hecoW,MOH - Uganda,Kampala,Kampala District,Kampala City Council
hQLiqK0IfdK,MOH - Uganda,North Buganda,Mubende District,Mubende Municipality
hqnNEwgPs0M,MOH - Uganda,Kampala,Kampala District,Kampala City Council
hQNNIQ4UnJS,MOH - Uganda,Kampala,Kampala District,Kampala City Council
hQWqHwozRFe,MOH - Uganda,North Buganda,Buikwe District,Njeru Municipality
hqz9JrhGYV1,MOH - Uganda,Kampala,Kampala District,Kampala City Council
HR3Qi3XQ3mr,MOH - Uganda,Ankole,Isingiro District,Isingiro DLG
hR54WelFldU,MOH - Uganda,Kampala,Kampala District,Kampala City Council
hrEjabfmkqU,MOH - Uganda,North Buganda,Luwero District,Luwero DLG
hRGaOONbUvP,MOH - Uganda,North Buganda,Buikwe District,Njeru Municipality
HRQSgLU1WAz,MOH - Uganda,Kampala,Kampala District,Kampala City Council
hRQtlw0XP6O,MOH - Uganda,South Buganda,Lwengo District,Lwengo DLG
hRQXf9wuHdW,MOH - Uganda,Bukedi,Tororo District,Tororo DLG
hrTgVtHg3NL,MOH - Uganda,Kampala,Kampala District,Kampala City Council
HRUwvJnV3yt,MOH - Uganda,Ankole,Isingiro District,Isingiro DLG
hRY61NLBKaB,MOH - Uganda,Kampala,Kampala District,Kampala City Council
hs4UTczqAZU,MOH - Uganda,Karamoja,Abim District,Abim DLG
Hs9o6GylcO7,MOH - Uganda,Bunyoro,Masindi District,Masindi DLG
hscn2U2fYWo,MOH - Uganda,Kampala,Kampala District,Kampala City Council
hsdeu6TtZyH,MOH - Uganda,South Buganda,Wakiso District,Nansana Municipality
HsN63X4XXwr,MOH - Uganda,South Buganda,Mpigi District,Mpigi DLG
HStI6Nbgjxy,MOH - Uganda,Lango,Oyam District,Oyam DLG
hsX3vUrSIOz,MOH - Uganda,Kampala,Kampala District,Kampala City Council
hSxonAXpBbW,MOH - Uganda,Tooro,Kasese District,Kasese DLG
HT4XbGdTOzj,MOH - Uganda,Kampala,Kampala District,Kampala City Council
HTBCQKqmG9S,MOH - Uganda,North Buganda,Buikwe District,Lugazi Municipality
HtDqqOuCfA3,MOH - Uganda,North Buganda,Buikwe District,Njeru Municipality
HtHzvQHn0WJ,MOH - Uganda,Busoga,Bugiri District,Bugiri Municipality
HtkPt5NvrQR,MOH - Uganda,Kampala,Kampala District,Kampala City Council
htLnaavddQm,MOH - Uganda,Tooro,Kasese District,Kasese DLG
HtstkAl6IEl,MOH - Uganda,Teso,Serere District,Serere DLG
HtV4tzUs2AS,MOH - Uganda,Bugisu,Bulambuli District,Bulambuli DLG
HtYd0uOpibh,MOH - Uganda,Kampala,Kampala District,Kampala City Council
Hu2L5nDrtEa,MOH - Uganda,Kampala,Kampala District,Kampala City Council
HUb1ECPC4uH,MOH - Uganda,Kampala,Kampala District,Kampala City Council
Hudt7sgd2Gu,MOH - Uganda,West Nile,Yumbe District,Yumbe DLG
hUExMWP2C4O,MOH - Uganda,Karamoja,Moroto District,Moroto DLG
hUhiiXuFEbT,MOH - Uganda,Busoga,Buyende District,Buyende DLG
hUi9kYu6TcE,MOH - Uganda,Kampala,Kampala District,Kampala City Council
hUjYHzn0Rl0,MOH - Uganda,Ankole,Mbarara District,Mbarara DLG
HUkwcrf8Ozd,MOH - Uganda,Ankole,Isingiro District,Isingiro DLG
hUlIxdOkVu6,MOH - Uganda,South Buganda,Wakiso District,Wakiso DLG
huNEzNjttgA,MOH - Uganda,Kampala,Kampala District,Kampala City Council
huR6kAEICw4,MOH - Uganda,Acholi,Gulu City,Gulu City Council
HUTu4enSK7E,MOH - Uganda,South Buganda,Wakiso District,Makindye Ssabagabo Municipality
HuUASDO4wBw,MOH - Uganda,Kampala,Kampala District,Kampala City Council
HUVm63AGdw8,MOH - Uganda,Kampala,Kampala District,Kampala City Council
hv3wgVDe6IQ,MOH - Uganda,Kampala,Kampala District,Kampala City Council
Hv42CGQ28yH,MOH - Uganda,South Buganda,Wakiso District,Nansana Municipality
Hv485zI15KB,MOH - Uganda,South Buganda,Masaka District,Masaka DLG
hVamgpmtonX,MOH - Uganda,Lango,Apac District,Apac DLG
hVAMvbaRMsC,MOH - Uganda,Bunyoro,Masindi District,Masindi Municipality
HvaybPcEzgk,MOH - Uganda,South Buganda,Wakiso District,Kira Municipality
hVbjEMIWfJi,MOH - Uganda,Busoga,Namutumba District,Namutumba DLG
hvDCzBHI5f7,MOH - Uganda,North Buganda,Mityana District,Mityana Municipality
hvDI9jyiEWS,MOH - Uganda,Lango,Oyam District,Oyam DLG
hVEpiqJOlWm,MOH - Uganda,Ankole,Sheema District,Sheema Municipality
HVF7bUyK9Oq,MOH - Uganda,Tooro,Kamwenge District,Kamwenge DLG
HvqaLDHLzVz,MOH - Uganda,Kampala,Kampala District,Kampala City Council
hvSPYbkjl27,MOH - Uganda,Kampala,Kampala District,Kampala City Council
hvtKTUxWNrt,MOH - Uganda,West Nile,Adjumani District,Adjumani DLG
Hvu85K06f8l,MOH - Uganda,North Buganda,Kiboga District,Kiboga DLG
hVV0isjt4Xl,MOH - Uganda,North Buganda,Mukono District,Mukono Municipality
HVwuyUY7azZ,MOH - Uganda,North Buganda,Mityana District,Mityana Municipality
hVZSTHIGSyw,MOH - Uganda,Kampala,Kampala District,Kampala City Council
HW1QYX2irYw,MOH - Uganda,Kampala,Kampala District,Kampala City Council
hW45QCdjntP,MOH - Uganda,South Buganda,Wakiso District,Makindye Ssabagabo Municipality
HW6fE9RYBjI,MOH - Uganda,South Buganda,Bukomansimbi District,Bukomansimbi DLG
Hw81fhqydaB,MOH - Uganda,Busoga,Luuka District,Luuka DLG
hw8AtCN24sp,MOH - Uganda,West Nile,Arua City,Arua City Council
Hw8k5zor4Yy,MOH - Uganda,South Buganda,Wakiso District,Wakiso DLG
hwBxzvgcTIb,MOH - Uganda,Kampala,Kampala District,Kampala City Council
HwBycddoX4u,MOH - Uganda,South Buganda,Wakiso District,Nansana Municipality
HwFEwc3N8Z6,MOH - Uganda,Kampala,Kampala District,Kampala City Council
HWKAq88M3aX,MOH - Uganda,West Nile,Moyo District,Moyo DLG
hWLhvMRml0f,MOH - Uganda,South Buganda,Wakiso District,Wakiso DLG
hWmBAtJo9c6,MOH - Uganda,Ankole,Mbarara City,Mbarara City Council
hwNTd8tjyyR,MOH - Uganda,North Buganda,Nakasongola District,Nakasongola DLG
hwoDPTdbx6d,MOH - Uganda,Bugisu,Bududa District,Bududa DLG
HWRAf8iPCDW,MOH - Uganda,Kigezi,Rukungiri District,Rukungiri Municipality
HWrhZA66fr3,MOH - Uganda,South Buganda,Wakiso District,Makindye Ssabagabo Municipality
HwS2kw2skOQ,MOH - Uganda,South Buganda,Wakiso District,Wakiso DLG
hWt89zVaEJe,MOH - Uganda,South Buganda,Lyantonde District,Lyantonde DLG
Hx3bgntGfm7,MOH - Uganda,Busoga,Iganga District,Iganga DLG
HxACC0FDwkF,MOH - Uganda,Kampala,Kampala District,Kampala City Council
HXap310Pwnz,MOH - Uganda,Tooro,Kamwenge District,Kamwenge DLG
HxDOa69pePc,MOH - Uganda,Busoga,Iganga District,Iganga DLG
HxikZbcwEYS,MOH - Uganda,Kampala,Kampala District,Kampala City Council
hXkuCOwBVV6,MOH - Uganda,Kampala,Kampala District,Kampala City Council
HXq1Fb10i3f,MOH - Uganda,Teso,Katakwi District,Katakwi DLG
hxqbU63QVMR,MOH - Uganda,South Buganda,Lyantonde District,Lyantonde DLG
HxqOxMS6zbj,MOH - Uganda,Kampala,Kampala District,Kampala City Council
HXw8RJKyuDz,MOH - Uganda,South Buganda,Kyotera District,Kyotera DLG
HXWHQopLSC7,MOH - Uganda,Kampala,Kampala District,Kampala City Council
hyhZ0XTCMZI,MOH - Uganda,West Nile,Koboko District,Koboko DLG
hylgPKKAwNi,MOH - Uganda,South Buganda,Wakiso District,Nansana Municipality
hYlnwkNOvW1,MOH - Uganda,Lango,Oyam District,Oyam DLG
hYLNzVryIZJ,MOH - Uganda,North Buganda,Buikwe District,Buikwe DLG
HYR3olhofDD,MOH - Uganda,Kigezi,Rukungiri District,Rukungiri DLG
hYRpOD0ijAo,MOH - Uganda,Busoga,Jinja District,Jinja DLG
HYSUuIkabEF,MOH - Uganda,South Buganda,Wakiso District,Nansana Municipality
hYSYUWqmgTm,MOH - Uganda,Bukedi,Tororo District,Tororo DLG
HyU7oWXMy8A,MOH - Uganda,West Nile,Yumbe District,Yumbe DLG
hyxR1nRlnWf,MOH - Uganda,Ankole,Ibanda District,Ibanda Municipality
hYywwbEN11v,MOH - Uganda,Kampala,Kampala District,Kampala City Council
Hz2Ql6AhoKB,MOH - Uganda,South Buganda,Kyotera District,Kyotera DLG
hz9MxBxLw0r,MOH - Uganda,West Nile,Terego District,Terego DLG
HZBBiQVXMRF,MOH - Uganda,Kampala,Kampala District,Kampala City Council
HZDQUjJwuqk,MOH - Uganda,Kampala,Kampala District,Kampala City Council
HzJfLHeAssW,MOH - Uganda,Bunyoro,Hoima City,Hoima City Council
hzkc9vLEhN1,MOH - Uganda,West Nile,Arua City,Arua City Council
hzPoo5zzWjj,MOH - Uganda,South Buganda,Wakiso District,Kira Municipality
HZqbQQwaQhP,MOH - Uganda,South Buganda,Bukomansimbi District,Bukomansimbi DLG
HZQq912GC0O,MOH - Uganda,South Buganda,Kyotera District,Kyotera DLG
HzWHiZFqOpb,MOH - Uganda,Busoga,Kaliro District,Kaliro DLG
I0y6o0a2elv,MOH - Uganda,South Buganda,Wakiso District,Wakiso DLG
I1bl5B86SPY,MOH - Uganda,Busoga,Jinja City,Jinja City Council
i1HnrTR9cbc,MOH - Uganda,Kampala,Kampala District,Kampala City Council
i1htH9vJSlc,MOH - Uganda,West Nile,Terego District,Terego DLG
I1i33pv3wdB,MOH - Uganda,North Buganda,Luwero District,Luwero DLG
i1KIxI3H281,MOH - Uganda,North Buganda,Nakasongola District,Nakasongola DLG
i1q59Cc7J8w,MOH - Uganda,South Buganda,Sembabule District,Sembabule DLG
I1ZKJl9BCBb,MOH - Uganda,North Buganda,Mukono District,Mukono DLG
I2O4ZRrmyQN,MOH - Uganda,South Buganda,Wakiso District,Kira Municipality
I2psFCABsSs,MOH - Uganda,Acholi,Omoro District,Omoro DLG
I2s8W1FcCVR,MOH - Uganda,South Buganda,Wakiso District,Kira Municipality
I2vtsfZKyVP,MOH - Uganda,Lango,Otuke District,Otuke DLG
i37kvNZojdz,MOH - Uganda,Acholi,Nwoya District,Nwoya DLG
i3bG7edqA5u,MOH - Uganda,Tooro,Kitagwenda District,Kitagwenda DLG
I3q42sKAJua,MOH - Uganda,Bukedi,Tororo District,Tororo DLG
i3T2aUtWzf1,MOH - Uganda,South Buganda,Masaka City,Masaka City Council
I3tEaTnHSJi,MOH - Uganda,South Buganda,Wakiso District,Wakiso DLG
i3Xz6dswa1W,MOH - Uganda,South Buganda,Lwengo District,Lwengo DLG
i4TFTQ51hs4,MOH - Uganda,Kampala,Kampala District,Kampala City Council
I535bgslzMW,MOH - Uganda,Lango,Apac District,Apac Municipality
I5AbMEuWNPJ,MOH - Uganda,Kampala,Kampala District,Kampala City Council
i5CDWEBfo9n,MOH - Uganda,Acholi,Amuru District,Amuru DLG
i5ecxDqSxTa,MOH - Uganda,Kampala,Kampala District,Kampala City Council
I5FLxQY5uQG,MOH - Uganda,North Buganda,Kiboga District,Kiboga DLG
i5Ncg5VNUXQ,MOH - Uganda,Kampala,Kampala District,Kampala City Council
I5Yr8it2pqo,MOH - Uganda,Kampala,Kampala District,Kampala City Council
i6B1bu1WZWx,MOH - Uganda,Kampala,Kampala District,Kampala City Council
I6dPpBBTk04,MOH - Uganda,Lango,Dokolo District,Dokolo DLG
i6hyU0bywAr,MOH - Uganda,South Buganda,Kalungu District,Kalungu DLG
I6opAM4Y3ci,MOH - Uganda,South Buganda,Lwengo District,Lwengo DLG
I6QbcVsphVT,MOH - Uganda,Kampala,Kampala District,Kampala City Council
i6w95d8uOH0,MOH - Uganda,Bukedi,Butebo District,Butebo DLG
i783Z5CHxyj,MOH - Uganda,Lango,Oyam District,Oyam DLG
I7cK4QXw839,MOH - Uganda,Bunyoro,Kagadi District,Kagadi DLG
I7cLtALEglT,MOH - Uganda,Kampala,Kampala District,Kampala City Council
i7Fuc4Klcyo,MOH - Uganda,Kampala,Kampala District,Kampala City Council
i7JbInoEb2D,MOH - Uganda,Acholi,Gulu City,Gulu City Council
I7jJnMfaKrv,MOH - Uganda,Ankole,Ibanda District,Ibanda Municipality
I7uF67sMlqp,MOH - Uganda,Kigezi,Rubanda District,Rubanda DLG
i7ZWWF44PIA,MOH - Uganda,North Buganda,Buikwe District,Buikwe DLG
I87yJrKYPAW,MOH - Uganda,Kampala,Kampala District,Kampala City Council
i8bLQB8OE5I,MOH - Uganda,West Nile,Yumbe District,Yumbe DLG
I8FAq8TFkhY,MOH - Uganda,Lango,Kole District,Kole DLG
I8OUKuTOs1z,MOH - Uganda,West Nile,Pakwach District,Pakwach DLG
i8Qt287FhbN,MOH - Uganda,Kampala,Kampala District,Kampala City Council
I9E4CMmLVbn,MOH - Uganda,Bunyoro,Masindi District,Masindi DLG
I9nJzN3m8qL,MOH - Uganda,Lango,Lira District,Lira DLG
i9Ss18ciDf0,MOH - Uganda,West Nile,Arua City,Arua City Council
I9tmZdU2Yh5,MOH - Uganda,South Buganda,Wakiso District,Nansana Municipality
I9WyvgT6PFn,MOH - Uganda,Lango,Kwania District,Kwania DLG
Ia1ewqcyAFT,MOH - Uganda,Karamoja,Kotido District,Kotido Municipality
iAbxpdJocQR,MOH - Uganda,Lango,Otuke District,Otuke DLG
iac3b9RR3Qr,MOH - Uganda,Tooro,Kasese District,Kasese DLG
IaHYdNY0WWI,MOH - Uganda,West Nile,Pakwach District,Pakwach DLG
iaiDpQq3nKQ,MOH - Uganda,Bukedi,Butaleja District,Butaleja DLG
IaRHokASdRO,MOH - Uganda,Lango,Kwania District,Kwania DLG
ias9551Jt9N,MOH - Uganda,Kampala,Kampala District,Kampala City Council
IAZG7Y1gqr5,MOH - Uganda,North Buganda,Mubende District,Mubende DLG
IaZzf2F1Ofc,MOH - Uganda,Kampala,Kampala District,Kampala City Council
IB67tAj9WAO,MOH - Uganda,Tooro,Kasese District,Kasese DLG
IbBSyRlNvFK,MOH - Uganda,Ankole,Bushenyi District,Bushenyi DLG
IbDdnbWltNt,MOH - Uganda,Bukedi,Budaka District,Budaka DLG
ibHaXamdghY,MOH - Uganda,Kampala,Kampala District,Kampala City Council
IBiNyCAPDri,MOH - Uganda,Lango,Oyam District,Oyam DLG
IBLeJ1M6AmZ,MOH - Uganda,Kampala,Kampala District,Kampala City Council
ibPkZBlsOml,MOH - Uganda,Bugisu,Kapchorwa District,Kapchorwa DLG
IburVmGWill,MOH - Uganda,South Buganda,Kalungu District,Kalungu DLG
ibWX2enXzZq,MOH - Uganda,South Buganda,Lwengo District,Lwengo DLG
ibXXRTsBjNX,MOH - Uganda,Bukedi,Tororo District,Tororo Municipality
ibyB1RDsSj3,MOH - Uganda,North Buganda,Luwero District,Luwero DLG
iC0PBy2JJ9b,MOH - Uganda,South Buganda,Wakiso District,Makindye Ssabagabo Municipality
ic9fDTQhdkZ,MOH - Uganda,Kampala,Kampala District,Kampala City Council
iccy3CP6K6W,MOH - Uganda,Ankole,Isingiro District,Isingiro DLG
iChSz9sMebA,MOH - Uganda,Ankole,Ibanda District,Ibanda Municipality
ICMb8Mqt8ze,MOH - Uganda,South Buganda,Rakai District,Rakai DLG
icO7vjvZXjp,MOH - Uganda,North Buganda,Luwero District,Luwero DLG
iCQz5ACa7cZ,MOH - Uganda,Bunyoro,Hoima District,Hoima DLG
IcuUef7OC5T,MOH - Uganda,Tooro,Kasese District,Kasese DLG
iCvYZqC0a3q,MOH - Uganda,Kampala,Kampala District,Kampala City Council
IcWeMuhOQuT,MOH - Uganda,Bukedi,Tororo District,Tororo DLG
idbfwHTDiI5,MOH - Uganda,Kampala,Kampala District,Kampala City Council
idF5Y57Ula8,MOH - Uganda,South Buganda,Wakiso District,Wakiso DLG
idhJ0PtGIXM,MOH - Uganda,Busoga,Mayuge District,Mayuge DLG
IDk3QfceRQG,MOH - Uganda,South Buganda,Kalungu District,Kalungu DLG
idkhOzh2TYJ,MOH - Uganda,North Buganda,Mukono District,Mukono Municipality
IDKLziIG6cU,MOH - Uganda,Ankole,Ibanda District,Ibanda DLG
idkNxrymxSW,MOH - Uganda,North Buganda,Buikwe District,Njeru Municipality
IdO49TffVtm,MOH - Uganda,North Buganda,Luwero District,Luwero DLG
idRHklSaGGS,MOH - Uganda,Kampala,Kampala District,Kampala City Council
IdRkJotD2zZ,MOH - Uganda,Kigezi,Kanungu District,Kanungu DLG
idsoZO9aFpG,MOH - Uganda,North Buganda,Mukono District,Mukono DLG
idW1pR7k8m2,MOH - Uganda,Bukedi,Tororo District,Tororo DLG
IDY8OcbwBUs,MOH - Uganda,Bunyoro,Kakumiro District,Kakumiro DLG
IdZmPj8dgPy,MOH - Uganda,North Buganda,Mukono District,Mukono DLG
Ie0pqmhwwTP,MOH - Uganda,Kampala,Kampala District,Kampala City Council
IE1qzHTYuNp,MOH - Uganda,Teso,Kumi District,Kumi DLG
IE6tqozkgow,MOH - Uganda,North Buganda,Kayunga District,Kayunga DLG
iE8EHTPUZ76,MOH - Uganda,Busoga,Jinja District,Jinja DLG
IE9Ncxz058U,MOH - Uganda,Kampala,Kampala District,Kampala City Council
iEcyFdCOqes,MOH - Uganda,West Nile,Moyo District,Moyo DLG
iEdI13kUo0h,MOH - Uganda,West Nile,Nebbi District,Nebbi Municipality
IEeEcIONIa2,MOH - Uganda,Bunyoro,Kakumiro District,Kakumiro DLG
IEinEE2eNTM,MOH - Uganda,Bukedi,Tororo District,Tororo DLG
IEJ6XZ3lktr,MOH - Uganda,Kampala,Kampala District,Kampala City Council
IeJFTToR5LL,MOH - Uganda,Kigezi,Rukungiri District,Rukungiri DLG
ieJpMy4St7l,MOH - Uganda,Busoga,Bugiri District,Bugiri DLG
IewGdN6LaWm,MOH - Uganda,Acholi,Omoro District,Omoro DLG
IEyZgMkjuoN,MOH - Uganda,Ankole,Ntungamo District,Ntungamo DLG
If1JT0R9dJi,MOH - Uganda,Kampala,Kampala District,Kampala City Council
If1Romo3DIE,MOH - Uganda,South Buganda,Lyantonde District,Lyantonde DLG
ifmbldJaNrM,MOH - Uganda,Acholi,Kitgum District,Kitgum Municipality
iFPUamQOnDj,MOH - Uganda,Kampala,Kampala District,Kampala City Council
IfRYINCb1dC,MOH - Uganda,Teso,Kumi District,Kumi Municipality
ifs5NYGlbkE,MOH - Uganda,Bukedi,Pallisa District,Pallisa DLG
ifSPcuzT8Iw,MOH - Uganda,Acholi,Agago District,Agago DLG
iFzI6EkzO6f,MOH - Uganda,South Buganda,Wakiso District,Makindye Ssabagabo Municipality
IgDdvRDyk3K,MOH - Uganda,Karamoja,Nakapiripirit District,Nakapiripirit DLG
IgKXuBYXQFl,MOH - Uganda,Ankole,Bushenyi District,Bushenyi DLG
IgMdNuS79MK,MOH - Uganda,North Buganda,Luwero District,Luwero DLG
igNh9u9rHeH,MOH - Uganda,Kampala,Kampala District,Kampala City Council
iGpx6a24zp9,MOH - Uganda,West Nile,Yumbe District,Yumbe DLG
IGpyDT7oDJi,MOH - Uganda,Karamoja,Kaabong District,Kaabong DLG
igQEGimwVo2,MOH - Uganda,Teso,Bukedea District,Bukedea DLG
IgRocb664xW,MOH - Uganda,Bugisu,Bududa District,Bududa DLG
IgWKJ3pwQKT,MOH - Uganda,Acholi,Nwoya District,Nwoya DLG
IgZa8mYMHam,MOH - Uganda,Bukedi,Tororo District,Tororo DLG
ih3x93QtuVC,MOH - Uganda,Bunyoro,Kakumiro District,Kakumiro DLG
IH7PP4oWJQI,MOH - Uganda,Ankole,Ibanda District,Ibanda DLG
iH7TtiHjhXB,MOH - Uganda,North Buganda,Buikwe District,Lugazi Municipality
Ihcun2BgOuC,MOH - Uganda,Ankole,Rubirizi District,Rubirizi DLG
IHLHLy2IMEf,MOH - Uganda,South Buganda,Kyotera District,Kyotera DLG
Ihmca9WbtXQ,MOH - Uganda,Kampala,Kampala District,Kampala City Council
ihSEWxpJHsS,MOH - Uganda,Kampala,Kampala District,Kampala City Council
ii8gLLHYn7G,MOH - Uganda,Ankole,Ibanda District,Ibanda Municipality
IiB6l95NPen,MOH - Uganda,Kampala,Kampala District,Kampala City Council
iiCGSce7223,MOH - Uganda,Kampala,Kampala District,Kampala City Council
IIebiWis6BW,MOH - Uganda,Busoga,Buyende District,Buyende DLG
IIkWcbUmyhI,MOH - Uganda,Bugisu,Mbale City,Mbale City Council
iIrDj4WIA6O,MOH - Uganda,West Nile,Maracha District,Maracha DLG
iIx3m63SxVt,MOH - Uganda,Ankole,Isingiro District,Isingiro DLG
IiXHJCP7Tq9,MOH - Uganda,North Buganda,Luwero District,Luwero DLG
iIZ0mhBKJX5,MOH - Uganda,Kampala,Kampala District,Kampala City Council
iJCZZ9rUZYm,MOH - Uganda,North Buganda,Buikwe District,Buikwe DLG
ijHGyxnKjmz,MOH - Uganda,Bunyoro,Buliisa District,Buliisa DLG
IjIZYaDyOtA,MOH - Uganda,Kampala,Kampala District,Kampala City Council
IjKe8l2T9Au,MOH - Uganda,Kampala,Kampala District,Kampala City Council
IJmmLQRsBz3,MOH - Uganda,Kampala,Kampala District,Kampala City Council
Ijowd7CA6q6,MOH - Uganda,North Buganda,Buikwe District,Buikwe DLG
IjpDd26Damv,MOH - Uganda,Kigezi,Rukiga District,Rukiga DLG
ijpVI1myn4c,MOH - Uganda,Ankole,Isingiro District,Isingiro DLG
IjR2rBuQvqr,MOH - Uganda,Busoga,Luuka District,Luuka DLG
ijXM1baG1q9,MOH - Uganda,Kampala,Kampala District,Kampala City Council
iJYEAsvfKhf,MOH - Uganda,Tooro,Kasese District,Kasese DLG
ik4hgjaAB7F,MOH - Uganda,Lango,Apac District,Apac DLG
Ik60rsYlHLy,MOH - Uganda,Kampala,Kampala District,Kampala City Council
IK6pIP55yrb,MOH - Uganda,Kampala,Kampala District,Kampala City Council
iK89TBaO3ta,MOH - Uganda,Bunyoro,Hoima District,Hoima DLG
IKcGdAT6mfq,MOH - Uganda,Kampala,Kampala District,Kampala City Council
ikdW0m1mt7H,MOH - Uganda,Busoga,Jinja District,Jinja DLG
ikHT7FRlvbY,MOH - Uganda,North Buganda,Mityana District,Mityana DLG
ikI1GDwtNnW,MOH - Uganda,Kigezi,Rubanda District,Rubanda DLG
IkpEshKlksX,MOH - Uganda,Bukedi,Pallisa District,Pallisa DLG
iKSJjnOlem6,MOH - Uganda,North Buganda,Kayunga District,Kayunga DLG
IkVvGrqJfm0,MOH - Uganda,Ankole,Ntungamo District,Ntungamo Municipality
IkWfZa0qrno,MOH - Uganda,Kampala,Kampala District,Kampala City Council
IKZjsjGvotC,MOH - Uganda,North Buganda,Kassanda District,Kassanda DLG
iL4Ek3j0su3,MOH - Uganda,Busoga,Jinja City,Jinja City Council
iLBk7UOu56E,MOH - Uganda,South Buganda,Wakiso District,Nansana Municipality
ILbZE3uVFxn,MOH - Uganda,Kampala,Kampala District,Kampala City Council
iLJNBF80xLv,MOH - Uganda,South Buganda,Wakiso District,Nansana Municipality
iLmrNCRxEvv,MOH - Uganda,Teso,Soroti City,Soroti City Council
IloWWrUaCTx,MOH - Uganda,Kampala,Kampala District,Kampala City Council
ILr03pFmrva,MOH - Uganda,Ankole,Bushenyi District,Bushenyi DLG
iLs4IqxOOLh,MOH - Uganda,Kigezi,Kabale District,Kabale DLG
ilsrc891cte,MOH - Uganda,Bunyoro,Kakumiro District,Kakumiro DLG
IlVZ1hZeSyv,MOH - Uganda,Lango,Kole District,Kole DLG
IlyvwYNM1wt,MOH - Uganda,South Buganda,Wakiso District,Wakiso DLG
IMbLFYdXZAK,MOH - Uganda,Kampala,Kampala District,Kampala City Council
IMeQNSBsc9i,MOH - Uganda,Karamoja,Moroto District,Moroto DLG
imFgSY3OUvZ,MOH - Uganda,North Buganda,Buikwe District,Njeru Municipality
IMl0Xl3RQJD,MOH - Uganda,Lango,Apac District,Apac DLG
ImmNDJs62lu,MOH - Uganda,Kampala,Kampala District,Kampala City Council
ImnJj1RzGv7,MOH - Uganda,Kampala,Kampala District,Kampala City Council
iMpXSTMOpsO,MOH - Uganda,Ankole,Rwampara District,Rwampara DLG
IMrgBmWv7I5,MOH - Uganda,Kampala,Kampala District,Kampala City Council
imTTaY3jBNx,MOH - Uganda,Ankole,Ibanda District,Ibanda DLG
In3apXiVwke,MOH - Uganda,Bukedi,Pallisa District,Pallisa DLG
iN7CXIs0XT3,MOH - Uganda,South Buganda,Rakai District,Rakai DLG
iNb9GSJ3KVM,MOH - Uganda,Kampala,Kampala District,Kampala City Council
iNLsVN6SOQg,MOH - Uganda,West Nile,Moyo District,Moyo DLG
INm1kvZIWsa,MOH - Uganda,South Buganda,Wakiso District,Wakiso DLG
iNMysSDqxN6,MOH - Uganda,Kampala,Kampala District,Kampala City Council
iNRJFljXNl7,MOH - Uganda,South Buganda,Wakiso District,Nansana Municipality
INtBz7pqEwk,MOH - Uganda,South Buganda,Wakiso District,Nansana Municipality
Inu7T9nZHcU,MOH - Uganda,Kampala,Kampala District,Kampala City Council
iNWEqA1TqGM,MOH - Uganda,Lango,Dokolo District,Dokolo DLG
InypOoNC7U0,MOH - Uganda,South Buganda,Lyantonde District,Lyantonde DLG
io7GqMA4uPd,MOH - Uganda,North Buganda,Kiboga District,Kiboga DLG
io8JhubppQo,MOH - Uganda,South Buganda,Kyotera District,Kyotera DLG
ioBktjTQgyS,MOH - Uganda,South Buganda,Sembabule District,Sembabule DLG
IOLYkt4sIA8,MOH - Uganda,Kampala,Kampala District,Kampala City Council
IOqy7sFGqVv,MOH - Uganda,Busoga,Bugiri District,Bugiri DLG
IoTKrKIPsRz,MOH - Uganda,Ankole,Isingiro District,Isingiro DLG
IOuCAfFo6J4,MOH - Uganda,Acholi,Agago District,Agago DLG
IoUHZUjV32f,MOH - Uganda,Kigezi,Rubanda District,Rubanda DLG
IovA7MWZaP4,MOH - Uganda,South Buganda,Mpigi District,Mpigi DLG
ioWJgf4igeG,MOH - Uganda,North Buganda,Mubende District,Mubende DLG
iOwO7cTQKfH,MOH - Uganda,Bukedi,Tororo District,Tororo Municipality
IP3d7JaMsyW,MOH - Uganda,Karamoja,Kaabong District,Kaabong DLG
iPA7sBTJv15,MOH - Uganda,Ankole,Kiruhura District,Kiruhura DLG
iPmsFAiVAr9,MOH - Uganda,Kampala,Kampala District,Kampala City Council
IPNA7SxofKw,MOH - Uganda,Kigezi,Rubanda District,Rubanda DLG
IpnG7OEIJNA,MOH - Uganda,Bunyoro,Kiryandongo District,Kiryandongo DLG
ipOBsWpJ0U7,MOH - Uganda,West Nile,Terego District,Terego DLG
IPs5b0Zc9tV,MOH - Uganda,Kampala,Kampala District,Kampala City Council
IpSESHGR0GM,MOH - Uganda,South Buganda,Wakiso District,Kira Municipality
Ipvxi1nV5X4,MOH - Uganda,South Buganda,Wakiso District,Wakiso DLG
IPXUK8AOVaw,MOH - Uganda,South Buganda,Wakiso District,Nansana Municipality
IQ78syaaXEg,MOH - Uganda,Bugisu,Mbale District,Mbale DLG
IqDyqdUwWYG,MOH - Uganda,Tooro,Kabarole District,Kabarole DLG
iQFlnFR0d3Q,MOH - Uganda,Ankole,Bushenyi District,Bushenyi-Ishaka Municipality
IqjAgDhHcaG,MOH - Uganda,Kampala,Kampala District,Kampala City Council
IQn2uStSFfh,MOH - Uganda,Ankole,Rubirizi District,Rubirizi DLG
iqr4dCf6xsU,MOH - Uganda,Acholi,Kitgum District,Kitgum DLG
iqRwwLdJvKF,MOH - Uganda,Kampala,Kampala District,Kampala City Council
IQS9JC6tLqf,MOH - Uganda,Kampala,Kampala District,Kampala City Council
IqShqwgt8mf,MOH - Uganda,Kampala,Kampala District,Kampala City Council
IqVNSXaDBig,MOH - Uganda,Bunyoro,Kiryandongo District,Kiryandongo DLG
iQyuoVl6RS7,MOH - Uganda,Kampala,Kampala District,Kampala City Council
iR1RBDNMvIz,MOH - Uganda,West Nile,Zombo District,Zombo DLG
iR4NuGQdNOq,MOH - Uganda,Tooro,Kamwenge District,Kamwenge DLG
Irar0fFmohc,MOH - Uganda,Kampala,Kampala District,Kampala City Council
IrIouAaiMk2,MOH - Uganda,South Buganda,Wakiso District,Wakiso DLG
IRSPu9HXn42,MOH - Uganda,Teso,Katakwi District,Katakwi DLG
iRuin8Wmvzp,MOH - Uganda,Acholi,Gulu City,Gulu City Council
IRwuTRJoiW1,MOH - Uganda,Kampala,Kampala District,Kampala City Council
IrYTUdWw0LJ,MOH - Uganda,North Buganda,Mubende District,Mubende DLG
IsIUZnm3h8i,MOH - Uganda,Lango,Kole District,Kole DLG
IswqGyDbcgm,MOH - Uganda,Teso,Amuria District,Amuria DLG
isXZREUsgiH,MOH - Uganda,Kampala,Kampala District,Kampala City Council
isz3qtY4IdD,MOH - Uganda,Kampala,Kampala District,Kampala City Council
itDFttFpJRC,MOH - Uganda,North Buganda,Kiboga District,Kiboga DLG
ItDgHQ2xWlo,MOH - Uganda,Kampala,Kampala District,Kampala City Council
ITeLKXzjm0z,MOH - Uganda,Busoga,Kaliro District,Kaliro DLG
IthQ06bKLDY,MOH - Uganda,Tooro,Bunyangabu District,Bunyangabu DLG
iTkVbN1IERm,MOH - Uganda,Busoga,Kamuli District,Kamuli DLG
ITLaSOOiUI4,MOH - Uganda,South Buganda,Wakiso District,Makindye Ssabagabo Municipality
itlvaJFqYS4,MOH - Uganda,Kampala,Kampala District,Kampala City Council
ITw6sugDw2L,MOH - Uganda,Kampala,Kampala District,Kampala City Council
iu8AuF8DVXT,MOH - Uganda,Bugisu,Bududa District,Bududa DLG
IuEvYABA8eB,MOH - Uganda,Tooro,Kamwenge District,Kamwenge DLG
IUHQ9V1rMhX,MOH - Uganda,South Buganda,Wakiso District,Wakiso DLG
iUluKvnIsAS,MOH - Uganda,Bunyoro,Kakumiro District,Kakumiro DLG
IUrGt2f5J7l,MOH - Uganda,Kampala,Kampala District,Kampala City Council
iUTEwhACTcz,MOH - Uganda,Kampala,Kampala District,Kampala City Council
IuVsQCPk19T,MOH - Uganda,West Nile,Madi-Okollo District,Madi-Okollo DLG
IuwBI8xDqBO,MOH - Uganda,Bugisu,Mbale District,Mbale DLG
iuZq4zUEwIL,MOH - Uganda,Busoga,Bugiri District,Bugiri Municipality
iV5xU1J8Vbx,MOH - Uganda,Kigezi,Rubanda District,Rubanda DLG
iv75tGXDF6i,MOH - Uganda,Kampala,Kampala District,Kampala City Council
IVEcKopiyCP,MOH - Uganda,South Buganda,Wakiso District,Kira Municipality
ivjYaDU4t3T,MOH - Uganda,Busoga,Kamuli District,Kamuli DLG
ivMQpg69xwD,MOH - Uganda,Kigezi,Rukungiri District,Rukungiri DLG
IvTz1LZAv13,MOH - Uganda,South Buganda,Wakiso District,Wakiso DLG
IvUtBcsrObn,MOH - Uganda,Kampala,Kampala District,Kampala City Council
iVv6I4Hy4e2,MOH - Uganda,Bunyoro,Kibaale District,Kibaale DLG
IW60hf7XNQ4,MOH - Uganda,Karamoja,Kotido District,Kotido DLG
IWgKTCjoXFj,MOH - Uganda,Teso,Kumi District,Kumi DLG
IwgRr2i6DaQ,MOH - Uganda,Kampala,Kampala District,Kampala City Council
iWJI9r3QCDh,MOH - Uganda,Ankole,Ntungamo District,Ntungamo DLG
IWu0X3AERR9,MOH - Uganda,Kampala,Kampala District,Kampala City Council
IwX731R1sVd,MOH - Uganda,Tooro,Bundibugyo District,Bundibugyo DLG
iwzPWWu45IH,MOH - Uganda,Ankole,Rwampara District,Rwampara DLG
iX2Fv9KN3P3,MOH - Uganda,Bukedi,Tororo District,Tororo DLG
Ix8XK0hTA0U,MOH - Uganda,North Buganda,Mukono District,Mukono Municipality
ixEWdKHeLOK,MOH - Uganda,Busoga,Luuka District,Luuka DLG
ixo6xmc8VE9,MOH - Uganda,North Buganda,Nakasongola District,Nakasongola DLG
IxSf2AYagr4,MOH - Uganda,South Buganda,Wakiso District,Wakiso DLG
IxsUw0F3jRo,MOH - Uganda,Kampala,Kampala District,Kampala City Council
IxucgjXq5GE,MOH - Uganda,Kampala,Kampala District,Kampala City Council
ixvvrT14Lkj,MOH - Uganda,Kampala,Kampala District,Kampala City Council
ixwFzMD6GcM,MOH - Uganda,Busoga,Iganga District,Iganga DLG
iy9a9DqENMF,MOH - Uganda,Kampala,Kampala District,Kampala City Council
IYFbH2yRAzc,MOH - Uganda,Kampala,Kampala District,Kampala City Council
iYIJwv2oITm,MOH - Uganda,Kampala,Kampala District,Kampala City Council
iYstaeld37s,MOH - Uganda,Bukedi,Tororo District,Tororo DLG
IYVxEo9BrPi,MOH - Uganda,Kampala,Kampala District,Kampala City Council
IyYvTavDSou,MOH - Uganda,Bugisu,Kween District,Kween DLG
iz2M92TzrKg,MOH - Uganda,Bunyoro,Masindi District,Masindi Municipality
iz77ux6nvEo,MOH - Uganda,Kampala,Kampala District,Kampala City Council
izdVAVc17tE,MOH - Uganda,Tooro,Bunyangabu District,Bunyangabu DLG
IzHAT0Q3SiO,MOH - Uganda,Kampala,Kampala District,Kampala City Council
IZJ0nMAejmJ,MOH - Uganda,South Buganda,Lyantonde District,Lyantonde DLG
IzO6YTh95I2,MOH - Uganda,Lango,Lira City,Lira City Council
iZPME8ZkQP8,MOH - Uganda,Busoga,Buyende District,Buyende DLG
izUagjwC9gU,MOH - Uganda,Kampala,Kampala District,Kampala City Council
J030lvmEXQ2,MOH - Uganda,West Nile,Madi-Okollo District,Madi-Okollo DLG
J0C07WMn7GT,MOH - Uganda,West Nile,Zombo District,Zombo DLG
j0fVmfuLbTi,MOH - Uganda,Tooro,Kitagwenda District,Kitagwenda DLG
J0gmMVVM6yU,MOH - Uganda,South Buganda,Wakiso District,Wakiso DLG
j0I9qHOtVIw,MOH - Uganda,Ankole,Kazo District,Kazo DLG
J0jgFjbFOSi,MOH - Uganda,Kigezi,Kisoro District,Kisoro DLG
j0NTmlxUscs,MOH - Uganda,Karamoja,Nakapiripirit District,Nakapiripirit DLG
J0OhKiuR995,MOH - Uganda,West Nile,Arua City,Arua City Council
j0OyHJJGqOI,MOH - Uganda,Bunyoro,Kakumiro District,Kakumiro DLG
J0PhAcyaSxc,MOH - Uganda,Ankole,Isingiro District,Isingiro DLG
J1bAaHJwcR6,MOH - Uganda,West Nile,Adjumani District,Adjumani DLG
j1c8wmQO6d7,MOH - Uganda,Kigezi,Kisoro District,Kisoro DLG
j1eV7w83owz,MOH - Uganda,Kigezi,Rukiga District,Rukiga DLG
j1gpp563TOQ,MOH - Uganda,Kampala,Kampala District,Kampala City Council
J1vQouUOY5h,MOH - Uganda,Bugisu,Mbale City,Mbale City Council
j2Gq8NT1Ggx,MOH - Uganda,Kampala,Kampala District,Kampala City Council
J2JiemiIQvD,MOH - Uganda,Teso,Katakwi District,Katakwi DLG
J2OiMqCwfD0,MOH - Uganda,West Nile,Zombo District,Zombo DLG
j2ooeLJ6j3q,MOH - Uganda,Tooro,Kasese District,Kasese DLG
J2rJdLgHbr5,MOH - Uganda,Tooro,Kasese District,Kasese Municipality
J3FoIFsEDqU,MOH - Uganda,Ankole,Mbarara City,Mbarara City Council
J3GyxLjtz5K,MOH - Uganda,Kampala,Kampala District,Kampala City Council
J3hOuqF5u8c,MOH - Uganda,Teso,Ngora District,Ngora DLG
J3KJzX1JSXu,MOH - Uganda,Bugisu,Bududa District,Bududa DLG
j3kOByZMdZu,MOH - Uganda,Tooro,Kasese District,Kasese DLG
J3OMg4XNkPh,MOH - Uganda,Busoga,Namayingo District,Namayingo DLG
j3rnm4nIstD,MOH - Uganda,Kampala,Kampala District,Kampala City Council
j3SOuTU78Xv,MOH - Uganda,South Buganda,Wakiso District,Nansana Municipality
j43BgNRDNCd,MOH - Uganda,Lango,Lira City,Lira City Council
J4AkQYabAi9,MOH - Uganda,Bukedi,Tororo District,Tororo DLG
J4OFWFdznpH,MOH - Uganda,Kampala,Kampala District,Kampala City Council
j4Qv5EEcMuU,MOH - Uganda,Kampala,Kampala District,Kampala City Council
J4WM8XQnHcP,MOH - Uganda,South Buganda,Wakiso District,Makindye Ssabagabo Municipality
j5ErZiiRNtq,MOH - Uganda,Ankole,Ntungamo District,Ntungamo DLG
J5lFjhtApU5,MOH - Uganda,Kigezi,Rukungiri District,Rukungiri DLG
J5ZGPIn0Opf,MOH - Uganda,South Buganda,Butambala District,Butambala DLG
J64jaeaqOc6,MOH - Uganda,North Buganda,Kiboga District,Kiboga DLG
j6kmC0qBLuy,MOH - Uganda,Ankole,Ibanda District,Ibanda DLG
J6P4prqd0H7,MOH - Uganda,Busoga,Jinja City,Jinja City Council
J6yssMkroj2,MOH - Uganda,South Buganda,Wakiso District,Makindye Ssabagabo Municipality
j71y7YUb06M,MOH - Uganda,North Buganda,Luwero District,Luwero DLG
J77zWm3xXbx,MOH - Uganda,Kampala,Kampala District,Kampala City Council
J7hNSRvyUFC,MOH - Uganda,Ankole,Mbarara City,Mbarara City Council
J7qBBJtiajQ,MOH - Uganda,West Nile,Pakwach District,Pakwach DLG
j7ZIpvW0o4R,MOH - Uganda,Lango,Oyam District,Oyam DLG
J7ZZXtq8Z8O,MOH - Uganda,Bunyoro,Masindi District,Masindi DLG
J83IcifVSgD,MOH - Uganda,Kampala,Kampala District,Kampala City Council
J8fEv5KijfP,MOH - Uganda,North Buganda,Mityana District,Mityana DLG
J8JFj65yOB1,MOH - Uganda,Tooro,Bundibugyo District,Bundibugyo DLG
J8lqAR46pse,MOH - Uganda,North Buganda,Buikwe District,Lugazi Municipality
J8tnvCpD9CD,MOH - Uganda,South Buganda,Wakiso District,Entebbe Municipality
J8wSp6G7tQb,MOH - Uganda,Kampala,Kampala District,Kampala City Council
J9DKJpj7zyx,MOH - Uganda,South Buganda,Wakiso District,Wakiso DLG
J9mfVpGD8Aa,MOH - Uganda,Kampala,Kampala District,Kampala City Council
J9mMA1UlERg,MOH - Uganda,West Nile,Arua City,Arua City Council
j9ZBtPIXrXq,MOH - Uganda,Karamoja,Karenga District,Karenga DLG
jA2J5SPFVkZ,MOH - Uganda,Karamoja,Kaabong District,Kaabong DLG
jA7tuThhDUU,MOH - Uganda,Ankole,Mitooma District,Mitooma DLG
JaBfezRI6xm,MOH - Uganda,Kampala,Kampala District,Kampala City Council
JaECIWe4AW0,MOH - Uganda,North Buganda,Mukono District,Mukono Municipality
JaIYQr2BXHb,MOH - Uganda,South Buganda,Wakiso District,Wakiso DLG
jAkXsSQHYAZ,MOH - Uganda,North Buganda,Kayunga District,Kayunga DLG
Jap4sosMZZN,MOH - Uganda,North Buganda,Kiboga District,Kiboga DLG
JAPYJGfV0VY,MOH - Uganda,West Nile,Koboko District,Koboko Municipality
jauAUu9YBbl,MOH - Uganda,Bugisu,Sironko District,Sironko DLG
JaWXDS5IhoM,MOH - Uganda,Kampala,Kampala District,Kampala City Council
jb3bn4240OG,MOH - Uganda,Kampala,Kampala District,Kampala City Council
Jb3ruV9NJ4K,MOH - Uganda,Kampala,Kampala District,Kampala City Council
JB7CMDmPtIZ,MOH - Uganda,Bugisu,Mbale City,Mbale City Council
jbatTSEbtsn,MOH - Uganda,Kampala,Kampala District,Kampala City Council
JbCOhUCNMdN,MOH - Uganda,West Nile,Yumbe District,Yumbe DLG
JBHKUfSjfy3,MOH - Uganda,Busoga,Luuka District,Luuka DLG
jbIgUMWfECQ,MOH - Uganda,Bukedi,Pallisa District,Pallisa DLG
jBqnMmDxLII,MOH - Uganda,Ankole,Rubirizi District,Rubirizi DLG
Jbs89t6sQzf,MOH - Uganda,Bukedi,Busia District,Busia Municipality
jBSKvMhwVUO,MOH - Uganda,Kampala,Kampala District,Kampala City Council
jBtF5LgIiSE,MOH - Uganda,Bunyoro,Kibaale District,Kibaale DLG
jbtN75W9t1E,MOH - Uganda,Lango,Kwania District,Kwania DLG
JbyNRdK814R,MOH - Uganda,Tooro,Kasese District,Kasese DLG
jBZmte6aqoD,MOH - Uganda,Bukedi,Butaleja District,Butaleja DLG
Jc8DWb2FrCO,MOH - Uganda,South Buganda,Wakiso District,Wakiso DLG
Jc8JzkD2H7l,MOH - Uganda,Karamoja,Kaabong District,Kaabong DLG
JcAS9Gbf6pH,MOH - Uganda,Bunyoro,Kakumiro District,Kakumiro DLG
jcEuyATQbMK,MOH - Uganda,Teso,Amuria District,Amuria DLG
jCguvfkdD7Y,MOH - Uganda,Kampala,Kampala District,Kampala City Council
jCiEJZ0Pt5U,MOH - Uganda,Bukedi,Kibuku District,Kibuku DLG
jck4O6qawtb,MOH - Uganda,South Buganda,Wakiso District,Nansana Municipality
JCKnnzzjWQV,MOH - Uganda,Kigezi,Kanungu District,Kanungu DLG
JcPgZTDw8X4,MOH - Uganda,South Buganda,Wakiso District,Nansana Municipality
jcX3kPVo5yB,MOH - Uganda,Ankole,Mitooma District,Mitooma DLG
JDAxhYvvWfp,MOH - Uganda,South Buganda,Lyantonde District,Lyantonde DLG
JDdNcU36a6m,MOH - Uganda,Kampala,Kampala District,Kampala City Council
JDHUxKDarxS,MOH - Uganda,West Nile,Yumbe District,Yumbe DLG
jdIEYtKkrMF,MOH - Uganda,Kampala,Kampala District,Kampala City Council
JdjHX0xhrKK,MOH - Uganda,Bugisu,Kween District,Kween DLG
jdsHBxA3VOE,MOH - Uganda,Bukedi,Butaleja District,Butaleja DLG
jemtukRQMRB,MOH - Uganda,Kampala,Kampala District,Kampala City Council
JEOnniXpbdj,MOH - Uganda,Acholi,Kitgum District,Kitgum Municipality
jepvdaaAiNJ,MOH - Uganda,Bugisu,Namisindwa District,Namisindwa DLG
JEV9Du9WUwU,MOH - Uganda,South Buganda,Wakiso District,Nansana Municipality
jEVRYDprMDJ,MOH - Uganda,Kampala,Kampala District,Kampala City Council
jEWfNHf8Ayt,MOH - Uganda,Bunyoro,Kibaale District,Kibaale DLG
jEXLZ2m7ftD,MOH - Uganda,Kampala,Kampala District,Kampala City Council
jf2hnREDE96,MOH - Uganda,Bunyoro,Kiryandongo District,Kiryandongo DLG
JfA83mUfpl0,MOH - Uganda,Tooro,Kyegegwa District,Kyegegwa DLG
jfcIDMTP7sM,MOH - Uganda,Kampala,Kampala District,Kampala City Council
JfIkV2OLsTo,MOH - Uganda,Bunyoro,Kagadi District,Kagadi DLG
JfOziLe4rAv,MOH - Uganda,Kampala,Kampala District,Kampala City Council
jgfl8sTTnT6,MOH - Uganda,Busoga,Kaliro District,Kaliro DLG
jGREJcjBUb4,MOH - Uganda,Busoga,Kamuli District,Kamuli DLG
jgS1yAtN6HR,MOH - Uganda,West Nile,Arua City,Arua City Council
jgW3U2iN1PY,MOH - Uganda,Tooro,Kasese District,Kasese DLG
Jh3kGSaSmyM,MOH - Uganda,South Buganda,Wakiso District,Entebbe Municipality
Jh6Ds2pV5vS,MOH - Uganda,Busoga,Kaliro District,Kaliro DLG
jhAIyaJHXEJ,MOH - Uganda,Ankole,Ntungamo District,Ntungamo DLG
JheC5vPJb62,MOH - Uganda,Tooro,Kyegegwa District,Kyegegwa DLG
JhfRRK4kn7c,MOH - Uganda,Karamoja,Moroto District,Moroto DLG
jHlmmlPk89f,MOH - Uganda,Kampala,Kampala District,Kampala City Council
jhP6JvFuXoU,MOH - Uganda,Kampala,Kampala District,Kampala City Council
jhtjCBU3lZG,MOH - Uganda,Karamoja,Abim District,Abim DLG
JHtjwrjBlm4,MOH - Uganda,North Buganda,Kyankwanzi District,Kyankwanzi DLG
JHUDOhEfQ9t,MOH - Uganda,Bugisu,Manafwa District,Manafwa DLG
jHyhQKE8FDY,MOH - Uganda,North Buganda,Mukono District,Mukono DLG
JICsD1QzzeJ,MOH - Uganda,Acholi,Agago District,Agago DLG
jIEkidhraqo,MOH - Uganda,Kampala,Kampala District,Kampala City Council
jIgFzBiand7,MOH - Uganda,Kampala,Kampala District,Kampala City Council
JIhuoOFwtAr,MOH - Uganda,Acholi,Gulu City,Gulu City Council
JiILzo8lJF1,MOH - Uganda,North Buganda,Kyankwanzi District,Kyankwanzi DLG
JIjLKw9oSFw,MOH - Uganda,Kampala,Kampala District,Kampala City Council
jiKuvEHVanR,MOH - Uganda,West Nile,Yumbe District,Yumbe DLG
JiMsrQGUs6H,MOH - Uganda,Bugisu,Namisindwa District,Namisindwa DLG
JiNfGuEaIMi,MOH - Uganda,Busoga,Jinja District,Jinja DLG
JIWVXMiXSTV,MOH - Uganda,Kampala,Kampala District,Kampala City Council
jIxClnaASJs,MOH - Uganda,Kampala,Kampala District,Kampala City Council
JiXMZzyWhUb,MOH - Uganda,Tooro,Kamwenge District,Kamwenge DLG
JiYCQ1iRpCX,MOH - Uganda,Kampala,Kampala District,Kampala City Council
jiYlmuKEBby,MOH - Uganda,Kampala,Kampala District,Kampala City Council
JJeGYPlY54H,MOH - Uganda,South Buganda,Wakiso District,Wakiso DLG
jJJqZnWCFZ9,MOH - Uganda,Kampala,Kampala District,Kampala City Council
JJOyIn4EsA3,MOH - Uganda,North Buganda,Mukono District,Mukono Municipality
JJrkmjrLy1y,MOH - Uganda,Teso,Bukedea District,Bukedea DLG
JJZe7WMe7Z1,MOH - Uganda,Kampala,Kampala District,Kampala City Council
Jk4Ws9uWKqb,MOH - Uganda,North Buganda,Buikwe District,Njeru Municipality
jKb8fhTLrfC,MOH - Uganda,Bugisu,Kapchorwa District,Kapchorwa DLG
jkDSEdmvmGn,MOH - Uganda,Kampala,Kampala District,Kampala City Council
jKFy8N9yJrQ,MOH - Uganda,South Buganda,Bukomansimbi District,Bukomansimbi DLG
JKgAWkORkg7,MOH - Uganda,Kampala,Kampala District,Kampala City Council
jKguDWbtFIU,MOH - Uganda,Kampala,Kampala District,Kampala City Council
JkMbi1FzXrX,MOH - Uganda,Busoga,Iganga District,Iganga DLG
jKObcBUu0JQ,MOH - Uganda,Kampala,Kampala District,Kampala City Council
JkUhN9ueHFy,MOH - Uganda,South Buganda,Lyantonde District,Lyantonde DLG
JLdxGPHcu2q,MOH - Uganda,South Buganda,Wakiso District,Nansana Municipality
jLhGZFpKAFE,MOH - Uganda,Kampala,Kampala District,Kampala City Council
JlJEgbrfw9y,MOH - Uganda,Kampala,Kampala District,Kampala City Council
JLLiG0uxMo2,MOH - Uganda,Tooro,Kamwenge District,Kamwenge DLG
JlORguivLGJ,MOH - Uganda,Kampala,Kampala District,Kampala City Council
jloriHnudvr,MOH - Uganda,North Buganda,Nakaseke District,Nakaseke DLG
JLpr0ATmEtz,MOH - Uganda,South Buganda,Kalungu District,Kalungu DLG
JlQbyLlYoOb,MOH - Uganda,Bukedi,Busia District,Busia DLG
JlrFEgiIabK,MOH - Uganda,West Nile,Obongi District,Obongi DLG
jlRIthYDovm,MOH - Uganda,South Buganda,Wakiso District,Kira Municipality
JLUfWD5Q5jB,MOH - Uganda,Bunyoro,Kagadi District,Kagadi DLG
JlumThHwrnL,MOH - Uganda,Bukedi,Tororo District,Tororo DLG
JlWZ3wAo04I,MOH - Uganda,Ankole,Ntungamo District,Ntungamo DLG
jLzgzQoTP73,MOH - Uganda,West Nile,Moyo District,Moyo DLG
jM0QE9Wtu6L,MOH - Uganda,South Buganda,Wakiso District,Wakiso DLG
Jm4uw0Rnyfm,MOH - Uganda,West Nile,Arua City,Arua City Council
Jmbv7qMCHUG,MOH - Uganda,Kampala,Kampala District,Kampala City Council
jmcxCPyDHHS,MOH - Uganda,Ankole,Bushenyi District,Bushenyi-Ishaka Municipality
JmhduAnTrtO,MOH - Uganda,Bukedi,Tororo District,Tororo Municipality
JmHLIGnm4TQ,MOH - Uganda,Bunyoro,Kibaale District,Kibaale DLG
jMhZSQG44HV,MOH - Uganda,Busoga,Kamuli District,Kamuli Municipality
JMmqH0e4HlX,MOH - Uganda,Busoga,Jinja City,Jinja City Council
JMWHlEhGw9L,MOH - Uganda,Kampala,Kampala District,Kampala City Council
jmYDcub8QTz,MOH - Uganda,Lango,Otuke District,Otuke DLG
jn1BMJnJ104,MOH - Uganda,Tooro,Kasese District,Kasese Municipality
Jn7Sz79BL2v,MOH - Uganda,North Buganda,Nakasongola District,Nakasongola DLG
jNdtzzeIbNg,MOH - Uganda,Kampala,Kampala District,Kampala City Council
JnEi6rH038a,MOH - Uganda,South Buganda,Kyotera District,Kyotera DLG
JNjEcYxP6y6,MOH - Uganda,Kampala,Kampala District,Kampala City Council
JNKTABj7P6e,MOH - Uganda,West Nile,Nebbi District,Nebbi DLG
jnLQsh69mzw,MOH - Uganda,South Buganda,Kalungu District,Kalungu DLG
JnRccswaEww,MOH - Uganda,Bugisu,Kween District,Kween DLG
jnS54maqjwy,MOH - Uganda,Acholi,Gulu City,Gulu City Council
jnZIqtEETZs,MOH - Uganda,South Buganda,Masaka District,Masaka DLG
JO1cLIghdBv,MOH - Uganda,Karamoja,Abim District,Abim DLG
jo4ICrnpVWs,MOH - Uganda,Teso,Ngora District,Ngora DLG
JOD4jzkAQIJ,MOH - Uganda,Busoga,Kaliro District,Kaliro DLG
Jod4tzrdWrq,MOH - Uganda,Tooro,Fort Portal City,Fort Portal City Council
jODH51otCPk,MOH - Uganda,Kampala,Kampala District,Kampala City Council
JOGgj0LGTiW,MOH - Uganda,Tooro,Fort Portal City,Fort Portal City Council
jOP0HzZLr2j,MOH - Uganda,Busoga,Bugiri District,Bugiri DLG
JOqGaRYi9Xc,MOH - Uganda,South Buganda,Kyotera District,Kyotera DLG
jOTn54eudpu,MOH - Uganda,Bukedi,Tororo District,Tororo DLG
joubGoymaJC,MOH - Uganda,North Buganda,Buikwe District,Njeru Municipality
jp0HMvOBvqD,MOH - Uganda,South Buganda,Sembabule District,Sembabule DLG
jP7p59eQySu,MOH - Uganda,Kampala,Kampala District,Kampala City Council
JP9lxuDjeey,MOH - Uganda,Kampala,Kampala District,Kampala City Council
JP9pjuteIwh,MOH - Uganda,West Nile,Nebbi District,Nebbi DLG
jPFMw8jhYY1,MOH - Uganda,Busoga,Bugiri District,Bugiri DLG
JplpqZql8xM,MOH - Uganda,Tooro,Bundibugyo District,Bundibugyo DLG
jPrZuzmE73r,MOH - Uganda,North Buganda,Luwero District,Luwero DLG
JPTfzYYJMLe,MOH - Uganda,Kampala,Kampala District,Kampala City Council
jPxLo6hF2rI,MOH - Uganda,West Nile,Yumbe District,Yumbe DLG
jpY5cp1KqGJ,MOH - Uganda,Bugisu,Mbale District,Mbale DLG
jQ29gGaeT89,MOH - Uganda,Ankole,Bushenyi District,Bushenyi DLG
jQB1WeL0jxV,MOH - Uganda,Bugisu,Mbale District,Mbale DLG
JqnkRzo5i03,MOH - Uganda,Kampala,Kampala District,Kampala City Council
jQpAZYI9JcE,MOH - Uganda,Busoga,Jinja City,Jinja City Council
JQppJoF6jC0,MOH - Uganda,Tooro,Kasese District,Kasese DLG
jqU2WEwwCZm,MOH - Uganda,Kampala,Kampala District,Kampala City Council
JQvwN38nszn,MOH - Uganda,South Buganda,Wakiso District,Nansana Municipality
JraJg0eMnqk,MOH - Uganda,South Buganda,Wakiso District,Kira Municipality
jrCQHd9oRg6,MOH - Uganda,Busoga,Iganga District,Iganga Municipality
jrGWRhOfcso,MOH - Uganda,North Buganda,Mukono District,Mukono DLG
JriG4BKRoEx,MOH - Uganda,Bukedi,Butaleja District,Butaleja DLG
jrOHVLhbzCU,MOH - Uganda,Bunyoro,Kibaale District,Kibaale DLG
JRro0xC9Yls,MOH - Uganda,Kampala,Kampala District,Kampala City Council
jRxAHetpkG8,MOH - Uganda,Lango,Kwania District,Kwania DLG
JryqknC2SNp,MOH - Uganda,Acholi,Omoro District,Omoro DLG
JrZ4o0NyqAv,MOH - Uganda,Busoga,Jinja City,Jinja City Council
Js1aBKNVudQ,MOH - Uganda,Acholi,Lamwo District,Lamwo DLG
JScVS55awQr,MOH - Uganda,Kampala,Kampala District,Kampala City Council
jsHlDjKR6Nf,MOH - Uganda,Ankole,Rwampara District,Rwampara DLG
JSLpsxX595t,MOH - Uganda,Bugisu,Bukwo District,Bukwo DLG
jSN5bolaX6T,MOH - Uganda,Ankole,Kazo District,Kazo DLG
jSNmUpGrQMN,MOH - Uganda,Busoga,Mayuge District,Mayuge DLG
jsptdk3Pffa,MOH - Uganda,Kigezi,Rukungiri District,Rukungiri DLG
jSTIbH5xzbW,MOH - Uganda,South Buganda,Butambala District,Butambala DLG
jT039gmf1c7,MOH - Uganda,South Buganda,Wakiso District,Entebbe Municipality
jT2zu2R8238,MOH - Uganda,Ankole,Kiruhura District,Kiruhura DLG
jT3WWtqGRsP,MOH - Uganda,Kampala,Kampala District,Kampala City Council
jt81fBJcjq6,MOH - Uganda,South Buganda,Kalangala District,Kalangala DLG
jtaRhgDyYMT,MOH - Uganda,Kampala,Kampala District,Kampala City Council
JtbUV78xOQD,MOH - Uganda,South Buganda,Bukomansimbi District,Bukomansimbi DLG
JTEu7SHCL9k,MOH - Uganda,Busoga,Iganga District,Iganga Municipality
JTkkREE15CK,MOH - Uganda,Busoga,Namayingo District,Namayingo DLG
jTmBjPxif9F,MOH - Uganda,Tooro,Bunyangabu District,Bunyangabu DLG
JTO4v1VkUuu,MOH - Uganda,Kigezi,Rukungiri District,Rukungiri DLG
jtrHsubBsqd,MOH - Uganda,Kigezi,Rukiga District,Rukiga DLG
jTutSusPMWb,MOH - Uganda,Kampala,Kampala District,Kampala City Council
jU5Ur5VEajn,MOH - Uganda,Ankole,Sheema District,Sheema DLG
JuCJrURMOBa,MOH - Uganda,North Buganda,Luwero District,Luwero DLG
jUGYq9UJ9I0,MOH - Uganda,Busoga,Namutumba District,Namutumba DLG
jUJbnOcTaJS,MOH - Uganda,Tooro,Kamwenge District,Kamwenge DLG
jUKfBoACXvI,MOH - Uganda,Tooro,Kasese District,Kasese DLG
JuLeapjBevh,MOH - Uganda,Teso,Kalaki District,Kalaki DLG
JuUwhPLtSXN,MOH - Uganda,Kigezi,Kanungu District,Kanungu DLG
juwYMigGSry,MOH - Uganda,South Buganda,Lwengo District,Lwengo DLG
juZUZaOGaW6,MOH - Uganda,Kampala,Kampala District,Kampala City Council
jv10xEmY0Gd,MOH - Uganda,Kampala,Kampala District,Kampala City Council
Jv1HdMLwMjo,MOH - Uganda,Kampala,Kampala District,Kampala City Council
jv1RBgTIsBv,MOH - Uganda,Kampala,Kampala District,Kampala City Council
jV5UvqIn4DU,MOH - Uganda,West Nile,Moyo District,Moyo DLG
jVBFhGSEcJr,MOH - Uganda,Lango,Kwania District,Kwania DLG
JvdPex6VbhS,MOH - Uganda,Kampala,Kampala District,Kampala City Council
JVLdDfKIG38,MOH - Uganda,Teso,Soroti City,Soroti City Council
jvPJLFJ3Rt1,MOH - Uganda,Karamoja,Kaabong District,Kaabong DLG
jVPvZ96nonv,MOH - Uganda,Kampala,Kampala District,Kampala City Council
Jw5D6vK2hRT,MOH - Uganda,Kigezi,Kanungu District,Kanungu DLG
jW8DuD7hduu,MOH - Uganda,Kampala,Kampala District,Kampala City Council
jwCplDih0Oz,MOH - Uganda,Kampala,Kampala District,Kampala City Council
JwDDFmH3GqN,MOH - Uganda,Kampala,Kampala District,Kampala City Council
JWFyIGlCmlR,MOH - Uganda,Bukedi,Tororo District,Tororo DLG
JWg30TuiiEV,MOH - Uganda,Karamoja,Kaabong District,Kaabong DLG
Jwm5lGVgV7r,MOH - Uganda,Busoga,Kamuli District,Kamuli DLG
jWmjHpZqNtY,MOH - Uganda,Acholi,Amuru District,Amuru DLG
Jwn9ZsZiFea,MOH - Uganda,South Buganda,Wakiso District,Kira Municipality
JWokSlz2DEc,MOH - Uganda,Bukedi,Tororo District,Tororo DLG
JwSwHr0F0MJ,MOH - Uganda,Busoga,Luuka District,Luuka DLG
JWY3IEK3xHs,MOH - Uganda,South Buganda,Bukomansimbi District,Bukomansimbi DLG
jX2AtJy4xmQ,MOH - Uganda,South Buganda,Lyantonde District,Lyantonde DLG
Jx5qVVAUvQs,MOH - Uganda,South Buganda,Wakiso District,Nansana Municipality
JxbUxdQK5P0,MOH - Uganda,Lango,Lira District,Lira DLG
jXcTkPfjRpq,MOH - Uganda,Busoga,Kaliro District,Kaliro DLG
JxDea4ibrD2,MOH - Uganda,Ankole,Kazo District,Kazo DLG
jxiNNWtPlZb,MOH - Uganda,Kampala,Kampala District,Kampala City Council
JXJMQls2Z9e,MOH - Uganda,Bunyoro,Masindi District,Masindi DLG
JxKxLSUoE7y,MOH - Uganda,Kampala,Kampala District,Kampala City Council
jxMaG7x1i0g,MOH - Uganda,Kampala,Kampala District,Kampala City Council
jXNRIjUVxw6,MOH - Uganda,Bunyoro,Kibaale District,Kibaale DLG
jXQTE3xshhK,MOH - Uganda,South Buganda,Kalungu District,Kalungu DLG
jxrLcXufEmD,MOH - Uganda,Kampala,Kampala District,Kampala City Council
jXTKw1ZKlCz,MOH - Uganda,Kampala,Kampala District,Kampala City Council
jyAB9wA2H7O,MOH - Uganda,Kampala,Kampala District,Kampala City Council
jYd77jC7ho6,MOH - Uganda,Bukedi,Pallisa District,Pallisa DLG
jysVbegOvJ8,MOH - Uganda,Acholi,Gulu City,Gulu City Council
JYvv0OJHsE1,MOH - Uganda,Kampala,Kampala District,Kampala City Council
JzFXi2QJM1b,MOH - Uganda,Acholi,Nwoya District,Nwoya DLG
JZGlqJWtPvj,MOH - Uganda,Kigezi,Kisoro District,Kisoro DLG
JzKteNKv7Xi,MOH - Uganda,Kampala,Kampala District,Kampala City Council
jzliOkvAgyM,MOH - Uganda,Lango,Oyam District,Oyam DLG
JzvyKeN1NIO,MOH - Uganda,Kigezi,Rukungiri District,Rukungiri DLG
jZZaAHvMUdv,MOH - Uganda,Kampala,Kampala District,Kampala City Council
K080TIY9bKB,MOH - Uganda,Bunyoro,Kakumiro District,Kakumiro DLG
k0CvH2xB5Lg,MOH - Uganda,Lango,Oyam District,Oyam DLG
K0MZ3COLlKt,MOH - Uganda,Bugisu,Kapchorwa District,Kapchorwa DLG
K0rthZS2crV,MOH - Uganda,South Buganda,Lwengo District,Lwengo DLG
k0sbMy2mOFw,MOH - Uganda,Busoga,Jinja City,Jinja City Council
k0YKgjQNXu9,MOH - Uganda,Kigezi,Kabale District,Kabale Municipality
K17kI4DiiW4,MOH - Uganda,Lango,Oyam District,Oyam DLG
k1Ady0jT3QS,MOH - Uganda,Acholi,Kitgum District,Kitgum Municipality
k1aJuPi2vxH,MOH - Uganda,Kampala,Kampala District,Kampala City Council
K1hnPf50efF,MOH - Uganda,Kampala,Kampala District,Kampala City Council
k1M0fgnxHgR,MOH - Uganda,Kampala,Kampala District,Kampala City Council
K1Qvy9fVY22,MOH - Uganda,South Buganda,Lwengo District,Lwengo DLG
K26vPVPCdhj,MOH - Uganda,Ankole,Rubirizi District,Rubirizi DLG
K295qd0SaGs,MOH - Uganda,Ankole,Isingiro District,Isingiro DLG
k2a3PCnnVdI,MOH - Uganda,South Buganda,Wakiso District,Wakiso DLG
K2BGHpaUluP,MOH - Uganda,Kigezi,Kabale District,Kabale Municipality
k2q9BoRYw7k,MOH - Uganda,Bukedi,Butebo District,Butebo DLG
k2QmjF7hYgF,MOH - Uganda,West Nile,Adjumani District,Adjumani DLG
k2T4dghrYMm,MOH - Uganda,North Buganda,Kiboga District,Kiboga DLG
k2tJZiRbUxa,MOH - Uganda,Kampala,Kampala District,Kampala City Council
k2zr8LOebh2,MOH - Uganda,Lango,Oyam District,Oyam DLG
K30ou0RFGNK,MOH - Uganda,West Nile,Yumbe District,Yumbe DLG
k38SanlZHyl,MOH - Uganda,Bunyoro,Kikuube District,Kikuube DLG
K3a1DparHnD,MOH - Uganda,South Buganda,Lwengo District,Lwengo DLG
K3CzZHcJAbW,MOH - Uganda,Ankole,Ibanda District,Ibanda DLG
K3E78Mqdg2A,MOH - Uganda,South Buganda,Kalangala District,Kalangala DLG
k3t7TZYuktj,MOH - Uganda,Kampala,Kampala District,Kampala City Council
K3vBq9z3CIM,MOH - Uganda,Kampala,Kampala District,Kampala City Council
K3VuoMDqbif,MOH - Uganda,Busoga,Bugiri District,Bugiri DLG
k3WymbF3pFL,MOH - Uganda,North Buganda,Mityana District,Mityana DLG
k3xgvufxeWb,MOH - Uganda,South Buganda,Rakai District,Rakai DLG
K4034C0ZnRg,MOH - Uganda,Teso,Kaberamaido District,Kaberamaido DLG
k407CKfDZb6,MOH - Uganda,South Buganda,Wakiso District,Nansana Municipality
k4AuRrsUWCi,MOH - Uganda,Ankole,Mbarara City,Mbarara City Council
k4Eck7qAIYP,MOH - Uganda,Busoga,Jinja City,Jinja City Council
K4hmnMfawFW,MOH - Uganda,Karamoja,Moroto District,Moroto DLG
K4INVux46tW,MOH - Uganda,South Buganda,Wakiso District,Wakiso DLG
k4NnCKx6UY9,MOH - Uganda,Ankole,Sheema District,Sheema DLG
k4SldyzKQF5,MOH - Uganda,South Buganda,Wakiso District,Nansana Municipality
K4sOgLE3pEO,MOH - Uganda,Kampala,Kampala District,Kampala City Council
K4STpEWxbwC,MOH - Uganda,Kampala,Kampala District,Kampala City Council
K4vcVLxpP5W,MOH - Uganda,Busoga,Kamuli District,Kamuli Municipality
K4xPqg94AWc,MOH - Uganda,Kampala,Kampala District,Kampala City Council
K56hypi6AUE,MOH - Uganda,South Buganda,Wakiso District,Wakiso DLG
k58XY2uVEjN,MOH - Uganda,Ankole,Ibanda District,Ibanda DLG
K5FmwjOLk5L,MOH - Uganda,Lango,Oyam District,Oyam DLG
k5IkJoVOOp0,MOH - Uganda,South Buganda,Wakiso District,Wakiso DLG
k5Nbz2uHuqP,MOH - Uganda,South Buganda,Wakiso District,Makindye Ssabagabo Municipality
K5Rwfv0pC4s,MOH - Uganda,Ankole,Isingiro District,Isingiro DLG
K5UNaJTsHtP,MOH - Uganda,North Buganda,Kayunga District,Kayunga DLG
k6j0hq6ObUX,MOH - Uganda,Kampala,Kampala District,Kampala City Council
K6M01q3jAbu,MOH - Uganda,South Buganda,Wakiso District,Kira Municipality
k6xMJILqFNN,MOH - Uganda,Kampala,Kampala District,Kampala City Council
K74ysFimUwH,MOH - Uganda,Acholi,Lamwo District,Lamwo DLG
K7Do3WBvmLa,MOH - Uganda,West Nile,Nebbi District,Nebbi DLG
k7sazN1EJ0o,MOH - Uganda,North Buganda,Buikwe District,Buikwe DLG
K87qlHUOEaJ,MOH - Uganda,Teso,Katakwi District,Katakwi DLG
k8HLe4uciRP,MOH - Uganda,West Nile,Yumbe District,Yumbe DLG
k8L3VDWuydN,MOH - Uganda,Kampala,Kampala District,Kampala City Council
K8vaOYB3Td7,MOH - Uganda,Kampala,Kampala District,Kampala City Council
k92Hpuse2dW,MOH - Uganda,North Buganda,Luwero District,Luwero DLG
K96UekMro5b,MOH - Uganda,Kampala,Kampala District,Kampala City Council
K97Ta0zw1QG,MOH - Uganda,Ankole,Rubirizi District,Rubirizi DLG
k9GSxASmkuD,MOH - Uganda,North Buganda,Mubende District,Mubende DLG
K9pqcJUmPIC,MOH - Uganda,Kampala,Kampala District,Kampala City Council
K9qEaNQI86x,MOH - Uganda,Ankole,Ibanda District,Ibanda Municipality
ka4jZCGb7zi,MOH - Uganda,Kampala,Kampala District,Kampala City Council
ka4wo1bKTx6,MOH - Uganda,South Buganda,Wakiso District,Entebbe Municipality
KA7zSU5VV0V,MOH - Uganda,West Nile,Arua City,Arua City Council
Ka9xJMnirSH,MOH - Uganda,Tooro,Kasese District,Kasese DLG
KabGzoH7k7H,MOH - Uganda,Teso,Soroti District,Soroti DLG
KaQgUo68H9v,MOH - Uganda,Busoga,Buyende District,Buyende DLG
KAs4bPmJ1pY,MOH - Uganda,Kampala,Kampala District,Kampala City Council
kASVhNlH8lr,MOH - Uganda,Kampala,Kampala District,Kampala City Council
KAyvkHCFbV2,MOH - Uganda,Kampala,Kampala District,Kampala City Council
kBBhLlLFodJ,MOH - Uganda,Acholi,Pader District,Pader DLG
kBCFqr2AhTe,MOH - Uganda,Lango,Amolatar District,Amolatar DLG
KbcqbhvDl0l,MOH - Uganda,Kampala,Kampala District,Kampala City Council
KbedMCCLOcZ,MOH - Uganda,North Buganda,Buikwe District,Njeru Municipality
kBh5SXXDeFJ,MOH - Uganda,Kampala,Kampala District,Kampala City Council
kbI3b6L8ayi,MOH - Uganda,South Buganda,Sembabule District,Sembabule DLG
kbiNehvstx4,MOH - Uganda,Kigezi,Kabale District,Kabale DLG
KBjtlZguP00,MOH - Uganda,Acholi,Gulu District,Gulu DLG
KBk0KFmtX6p,MOH - Uganda,Bugisu,Mbale District,Mbale DLG
Kbl0FH0ICPC,MOH - Uganda,North Buganda,Mukono District,Mukono Municipality
KbMOUjVK28j,MOH - Uganda,Teso,Kumi District,Kumi Municipality
KBNJtdMGHlZ,MOH - Uganda,Lango,Dokolo District,Dokolo DLG
KBtl5UgRxYx,MOH - Uganda,Kampala,Kampala District,Kampala City Council
kbwt8gXCg2M,MOH - Uganda,South Buganda,Wakiso District,Makindye Ssabagabo Municipality
kbXEP21YajN,MOH - Uganda,Ankole,Kiruhura District,Kiruhura DLG
KByPNEdaRd4,MOH - Uganda,West Nile,Arua City,Arua City Council
KC28vpic105,MOH - Uganda,South Buganda,Kyotera District,Kyotera DLG
Kc7UIYCljdS,MOH - Uganda,Lango,Lira City,Lira City Council
kcfEJoE9EDA,MOH - Uganda,Kampala,Kampala District,Kampala City Council
KcfKx2brSuv,MOH - Uganda,North Buganda,Kyankwanzi District,Kyankwanzi DLG
kCFrUdemC2x,MOH - Uganda,Kampala,Kampala District,Kampala City Council
kcgYUPNUV35,MOH - Uganda,Teso,Kaberamaido District,Kaberamaido DLG
KcJNps9Fnqu,MOH - Uganda,Kampala,Kampala District,Kampala City Council
kcN9QDE04TK,MOH - Uganda,Kampala,Kampala District,Kampala City Council
kcNsVyGp9mq,MOH - Uganda,Kampala,Kampala District,Kampala City Council
KCqaFyGMWjF,MOH - Uganda,Lango,Oyam District,Oyam DLG
kczz270uT8h,MOH - Uganda,Kampala,Kampala District,Kampala City Council
KD8INI3rs3S,MOH - Uganda,Lango,Kole District,Kole DLG
KdA1k7mlyJ2,MOH - Uganda,Ankole,Sheema District,Sheema DLG
KDbw26kI5c4,MOH - Uganda,Kampala,Kampala District,Kampala City Council
KDf8Zgi9Sru,MOH - Uganda,Kampala,Kampala District,Kampala City Council
KDFo3P72P9d,MOH - Uganda,Busoga,Mayuge District,Mayuge DLG
KdgzndFsQHP,MOH - Uganda,Kampala,Kampala District,Kampala City Council
KDkEBufisia,MOH - Uganda,Teso,Katakwi District,Katakwi DLG
KDPH9XYjHly,MOH - Uganda,Ankole,Isingiro District,Isingiro DLG
KdRYPKINiix,MOH - Uganda,Bugisu,Sironko District,Sironko DLG
kdtrPobMkil,MOH - Uganda,Kigezi,Kabale District,Kabale Municipality
KdXcYwODMXn,MOH - Uganda,Kampala,Kampala District,Kampala City Council
kE3qTLNZlZ8,MOH - Uganda,South Buganda,Gomba District,Gomba DLG
kE890CUk3d0,MOH - Uganda,Kampala,Kampala District,Kampala City Council
kEAAnF6s9TJ,MOH - Uganda,Bukedi,Kibuku District,Kibuku DLG
keB0ObgShwl,MOH - Uganda,Kampala,Kampala District,Kampala City Council
keb3IXc29je,MOH - Uganda,Lango,Kole District,Kole DLG
keBYORWz4fP,MOH - Uganda,Kampala,Kampala District,Kampala City Council
KEFxANufFF4,MOH - Uganda,Kampala,Kampala District,Kampala City Council
KEIKDwAOYcF,MOH - Uganda,Lango,Dokolo District,Dokolo DLG
KEJ7kcBumFl,MOH - Uganda,Teso,Soroti City,Soroti City Council
kENm07BclW8,MOH - Uganda,South Buganda,Wakiso District,Nansana Municipality
KETYpFB0Gpn,MOH - Uganda,Kampala,Kampala District,Kampala City Council
KEvML4KzriI,MOH - Uganda,West Nile,Yumbe District,Yumbe DLG
Kf1o8kvbbaS,MOH - Uganda,Teso,Kumi District,Kumi DLG
KFEyDFAf0wm,MOH - Uganda,Kampala,Kampala District,Kampala City Council
kFFSlwDLlKV,MOH - Uganda,Ankole,Isingiro District,Isingiro DLG
KFix5BxgoTl,MOH - Uganda,Ankole,Mitooma District,Mitooma DLG
KfK1PQp512A,MOH - Uganda,Kampala,Kampala District,Kampala City Council
kfrmcSjIoIv,MOH - Uganda,Kampala,Kampala District,Kampala City Council
kG0Pg9QsbJM,MOH - Uganda,Acholi,Gulu City,Gulu City Council
kg1mRWqm75y,MOH - Uganda,Kampala,Kampala District,Kampala City Council
KgD1nv5kuAT,MOH - Uganda,Kampala,Kampala District,Kampala City Council
KgFiiUmrRxI,MOH - Uganda,Acholi,Pader District,Pader DLG
kggrthitjzr,MOH - Uganda,Kampala,Kampala District,Kampala City Council
kGgsNgqtu65,MOH - Uganda,South Buganda,Lwengo District,Lwengo DLG
kgGwpUHkb9n,MOH - Uganda,Kampala,Kampala District,Kampala City Council
kGKMylkSAy8,MOH - Uganda,Lango,Otuke District,Otuke DLG
kGkZ6wnZEYU,MOH - Uganda,Karamoja,Kaabong District,Kaabong DLG
KGNFccC50jE,MOH - Uganda,Bunyoro,Kiryandongo District,Kiryandongo DLG
kgOqliqXue5,MOH - Uganda,West Nile,Madi-Okollo District,Madi-Okollo DLG
KGqGBYXgnr0,MOH - Uganda,Tooro,Kamwenge District,Kamwenge DLG
kgXhdFslF7s,MOH - Uganda,Kampala,Kampala District,Kampala City Council
kgZNSm9wbez,MOH - Uganda,Bugisu,Bukwo District,Bukwo DLG
kgzVJvjU7bH,MOH - Uganda,Teso,Soroti City,Soroti City Council
khbm0rn5EcC,MOH - Uganda,Kampala,Kampala District,Kampala City Council
khBn8N5fIw8,MOH - Uganda,West Nile,Terego District,Terego DLG
Khcb8YYpw8O,MOH - Uganda,North Buganda,Nakaseke District,Nakaseke DLG
KHdENRAXOQJ,MOH - Uganda,Bunyoro,Kakumiro District,Kakumiro DLG
kHostqbVYCJ,MOH - Uganda,Busoga,Namayingo District,Namayingo DLG
kHP07bl5GKi,MOH - Uganda,Kampala,Kampala District,Kampala City Council
KHtmNTRGJ2q,MOH - Uganda,North Buganda,Mukono District,Mukono DLG
kHuVXAaM9i6,MOH - Uganda,South Buganda,Wakiso District,Wakiso DLG
KhvLQSeeHZM,MOH - Uganda,Tooro,Kasese District,Kasese DLG
KHwThSaTX0L,MOH - Uganda,South Buganda,Kyotera District,Kyotera DLG
ki3e1wWZlrD,MOH - Uganda,Kampala,Kampala District,Kampala City Council
ki7OTkwbiYr,MOH - Uganda,Kampala,Kampala District,Kampala City Council
KI8o95TUUxA,MOH - Uganda,Kampala,Kampala District,Kampala City Council
KIBO7wHAQCS,MOH - Uganda,Kampala,Kampala District,Kampala City Council
kII5LCCxxSQ,MOH - Uganda,Kampala,Kampala District,Kampala City Council
kiM2BOyZ1V6,MOH - Uganda,Kigezi,Kabale District,Kabale DLG
KIOpGSnTUHo,MOH - Uganda,Tooro,Kyegegwa District,Kyegegwa DLG
kiuNceUg1Zo,MOH - Uganda,Busoga,Bugweri District,Bugweri DLG
kiwXaS8ccpN,MOH - Uganda,North Buganda,Kiboga District,Kiboga DLG
KIxk9RDic7e,MOH - Uganda,Tooro,Kasese District,Kasese DLG
Kj3oyhan67T,MOH - Uganda,Bunyoro,Kakumiro District,Kakumiro DLG
KJ7aFxkGCAs,MOH - Uganda,Ankole,Ntungamo District,Ntungamo DLG
kJ8CMUMloVu,MOH - Uganda,Acholi,Amuru District,Amuru DLG
kJ8zh4TpBav,MOH - Uganda,Tooro,Fort Portal City,Fort Portal City Council
kJRTTFJR9io,MOH - Uganda,Lango,Oyam District,Oyam DLG
kjrZmlTqV89,MOH - Uganda,Ankole,Ntungamo District,Ntungamo DLG
KjU1XMtywg9,MOH - Uganda,Bunyoro,Kakumiro District,Kakumiro DLG
Kkc4SL2LQyI,MOH - Uganda,South Buganda,Sembabule District,Sembabule DLG
KKGQeLdmpeT,MOH - Uganda,South Buganda,Wakiso District,Wakiso DLG
KkhXqfAtuB1,MOH - Uganda,Tooro,Fort Portal City,Fort Portal City Council
kkLTTVbk32P,MOH - Uganda,Kigezi,Kabale District,Kabale DLG
kkNYl0r71q6,MOH - Uganda,Busoga,Bugiri District,Bugiri DLG
kkPs3xyvsD5,MOH - Uganda,Bunyoro,Kagadi District,Kagadi DLG
kKuqQelGUnq,MOH - Uganda,North Buganda,Kiboga District,Kiboga DLG
kkXMXPOwvKq,MOH - Uganda,South Buganda,Wakiso District,Nansana Municipality
kkYUoOF74Eb,MOH - Uganda,Teso,Soroti District,Soroti DLG
KLBxmLPpWUr,MOH - Uganda,South Buganda,Sembabule District,Sembabule DLG
KlE3poeRUon,MOH - Uganda,Kampala,Kampala District,Kampala City Council
KLEPRYA9Nge,MOH - Uganda,West Nile,Pakwach District,Pakwach DLG
KlGGom62gxM,MOH - Uganda,Kigezi,Kabale District,Kabale DLG
kLgmLxMJP9O,MOH - Uganda,Kigezi,Rukungiri District,Rukungiri DLG
klm6Qkde1bX,MOH - Uganda,Kampala,Kampala District,Kampala City Council
KLRFW0OxcyN,MOH - Uganda,North Buganda,Mityana District,Mityana DLG
KLUaz4vAm5G,MOH - Uganda,Bugisu,Namisindwa District,Namisindwa DLG
klwx6rSe63o,MOH - Uganda,Lango,Alebtong District,Alebtong DLG
KlZKNf2z5B5,MOH - Uganda,South Buganda,Kalangala District,Kalangala DLG
km3MIIcwFb6,MOH - Uganda,Kampala,Kampala District,Kampala City Council
KM8jCDa1qLw,MOH - Uganda,Kampala,Kampala District,Kampala City Council
kmdKk5UMBBI,MOH - Uganda,Kampala,Kampala District,Kampala City Council
kmDWtYyAZ3F,MOH - Uganda,West Nile,Arua City,Arua City Council
kmHZjBhKJEo,MOH - Uganda,South Buganda,Wakiso District,Makindye Ssabagabo Municipality
KmKIA7d9Mdh,MOH - Uganda,Kampala,Kampala District,Kampala City Council
KMKSbxhedfy,MOH - Uganda,Kampala,Kampala District,Kampala City Council
kmmc4sMD2Zv,MOH - Uganda,Kigezi,Kanungu District,Kanungu DLG
kmMsZlhKuUa,MOH - Uganda,Kampala,Kampala District,Kampala City Council
kMSksJpIDQP,MOH - Uganda,Kampala,Kampala District,Kampala City Council
kmViZ7R7pkV,MOH - Uganda,Kampala,Kampala District,Kampala City Council
Kmw6iQfQA2L,MOH - Uganda,Ankole,Ibanda District,Ibanda Municipality
kMZGxkg0VmA,MOH - Uganda,South Buganda,Butambala District,Butambala DLG
Kn6t9pxwTTv,MOH - Uganda,Tooro,Kasese District,Kasese DLG
knAcurSqZWF,MOH - Uganda,South Buganda,Wakiso District,Wakiso DLG
KNlNSSvSXQc,MOH - Uganda,Bunyoro,Kiryandongo District,Kiryandongo DLG
KnNeqK0KCRE,MOH - Uganda,Kampala,Kampala District,Kampala City Council
kNqkUlTR9EA,MOH - Uganda,South Buganda,Lyantonde District,Lyantonde DLG
knT6WKTr4lg,MOH - Uganda,Ankole,Isingiro District,Isingiro DLG
KNTZzJ1zNVM,MOH - Uganda,Tooro,Kasese District,Kasese DLG
kNuUQjakycb,MOH - Uganda,South Buganda,Wakiso District,Makindye Ssabagabo Municipality
KNuyUySHocg,MOH - Uganda,South Buganda,Gomba District,Gomba DLG
KOEmIGNgghC,MOH - Uganda,West Nile,Yumbe District,Yumbe DLG
KoFsKTrBNe7,MOH - Uganda,West Nile,Terego District,Terego DLG
kok2qm84V6X,MOH - Uganda,South Buganda,Mpigi District,Mpigi DLG
kOlitJ9usyf,MOH - Uganda,South Buganda,Kalangala District,Kalangala DLG
KOR692oAfkP,MOH - Uganda,North Buganda,Kayunga District,Kayunga DLG
KoskE9810WZ,MOH - Uganda,Busoga,Mayuge District,Mayuge DLG
kp3Qt0wrsJu,MOH - Uganda,Tooro,Kyenjojo District,Kyenjojo DLG
kpABFCegbHX,MOH - Uganda,Kampala,Kampala District,Kampala City Council
KpCgX05NrIS,MOH - Uganda,Kampala,Kampala District,Kampala City Council
KPdYR8oFFSw,MOH - Uganda,Tooro,Ntoroko District,Ntoroko DLG
KPKex7aRlLS,MOH - Uganda,Kampala,Kampala District,Kampala City Council
KPoshqPMs2y,MOH - Uganda,Busoga,Bugiri District,Bugiri DLG
KPpGdhcZvNE,MOH - Uganda,Kigezi,Rukungiri District,Rukungiri DLG
Kq1PHELpcxR,MOH - Uganda,Kampala,Kampala District,Kampala City Council
Kq6r9wr36GH,MOH - Uganda,Kampala,Kampala District,Kampala City Council
KqD0EIFhABs,MOH - Uganda,Kampala,Kampala District,Kampala City Council
kQeei91EB4G,MOH - Uganda,South Buganda,Wakiso District,Wakiso DLG
kQFYh5AGc6M,MOH - Uganda,Kampala,Kampala District,Kampala City Council
KQq08wg4OMm,MOH - Uganda,South Buganda,Wakiso District,Kira Municipality
kQQt1VMIlA9,MOH - Uganda,Kampala,Kampala District,Kampala City Council
KQt6eh1UGuS,MOH - Uganda,Ankole,Bushenyi District,Bushenyi DLG
KqVp007zQOY,MOH - Uganda,Busoga,Jinja District,Jinja DLG
kqzuojcxBxs,MOH - Uganda,Busoga,Buyende District,Buyende DLG
kr4ugzIMHzL,MOH - Uganda,Bukedi,Tororo District,Tororo DLG
kR6RZOJffVY,MOH - Uganda,Ankole,Buhweju District,Buhweju DLG
Kr7CHCgWoNo,MOH - Uganda,South Buganda,Lwengo District,Lwengo DLG
KRa2qVWZ6vE,MOH - Uganda,Kampala,Kampala District,Kampala City Council
kRHsHEykv9w,MOH - Uganda,Kampala,Kampala District,Kampala City Council
krIH36G6xhy,MOH - Uganda,Teso,Kapelebyong District,Kapelebyong DLG
krPNAO6ikKF,MOH - Uganda,Karamoja,Kotido District,Kotido DLG
KruIIbHDSwb,MOH - Uganda,South Buganda,Wakiso District,Kira Municipality
KRwcy1zyd5P,MOH - Uganda,Kampala,Kampala District,Kampala City Council
krX5G0oMDPX,MOH - Uganda,Kigezi,Rukungiri District,Rukungiri Municipality
Krxa01FAxdW,MOH - Uganda,West Nile,Adjumani District,Adjumani DLG
krZXXQ5cUvP,MOH - Uganda,West Nile,Koboko District,Koboko Municipality
kSanP7rgdb2,MOH - Uganda,Tooro,Kabarole District,Kabarole DLG
KSEpaXjsLvy,MOH - Uganda,Kampala,Kampala District,Kampala City Council
kSgTFvHV1u1,MOH - Uganda,Kampala,Kampala District,Kampala City Council
KSIA5YYx4h7,MOH - Uganda,Kampala,Kampala District,Kampala City Council
KSISbkevj03,MOH - Uganda,North Buganda,Kayunga District,Kayunga DLG
kSluRjthpsk,MOH - Uganda,Busoga,Jinja City,Jinja City Council
KSQ9mCLvRMA,MOH - Uganda,West Nile,Koboko District,Koboko DLG
KSrm1cFNorS,MOH - Uganda,Tooro,Kasese District,Kasese DLG
KssVUerFkyV,MOH - Uganda,Kampala,Kampala District,Kampala City Council
KSVxJfpwdlo,MOH - Uganda,Acholi,Amuru District,Amuru DLG
KsvZ6Mr8PYj,MOH - Uganda,South Buganda,Lwengo District,Lwengo DLG
Kt3uooeOw2H,MOH - Uganda,Bukedi,Kibuku District,Kibuku DLG
ktaPwuDxHca,MOH - Uganda,Kigezi,Kabale District,Kabale DLG
KTD5uDtAmFV,MOH - Uganda,South Buganda,Wakiso District,Nansana Municipality
kTnTCeBN2we,MOH - Uganda,Bugisu,Bududa District,Bududa DLG
KTTl1ryBZOH,MOH - Uganda,Kigezi,Kisoro District,Kisoro DLG
Ktv5BDJekYa,MOH - Uganda,Acholi,Pader District,Pader DLG
ktWYA6M0nc1,MOH - Uganda,Busoga,Bugweri District,Bugweri DLG
Ku0I5IciWi3,MOH - Uganda,Kampala,Kampala District,Kampala City Council
KuCGJjeYQS4,MOH - Uganda,Tooro,Kasese District,Kasese DLG
kuczjUQak22,MOH - Uganda,North Buganda,Kayunga District,Kayunga DLG
KUFnXlL4bk3,MOH - Uganda,Kampala,Kampala District,Kampala City Council
kUhtBbzGOhj,MOH - Uganda,South Buganda,Wakiso District,Wakiso DLG
kUonlvZyTBd,MOH - Uganda,Busoga,Bugweri District,Bugweri DLG
kUt13kAkDOM,MOH - Uganda,Kampala,Kampala District,Kampala City Council
kuUoTCNbSVN,MOH - Uganda,Kampala,Kampala District,Kampala City Council
Kv8JwHsq4hU,MOH - Uganda,West Nile,Nebbi District,Nebbi Municipality
kVasRtzumpR,MOH - Uganda,Kampala,Kampala District,Kampala City Council
KvD9wHeuLIO,MOH - Uganda,Kampala,Kampala District,Kampala City Council
kvNr0D5clU1,MOH - Uganda,Tooro,Bundibugyo District,Bundibugyo DLG
KVr6XH80o39,MOH - Uganda,Busoga,Kamuli District,Kamuli DLG
kvUDYZNXioX,MOH - Uganda,Kampala,Kampala District,Kampala City Council
KvVIhkg02SH,MOH - Uganda,Lango,Lira City,Lira City Council
KvVOsdP3tUT,MOH - Uganda,Kampala,Kampala District,Kampala City Council
kVVwdnabTQv,MOH - Uganda,Kigezi,Kabale District,Kabale DLG
kvVwuWTcke4,MOH - Uganda,Lango,Kwania District,Kwania DLG
kvZH9oA6jkJ,MOH - Uganda,Karamoja,Moroto District,Moroto DLG
kw2BNLtK1FZ,MOH - Uganda,Ankole,Mbarara District,Mbarara DLG
KWAF1AxTa0g,MOH - Uganda,South Buganda,Wakiso District,Nansana Municipality
kWbZYRdDuOV,MOH - Uganda,Kigezi,Rukungiri District,Rukungiri Municipality
kwd5xyrWwvO,MOH - Uganda,Teso,Amuria District,Amuria DLG
KwFneGvRFii,MOH - Uganda,North Buganda,Mukono District,Mukono DLG
kWPbdXGTSEP,MOH - Uganda,Kampala,Kampala District,Kampala City Council
kwsduukJslu,MOH - Uganda,Bunyoro,Kibaale District,Kibaale DLG
kWUiHKc3YBe,MOH - Uganda,Kampala,Kampala District,Kampala City Council
kWVEqgcD75e,MOH - Uganda,Teso,Katakwi District,Katakwi DLG
kWWm9MulE7o,MOH - Uganda,Kampala,Kampala District,Kampala City Council
kwX8AJb1QLp,MOH - Uganda,Busoga,Bugweri District,Bugweri DLG
kWyvvRe8Acf,MOH - Uganda,Lango,Oyam District,Oyam DLG
kWzr4MZdqwH,MOH - Uganda,Ankole,Rubirizi District,Rubirizi DLG
kx0KBt6s0UP,MOH - Uganda,Kigezi,Kabale District,Kabale DLG
kXaLnWCigFE,MOH - Uganda,South Buganda,Wakiso District,Nansana Municipality
KXgSNsSsRDy,MOH - Uganda,Acholi,Nwoya District,Nwoya DLG
KxH0qPHr86r,MOH - Uganda,Kampala,Kampala District,Kampala City Council
kXJkfnWxIIw,MOH - Uganda,Kigezi,Rukungiri District,Rukungiri DLG
kxk7ZYQrhLU,MOH - Uganda,North Buganda,Luwero District,Luwero DLG
KXlCdKDSE53,MOH - Uganda,Kampala,Kampala District,Kampala City Council
KXLx07T0Ya6,MOH - Uganda,Kampala,Kampala District,Kampala City Council
KXOXnz6cNpF,MOH - Uganda,Kampala,Kampala District,Kampala City Council
KxsbqkvLySk,MOH - Uganda,Kampala,Kampala District,Kampala City Council
kxVY2RdnU9x,MOH - Uganda,South Buganda,Wakiso District,Wakiso DLG
KxZ5JffPYWJ,MOH - Uganda,Kampala,Kampala District,Kampala City Council
Ky0NwC20tvu,MOH - Uganda,West Nile,Yumbe District,Yumbe DLG
KyCqBaEFJk5,MOH - Uganda,South Buganda,Kyotera District,Kyotera DLG
kyHAWNZ9EPd,MOH - Uganda,North Buganda,Nakaseke District,Nakaseke DLG
kyjdLGJVnas,MOH - Uganda,Kampala,Kampala District,Kampala City Council
KYMxfFztCFl,MOH - Uganda,Teso,Soroti City,Soroti City Council
kYo6rlWFlg2,MOH - Uganda,Bugisu,Manafwa District,Manafwa DLG
kyTQy9cpiBY,MOH - Uganda,North Buganda,Kayunga District,Kayunga DLG
Kz2OxMmsppp,MOH - Uganda,Lango,Kole District,Kole DLG
Kz4R1fHjE7p,MOH - Uganda,Bukedi,Butaleja District,Butaleja DLG
Kz91AKphExv,MOH - Uganda,Acholi,Kitgum District,Kitgum DLG
kzcFT7o4I3R,MOH - Uganda,Kampala,Kampala District,Kampala City Council
kZEhE6UH0aB,MOH - Uganda,Ankole,Ibanda District,Ibanda DLG
kzFJJnKcISy,MOH - Uganda,Bunyoro,Kiryandongo District,Kiryandongo DLG
kZg2QlWweeg,MOH - Uganda,South Buganda,Wakiso District,Wakiso DLG
KZgRjddzIP8,MOH - Uganda,Ankole,Ibanda District,Ibanda Municipality
kZjToMkyoH7,MOH - Uganda,Kampala,Kampala District,Kampala City Council
kzlDw6HdJt6,MOH - Uganda,West Nile,Arua District,Arua DLG
kzLISJoCSzb,MOH - Uganda,Bukedi,Tororo District,Tororo Municipality
kZpzSiTo7cR,MOH - Uganda,Kampala,Kampala District,Kampala City Council
Kzs1S7Hmg3e,MOH - Uganda,South Buganda,Mpigi District,Mpigi DLG
kzTfjrF5dgl,MOH - Uganda,Kigezi,Kabale District,Kabale Municipality
KZTq0UyqexL,MOH - Uganda,Busoga,Bugiri District,Bugiri DLG
KzxdCSnvGwD,MOH - Uganda,Busoga,Buyende District,Buyende DLG
L04tDDkt7CP,MOH - Uganda,Busoga,Namutumba District,Namutumba DLG
L0AxYQm1TZI,MOH - Uganda,Karamoja,Karenga District,Karenga DLG
L0Kkfr9jHum,MOH - Uganda,Busoga,Kaliro District,Kaliro DLG
l12WVX1mLGY,MOH - Uganda,South Buganda,Wakiso District,Makindye Ssabagabo Municipality
L1cVWMETOKe,MOH - Uganda,Kampala,Kampala District,Kampala City Council
l1hfNtLIZRU,MOH - Uganda,Kampala,Kampala District,Kampala City Council
l1UGueRWDTc,MOH - Uganda,Ankole,Sheema District,Sheema DLG
L1xyzHN8G9z,MOH - Uganda,North Buganda,Buikwe District,Njeru Municipality
L1yJV3P8yxC,MOH - Uganda,South Buganda,Sembabule District,Sembabule DLG
L20gRk40SMX,MOH - Uganda,Kampala,Kampala District,Kampala City Council
L23bjhP4iO0,MOH - Uganda,South Buganda,Wakiso District,Nansana Municipality
l25J2D2A6R3,MOH - Uganda,Acholi,Amuru District,Amuru DLG
l268ov5GFsR,MOH - Uganda,West Nile,Arua City,Arua City Council
L2AawSLvQy5,MOH - Uganda,Ankole,Ibanda District,Ibanda Municipality
l2cANoyAws0,MOH - Uganda,South Buganda,Lyantonde District,Lyantonde DLG
l2mnMgjb7HJ,MOH - Uganda,Kampala,Kampala District,Kampala City Council
L3C3YjvXtRE,MOH - Uganda,Busoga,Luuka District,Luuka DLG
L3gFRSrU2gm,MOH - Uganda,North Buganda,Kyankwanzi District,Kyankwanzi DLG
L3gSrcVk4Nj,MOH - Uganda,South Buganda,Sembabule District,Sembabule DLG
l3m3qOAxOos,MOH - Uganda,Bunyoro,Kibaale District,Kibaale DLG
l3oOKBFWJkz,MOH - Uganda,North Buganda,Mityana District,Mityana DLG
l3tNefJ6Uo8,MOH - Uganda,Bugisu,Kween District,Kween DLG
L4ABgSqNsXd,MOH - Uganda,Lango,Otuke District,Otuke DLG
L4eGrjEGQTN,MOH - Uganda,Acholi,Omoro District,Omoro DLG
L527rOiqFUJ,MOH - Uganda,Bunyoro,Buliisa District,Buliisa DLG
l5C1tkKf11K,MOH - Uganda,Teso,Amuria District,Amuria DLG
l5HaUjsJOQX,MOH - Uganda,North Buganda,Mukono District,Mukono Municipality
l5IkUjOGO6K,MOH - Uganda,North Buganda,Luwero District,Luwero DLG
L5QRgSm8m8E,MOH - Uganda,North Buganda,Mukono District,Mukono Municipality
l5XOgabZp4j,MOH - Uganda,Teso,Katakwi District,Katakwi DLG
L63oRktfIfQ,MOH - Uganda,Busoga,Buyende District,Buyende DLG
l6faU6mJBOh,MOH - Uganda,North Buganda,Nakaseke District,Nakaseke DLG
l6Hyq52O7B1,MOH - Uganda,Acholi,Gulu City,Gulu City Council
L6jKrmFEaSA,MOH - Uganda,North Buganda,Nakaseke District,Nakaseke DLG
L6wv8QCaJ0O,MOH - Uganda,Kigezi,Rukungiri District,Rukungiri DLG
l784h9b6oVv,MOH - Uganda,Kampala,Kampala District,Kampala City Council
L7CRDZCs1Q6,MOH - Uganda,Tooro,Kasese District,Kasese Municipality
L7H26nkcc8K,MOH - Uganda,Bukedi,Tororo District,Tororo DLG
l821TIIwWw8,MOH - Uganda,Kigezi,Kisoro District,Kisoro Municipality
L82JnVXeVbj,MOH - Uganda,Kampala,Kampala District,Kampala City Council
L8aG2wV3SbE,MOH - Uganda,Lango,Kwania District,Kwania DLG
l8EC97zI8Xl,MOH - Uganda,North Buganda,Mukono District,Mukono DLG
L8euyXcxuVQ,MOH - Uganda,Kampala,Kampala District,Kampala City Council
l8JCkd3nqOV,MOH - Uganda,South Buganda,Wakiso District,Nansana Municipality
l8wbg6pPSHZ,MOH - Uganda,South Buganda,Wakiso District,Kira Municipality
l8xLG4qN7Eu,MOH - Uganda,Kampala,Kampala District,Kampala City Council
L9235x9BWmp,MOH - Uganda,Teso,Serere District,Serere DLG
l98pFyx1kxY,MOH - Uganda,Kampala,Kampala District,Kampala City Council
l9dGMGtxEOi,MOH - Uganda,Kigezi,Rubanda District,Rubanda DLG
l9hCccYpw87,MOH - Uganda,Teso,Kumi District,Kumi DLG
L9isDZQcpuo,MOH - Uganda,Teso,Bukedea District,Bukedea DLG
l9nJ36E5ova,MOH - Uganda,South Buganda,Kalangala District,Kalangala DLG
L9Z2oBwbonf,MOH - Uganda,Lango,Apac District,Apac DLG
lA1WE2whEbK,MOH - Uganda,North Buganda,Mukono District,Mukono DLG
la7RfifKZME,MOH - Uganda,Ankole,Kiruhura District,Kiruhura DLG
Lab5PTegIV9,MOH - Uganda,South Buganda,Wakiso District,Kira Municipality
LAduEDtIbFj,MOH - Uganda,Kampala,Kampala District,Kampala City Council
laK3lxiFM89,MOH - Uganda,Kampala,Kampala District,Kampala City Council
LakmsyzfDJx,MOH - Uganda,Kampala,Kampala District,Kampala City Council
LaLIpBS7ZeK,MOH - Uganda,Ankole,Mbarara District,Mbarara DLG
lAp1gLzugAb,MOH - Uganda,Tooro,Kyenjojo District,Kyenjojo DLG
laPnCXSZ0Oo,MOH - Uganda,South Buganda,Butambala District,Butambala DLG
lAyJuyzL2Oj,MOH - Uganda,South Buganda,Wakiso District,Wakiso DLG
lB1uQbDa4Ip,MOH - Uganda,South Buganda,Wakiso District,Kira Municipality
lB4cs5RihRp,MOH - Uganda,North Buganda,Kassanda District,Kassanda DLG
lbC7VcrM9If,MOH - Uganda,South Buganda,Wakiso District,Wakiso DLG
LBGJIu5yim8,MOH - Uganda,Busoga,Luuka District,Luuka DLG
lBHVowy9gn1,MOH - Uganda,Kampala,Kampala District,Kampala City Council
lbLwvsxtAIk,MOH - Uganda,South Buganda,Kalungu District,Kalungu DLG
lbot9vOeQXJ,MOH - Uganda,Kampala,Kampala District,Kampala City Council
LBp4DiaMDo4,MOH - Uganda,Busoga,Buyende District,Buyende DLG
LBq7q7rovGE,MOH - Uganda,Kampala,Kampala District,Kampala City Council
lbSFdOKlt9g,MOH - Uganda,West Nile,Nebbi District,Nebbi Municipality
lbStFb3HNvr,MOH - Uganda,Kampala,Kampala District,Kampala City Council
LBXgpCULyDB,MOH - Uganda,North Buganda,Mukono District,Mukono DLG
lc4Z78sRE6p,MOH - Uganda,Tooro,Kitagwenda District,Kitagwenda DLG
lC60BUrGZlW,MOH - Uganda,Kigezi,Rubanda District,Rubanda DLG
lc9TtSQnPCv,MOH - Uganda,Ankole,Mbarara District,Mbarara DLG
lcBEpZG4m9x,MOH - Uganda,North Buganda,Mubende District,Mubende DLG
LcDCJ8enDPT,MOH - Uganda,Ankole,Ibanda District,Ibanda DLG
lCDlrIDPkI8,MOH - Uganda,Kampala,Kampala District,Kampala City Council
lCEffRvoU53,MOH - Uganda,Busoga,Mayuge District,Mayuge DLG
LCgzwsbPRKl,MOH - Uganda,Bukedi,Tororo District,Tororo DLG
lclJKSu87er,MOH - Uganda,Bugisu,Mbale City,Mbale City Council
lCLOG82HUlc,MOH - Uganda,Ankole,Ntungamo District,Ntungamo DLG
LCLV69y7s8Z,MOH - Uganda,North Buganda,Kiboga District,Kiboga DLG
Lcmjm7r98bi,MOH - Uganda,West Nile,Yumbe District,Yumbe DLG
lCNjvOwBgzK,MOH - Uganda,Busoga,Kamuli District,Kamuli Municipality
LCnYimQVQRg,MOH - Uganda,Ankole,Kiruhura District,Kiruhura DLG
lcO6RdlZ4e2,MOH - Uganda,Kampala,Kampala District,Kampala City Council
LcOdGRO9rnR,MOH - Uganda,Kampala,Kampala District,Kampala City Council
Lcrj0xGjkLA,MOH - Uganda,Kampala,Kampala District,Kampala City Council
LD6a5BtbBcN,MOH - Uganda,South Buganda,Wakiso District,Wakiso DLG
lDDdixaJa05,MOH - Uganda,Kampala,Kampala District,Kampala City Council
LdgVQTS79eI,MOH - Uganda,West Nile,Pakwach District,Pakwach DLG
LDngLVQbqNI,MOH - Uganda,North Buganda,Buvuma District,Buvuma DLG
LdOtQM4mv4S,MOH - Uganda,Bunyoro,Kiryandongo District,Kiryandongo DLG
lDPaRCAB2hR,MOH - Uganda,North Buganda,Kiboga District,Kiboga DLG
ldVk8civU6m,MOH - Uganda,Acholi,Agago District,Agago DLG
lDVrvHJzAg5,MOH - Uganda,Bugisu,Namisindwa District,Namisindwa DLG
LDXeMBpjAJq,MOH - Uganda,Bugisu,Mbale District,Mbale DLG
lEayYKvmKD2,MOH - Uganda,Ankole,Mbarara District,Mbarara DLG
LEN9wLPIjyQ,MOH - Uganda,South Buganda,Mpigi District,Mpigi DLG
lEpbJg4du2d,MOH - Uganda,South Buganda,Wakiso District,Makindye Ssabagabo Municipality
ley8cutuvE9,MOH - Uganda,Bukedi,Tororo District,Tororo DLG
lF4U1Yzu0Ka,MOH - Uganda,South Buganda,Mpigi District,Mpigi DLG
lFAveMrpNVa,MOH - Uganda,Kigezi,Rukiga District,Rukiga DLG
lfCP5in3t6p,MOH - Uganda,South Buganda,Wakiso District,Kira Municipality
LFhV54lMSwu,MOH - Uganda,Kampala,Kampala District,Kampala City Council
LFkCyiudO0u,MOH - Uganda,Acholi,Pader District,Pader DLG
LFTTskGAFSC,MOH - Uganda,North Buganda,Mukono District,Mukono Municipality
lFzxlKU9GDe,MOH - Uganda,Teso,Amuria District,Amuria DLG
Lg5nRzvjoUQ,MOH - Uganda,Kampala,Kampala District,Kampala City Council
lg9RDHGZ9Qi,MOH - Uganda,South Buganda,Wakiso District,Entebbe Municipality
LG9zcCdoUMv,MOH - Uganda,Karamoja,Napak District,Napak DLG
lGAhRBCmDzT,MOH - Uganda,Tooro,Kasese District,Kasese DLG
lGdKcxEQz4E,MOH - Uganda,Teso,Amuria District,Amuria DLG
lgFzL869m2r,MOH - Uganda,South Buganda,Kyotera District,Kyotera DLG
Lgs45wMr4Ua,MOH - Uganda,Busoga,Kamuli District,Kamuli DLG
lgY4lou7ebv,MOH - Uganda,Tooro,Kabarole District,Kabarole DLG
lgz0xxaxfhr,MOH - Uganda,Acholi,Pader District,Pader DLG
LgZFIQN8dut,MOH - Uganda,Kampala,Kampala District,Kampala City Council
lgZPWG3vM5w,MOH - Uganda,Kampala,Kampala District,Kampala City Council
lh4zqCHzHIM,MOH - Uganda,West Nile,Terego District,Terego DLG
lH5QSyERJlJ,MOH - Uganda,Kampala,Kampala District,Kampala City Council
lH80zq7z1Hg,MOH - Uganda,South Buganda,Butambala District,Butambala DLG
lHAXUtMSrve,MOH - Uganda,Kampala,Kampala District,Kampala City Council
lhdMYndcaPr,MOH - Uganda,North Buganda,Mubende District,Mubende DLG
LhE35B3jIFx,MOH - Uganda,Ankole,Buhweju District,Buhweju DLG
LhLbewziG2f,MOH - Uganda,South Buganda,Wakiso District,Nansana Municipality
LhNgo4n9Wi9,MOH - Uganda,West Nile,Adjumani District,Adjumani DLG
lhSlFHmI1yT,MOH - Uganda,South Buganda,Wakiso District,Kira Municipality
LhvhW69hnlG,MOH - Uganda,South Buganda,Wakiso District,Kira Municipality
LhyPsGHVyp7,MOH - Uganda,Kampala,Kampala District,Kampala City Council
lIG8IeLFIta,MOH - Uganda,Karamoja,Kaabong District,Kaabong DLG
LIHDXxuAjap,MOH - Uganda,Busoga,Jinja District,Jinja DLG
lIIOj56WBOF,MOH - Uganda,North Buganda,Luwero District,Luwero DLG
lioiXVCT9DM,MOH - Uganda,North Buganda,Luwero District,Luwero DLG
LIuykl04kI9,MOH - Uganda,Acholi,Gulu City,Gulu City Council
lj4kXX1WxcL,MOH - Uganda,West Nile,Moyo District,Moyo DLG
Lj5ibr8aice,MOH - Uganda,North Buganda,Mukono District,Mukono DLG
lJf5crQrZpO,MOH - Uganda,Kigezi,Kisoro District,Kisoro DLG
LjL2V3Rp6mk,MOH - Uganda,Acholi,Nwoya District,Nwoya DLG
LjUZlO3qZce,MOH - Uganda,North Buganda,Kiboga District,Kiboga DLG
lJZQXNClpoY,MOH - Uganda,Teso,Bukedea District,Bukedea DLG
lK0TFtkF1iX,MOH - Uganda,Tooro,Kitagwenda District,Kitagwenda DLG
LKauKQoaptR,MOH - Uganda,Tooro,Kamwenge District,Kamwenge DLG
lKe84qZSuYD,MOH - Uganda,Ankole,Buhweju District,Buhweju DLG
lKevCQeLOsK,MOH - Uganda,Kampala,Kampala District,Kampala City Council
lKheLnJat3o,MOH - Uganda,North Buganda,Kiboga District,Kiboga DLG
LkiCsRQ6hLQ,MOH - Uganda,Tooro,Kasese District,Kasese DLG
lkIGQoB6eb6,MOH - Uganda,Kampala,Kampala District,Kampala City Council
LkJjMw6F3Es,MOH - Uganda,Kampala,Kampala District,Kampala City Council
Lkk07w22dR4,MOH - Uganda,South Buganda,Wakiso District,Nansana Municipality
LKn50qRDDAB,MOH - Uganda,South Buganda,Masaka City,Masaka City Council
LkOMgdgNdIr,MOH - Uganda,North Buganda,Luwero District,Luwero DLG
lkSNS9gARfW,MOH - Uganda,Kampala,Kampala District,Kampala City Council
LKxm4CmrYYh,MOH - Uganda,South Buganda,Wakiso District,Wakiso DLG
LL0yj8yGUjx,MOH - Uganda,Karamoja,Amudat District,Amudat DLG
LLCOrTAVtpK,MOH - Uganda,Kigezi,Rukungiri District,Rukungiri DLG
LlhEG9v3mwt,MOH - Uganda,Kampala,Kampala District,Kampala City Council
LLjCLRuuOpp,MOH - Uganda,Tooro,Kyenjojo District,Kyenjojo DLG
LllAHzEk2zk,MOH - Uganda,South Buganda,Wakiso District,Makindye Ssabagabo Municipality
llNeiWHW1oW,MOH - Uganda,North Buganda,Kiboga District,Kiboga DLG
llrIsQDjqka,MOH - Uganda,Acholi,Amuru District,Amuru DLG
LLs45lStr4N,MOH - Uganda,Bugisu,Bulambuli District,Bulambuli DLG
LLYB1JRn1UL,MOH - Uganda,Lango,Oyam District,Oyam DLG
LLzyF8NYC1D,MOH - Uganda,Lango,Kwania District,Kwania DLG
LM1WpLYwQXt,MOH - Uganda,Bunyoro,Kagadi District,Kagadi DLG
Lm5ZpEDH78a,MOH - Uganda,Bugisu,Mbale District,Mbale DLG
lM8AGgmTffc,MOH - Uganda,Kampala,Kampala District,Kampala City Council
LMc17zMJ23i,MOH - Uganda,Bukedi,Tororo District,Tororo DLG
LMCMnbNPfhP,MOH - Uganda,North Buganda,Kiboga District,Kiboga DLG
LMCPij5l9WO,MOH - Uganda,Busoga,Kaliro District,Kaliro DLG
LMHH5FRz9wF,MOH - Uganda,Tooro,Bunyangabu District,Bunyangabu DLG
lmi2JiLawTV,MOH - Uganda,Acholi,Lamwo District,Lamwo DLG
lMkYTKRycpz,MOH - Uganda,South Buganda,Wakiso District,Nansana Municipality
LmlxlHk4gSf,MOH - Uganda,Kigezi,Rukungiri District,Rukungiri DLG
lMr05lCgQaF,MOH - Uganda,Bunyoro,Buliisa District,Buliisa DLG
lmSxoHy5lGN,MOH - Uganda,Kampala,Kampala District,Kampala City Council
LmuwmNYl3U7,MOH - Uganda,Kampala,Kampala District,Kampala City Council
LmXqQs6cYzb,MOH - Uganda,North Buganda,Kiboga District,Kiboga DLG
LmXvqxYmK7F,MOH - Uganda,Kampala,Kampala District,Kampala City Council
LmZCUcHOt4t,MOH - Uganda,North Buganda,Nakasongola District,Nakasongola DLG
lnIGXx6SjT7,MOH - Uganda,Ankole,Kazo District,Kazo DLG
LnXVyQ9V49y,MOH - Uganda,North Buganda,Luwero District,Luwero DLG
lO2HLhkvGiX,MOH - Uganda,South Buganda,Masaka City,Masaka City Council
Lo7mfA6jWTu,MOH - Uganda,South Buganda,Rakai District,Rakai DLG
loCSrOrEQG5,MOH - Uganda,North Buganda,Mukono District,Mukono Municipality
LoH25qrXkd9,MOH - Uganda,Bugisu,Bulambuli District,Bulambuli DLG
LoLoHmDsEna,MOH - Uganda,North Buganda,Kassanda District,Kassanda DLG
lonwyANQkda,MOH - Uganda,Kampala,Kampala District,Kampala City Council
LOqhJaWBKqM,MOH - Uganda,South Buganda,Wakiso District,Nansana Municipality
los6g36at8x,MOH - Uganda,South Buganda,Lwengo District,Lwengo DLG
los6tsyhcYs,MOH - Uganda,Kampala,Kampala District,Kampala City Council
lOSDtAv34Xt,MOH - Uganda,Kampala,Kampala District,Kampala City Council
lowKZUx0rbK,MOH - Uganda,Kampala,Kampala District,Kampala City Council
loYUJYilHdx,MOH - Uganda,Ankole,Buhweju District,Buhweju DLG
lP6fStO9wtd,MOH - Uganda,Kampala,Kampala District,Kampala City Council
LPe8Inwt5XD,MOH - Uganda,Kampala,Kampala District,Kampala City Council
LpgfEoB5t95,MOH - Uganda,South Buganda,Wakiso District,Wakiso DLG
lPIdQvIj5mC,MOH - Uganda,Bunyoro,Kagadi District,Kagadi DLG
LPJ8Gxge7ig,MOH - Uganda,Acholi,Gulu City,Gulu City Council
LPjcTTbfcGL,MOH - Uganda,Acholi,Amuru District,Amuru DLG
LPJxLnBamma,MOH - Uganda,South Buganda,Kyotera District,Kyotera DLG
lpNOI5JV4px,MOH - Uganda,Tooro,Kasese District,Kasese DLG
Lpow1s0TW11,MOH - Uganda,North Buganda,Nakasongola District,Nakasongola DLG
lPRCSoRmZMu,MOH - Uganda,Kampala,Kampala District,Kampala City Council
lPUVbTTgbgO,MOH - Uganda,Kampala,Kampala District,Kampala City Council
lpwnkRUWyqg,MOH - Uganda,Teso,Soroti City,Soroti City Council
Lq5bORbEZDi,MOH - Uganda,West Nile,Adjumani District,Adjumani DLG
lQ9FxeRMd8s,MOH - Uganda,South Buganda,Kalungu District,Kalungu DLG
LqCv15Sdg9U,MOH - Uganda,Bunyoro,Masindi District,Masindi Municipality
lqF5HdVxpfK,MOH - Uganda,Ankole,Ntungamo District,Ntungamo DLG
LQH5UZOoWj2,MOH - Uganda,Bugisu,Bududa District,Bududa DLG
lqid9f1jsGN,MOH - Uganda,Busoga,Bugiri District,Bugiri Municipality
lqjbb3z0AUf,MOH - Uganda,Ankole,Mitooma District,Mitooma DLG
LqOW5bxwxvS,MOH - Uganda,Kampala,Kampala District,Kampala City Council
LQr8XUhItV5,MOH - Uganda,Kigezi,Rukungiri District,Rukungiri DLG
lqrRTtqKqZn,MOH - Uganda,Tooro,Kasese District,Kasese DLG
lQs988hfpT8,MOH - Uganda,Bukedi,Tororo District,Tororo DLG
lQvAAAQpBP2,MOH - Uganda,Kampala,Kampala District,Kampala City Council
Lrcueou5ksf,MOH - Uganda,Kampala,Kampala District,Kampala City Council
LRgGibnsDwa,MOH - Uganda,Kampala,Kampala District,Kampala City Council
LRL7Ak84wd3,MOH - Uganda,Kampala,Kampala District,Kampala City Council
lRusntveKmF,MOH - Uganda,Bukedi,Tororo District,Tororo Municipality
lrve7iVFZvn,MOH - Uganda,North Buganda,Mukono District,Mukono Municipality
lRz1KKqUsJt,MOH - Uganda,West Nile,Koboko District,Koboko DLG
lRziI6giPw2,MOH - Uganda,Tooro,Kasese District,Kasese DLG
Ls1dG8v84Wu,MOH - Uganda,South Buganda,Kyotera District,Kyotera DLG
lS1i3kglzgM,MOH - Uganda,South Buganda,Kyotera District,Kyotera DLG
ls1qw0oUS2X,MOH - Uganda,Busoga,Kamuli District,Kamuli DLG
lS9T6oCJ5Lc,MOH - Uganda,Lango,Dokolo District,Dokolo DLG
lsA88l8yE3k,MOH - Uganda,Kampala,Kampala District,Kampala City Council
lSfGMwcfzJ6,MOH - Uganda,Kampala,Kampala District,Kampala City Council
LSpLSwpaM71,MOH - Uganda,Kampala,Kampala District,Kampala City Council
LsVv4QAJ9n4,MOH - Uganda,North Buganda,Luwero District,Luwero DLG
LsWyXw1R4V0,MOH - Uganda,Tooro,Kamwenge District,Kamwenge DLG
LtDBLapkQNB,MOH - Uganda,Kampala,Kampala District,Kampala City Council
LtDzkJmtyiK,MOH - Uganda,Kigezi,Kisoro District,Kisoro Municipality
ltIECAx2ppI,MOH - Uganda,Karamoja,Abim District,Abim DLG
LTIWiDhSJpX,MOH - Uganda,Teso,Bukedea District,Bukedea DLG
lTJQXdYNoCp,MOH - Uganda,South Buganda,Wakiso District,Kira Municipality
ltPXYlK9Lnd,MOH - Uganda,Ankole,Rubirizi District,Rubirizi DLG
ltRRxVXo52S,MOH - Uganda,Bugisu,Mbale City,Mbale City Council
LTSK6TFLetj,MOH - Uganda,Ankole,Isingiro District,Isingiro DLG
ltVLCvGYjES,MOH - Uganda,South Buganda,Masaka District,Masaka DLG
ltWFhjfI6qF,MOH - Uganda,Acholi,Gulu District,Gulu DLG
LU2pJiy8f9J,MOH - Uganda,Kampala,Kampala District,Kampala City Council
Lu7D9BapOxL,MOH - Uganda,Ankole,Mitooma District,Mitooma DLG
LUBH6P4iI1O,MOH - Uganda,Busoga,Mayuge District,Mayuge DLG
LuCu9yEPE4M,MOH - Uganda,Kampala,Kampala District,Kampala City Council
lUd0ZAhNii6,MOH - Uganda,Kampala,Kampala District,Kampala City Council
LuEKO4AaQZZ,MOH - Uganda,Kampala,Kampala District,Kampala City Council
lujOmE8X8vB,MOH - Uganda,West Nile,Yumbe District,Yumbe DLG
lukRyIBYbSd,MOH - Uganda,North Buganda,Mukono District,Mukono DLG
LulU6pCpYAA,MOH - Uganda,Kampala,Kampala District,Kampala City Council
Lv2hN8kFsyr,MOH - Uganda,Kigezi,Kabale District,Kabale DLG
lvAYyHSJcH7,MOH - Uganda,Bukedi,Butaleja District,Butaleja DLG
lvbkNrwAFmE,MOH - Uganda,Ankole,Isingiro District,Isingiro DLG
lVDEXK2iWmp,MOH - Uganda,North Buganda,Mukono District,Mukono DLG
LvFBfRqhgKN,MOH - Uganda,Teso,Kaberamaido District,Kaberamaido DLG
LVFyV61bpdi,MOH - Uganda,Busoga,Kamuli District,Kamuli Municipality
LVowuv0tgrR,MOH - Uganda,Bugisu,Kapchorwa District,Kapchorwa DLG
Lw5bQ2U3VQQ,MOH - Uganda,Kampala,Kampala District,Kampala City Council
Lw8YR0FJdCr,MOH - Uganda,West Nile,Moyo District,Moyo DLG
lWHa7Bp3BdT,MOH - Uganda,South Buganda,Mpigi District,Mpigi DLG
LwjvSxyQN4J,MOH - Uganda,Acholi,Omoro District,Omoro DLG
lWKw1lr4GUG,MOH - Uganda,Kampala,Kampala District,Kampala City Council
lwlvBRRVEVN,MOH - Uganda,Kampala,Kampala District,Kampala City Council
LwODrFWsUAR,MOH - Uganda,Ankole,Ibanda District,Ibanda DLG
lwOFIJ6tbNa,MOH - Uganda,Teso,Serere District,Serere DLG
lWqNeOfmurK,MOH - Uganda,South Buganda,Wakiso District,Wakiso DLG
lWTcvquVxC0,MOH - Uganda,Busoga,Kamuli District,Kamuli Municipality
M85HoV8pnUM,MOH - Uganda,West Nile,Zombo District,Zombo DLG
LwWSESHgpI3,MOH - Uganda,South Buganda,Wakiso District,Makindye Ssabagabo Municipality
LWx8ihq5EVl,MOH - Uganda,Busoga,Iganga District,Iganga DLG
LWYIaEakDUk,MOH - Uganda,Kampala,Kampala District,Kampala City Council
lXiM5d8eIpa,MOH - Uganda,Kampala,Kampala District,Kampala City Council
LxIzdSisWRN,MOH - Uganda,West Nile,Moyo District,Moyo DLG
LXO967ZZu2H,MOH - Uganda,South Buganda,Wakiso District,Wakiso DLG
LXOCYzcFRWI,MOH - Uganda,Kampala,Kampala District,Kampala City Council
LxrRzrhlAGE,MOH - Uganda,Ankole,Ibanda District,Ibanda DLG
lxS0qhIRkQv,MOH - Uganda,South Buganda,Butambala District,Butambala DLG
LXSc8Kd4whS,MOH - Uganda,Bukedi,Butebo District,Butebo DLG
LXZMPXTcLLr,MOH - Uganda,Acholi,Pader District,Pader DLG
lYcZavJEBXg,MOH - Uganda,Kigezi,Rukungiri District,Rukungiri DLG
Lyd040RjHYd,MOH - Uganda,Bugisu,Bududa District,Bududa DLG
lYgSWrePvFh,MOH - Uganda,Bukedi,Tororo District,Tororo Municipality
lYjkhovWMVH,MOH - Uganda,Kampala,Kampala District,Kampala City Council
lyjqYsLJ0yn,MOH - Uganda,Kampala,Kampala District,Kampala City Council
LyLGviLyF8C,MOH - Uganda,Kampala,Kampala District,Kampala City Council
LYNjlq3mRIF,MOH - Uganda,Kampala,Kampala District,Kampala City Council
lyRKz5je0d6,MOH - Uganda,Bugisu,Bukwo District,Bukwo DLG
lYrwiBVHAUv,MOH - Uganda,Acholi,Kitgum District,Kitgum DLG
LyUOH3aGCga,MOH - Uganda,Bunyoro,Masindi District,Masindi DLG
lYwBYmPhvdC,MOH - Uganda,South Buganda,Kalungu District,Kalungu DLG
lyWySXGtkDA,MOH - Uganda,North Buganda,Mukono District,Mukono DLG
LyZe2URZbnU,MOH - Uganda,Tooro,Kyenjojo District,Kyenjojo DLG
lZ0jegnJbzh,MOH - Uganda,Busoga,Luuka District,Luuka DLG
Lz3AalNYjUp,MOH - Uganda,Kigezi,Rukungiri District,Rukungiri DLG
Lz5IMmqsLcZ,MOH - Uganda,Kigezi,Rubanda District,Rubanda DLG
lz5JN2jaw2Y,MOH - Uganda,Bugisu,Kapchorwa District,Kapchorwa DLG
LzD00HGGX1i,MOH - Uganda,Kampala,Kampala District,Kampala City Council
LzGj85cv2nZ,MOH - Uganda,North Buganda,Luwero District,Luwero DLG
lZHbUJPtorQ,MOH - Uganda,Busoga,Jinja District,Jinja DLG
LZKogmRms7s,MOH - Uganda,Busoga,Jinja City,Jinja City Council
M06hgn1RQW3,MOH - Uganda,Kampala,Kampala District,Kampala City Council
M0S2rU9bX5A,MOH - Uganda,Kampala,Kampala District,Kampala City Council
M0wY5q1DCPh,MOH - Uganda,South Buganda,Masaka District,Masaka DLG
m1B0rCFe5za,MOH - Uganda,Bugisu,Sironko District,Sironko DLG
m1eE3wczeEM,MOH - Uganda,Busoga,Jinja City,Jinja City Council
M1gNrPUWx6O,MOH - Uganda,Tooro,Kabarole District,Kabarole DLG
m1krcxelOyC,MOH - Uganda,North Buganda,Mityana District,Mityana DLG
M1mMjZQziEs,MOH - Uganda,West Nile,Terego District,Terego DLG
M1T2kR9PYXj,MOH - Uganda,Busoga,Namutumba District,Namutumba DLG
M228cqQk9C9,MOH - Uganda,North Buganda,Kiboga District,Kiboga DLG
m22qtODTVRv,MOH - Uganda,Lango,Amolatar District,Amolatar DLG
M2AzPjEms5H,MOH - Uganda,Kigezi,Rukungiri District,Rukungiri DLG
M2Es7QYNu3D,MOH - Uganda,Acholi,Pader District,Pader DLG
m2MJUZQDg5t,MOH - Uganda,Kampala,Kampala District,Kampala City Council
m2ROGumujet,MOH - Uganda,South Buganda,Wakiso District,Wakiso DLG
m3c4CCB49fY,MOH - Uganda,Bunyoro,Kakumiro District,Kakumiro DLG
m3i5NXppqJi,MOH - Uganda,Ankole,Rubirizi District,Rubirizi DLG
m3jCfYlfUKY,MOH - Uganda,Ankole,Mitooma District,Mitooma DLG
M3t0BG3vSjH,MOH - Uganda,South Buganda,Wakiso District,Nansana Municipality
m3YmPvMa9MP,MOH - Uganda,Kampala,Kampala District,Kampala City Council
m4Ab91z5Jcf,MOH - Uganda,Bunyoro,Buliisa District,Buliisa DLG
M4jZ70H1wQS,MOH - Uganda,Kampala,Kampala District,Kampala City Council
M4MwhMwJhKx,MOH - Uganda,Bukedi,Kibuku District,Kibuku DLG
M4pQn1xAHpt,MOH - Uganda,Ankole,Isingiro District,Isingiro DLG
M4Ri7f0xJ62,MOH - Uganda,South Buganda,Wakiso District,Makindye Ssabagabo Municipality
M4Slun1AWpx,MOH - Uganda,West Nile,Arua City,Arua City Council
m4v0O9ZQkak,MOH - Uganda,Tooro,Kitagwenda District,Kitagwenda DLG
M5345bsh4Nw,MOH - Uganda,North Buganda,Kayunga District,Kayunga DLG
M57u0nsLcIv,MOH - Uganda,Busoga,Jinja District,Jinja DLG
m5bcdRygx9D,MOH - Uganda,Teso,Kapelebyong District,Kapelebyong DLG
M5caUvrHw5q,MOH - Uganda,North Buganda,Mubende District,Mubende DLG
M5Knj3O3NRa,MOH - Uganda,South Buganda,Masaka City,Masaka City Council
m5vTuHcb9j5,MOH - Uganda,Kampala,Kampala District,Kampala City Council
m5WWZQFunt2,MOH - Uganda,Kampala,Kampala District,Kampala City Council
M5YKLYHpU1v,MOH - Uganda,Acholi,Amuru District,Amuru DLG
m6EphK59CJo,MOH - Uganda,Tooro,Bundibugyo District,Bundibugyo DLG
m6JUeBRb6FQ,MOH - Uganda,North Buganda,Nakasongola District,Nakasongola DLG
m6M6uQwsQtD,MOH - Uganda,Teso,Kumi District,Kumi DLG
M6qnxgpeCA4,MOH - Uganda,Busoga,Iganga District,Iganga Municipality
m6v8B2bP3ar,MOH - Uganda,Busoga,Bugiri District,Bugiri DLG
M7IdNzIwa32,MOH - Uganda,Busoga,Kamuli District,Kamuli DLG
M7knA0XD16u,MOH - Uganda,Ankole,Ibanda District,Ibanda DLG
M7RLcStmJql,MOH - Uganda,North Buganda,Luwero District,Luwero DLG
M7tiIM1ooRV,MOH - Uganda,Kampala,Kampala District,Kampala City Council
M7xUX14enRA,MOH - Uganda,West Nile,Arua District,Arua DLG
M864p5iRGub,MOH - Uganda,Teso,Amuria District,Amuria DLG
M89X2hx66u3,MOH - Uganda,North Buganda,Nakasongola District,Nakasongola DLG
M8DBbHXqZuI,MOH - Uganda,North Buganda,Nakasongola District,Nakasongola DLG
m8Gp4sDZ9YT,MOH - Uganda,Karamoja,Amudat District,Amudat DLG
M8hfqf9VtRV,MOH - Uganda,West Nile,Koboko District,Koboko Municipality
m8iIXo1Saga,MOH - Uganda,South Buganda,Wakiso District,Wakiso DLG
M8mSJi1Qcah,MOH - Uganda,Lango,Apac District,Apac DLG
M8XXoADQoSK,MOH - Uganda,Kampala,Kampala District,Kampala City Council
mA4qJmbgWdy,MOH - Uganda,South Buganda,Kyotera District,Kyotera DLG
Ma6h3X0FIWC,MOH - Uganda,Bunyoro,Masindi District,Masindi Municipality
mAaPBrg0Ium,MOH - Uganda,Kampala,Kampala District,Kampala City Council
mAaZrOcKgyk,MOH - Uganda,Busoga,Jinja City,Jinja City Council
maCVupfrN6c,MOH - Uganda,North Buganda,Buikwe District,Buikwe DLG
MadCYv1HDhI,MOH - Uganda,Tooro,Fort Portal City,Fort Portal City Council
MaEE8FrNaK7,MOH - Uganda,North Buganda,Kayunga District,Kayunga DLG
MAefu6c5oR4,MOH - Uganda,Kampala,Kampala District,Kampala City Council
mAERMdeZj6X,MOH - Uganda,Busoga,Jinja District,Jinja DLG
MAH7X3G7Bfi,MOH - Uganda,Busoga,Namayingo District,Namayingo DLG
mAJ1Bgw4tUL,MOH - Uganda,Kampala,Kampala District,Kampala City Council
mApg1HEkuzk,MOH - Uganda,Kampala,Kampala District,Kampala City Council
MaPNhqhCx0U,MOH - Uganda,Kampala,Kampala District,Kampala City Council
MaVKbB95c42,MOH - Uganda,North Buganda,Luwero District,Luwero DLG
mAVOIO9mDPJ,MOH - Uganda,Bugisu,Mbale City,Mbale City Council
MAvQEQLvOdl,MOH - Uganda,Teso,Katakwi District,Katakwi DLG
MaWz1zKJIQD,MOH - Uganda,Tooro,Kasese District,Kasese DLG
maYOk6qMIaO,MOH - Uganda,Kigezi,Kabale District,Kabale DLG
MbcT4a29kOV,MOH - Uganda,West Nile,Moyo District,Moyo DLG
MbDNuTAMTyR,MOH - Uganda,Busoga,Kamuli District,Kamuli Municipality
MBib7IVy8UO,MOH - Uganda,Kampala,Kampala District,Kampala City Council
mbiBOQltGeh,MOH - Uganda,Kampala,Kampala District,Kampala City Council
mBKohvAs9ZG,MOH - Uganda,Bugisu,Namisindwa District,Namisindwa DLG
MBn7aFC3OAv,MOH - Uganda,West Nile,Yumbe District,Yumbe DLG
mbPC8Km6AYU,MOH - Uganda,North Buganda,Mubende District,Mubende Municipality
mbYsom1BJQs,MOH - Uganda,Busoga,Jinja City,Jinja City Council
mC4jHquc0cu,MOH - Uganda,Ankole,Ibanda District,Ibanda Municipality
MC86TzhBlKl,MOH - Uganda,South Buganda,Wakiso District,Nansana Municipality
MCBSWfPZnJH,MOH - Uganda,South Buganda,Mpigi District,Mpigi DLG
MCINxbcloSa,MOH - Uganda,Kampala,Kampala District,Kampala City Council
McJJwfFVdhu,MOH - Uganda,South Buganda,Wakiso District,Nansana Municipality
MCjLfn7DefB,MOH - Uganda,North Buganda,Mukono District,Mukono DLG
McZvpFIBuvM,MOH - Uganda,Bunyoro,Hoima District,Hoima DLG
mdaImsRIRUn,MOH - Uganda,Kampala,Kampala District,Kampala City Council
MDbjlGxazdQ,MOH - Uganda,Ankole,Mbarara District,Mbarara DLG
mdd2qwn2jWm,MOH - Uganda,West Nile,Zombo District,Zombo DLG
mDDQrbbC8wK,MOH - Uganda,Busoga,Bugiri District,Bugiri Municipality
mDG2r4klFqZ,MOH - Uganda,Kampala,Kampala District,Kampala City Council
MDGlMTj9UbK,MOH - Uganda,North Buganda,Kayunga District,Kayunga DLG
mDMIY5uLZzf,MOH - Uganda,Kampala,Kampala District,Kampala City Council
MdmwmQbuLjA,MOH - Uganda,Ankole,Sheema District,Sheema Municipality
mdnEw4nTlUd,MOH - Uganda,Kampala,Kampala District,Kampala City Council
mdpm1ErwA4i,MOH - Uganda,South Buganda,Sembabule District,Sembabule DLG
me2QCQ0oLGq,MOH - Uganda,Tooro,Kasese District,Kasese DLG
Me8xELAZfkn,MOH - Uganda,Lango,Oyam District,Oyam DLG
Mebh5muYDWi,MOH - Uganda,North Buganda,Nakaseke District,Nakaseke DLG
meCVGgjsn0F,MOH - Uganda,North Buganda,Mukono District,Mukono DLG
meezZf7AkPu,MOH - Uganda,South Buganda,Wakiso District,Wakiso DLG
MeFxWKBORKq,MOH - Uganda,South Buganda,Wakiso District,Entebbe Municipality
meFzYfeHUEI,MOH - Uganda,South Buganda,Wakiso District,Nansana Municipality
mEGL3d8fO6N,MOH - Uganda,Kampala,Kampala District,Kampala City Council
MenDHJ5T9TA,MOH - Uganda,Busoga,Mayuge District,Mayuge DLG
mEpI1IqFZmE,MOH - Uganda,Bunyoro,Kibaale District,Kibaale DLG
mErpRZrtmz8,MOH - Uganda,Acholi,Agago District,Agago DLG
MERzfNQszzj,MOH - Uganda,South Buganda,Wakiso District,Nansana Municipality
MexhLyMSilA,MOH - Uganda,Teso,Kumi District,Kumi DLG
mF6bQRRHX1e,MOH - Uganda,Busoga,Buyende District,Buyende DLG
mFd7OclDwMg,MOH - Uganda,South Buganda,Wakiso District,Nansana Municipality
MFE5BuJU8iH,MOH - Uganda,South Buganda,Wakiso District,Wakiso DLG
mfNGUptwk3I,MOH - Uganda,South Buganda,Wakiso District,Nansana Municipality
Mfo9cyDp5GV,MOH - Uganda,Kigezi,Kisoro District,Kisoro DLG
mfPV8jsUnyy,MOH - Uganda,South Buganda,Wakiso District,Kira Municipality
MfrOih2CtcR,MOH - Uganda,Tooro,Kasese District,Kasese DLG
mFTBDoN3n9t,MOH - Uganda,North Buganda,Kyankwanzi District,Kyankwanzi DLG
MfUvm4OTZRW,MOH - Uganda,Busoga,Kaliro District,Kaliro DLG
mFX4PorTu2s,MOH - Uganda,South Buganda,Wakiso District,Wakiso DLG
Mfxa52fh9Fc,MOH - Uganda,West Nile,Koboko District,Koboko Municipality
Mg3L2Y1ndt7,MOH - Uganda,Acholi,Pader District,Pader DLG
mg6Inl2h53C,MOH - Uganda,North Buganda,Luwero District,Luwero DLG
mg8iri7wG2E,MOH - Uganda,Kampala,Kampala District,Kampala City Council
mG8iTKOSCCi,MOH - Uganda,Acholi,Lamwo District,Lamwo DLG
MGA4eDHuCG9,MOH - Uganda,South Buganda,Gomba District,Gomba DLG
MGoloBUb8vi,MOH - Uganda,North Buganda,Mityana District,Mityana DLG
mgOQH1jMP9m,MOH - Uganda,South Buganda,Wakiso District,Wakiso DLG
mgr6AHrRokx,MOH - Uganda,South Buganda,Kalungu District,Kalungu DLG
MGssze5ORPV,MOH - Uganda,Kampala,Kampala District,Kampala City Council
mGxIsKvBQdr,MOH - Uganda,South Buganda,Wakiso District,Nansana Municipality
MGz2wiacJ0H,MOH - Uganda,Kigezi,Rukungiri District,Rukungiri DLG
MH0SVcF6X2F,MOH - Uganda,North Buganda,Luwero District,Luwero DLG
mH1WkMQFPY1,MOH - Uganda,North Buganda,Mukono District,Mukono DLG
Mha9ftXo7u5,MOH - Uganda,Ankole,Mitooma District,Mitooma DLG
MHGvrWftKzk,MOH - Uganda,Busoga,Bugiri District,Bugiri DLG
MHiJvIzpJ05,MOH - Uganda,West Nile,Arua City,Arua City Council
mhJpqcMZSMv,MOH - Uganda,Bugisu,Kween District,Kween DLG
MhqUqhoWLwa,MOH - Uganda,Kampala,Kampala District,Kampala City Council
MhtEzCLIUho,MOH - Uganda,Tooro,Bunyangabu District,Bunyangabu DLG
Mhu1FmUK4lN,MOH - Uganda,South Buganda,Lyantonde District,Lyantonde DLG
mhVxErjxgaZ,MOH - Uganda,South Buganda,Rakai District,Rakai DLG
MhWyHSTHrmd,MOH - Uganda,Busoga,Buyende District,Buyende DLG
MId0dPgBTXC,MOH - Uganda,Kampala,Kampala District,Kampala City Council
miIJ9LLUACg,MOH - Uganda,Acholi,Pader District,Pader DLG
MIN2B4ZQAsI,MOH - Uganda,Teso,Kumi District,Kumi DLG
MIOys5Syjk6,MOH - Uganda,Karamoja,Kaabong District,Kaabong DLG
MJ0Ul1ndDAN,MOH - Uganda,North Buganda,Kayunga District,Kayunga DLG
Mj7uz7WM7PB,MOH - Uganda,Bugisu,Bulambuli District,Bulambuli DLG
MJ9v2U4WWzE,MOH - Uganda,Lango,Oyam District,Oyam DLG
mjDHgVgFIqe,MOH - Uganda,South Buganda,Lyantonde District,Lyantonde DLG
MJH5YKySljH,MOH - Uganda,Lango,Kole District,Kole DLG
mJNMvPENTyq,MOH - Uganda,South Buganda,Wakiso District,Makindye Ssabagabo Municipality
MJu9Pwi3twb,MOH - Uganda,Kampala,Kampala District,Kampala City Council
MJUi0a4Vnbs,MOH - Uganda,Kampala,Kampala District,Kampala City Council
MJzGcr4GqH1,MOH - Uganda,Bunyoro,Hoima City,Hoima City Council
MK4oguCqbYM,MOH - Uganda,Tooro,Kamwenge District,Kamwenge DLG
mKA5ZnJiBAm,MOH - Uganda,Kigezi,Rubanda District,Rubanda DLG
MkC8XievQNu,MOH - Uganda,Kampala,Kampala District,Kampala City Council
MkD1c6jagfl,MOH - Uganda,West Nile,Yumbe District,Yumbe DLG
mKgJoH5Q6nQ,MOH - Uganda,Kampala,Kampala District,Kampala City Council
MKPDmTjhF4N,MOH - Uganda,Kampala,Kampala District,Kampala City Council
mkQ4Pdf5uDd,MOH - Uganda,South Buganda,Wakiso District,Wakiso DLG
mKvTS1QMd3x,MOH - Uganda,Lango,Kwania District,Kwania DLG
mKWovs8yZBv,MOH - Uganda,South Buganda,Wakiso District,Wakiso DLG
mL4DefLYo1Z,MOH - Uganda,Tooro,Kasese District,Kasese DLG
Ml5daGLdYZG,MOH - Uganda,Bukedi,Pallisa District,Pallisa DLG
ml7b6lHEQ7h,MOH - Uganda,Bukedi,Busia District,Busia DLG
ml9Ztrc35ZD,MOH - Uganda,South Buganda,Rakai District,Rakai DLG
mlbkqdNpleV,MOH - Uganda,North Buganda,Luwero District,Luwero DLG
mLd8XeNTMKU,MOH - Uganda,South Buganda,Wakiso District,Makindye Ssabagabo Municipality
MldTbcj8rBL,MOH - Uganda,Busoga,Luuka District,Luuka DLG
MLEnJxVPyPr,MOH - Uganda,Kampala,Kampala District,Kampala City Council
MLgsYoX2xWW,MOH - Uganda,South Buganda,Kalungu District,Kalungu DLG
Mlh3jcaJw9n,MOH - Uganda,North Buganda,Buikwe District,Njeru Municipality
mLhpQbt5EEY,MOH - Uganda,Ankole,Ntungamo District,Ntungamo DLG
MllYB8dxt9W,MOH - Uganda,Kampala,Kampala District,Kampala City Council
MlMuBEoqA9y,MOH - Uganda,North Buganda,Kassanda District,Kassanda DLG
mlPC71DkTp5,MOH - Uganda,North Buganda,Nakaseke District,Nakaseke DLG
mlqejsJjFr8,MOH - Uganda,Kigezi,Kanungu District,Kanungu DLG
MLvTfA4OlXI,MOH - Uganda,Kampala,Kampala District,Kampala City Council
MlYDEvK0a7v,MOH - Uganda,Bunyoro,Kiryandongo District,Kiryandongo DLG
mm6DbH6wKeQ,MOH - Uganda,South Buganda,Mpigi District,Mpigi DLG
mMBSETGkWgO,MOH - Uganda,Busoga,Kamuli District,Kamuli DLG
MmC3AiJiS1Y,MOH - Uganda,Kampala,Kampala District,Kampala City Council
MMhakCx4Zy7,MOH - Uganda,Busoga,Namutumba District,Namutumba DLG
mMiYmjs4FdF,MOH - Uganda,Kampala,Kampala District,Kampala City Council
mMoN5j8HisD,MOH - Uganda,North Buganda,Luwero District,Luwero DLG
MmszCdbkgxs,MOH - Uganda,South Buganda,Kyotera District,Kyotera DLG
MmVUt93uiqa,MOH - Uganda,Busoga,Jinja City,Jinja City Council
Mmw6BnP9Z9d,MOH - Uganda,Kampala,Kampala District,Kampala City Council
mMZD31O698s,MOH - Uganda,West Nile,Koboko District,Koboko DLG
mMZZQTjDPfj,MOH - Uganda,Tooro,Kamwenge District,Kamwenge DLG
mN3hGBqYmG5,MOH - Uganda,Kampala,Kampala District,Kampala City Council
MN64C4g8Iae,MOH - Uganda,Kigezi,Kabale District,Kabale DLG
mN72Y4b3gnc,MOH - Uganda,West Nile,Koboko District,Koboko Municipality
mn8K0CuXsra,MOH - Uganda,South Buganda,Wakiso District,Nansana Municipality
MN98FTO0Wme,MOH - Uganda,Kampala,Kampala District,Kampala City Council
mNeUlm3SpRz,MOH - Uganda,Acholi,Amuru District,Amuru DLG
MNEyAOnw48J,MOH - Uganda,West Nile,Arua City,Arua City Council
MNfE9cZBvci,MOH - Uganda,Bugisu,Bukwo District,Bukwo DLG
MNhe4FaQw7v,MOH - Uganda,Teso,Ngora District,Ngora DLG
mNK5bkqmXZc,MOH - Uganda,Ankole,Rubirizi District,Rubirizi DLG
MNl2veYSBAE,MOH - Uganda,Bukedi,Tororo District,Tororo Municipality
MnlhBeOd2dx,MOH - Uganda,North Buganda,Kayunga District,Kayunga DLG
mNMqG0YEffI,MOH - Uganda,North Buganda,Kiboga District,Kiboga DLG
MNXAK2rofWE,MOH - Uganda,Bunyoro,Masindi District,Masindi DLG
MNzaqWsKyxO,MOH - Uganda,North Buganda,Mukono District,Mukono Municipality
MoaAG8Ngtzz,MOH - Uganda,West Nile,Zombo District,Zombo DLG
MObVMkBVjki,MOH - Uganda,Acholi,Kitgum District,Kitgum DLG
mODGQmK6q7e,MOH - Uganda,South Buganda,Wakiso District,Nansana Municipality
mOfYcdtz4pO,MOH - Uganda,West Nile,Yumbe District,Yumbe DLG
mol9egUvvno,MOH - Uganda,North Buganda,Mityana District,Mityana DLG
Moo63OAKccm,MOH - Uganda,Busoga,Jinja City,Jinja City Council
mOP9sRWUKfh,MOH - Uganda,Busoga,Bugiri District,Bugiri DLG
mOxAHl3KoLP,MOH - Uganda,Bugisu,Kapchorwa District,Kapchorwa DLG
mp0hV54OL4E,MOH - Uganda,Busoga,Iganga District,Iganga DLG
mpAh5EDvfVT,MOH - Uganda,West Nile,Terego District,Terego DLG
mPDhwB6a3EU,MOH - Uganda,South Buganda,Wakiso District,Makindye Ssabagabo Municipality
mPeGNV8s5Xl,MOH - Uganda,Kigezi,Rukungiri District,Rukungiri DLG
mPfzT6EV9wM,MOH - Uganda,Kampala,Kampala District,Kampala City Council
MphOoDzwhFB,MOH - Uganda,Kampala,Kampala District,Kampala City Council
mPn3Kj2J8r0,MOH - Uganda,Bukedi,Pallisa District,Pallisa DLG
mpqPtBSjAgz,MOH - Uganda,Lango,Kole District,Kole DLG
mpQUHxmQfpY,MOH - Uganda,Kampala,Kampala District,Kampala City Council
mPtQJ1rZBOd,MOH - Uganda,Teso,Serere District,Serere DLG
mq1g6FeW8U0,MOH - Uganda,Kampala,Kampala District,Kampala City Council
mQ1VQOHfOo7,MOH - Uganda,Kampala,Kampala District,Kampala City Council
MQ5ynJIzkbh,MOH - Uganda,West Nile,Moyo District,Moyo DLG
Mq6H4E2PlH7,MOH - Uganda,West Nile,Adjumani District,Adjumani DLG
MQc8X7HMfF8,MOH - Uganda,South Buganda,Wakiso District,Wakiso DLG
MQcEeQxu6CM,MOH - Uganda,South Buganda,Wakiso District,Makindye Ssabagabo Municipality
mqCkkaqoMNA,MOH - Uganda,South Buganda,Kalungu District,Kalungu DLG
MQgPPvrSEC6,MOH - Uganda,Kampala,Kampala District,Kampala City Council
mQjzjx2Vi2y,MOH - Uganda,Ankole,Ntungamo District,Ntungamo Municipality
mQPAnLA1aKz,MOH - Uganda,Busoga,Bugweri District,Bugweri DLG
MqPK80JzT6A,MOH - Uganda,Kigezi,Kanungu District,Kanungu DLG
MQpuz4h5Hf1,MOH - Uganda,Bunyoro,Kiryandongo District,Kiryandongo DLG
mqs4uVZ2SrG,MOH - Uganda,South Buganda,Wakiso District,Wakiso DLG
mQss6Xw8lxM,MOH - Uganda,Tooro,Fort Portal City,Fort Portal City Council
MqszNOCecxv,MOH - Uganda,Busoga,Iganga District,Iganga DLG
Mqurhc46qST,MOH - Uganda,Bunyoro,Kagadi District,Kagadi DLG
Mr238FVwJOm,MOH - Uganda,Ankole,Kazo District,Kazo DLG
MrbCO7uYfRP,MOH - Uganda,Kampala,Kampala District,Kampala City Council
mrDF8mO8LD5,MOH - Uganda,West Nile,Yumbe District,Yumbe DLG
mrEtkw4SBvC,MOH - Uganda,South Buganda,Kyotera District,Kyotera DLG
mrFe7PfavEW,MOH - Uganda,Acholi,Kitgum District,Kitgum Municipality
mRFF6tYHeES,MOH - Uganda,Kampala,Kampala District,Kampala City Council
mRJj4ZKQFoV,MOH - Uganda,Kampala,Kampala District,Kampala City Council
MRK5dHBnvSw,MOH - Uganda,Acholi,Gulu City,Gulu City Council
mrnTojvqe37,MOH - Uganda,South Buganda,Wakiso District,Kira Municipality
mrSGcdJTAGf,MOH - Uganda,North Buganda,Buikwe District,Lugazi Municipality
MrutYIp69Ui,MOH - Uganda,Busoga,Kaliro District,Kaliro DLG
ms1PcPU9Law,MOH - Uganda,Busoga,Jinja District,Jinja DLG
MS4QBC7MkDj,MOH - Uganda,Kampala,Kampala District,Kampala City Council
ms55Tt7iPFm,MOH - Uganda,Bugisu,Namisindwa District,Namisindwa DLG
Ms6nmMa2Wlz,MOH - Uganda,North Buganda,Mubende District,Mubende DLG
msBjxnOugrZ,MOH - Uganda,South Buganda,Wakiso District,Nansana Municipality
MSJhAWC620C,MOH - Uganda,Kampala,Kampala District,Kampala City Council
mSMaB5uJzPN,MOH - Uganda,South Buganda,Rakai District,Rakai DLG
MsrKKJaEXiV,MOH - Uganda,South Buganda,Lyantonde District,Lyantonde DLG
MSs48kYSaCz,MOH - Uganda,West Nile,Madi-Okollo District,Madi-Okollo DLG
MT5KksXURUZ,MOH - Uganda,Acholi,Nwoya District,Nwoya DLG
MTam7ZtWOuX,MOH - Uganda,Kampala,Kampala District,Kampala City Council
MtdbKasioFr,MOH - Uganda,South Buganda,Wakiso District,Nansana Municipality
MtE5RAbwwNx,MOH - Uganda,Bugisu,Mbale City,Mbale City Council
mtGP2H0oB3p,MOH - Uganda,Bukedi,Tororo District,Tororo DLG
MTr6GiJmaDN,MOH - Uganda,Kampala,Kampala District,Kampala City Council
mtuYntuPeLF,MOH - Uganda,Kampala,Kampala District,Kampala City Council
MtxLlVBEoZc,MOH - Uganda,Ankole,Rubirizi District,Rubirizi DLG
mU2wb7Ck8rK,MOH - Uganda,Kampala,Kampala District,Kampala City Council
mu7PsQtVWFk,MOH - Uganda,South Buganda,Wakiso District,Wakiso DLG
mU9eqIxaV4b,MOH - Uganda,Bunyoro,Kibaale District,Kibaale DLG
MUa7iTmEOw4,MOH - Uganda,Bukedi,Tororo District,Tororo Municipality
mucxKATokCm,MOH - Uganda,Kampala,Kampala District,Kampala City Council
MuEEyevRWNS,MOH - Uganda,Busoga,Kamuli District,Kamuli Municipality
MuhUkB1tWNi,MOH - Uganda,Teso,Kaberamaido District,Kaberamaido DLG
mUIJECKoemN,MOH - Uganda,Kampala,Kampala District,Kampala City Council
MuPjHKTGdjl,MOH - Uganda,Kampala,Kampala District,Kampala City Council
Muqrt432HME,MOH - Uganda,North Buganda,Kassanda District,Kassanda DLG
murB6r5cnUf,MOH - Uganda,South Buganda,Wakiso District,Entebbe Municipality
muTxqZACHER,MOH - Uganda,Bunyoro,Masindi District,Masindi DLG
muwJAkGOjj5,MOH - Uganda,Bukedi,Pallisa District,Pallisa DLG
MUxAV5pwDbk,MOH - Uganda,West Nile,Yumbe District,Yumbe DLG
mUxZP7sVeT3,MOH - Uganda,Tooro,Kasese District,Kasese Municipality
MV2QkTgUIz1,MOH - Uganda,Acholi,Lamwo District,Lamwo DLG
MvaImjgsWFJ,MOH - Uganda,Kigezi,Kanungu District,Kanungu DLG
mvcNk6uSThn,MOH - Uganda,Kampala,Kampala District,Kampala City Council
mVNaymyUgvm,MOH - Uganda,Kampala,Kampala District,Kampala City Council
MvR4FQy2B3N,MOH - Uganda,South Buganda,Wakiso District,Wakiso DLG
MvSkymY8XLd,MOH - Uganda,Bukedi,Butaleja District,Butaleja DLG
mvtqd7EGRAM,MOH - Uganda,Kampala,Kampala District,Kampala City Council
MvWfNbmsyfy,MOH - Uganda,Acholi,Kitgum District,Kitgum Municipality
MVYYKgICwep,MOH - Uganda,Lango,Alebtong District,Alebtong DLG
MW38DjLdTg7,MOH - Uganda,Busoga,Jinja City,Jinja City Council
mWaRCpc5hPU,MOH - Uganda,South Buganda,Kalangala District,Kalangala DLG
mWCozaybY0V,MOH - Uganda,Acholi,Kitgum District,Kitgum DLG
Mwe8mhz9taq,MOH - Uganda,Kampala,Kampala District,Kampala City Council
MWFDoq84Xp5,MOH - Uganda,Kampala,Kampala District,Kampala City Council
MWNyJiDjRMO,MOH - Uganda,North Buganda,Kayunga District,Kayunga DLG
MwpYp4lsw9D,MOH - Uganda,Tooro,Kasese District,Kasese DLG
MWw3vC4RH99,MOH - Uganda,Teso,Kapelebyong District,Kapelebyong DLG
mWxRITKkDG6,MOH - Uganda,Bunyoro,Masindi District,Masindi DLG
MwZBzDVFYNu,MOH - Uganda,Busoga,Jinja District,Jinja DLG
MXAe9yD6Wtl,MOH - Uganda,North Buganda,Luwero District,Luwero DLG
MxcpmhA0rrA,MOH - Uganda,Acholi,Kitgum District,Kitgum DLG
mXj0B3vQvyy,MOH - Uganda,Kampala,Kampala District,Kampala City Council
MXJR6f2bHrH,MOH - Uganda,South Buganda,Wakiso District,Wakiso DLG
mXKPzYfSb1S,MOH - Uganda,Ankole,Isingiro District,Isingiro DLG
mxmNtjYy0DP,MOH - Uganda,Kigezi,Rukungiri District,Rukungiri DLG
MXms6SQUOrd,MOH - Uganda,Tooro,Kabarole District,Kabarole DLG
mXnqYZnqjxJ,MOH - Uganda,Kampala,Kampala District,Kampala City Council
mxp4izBy2a8,MOH - Uganda,Lango,Apac District,Apac DLG
Mxr4Gb5nKhD,MOH - Uganda,Busoga,Iganga District,Iganga DLG
MXTRYmtJtlC,MOH - Uganda,South Buganda,Wakiso District,Kira Municipality
MxuyoEUEPpk,MOH - Uganda,North Buganda,Mityana District,Mityana Municipality
mXVB3V7ft4h,MOH - Uganda,West Nile,Yumbe District,Yumbe DLG
mXx7w17TUqb,MOH - Uganda,North Buganda,Kayunga District,Kayunga DLG
myAq6S25Sib,MOH - Uganda,North Buganda,Buikwe District,Lugazi Municipality
mYCD03UT8FI,MOH - Uganda,Bugisu,Kapchorwa District,Kapchorwa Municipality
Myd1djyMQG5,MOH - Uganda,Ankole,Rwampara District,Rwampara DLG
mYGNn9Bx0OH,MOH - Uganda,Acholi,Amuru District,Amuru DLG
MyNaP0La01r,MOH - Uganda,Kampala,Kampala District,Kampala City Council
mypOsu7U27g,MOH - Uganda,Ankole,Ntungamo District,Ntungamo DLG
myrkJv85aqb,MOH - Uganda,Ankole,Kiruhura District,Kiruhura DLG
mYuOdMX1yD9,MOH - Uganda,Kigezi,Kisoro District,Kisoro DLG
MYW6CCYGe2A,MOH - Uganda,Kampala,Kampala District,Kampala City Council
MyZ0zBaYc2Z,MOH - Uganda,South Buganda,Wakiso District,Wakiso DLG
MYzCGYUmL4t,MOH - Uganda,Kampala,Kampala District,Kampala City Council
MZbJgNwxaTe,MOH - Uganda,Bunyoro,Kiryandongo District,Kiryandongo DLG
MzgMlvWaWK4,MOH - Uganda,Ankole,Ibanda District,Ibanda Municipality
mZjfM23nDEU,MOH - Uganda,Kampala,Kampala District,Kampala City Council
mZmWTNhWFSC,MOH - Uganda,Kampala,Kampala District,Kampala City Council
MzQx3EWdnrG,MOH - Uganda,North Buganda,Kayunga District,Kayunga DLG
MzvbdJxurOp,MOH - Uganda,Kampala,Kampala District,Kampala City Council
MzvvPGQO7Sz,MOH - Uganda,South Buganda,Wakiso District,Wakiso DLG
mZWFol2c0sc,MOH - Uganda,West Nile,Adjumani District,Adjumani DLG
MZWpc65yTOr,MOH - Uganda,Kampala,Kampala District,Kampala City Council
mzyKOz1z1J9,MOH - Uganda,Busoga,Bugweri District,Bugweri DLG
N00TPmBoIls,MOH - Uganda,Acholi,Amuru District,Amuru DLG
N05ZDulF2ME,MOH - Uganda,North Buganda,Kyankwanzi District,Kyankwanzi DLG
n0922rO9co6,MOH - Uganda,South Buganda,Sembabule District,Sembabule DLG
n0J2HzZrVsF,MOH - Uganda,Kampala,Kampala District,Kampala City Council
N0Qjh6Gg0iZ,MOH - Uganda,Tooro,Kamwenge District,Kamwenge DLG
n0W1cOdGfc5,MOH - Uganda,South Buganda,Wakiso District,Kira Municipality
n18cGXh89Bn,MOH - Uganda,South Buganda,Wakiso District,Wakiso DLG
N1a0LC5QXHX,MOH - Uganda,North Buganda,Kyankwanzi District,Kyankwanzi DLG
n1Dhl0h1ftt,MOH - Uganda,South Buganda,Wakiso District,Kira Municipality
n1s08IX1piO,MOH - Uganda,West Nile,Madi-Okollo District,Madi-Okollo DLG
n1UMkPo5vzH,MOH - Uganda,West Nile,Obongi District,Obongi DLG
N22ImPbP6VG,MOH - Uganda,Kigezi,Kanungu District,Kanungu DLG
N2mqV5T91I3,MOH - Uganda,South Buganda,Wakiso District,Wakiso DLG
n2OTR3rduZv,MOH - Uganda,Busoga,Jinja City,Jinja City Council
n2UWmVWhQJ3,MOH - Uganda,Busoga,Mayuge District,Mayuge DLG
N2w9VV8E4Yh,MOH - Uganda,South Buganda,Wakiso District,Makindye Ssabagabo Municipality
N2x23V5DcNQ,MOH - Uganda,Ankole,Mitooma District,Mitooma DLG
N3GhLCBwXQo,MOH - Uganda,North Buganda,Kiboga District,Kiboga DLG
N3iFChA40uw,MOH - Uganda,Kampala,Kampala District,Kampala City Council
N3qJIvNpuQ3,MOH - Uganda,Bukedi,Busia District,Busia DLG
n3uHerzsnE1,MOH - Uganda,South Buganda,Lwengo District,Lwengo DLG
n3vBQJV5o90,MOH - Uganda,Bugisu,Kween District,Kween DLG
n42ELOr1Eil,MOH - Uganda,Lango,Amolatar District,Amolatar DLG
N4aP8LSt1LC,MOH - Uganda,Ankole,Ibanda District,Ibanda Municipality
N4EhCYDExuZ,MOH - Uganda,Ankole,Mitooma District,Mitooma DLG
n4iwSO6iule,MOH - Uganda,Acholi,Omoro District,Omoro DLG
n51uxYhWkq0,MOH - Uganda,Ankole,Kiruhura District,Kiruhura DLG
N57ydf9ABlg,MOH - Uganda,Kigezi,Rukungiri District,Rukungiri Municipality
N5esn50m6Il,MOH - Uganda,West Nile,Adjumani District,Adjumani DLG
N5mmOltRto8,MOH - Uganda,Ankole,Mitooma District,Mitooma DLG
n5OgCMvxg5S,MOH - Uganda,Karamoja,Napak District,Napak DLG
n5PljkZC3KG,MOH - Uganda,Lango,Oyam District,Oyam DLG
n5SQNdlBw2w,MOH - Uganda,West Nile,Yumbe District,Yumbe DLG
n5XFXJQhdtb,MOH - Uganda,Tooro,Kasese District,Kasese DLG
n5xUbellHaN,MOH - Uganda,South Buganda,Lyantonde District,Lyantonde DLG
N5yaEnM66Me,MOH - Uganda,Lango,Kwania District,Kwania DLG
N5yPjUrotvg,MOH - Uganda,Kampala,Kampala District,Kampala City Council
N632lQ0vTWq,MOH - Uganda,South Buganda,Wakiso District,Nansana Municipality
N6jFmwymdbb,MOH - Uganda,South Buganda,Wakiso District,Wakiso DLG
n6uXSCmHfgW,MOH - Uganda,South Buganda,Wakiso District,Nansana Municipality
n6WNrT4vfWe,MOH - Uganda,Busoga,Jinja District,Jinja DLG
N7LKherv48P,MOH - Uganda,Bukedi,Pallisa District,Pallisa DLG
n7n89BxSgia,MOH - Uganda,Tooro,Kyenjojo District,Kyenjojo DLG
N7rmgpFHOrZ,MOH - Uganda,Karamoja,Kaabong District,Kaabong DLG
N84R8qFmHNF,MOH - Uganda,West Nile,Moyo District,Moyo DLG
n8cJGH7q4QK,MOH - Uganda,Tooro,Fort Portal City,Fort Portal City Council
n8DIemz1Xoh,MOH - Uganda,Acholi,Gulu City,Gulu City Council
n8EFMWQJYip,MOH - Uganda,South Buganda,Wakiso District,Wakiso DLG
N8L6gKVGOCM,MOH - Uganda,Teso,Amuria District,Amuria DLG
N8MEmkR2R6K,MOH - Uganda,Kampala,Kampala District,Kampala City Council
n8rD6J0Bx1B,MOH - Uganda,Kampala,Kampala District,Kampala City Council
N8sGQvUkKk4,MOH - Uganda,Kampala,Kampala District,Kampala City Council
n8U1wKuZ2MH,MOH - Uganda,Kampala,Kampala District,Kampala City Council
N8y4APW3bwq,MOH - Uganda,Ankole,Buhweju District,Buhweju DLG
N94wrsTZYaA,MOH - Uganda,Kampala,Kampala District,Kampala City Council
N9bldmcAAXQ,MOH - Uganda,Busoga,Kamuli District,Kamuli Municipality
n9CWDh0DfU7,MOH - Uganda,West Nile,Moyo District,Moyo DLG
n9fxWoPWRJB,MOH - Uganda,South Buganda,Masaka City,Masaka City Council
N9hh0lpAGYV,MOH - Uganda,Lango,Lira City,Lira City Council
N9MgtXPqe9i,MOH - Uganda,Kampala,Kampala District,Kampala City Council
n9tuAFFnx4Q,MOH - Uganda,Kampala,Kampala District,Kampala City Council
N9vaQzeDeI0,MOH - Uganda,Busoga,Namutumba District,Namutumba DLG
nAGyLvO5sg3,MOH - Uganda,South Buganda,Kyotera District,Kyotera DLG
NakSNp1eO2L,MOH - Uganda,Lango,Alebtong District,Alebtong DLG
nAtO3aJWamk,MOH - Uganda,Kampala,Kampala District,Kampala City Council
nATS7pzO63j,MOH - Uganda,Busoga,Bugiri District,Bugiri DLG
NaulHChBBCx,MOH - Uganda,Ankole,Ntungamo District,Ntungamo DLG
NAVmj3ktKNv,MOH - Uganda,North Buganda,Kayunga District,Kayunga DLG
nazC297xJqS,MOH - Uganda,South Buganda,Wakiso District,Wakiso DLG
NB0Ww6f0PiX,MOH - Uganda,North Buganda,Mukono District,Mukono Municipality
NB95OIz0Ap4,MOH - Uganda,South Buganda,Wakiso District,Kira Municipality
nB9oHWXeRpp,MOH - Uganda,Tooro,Fort Portal City,Fort Portal City Council
Nb9Ugw0FFci,MOH - Uganda,Kampala,Kampala District,Kampala City Council
nBDPw7Qhd7r,MOH - Uganda,Tooro,Kasese District,Kasese DLG
NbHdwbrEl5D,MOH - Uganda,Tooro,Fort Portal City,Fort Portal City Council
NBiKiIwRXCG,MOH - Uganda,Kampala,Kampala District,Kampala City Council
NBJE7I9MvM6,MOH - Uganda,Kampala,Kampala District,Kampala City Council
nBjhoOrem20,MOH - Uganda,Kampala,Kampala District,Kampala City Council
NBLbj2idZ20,MOH - Uganda,Kampala,Kampala District,Kampala City Council
NBqjRSeOuyg,MOH - Uganda,Kampala,Kampala District,Kampala City Council
NbrynjWKgKo,MOH - Uganda,Bukedi,Budaka District,Budaka DLG
nC1oMDxIYAV,MOH - Uganda,Kampala,Kampala District,Kampala City Council
nc6Tib9PWOR,MOH - Uganda,Busoga,Jinja City,Jinja City Council
nCGtYNmAUYd,MOH - Uganda,Kampala,Kampala District,Kampala City Council
ncJepX1abta,MOH - Uganda,Kampala,Kampala District,Kampala City Council
ncOg0joAxOE,MOH - Uganda,Kampala,Kampala District,Kampala City Council
ncPqsWzYvFY,MOH - Uganda,Bugisu,Mbale City,Mbale City Council
NCT8AArYeIp,MOH - Uganda,Tooro,Kamwenge District,Kamwenge DLG
NCu3t93AIns,MOH - Uganda,South Buganda,Bukomansimbi District,Bukomansimbi DLG
NcxXPrWeMtP,MOH - Uganda,Ankole,Kiruhura District,Kiruhura DLG
ND2A0GOnnnY,MOH - Uganda,Ankole,Ntungamo District,Ntungamo DLG
ndHgVd0HWsi,MOH - Uganda,Kampala,Kampala District,Kampala City Council
NdhhyCKiaKT,MOH - Uganda,South Buganda,Mpigi District,Mpigi DLG
NdIteLoT2FC,MOH - Uganda,Acholi,Nwoya District,Nwoya DLG
nDKkvS97jKc,MOH - Uganda,Bugisu,Namisindwa District,Namisindwa DLG
ndN0FCBD9jE,MOH - Uganda,Bukedi,Pallisa District,Pallisa DLG
ndyRWKL0fDH,MOH - Uganda,Busoga,Jinja City,Jinja City Council
ne6Dm2URbcy,MOH - Uganda,North Buganda,Luwero District,Luwero DLG
nEI3FbRXWru,MOH - Uganda,Kampala,Kampala District,Kampala City Council
nEM9LCQDK9w,MOH - Uganda,Bugisu,Kween District,Kween DLG
NesJuwJOy4W,MOH - Uganda,Kampala,Kampala District,Kampala City Council
nEUuDrY5MWp,MOH - Uganda,South Buganda,Kyotera District,Kyotera DLG
NEVwhF8ZxLZ,MOH - Uganda,Kampala,Kampala District,Kampala City Council
NEwKT2GxVYC,MOH - Uganda,South Buganda,Sembabule District,Sembabule DLG
nexRXP81sFC,MOH - Uganda,South Buganda,Wakiso District,Nansana Municipality
nfcZPqAomrp,MOH - Uganda,Acholi,Kitgum District,Kitgum Municipality
NfEC0QSTA7M,MOH - Uganda,Bugisu,Kween District,Kween DLG
nfFZHQjqBcV,MOH - Uganda,North Buganda,Mukono District,Mukono Municipality
NFJcqqJwPdH,MOH - Uganda,Kampala,Kampala District,Kampala City Council
nFMZAMrVcca,MOH - Uganda,Teso,Ngora District,Ngora DLG
NFsTGSoSuqp,MOH - Uganda,Karamoja,Moroto District,Moroto Municipality
nG0Euze1cmv,MOH - Uganda,Kampala,Kampala District,Kampala City Council
ng5MZcDdPGb,MOH - Uganda,Kampala,Kampala District,Kampala City Council
NGGSo5LvN66,MOH - Uganda,Kampala,Kampala District,Kampala City Council
NgHtzfSODK6,MOH - Uganda,Bukedi,Butaleja District,Butaleja DLG
NGI0yDFo5UE,MOH - Uganda,South Buganda,Kyotera District,Kyotera DLG
nGlVEyPlpgF,MOH - Uganda,North Buganda,Mukono District,Mukono Municipality
NGteaaEKAMh,MOH - Uganda,North Buganda,Luwero District,Luwero DLG
NGTHpb3cCBB,MOH - Uganda,North Buganda,Nakasongola District,Nakasongola DLG
Ngtu2aM1Mmr,MOH - Uganda,Kampala,Kampala District,Kampala City Council
NgV6V5nkzC8,MOH - Uganda,North Buganda,Kayunga District,Kayunga DLG
ngXa86YfOBc,MOH - Uganda,West Nile,Adjumani District,Adjumani DLG
NH812X6ioSQ,MOH - Uganda,Busoga,Buyende District,Buyende DLG
NhBB1j21yu4,MOH - Uganda,Lango,Apac District,Apac Municipality
nHh6TJx7q9b,MOH - Uganda,Kampala,Kampala District,Kampala City Council
NHpUdowYOea,MOH - Uganda,Kampala,Kampala District,Kampala City Council
NHQdOv9RFcN,MOH - Uganda,South Buganda,Mpigi District,Mpigi DLG
NhWsNz3SWdY,MOH - Uganda,South Buganda,Wakiso District,Kira Municipality
nHzEmzq98fZ,MOH - Uganda,Ankole,Bushenyi District,Bushenyi DLG
NIc5pKnVYeR,MOH - Uganda,Bugisu,Bulambuli District,Bulambuli DLG
NICsMxlGemz,MOH - Uganda,Kampala,Kampala District,Kampala City Council
nIISysW4lpI,MOH - Uganda,Kampala,Kampala District,Kampala City Council
niLDLHpbihH,MOH - Uganda,Kampala,Kampala District,Kampala City Council
NImJbGuvUS6,MOH - Uganda,Ankole,Ntungamo District,Ntungamo Municipality
nINXgKXld0b,MOH - Uganda,Kigezi,Rukungiri District,Rukungiri DLG
NiSWW2k1Hqt,MOH - Uganda,Acholi,Pader District,Pader DLG
NIX2Ehd9T7h,MOH - Uganda,Kigezi,Rukungiri District,Rukungiri DLG
NIY73zF93pM,MOH - Uganda,Tooro,Kasese District,Kasese DLG
NiZUZGd3dLz,MOH - Uganda,South Buganda,Wakiso District,Kira Municipality
NJAiY4lXAsb,MOH - Uganda,Kampala,Kampala District,Kampala City Council
nJAKzSDD7jI,MOH - Uganda,Kampala,Kampala District,Kampala City Council
nJp8Gxt5NOk,MOH - Uganda,South Buganda,Masaka District,Masaka DLG
nJpOMVvfqsv,MOH - Uganda,Lango,Oyam District,Oyam DLG
Njqb1fJkCY5,MOH - Uganda,South Buganda,Wakiso District,Nansana Municipality
njRuiEDbpjS,MOH - Uganda,Kigezi,Kisoro District,Kisoro DLG
NJtfKRioU3C,MOH - Uganda,Lango,Oyam District,Oyam DLG
NK1xkePJ7Ke,MOH - Uganda,Kampala,Kampala District,Kampala City Council
Nk2B6AocaIZ,MOH - Uganda,Kampala,Kampala District,Kampala City Council
NK2vCMRLCjb,MOH - Uganda,South Buganda,Wakiso District,Entebbe Municipality
NKcfhEUaMHx,MOH - Uganda,South Buganda,Kalangala District,Kalangala DLG
NkER3oDFQZb,MOH - Uganda,Kigezi,Rukiga District,Rukiga DLG
nKEtuqJsd9h,MOH - Uganda,Lango,Lira City,Lira City Council
nKfY0cXcAxt,MOH - Uganda,West Nile,Yumbe District,Yumbe DLG
nKKX3gA72zS,MOH - Uganda,North Buganda,Buikwe District,Lugazi Municipality
nKmPYluDIoS,MOH - Uganda,South Buganda,Kyotera District,Kyotera DLG
nKNR77wZGmC,MOH - Uganda,Kampala,Kampala District,Kampala City Council
Nkq4sBVIoUd,MOH - Uganda,Tooro,Kabarole District,Kabarole DLG
NKrp5nIYl8p,MOH - Uganda,North Buganda,Kayunga District,Kayunga DLG
nKS765BRLkL,MOH - Uganda,North Buganda,Kayunga District,Kayunga DLG
nKVdqRiwf1M,MOH - Uganda,Kampala,Kampala District,Kampala City Council
nKXskJWw49S,MOH - Uganda,Kampala,Kampala District,Kampala City Council
nlCA2HNWuFV,MOH - Uganda,South Buganda,Kyotera District,Kyotera DLG
nLcJPspov8c,MOH - Uganda,Ankole,Rubirizi District,Rubirizi DLG
NLHu9YS4pW3,MOH - Uganda,Tooro,Ntoroko District,Ntoroko DLG
NLIAgxXVsuv,MOH - Uganda,Kigezi,Kanungu District,Kanungu DLG
NllmelQN6xS,MOH - Uganda,Kampala,Kampala District,Kampala City Council
NlotJOaRy0K,MOH - Uganda,Busoga,Kaliro District,Kaliro DLG
nluAOPgAJfN,MOH - Uganda,West Nile,Adjumani District,Adjumani DLG
nlxuPhHNKli,MOH - Uganda,North Buganda,Mukono District,Mukono DLG
NLYhYHt7zmb,MOH - Uganda,Kampala,Kampala District,Kampala City Council
nM0hEumLl8G,MOH - Uganda,Busoga,Kamuli District,Kamuli DLG
nM0YmaHmm5E,MOH - Uganda,North Buganda,Kayunga District,Kayunga DLG
Nm3mxuGGRG1,MOH - Uganda,Kigezi,Kanungu District,Kanungu DLG
Nm76d3LgPHk,MOH - Uganda,Busoga,Iganga District,Iganga DLG
NMm8X0Qn2CR,MOH - Uganda,Ankole,Rubirizi District,Rubirizi DLG
nmSKRnCN2lJ,MOH - Uganda,Bukedi,Tororo District,Tororo DLG
NmZiWvRQ5nG,MOH - Uganda,Tooro,Kyegegwa District,Kyegegwa DLG
Nn09FXOtWqN,MOH - Uganda,South Buganda,Wakiso District,Kira Municipality
Nn5FlsBkPkQ,MOH - Uganda,Kampala,Kampala District,Kampala City Council
NnCBsNdKT4X,MOH - Uganda,South Buganda,Wakiso District,Wakiso DLG
nNEE8wetNHr,MOH - Uganda,Kampala,Kampala District,Kampala City Council
NNIbG3x0vW4,MOH - Uganda,Busoga,Bugiri District,Bugiri Municipality
nNmlgx5sX9L,MOH - Uganda,Kampala,Kampala District,Kampala City Council
Nnms2rd2gpC,MOH - Uganda,Teso,Soroti City,Soroti City Council
NNrM5489gf4,MOH - Uganda,Kampala,Kampala District,Kampala City Council
NnRzaC6CTar,MOH - Uganda,Bugisu,Sironko District,Sironko DLG
NNs0qql3GJu,MOH - Uganda,Teso,Kumi District,Kumi Municipality
NnSbfZjOXJd,MOH - Uganda,Busoga,Namayingo District,Namayingo DLG
NnsD6CDsZKx,MOH - Uganda,Tooro,Kasese District,Kasese DLG
nnsjzfriRM4,MOH - Uganda,West Nile,Obongi District,Obongi DLG
nNZGVgL6la6,MOH - Uganda,Kigezi,Kisoro District,Kisoro DLG
nNZTeyNCD7C,MOH - Uganda,Busoga,Mayuge District,Mayuge DLG
NO9Vlckpoec,MOH - Uganda,Kampala,Kampala District,Kampala City Council
nOaWaKxKCpC,MOH - Uganda,Busoga,Mayuge District,Mayuge DLG
NoDyrGrOuRW,MOH - Uganda,Ankole,Ibanda District,Ibanda DLG
nOieZSj7iJC,MOH - Uganda,Tooro,Bundibugyo District,Bundibugyo DLG
nOOPgGl7nOI,MOH - Uganda,South Buganda,Wakiso District,Nansana Municipality
NOZMTOUoumd,MOH - Uganda,Kampala,Kampala District,Kampala City Council
Np2uzNystQO,MOH - Uganda,Bunyoro,Masindi District,Masindi DLG
nP8o3jXx1WF,MOH - Uganda,Kampala,Kampala District,Kampala City Council
NpcBxAVF2tf,MOH - Uganda,North Buganda,Luwero District,Luwero DLG
NPCTqj3mOlk,MOH - Uganda,Bunyoro,Kagadi District,Kagadi DLG
NPczcAlZ2AY,MOH - Uganda,Busoga,Iganga District,Iganga DLG
nPgZVYploaa,MOH - Uganda,South Buganda,Kyotera District,Kyotera DLG
nPp400BG3JP,MOH - Uganda,Kampala,Kampala District,Kampala City Council
NPqktls2rGs,MOH - Uganda,South Buganda,Wakiso District,Entebbe Municipality
nPrvP99mWan,MOH - Uganda,Kampala,Kampala District,Kampala City Council
NPsUXWauJwy,MOH - Uganda,Tooro,Kabarole District,Kabarole DLG
npWiy9IfCE4,MOH - Uganda,North Buganda,Mityana District,Mityana Municipality
NPYmw0VgHRv,MOH - Uganda,Tooro,Kyegegwa District,Kyegegwa DLG
NpYYg07MSXv,MOH - Uganda,Bunyoro,Kiryandongo District,Kiryandongo DLG
nQ6sYUsXbXo,MOH - Uganda,Lango,Lira District,Lira DLG
Nq86LNSYxNv,MOH - Uganda,Kampala,Kampala District,Kampala City Council
NQaX9PnpOiB,MOH - Uganda,Bunyoro,Kagadi District,Kagadi DLG
nqeXmzUXubD,MOH - Uganda,Ankole,Mbarara City,Mbarara City Council
nqIkaVtHhb7,MOH - Uganda,Kampala,Kampala District,Kampala City Council
nqkTjJUQZp5,MOH - Uganda,Lango,Kole District,Kole DLG
NQoWOqx4uqu,MOH - Uganda,Kampala,Kampala District,Kampala City Council
nqQTQICpQCP,MOH - Uganda,Kampala,Kampala District,Kampala City Council
NQtXWDiaP1z,MOH - Uganda,Ankole,Mbarara City,Mbarara City Council
nqv3cH6qYYg,MOH - Uganda,Kampala,Kampala District,Kampala City Council
NQz1Wu9svpv,MOH - Uganda,Tooro,Bunyangabu District,Bunyangabu DLG
NrdLSWyKHLF,MOH - Uganda,Busoga,Buyende District,Buyende DLG
Nre05wUvCJL,MOH - Uganda,Tooro,Kasese District,Kasese DLG
NRHnL9b4KGT,MOH - Uganda,Busoga,Jinja City,Jinja City Council
nrjdtsqUSQk,MOH - Uganda,Kigezi,Kanungu District,Kanungu DLG
nrLW9kL9BT2,MOH - Uganda,West Nile,Obongi District,Obongi DLG
NRnEMRdZ0rd,MOH - Uganda,South Buganda,Wakiso District,Nansana Municipality
nRnQig5xiKQ,MOH - Uganda,Ankole,Mbarara District,Mbarara DLG
NrUmuqO5ggm,MOH - Uganda,Lango,Alebtong District,Alebtong DLG
nRvaBZIAEsi,MOH - Uganda,North Buganda,Mityana District,Mityana DLG
NrvjmfD3fPN,MOH - Uganda,Kigezi,Kanungu District,Kanungu DLG
NRVPwkf8igo,MOH - Uganda,South Buganda,Wakiso District,Nansana Municipality
nS7m8RZLSNc,MOH - Uganda,South Buganda,Wakiso District,Makindye Ssabagabo Municipality
nSbLrw5HHS1,MOH - Uganda,Kampala,Kampala District,Kampala City Council
NsNbvtaMOK2,MOH - Uganda,Acholi,Gulu District,Gulu DLG
nso1Or0yjZV,MOH - Uganda,Teso,Kapelebyong District,Kapelebyong DLG
NsomATk5FnX,MOH - Uganda,Busoga,Iganga District,Iganga Municipality
NstnCQR0ZCU,MOH - Uganda,Busoga,Mayuge District,Mayuge DLG
nsvqBMiJ8t7,MOH - Uganda,Bugisu,Bulambuli District,Bulambuli DLG
NsYte9Y7DWm,MOH - Uganda,Karamoja,Napak District,Napak DLG
Nt3Z2TbccBd,MOH - Uganda,Busoga,Jinja City,Jinja City Council
NtBs2IfYztR,MOH - Uganda,South Buganda,Wakiso District,Makindye Ssabagabo Municipality
NTdFPOv8naB,MOH - Uganda,Tooro,Kamwenge District,Kamwenge DLG
NTiWBc8pTYk,MOH - Uganda,South Buganda,Lyantonde District,Lyantonde DLG
nTJpfeWnKQA,MOH - Uganda,Teso,Kumi District,Kumi DLG
NTlPENoySCQ,MOH - Uganda,South Buganda,Kalungu District,Kalungu DLG
NTLrytYmRhO,MOH - Uganda,South Buganda,Masaka District,Masaka DLG
ntpmcM5sv9V,MOH - Uganda,Tooro,Bundibugyo District,Bundibugyo DLG
NtwxKup5q97,MOH - Uganda,Kampala,Kampala District,Kampala City Council
nuamH6tXBgC,MOH - Uganda,Lango,Kwania District,Kwania DLG
NUGrnUsiqje,MOH - Uganda,Busoga,Luuka District,Luuka DLG
NunAd9EXI6t,MOH - Uganda,Kampala,Kampala District,Kampala City Council
NunHrloqul7,MOH - Uganda,Lango,Dokolo District,Dokolo DLG
NupBKuiHbOv,MOH - Uganda,Kampala,Kampala District,Kampala City Council
nuqfMHEzULb,MOH - Uganda,North Buganda,Luwero District,Luwero DLG
NuS4LttqVds,MOH - Uganda,Kampala,Kampala District,Kampala City Council
nuvMa8C9hpX,MOH - Uganda,Kampala,Kampala District,Kampala City Council
nv4Bau4iHYQ,MOH - Uganda,Kampala,Kampala District,Kampala City Council
Nv89wZGYg25,MOH - Uganda,Busoga,Jinja District,Jinja DLG
nva9N2wTX3Q,MOH - Uganda,South Buganda,Wakiso District,Nansana Municipality
NvEq5qtAV4e,MOH - Uganda,Ankole,Mbarara City,Mbarara City Council
nVh2D6QWZQZ,MOH - Uganda,Karamoja,Kaabong District,Kaabong DLG
NVmYdtxcrtt,MOH - Uganda,Bugisu,Bududa District,Bududa DLG
nvrta4xHyuQ,MOH - Uganda,South Buganda,Wakiso District,Entebbe Municipality
nVTvYNeCRkf,MOH - Uganda,South Buganda,Bukomansimbi District,Bukomansimbi DLG
NVuFOjotimg,MOH - Uganda,Ankole,Ibanda District,Ibanda DLG
nvvdOyxWiBW,MOH - Uganda,Lango,Oyam District,Oyam DLG
nVVKPwE1OAc,MOH - Uganda,Bunyoro,Kiryandongo District,Kiryandongo DLG
NVZsuJOAQcs,MOH - Uganda,South Buganda,Sembabule District,Sembabule DLG
NVzyUPHcrEd,MOH - Uganda,North Buganda,Mubende District,Mubende DLG
nW4ydu7zUy5,MOH - Uganda,Kampala,Kampala District,Kampala City Council
nwcLOxR3qXv,MOH - Uganda,North Buganda,Mukono District,Mukono DLG
NwDdmtvuy4J,MOH - Uganda,Bunyoro,Kiryandongo District,Kiryandongo DLG
NwDxtDrXwrQ,MOH - Uganda,Tooro,Kabarole District,Kabarole DLG
nWJKeP8N21c,MOH - Uganda,Busoga,Kamuli District,Kamuli DLG
nWvHIVmBuTT,MOH - Uganda,Tooro,Bunyangabu District,Bunyangabu DLG
NWVYfI4QaPR,MOH - Uganda,Karamoja,Kotido District,Kotido DLG
nWVZbdCWpnY,MOH - Uganda,Kampala,Kampala District,Kampala City Council
nx0UdNxBNIS,MOH - Uganda,Ankole,Mbarara District,Mbarara DLG
nXb57c5ZYzA,MOH - Uganda,Kampala,Kampala District,Kampala City Council
nxEObpnPhfG,MOH - Uganda,Kampala,Kampala District,Kampala City Council
NXigICRetdk,MOH - Uganda,South Buganda,Rakai District,Rakai DLG
NXPEomiL045,MOH - Uganda,Busoga,Iganga District,Iganga DLG
NXpkp1DGpSx,MOH - Uganda,South Buganda,Wakiso District,Wakiso DLG
NXqDVAgs20S,MOH - Uganda,Busoga,Namayingo District,Namayingo DLG
Nxyd5ugzTrI,MOH - Uganda,Lango,Oyam District,Oyam DLG
Ny0Ss1spTjz,MOH - Uganda,Kampala,Kampala District,Kampala City Council
nY3MrUB8NbF,MOH - Uganda,South Buganda,Wakiso District,Wakiso DLG
Ny6gpfiiHon,MOH - Uganda,Bugisu,Bukwo District,Bukwo DLG
NYF35p8MsAW,MOH - Uganda,Lango,Oyam District,Oyam DLG
nynZCBThJAQ,MOH - Uganda,Bukedi,Tororo District,Tororo Municipality
nYpQROJrK2y,MOH - Uganda,South Buganda,Wakiso District,Wakiso DLG
nYQiLmcnDqX,MOH - Uganda,West Nile,Arua City,Arua City Council
nYVXdRkY7pd,MOH - Uganda,Kigezi,Rubanda District,Rubanda DLG
NYYthFLhM23,MOH - Uganda,Busoga,Kaliro District,Kaliro DLG
nz0c3cd4fzo,MOH - Uganda,Tooro,Kabarole District,Kabarole DLG
NZ0kMbKSU8g,MOH - Uganda,Kampala,Kampala District,Kampala City Council
Nz32J3zs8Cq,MOH - Uganda,West Nile,Koboko District,Koboko DLG
nZ4lV0HX6Cs,MOH - Uganda,South Buganda,Wakiso District,Wakiso DLG
nz7bw6ghlow,MOH - Uganda,North Buganda,Buvuma District,Buvuma DLG
nZ7rpiqQoJb,MOH - Uganda,Busoga,Jinja City,Jinja City Council
nZ9o373Dt8R,MOH - Uganda,Kigezi,Rubanda District,Rubanda DLG
NZEBuDHxckF,MOH - Uganda,Karamoja,Nakapiripirit District,Nakapiripirit DLG
nzfJdwZuyr8,MOH - Uganda,Busoga,Mayuge District,Mayuge DLG
nzkgbXyihmf,MOH - Uganda,Ankole,Mbarara City,Mbarara City Council
NZmcEUkHQPs,MOH - Uganda,Busoga,Bugweri District,Bugweri DLG
NzNtDRq3o75,MOH - Uganda,West Nile,Maracha District,Maracha DLG
NzqOno6JTBr,MOH - Uganda,Busoga,Kaliro District,Kaliro DLG
nZvq2rjbvF0,MOH - Uganda,Ankole,Bushenyi District,Bushenyi DLG
nzx3HtVNmLh,MOH - Uganda,Kampala,Kampala District,Kampala City Council
O08DLNHkZfa,MOH - Uganda,Kigezi,Rukungiri District,Rukungiri DLG
O0cCcRWSL5k,MOH - Uganda,Kampala,Kampala District,Kampala City Council
o0EYejjTjr1,MOH - Uganda,Lango,Kole District,Kole DLG
o0s9BlfrluZ,MOH - Uganda,Lango,Oyam District,Oyam DLG
o0xBHWxyDw7,MOH - Uganda,Kampala,Kampala District,Kampala City Council
O15kKJHswW3,MOH - Uganda,Kampala,Kampala District,Kampala City Council
O17Qf4Gj4DS,MOH - Uganda,Kampala,Kampala District,Kampala City Council
o1anbHDcdMD,MOH - Uganda,South Buganda,Sembabule District,Sembabule DLG
O1fnHvip9Gl,MOH - Uganda,Kampala,Kampala District,Kampala City Council
O1I43VpN6wC,MOH - Uganda,South Buganda,Wakiso District,Kira Municipality
o1JJ1FlWiHX,MOH - Uganda,South Buganda,Wakiso District,Entebbe Municipality
o1LaetcCY7S,MOH - Uganda,South Buganda,Gomba District,Gomba DLG
O1WGZDYJW3z,MOH - Uganda,Kampala,Kampala District,Kampala City Council
O2ISli6TrDu,MOH - Uganda,Kampala,Kampala District,Kampala City Council
O2MrHIZZJoi,MOH - Uganda,Bukedi,Budaka District,Budaka DLG
O2R9fAl8Qsx,MOH - Uganda,South Buganda,Wakiso District,Wakiso DLG
O3FdvltAUSh,MOH - Uganda,South Buganda,Wakiso District,Wakiso DLG
o3GAFBGPC4i,MOH - Uganda,Bukedi,Tororo District,Tororo DLG
o3GWM4VVhQy,MOH - Uganda,Acholi,Gulu City,Gulu City Council
O3KU4kLq6PT,MOH - Uganda,Acholi,Amuru District,Amuru DLG
O47np90Wlxj,MOH - Uganda,South Buganda,Wakiso District,Wakiso DLG
o4cJYAKyDZ7,MOH - Uganda,Tooro,Kasese District,Kasese DLG
O4hJJKkCm5r,MOH - Uganda,Bugisu,Mbale City,Mbale City Council
O4KQDQzBA9s,MOH - Uganda,West Nile,Adjumani District,Adjumani DLG
O4N8uOmlbM6,MOH - Uganda,Lango,Otuke District,Otuke DLG
O4sKsWoxekL,MOH - Uganda,South Buganda,Butambala District,Butambala DLG
O4srstZgm0D,MOH - Uganda,Bunyoro,Buliisa District,Buliisa DLG
o5I1o1YMVxP,MOH - Uganda,West Nile,Maracha District,Maracha DLG
O5U6v9ddjoj,MOH - Uganda,Ankole,Mitooma District,Mitooma DLG
O61ynzVlhLd,MOH - Uganda,Kampala,Kampala District,Kampala City Council
o6h40LLDDUA,MOH - Uganda,North Buganda,Mubende District,Mubende DLG
O6TYEDR7sjP,MOH - Uganda,Busoga,Mayuge District,Mayuge DLG
O6vfH6OfhQs,MOH - Uganda,Busoga,Jinja District,Jinja DLG
o73fv7uP7vV,MOH - Uganda,Ankole,Kiruhura District,Kiruhura DLG
O76DchiXdpv,MOH - Uganda,Kampala,Kampala District,Kampala City Council
O7a4M9rmfNk,MOH - Uganda,Bunyoro,Kakumiro District,Kakumiro DLG
o7CJeTwDapk,MOH - Uganda,Teso,Amuria District,Amuria DLG
o7fOJwYw2k1,MOH - Uganda,Kampala,Kampala District,Kampala City Council
O7kPSBLQlez,MOH - Uganda,Ankole,Sheema District,Sheema DLG
o7OluoErEud,MOH - Uganda,Bunyoro,Hoima City,Hoima City Council
o7YcEcb2B70,MOH - Uganda,Tooro,Kyegegwa District,Kyegegwa DLG
O8lAfV2Odft,MOH - Uganda,Kampala,Kampala District,Kampala City Council
o919aB1NWyq,MOH - Uganda,Acholi,Agago District,Agago DLG
O9Bfy1Rf33x,MOH - Uganda,Kigezi,Kisoro District,Kisoro DLG
o9Cx4B22Mu5,MOH - Uganda,Bukedi,Pallisa District,Pallisa DLG
O9q5mhryXaX,MOH - Uganda,Teso,Ngora District,Ngora DLG
o9yLIt1OuUu,MOH - Uganda,Kampala,Kampala District,Kampala City Council
oa2Jc3fTgtD,MOH - Uganda,Tooro,Kamwenge District,Kamwenge DLG
OA8BVTP9las,MOH - Uganda,Tooro,Kamwenge District,Kamwenge DLG
oA9gSEEB1qd,MOH - Uganda,Acholi,Gulu City,Gulu City Council
OaDLSKkKwgW,MOH - Uganda,North Buganda,Nakasongola District,Nakasongola DLG
OAn8vovdXod,MOH - Uganda,Ankole,Mbarara City,Mbarara City Council
oAPx6POCS1T,MOH - Uganda,Bugisu,Mbale City,Mbale City Council
oATZ1ASDvIs,MOH - Uganda,South Buganda,Mpigi District,Mpigi DLG
oAWHzRnNSZ8,MOH - Uganda,Bunyoro,Kiryandongo District,Kiryandongo DLG
OB1TinAnQue,MOH - Uganda,Ankole,Mbarara City,Mbarara City Council
Ob2khLTIpAW,MOH - Uganda,Kampala,Kampala District,Kampala City Council
obDgMTBnOjm,MOH - Uganda,Kampala,Kampala District,Kampala City Council
oBg69iZLKtq,MOH - Uganda,South Buganda,Rakai District,Rakai DLG
obgGjQ3o0T3,MOH - Uganda,Kampala,Kampala District,Kampala City Council
ObHbbLAclEO,MOH - Uganda,North Buganda,Mukono District,Mukono Municipality
oBioSOuF497,MOH - Uganda,Ankole,Ntungamo District,Ntungamo DLG
oBJdkxGcVbN,MOH - Uganda,Busoga,Luuka District,Luuka DLG
ObleTGjYvXQ,MOH - Uganda,Lango,Kole District,Kole DLG
oBsdf0a82Z7,MOH - Uganda,Ankole,Mbarara City,Mbarara City Council
OBVARs4lbvp,MOH - Uganda,Kampala,Kampala District,Kampala City Council
ObwcGMEecrL,MOH - Uganda,South Buganda,Wakiso District,Makindye Ssabagabo Municipality
obXcd9wL3Pf,MOH - Uganda,South Buganda,Bukomansimbi District,Bukomansimbi DLG
OBzDS4sx5fq,MOH - Uganda,South Buganda,Sembabule District,Sembabule DLG
oC75kRES5l1,MOH - Uganda,Ankole,Isingiro District,Isingiro DLG
oc8ujb45hAw,MOH - Uganda,Busoga,Kamuli District,Kamuli Municipality
OCCcAD4aYgs,MOH - Uganda,West Nile,Maracha District,Maracha DLG
Ocd7H11HC0z,MOH - Uganda,West Nile,Yumbe District,Yumbe DLG
oCg2PMCReX1,MOH - Uganda,Bukedi,Kibuku District,Kibuku DLG
OCicb5Ks2z7,MOH - Uganda,North Buganda,Mityana District,Mityana DLG
Ocknuz2662e,MOH - Uganda,Teso,Soroti City,Soroti City Council
oCkW1vsMdgD,MOH - Uganda,Kampala,Kampala District,Kampala City Council
ocmJzmqmXWX,MOH - Uganda,North Buganda,Mityana District,Mityana Municipality
oCqkp79fHNG,MOH - Uganda,South Buganda,Wakiso District,Nansana Municipality
oCtP4qz97K8,MOH - Uganda,South Buganda,Wakiso District,Nansana Municipality
ocu7dzSyttt,MOH - Uganda,Kigezi,Kabale District,Kabale DLG
od05g8saX7i,MOH - Uganda,Kampala,Kampala District,Kampala City Council
Od6a7hi0itI,MOH - Uganda,Kampala,Kampala District,Kampala City Council
od8CeDGX0qw,MOH - Uganda,South Buganda,Rakai District,Rakai DLG
odhUpF17tvm,MOH - Uganda,South Buganda,Kyotera District,Kyotera DLG
OdisbvWKxC8,MOH - Uganda,South Buganda,Wakiso District,Nansana Municipality
odJGvwu2B5W,MOH - Uganda,Tooro,Kyenjojo District,Kyenjojo DLG
odKv8puCQNr,MOH - Uganda,Kampala,Kampala District,Kampala City Council
ODl6muHUdeG,MOH - Uganda,South Buganda,Wakiso District,Kira Municipality
OdMFpJ4zPyQ,MOH - Uganda,West Nile,Arua City,Arua City Council
oDNhzNv4uhM,MOH - Uganda,Busoga,Luuka District,Luuka DLG
OdQ5ixGmXRt,MOH - Uganda,Kampala,Kampala District,Kampala City Council
OdUyD5qm3qW,MOH - Uganda,Kampala,Kampala District,Kampala City Council
OdxAjpBhVeG,MOH - Uganda,Kampala,Kampala District,Kampala City Council
OdxxQc8Ft7U,MOH - Uganda,Kampala,Kampala District,Kampala City Council
oe5SuoS1cNO,MOH - Uganda,Kigezi,Kanungu District,Kanungu DLG
oe9DODWDMBD,MOH - Uganda,Kampala,Kampala District,Kampala City Council
oeAl4pvVQJ6,MOH - Uganda,South Buganda,Wakiso District,Nansana Municipality
OeBKA5gCBXG,MOH - Uganda,Lango,Apac District,Apac Municipality
oEFZOY8Nzwh,MOH - Uganda,North Buganda,Mityana District,Mityana Municipality
OEhMLFc4vaU,MOH - Uganda,Ankole,Bushenyi District,Bushenyi DLG
OeJNhyifqPp,MOH - Uganda,Busoga,Luuka District,Luuka DLG
OEnFqLIuXsi,MOH - Uganda,Kampala,Kampala District,Kampala City Council
OERp3gZVfSx,MOH - Uganda,South Buganda,Wakiso District,Wakiso DLG
oesIhOYohnt,MOH - Uganda,North Buganda,Kiboga District,Kiboga DLG
oeupHvcQnUg,MOH - Uganda,Kampala,Kampala District,Kampala City Council
oexw63IOiAD,MOH - Uganda,West Nile,Maracha District,Maracha DLG
OeZIomaa5d1,MOH - Uganda,Busoga,Kamuli District,Kamuli DLG
Of2X0YyaPVa,MOH - Uganda,Kampala,Kampala District,Kampala City Council
OF5DK2FAVqk,MOH - Uganda,South Buganda,Wakiso District,Wakiso DLG
OF7Spq6EWfw,MOH - Uganda,Busoga,Mayuge District,Mayuge DLG
oFderwcM9f1,MOH - Uganda,South Buganda,Kalungu District,Kalungu DLG
oFE3kMPAyJ7,MOH - Uganda,Tooro,Kyenjojo District,Kyenjojo DLG
OFHXaWocktQ,MOH - Uganda,Kigezi,Rukiga District,Rukiga DLG
oFI3thMRN4h,MOH - Uganda,South Buganda,Lwengo District,Lwengo DLG
OfiiewIz9Nl,MOH - Uganda,Kampala,Kampala District,Kampala City Council
OfLIf8Za2t6,MOH - Uganda,Busoga,Jinja District,Jinja DLG
oFMf9UXgoOr,MOH - Uganda,Ankole,Buhweju District,Buhweju DLG
OgCxJPeMYVN,MOH - Uganda,Kampala,Kampala District,Kampala City Council
ogD8wXFjIUD,MOH - Uganda,South Buganda,Bukomansimbi District,Bukomansimbi DLG
oGFpXMmq8U0,MOH - Uganda,Kampala,Kampala District,Kampala City Council
OGfte938X2q,MOH - Uganda,South Buganda,Wakiso District,Nansana Municipality
OGk0nfcBuM8,MOH - Uganda,Kampala,Kampala District,Kampala City Council
oglrek2bw9A,MOH - Uganda,South Buganda,Butambala District,Butambala DLG
OgnUw0a7ORO,MOH - Uganda,West Nile,Nebbi District,Nebbi DLG
OGo58TYk6SY,MOH - Uganda,North Buganda,Kayunga District,Kayunga DLG
OgxCgwY1klr,MOH - Uganda,Kampala,Kampala District,Kampala City Council
OgYKIobOLya,MOH - Uganda,Acholi,Amuru District,Amuru DLG
oHaJwDyZkuy,MOH - Uganda,Kampala,Kampala District,Kampala City Council
OHfsmamWtv2,MOH - Uganda,Kampala,Kampala District,Kampala City Council
OHH5RHLMx2G,MOH - Uganda,North Buganda,Luwero District,Luwero DLG
OHSQd2FWUzu,MOH - Uganda,Tooro,Kasese District,Kasese DLG
oHu9DJNgKaV,MOH - Uganda,South Buganda,Rakai District,Rakai DLG
oI0aTdidBhm,MOH - Uganda,West Nile,Yumbe District,Yumbe DLG
OI8TRCBrnAW,MOH - Uganda,Busoga,Bugweri District,Bugweri DLG
OI9iFC8cwsU,MOH - Uganda,North Buganda,Kayunga District,Kayunga DLG
Oib4aFmRmve,MOH - Uganda,West Nile,Arua City,Arua City Council
oij6xklysz3,MOH - Uganda,South Buganda,Wakiso District,Nansana Municipality
oiloaQQcEMn,MOH - Uganda,Tooro,Kyegegwa District,Kyegegwa DLG
oiOKghI7paV,MOH - Uganda,South Buganda,Wakiso District,Makindye Ssabagabo Municipality
OipU7GANECi,MOH - Uganda,Busoga,Bugweri District,Bugweri DLG
OITLsd78oCi,MOH - Uganda,South Buganda,Wakiso District,Kira Municipality
oIU8rYhh7S4,MOH - Uganda,North Buganda,Mityana District,Mityana Municipality
OiuyBahpmGI,MOH - Uganda,North Buganda,Buikwe District,Njeru Municipality
OIVHvT1Ty5o,MOH - Uganda,North Buganda,Mukono District,Mukono Municipality
oIYkOMu6tdP,MOH - Uganda,Bugisu,Manafwa District,Manafwa DLG
oIyPA3rpL0t,MOH - Uganda,Busoga,Mayuge District,Mayuge DLG
OJ3nlhPPbOX,MOH - Uganda,Kampala,Kampala District,Kampala City Council
OJAHaxY7rug,MOH - Uganda,Busoga,Jinja District,Jinja DLG
OjAzmXKJ9Ie,MOH - Uganda,Kampala,Kampala District,Kampala City Council
oJjQxwDB9EW,MOH - Uganda,Kigezi,Kisoro District,Kisoro DLG
oJpTbvweUMB,MOH - Uganda,Lango,Oyam District,Oyam DLG
OjPZpAx86iC,MOH - Uganda,Lango,Lira City,Lira City Council
OJsZ242jotp,MOH - Uganda,South Buganda,Wakiso District,Wakiso DLG
ojUv6vHaoqj,MOH - Uganda,Kampala,Kampala District,Kampala City Council
OjxqLU9Kw6Y,MOH - Uganda,Tooro,Kitagwenda District,Kitagwenda DLG
ojyt3e5mAXN,MOH - Uganda,South Buganda,Kyotera District,Kyotera DLG
OJYXXSC87rV,MOH - Uganda,Acholi,Amuru District,Amuru DLG
OK2wKwisZK2,MOH - Uganda,South Buganda,Wakiso District,Wakiso DLG
ok6EsLaVTPe,MOH - Uganda,Kampala,Kampala District,Kampala City Council
OkiRE6CpboC,MOH - Uganda,Kampala,Kampala District,Kampala City Council
okLSLD0KEwv,MOH - Uganda,South Buganda,Wakiso District,Wakiso DLG
oKUibPXdpfx,MOH - Uganda,Kigezi,Rukungiri District,Rukungiri DLG
OkXiLXdu8pG,MOH - Uganda,Lango,Otuke District,Otuke DLG
OKyrcdrxWTA,MOH - Uganda,Kampala,Kampala District,Kampala City Council
Ol1Eb7jfNAG,MOH - Uganda,Busoga,Bugweri District,Bugweri DLG
Ol3Jup78Um5,MOH - Uganda,South Buganda,Wakiso District,Wakiso DLG
OlaVEDuSn6W,MOH - Uganda,Bugisu,Mbale District,Mbale DLG
OLccBxRpUXk,MOH - Uganda,West Nile,Adjumani District,Adjumani DLG
OLdESwzsV2K,MOH - Uganda,Bunyoro,Kagadi District,Kagadi DLG
oLeAXCDoQRH,MOH - Uganda,Kampala,Kampala District,Kampala City Council
olEYjGeLyZf,MOH - Uganda,North Buganda,Luwero District,Luwero DLG
olglSUQuS07,MOH - Uganda,Kampala,Kampala District,Kampala City Council
Olh3O2fIRpm,MOH - Uganda,South Buganda,Masaka City,Masaka City Council
OLmTe5kU6HD,MOH - Uganda,Kampala,Kampala District,Kampala City Council
oLPpU9BQsKF,MOH - Uganda,Karamoja,Nakapiripirit District,Nakapiripirit DLG
oLQbIIP1pNR,MOH - Uganda,Kampala,Kampala District,Kampala City Council
olqibmTariV,MOH - Uganda,Kampala,Kampala District,Kampala City Council
Oluz9KryEyt,MOH - Uganda,Tooro,Ntoroko District,Ntoroko DLG
oM03Sv735qF,MOH - Uganda,Busoga,Namayingo District,Namayingo DLG
OMcMEaU6oYK,MOH - Uganda,Kampala,Kampala District,Kampala City Council
oMhHh2P5cRr,MOH - Uganda,North Buganda,Mityana District,Mityana DLG
OMHKYJZALu2,MOH - Uganda,Ankole,Ibanda District,Ibanda DLG
OMNRrYcHxCn,MOH - Uganda,Teso,Bukedea District,Bukedea DLG
OMRlmYUqpLa,MOH - Uganda,Lango,Amolatar District,Amolatar DLG
OMTL4FcwFul,MOH - Uganda,Tooro,Kasese District,Kasese Municipality
omv0xbPKq9w,MOH - Uganda,Bunyoro,Kikuube District,Kikuube DLG
OmVBbMIdulm,MOH - Uganda,Kampala,Kampala District,Kampala City Council
OMxnV3FYIU9,MOH - Uganda,Busoga,Luuka District,Luuka DLG
ON7Uan6hmYG,MOH - Uganda,West Nile,Nebbi District,Nebbi DLG
Ond9n3CrBxY,MOH - Uganda,Bunyoro,Kikuube District,Kikuube DLG
onNJWfJUJKc,MOH - Uganda,Lango,Oyam District,Oyam DLG
onojMI59QKi,MOH - Uganda,Kigezi,Rubanda District,Rubanda DLG
ONQ3UMhfDho,MOH - Uganda,North Buganda,Mukono District,Mukono DLG
ONQNQbW91CS,MOH - Uganda,Kampala,Kampala District,Kampala City Council
ONt4TJmcw1L,MOH - Uganda,Kampala,Kampala District,Kampala City Council
ONtp07aUwfp,MOH - Uganda,Kampala,Kampala District,Kampala City Council
OnV3pblY9FU,MOH - Uganda,Ankole,Mbarara District,Mbarara DLG
ONwVyUbaeZ8,MOH - Uganda,South Buganda,Wakiso District,Kira Municipality
oo6NPR1LpVp,MOH - Uganda,Busoga,Namutumba District,Namutumba DLG
OOEbAPdUMTg,MOH - Uganda,North Buganda,Buvuma District,Buvuma DLG
oOf8N3iGy5X,MOH - Uganda,Bunyoro,Kibaale District,Kibaale DLG
OoIuPjmXDde,MOH - Uganda,South Buganda,Kalungu District,Kalungu DLG
OOJMUm6aMR4,MOH - Uganda,Tooro,Kasese District,Kasese DLG
OoK7w9DGvaS,MOH - Uganda,South Buganda,Wakiso District,Wakiso DLG
OoKSJdwte5f,MOH - Uganda,Ankole,Ibanda District,Ibanda Municipality
oorQZP8jzEy,MOH - Uganda,Kampala,Kampala District,Kampala City Council
OoT1V5hqWo1,MOH - Uganda,Kampala,Kampala District,Kampala City Council
OOTHJd11Kqy,MOH - Uganda,Teso,Soroti City,Soroti City Council
oOTKmw5r8Jr,MOH - Uganda,Bugisu,Bulambuli District,Bulambuli DLG
OoVeZj9sCqA,MOH - Uganda,Tooro,Bundibugyo District,Bundibugyo DLG
OpdUCKIheZh,MOH - Uganda,Kampala,Kampala District,Kampala City Council
OPgM3GAJz1p,MOH - Uganda,Acholi,Omoro District,Omoro DLG
OpHCVPDEaBb,MOH - Uganda,South Buganda,Masaka District,Masaka DLG
OPlFFKzCcCC,MOH - Uganda,South Buganda,Lyantonde District,Lyantonde DLG
OpOGlpV0oLK,MOH - Uganda,Busoga,Jinja District,Jinja DLG
OPOuhWyA5PX,MOH - Uganda,Busoga,Mayuge District,Mayuge DLG
OpRq2uEgDdk,MOH - Uganda,Kampala,Kampala District,Kampala City Council
OpTk62jg5SB,MOH - Uganda,Kigezi,Rubanda District,Rubanda DLG
OPysuvktrqH,MOH - Uganda,North Buganda,Mubende District,Mubende DLG
oPzjsud0nrE,MOH - Uganda,North Buganda,Mubende District,Mubende Municipality
Oq3qT6VJV2J,MOH - Uganda,Kampala,Kampala District,Kampala City Council
OQA2v7qSJy0,MOH - Uganda,Kampala,Kampala District,Kampala City Council
OqaXjy0TtrF,MOH - Uganda,Lango,Kwania District,Kwania DLG
OQCjfzT6cnZ,MOH - Uganda,South Buganda,Wakiso District,Nansana Municipality
Oqgm80YDDkM,MOH - Uganda,South Buganda,Wakiso District,Kira Municipality
OQnJUNl390Z,MOH - Uganda,South Buganda,Rakai District,Rakai DLG
oqpQTfNAJJw,MOH - Uganda,North Buganda,Kassanda District,Kassanda DLG
oQtbnhBf0dB,MOH - Uganda,Kampala,Kampala District,Kampala City Council
OQUekmJ95Wq,MOH - Uganda,Bunyoro,Kibaale District,Kibaale DLG
oR7VphxqtxB,MOH - Uganda,South Buganda,Wakiso District,Nansana Municipality
oRgf5fVyLIM,MOH - Uganda,South Buganda,Wakiso District,Wakiso DLG
oRHreBW5Tyr,MOH - Uganda,Teso,Amuria District,Amuria DLG
orUPDuI87k0,MOH - Uganda,Lango,Kole District,Kole DLG
OrYR6qpBHV8,MOH - Uganda,Kampala,Kampala District,Kampala City Council
oS0UIwPaUAE,MOH - Uganda,Kampala,Kampala District,Kampala City Council
oSaG8nXTNOB,MOH - Uganda,Karamoja,Moroto District,Moroto Municipality
OSehC9j4JV1,MOH - Uganda,Acholi,Kitgum District,Kitgum Municipality
OSEpC3VDnGt,MOH - Uganda,Lango,Kole District,Kole DLG
OSfoWEwPx5d,MOH - Uganda,Ankole,Isingiro District,Isingiro DLG
osiRZDR3xx6,MOH - Uganda,Bunyoro,Kagadi District,Kagadi DLG
OsJnB9B5UP9,MOH - Uganda,Ankole,Isingiro District,Isingiro DLG
osLBoCRwfhy,MOH - Uganda,Bukedi,Tororo District,Tororo DLG
OSleC23iW7B,MOH - Uganda,Kampala,Kampala District,Kampala City Council
oSM7sWsMSrq,MOH - Uganda,North Buganda,Luwero District,Luwero DLG
OSMYJiJi674,MOH - Uganda,South Buganda,Wakiso District,Makindye Ssabagabo Municipality
OsSnEW2LiKA,MOH - Uganda,North Buganda,Luwero District,Luwero DLG
Osw7UTwSksE,MOH - Uganda,Ankole,Bushenyi District,Bushenyi DLG
OsXGo2furEb,MOH - Uganda,West Nile,Adjumani District,Adjumani DLG
OSXtM56gs6k,MOH - Uganda,Ankole,Isingiro District,Isingiro DLG
OTAiXMZurwr,MOH - Uganda,North Buganda,Mukono District,Mukono DLG
OtHSbYGRmmu,MOH - Uganda,North Buganda,Nakaseke District,Nakaseke DLG
Otq7OSrseu8,MOH - Uganda,Teso,Ngora District,Ngora DLG
oTrkUug8GKl,MOH - Uganda,Acholi,Pader District,Pader DLG
otsHoqZnMao,MOH - Uganda,Kampala,Kampala District,Kampala City Council
oTXa14pgh8f,MOH - Uganda,South Buganda,Kalangala District,Kalangala DLG
OTXAnX5WbpR,MOH - Uganda,Bukedi,Busia District,Busia DLG
otz3QpVIGKe,MOH - Uganda,Kampala,Kampala District,Kampala City Council
oTZSshE5Zjw,MOH - Uganda,Kampala,Kampala District,Kampala City Council
oU5FK0jRDPy,MOH - Uganda,Kampala,Kampala District,Kampala City Council
Ou84k4CKFRi,MOH - Uganda,West Nile,Adjumani District,Adjumani DLG
oUcwyNtRzrb,MOH - Uganda,Acholi,Agago District,Agago DLG
OUeoU9K3vSp,MOH - Uganda,North Buganda,Mubende District,Mubende Municipality
OuFpi2jn6c2,MOH - Uganda,Ankole,Kazo District,Kazo DLG
oUg36nTwhBR,MOH - Uganda,South Buganda,Wakiso District,Nansana Municipality
oug9FwPOwq6,MOH - Uganda,Bunyoro,Kakumiro District,Kakumiro DLG
oUhXrWJEwRI,MOH - Uganda,North Buganda,Kassanda District,Kassanda DLG
ounetWmXUdw,MOH - Uganda,Tooro,Kyenjojo District,Kyenjojo DLG
oUNHM7Eaz30,MOH - Uganda,Kampala,Kampala District,Kampala City Council
OURnUcdYWIA,MOH - Uganda,South Buganda,Gomba District,Gomba DLG
OuuNEkzs6cy,MOH - Uganda,Lango,Kole District,Kole DLG
OUxkJiqy82x,MOH - Uganda,Bunyoro,Kagadi District,Kagadi DLG
oUxtZ06Ljbt,MOH - Uganda,Kampala,Kampala District,Kampala City Council
oV04hqRuGIL,MOH - Uganda,Bunyoro,Buliisa District,Buliisa DLG
oV7osEI51r6,MOH - Uganda,Ankole,Sheema District,Sheema DLG
oVbW1wyDLmu,MOH - Uganda,South Buganda,Wakiso District,Nansana Municipality
OVHn5EkIqik,MOH - Uganda,Bugisu,Kapchorwa District,Kapchorwa Municipality
oviT3cugAEz,MOH - Uganda,South Buganda,Lwengo District,Lwengo DLG
OvnzdYzqHrm,MOH - Uganda,Busoga,Kaliro District,Kaliro DLG
OVvwU0OxejN,MOH - Uganda,Bugisu,Kween District,Kween DLG
OVzIKrDVLHO,MOH - Uganda,Lango,Lira District,Lira DLG
Ow10nC0slVc,MOH - Uganda,Kampala,Kampala District,Kampala City Council
Ow4rNuvz25Q,MOH - Uganda,South Buganda,Sembabule District,Sembabule DLG
oWA8scZHcEV,MOH - Uganda,Ankole,Isingiro District,Isingiro DLG
owAIGpyMnve,MOH - Uganda,Kampala,Kampala District,Kampala City Council
oWc1nPWfL8R,MOH - Uganda,South Buganda,Rakai District,Rakai DLG
owc2E5nFsSu,MOH - Uganda,Tooro,Bundibugyo District,Bundibugyo DLG
Owc96e15Vlh,MOH - Uganda,Kampala,Kampala District,Kampala City Council
OwDder9Wkwn,MOH - Uganda,Tooro,Kabarole District,Kabarole DLG
owkwHmj0ueb,MOH - Uganda,Bunyoro,Hoima District,Hoima DLG
owOVNT2yPYd,MOH - Uganda,Kampala,Kampala District,Kampala City Council
OwpzGOcbJxc,MOH - Uganda,Kampala,Kampala District,Kampala City Council
oWTRZJbQxha,MOH - Uganda,Kigezi,Kabale District,Kabale DLG
Owvv3PbIrZ2,MOH - Uganda,Karamoja,Abim District,Abim DLG
oWYYDzkjhqT,MOH - Uganda,Bukedi,Pallisa District,Pallisa DLG
OXa6YSwJxEd,MOH - Uganda,Tooro,Kyenjojo District,Kyenjojo DLG
OXG3d4gPJpC,MOH - Uganda,Kampala,Kampala District,Kampala City Council
OXhJvwUXgTa,MOH - Uganda,Kampala,Kampala District,Kampala City Council
oXIGrnTxKM3,MOH - Uganda,Karamoja,Nabilatuk District,Nabilatuk DLG
OxlqPUBAnaI,MOH - Uganda,Bunyoro,Kakumiro District,Kakumiro DLG
Oy2XDywMSvw,MOH - Uganda,South Buganda,Lwengo District,Lwengo DLG
OY8M4ldDjpX,MOH - Uganda,South Buganda,Wakiso District,Nansana Municipality
oYdsJ8kS1JS,MOH - Uganda,Acholi,Omoro District,Omoro DLG
OYENvTcFrXW,MOH - Uganda,Lango,Oyam District,Oyam DLG
oyfr6zwE7bz,MOH - Uganda,Tooro,Bundibugyo District,Bundibugyo DLG
oYg6OsZ6wxS,MOH - Uganda,Kampala,Kampala District,Kampala City Council
oYJViNoP94z,MOH - Uganda,Ankole,Sheema District,Sheema Municipality
OYOiGUIYvs2,MOH - Uganda,South Buganda,Wakiso District,Nansana Municipality
OYrBAEyeeXR,MOH - Uganda,South Buganda,Masaka City,Masaka City Council
oYv97XgXQGa,MOH - Uganda,Tooro,Kabarole District,Kabarole DLG
oYvI9qSHy8v,MOH - Uganda,West Nile,Arua City,Arua City Council
OYx5abCXEHa,MOH - Uganda,North Buganda,Mukono District,Mukono Municipality
OYxZ53hePFw,MOH - Uganda,North Buganda,Mubende District,Mubende DLG
Oyyeb3z95lb,MOH - Uganda,Kampala,Kampala District,Kampala City Council
OZ9OYx1vGdo,MOH - Uganda,South Buganda,Wakiso District,Kira Municipality
oZGP4SNOqtz,MOH - Uganda,Kigezi,Rukungiri District,Rukungiri DLG
ozHQd3aM4LS,MOH - Uganda,Kampala,Kampala District,Kampala City Council
oZkdPEw78K7,MOH - Uganda,Busoga,Jinja District,Jinja DLG
ozM66An1522,MOH - Uganda,Ankole,Ibanda District,Ibanda DLG
OZm6EKHBeMU,MOH - Uganda,Busoga,Jinja City,Jinja City Council
ozoNzzS4cZg,MOH - Uganda,North Buganda,Mukono District,Mukono DLG
oZVIABxg51n,MOH - Uganda,Kigezi,Rubanda District,Rubanda DLG
p0bIifvmV47,MOH - Uganda,Acholi,Lamwo District,Lamwo DLG
p0fJEq6m1ew,MOH - Uganda,Teso,Soroti City,Soroti City Council
p0gQCb29YsS,MOH - Uganda,Teso,Soroti City,Soroti City Council
P0PNRCKGCau,MOH - Uganda,Kampala,Kampala District,Kampala City Council
p0u0syFc26U,MOH - Uganda,Karamoja,Napak District,Napak DLG
p0zA3LCR2z4,MOH - Uganda,Bugisu,Bukwo District,Bukwo DLG
p1DN5s8Iw8F,MOH - Uganda,Acholi,Lamwo District,Lamwo DLG
p1eA0ghuSyR,MOH - Uganda,Acholi,Agago District,Agago DLG
P1F2OCX6d3t,MOH - Uganda,West Nile,Zombo District,Zombo DLG
p1NmVdyCLNb,MOH - Uganda,Bunyoro,Hoima City,Hoima City Council
p1sZ2yYdM77,MOH - Uganda,South Buganda,Lyantonde District,Lyantonde DLG
p1UKAe8a5WU,MOH - Uganda,Kampala,Kampala District,Kampala City Council
P2Bs3mTcqHT,MOH - Uganda,South Buganda,Wakiso District,Makindye Ssabagabo Municipality
P2QYI0kDGW3,MOH - Uganda,Acholi,Pader District,Pader DLG
P2sdfoxH0a7,MOH - Uganda,Acholi,Gulu District,Gulu DLG
P33Fn6R2i6s,MOH - Uganda,Ankole,Ntungamo District,Ntungamo DLG
p3Ifvi7bHDa,MOH - Uganda,Kigezi,Rukungiri District,Rukungiri DLG
P3xQ9rXeVdo,MOH - Uganda,Ankole,Ntungamo District,Ntungamo DLG
p3y6tUhOXnp,MOH - Uganda,Kigezi,Kisoro District,Kisoro DLG
p4DYh3x1rnz,MOH - Uganda,Kampala,Kampala District,Kampala City Council
p4QSmjklO4k,MOH - Uganda,South Buganda,Wakiso District,Nansana Municipality
P4S1NQLpjzw,MOH - Uganda,Ankole,Sheema District,Sheema DLG
P53lNRn7faQ,MOH - Uganda,Kampala,Kampala District,Kampala City Council
P5F7iePz0o0,MOH - Uganda,Bunyoro,Kikuube District,Kikuube DLG
P5GTK5hmugt,MOH - Uganda,West Nile,Yumbe District,Yumbe DLG
p5uDISee6z5,MOH - Uganda,Bunyoro,Kakumiro District,Kakumiro DLG
p5VSwDHxeI1,MOH - Uganda,West Nile,Terego District,Terego DLG
P60kYT5R9o0,MOH - Uganda,West Nile,Arua City,Arua City Council
P6OUk7gIEv2,MOH - Uganda,Busoga,Luuka District,Luuka DLG
p6paVuBeQDA,MOH - Uganda,Kampala,Kampala District,Kampala City Council
p6TLE7qdXyr,MOH - Uganda,Karamoja,Kaabong District,Kaabong DLG
P7mzxIgoISJ,MOH - Uganda,Kampala,Kampala District,Kampala City Council
P8IEZbxjj0P,MOH - Uganda,Kampala,Kampala District,Kampala City Council
p90fk3qOBVE,MOH - Uganda,South Buganda,Wakiso District,Makindye Ssabagabo Municipality
P97gbQJHlIW,MOH - Uganda,South Buganda,Mpigi District,Mpigi DLG
pa2KemeFZTD,MOH - Uganda,Bunyoro,Kikuube District,Kikuube DLG
PaCKiSlbnNX,MOH - Uganda,Tooro,Kasese District,Kasese DLG
PaDMXSrDug6,MOH - Uganda,Ankole,Bushenyi District,Bushenyi DLG
pAeUhElFcXO,MOH - Uganda,Bunyoro,Kikuube District,Kikuube DLG
PaFDdt89chv,MOH - Uganda,Acholi,Nwoya District,Nwoya DLG
PajDI41MhPJ,MOH - Uganda,Kampala,Kampala District,Kampala City Council
PakCENr97K2,MOH - Uganda,South Buganda,Sembabule District,Sembabule DLG
pamX5YjbbG2,MOH - Uganda,Bunyoro,Masindi District,Masindi DLG
paN9PlHkDPN,MOH - Uganda,South Buganda,Kalangala District,Kalangala DLG
paNfnARuPo1,MOH - Uganda,Kampala,Kampala District,Kampala City Council
PAqRmWuL619,MOH - Uganda,Kampala,Kampala District,Kampala City Council
pAsdJsJETch,MOH - Uganda,Busoga,Jinja City,Jinja City Council
pATBoZZRddT,MOH - Uganda,Karamoja,Kaabong District,Kaabong DLG
PaUTcpObH8G,MOH - Uganda,Kampala,Kampala District,Kampala City Council
pAVQjcGnvWV,MOH - Uganda,Busoga,Luuka District,Luuka DLG
PayyM8KJwnH,MOH - Uganda,Kampala,Kampala District,Kampala City Council
PBAPWw0xNhw,MOH - Uganda,Kampala,Kampala District,Kampala City Council
PBk9mkvmwVa,MOH - Uganda,Ankole,Mbarara District,Mbarara DLG
pBmSV8i8O4m,MOH - Uganda,Karamoja,Moroto District,Moroto DLG
pBrduMkhHQy,MOH - Uganda,Acholi,Agago District,Agago DLG
pbZv6K3N34G,MOH - Uganda,Kampala,Kampala District,Kampala City Council
pc0gGnSgjAf,MOH - Uganda,Lango,Oyam District,Oyam DLG
pc82nYpfE5k,MOH - Uganda,Bukedi,Pallisa District,Pallisa DLG
pCasaBs63nR,MOH - Uganda,Ankole,Mbarara City,Mbarara City Council
PcAslzDoJN1,MOH - Uganda,Lango,Oyam District,Oyam DLG
PCEYU4GNDtV,MOH - Uganda,West Nile,Yumbe District,Yumbe DLG
pcHjVXNmuqh,MOH - Uganda,North Buganda,Nakaseke District,Nakaseke DLG
PCLyMGxqyzk,MOH - Uganda,South Buganda,Wakiso District,Nansana Municipality
pCrTAHeI5c0,MOH - Uganda,South Buganda,Wakiso District,Nansana Municipality
pcT3Ll2MaxS,MOH - Uganda,Kampala,Kampala District,Kampala City Council
pCtAcnwh1vG,MOH - Uganda,Kampala,Kampala District,Kampala City Council
PCvI4E289K1,MOH - Uganda,Teso,Soroti District,Soroti DLG
pCvTmt48vr0,MOH - Uganda,Kigezi,Kisoro District,Kisoro DLG
pD07V67nAEZ,MOH - Uganda,Acholi,Gulu City,Gulu City Council
Pd0OEOACNJA,MOH - Uganda,North Buganda,Luwero District,Luwero DLG
pD5pZOpv10T,MOH - Uganda,Busoga,Jinja City,Jinja City Council
Pd6q0Mtx9Lu,MOH - Uganda,Kampala,Kampala District,Kampala City Council
pdaF4v60S6s,MOH - Uganda,South Buganda,Wakiso District,Wakiso DLG
PDfrpAF7C7n,MOH - Uganda,Lango,Kwania District,Kwania DLG
pDoGpLEW0yL,MOH - Uganda,South Buganda,Masaka City,Masaka City Council
PdR3YaMoJoG,MOH - Uganda,Bugisu,Kapchorwa District,Kapchorwa Municipality
PDrCI0KZp8c,MOH - Uganda,Acholi,Gulu City,Gulu City Council
PDza9VEtZ2Y,MOH - Uganda,Kampala,Kampala District,Kampala City Council
pE5320aADcw,MOH - Uganda,Karamoja,Moroto District,Moroto Municipality
PE56JHREFS5,MOH - Uganda,Kampala,Kampala District,Kampala City Council
PE6zvLA3vmK,MOH - Uganda,Bugisu,Namisindwa District,Namisindwa DLG
peDRvuxvzAv,MOH - Uganda,Kampala,Kampala District,Kampala City Council
pefbTxE2yCt,MOH - Uganda,Karamoja,Nakapiripirit District,Nakapiripirit DLG
pefIQOO4szC,MOH - Uganda,Bunyoro,Hoima City,Hoima City Council
PEg1yGAYVno,MOH - Uganda,South Buganda,Wakiso District,Nansana Municipality
PeGym6pSgfX,MOH - Uganda,Busoga,Namutumba District,Namutumba DLG
peHi3mnL6x3,MOH - Uganda,Lango,Oyam District,Oyam DLG
pEi4KzFW4nv,MOH - Uganda,Tooro,Kyenjojo District,Kyenjojo DLG
PeixVcxEdj2,MOH - Uganda,Karamoja,Kaabong District,Kaabong DLG
pejLyhv9bkH,MOH - Uganda,Kampala,Kampala District,Kampala City Council
PeKgOppv6Lo,MOH - Uganda,Busoga,Kamuli District,Kamuli DLG
peOOgKXi5Qe,MOH - Uganda,Kampala,Kampala District,Kampala City Council
PeqFGkxMSjw,MOH - Uganda,Acholi,Lamwo District,Lamwo DLG
PEWPGWSHd0K,MOH - Uganda,North Buganda,Kassanda District,Kassanda DLG
PEWZgFJvpdQ,MOH - Uganda,Lango,Apac District,Apac Municipality
PEYCwpLc09R,MOH - Uganda,Kampala,Kampala District,Kampala City Council
PezHecuPiMg,MOH - Uganda,South Buganda,Wakiso District,Nansana Municipality
Pf3v59iyqdM,MOH - Uganda,Tooro,Fort Portal City,Fort Portal City Council
pF5GkN2tzmp,MOH - Uganda,Busoga,Bugiri District,Bugiri Municipality
pfc9RIv7l5S,MOH - Uganda,North Buganda,Buvuma District,Buvuma DLG
PFDKtj1bx7T,MOH - Uganda,North Buganda,Mubende District,Mubende Municipality
PfdZ6TtogiL,MOH - Uganda,Kampala,Kampala District,Kampala City Council
pFEBNrLpegZ,MOH - Uganda,West Nile,Arua District,Arua DLG
pfgmPmoPrXK,MOH - Uganda,Kampala,Kampala District,Kampala City Council
PfIEJ2cH2SX,MOH - Uganda,Bugisu,Kween District,Kween DLG
PFKK3jF6fji,MOH - Uganda,Kampala,Kampala District,Kampala City Council
pFL4tcF7H7u,MOH - Uganda,West Nile,Arua City,Arua City Council
PFSwjAJZIaq,MOH - Uganda,Kampala,Kampala District,Kampala City Council
Pg0fQLorPR2,MOH - Uganda,Kampala,Kampala District,Kampala City Council
Pg3Djak7A3e,MOH - Uganda,Bugisu,Kapchorwa District,Kapchorwa DLG
Pg7u9XVV10i,MOH - Uganda,North Buganda,Mityana District,Mityana DLG
Pg8T5Xva5Zk,MOH - Uganda,Kampala,Kampala District,Kampala City Council
pgDJjei8aIq,MOH - Uganda,Kampala,Kampala District,Kampala City Council
PGeRjyaiGsg,MOH - Uganda,South Buganda,Masaka City,Masaka City Council
pGfuON6s6cD,MOH - Uganda,Teso,Ngora District,Ngora DLG
Pgi000QNqrV,MOH - Uganda,Kigezi,Kisoro District,Kisoro DLG
pGKopMqw2E7,MOH - Uganda,Kampala,Kampala District,Kampala City Council
PgnmZSSRbeL,MOH - Uganda,Tooro,Kitagwenda District,Kitagwenda DLG
PGpdN6nh3Lz,MOH - Uganda,Ankole,Isingiro District,Isingiro DLG
PgRLMNQdejC,MOH - Uganda,Acholi,Nwoya District,Nwoya DLG
PGth1LJz1Ij,MOH - Uganda,Lango,Amolatar District,Amolatar DLG
pGUsTQX3LCX,MOH - Uganda,Kampala,Kampala District,Kampala City Council
pGYHofLkGpG,MOH - Uganda,Teso,Soroti City,Soroti City Council
PH3sr09fZS8,MOH - Uganda,North Buganda,Nakasongola District,Nakasongola DLG
pH4T8a5MxXm,MOH - Uganda,Bukedi,Tororo District,Tororo DLG
PHCMfugPiND,MOH - Uganda,Kampala,Kampala District,Kampala City Council
PhdZ1TVBjZR,MOH - Uganda,North Buganda,Mukono District,Mukono DLG
PHFafNK7MEc,MOH - Uganda,Kampala,Kampala District,Kampala City Council
phgNv3EnuY6,MOH - Uganda,South Buganda,Masaka City,Masaka City Council
PHhcBpjIWvL,MOH - Uganda,Kampala,Kampala District,Kampala City Council
pHixVeoCTIX,MOH - Uganda,North Buganda,Mubende District,Mubende Municipality
PhNre4nm4tg,MOH - Uganda,Kampala,Kampala District,Kampala City Council
PhsfViO0gu2,MOH - Uganda,Kampala,Kampala District,Kampala City Council
pHXsqZ2QpGS,MOH - Uganda,Bunyoro,Kibaale District,Kibaale DLG
pi3GnvCGBP8,MOH - Uganda,Kampala,Kampala District,Kampala City Council
PigPHG7o7y8,MOH - Uganda,North Buganda,Kyankwanzi District,Kyankwanzi DLG
piH0rNCoLGX,MOH - Uganda,Kigezi,Kanungu District,Kanungu DLG
pIIknYAOSrJ,MOH - Uganda,Busoga,Bugweri District,Bugweri DLG
pis9smT97Ka,MOH - Uganda,Kampala,Kampala District,Kampala City Council
pIWIk5QRATC,MOH - Uganda,Kampala,Kampala District,Kampala City Council
pizaDemgh1i,MOH - Uganda,South Buganda,Wakiso District,Wakiso DLG
PJ5OVF4MXgw,MOH - Uganda,North Buganda,Mukono District,Mukono Municipality
PJAn1P5SMrd,MOH - Uganda,West Nile,Madi-Okollo District,Madi-Okollo DLG
PJAuSRvV1d4,MOH - Uganda,Ankole,Kazo District,Kazo DLG
pJCbDtCHlE8,MOH - Uganda,Kampala,Kampala District,Kampala City Council
PJMCvMuN10z,MOH - Uganda,Kampala,Kampala District,Kampala City Council
PJPU3U3xnCK,MOH - Uganda,Kampala,Kampala District,Kampala City Council
PjSakZGVHq5,MOH - Uganda,Tooro,Kitagwenda District,Kitagwenda DLG
PjwIQSQyVHE,MOH - Uganda,Bukedi,Tororo District,Tororo DLG
pk373UmcJEF,MOH - Uganda,Lango,Alebtong District,Alebtong DLG
PkdPhCrMJ1X,MOH - Uganda,Kampala,Kampala District,Kampala City Council
PkfHKeqerEf,MOH - Uganda,Kampala,Kampala District,Kampala City Council
PKGVRTXyqPe,MOH - Uganda,Kampala,Kampala District,Kampala City Council
Pkhf74n8D4G,MOH - Uganda,Kampala,Kampala District,Kampala City Council
pkhPSHZSnr3,MOH - Uganda,Acholi,Lamwo District,Lamwo DLG
plAlL1EJXLc,MOH - Uganda,Bukedi,Tororo District,Tororo DLG
pLbsnCMz2UB,MOH - Uganda,Busoga,Namayingo District,Namayingo DLG
pLkoHnX3Ukn,MOH - Uganda,Kampala,Kampala District,Kampala City Council
PLUp4qPTSvf,MOH - Uganda,Karamoja,Napak District,Napak DLG
plvakokILP9,MOH - Uganda,Kampala,Kampala District,Kampala City Council
Pm7k3OLfbXA,MOH - Uganda,Busoga,Kamuli District,Kamuli DLG
pMbWcRf3ZsC,MOH - Uganda,South Buganda,Wakiso District,Makindye Ssabagabo Municipality
PmFgAvnih83,MOH - Uganda,Teso,Soroti District,Soroti DLG
pmkBt77s8mj,MOH - Uganda,Bunyoro,Kiryandongo District,Kiryandongo DLG
PMqLhM5XJAd,MOH - Uganda,Kampala,Kampala District,Kampala City Council
pMSBcFRbW7W,MOH - Uganda,West Nile,Arua District,Arua DLG
pn2l9i3kSh6,MOH - Uganda,Kampala,Kampala District,Kampala City Council
PN6KqAufFNJ,MOH - Uganda,Bugisu,Mbale District,Mbale DLG
pnAxdCHawgM,MOH - Uganda,Teso,Soroti District,Soroti DLG
PncHhF14R0N,MOH - Uganda,Kigezi,Kisoro District,Kisoro DLG
pNHDdE8BJt8,MOH - Uganda,Lango,Lira City,Lira City Council
PniPOapF61F,MOH - Uganda,Karamoja,Napak District,Napak DLG
PnloN9zfelH,MOH - Uganda,Kampala,Kampala District,Kampala City Council
pnmOv3soTJG,MOH - Uganda,South Buganda,Gomba District,Gomba DLG
pNnBtXLwjfP,MOH - Uganda,Bunyoro,Kibaale District,Kibaale DLG
pnqyVV6PU4E,MOH - Uganda,South Buganda,Wakiso District,Kira Municipality
pNT8f17lJiA,MOH - Uganda,Kampala,Kampala District,Kampala City Council
pNTSOF59NlY,MOH - Uganda,West Nile,Yumbe District,Yumbe DLG
PnvTBIeyvZ6,MOH - Uganda,Bukedi,Pallisa District,Pallisa DLG
pnX83NIrhAk,MOH - Uganda,Lango,Apac District,Apac Municipality
PO2hM0JUIn2,MOH - Uganda,Tooro,Kasese District,Kasese DLG
PO3ArP7dZly,MOH - Uganda,Tooro,Kyenjojo District,Kyenjojo DLG
PO8WHm1kFck,MOH - Uganda,North Buganda,Mubende District,Mubende Municipality
poCiVODahhb,MOH - Uganda,Kampala,Kampala District,Kampala City Council
poHxyeKogaf,MOH - Uganda,Kampala,Kampala District,Kampala City Council
pOm3A9Qsw6m,MOH - Uganda,Kigezi,Kabale District,Kabale DLG
POMhOacUaSn,MOH - Uganda,Kampala,Kampala District,Kampala City Council
potmv2l4HbN,MOH - Uganda,Bugisu,Mbale City,Mbale City Council
PoYcxTk5yjp,MOH - Uganda,South Buganda,Mpigi District,Mpigi DLG
pP17hGzVU5s,MOH - Uganda,Kampala,Kampala District,Kampala City Council
pp2tEHamY9h,MOH - Uganda,Kampala,Kampala District,Kampala City Council
PP5DqHFpnHv,MOH - Uganda,Kampala,Kampala District,Kampala City Council
pp5Odfbft45,MOH - Uganda,Tooro,Kabarole District,Kabarole DLG
Pp6w1w6YLNl,MOH - Uganda,Ankole,Rubirizi District,Rubirizi DLG
PP7PtqrehTG,MOH - Uganda,Kigezi,Kabale District,Kabale DLG
PP7yUJOjWsV,MOH - Uganda,Busoga,Bugweri District,Bugweri DLG
ppCqapAOWK5,MOH - Uganda,Kampala,Kampala District,Kampala City Council
ppdsMN2Evfp,MOH - Uganda,Busoga,Bugiri District,Bugiri DLG
PpdVthivLyS,MOH - Uganda,Busoga,Mayuge District,Mayuge DLG
PPFplmPcIK1,MOH - Uganda,Ankole,Isingiro District,Isingiro DLG
ppjhr0L8daE,MOH - Uganda,West Nile,Madi-Okollo District,Madi-Okollo DLG
PPmApsnUg1X,MOH - Uganda,Bukedi,Tororo District,Tororo DLG
PPpjhuUetye,MOH - Uganda,Kampala,Kampala District,Kampala City Council
ppt2wpU7IP6,MOH - Uganda,Ankole,Sheema District,Sheema Municipality
pPULGvIh8se,MOH - Uganda,Ankole,Sheema District,Sheema Municipality
ppUshP0uu1p,MOH - Uganda,Busoga,Kaliro District,Kaliro DLG
PPycqcd3beA,MOH - Uganda,South Buganda,Wakiso District,Wakiso DLG
Ppyz6vwPpKi,MOH - Uganda,South Buganda,Wakiso District,Kira Municipality
PPZBwMBfzri,MOH - Uganda,West Nile,Obongi District,Obongi DLG
PQ5WTEpxw8U,MOH - Uganda,Acholi,Gulu District,Gulu DLG
PQ7FGuRLFxV,MOH - Uganda,Kampala,Kampala District,Kampala City Council
pQDmyQ0AA41,MOH - Uganda,Karamoja,Kotido District,Kotido DLG
PqEA3rsbgnU,MOH - Uganda,Kampala,Kampala District,Kampala City Council
pqEQrZNMvVr,MOH - Uganda,Ankole,Ibanda District,Ibanda Municipality
PQfiDO16p19,MOH - Uganda,Teso,Kaberamaido District,Kaberamaido DLG
pqHIro2R7Dz,MOH - Uganda,Ankole,Sheema District,Sheema Municipality
pqve5S4BzOt,MOH - Uganda,Kampala,Kampala District,Kampala City Council
PR3iWtZLeMK,MOH - Uganda,Kigezi,Kanungu District,Kanungu DLG
prdIyzMGbb2,MOH - Uganda,Lango,Kole District,Kole DLG
PRDyZany8Uy,MOH - Uganda,Kampala,Kampala District,Kampala City Council
PrnHryB5sHv,MOH - Uganda,Kampala,Kampala District,Kampala City Council
PrOL9DbHU3G,MOH - Uganda,Busoga,Namutumba District,Namutumba DLG
prOqXqNPpWj,MOH - Uganda,Busoga,Iganga District,Iganga DLG
PryeJSoBxSs,MOH - Uganda,Tooro,Kasese District,Kasese Municipality
PRZ4la65rsi,MOH - Uganda,Tooro,Kasese District,Kasese DLG
ps6uw6lyGiy,MOH - Uganda,Bunyoro,Kiryandongo District,Kiryandongo DLG
PSd0QKOeEsS,MOH - Uganda,Kampala,Kampala District,Kampala City Council
psp9HEj6tK3,MOH - Uganda,Bukedi,Tororo District,Tororo DLG
PSPBoL7ecNh,MOH - Uganda,North Buganda,Mukono District,Mukono DLG
PSR8gZuE04T,MOH - Uganda,Bunyoro,Kikuube District,Kikuube DLG
pSrD14M5xnb,MOH - Uganda,Kigezi,Rukungiri District,Rukungiri DLG
pSUPvzr5g6r,MOH - Uganda,Bukedi,Tororo District,Tororo DLG
PSwFE4DuULW,MOH - Uganda,Bukedi,Tororo District,Tororo DLG
PszcWnpkfa8,MOH - Uganda,Kampala,Kampala District,Kampala City Council
Pt2TBoTfFmN,MOH - Uganda,Kampala,Kampala District,Kampala City Council
Pt5JdbbEF6k,MOH - Uganda,Lango,Oyam District,Oyam DLG
Pt69fvwAO5D,MOH - Uganda,Bukedi,Butaleja District,Butaleja DLG
pTfyxQwLVrR,MOH - Uganda,Kampala,Kampala District,Kampala City Council
PTHbCMX5e19,MOH - Uganda,Kampala,Kampala District,Kampala City Council
ptIo7ouXsPw,MOH - Uganda,North Buganda,Kayunga District,Kayunga DLG
ptjWwKVSEsQ,MOH - Uganda,Busoga,Kamuli District,Kamuli DLG
pTKUH9zt2et,MOH - Uganda,South Buganda,Wakiso District,Wakiso DLG
ptpCYlWn6s7,MOH - Uganda,Bukedi,Budaka District,Budaka DLG
pTrRXtAg5IR,MOH - Uganda,Bugisu,Sironko District,Sironko DLG
PtRs8sc4Ngf,MOH - Uganda,Lango,Lira City,Lira City Council
PTvBOyx6TJZ,MOH - Uganda,North Buganda,Mukono District,Mukono Municipality
PTWfmeUY3kR,MOH - Uganda,Kampala,Kampala District,Kampala City Council
PtwSvLOzWkU,MOH - Uganda,Kigezi,Rukiga District,Rukiga DLG
ptxlYr62NSB,MOH - Uganda,South Buganda,Wakiso District,Makindye Ssabagabo Municipality
pTXQvDDIWzP,MOH - Uganda,West Nile,Yumbe District,Yumbe DLG
pTyAADC0eir,MOH - Uganda,South Buganda,Wakiso District,Nansana Municipality
pU05OnkKQJD,MOH - Uganda,Bukedi,Tororo District,Tororo DLG
pu1zq6YEtgu,MOH - Uganda,South Buganda,Wakiso District,Makindye Ssabagabo Municipality
PUCsJ2N2aEF,MOH - Uganda,South Buganda,Wakiso District,Wakiso DLG
pUeR6j03GhJ,MOH - Uganda,Acholi,Agago District,Agago DLG
pUIAC7lwrkb,MOH - Uganda,Bukedi,Tororo District,Tororo Municipality
pulKKykB9je,MOH - Uganda,Acholi,Lamwo District,Lamwo DLG
PUnBZlW26WE,MOH - Uganda,Kampala,Kampala District,Kampala City Council
PUPgtKrvHOS,MOH - Uganda,Kampala,Kampala District,Kampala City Council
PUSIXuQuLlJ,MOH - Uganda,Kampala,Kampala District,Kampala City Council
PuSvMFDx1H6,MOH - Uganda,Busoga,Luuka District,Luuka DLG
PUsyl20PPIT,MOH - Uganda,North Buganda,Mukono District,Mukono Municipality
PUUsBLjRd6C,MOH - Uganda,Kigezi,Rukungiri District,Rukungiri DLG
puviTrIsKYI,MOH - Uganda,Teso,Bukedea District,Bukedea DLG
puvssItt4Qv,MOH - Uganda,Tooro,Bunyangabu District,Bunyangabu DLG
PuW9DzXjErd,MOH - Uganda,Kampala,Kampala District,Kampala City Council
puXxeWK8WhK,MOH - Uganda,Tooro,Kabarole District,Kabarole DLG
pUZjhP8bvwF,MOH - Uganda,South Buganda,Mpigi District,Mpigi DLG
pV5YpeM0oLT,MOH - Uganda,West Nile,Zombo District,Zombo DLG
pvJvru4fGkw,MOH - Uganda,South Buganda,Wakiso District,Nansana Municipality
pvMhc7H31I2,MOH - Uganda,South Buganda,Wakiso District,Makindye Ssabagabo Municipality
PVR2bkB7wbL,MOH - Uganda,South Buganda,Wakiso District,Nansana Municipality
PVs6c5JQuG0,MOH - Uganda,Kampala,Kampala District,Kampala City Council
pVtYCy55mn4,MOH - Uganda,Acholi,Gulu City,Gulu City Council
PwAYlQMWT8J,MOH - Uganda,Ankole,Isingiro District,Isingiro DLG
PwgfpQbQXTQ,MOH - Uganda,North Buganda,Buikwe District,Lugazi Municipality
PwHIdfpqYWi,MOH - Uganda,Bunyoro,Kiryandongo District,Kiryandongo DLG
pWldExa8Ojf,MOH - Uganda,Kampala,Kampala District,Kampala City Council
pWLKmwIgdyg,MOH - Uganda,North Buganda,Mubende District,Mubende DLG
pwLzIqpQvER,MOH - Uganda,Kampala,Kampala District,Kampala City Council
pWrHCTnuvFm,MOH - Uganda,Bunyoro,Kakumiro District,Kakumiro DLG
Pwxqn9XGRmH,MOH - Uganda,South Buganda,Wakiso District,Wakiso DLG
Pwzv4VQ0e5m,MOH - Uganda,North Buganda,Mityana District,Mityana DLG
Px1ZyylviYI,MOH - Uganda,Tooro,Kyenjojo District,Kyenjojo DLG
pX3MU1qFGrp,MOH - Uganda,Kampala,Kampala District,Kampala City Council
PX7XHOUnYJY,MOH - Uganda,Bugisu,Sironko District,Sironko DLG
pXcZqab74kh,MOH - Uganda,West Nile,Arua City,Arua City Council
PxJDOCq7tYK,MOH - Uganda,Kampala,Kampala District,Kampala City Council
Pxo2Z2EjDra,MOH - Uganda,South Buganda,Gomba District,Gomba DLG
pxOKxse00iC,MOH - Uganda,Busoga,Kamuli District,Kamuli DLG
PXRuyRd2H1O,MOH - Uganda,Bunyoro,Kikuube District,Kikuube DLG
pXRws5D6wrR,MOH - Uganda,Acholi,Gulu City,Gulu City Council
pxvtCLDtsB6,MOH - Uganda,Kampala,Kampala District,Kampala City Council
Py3qGzKwpaV,MOH - Uganda,Ankole,Rubirizi District,Rubirizi DLG
PY6780xaFk4,MOH - Uganda,Ankole,Rubirizi District,Rubirizi DLG
Pybl71YzhbQ,MOH - Uganda,Kampala,Kampala District,Kampala City Council
pyeMjBNdNrR,MOH - Uganda,Bugisu,Kapchorwa District,Kapchorwa DLG
pyK7yPGHoB7,MOH - Uganda,Bunyoro,Kakumiro District,Kakumiro DLG
PYKxCk6RsZG,MOH - Uganda,Kampala,Kampala District,Kampala City Council
pyMlFkRcGtU,MOH - Uganda,Kigezi,Rubanda District,Rubanda DLG
Pyn2JTWXRmc,MOH - Uganda,Kampala,Kampala District,Kampala City Council
pyvYsckXh82,MOH - Uganda,Kampala,Kampala District,Kampala City Council
PyYixJfmPrR,MOH - Uganda,Kampala,Kampala District,Kampala City Council
Pz1RiOjQ3Z6,MOH - Uganda,North Buganda,Mukono District,Mukono DLG
pZfcpL5txuc,MOH - Uganda,Tooro,Fort Portal City,Fort Portal City Council
pZhYWxNWH94,MOH - Uganda,Karamoja,Abim District,Abim DLG
pziEESL4waS,MOH - Uganda,Kampala,Kampala District,Kampala City Council
pZKFbHb71KY,MOH - Uganda,Kampala,Kampala District,Kampala City Council
pZMFQOtKC2I,MOH - Uganda,North Buganda,Mubende District,Mubende DLG
pZpspK6t5p9,MOH - Uganda,Kampala,Kampala District,Kampala City Council
Q01nOgV8xyv,MOH - Uganda,Kampala,Kampala District,Kampala City Council
q0dM3TKAnQB,MOH - Uganda,North Buganda,Luwero District,Luwero DLG
q0QUzLdNsJN,MOH - Uganda,Kampala,Kampala District,Kampala City Council
Q1JX8uSOCPi,MOH - Uganda,Kigezi,Rukungiri District,Rukungiri DLG
q2FFBYtzNoo,MOH - Uganda,Kigezi,Kanungu District,Kanungu DLG
Q2JZnH5wQT0,MOH - Uganda,West Nile,Zombo District,Zombo DLG
Q2keh7obLFL,MOH - Uganda,Tooro,Bundibugyo District,Bundibugyo DLG
Q2mQ7lQKqF2,MOH - Uganda,Kampala,Kampala District,Kampala City Council
Q2viFI8tSAY,MOH - Uganda,Busoga,Jinja City,Jinja City Council
q2vSqN5xoZL,MOH - Uganda,Lango,Alebtong District,Alebtong DLG
q2xhTFolzhp,MOH - Uganda,Kampala,Kampala District,Kampala City Council
Q2xPLKiCPXu,MOH - Uganda,Ankole,Buhweju District,Buhweju DLG
q3aAGW0y5PH,MOH - Uganda,North Buganda,Kayunga District,Kayunga DLG
q3cvAMruPi4,MOH - Uganda,Ankole,Ibanda District,Ibanda DLG
Q3gqMYnVq5B,MOH - Uganda,Busoga,Jinja City,Jinja City Council
Q480CuJCylI,MOH - Uganda,Kampala,Kampala District,Kampala City Council
Q4awDHvi4b6,MOH - Uganda,Tooro,Kyenjojo District,Kyenjojo DLG
q4C8iOvwk7A,MOH - Uganda,Tooro,Kasese District,Kasese DLG
q4GEmGsADKc,MOH - Uganda,Bunyoro,Kikuube District,Kikuube DLG
q4GStVhMP0Z,MOH - Uganda,Tooro,Kasese District,Kasese DLG
Q4w36syuJ46,MOH - Uganda,Bugisu,Sironko District,Sironko DLG
q52SkXKDblS,MOH - Uganda,Bugisu,Bududa District,Bududa DLG
Q5qLPWNEj41,MOH - Uganda,North Buganda,Nakaseke District,Nakaseke DLG
Q5v3bgajzv7,MOH - Uganda,South Buganda,Sembabule District,Sembabule DLG
q68Rl47iAKF,MOH - Uganda,North Buganda,Nakaseke District,Nakaseke DLG
q6cdQTt1zjR,MOH - Uganda,Kampala,Kampala District,Kampala City Council
Q6Hmgn1bvXQ,MOH - Uganda,Kampala,Kampala District,Kampala City Council
Q6MT6wA0bBm,MOH - Uganda,Bunyoro,Kibaale District,Kibaale DLG
Q6qNTXu3yRx,MOH - Uganda,North Buganda,Mukono District,Mukono Municipality
Q7cAF5VWjQT,MOH - Uganda,Ankole,Rubirizi District,Rubirizi DLG
q7F4gAY5vLR,MOH - Uganda,Teso,Kumi District,Kumi DLG
q7F5ospusPo,MOH - Uganda,South Buganda,Wakiso District,Wakiso DLG
Q7LoLG6emZG,MOH - Uganda,Kampala,Kampala District,Kampala City Council
Q7NErHrMdu0,MOH - Uganda,Kampala,Kampala District,Kampala City Council
Q80EHQGTFxO,MOH - Uganda,Bunyoro,Kagadi District,Kagadi DLG
Q85OWcDwPLr,MOH - Uganda,Busoga,Jinja City,Jinja City Council
q898SsUiMnw,MOH - Uganda,Kampala,Kampala District,Kampala City Council
q90Jv2pcFbn,MOH - Uganda,Ankole,Rwampara District,Rwampara DLG
q96HlqsPv0K,MOH - Uganda,Tooro,Kyegegwa District,Kyegegwa DLG
Q96KEg0FjeO,MOH - Uganda,Bunyoro,Kibaale District,Kibaale DLG
Q9yfothwD3b,MOH - Uganda,Kampala,Kampala District,Kampala City Council
qaASxmxnCUG,MOH - Uganda,Kampala,Kampala District,Kampala City Council
QAcqnf0Hc7l,MOH - Uganda,Kampala,Kampala District,Kampala City Council
qAEK9n1Uc3F,MOH - Uganda,North Buganda,Buikwe District,Njeru Municipality
qAHR0fRuBVK,MOH - Uganda,South Buganda,Wakiso District,Wakiso DLG
QaoM6583QZW,MOH - Uganda,Acholi,Agago District,Agago DLG
qAvDmBCjkEP,MOH - Uganda,South Buganda,Wakiso District,Nansana Municipality
qb4Et8MqIZt,MOH - Uganda,Acholi,Gulu District,Gulu DLG
Qbag4aljhCh,MOH - Uganda,Busoga,Bugweri District,Bugweri DLG
QbBKie30Can,MOH - Uganda,Kampala,Kampala District,Kampala City Council
QBcNhnMbA3s,MOH - Uganda,Bukedi,Busia District,Busia DLG
qbh38u2Laz4,MOH - Uganda,Ankole,Mbarara City,Mbarara City Council
QBIrpeTAf7m,MOH - Uganda,North Buganda,Mityana District,Mityana DLG
qbOt8Nswoff,MOH - Uganda,Bukedi,Tororo District,Tororo DLG
QBPWzy66HiY,MOH - Uganda,North Buganda,Mubende District,Mubende DLG
qBVBH0yzctn,MOH - Uganda,Lango,Dokolo District,Dokolo DLG
QBXxGduvosg,MOH - Uganda,Kampala,Kampala District,Kampala City Council
QC60UrkOD77,MOH - Uganda,Tooro,Kitagwenda District,Kitagwenda DLG
QcgPq9ctKAZ,MOH - Uganda,Lango,Apac District,Apac DLG
QCIc9nkR12h,MOH - Uganda,West Nile,Pakwach District,Pakwach DLG
QcJ7SZHg7wj,MOH - Uganda,Kampala,Kampala District,Kampala City Council
qCkWWhfjaBP,MOH - Uganda,Kampala,Kampala District,Kampala City Council
qCl4oiQptB0,MOH - Uganda,Busoga,Jinja City,Jinja City Council
QcLxlcnelHr,MOH - Uganda,Kampala,Kampala District,Kampala City Council
QcNTOkmqIUg,MOH - Uganda,Busoga,Jinja City,Jinja City Council
QcQOO3fE3d2,MOH - Uganda,Lango,Kwania District,Kwania DLG
qcTmbymULeE,MOH - Uganda,Kampala,Kampala District,Kampala City Council
QCufWVvV6cj,MOH - Uganda,Bunyoro,Kikuube District,Kikuube DLG
Qd8EIIhg2oM,MOH - Uganda,Kampala,Kampala District,Kampala City Council
QdaoAlMf1Tz,MOH - Uganda,Teso,Katakwi District,Katakwi DLG
qDbpWyvVI91,MOH - Uganda,Bukedi,Pallisa District,Pallisa DLG
QDc7Wijvfca,MOH - Uganda,Acholi,Gulu City,Gulu City Council
QdItUQ7C1K4,MOH - Uganda,Kampala,Kampala District,Kampala City Council
qDkcjZfrQSe,MOH - Uganda,Lango,Apac District,Apac DLG
qdNLBqYlqTn,MOH - Uganda,Ankole,Mbarara District,Mbarara DLG
QDqSXZrFf6O,MOH - Uganda,Teso,Ngora District,Ngora DLG
qDsAKcIKGZy,MOH - Uganda,Acholi,Kitgum District,Kitgum DLG
QDSGcekPM4S,MOH - Uganda,North Buganda,Kyankwanzi District,Kyankwanzi DLG
qdW8M8091gP,MOH - Uganda,North Buganda,Buikwe District,Buikwe DLG
qebkADihERQ,MOH - Uganda,Bukedi,Kibuku District,Kibuku DLG
qEggNFF90My,MOH - Uganda,Kampala,Kampala District,Kampala City Council
qeKWJ1ufXYM,MOH - Uganda,South Buganda,Lyantonde District,Lyantonde DLG
QEpV6yJSsCN,MOH - Uganda,Tooro,Kabarole District,Kabarole DLG
QErrLqw5QNO,MOH - Uganda,Kampala,Kampala District,Kampala City Council
qEwThDipYUt,MOH - Uganda,Kampala,Kampala District,Kampala City Council
QF2BTAZ1r3Z,MOH - Uganda,West Nile,Terego District,Terego DLG
QF3ff0Cof9s,MOH - Uganda,Tooro,Kitagwenda District,Kitagwenda DLG
qf3PsPmID7d,MOH - Uganda,West Nile,Yumbe District,Yumbe DLG
QF4Bb1lyVL4,MOH - Uganda,South Buganda,Wakiso District,Nansana Municipality
qFakUoaVUWg,MOH - Uganda,South Buganda,Wakiso District,Nansana Municipality
QFbqwuBJ6kK,MOH - Uganda,Tooro,Kasese District,Kasese DLG
qfeHwPDoAjP,MOH - Uganda,Lango,Apac District,Apac Municipality
qfjgwI5XeZf,MOH - Uganda,Lango,Kwania District,Kwania DLG
QfL0LY9NZa1,MOH - Uganda,Kampala,Kampala District,Kampala City Council
qfLP072gVcy,MOH - Uganda,Ankole,Ntungamo District,Ntungamo DLG
QFOa8qB40AG,MOH - Uganda,South Buganda,Wakiso District,Wakiso DLG
QfsdBGdGrV5,MOH - Uganda,Busoga,Namutumba District,Namutumba DLG
QfWjCf5pKFh,MOH - Uganda,Ankole,Ntungamo District,Ntungamo DLG
QgAL2KJE7g4,MOH - Uganda,Kampala,Kampala District,Kampala City Council
qgcvP6v3ElR,MOH - Uganda,Kampala,Kampala District,Kampala City Council
qGftzDww51u,MOH - Uganda,Kampala,Kampala District,Kampala City Council
QGlZ7LIOS00,MOH - Uganda,North Buganda,Mubende District,Mubende DLG
qGM0ucFnYBQ,MOH - Uganda,Busoga,Jinja District,Jinja DLG
qGOfTrxD1Ds,MOH - Uganda,South Buganda,Wakiso District,Makindye Ssabagabo Municipality
qGotdqbDSX9,MOH - Uganda,Kampala,Kampala District,Kampala City Council
QgpawnbKpCj,MOH - Uganda,Acholi,Kitgum District,Kitgum DLG
qgt3hJNBRKa,MOH - Uganda,North Buganda,Kayunga District,Kayunga DLG
QgtrJG7qLJn,MOH - Uganda,Kampala,Kampala District,Kampala City Council
qGVARGVRtsr,MOH - Uganda,Kampala,Kampala District,Kampala City Council
qgvT8d2bvVl,MOH - Uganda,Kampala,Kampala District,Kampala City Council
qgXmBJ84Kej,MOH - Uganda,Bukedi,Tororo District,Tororo Municipality
qh1OXdNtB6S,MOH - Uganda,Kampala,Kampala District,Kampala City Council
QH5kXc4j4T1,MOH - Uganda,South Buganda,Mpigi District,Mpigi DLG
QH8Culk9SaG,MOH - Uganda,Kampala,Kampala District,Kampala City Council
Qh9kLj8ETu6,MOH - Uganda,Tooro,Kasese District,Kasese DLG
qHcSi8JgoVZ,MOH - Uganda,South Buganda,Masaka District,Masaka DLG
QHFF4O9ynsn,MOH - Uganda,Kampala,Kampala District,Kampala City Council
qhhoFrsTHqp,MOH - Uganda,Karamoja,Kaabong District,Kaabong DLG
QhhZ8aHXOWM,MOH - Uganda,Lango,Amolatar District,Amolatar DLG
QHJpPlGsRtp,MOH - Uganda,South Buganda,Kyotera District,Kyotera DLG
QhjzIx0abeY,MOH - Uganda,Tooro,Bunyangabu District,Bunyangabu DLG
qHncqmbD5M1,MOH - Uganda,Kigezi,Kanungu District,Kanungu DLG
QhqkCuwh1cc,MOH - Uganda,Ankole,Isingiro District,Isingiro DLG
QhrKOmDWaEk,MOH - Uganda,Busoga,Jinja City,Jinja City Council
QHsCNVmRURq,MOH - Uganda,Bunyoro,Kiryandongo District,Kiryandongo DLG
QHyLvO7sL6p,MOH - Uganda,Kampala,Kampala District,Kampala City Council
Qi7WSCHz5Pd,MOH - Uganda,Kampala,Kampala District,Kampala City Council
qidhLTyAErV,MOH - Uganda,Teso,Kalaki District,Kalaki DLG
QIGx6E6L3Y5,MOH - Uganda,Bukedi,Pallisa District,Pallisa DLG
qIH9CAMHccE,MOH - Uganda,Bukedi,Butebo District,Butebo DLG
Qii1Y1bj3Be,MOH - Uganda,Teso,Katakwi District,Katakwi DLG
qiQ6hnYsOrx,MOH - Uganda,Kampala,Kampala District,Kampala City Council
qiSudyvjqfc,MOH - Uganda,Ankole,Kiruhura District,Kiruhura DLG
qIsuPTWNldp,MOH - Uganda,Busoga,Luuka District,Luuka DLG
QIuDUbGaYzM,MOH - Uganda,Lango,Kole District,Kole DLG
QiVIw8ruYEs,MOH - Uganda,Busoga,Buyende District,Buyende DLG
qIZ5LRWbGhE,MOH - Uganda,Busoga,Mayuge District,Mayuge DLG
qj8RiqubJhc,MOH - Uganda,Lango,Oyam District,Oyam DLG
qjeMzMj7tdk,MOH - Uganda,South Buganda,Masaka City,Masaka City Council
QJFRyjVtnyu,MOH - Uganda,North Buganda,Mukono District,Mukono DLG
QJgCZMxzsXs,MOH - Uganda,North Buganda,Mubende District,Mubende DLG
qjHlE1v9LP6,MOH - Uganda,Ankole,Ntungamo District,Ntungamo Municipality
qJnALNH3a89,MOH - Uganda,Bugisu,Bulambuli District,Bulambuli DLG
qjnccz0rMAd,MOH - Uganda,Bunyoro,Kibaale District,Kibaale DLG
Qjo6d9XrGLZ,MOH - Uganda,Lango,Apac District,Apac DLG
qJpOH74FU56,MOH - Uganda,North Buganda,Mukono District,Mukono DLG
qjWCCeS39HE,MOH - Uganda,Ankole,Buhweju District,Buhweju DLG
Qk1XgoxFmuU,MOH - Uganda,Bunyoro,Buliisa District,Buliisa DLG
QK5ZCQuizO6,MOH - Uganda,Kampala,Kampala District,Kampala City Council
QkBTEggkt4y,MOH - Uganda,Busoga,Iganga District,Iganga DLG
qKGMj34R5qZ,MOH - Uganda,Acholi,Kitgum District,Kitgum DLG
QKGsjJojbYP,MOH - Uganda,Karamoja,Napak District,Napak DLG
QkI5onwjChQ,MOH - Uganda,North Buganda,Kayunga District,Kayunga DLG
Qkotq27DWuJ,MOH - Uganda,North Buganda,Kyankwanzi District,Kyankwanzi DLG
qkq6TBG0tnA,MOH - Uganda,Busoga,Mayuge District,Mayuge DLG
qKVewTpVtG6,MOH - Uganda,Acholi,Omoro District,Omoro DLG
qL3k0Mlcy4u,MOH - Uganda,Bunyoro,Kikuube District,Kikuube DLG
QL6CPNbpOcH,MOH - Uganda,Ankole,Ntungamo District,Ntungamo DLG
qLBxeibDGtU,MOH - Uganda,Kampala,Kampala District,Kampala City Council
QLECr9PK3CC,MOH - Uganda,Kampala,Kampala District,Kampala City Council
qlFZnWwRSlS,MOH - Uganda,Bunyoro,Hoima District,Hoima DLG
QLJmdTgkB3N,MOH - Uganda,South Buganda,Gomba District,Gomba DLG
Qlkl4NZqpFm,MOH - Uganda,Tooro,Fort Portal City,Fort Portal City Council
qLLYEE7sCnd,MOH - Uganda,South Buganda,Wakiso District,Wakiso DLG
QlmqHOVSPgE,MOH - Uganda,Kampala,Kampala District,Kampala City Council
QLP6OdRGJsz,MOH - Uganda,Ankole,Ibanda District,Ibanda Municipality
QlQ1os9nt4H,MOH - Uganda,Busoga,Jinja District,Jinja DLG
qMBXDpWSarC,MOH - Uganda,Tooro,Kamwenge District,Kamwenge DLG
qMCGY86LP9n,MOH - Uganda,North Buganda,Mubende District,Mubende Municipality
QMeR3gufspf,MOH - Uganda,Kampala,Kampala District,Kampala City Council
QMfxqjfPfC4,MOH - Uganda,Kampala,Kampala District,Kampala City Council
qmgb0UXgPfs,MOH - Uganda,North Buganda,Mukono District,Mukono DLG
qmIXnGwbmHP,MOH - Uganda,Teso,Serere District,Serere DLG
qMmFjhurSrF,MOH - Uganda,Ankole,Ibanda District,Ibanda DLG
qMnemruquVv,MOH - Uganda,North Buganda,Kayunga District,Kayunga DLG
qmnHxFZsq2K,MOH - Uganda,Bunyoro,Hoima City,Hoima City Council
qMp9nV9JLdE,MOH - Uganda,Kigezi,Kabale District,Kabale DLG
qn09Z9zVtk5,MOH - Uganda,South Buganda,Wakiso District,Kira Municipality
QN3iILQUI8a,MOH - Uganda,Kampala,Kampala District,Kampala City Council
qNEyUa4AQg9,MOH - Uganda,South Buganda,Gomba District,Gomba DLG
qNiaRnzsPDn,MOH - Uganda,Kampala,Kampala District,Kampala City Council
qNPSuHsI7VL,MOH - Uganda,Ankole,Ntungamo District,Ntungamo DLG
qnr5L0GcIlU,MOH - Uganda,Kampala,Kampala District,Kampala City Council
qnsgHGFkmba,MOH - Uganda,North Buganda,Mubende District,Mubende Municipality
qnyEuAQNdH8,MOH - Uganda,Lango,Kwania District,Kwania DLG
QnyNG8TVb4y,MOH - Uganda,South Buganda,Wakiso District,Wakiso DLG
qNzpMi45gDf,MOH - Uganda,Kampala,Kampala District,Kampala City Council
Qo6Yl2KCs1f,MOH - Uganda,Tooro,Kasese District,Kasese DLG
qOBFPZf26tw,MOH - Uganda,South Buganda,Wakiso District,Wakiso DLG
Qof8ZRsB0Ms,MOH - Uganda,Teso,Kumi District,Kumi DLG
qOIHRAbHyeu,MOH - Uganda,Acholi,Agago District,Agago DLG
qosp32UWgcY,MOH - Uganda,Kampala,Kampala District,Kampala City Council
qOumAZVUBwY,MOH - Uganda,South Buganda,Wakiso District,Wakiso DLG
qov8RA5TxkL,MOH - Uganda,Busoga,Bugweri District,Bugweri DLG
QOw5v3lk1FX,MOH - Uganda,North Buganda,Kayunga District,Kayunga DLG
QOYIkDUpwPv,MOH - Uganda,South Buganda,Wakiso District,Nansana Municipality
QOYnf8r09Cm,MOH - Uganda,Kampala,Kampala District,Kampala City Council
QOZR5fA8TL7,MOH - Uganda,Busoga,Buyende District,Buyende DLG
QP1SOFe5FIB,MOH - Uganda,Kampala,Kampala District,Kampala City Council
QP3xbv4C32B,MOH - Uganda,Bunyoro,Kakumiro District,Kakumiro DLG
qp3zotdBH8Y,MOH - Uganda,South Buganda,Lwengo District,Lwengo DLG
qp98PACanp5,MOH - Uganda,Kampala,Kampala District,Kampala City Council
QPEq1rVFQA7,MOH - Uganda,Busoga,Jinja City,Jinja City Council
QPnhOODCL2G,MOH - Uganda,South Buganda,Wakiso District,Nansana Municipality
QpOgpdLWcPv,MOH - Uganda,South Buganda,Wakiso District,Nansana Municipality
qpP5cilBXi9,MOH - Uganda,Bugisu,Kapchorwa District,Kapchorwa Municipality
QpU5Ubq6GRI,MOH - Uganda,Bunyoro,Hoima District,Hoima DLG
QPU9ZqlYc17,MOH - Uganda,Bugisu,Bududa District,Bududa DLG
QpXYf9Wb3CQ,MOH - Uganda,Acholi,Kitgum District,Kitgum DLG
qQ3wnUFmTck,MOH - Uganda,Lango,Oyam District,Oyam DLG
qQ4572bsXHc,MOH - Uganda,Bukedi,Pallisa District,Pallisa DLG
QQ48OF4SR47,MOH - Uganda,Busoga,Kamuli District,Kamuli DLG
qqE0KQ9Jp4J,MOH - Uganda,Kampala,Kampala District,Kampala City Council
QQhQzLWoyTB,MOH - Uganda,Ankole,Ibanda District,Ibanda DLG
qQitVUNVYgp,MOH - Uganda,Kampala,Kampala District,Kampala City Council
QqmvGCcxjPN,MOH - Uganda,Lango,Oyam District,Oyam DLG
qqNrWKGgl1e,MOH - Uganda,Bugisu,Mbale City,Mbale City Council
QQokc5ANpJ2,MOH - Uganda,Busoga,Bugweri District,Bugweri DLG
qQsReSuKUsB,MOH - Uganda,North Buganda,Kiboga District,Kiboga DLG
qQVGk01mnjZ,MOH - Uganda,Kampala,Kampala District,Kampala City Council
qqW763qthZ4,MOH - Uganda,Karamoja,Kotido District,Kotido DLG
Qr3jHz4iqjL,MOH - Uganda,Kampala,Kampala District,Kampala City Council
QrDLYVD8JCY,MOH - Uganda,Kampala,Kampala District,Kampala City Council
qRhE9EvVxkv,MOH - Uganda,South Buganda,Lyantonde District,Lyantonde DLG
QRK2teCd4zN,MOH - Uganda,Kampala,Kampala District,Kampala City Council
qrkFBmwc0V5,MOH - Uganda,Kampala,Kampala District,Kampala City Council
QRliGiISIP6,MOH - Uganda,Busoga,Namayingo District,Namayingo DLG
QrLt3EGbb6z,MOH - Uganda,Kampala,Kampala District,Kampala City Council
qRnGwqsEcvl,MOH - Uganda,North Buganda,Luwero District,Luwero DLG
QROYnp0n7wL,MOH - Uganda,North Buganda,Mukono District,Mukono DLG
qrRRACcvykX,MOH - Uganda,Lango,Otuke District,Otuke DLG
QRueM6gGW4K,MOH - Uganda,South Buganda,Wakiso District,Makindye Ssabagabo Municipality
qrvgF3UwZzS,MOH - Uganda,North Buganda,Mityana District,Mityana DLG
QS4gdVLVfuN,MOH - Uganda,Tooro,Kasese District,Kasese DLG
Qs7Gd4mGOkf,MOH - Uganda,South Buganda,Masaka District,Masaka DLG
qSb1CxxiAGH,MOH - Uganda,West Nile,Adjumani District,Adjumani DLG
qsCmR0U8MiL,MOH - Uganda,Kampala,Kampala District,Kampala City Council
QScw1OtIUHL,MOH - Uganda,Acholi,Omoro District,Omoro DLG
qscXfBxQ88B,MOH - Uganda,Busoga,Iganga District,Iganga Municipality
QsHpbz1knvh,MOH - Uganda,West Nile,Arua City,Arua City Council
qskkQNK82z9,MOH - Uganda,Kampala,Kampala District,Kampala City Council
QskS6jOsR9M,MOH - Uganda,South Buganda,Rakai District,Rakai DLG
QSmkbSdx2pb,MOH - Uganda,Lango,Lira City,Lira City Council
QSNk31aFhve,MOH - Uganda,Kampala,Kampala District,Kampala City Council
qSOGQ4OKB4V,MOH - Uganda,Tooro,Kyegegwa District,Kyegegwa DLG
qSsfhLq5dWA,MOH - Uganda,Busoga,Kaliro District,Kaliro DLG
QSuY37wBp7q,MOH - Uganda,Lango,Lira City,Lira City Council
qsZja97kBvt,MOH - Uganda,Kampala,Kampala District,Kampala City Council
QsZmsK8ULW3,MOH - Uganda,South Buganda,Sembabule District,Sembabule DLG
qTaGINQ9SLp,MOH - Uganda,South Buganda,Sembabule District,Sembabule DLG
QtKKTyoBfMv,MOH - Uganda,Karamoja,Amudat District,Amudat DLG
qTl2xmFM8UH,MOH - Uganda,South Buganda,Wakiso District,Nansana Municipality
qtthRcDgqH9,MOH - Uganda,South Buganda,Masaka City,Masaka City Council
QTU5FkY0Zjl,MOH - Uganda,Kigezi,Rubanda District,Rubanda DLG
qtuW2f0PouE,MOH - Uganda,Lango,Dokolo District,Dokolo DLG
qu62oB42ASi,MOH - Uganda,Kampala,Kampala District,Kampala City Council
QUd8daomu0P,MOH - Uganda,Kampala,Kampala District,Kampala City Council
QUF621XfmVr,MOH - Uganda,South Buganda,Wakiso District,Makindye Ssabagabo Municipality
qUHCsolb0kv,MOH - Uganda,Kampala,Kampala District,Kampala City Council
qUlhl8QFtXY,MOH - Uganda,Teso,Kumi District,Kumi DLG
QUP3DmaEmL8,MOH - Uganda,Kampala,Kampala District,Kampala City Council
quv0ble4xwr,MOH - Uganda,South Buganda,Kyotera District,Kyotera DLG
Quv7nORX6r7,MOH - Uganda,Ankole,Mbarara District,Mbarara DLG
qUY4pnk54iJ,MOH - Uganda,Bukedi,Tororo District,Tororo DLG
qV0OgtlttAU,MOH - Uganda,Lango,Apac District,Apac Municipality
QvE1R4zEPN6,MOH - Uganda,South Buganda,Masaka City,Masaka City Council
Qvfoevzoi3N,MOH - Uganda,Kampala,Kampala District,Kampala City Council
QVJdro9yPXn,MOH - Uganda,Kampala,Kampala District,Kampala City Council
qvkHawOhdup,MOH - Uganda,Kampala,Kampala District,Kampala City Council
qVQ6l0WXwlD,MOH - Uganda,Kampala,Kampala District,Kampala City Council
QvUu1yRHZT4,MOH - Uganda,Bukedi,Tororo District,Tororo DLG
qvXqsKHH1LH,MOH - Uganda,Bunyoro,Kagadi District,Kagadi DLG
qW1Zu3sgl7I,MOH - Uganda,Kampala,Kampala District,Kampala City Council
QwExpNHuSTt,MOH - Uganda,Tooro,Kyegegwa District,Kyegegwa DLG
QwGfB2lBQHe,MOH - Uganda,Busoga,Namayingo District,Namayingo DLG
qWHr6xQCEtc,MOH - Uganda,North Buganda,Mukono District,Mukono DLG
qWIMhyosZQk,MOH - Uganda,Karamoja,Karenga District,Karenga DLG
QwituImKAdE,MOH - Uganda,North Buganda,Mukono District,Mukono Municipality
qWjJEUikVGR,MOH - Uganda,Busoga,Namayingo District,Namayingo DLG
qWJpv66plkJ,MOH - Uganda,Bugisu,Namisindwa District,Namisindwa DLG
QwKtJKWbS0E,MOH - Uganda,North Buganda,Luwero District,Luwero DLG
qWVe5tXo6s8,MOH - Uganda,North Buganda,Luwero District,Luwero DLG
qwwYCCkUFIP,MOH - Uganda,Kampala,Kampala District,Kampala City Council
qwX7PRDoK0Z,MOH - Uganda,Bunyoro,Kakumiro District,Kakumiro DLG
qWz35RRtgYD,MOH - Uganda,Tooro,Kasese District,Kasese DLG
QX10pPIWlfR,MOH - Uganda,South Buganda,Gomba District,Gomba DLG
qx1tdwUae4t,MOH - Uganda,Kampala,Kampala District,Kampala City Council
qXap2NIu04L,MOH - Uganda,Busoga,Jinja City,Jinja City Council
QxgzWrwUQ0o,MOH - Uganda,Busoga,Iganga District,Iganga DLG
QXhsSsRoa9R,MOH - Uganda,Kampala,Kampala District,Kampala City Council
qxI4Lb42wKl,MOH - Uganda,Bunyoro,Kiryandongo District,Kiryandongo DLG
QxjjT8pu7tx,MOH - Uganda,North Buganda,Nakasongola District,Nakasongola DLG
qXpKvhiylZz,MOH - Uganda,Bunyoro,Kibaale District,Kibaale DLG
qXQvylmsflU,MOH - Uganda,Bugisu,Bukwo District,Bukwo DLG
QxSSGqTJymt,MOH - Uganda,North Buganda,Mityana District,Mityana Municipality
QxuHUqsrz0A,MOH - Uganda,Ankole,Rwampara District,Rwampara DLG
QXVOVXOy3FM,MOH - Uganda,South Buganda,Mpigi District,Mpigi DLG
Qy4VLCSLmTP,MOH - Uganda,South Buganda,Wakiso District,Wakiso DLG
QYBM6A0o4pT,MOH - Uganda,Ankole,Ntungamo District,Ntungamo DLG
qYIh49gM216,MOH - Uganda,South Buganda,Butambala District,Butambala DLG
qyKtNN6rJVc,MOH - Uganda,Tooro,Kyegegwa District,Kyegegwa DLG
QyoCIZ9LM7v,MOH - Uganda,South Buganda,Wakiso District,Wakiso DLG
qYOg2oDwQ9P,MOH - Uganda,North Buganda,Mukono District,Mukono DLG
QYpGmoRwppq,MOH - Uganda,Kampala,Kampala District,Kampala City Council
QyscUadfYko,MOH - Uganda,Acholi,Pader District,Pader DLG
qYWUa23zzXr,MOH - Uganda,Kampala,Kampala District,Kampala City Council
QYY1bfiaHUB,MOH - Uganda,Kampala,Kampala District,Kampala City Council
qYZPZV35BRO,MOH - Uganda,North Buganda,Buikwe District,Lugazi Municipality
qz33RgYgkLa,MOH - Uganda,South Buganda,Wakiso District,Makindye Ssabagabo Municipality
QZ3oFe40q8F,MOH - Uganda,South Buganda,Wakiso District,Nansana Municipality
QzFdwXvxAr2,MOH - Uganda,South Buganda,Lyantonde District,Lyantonde DLG
qzGVCbsaN3J,MOH - Uganda,Kampala,Kampala District,Kampala City Council
qziKCoChqnP,MOH - Uganda,Kampala,Kampala District,Kampala City Council
qZk5VyDx3BL,MOH - Uganda,North Buganda,Mubende District,Mubende DLG
QZlXQQVzipr,MOH - Uganda,Kigezi,Kanungu District,Kanungu DLG
QzsFbTwousa,MOH - Uganda,Teso,Soroti City,Soroti City Council
qzSy84YdUkX,MOH - Uganda,Teso,Serere District,Serere DLG
qZUu0ylcHTa,MOH - Uganda,Acholi,Gulu City,Gulu City Council
qzuX96cewmK,MOH - Uganda,Busoga,Namayingo District,Namayingo DLG
qZYuB89C8qp,MOH - Uganda,Tooro,Kyegegwa District,Kyegegwa DLG
qZZFeZQvdZG,MOH - Uganda,Kampala,Kampala District,Kampala City Council
R05j5ShKDgL,MOH - Uganda,Kampala,Kampala District,Kampala City Council
R0DjMf6TzHj,MOH - Uganda,Busoga,Namutumba District,Namutumba DLG
r0h1mc0BAnA,MOH - Uganda,Kampala,Kampala District,Kampala City Council
R0o09ipn1rj,MOH - Uganda,Kampala,Kampala District,Kampala City Council
R0olQW0C8vl,MOH - Uganda,Tooro,Kyegegwa District,Kyegegwa DLG
R0v9w7mVlVD,MOH - Uganda,Kampala,Kampala District,Kampala City Council
R11qcaG5pbk,MOH - Uganda,West Nile,Pakwach District,Pakwach DLG
r1ow6uVseNh,MOH - Uganda,Kampala,Kampala District,Kampala City Council
r1QdGKW3eVh,MOH - Uganda,South Buganda,Mpigi District,Mpigi DLG
R2Cl01FXyrt,MOH - Uganda,North Buganda,Nakasongola District,Nakasongola DLG
r2diIACl0e6,MOH - Uganda,South Buganda,Wakiso District,Nansana Municipality
R2HCOdEPsaI,MOH - Uganda,South Buganda,Wakiso District,Makindye Ssabagabo Municipality
r2MmzjEyXNT,MOH - Uganda,Bukedi,Budaka District,Budaka DLG
r35Jy8OveNA,MOH - Uganda,Kampala,Kampala District,Kampala City Council
r3bEcCGFjLp,MOH - Uganda,Kampala,Kampala District,Kampala City Council
R3nMap7mb9G,MOH - Uganda,Bukedi,Busia District,Busia DLG
R3qXTG9OwkM,MOH - Uganda,Kampala,Kampala District,Kampala City Council
R43DSu1tUIj,MOH - Uganda,Ankole,Bushenyi District,Bushenyi-Ishaka Municipality
r4O4WMmqbS8,MOH - Uganda,Tooro,Kamwenge District,Kamwenge DLG
r4tlCfXVOkw,MOH - Uganda,South Buganda,Kalungu District,Kalungu DLG
r4txax3dzBl,MOH - Uganda,Lango,Amolatar District,Amolatar DLG
r56FE4iE6at,MOH - Uganda,Teso,Kumi District,Kumi DLG
r5CbSnL956y,MOH - Uganda,Kampala,Kampala District,Kampala City Council
R5d0IRBycDO,MOH - Uganda,Kigezi,Rukungiri District,Rukungiri DLG
r5X4QUeK8OA,MOH - Uganda,North Buganda,Mubende District,Mubende DLG
R63lQLnoBOa,MOH - Uganda,Busoga,Jinja District,Jinja DLG
r6JsqcaIqQh,MOH - Uganda,Acholi,Amuru District,Amuru DLG
r6nCqqhhKQN,MOH - Uganda,Teso,Kapelebyong District,Kapelebyong DLG
R6PZK1yToJP,MOH - Uganda,Bugisu,Mbale City,Mbale City Council
r6rK4PRzzKv,MOH - Uganda,West Nile,Obongi District,Obongi DLG
r7gaWycU27e,MOH - Uganda,Kampala,Kampala District,Kampala City Council
r7LVAKKnP2x,MOH - Uganda,Kampala,Kampala District,Kampala City Council
r7ps4KEp5W9,MOH - Uganda,West Nile,Moyo District,Moyo DLG
r7tydjevuu8,MOH - Uganda,West Nile,Terego District,Terego DLG
r7ugOoXi8F1,MOH - Uganda,South Buganda,Gomba District,Gomba DLG
R8AbRMc8iZC,MOH - Uganda,West Nile,Koboko District,Koboko Municipality
r8AJDcUr8oO,MOH - Uganda,West Nile,Arua District,Arua DLG
r8As7Cpj4vF,MOH - Uganda,Kampala,Kampala District,Kampala City Council
r8bqaOn7bDb,MOH - Uganda,South Buganda,Wakiso District,Wakiso DLG
R8KkhIkIqWE,MOH - Uganda,Ankole,Bushenyi District,Bushenyi DLG
r8knMQrGHQn,MOH - Uganda,Kampala,Kampala District,Kampala City Council
r8pg5xWsOXh,MOH - Uganda,Kampala,Kampala District,Kampala City Council
R90HHFvhh7u,MOH - Uganda,Bugisu,Mbale District,Mbale DLG
R95ybrwz0Fz,MOH - Uganda,Teso,Kapelebyong District,Kapelebyong DLG
R9uCxP9HgKt,MOH - Uganda,Tooro,Kitagwenda District,Kitagwenda DLG
R9ujLreag0E,MOH - Uganda,South Buganda,Bukomansimbi District,Bukomansimbi DLG
Ra5ipw6P9eE,MOH - Uganda,Kampala,Kampala District,Kampala City Council
ra92kK6RNiS,MOH - Uganda,Busoga,Jinja City,Jinja City Council
RADTqtjvhVC,MOH - Uganda,South Buganda,Wakiso District,Makindye Ssabagabo Municipality
RahiTh9pQFr,MOH - Uganda,Bunyoro,Kakumiro District,Kakumiro DLG
rAjezN8v7L8,MOH - Uganda,North Buganda,Mubende District,Mubende Municipality
raKmghARRwv,MOH - Uganda,North Buganda,Buikwe District,Lugazi Municipality
RaPESKvLMbL,MOH - Uganda,South Buganda,Kyotera District,Kyotera DLG
rAvayhLZRhY,MOH - Uganda,Karamoja,Napak District,Napak DLG
razsZArY6mo,MOH - Uganda,Kampala,Kampala District,Kampala City Council
rAZwUaLDH5l,MOH - Uganda,Tooro,Kyegegwa District,Kyegegwa DLG
RBlwIDtNQ03,MOH - Uganda,Bukedi,Butaleja District,Butaleja DLG
rbxGtvw8E8X,MOH - Uganda,Teso,Kapelebyong District,Kapelebyong DLG
rbYBCrqL1cM,MOH - Uganda,Busoga,Namayingo District,Namayingo DLG
rC8QqLIs4Yg,MOH - Uganda,Kampala,Kampala District,Kampala City Council
rcBFSbFF7oI,MOH - Uganda,Kampala,Kampala District,Kampala City Council
rCCM3GeRU4G,MOH - Uganda,West Nile,Yumbe District,Yumbe DLG
rcKvTPPgRw3,MOH - Uganda,Tooro,Fort Portal City,Fort Portal City Council
rCMdDkUaL1i,MOH - Uganda,Ankole,Mbarara City,Mbarara City Council
rcTZXDESSnm,MOH - Uganda,Bukedi,Tororo District,Tororo DLG
RcviCR2b32p,MOH - Uganda,Bugisu,Mbale City,Mbale City Council
rCwBrwfxYmO,MOH - Uganda,Kigezi,Rukungiri District,Rukungiri DLG
RD3AHbG3X9A,MOH - Uganda,Kigezi,Kanungu District,Kanungu DLG
RDL6kCr8zgj,MOH - Uganda,Kampala,Kampala District,Kampala City Council
rDLStuCS40v,MOH - Uganda,Bugisu,Kapchorwa District,Kapchorwa Municipality
RdmsO9Kftg9,MOH - Uganda,Lango,Alebtong District,Alebtong DLG
rDs6PUlloSm,MOH - Uganda,West Nile,Arua City,Arua City Council
rDtmgYrgNLc,MOH - Uganda,Lango,Kole District,Kole DLG
rDUICnMUik8,MOH - Uganda,South Buganda,Mpigi District,Mpigi DLG
rdZgIFDlUWW,MOH - Uganda,Busoga,Iganga District,Iganga DLG
RdzJlXtx1G9,MOH - Uganda,Kigezi,Kabale District,Kabale DLG
RE1Yrfr6x1j,MOH - Uganda,South Buganda,Wakiso District,Nansana Municipality
RedZwFm5kxC,MOH - Uganda,North Buganda,Mityana District,Mityana DLG
REERGfMzysM,MOH - Uganda,North Buganda,Mityana District,Mityana DLG
RefkDqDX6jq,MOH - Uganda,Acholi,Gulu District,Gulu DLG
REgJCp1CbEw,MOH - Uganda,Kigezi,Kisoro District,Kisoro DLG
ReLKAE2urrc,MOH - Uganda,Kampala,Kampala District,Kampala City Council
rEncXrvkJ3Z,MOH - Uganda,Lango,Kole District,Kole DLG
resqo4n29Tk,MOH - Uganda,Acholi,Kitgum District,Kitgum DLG
reSTu8XZgge,MOH - Uganda,North Buganda,Luwero District,Luwero DLG
REtjx4sVLdw,MOH - Uganda,Bukedi,Tororo District,Tororo DLG
RExMBFwrvXO,MOH - Uganda,Ankole,Mbarara City,Mbarara City Council
rF4qoxF0CV2,MOH - Uganda,North Buganda,Luwero District,Luwero DLG
RF6xb2gsP8W,MOH - Uganda,Bukedi,Butaleja District,Butaleja DLG
rF9AkTpGNzv,MOH - Uganda,Kampala,Kampala District,Kampala City Council
RfaCkM6A2b9,MOH - Uganda,South Buganda,Wakiso District,Nansana Municipality
rFcurmmoLQ9,MOH - Uganda,South Buganda,Wakiso District,Makindye Ssabagabo Municipality
RFGEqiDlVgw,MOH - Uganda,Ankole,Mbarara City,Mbarara City Council
rfk0AEPFYk5,MOH - Uganda,Bunyoro,Kiryandongo District,Kiryandongo DLG
RfweVyD8d7w,MOH - Uganda,North Buganda,Mukono District,Mukono DLG
RFWwEWMyoSD,MOH - Uganda,Ankole,Isingiro District,Isingiro DLG
RfYTyh0UmGQ,MOH - Uganda,Busoga,Namayingo District,Namayingo DLG
rfzrHzmBDeH,MOH - Uganda,Bukedi,Pallisa District,Pallisa DLG
Rg3LeVeNtqJ,MOH - Uganda,Bugisu,Bulambuli District,Bulambuli DLG
rGgjIFTVXmJ,MOH - Uganda,Kampala,Kampala District,Kampala City Council
RgMEK3zM3Lc,MOH - Uganda,North Buganda,Nakasongola District,Nakasongola DLG
rgoB0CFrNF1,MOH - Uganda,Kampala,Kampala District,Kampala City Council
RGXVYUETbyK,MOH - Uganda,Kampala,Kampala District,Kampala City Council
rGyQQOXQlhl,MOH - Uganda,Kigezi,Kanungu District,Kanungu DLG
RgYxLndiZdy,MOH - Uganda,Kampala,Kampala District,Kampala City Council
rh4BA8I3ikJ,MOH - Uganda,Ankole,Mitooma District,Mitooma DLG
RHk4V3ZlFbx,MOH - Uganda,Acholi,Agago District,Agago DLG
RHkry0Pxk7e,MOH - Uganda,West Nile,Adjumani District,Adjumani DLG
RHqoxANc66y,MOH - Uganda,Bugisu,Bukwo District,Bukwo DLG
RHw7crtljAa,MOH - Uganda,Tooro,Kyenjojo District,Kyenjojo DLG
rhzvuShf7zI,MOH - Uganda,South Buganda,Lwengo District,Lwengo DLG
RI4Fb24F84i,MOH - Uganda,Ankole,Isingiro District,Isingiro DLG
Ri4OIko6Faf,MOH - Uganda,West Nile,Yumbe District,Yumbe DLG
riDbwBZ44tV,MOH - Uganda,South Buganda,Wakiso District,Kira Municipality
RiDHYlvtrzw,MOH - Uganda,Lango,Dokolo District,Dokolo DLG
riFZJMWkiZR,MOH - Uganda,Lango,Lira City,Lira City Council
rigBgTrixkr,MOH - Uganda,Acholi,Gulu City,Gulu City Council
rIXYNnKS9yV,MOH - Uganda,Kampala,Kampala District,Kampala City Council
RJ0MvKuvMtv,MOH - Uganda,Tooro,Kasese District,Kasese DLG
RJ90DzOxRrs,MOH - Uganda,Kampala,Kampala District,Kampala City Council
rjIpxD2fcZB,MOH - Uganda,South Buganda,Wakiso District,Wakiso DLG
RjNHAOegBNk,MOH - Uganda,Kampala,Kampala District,Kampala City Council
rJnuDijRNfN,MOH - Uganda,Kampala,Kampala District,Kampala City Council
rjoadwzC16r,MOH - Uganda,Tooro,Kasese District,Kasese DLG
rjOHz4O83zh,MOH - Uganda,Lango,Apac District,Apac DLG
rjqt65yvgKq,MOH - Uganda,Kigezi,Rukungiri District,Rukungiri DLG
RJVlBVuAkIH,MOH - Uganda,Kampala,Kampala District,Kampala City Council
RjXc4rLmQh4,MOH - Uganda,Kampala,Kampala District,Kampala City Council
RK1G89m13EH,MOH - Uganda,Ankole,Bushenyi District,Bushenyi DLG
rK2BWivCFxl,MOH - Uganda,North Buganda,Buikwe District,Njeru Municipality
RK3lLDD7U84,MOH - Uganda,South Buganda,Wakiso District,Wakiso DLG
rk3SHRUCzyJ,MOH - Uganda,Tooro,Bundibugyo District,Bundibugyo DLG
RK4SqrtlQIs,MOH - Uganda,Kampala,Kampala District,Kampala City Council
rk5itnVaCHU,MOH - Uganda,Ankole,Ntungamo District,Ntungamo DLG
rk6HnWXzl3e,MOH - Uganda,Bugisu,Bukwo District,Bukwo DLG
Rk73DzPBfJl,MOH - Uganda,Ankole,Kazo District,Kazo DLG
RK75MaOWsiE,MOH - Uganda,North Buganda,Kiboga District,Kiboga DLG
rkcbIAhqxp7,MOH - Uganda,South Buganda,Mpigi District,Mpigi DLG
rKGazd2JbUJ,MOH - Uganda,Acholi,Nwoya District,Nwoya DLG
rkgcMVUlpVt,MOH - Uganda,Kampala,Kampala District,Kampala City Council
SkhiXQMswFb,MOH - Uganda,Busoga,Luuka District,Luuka DLG
RKLk7ZoxUHb,MOH - Uganda,South Buganda,Wakiso District,Makindye Ssabagabo Municipality
rkmq7MkfncZ,MOH - Uganda,South Buganda,Wakiso District,Wakiso DLG
RKNpbTZ6Efw,MOH - Uganda,Kampala,Kampala District,Kampala City Council
rKPA6sv2DMw,MOH - Uganda,South Buganda,Wakiso District,Wakiso DLG
RkPKHtihwLz,MOH - Uganda,Bukedi,Busia District,Busia DLG
RKTrEW3Vw7X,MOH - Uganda,Ankole,Mitooma District,Mitooma DLG
rkx1GZhqrWo,MOH - Uganda,Bunyoro,Hoima District,Hoima DLG
rlENEk9miOU,MOH - Uganda,South Buganda,Wakiso District,Wakiso DLG
RLHL2VeqWC2,MOH - Uganda,Teso,Soroti City,Soroti City Council
Rlr3MAv4QeV,MOH - Uganda,Kampala,Kampala District,Kampala City Council
rLRgiOLdAhU,MOH - Uganda,Bukedi,Butebo District,Butebo DLG
RlulmyGd2XY,MOH - Uganda,South Buganda,Bukomansimbi District,Bukomansimbi DLG
RLWAwgTDjSJ,MOH - Uganda,Karamoja,Abim District,Abim DLG
rLXGEUiPF7o,MOH - Uganda,North Buganda,Luwero District,Luwero DLG
rlXW6WfCgAp,MOH - Uganda,Busoga,Bugiri District,Bugiri DLG
rLYXWl0FJq4,MOH - Uganda,Bugisu,Kween District,Kween DLG
Rm1RDQip79X,MOH - Uganda,Acholi,Lamwo District,Lamwo DLG
RM8vegpr7j7,MOH - Uganda,Acholi,Agago District,Agago DLG
Rmb9UqKtstd,MOH - Uganda,South Buganda,Wakiso District,Wakiso DLG
RmhRMYBxYBg,MOH - Uganda,Busoga,Iganga District,Iganga DLG
Rmm3AoCdXoK,MOH - Uganda,Kampala,Kampala District,Kampala City Council
rMRNQLVmpYB,MOH - Uganda,Busoga,Kamuli District,Kamuli DLG
rmyUGedzWB2,MOH - Uganda,South Buganda,Mpigi District,Mpigi DLG
RndGp2J7TuE,MOH - Uganda,Ankole,Buhweju District,Buhweju DLG
RNfCSfnBlxh,MOH - Uganda,North Buganda,Kyankwanzi District,Kyankwanzi DLG
rNFnUCNZuhM,MOH - Uganda,Karamoja,Kaabong District,Kaabong DLG
RniL1gtHESP,MOH - Uganda,South Buganda,Wakiso District,Nansana Municipality
RNJNDoQ7rvR,MOH - Uganda,Busoga,Jinja City,Jinja City Council
RnktSI9w0ZM,MOH - Uganda,Karamoja,Abim District,Abim DLG
RNNwQjXa1A2,MOH - Uganda,Tooro,Kyegegwa District,Kyegegwa DLG
rnSuCabTqe3,MOH - Uganda,Acholi,Amuru District,Amuru DLG
RnxJoIpzuUm,MOH - Uganda,Kampala,Kampala District,Kampala City Council
RnXpcMWI5Zu,MOH - Uganda,West Nile,Yumbe District,Yumbe DLG
ro7h17PnZIN,MOH - Uganda,Kampala,Kampala District,Kampala City Council
RODBUPIK6Qc,MOH - Uganda,Lango,Kwania District,Kwania DLG
RoEEqZN2e63,MOH - Uganda,Bukedi,Tororo District,Tororo DLG
RoFsMZX9xFf,MOH - Uganda,Ankole,Ibanda District,Ibanda DLG
RoJa3Jeg1ia,MOH - Uganda,West Nile,Terego District,Terego DLG
roJb8A7yXNm,MOH - Uganda,Bugisu,Manafwa District,Manafwa DLG
rP3cpyzkW4m,MOH - Uganda,North Buganda,Nakasongola District,Nakasongola DLG
rpaK3EGkNQc,MOH - Uganda,North Buganda,Mukono District,Mukono DLG
rpDd0QiOjWN,MOH - Uganda,Tooro,Kasese District,Kasese DLG
rpdGyezsikH,MOH - Uganda,Lango,Kwania District,Kwania DLG
RPdXEk8zCX5,MOH - Uganda,North Buganda,Luwero District,Luwero DLG
RPJpuHyPqWP,MOH - Uganda,Bukedi,Tororo District,Tororo Municipality
rPMkkecqjqx,MOH - Uganda,Teso,Kaberamaido District,Kaberamaido DLG
RpPrMpzP5wX,MOH - Uganda,Kampala,Kampala District,Kampala City Council
RpUHCD1bW8o,MOH - Uganda,South Buganda,Wakiso District,Wakiso DLG
rQ56RjtAmYQ,MOH - Uganda,Busoga,Namayingo District,Namayingo DLG
rqHF3X8MjQS,MOH - Uganda,Kampala,Kampala District,Kampala City Council
rQkhTj9VFoS,MOH - Uganda,Tooro,Kamwenge District,Kamwenge DLG
RqlBGNLFJWd,MOH - Uganda,Lango,Lira City,Lira City Council
rQPl84cEAuM,MOH - Uganda,South Buganda,Wakiso District,Entebbe Municipality
rQSE7pd8G4R,MOH - Uganda,Kampala,Kampala District,Kampala City Council
rqXX3nVIgQd,MOH - Uganda,Bunyoro,Kikuube District,Kikuube DLG
RqYMGeFgqD0,MOH - Uganda,Ankole,Mbarara City,Mbarara City Council
RR4Ho1OV7BT,MOH - Uganda,Kampala,Kampala District,Kampala City Council
Rr6qa2nv12k,MOH - Uganda,Bugisu,Sironko District,Sironko DLG
rr8AazXJAON,MOH - Uganda,North Buganda,Kassanda District,Kassanda DLG
RR8HuxTZMtb,MOH - Uganda,Kampala,Kampala District,Kampala City Council
rRB4rWMdUS9,MOH - Uganda,North Buganda,Luwero District,Luwero DLG
rrjDjA0JfXN,MOH - Uganda,Ankole,Kiruhura District,Kiruhura DLG
RRMU2EDNAdg,MOH - Uganda,Busoga,Iganga District,Iganga DLG
rrOj1cQ038T,MOH - Uganda,Kampala,Kampala District,Kampala City Council
rrOymteWVK8,MOH - Uganda,South Buganda,Lwengo District,Lwengo DLG
rRPBsggvt0q,MOH - Uganda,Ankole,Kazo District,Kazo DLG
RrrjJE4SdLj,MOH - Uganda,West Nile,Moyo District,Moyo DLG
RrvmrGFqy38,MOH - Uganda,Ankole,Sheema District,Sheema DLG
rRYEsv3mfWa,MOH - Uganda,Bugisu,Kapchorwa District,Kapchorwa DLG
rRzAWYSoUt4,MOH - Uganda,South Buganda,Kalungu District,Kalungu DLG
rs2dxgZLUhW,MOH - Uganda,South Buganda,Wakiso District,Nansana Municipality
rS6CAP8CzOo,MOH - Uganda,Kampala,Kampala District,Kampala City Council
Rs9KsjpvI2p,MOH - Uganda,South Buganda,Wakiso District,Wakiso DLG
rscf883xKay,MOH - Uganda,South Buganda,Kyotera District,Kyotera DLG
RSFwMQwN99b,MOH - Uganda,North Buganda,Kayunga District,Kayunga DLG
RsjJzrUbyTO,MOH - Uganda,South Buganda,Wakiso District,Wakiso DLG
rSlgLL0D4py,MOH - Uganda,Kigezi,Rukungiri District,Rukungiri DLG
RSm0frcjORw,MOH - Uganda,South Buganda,Wakiso District,Nansana Municipality
rsoaevqYuDJ,MOH - Uganda,West Nile,Moyo District,Moyo DLG
rSpfy4jD6lH,MOH - Uganda,South Buganda,Wakiso District,Makindye Ssabagabo Municipality
rSpQGF4E4vj,MOH - Uganda,Ankole,Ntungamo District,Ntungamo DLG
RsY5tCgiuHp,MOH - Uganda,Acholi,Gulu City,Gulu City Council
Rt3qVzr4uqK,MOH - Uganda,Karamoja,Moroto District,Moroto DLG
rT7Vc608PE9,MOH - Uganda,Kampala,Kampala District,Kampala City Council
RTB3ZNoIDhd,MOH - Uganda,Bugisu,Manafwa District,Manafwa DLG
RtIBg3hpszv,MOH - Uganda,Bukedi,Butaleja District,Butaleja DLG
RtkQwOFYMHN,MOH - Uganda,Bukedi,Butaleja District,Butaleja DLG
RtLANRdFvdh,MOH - Uganda,Lango,Apac District,Apac DLG
Ru4lS70azm9,MOH - Uganda,Kampala,Kampala District,Kampala City Council
RU6gRY9wNAd,MOH - Uganda,Kampala,Kampala District,Kampala City Council
RUacjWHQSYp,MOH - Uganda,Lango,Apac District,Apac Municipality
ruaRQmaT4Kr,MOH - Uganda,North Buganda,Mukono District,Mukono DLG
RUGDBdVZ6oS,MOH - Uganda,Teso,Amuria District,Amuria DLG
rUHkBmAX6tC,MOH - Uganda,Tooro,Kasese District,Kasese Municipality
RuPdGm5T2zl,MOH - Uganda,South Buganda,Kalangala District,Kalangala DLG
RuTngsSXrI0,MOH - Uganda,Kampala,Kampala District,Kampala City Council
Ruty1Q8hvHB,MOH - Uganda,Kampala,Kampala District,Kampala City Council
RVFMEGRSxTl,MOH - Uganda,Busoga,Bugiri District,Bugiri DLG
rVjdzfsi9d5,MOH - Uganda,Kampala,Kampala District,Kampala City Council
RVQ7PkHtlVl,MOH - Uganda,Ankole,Kiruhura District,Kiruhura DLG
rVqSSRK4j18,MOH - Uganda,Ankole,Kazo District,Kazo DLG
rvSFWy70FJy,MOH - Uganda,Kampala,Kampala District,Kampala City Council
RVSKVTxRcnF,MOH - Uganda,North Buganda,Buikwe District,Njeru Municipality
RvVYLDPIzPb,MOH - Uganda,South Buganda,Masaka City,Masaka City Council
RvX1vKSd2yY,MOH - Uganda,Ankole,Ibanda District,Ibanda DLG
Rw9rgnLDiGG,MOH - Uganda,South Buganda,Sembabule District,Sembabule DLG
RWazBHkVBZw,MOH - Uganda,North Buganda,Kassanda District,Kassanda DLG
RWEo3tF0K1h,MOH - Uganda,South Buganda,Bukomansimbi District,Bukomansimbi DLG
rWhuHZdqFk8,MOH - Uganda,Bunyoro,Hoima City,Hoima City Council
RWICuGNoE6b,MOH - Uganda,Busoga,Bugweri District,Bugweri DLG
rWkFgs4GFOT,MOH - Uganda,Tooro,Bunyangabu District,Bunyangabu DLG
rwogm4xx92W,MOH - Uganda,West Nile,Madi-Okollo District,Madi-Okollo DLG
RWsqlimyYmq,MOH - Uganda,Karamoja,Napak District,Napak DLG
RwUs7iX5S49,MOH - Uganda,Karamoja,Karenga District,Karenga DLG
RWZlk9jIXGJ,MOH - Uganda,Kampala,Kampala District,Kampala City Council
rX5CK9bB18C,MOH - Uganda,Kampala,Kampala District,Kampala City Council
Rx8u7WLhn7R,MOH - Uganda,Busoga,Mayuge District,Mayuge DLG
rXESYkwOnrT,MOH - Uganda,Ankole,Isingiro District,Isingiro DLG
RxjGCZJbrNa,MOH - Uganda,Bugisu,Kween District,Kween DLG
RxjRSbb7SdC,MOH - Uganda,Kampala,Kampala District,Kampala City Council
RXmi5j74ovT,MOH - Uganda,South Buganda,Wakiso District,Wakiso DLG
RXMQeaZcjjG,MOH - Uganda,North Buganda,Kyankwanzi District,Kyankwanzi DLG
rxnRNKvVVX1,MOH - Uganda,Kigezi,Kisoro District,Kisoro DLG
rxoAz9lkuSi,MOH - Uganda,Kampala,Kampala District,Kampala City Council
RxPKxSBe0DC,MOH - Uganda,Karamoja,Abim District,Abim DLG
rXTikIGipQN,MOH - Uganda,Karamoja,Amudat District,Amudat DLG
RxTOacMFJV9,MOH - Uganda,Kampala,Kampala District,Kampala City Council
rxu4zvH3DC1,MOH - Uganda,Bukedi,Tororo District,Tororo DLG
RxuR3BaSwxg,MOH - Uganda,North Buganda,Nakaseke District,Nakaseke DLG
RXVOLjJUrH5,MOH - Uganda,Kampala,Kampala District,Kampala City Council
rxZ1ArHoehw,MOH - Uganda,Busoga,Kamuli District,Kamuli DLG
ry1tQtnWGd0,MOH - Uganda,Kampala,Kampala District,Kampala City Council
Ry3gGsM5ShR,MOH - Uganda,Tooro,Kyenjojo District,Kyenjojo DLG
Ry65daFfEML,MOH - Uganda,Lango,Lira City,Lira City Council
RycG7Bq7TgI,MOH - Uganda,Kampala,Kampala District,Kampala City Council
RYDB3vdue00,MOH - Uganda,Lango,Oyam District,Oyam DLG
RYjPNztwgsb,MOH - Uganda,Kampala,Kampala District,Kampala City Council
RYMEkOh45MP,MOH - Uganda,South Buganda,Lyantonde District,Lyantonde DLG
rYNfPnt4Wko,MOH - Uganda,Acholi,Amuru District,Amuru DLG
RyPAfMNRCiH,MOH - Uganda,Kampala,Kampala District,Kampala City Council
rYQZhYnKDIY,MOH - Uganda,Kampala,Kampala District,Kampala City Council
ryU8AKAQAnR,MOH - Uganda,North Buganda,Nakasongola District,Nakasongola DLG
RyuiNh0Ldqs,MOH - Uganda,Acholi,Omoro District,Omoro DLG
rYzEnMX4QXM,MOH - Uganda,Kigezi,Kabale District,Kabale DLG
Rz4AY9xX8bj,MOH - Uganda,Kampala,Kampala District,Kampala City Council
rz5vWShL6bT,MOH - Uganda,Kampala,Kampala District,Kampala City Council
Rzh65XAwmdB,MOH - Uganda,Bukedi,Tororo District,Tororo DLG
RzlKBpEgyim,MOH - Uganda,Kampala,Kampala District,Kampala City Council
rZMLEmPz84F,MOH - Uganda,Kigezi,Rukungiri District,Rukungiri DLG
rZQH7oqNKaN,MOH - Uganda,North Buganda,Mukono District,Mukono DLG
RZROGan6ufO,MOH - Uganda,Kigezi,Kabale District,Kabale Municipality
RzSzdf92HxI,MOH - Uganda,Kampala,Kampala District,Kampala City Council
rZUQEvxthk4,MOH - Uganda,Ankole,Ntungamo District,Ntungamo Municipality
RZwOQM4fzR3,MOH - Uganda,Lango,Dokolo District,Dokolo DLG
RZxOG1R6giL,MOH - Uganda,Tooro,Kasese District,Kasese Municipality
s0bh5ySSTH0,MOH - Uganda,North Buganda,Kassanda District,Kassanda DLG
s0HfXcO5c1M,MOH - Uganda,Kampala,Kampala District,Kampala City Council
S0RHvHct4uS,MOH - Uganda,Acholi,Gulu City,Gulu City Council
s0sTvb5DnDP,MOH - Uganda,Kigezi,Kabale District,Kabale Municipality
s0zpjmlFHb3,MOH - Uganda,Kigezi,Rukungiri District,Rukungiri Municipality
s17o1wGsBGT,MOH - Uganda,Kigezi,Rukungiri District,Rukungiri DLG
S1b0mLQAnBz,MOH - Uganda,Kampala,Kampala District,Kampala City Council
s1LH73FP6Ck,MOH - Uganda,Busoga,Kamuli District,Kamuli DLG
s1n0dG7Dw9h,MOH - Uganda,North Buganda,Luwero District,Luwero DLG
S1qinK4bVGQ,MOH - Uganda,Kigezi,Rubanda District,Rubanda DLG
S1tbgD2FoFD,MOH - Uganda,Tooro,Kitagwenda District,Kitagwenda DLG
s1VmGXPPQg5,MOH - Uganda,South Buganda,Wakiso District,Entebbe Municipality
s21e0ARLfsE,MOH - Uganda,Acholi,Agago District,Agago DLG
S26rammWZ0Y,MOH - Uganda,West Nile,Maracha District,Maracha DLG
S28hDMHozm6,MOH - Uganda,Bukedi,Tororo District,Tororo DLG
s2dekJ6S9HJ,MOH - Uganda,Karamoja,Napak District,Napak DLG
S2fS0RWKKVu,MOH - Uganda,Kampala,Kampala District,Kampala City Council
S2IEIv72rj0,MOH - Uganda,South Buganda,Kalangala District,Kalangala DLG
S2jW7eA0Oe0,MOH - Uganda,South Buganda,Lyantonde District,Lyantonde DLG
S2tp6PCWdbn,MOH - Uganda,Kampala,Kampala District,Kampala City Council
s2V4GN6DV3R,MOH - Uganda,South Buganda,Wakiso District,Wakiso DLG
s2y7hYi40k7,MOH - Uganda,Bunyoro,Hoima District,Hoima DLG
s2YKRj63tJX,MOH - Uganda,Kampala,Kampala District,Kampala City Council
s3KGtzqaMyJ,MOH - Uganda,Busoga,Namayingo District,Namayingo DLG
S3kMnfeLrYo,MOH - Uganda,Kampala,Kampala District,Kampala City Council
S3ohatkswyg,MOH - Uganda,North Buganda,Mukono District,Mukono Municipality
s3R8pHYzINT,MOH - Uganda,Kampala,Kampala District,Kampala City Council
S3SVSjfiF7C,MOH - Uganda,Teso,Bukedea District,Bukedea DLG
S3tP2Tw15nr,MOH - Uganda,Bugisu,Mbale District,Mbale DLG
S3tQRPj1rpw,MOH - Uganda,Ankole,Ibanda District,Ibanda DLG
s4FnxCrzMw6,MOH - Uganda,Tooro,Kasese District,Kasese Municipality
s4pFdzmNfgg,MOH - Uganda,West Nile,Yumbe District,Yumbe DLG
s4Qgr3LiCaK,MOH - Uganda,Ankole,Ibanda District,Ibanda Municipality
S5AzQrvNkx9,MOH - Uganda,North Buganda,Nakasongola District,Nakasongola DLG
s5FBEvugsTB,MOH - Uganda,South Buganda,Wakiso District,Makindye Ssabagabo Municipality
s5LS26QGqzl,MOH - Uganda,Kigezi,Kanungu District,Kanungu DLG
S6BIC2MogkB,MOH - Uganda,Kampala,Kampala District,Kampala City Council
S6ECXvqeeuh,MOH - Uganda,Kampala,Kampala District,Kampala City Council
s6I81Be52IE,MOH - Uganda,Bugisu,Mbale City,Mbale City Council
s6nvpDfR2Vg,MOH - Uganda,Acholi,Nwoya District,Nwoya DLG
s6ZNqvLy0mT,MOH - Uganda,Kampala,Kampala District,Kampala City Council
S70E0FJrMtU,MOH - Uganda,Teso,Ngora District,Ngora DLG
s71eqLztkXK,MOH - Uganda,Kampala,Kampala District,Kampala City Council
S79Lcu8O003,MOH - Uganda,South Buganda,Masaka City,Masaka City Council
S7BrP2KMN4D,MOH - Uganda,Kampala,Kampala District,Kampala City Council
S7H2PnCeFlR,MOH - Uganda,North Buganda,Mukono District,Mukono DLG
S87YhpvQiIT,MOH - Uganda,Kampala,Kampala District,Kampala City Council
S8LH3k8Bkir,MOH - Uganda,Bugisu,Kapchorwa District,Kapchorwa DLG
S8UiFvDTK0Z,MOH - Uganda,North Buganda,Luwero District,Luwero DLG
S8YI94XjnTF,MOH - Uganda,North Buganda,Mukono District,Mukono Municipality
s97mLA3ZUJN,MOH - Uganda,Tooro,Kyegegwa District,Kyegegwa DLG
S9QduX5GY1K,MOH - Uganda,West Nile,Pakwach District,Pakwach DLG
s9t3nr6URl3,MOH - Uganda,Kigezi,Kabale District,Kabale DLG
s9TLSDs98xt,MOH - Uganda,Teso,Soroti City,Soroti City Council
sa4kFf5jMyF,MOH - Uganda,South Buganda,Wakiso District,Makindye Ssabagabo Municipality
sa5qeUY8oB8,MOH - Uganda,Kampala,Kampala District,Kampala City Council
SaEGZKTr3lt,MOH - Uganda,Tooro,Fort Portal City,Fort Portal City Council
sAJl3s1MgfV,MOH - Uganda,North Buganda,Nakasongola District,Nakasongola DLG
SASqTH944Jr,MOH - Uganda,North Buganda,Luwero District,Luwero DLG
saURJVbWEtz,MOH - Uganda,North Buganda,Buikwe District,Lugazi Municipality
SaVnJZa5J2Q,MOH - Uganda,South Buganda,Lyantonde District,Lyantonde DLG
SawQsZaAf3n,MOH - Uganda,Tooro,Kasese District,Kasese DLG
SAXzplJLv90,MOH - Uganda,West Nile,Arua City,Arua City Council
say5alYHaR7,MOH - Uganda,Kigezi,Kabale District,Kabale DLG
sBBTrshNwgt,MOH - Uganda,Kigezi,Rukiga District,Rukiga DLG
SBbwmoaOOM2,MOH - Uganda,Busoga,Jinja City,Jinja City Council
SBdOpwhkd9j,MOH - Uganda,Ankole,Mbarara City,Mbarara City Council
SbeNQXeGDyJ,MOH - Uganda,Tooro,Kyegegwa District,Kyegegwa DLG
SbhXVHOtboo,MOH - Uganda,North Buganda,Luwero District,Luwero DLG
sBihcD5t6tA,MOH - Uganda,North Buganda,Kayunga District,Kayunga DLG
SbpYxki4Tj3,MOH - Uganda,Kigezi,Rubanda District,Rubanda DLG
sbQydShkJsB,MOH - Uganda,Bunyoro,Kakumiro District,Kakumiro DLG
sbsaajvJPqH,MOH - Uganda,South Buganda,Sembabule District,Sembabule DLG
sBU94B8MYFJ,MOH - Uganda,Bunyoro,Kagadi District,Kagadi DLG
SbullIVi7Kc,MOH - Uganda,South Buganda,Kyotera District,Kyotera DLG
sbvbrobesgm,MOH - Uganda,Kigezi,Kabale District,Kabale DLG
SByryiWsa89,MOH - Uganda,Kampala,Kampala District,Kampala City Council
SC1rAlJqGGu,MOH - Uganda,North Buganda,Kayunga District,Kayunga DLG
SCCtg0ytcin,MOH - Uganda,North Buganda,Mityana District,Mityana Municipality
scG9vBbTN9O,MOH - Uganda,Kigezi,Kabale District,Kabale Municipality
sChjcj6HW9w,MOH - Uganda,Kampala,Kampala District,Kampala City Council
ScJudq9evei,MOH - Uganda,South Buganda,Kalungu District,Kalungu DLG
sCKb0eXEQGw,MOH - Uganda,Lango,Lira City,Lira City Council
SCmKdlHslFu,MOH - Uganda,Bunyoro,Kibaale District,Kibaale DLG
SCOrhnwQX8k,MOH - Uganda,South Buganda,Gomba District,Gomba DLG
SCPJFIu4Lv8,MOH - Uganda,South Buganda,Wakiso District,Nansana Municipality
ScR53pDzWQv,MOH - Uganda,Bunyoro,Kagadi District,Kagadi DLG
sCyAs9yytOk,MOH - Uganda,Busoga,Luuka District,Luuka DLG
Sd27w29lhJ8,MOH - Uganda,South Buganda,Mpigi District,Mpigi DLG
sdgB0EP8oLo,MOH - Uganda,Bugisu,Sironko District,Sironko DLG
sDHVCkgwa38,MOH - Uganda,North Buganda,Luwero District,Luwero DLG
sDL3xZ4aHxw,MOH - Uganda,Kigezi,Rukungiri District,Rukungiri DLG
sDpwzg8daPO,MOH - Uganda,South Buganda,Wakiso District,Wakiso DLG
sDSduj1yuPM,MOH - Uganda,South Buganda,Kyotera District,Kyotera DLG
SduoOk5Q8Pa,MOH - Uganda,Kampala,Kampala District,Kampala City Council
SDX1xOAUEKj,MOH - Uganda,Kampala,Kampala District,Kampala City Council
sdxoxui7C7K,MOH - Uganda,Kampala,Kampala District,Kampala City Council
SElLcUjqrGg,MOH - Uganda,South Buganda,Kyotera District,Kyotera DLG
sEohWjhJWMI,MOH - Uganda,South Buganda,Wakiso District,Wakiso DLG
SeWJV46N6Qc,MOH - Uganda,Bukedi,Busia District,Busia DLG
sezKAamksQY,MOH - Uganda,Kampala,Kampala District,Kampala City Council
sf2baAzfwgW,MOH - Uganda,North Buganda,Mityana District,Mityana DLG
SF33CGHTeUn,MOH - Uganda,Acholi,Pader District,Pader DLG
sF8uyZ041Qj,MOH - Uganda,Kampala,Kampala District,Kampala City Council
SFDDslYJBOF,MOH - Uganda,Tooro,Fort Portal City,Fort Portal City Council
SFDIr8urO72,MOH - Uganda,Acholi,Pader District,Pader DLG
sfIELwbR36m,MOH - Uganda,Kampala,Kampala District,Kampala City Council
sFIS2oxchec,MOH - Uganda,North Buganda,Kayunga District,Kayunga DLG
SfjWUhxhnsZ,MOH - Uganda,South Buganda,Wakiso District,Nansana Municipality
SFN4aFGxuGb,MOH - Uganda,South Buganda,Wakiso District,Wakiso DLG
SFqksyF2OnO,MOH - Uganda,Bukedi,Busia District,Busia DLG
SfqoAfHZm8l,MOH - Uganda,South Buganda,Gomba District,Gomba DLG
Sfu2d1yi02W,MOH - Uganda,Kigezi,Kanungu District,Kanungu DLG
SfyR6Xi56ox,MOH - Uganda,Busoga,Kaliro District,Kaliro DLG
Sg3h27N489f,MOH - Uganda,Tooro,Kamwenge District,Kamwenge DLG
Sg5yDPXP17q,MOH - Uganda,South Buganda,Wakiso District,Kira Municipality
SG6IU1tMViT,MOH - Uganda,Kampala,Kampala District,Kampala City Council
SGfE2dbMajU,MOH - Uganda,Kampala,Kampala District,Kampala City Council
SGI4vnUrfjG,MOH - Uganda,Kampala,Kampala District,Kampala City Council
SGK8OhBem9d,MOH - Uganda,Kampala,Kampala District,Kampala City Council
SGXUdybIrGD,MOH - Uganda,Kampala,Kampala District,Kampala City Council
sH30niPykjt,MOH - Uganda,Kampala,Kampala District,Kampala City Council
sH96J8n6jcS,MOH - Uganda,Kigezi,Kabale District,Kabale DLG
SHFHUpPFCBG,MOH - Uganda,Bunyoro,Kiryandongo District,Kiryandongo DLG
shh20ILGLyj,MOH - Uganda,Kampala,Kampala District,Kampala City Council
ShqpmBpmzzk,MOH - Uganda,Kampala,Kampala District,Kampala City Council
SHSEJEsSeiE,MOH - Uganda,Bugisu,Kween District,Kween DLG
sHwAlmYg5Hs,MOH - Uganda,North Buganda,Buikwe District,Buikwe DLG
ShyOX3A5o1w,MOH - Uganda,South Buganda,Wakiso District,Wakiso DLG
Si7fnPL4oQb,MOH - Uganda,Kigezi,Kanungu District,Kanungu DLG
SiD1hHcviCy,MOH - Uganda,Kampala,Kampala District,Kampala City Council
SigJKvYv6yt,MOH - Uganda,Tooro,Bunyangabu District,Bunyangabu DLG
siid5CZlfWv,MOH - Uganda,Tooro,Kasese District,Kasese Municipality
SIKJkeYijCX,MOH - Uganda,Kampala,Kampala District,Kampala City Council
sIVYV2H2ZZW,MOH - Uganda,South Buganda,Wakiso District,Wakiso DLG
SiWTEQJNDOk,MOH - Uganda,Kampala,Kampala District,Kampala City Council
sIXMnx11pLV,MOH - Uganda,Ankole,Kiruhura District,Kiruhura DLG
SIzD7iDQVFO,MOH - Uganda,Bunyoro,Kagadi District,Kagadi DLG
sj5qEBQKeyq,MOH - Uganda,South Buganda,Kalungu District,Kalungu DLG
Sj7ljAIcmjq,MOH - Uganda,Teso,Amuria District,Amuria DLG
sjb5FYttoWw,MOH - Uganda,Bukedi,Busia District,Busia DLG
sJd1PRCXFdX,MOH - Uganda,South Buganda,Mpigi District,Mpigi DLG
SjgN0hN7sBY,MOH - Uganda,Ankole,Ibanda District,Ibanda DLG
SjGnJhWF7P7,MOH - Uganda,North Buganda,Mityana District,Mityana DLG
sjPns46nkLM,MOH - Uganda,Busoga,Jinja City,Jinja City Council
Sjt0VYq7zl8,MOH - Uganda,Kampala,Kampala District,Kampala City Council
SJtl3JBjCbJ,MOH - Uganda,Kampala,Kampala District,Kampala City Council
sJUxokN1Svo,MOH - Uganda,West Nile,Arua City,Arua City Council
SJv9sa54vJz,MOH - Uganda,South Buganda,Lyantonde District,Lyantonde DLG
SjzWW3WDYxd,MOH - Uganda,South Buganda,Wakiso District,Wakiso DLG
SK5MwfzVQ7f,MOH - Uganda,Kampala,Kampala District,Kampala City Council
skaKlRXEgCS,MOH - Uganda,North Buganda,Buikwe District,Lugazi Municipality
sKfbZit6dCp,MOH - Uganda,South Buganda,Wakiso District,Nansana Municipality
SkJvhLTQ7oa,MOH - Uganda,Kampala,Kampala District,Kampala City Council
SkjzY5xt0tm,MOH - Uganda,Kampala,Kampala District,Kampala City Council
Skk5S7NMtkG,MOH - Uganda,Lango,Kole District,Kole DLG
sKLsSErGAWP,MOH - Uganda,Kampala,Kampala District,Kampala City Council
sKqfvslNASd,MOH - Uganda,Teso,Kaberamaido District,Kaberamaido DLG
SkWkhr3XlQR,MOH - Uganda,Acholi,Pader District,Pader DLG
SkWKqttPnXq,MOH - Uganda,North Buganda,Kyankwanzi District,Kyankwanzi DLG
SL6MqJXGcbv,MOH - Uganda,Busoga,Bugweri District,Bugweri DLG
sLg8XDLt89n,MOH - Uganda,Tooro,Kyenjojo District,Kyenjojo DLG
slgzxJ0gqWn,MOH - Uganda,South Buganda,Wakiso District,Wakiso DLG
slmQFUjMcfA,MOH - Uganda,West Nile,Maracha District,Maracha DLG
SloGhUNthe5,MOH - Uganda,Busoga,Namutumba District,Namutumba DLG
sLOvwpCrdh2,MOH - Uganda,Kampala,Kampala District,Kampala City Council
SLPaCIqF33F,MOH - Uganda,Kampala,Kampala District,Kampala City Council
SlTy2tz2HVD,MOH - Uganda,Tooro,Ntoroko District,Ntoroko DLG
slVh6w2GKVp,MOH - Uganda,Kampala,Kampala District,Kampala City Council
SM0YT6c3Ug9,MOH - Uganda,Kigezi,Kabale District,Kabale Municipality
sM16IZrIVkP,MOH - Uganda,Ankole,Ntungamo District,Ntungamo DLG
smGfcNZcQ31,MOH - Uganda,Ankole,Isingiro District,Isingiro DLG
smgogCHGxv3,MOH - Uganda,South Buganda,Kalangala District,Kalangala DLG
smkk7KfoGk0,MOH - Uganda,Kampala,Kampala District,Kampala City Council
SMkx58aUYtC,MOH - Uganda,Ankole,Mbarara District,Mbarara DLG
SMLBfd8FSGw,MOH - Uganda,Kampala,Kampala District,Kampala City Council
SmM96g3qr78,MOH - Uganda,Kampala,Kampala District,Kampala City Council
smr8mTNYzFP,MOH - Uganda,Kampala,Kampala District,Kampala City Council
smSwStyPBFr,MOH - Uganda,Bugisu,Kapchorwa District,Kapchorwa Municipality
sMYprHm7m3K,MOH - Uganda,Ankole,Bushenyi District,Bushenyi-Ishaka Municipality
sn2fjQ9nBIr,MOH - Uganda,Kampala,Kampala District,Kampala City Council
sN9vQh4pPSu,MOH - Uganda,Kampala,Kampala District,Kampala City Council
SncLnWjDs4H,MOH - Uganda,Kampala,Kampala District,Kampala City Council
sNksBKVL12G,MOH - Uganda,Kampala,Kampala District,Kampala City Council
SnRMeujN4lW,MOH - Uganda,Kampala,Kampala District,Kampala City Council
SNsnShtQa5C,MOH - Uganda,Bugisu,Sironko District,Sironko DLG
SNwc1CQIXTN,MOH - Uganda,Lango,Alebtong District,Alebtong DLG
SnWMAPIh10Z,MOH - Uganda,South Buganda,Wakiso District,Nansana Municipality
sO5sVDlQBUW,MOH - Uganda,Ankole,Ntungamo District,Ntungamo DLG
soboZQtNvkO,MOH - Uganda,South Buganda,Wakiso District,Wakiso DLG
SOcapZDYuej,MOH - Uganda,West Nile,Arua City,Arua City Council
sOGx0iAe1fF,MOH - Uganda,Bunyoro,Masindi District,Masindi Municipality
sOHZmgchvcN,MOH - Uganda,Kampala,Kampala District,Kampala City Council
soJkaCms4J3,MOH - Uganda,Kampala,Kampala District,Kampala City Council
sokKY0XWigm,MOH - Uganda,South Buganda,Wakiso District,Kira Municipality
soO4xwuSfkS,MOH - Uganda,Ankole,Bushenyi District,Bushenyi-Ishaka Municipality
SoOVoe9z5U6,MOH - Uganda,Bugisu,Mbale City,Mbale City Council
Sop1i4KIo2k,MOH - Uganda,Ankole,Rwampara District,Rwampara DLG
SotbYUljYZa,MOH - Uganda,Bukedi,Tororo District,Tororo DLG
sotOfurfIHd,MOH - Uganda,Bugisu,Manafwa District,Manafwa DLG
SoV7m23fWmF,MOH - Uganda,North Buganda,Mukono District,Mukono DLG
sP07uteAqDh,MOH - Uganda,Kampala,Kampala District,Kampala City Council
Sp1Yr5jEDVf,MOH - Uganda,Kampala,Kampala District,Kampala City Council
sP8nivenRRh,MOH - Uganda,Bukedi,Tororo District,Tororo DLG
SpgaxP49ODY,MOH - Uganda,North Buganda,Mityana District,Mityana DLG
SpjkBGXlDXd,MOH - Uganda,Tooro,Kyegegwa District,Kyegegwa DLG
SpmGH121j45,MOH - Uganda,Bunyoro,Masindi District,Masindi Municipality
sPqPJmJnSZm,MOH - Uganda,Kampala,Kampala District,Kampala City Council
SPRfKSI1D1b,MOH - Uganda,Bugisu,Sironko District,Sironko DLG
spt8LCtDICN,MOH - Uganda,Tooro,Kyegegwa District,Kyegegwa DLG
SPuSIQfsoKF,MOH - Uganda,North Buganda,Kyankwanzi District,Kyankwanzi DLG
sPWbPZtb3ut,MOH - Uganda,Ankole,Mbarara City,Mbarara City Council
SpyViTSJ4zk,MOH - Uganda,Tooro,Kyenjojo District,Kyenjojo DLG
sQ0w6NDpCOo,MOH - Uganda,Kampala,Kampala District,Kampala City Council
sq2J01yHWGy,MOH - Uganda,Kampala,Kampala District,Kampala City Council
SQ4Rqdoimki,MOH - Uganda,South Buganda,Wakiso District,Nansana Municipality
Sq5R0McgjQo,MOH - Uganda,Bunyoro,Buliisa District,Buliisa DLG
Sqe5p3lgH0c,MOH - Uganda,West Nile,Koboko District,Koboko Municipality
SqeLCXvQf0h,MOH - Uganda,Ankole,Isingiro District,Isingiro DLG
SQgzVzwkRjK,MOH - Uganda,North Buganda,Luwero District,Luwero DLG
SQIL4IUKr5H,MOH - Uganda,Kigezi,Rukungiri District,Rukungiri DLG
sQIWPrdhyp5,MOH - Uganda,Bugisu,Bududa District,Bududa DLG
SQlEN22KQM2,MOH - Uganda,Kigezi,Rukiga District,Rukiga DLG
sqQsFNhXH9W,MOH - Uganda,North Buganda,Mukono District,Mukono DLG
sr5WqM2cefh,MOH - Uganda,Ankole,Isingiro District,Isingiro DLG
sRjNKfDKtKB,MOH - Uganda,Lango,Lira City,Lira City Council
sRkrARaYj0F,MOH - Uganda,North Buganda,Mityana District,Mityana DLG
SrMQUSodv6f,MOH - Uganda,Kampala,Kampala District,Kampala City Council
srSDFLCcrSi,MOH - Uganda,South Buganda,Wakiso District,Wakiso DLG
SRuOG2nF6oM,MOH - Uganda,Bukedi,Busia District,Busia Municipality
Srw7aRNwfmQ,MOH - Uganda,South Buganda,Wakiso District,Wakiso DLG
SRwkShZ6Bfc,MOH - Uganda,South Buganda,Wakiso District,Wakiso DLG
Ss0JE8RxN25,MOH - Uganda,Kampala,Kampala District,Kampala City Council
sSaKhHA0Ps5,MOH - Uganda,Bunyoro,Kiryandongo District,Kiryandongo DLG
SSAwZ2qobSu,MOH - Uganda,Teso,Serere District,Serere DLG
SSfQUjnbstd,MOH - Uganda,Bunyoro,Kiryandongo District,Kiryandongo DLG
sSjaulsyygM,MOH - Uganda,Bunyoro,Masindi District,Masindi DLG
ssN8ZVpgGEx,MOH - Uganda,North Buganda,Buikwe District,Lugazi Municipality
SSNUnjUxUtc,MOH - Uganda,Kampala,Kampala District,Kampala City Council
SSomlqnZi3C,MOH - Uganda,Tooro,Kasese District,Kasese DLG
SsQZ5O4hUB7,MOH - Uganda,Kampala,Kampala District,Kampala City Council
SsSHoj0KsxS,MOH - Uganda,Acholi,Omoro District,Omoro DLG
sSuKdQXD9yr,MOH - Uganda,North Buganda,Mubende District,Mubende DLG
ssV2mflbtO6,MOH - Uganda,Kampala,Kampala District,Kampala City Council
sSviknZTVxG,MOH - Uganda,Lango,Oyam District,Oyam DLG
STAYnHuIS1m,MOH - Uganda,Kampala,Kampala District,Kampala City Council
sTDzfJjNsdu,MOH - Uganda,Tooro,Kamwenge District,Kamwenge DLG
stEpBDJ191Z,MOH - Uganda,North Buganda,Mukono District,Mukono Municipality
sTlap0cwcNo,MOH - Uganda,South Buganda,Sembabule District,Sembabule DLG
sTPzvbPlhlu,MOH - Uganda,Busoga,Iganga District,Iganga Municipality
stQ3ogasObO,MOH - Uganda,Kampala,Kampala District,Kampala City Council
stQxw620sYZ,MOH - Uganda,Bukedi,Pallisa District,Pallisa DLG
StVGsmCpx30,MOH - Uganda,Kampala,Kampala District,Kampala City Council
stVRVnZtZVM,MOH - Uganda,Ankole,Kazo District,Kazo DLG
sTVyzxAGpJx,MOH - Uganda,South Buganda,Kyotera District,Kyotera DLG
stZgyEm9xer,MOH - Uganda,West Nile,Nebbi District,Nebbi DLG
stZvSyJKct6,MOH - Uganda,Teso,Katakwi District,Katakwi DLG
sU6TRGUOQY9,MOH - Uganda,Bugisu,Bukwo District,Bukwo DLG
SU6u279D3JC,MOH - Uganda,South Buganda,Kyotera District,Kyotera DLG
SU8JOQnA0n1,MOH - Uganda,Ankole,Kiruhura District,Kiruhura DLG
SuApa6pnYA7,MOH - Uganda,North Buganda,Mityana District,Mityana DLG
sUn4xkpMKPz,MOH - Uganda,Kampala,Kampala District,Kampala City Council
SuNPmvsGklv,MOH - Uganda,Bunyoro,Hoima District,Hoima DLG
sUo7NNezgim,MOH - Uganda,North Buganda,Mukono District,Mukono Municipality
sUPmMA66xoY,MOH - Uganda,Bunyoro,Kikuube District,Kikuube DLG
SUsMfxCgc1w,MOH - Uganda,South Buganda,Gomba District,Gomba DLG
sUtrRkuRSAm,MOH - Uganda,Teso,Serere District,Serere DLG
sUuGsTZpCxT,MOH - Uganda,Tooro,Kyenjojo District,Kyenjojo DLG
SUVWL6Khl6Y,MOH - Uganda,Kampala,Kampala District,Kampala City Council
SUYMjUniFD2,MOH - Uganda,South Buganda,Wakiso District,Wakiso DLG
sUzbQhdddvZ,MOH - Uganda,Kampala,Kampala District,Kampala City Council
SUZMNvE8LGZ,MOH - Uganda,North Buganda,Mubende District,Mubende Municipality
SvBwj5ZrWMx,MOH - Uganda,Lango,Lira District,Lira DLG
sVC0T77MpVL,MOH - Uganda,Kampala,Kampala District,Kampala City Council
sVEZ8dNNAQQ,MOH - Uganda,Karamoja,Nakapiripirit District,Nakapiripirit DLG
SvFlOphvurH,MOH - Uganda,North Buganda,Mukono District,Mukono Municipality
sVLQBGByF0h,MOH - Uganda,Ankole,Ibanda District,Ibanda Municipality
svmZ7QK3nod,MOH - Uganda,Tooro,Kasese District,Kasese DLG
SVpxIPR6Nkn,MOH - Uganda,Kampala,Kampala District,Kampala City Council
SVPXJDFHWwJ,MOH - Uganda,North Buganda,Kyankwanzi District,Kyankwanzi DLG
sVrJn8E1ypr,MOH - Uganda,Tooro,Kasese District,Kasese DLG
SW1kh5C3bUf,MOH - Uganda,Tooro,Bunyangabu District,Bunyangabu DLG
sw1LWMA7Kjn,MOH - Uganda,South Buganda,Wakiso District,Wakiso DLG
sWiFANJNsQo,MOH - Uganda,Busoga,Jinja City,Jinja City Council
sWKITY6jKkk,MOH - Uganda,Bukedi,Tororo District,Tororo DLG
SWm4mnkpCfb,MOH - Uganda,Kampala,Kampala District,Kampala City Council
sWmFAZ8bNsO,MOH - Uganda,Busoga,Jinja District,Jinja DLG
swSvZ0rVkLA,MOH - Uganda,South Buganda,Lyantonde District,Lyantonde DLG
swTa8NTQIYI,MOH - Uganda,Kampala,Kampala District,Kampala City Council
SWVdjeZbZJI,MOH - Uganda,North Buganda,Kayunga District,Kayunga DLG
SWWHTLQjZXW,MOH - Uganda,South Buganda,Masaka City,Masaka City Council
swxd5Y8bpyo,MOH - Uganda,North Buganda,Nakaseke District,Nakaseke DLG
Sx8OTUNvskf,MOH - Uganda,South Buganda,Wakiso District,Makindye Ssabagabo Municipality
sXeVz43R3BO,MOH - Uganda,Kigezi,Kabale District,Kabale Municipality
sxGTCYPwZHv,MOH - Uganda,Teso,Kapelebyong District,Kapelebyong DLG
sxlgEAB9P4Q,MOH - Uganda,West Nile,Obongi District,Obongi DLG
sXVYYZPY6DN,MOH - Uganda,Kampala,Kampala District,Kampala City Council
SYAQAXXpmCo,MOH - Uganda,Ankole,Ntungamo District,Ntungamo DLG
syAwMnRR1xn,MOH - Uganda,Lango,Kole District,Kole DLG
SYB67Y2wfuD,MOH - Uganda,South Buganda,Sembabule District,Sembabule DLG
sybDNCVijlG,MOH - Uganda,South Buganda,Wakiso District,Makindye Ssabagabo Municipality
SYCh1aCdMoa,MOH - Uganda,Kampala,Kampala District,Kampala City Council
SydoosT4IoO,MOH - Uganda,West Nile,Adjumani District,Adjumani DLG
sYhGbKU5621,MOH - Uganda,Karamoja,Abim District,Abim DLG
sYHZIUFx50X,MOH - Uganda,Lango,Dokolo District,Dokolo DLG
SYL9VDK7zxW,MOH - Uganda,South Buganda,Wakiso District,Nansana Municipality
Symjhaye4Gp,MOH - Uganda,Bukedi,Butaleja District,Butaleja DLG
sYrRgUUMvWj,MOH - Uganda,Kampala,Kampala District,Kampala City Council
SYUCRivGRom,MOH - Uganda,North Buganda,Buikwe District,Njeru Municipality
Syv5X2AB8wP,MOH - Uganda,Kampala,Kampala District,Kampala City Council
SyvXEPay46Q,MOH - Uganda,Busoga,Kamuli District,Kamuli DLG
SYXd0hd0I6m,MOH - Uganda,Bunyoro,Hoima City,Hoima City Council
syZgQbBzhSC,MOH - Uganda,Tooro,Kasese District,Kasese DLG
sz27piy5nIN,MOH - Uganda,Kampala,Kampala District,Kampala City Council
SZ5Nnac0TQc,MOH - Uganda,Kampala,Kampala District,Kampala City Council
Sz5UR0wjCcn,MOH - Uganda,Kampala,Kampala District,Kampala City Council
sZ9PPpo8ejT,MOH - Uganda,Tooro,Bunyangabu District,Bunyangabu DLG
szfyxNDw10d,MOH - Uganda,Lango,Kwania District,Kwania DLG
SzkdofjSTEj,MOH - Uganda,North Buganda,Kassanda District,Kassanda DLG
SZqFeNeytnR,MOH - Uganda,Kampala,Kampala District,Kampala City Council
SZS6IdnTKZR,MOH - Uganda,Busoga,Jinja City,Jinja City Council
SzShxoEQf7a,MOH - Uganda,Bunyoro,Masindi District,Masindi DLG
sZTtPBEc8Sm,MOH - Uganda,Kigezi,Rubanda District,Rubanda DLG
SzVYBCcGiM7,MOH - Uganda,South Buganda,Mpigi District,Mpigi DLG
SzWKP3RI4P1,MOH - Uganda,North Buganda,Mubende District,Mubende DLG
SZzEzhVy6Yy,MOH - Uganda,Bukedi,Pallisa District,Pallisa DLG
T0oqCwE0vOw,MOH - Uganda,Busoga,Kamuli District,Kamuli DLG
t0OTo3lAogT,MOH - Uganda,Kampala,Kampala District,Kampala City Council
T0xNZTdfsmh,MOH - Uganda,South Buganda,Wakiso District,Makindye Ssabagabo Municipality
t15uLLkZzQR,MOH - Uganda,South Buganda,Wakiso District,Nansana Municipality
t1eFyUi3gA7,MOH - Uganda,Tooro,Kyenjojo District,Kyenjojo DLG
t1PvmZ5nNzx,MOH - Uganda,Bunyoro,Kiryandongo District,Kiryandongo DLG
t1XqyXiiplB,MOH - Uganda,Kampala,Kampala District,Kampala City Council
T2B10TYgbU5,MOH - Uganda,Bunyoro,Kikuube District,Kikuube DLG
t2B8bbXaxBm,MOH - Uganda,Tooro,Kabarole District,Kabarole DLG
T2ENFWE19Bu,MOH - Uganda,West Nile,Nebbi District,Nebbi DLG
t2Y0yh8qFhU,MOH - Uganda,Bugisu,Bududa District,Bududa DLG
t2yKspg65YA,MOH - Uganda,Kampala,Kampala District,Kampala City Council
T3VjZZLCGuQ,MOH - Uganda,Kampala,Kampala District,Kampala City Council
T3VsjGM4qG1,MOH - Uganda,Kampala,Kampala District,Kampala City Council
T4aXWHJbR0A,MOH - Uganda,Bugisu,Kween District,Kween DLG
t4By7ll222g,MOH - Uganda,South Buganda,Wakiso District,Makindye Ssabagabo Municipality
T4M9UgfqV5q,MOH - Uganda,North Buganda,Luwero District,Luwero DLG
T4UpllkCrdM,MOH - Uganda,South Buganda,Wakiso District,Wakiso DLG
T54Xozu3cnH,MOH - Uganda,Kampala,Kampala District,Kampala City Council
T5bUS9i95Fm,MOH - Uganda,Kampala,Kampala District,Kampala City Council
T5F1IiOGPQu,MOH - Uganda,Kigezi,Kanungu District,Kanungu DLG
T5RAXrLQCD6,MOH - Uganda,Acholi,Gulu District,Gulu DLG
t5UJ7lyEPo3,MOH - Uganda,Busoga,Jinja District,Jinja DLG
T67pMYV0PWj,MOH - Uganda,North Buganda,Mityana District,Mityana DLG
T6BxuX1px4x,MOH - Uganda,Lango,Lira City,Lira City Council
t6jiPqaeBe2,MOH - Uganda,Ankole,Kiruhura District,Kiruhura DLG
T6nz7PK9u7u,MOH - Uganda,South Buganda,Sembabule District,Sembabule DLG
T72P3ebY53q,MOH - Uganda,Bunyoro,Kiryandongo District,Kiryandongo DLG
t73T90haBPk,MOH - Uganda,South Buganda,Wakiso District,Nansana Municipality
T7E5MVdWwoM,MOH - Uganda,North Buganda,Mukono District,Mukono DLG
t7Kja52wi2f,MOH - Uganda,South Buganda,Lwengo District,Lwengo DLG
t7m1vt8ZdgY,MOH - Uganda,Teso,Soroti District,Soroti DLG
T7p8JwcmMpZ,MOH - Uganda,Kampala,Kampala District,Kampala City Council
T7PmjVjr1lE,MOH - Uganda,South Buganda,Lwengo District,Lwengo DLG
t7PPthb8TTS,MOH - Uganda,Kampala,Kampala District,Kampala City Council
T7PV25xOz2Z,MOH - Uganda,Teso,Kumi District,Kumi Municipality
T7qqtGnsEP7,MOH - Uganda,Kampala,Kampala District,Kampala City Council
t7sCLD2E7gA,MOH - Uganda,Acholi,Lamwo District,Lamwo DLG
T7UcwZlbp1F,MOH - Uganda,South Buganda,Sembabule District,Sembabule DLG
T88viUXcVgf,MOH - Uganda,Busoga,Bugiri District,Bugiri DLG
t8GLkedBia2,MOH - Uganda,South Buganda,Wakiso District,Wakiso DLG
t8qKMFFAO22,MOH - Uganda,Karamoja,Nakapiripirit District,Nakapiripirit DLG
t8rivYmnWIo,MOH - Uganda,West Nile,Nebbi District,Nebbi DLG
T8trCuy4dyE,MOH - Uganda,Kampala,Kampala District,Kampala City Council
t8zaoJYNXPM,MOH - Uganda,Ankole,Buhweju District,Buhweju DLG
T95mL4n17Pw,MOH - Uganda,Lango,Kole District,Kole DLG
t9A485TY5RH,MOH - Uganda,Lango,Apac District,Apac DLG
T9pD1ChPHs3,MOH - Uganda,South Buganda,Lwengo District,Lwengo DLG
t9Qgb0pyNKP,MOH - Uganda,Kampala,Kampala District,Kampala City Council
taeUtmBHKTF,MOH - Uganda,Lango,Oyam District,Oyam DLG
TALbsoHWeb5,MOH - Uganda,North Buganda,Kayunga District,Kayunga DLG
TAljihCTOJH,MOH - Uganda,Kampala,Kampala District,Kampala City Council
taqtXzzxCQm,MOH - Uganda,Lango,Alebtong District,Alebtong DLG
TawGPygknTa,MOH - Uganda,Teso,Serere District,Serere DLG
taydKa2LqsV,MOH - Uganda,Kampala,Kampala District,Kampala City Council
Tb7BdBuiIn8,MOH - Uganda,Busoga,Kamuli District,Kamuli DLG
tBCbL5Q1vKo,MOH - Uganda,Busoga,Bugweri District,Bugweri DLG
TbdxHVOs0zC,MOH - Uganda,Kigezi,Kanungu District,Kanungu DLG
tbeQC8kTgVd,MOH - Uganda,Busoga,Kamuli District,Kamuli DLG
tBEzm3RoKCD,MOH - Uganda,Bunyoro,Kakumiro District,Kakumiro DLG
TBHDGmI9l1n,MOH - Uganda,Kampala,Kampala District,Kampala City Council
tBJsV2sxt1k,MOH - Uganda,Ankole,Ntungamo District,Ntungamo Municipality
tbkjcuNfFyt,MOH - Uganda,Kampala,Kampala District,Kampala City Council
tBl4WduwWRw,MOH - Uganda,South Buganda,Wakiso District,Wakiso DLG
tbLOoJ5HpgT,MOH - Uganda,Acholi,Omoro District,Omoro DLG
tblUABgAaZA,MOH - Uganda,Busoga,Kamuli District,Kamuli DLG
TBnC5sA81bg,MOH - Uganda,Kampala,Kampala District,Kampala City Council
TbNl7tDrBIU,MOH - Uganda,South Buganda,Kyotera District,Kyotera DLG
tbnRIEGuscu,MOH - Uganda,Ankole,Bushenyi District,Bushenyi DLG
TbPxXtyJb0S,MOH - Uganda,North Buganda,Nakasongola District,Nakasongola DLG
TBU0lYlkf4n,MOH - Uganda,Kampala,Kampala District,Kampala City Council
Tbucp2nnkxY,MOH - Uganda,South Buganda,Wakiso District,Makindye Ssabagabo Municipality
tBXP0oW1PIe,MOH - Uganda,North Buganda,Mubende District,Mubende DLG
tcaAIOTzAjy,MOH - Uganda,Busoga,Kaliro District,Kaliro DLG
tcGADB3tQAG,MOH - Uganda,Bugisu,Manafwa District,Manafwa DLG
TCjLjkwPQ8c,MOH - Uganda,Bukedi,Tororo District,Tororo DLG
tCLlbsQjTkn,MOH - Uganda,Kampala,Kampala District,Kampala City Council
TCQjCHoimX3,MOH - Uganda,Kampala,Kampala District,Kampala City Council
tCshx31gQgW,MOH - Uganda,Kampala,Kampala District,Kampala City Council
tCWYzfQQ8e0,MOH - Uganda,West Nile,Yumbe District,Yumbe DLG
tCyqZmtVPLI,MOH - Uganda,West Nile,Terego District,Terego DLG
tdbMP9y1wyF,MOH - Uganda,South Buganda,Wakiso District,Wakiso DLG
TddHX06vKjR,MOH - Uganda,Kampala,Kampala District,Kampala City Council
TDEdS0suFyQ,MOH - Uganda,Acholi,Omoro District,Omoro DLG
tDim0UZGd88,MOH - Uganda,Kampala,Kampala District,Kampala City Council
tDnc44nKr26,MOH - Uganda,North Buganda,Buikwe District,Njeru Municipality
tdWJ67qCYZK,MOH - Uganda,Lango,Dokolo District,Dokolo DLG
tedmE7ZxwSQ,MOH - Uganda,Bukedi,Pallisa District,Pallisa DLG
TEGhWFDGruu,MOH - Uganda,Bunyoro,Buliisa District,Buliisa DLG
TEGq0O1M6Ff,MOH - Uganda,Ankole,Isingiro District,Isingiro DLG
tekQ834oB6I,MOH - Uganda,Kampala,Kampala District,Kampala City Council
TEmxmKVJJPa,MOH - Uganda,Kigezi,Kisoro District,Kisoro DLG
tEnrf2CcZNX,MOH - Uganda,Kigezi,Kabale District,Kabale Municipality
TEw3rzmSHrZ,MOH - Uganda,South Buganda,Lwengo District,Lwengo DLG
tEz9A6zfTvN,MOH - Uganda,Bugisu,Manafwa District,Manafwa DLG
tf4YalWcqZK,MOH - Uganda,Tooro,Kyegegwa District,Kyegegwa DLG
tf5lSUl7OmO,MOH - Uganda,South Buganda,Wakiso District,Entebbe Municipality
TF8Nekqc89W,MOH - Uganda,Acholi,Nwoya District,Nwoya DLG
tFBaZgnfbPK,MOH - Uganda,North Buganda,Mukono District,Mukono Municipality
tfbLioVvAXt,MOH - Uganda,Kampala,Kampala District,Kampala City Council
TFgqyU83B4z,MOH - Uganda,Kampala,Kampala District,Kampala City Council
tFLhnRhIFUp,MOH - Uganda,Tooro,Kyenjojo District,Kyenjojo DLG
tfnU9uSEiPb,MOH - Uganda,Karamoja,Amudat District,Amudat DLG
tFR0RVesj3i,MOH - Uganda,Ankole,Mitooma District,Mitooma DLG
TFZkGWDDyXX,MOH - Uganda,West Nile,Nebbi District,Nebbi DLG
Tg20kzyEYXH,MOH - Uganda,Karamoja,Kaabong District,Kaabong DLG
TG4nYtwDBTr,MOH - Uganda,Lango,Oyam District,Oyam DLG
Tgac9ZZzmhJ,MOH - Uganda,South Buganda,Wakiso District,Makindye Ssabagabo Municipality
tGCoh0Vsdhj,MOH - Uganda,Acholi,Pader District,Pader DLG
tGCtaiozbVm,MOH - Uganda,Kampala,Kampala District,Kampala City Council
TgFtB4qTvsh,MOH - Uganda,Tooro,Kasese District,Kasese DLG
TGO08DZfxK1,MOH - Uganda,Lango,Apac District,Apac DLG
tGo7YRaHpCN,MOH - Uganda,Kampala,Kampala District,Kampala City Council
tgP8YaQIqRU,MOH - Uganda,Kampala,Kampala District,Kampala City Council
TgPaBLZgg0d,MOH - Uganda,Kampala,Kampala District,Kampala City Council
TgunXTmA04M,MOH - Uganda,Kampala,Kampala District,Kampala City Council
tGuQlKqJo5R,MOH - Uganda,Busoga,Jinja District,Jinja DLG
TGVCVSO5NRX,MOH - Uganda,Kampala,Kampala District,Kampala City Council
TgwGzTskCEi,MOH - Uganda,Bukedi,Tororo District,Tororo DLG
Th69WKFWepR,MOH - Uganda,Kigezi,Rukungiri District,Rukungiri DLG
THC1QUnraXF,MOH - Uganda,Karamoja,Moroto District,Moroto DLG
THDijrnovbI,MOH - Uganda,Kampala,Kampala District,Kampala City Council
thfQt8hcpAP,MOH - Uganda,South Buganda,Masaka City,Masaka City Council
THGKB3lHEUx,MOH - Uganda,West Nile,Arua City,Arua City Council
thK2qGR4iAo,MOH - Uganda,Kigezi,Kanungu District,Kanungu DLG
thLFkOYAEEl,MOH - Uganda,Acholi,Pader District,Pader DLG
ThNAIRU2TiF,MOH - Uganda,South Buganda,Wakiso District,Wakiso DLG
tHUpjQaBSgZ,MOH - Uganda,Kampala,Kampala District,Kampala City Council
ThXxupllGxi,MOH - Uganda,Lango,Lira City,Lira City Council
TIJcUNU05Ao,MOH - Uganda,Bunyoro,Kakumiro District,Kakumiro DLG
titT0EtXIe0,MOH - Uganda,Bugisu,Sironko District,Sironko DLG
TIxYNEHQlDb,MOH - Uganda,Kampala,Kampala District,Kampala City Council
TIZY3y423mR,MOH - Uganda,Teso,Soroti City,Soroti City Council
tj6UTFpVkQR,MOH - Uganda,Bunyoro,Kikuube District,Kikuube DLG
Tj9XBHhCMQH,MOH - Uganda,Bukedi,Butaleja District,Butaleja DLG
TjArzfw94wz,MOH - Uganda,Teso,Serere District,Serere DLG
TjEiAVNTIFy,MOH - Uganda,North Buganda,Mityana District,Mityana Municipality
TJESax78KE7,MOH - Uganda,Bunyoro,Hoima District,Hoima DLG
tJgYGOob6F7,MOH - Uganda,Kampala,Kampala District,Kampala City Council
Tjj8mXWAJKN,MOH - Uganda,Busoga,Jinja District,Jinja DLG
TjOqyM8ZMii,MOH - Uganda,Acholi,Amuru District,Amuru DLG
TJpZWawdIEk,MOH - Uganda,Kampala,Kampala District,Kampala City Council
tJVNDcI33wJ,MOH - Uganda,Busoga,Iganga District,Iganga DLG
TjXmalqlISc,MOH - Uganda,South Buganda,Kyotera District,Kyotera DLG
tk3I22UqqC8,MOH - Uganda,Lango,Lira City,Lira City Council
Tk7tMVWOhoh,MOH - Uganda,Kampala,Kampala District,Kampala City Council
tKb5TmG2jQt,MOH - Uganda,Bukedi,Busia District,Busia DLG
tKfAzzZrSC7,MOH - Uganda,North Buganda,Mityana District,Mityana DLG
TkgfXWHv2CD,MOH - Uganda,Bukedi,Pallisa District,Pallisa DLG
TKNtVm6cztc,MOH - Uganda,South Buganda,Wakiso District,Wakiso DLG
TKpSl9J25U1,MOH - Uganda,South Buganda,Wakiso District,Wakiso DLG
TKQovZd5iQI,MOH - Uganda,South Buganda,Kalungu District,Kalungu DLG
tkruzjz0rKl,MOH - Uganda,Lango,Kwania District,Kwania DLG
tl4nhPJTSA0,MOH - Uganda,Busoga,Mayuge District,Mayuge DLG
tLN9WUS83FH,MOH - Uganda,Busoga,Namayingo District,Namayingo DLG
tlQsh4yJwwb,MOH - Uganda,Ankole,Mbarara City,Mbarara City Council
TlxoPDOx1hp,MOH - Uganda,South Buganda,Sembabule District,Sembabule DLG
tm7hFrHSMht,MOH - Uganda,Kampala,Kampala District,Kampala City Council
TmbnvfCp80g,MOH - Uganda,Ankole,Mbarara District,Mbarara DLG
TMe4nF9QP4Q,MOH - Uganda,South Buganda,Wakiso District,Kira Municipality
Tmiq5R2titk,MOH - Uganda,Busoga,Namutumba District,Namutumba DLG
tml3Dn6fonc,MOH - Uganda,Kampala,Kampala District,Kampala City Council
TMMhn1GHMim,MOH - Uganda,South Buganda,Wakiso District,Wakiso DLG
TMPgHUeXvpA,MOH - Uganda,Kampala,Kampala District,Kampala City Council
TmpX83g0ewk,MOH - Uganda,Bugisu,Kapchorwa District,Kapchorwa Municipality
tMXnyuz6ImO,MOH - Uganda,Kigezi,Kabale District,Kabale DLG
TmzJ0R3LTy5,MOH - Uganda,Busoga,Mayuge District,Mayuge DLG
tn5NwckanPR,MOH - Uganda,Tooro,Kyegegwa District,Kyegegwa DLG
TN8jN40Os3d,MOH - Uganda,Kigezi,Kanungu District,Kanungu DLG
tnBn02e8bRU,MOH - Uganda,South Buganda,Rakai District,Rakai DLG
TnfkcaS0B7D,MOH - Uganda,Kampala,Kampala District,Kampala City Council
tNGDmi0mS61,MOH - Uganda,South Buganda,Wakiso District,Wakiso DLG
TNi80hGVjio,MOH - Uganda,North Buganda,Kayunga District,Kayunga DLG
TnIUAczx1Hq,MOH - Uganda,Teso,Bukedea District,Bukedea DLG
tNKFVZxjvQt,MOH - Uganda,Ankole,Bushenyi District,Bushenyi-Ishaka Municipality
TnvJjgILYIg,MOH - Uganda,Tooro,Kasese District,Kasese DLG
TNXeDXDD7Fq,MOH - Uganda,Kampala,Kampala District,Kampala City Council
tNZbbbWZuc9,MOH - Uganda,Kampala,Kampala District,Kampala City Council
tO6R8mwmciu,MOH - Uganda,South Buganda,Wakiso District,Kira Municipality
TodAkAYa6Lm,MOH - Uganda,Kampala,Kampala District,Kampala City Council
tOGJyI7H4TX,MOH - Uganda,Bukedi,Tororo District,Tororo DLG
toGKbXMtRf8,MOH - Uganda,Ankole,Kazo District,Kazo DLG
togwFuxPtSj,MOH - Uganda,Karamoja,Moroto District,Moroto DLG
TOJOvt2T0Kn,MOH - Uganda,South Buganda,Lwengo District,Lwengo DLG
tomEcRAbdhE,MOH - Uganda,Kigezi,Kanungu District,Kanungu DLG
ton8uOhrmJL,MOH - Uganda,South Buganda,Wakiso District,Kira Municipality
tOOBJ1vMcA8,MOH - Uganda,Ankole,Rubirizi District,Rubirizi DLG
tOS4NFR78ex,MOH - Uganda,Busoga,Bugiri District,Bugiri DLG
TosQEmf5YNg,MOH - Uganda,Ankole,Kiruhura District,Kiruhura DLG
TosSVIxz9nl,MOH - Uganda,Ankole,Ntungamo District,Ntungamo DLG
TOwFMUTd1XN,MOH - Uganda,Busoga,Mayuge District,Mayuge DLG
toZuFsGOHas,MOH - Uganda,South Buganda,Masaka City,Masaka City Council
Tp0ku4vgGZJ,MOH - Uganda,Busoga,Jinja City,Jinja City Council
TP6HSyiwLc6,MOH - Uganda,North Buganda,Mukono District,Mukono Municipality
tp8aEj7391V,MOH - Uganda,Ankole,Kazo District,Kazo DLG
TPbpO1shn32,MOH - Uganda,West Nile,Adjumani District,Adjumani DLG
tPcDmrLZ4kS,MOH - Uganda,Kampala,Kampala District,Kampala City Council
TPCKJxe3HRO,MOH - Uganda,Ankole,Sheema District,Sheema Municipality
TpdkJmlUm2j,MOH - Uganda,Kampala,Kampala District,Kampala City Council
TpH5i79H6ZJ,MOH - Uganda,Tooro,Kyenjojo District,Kyenjojo DLG
TpHgruzLzyd,MOH - Uganda,Ankole,Mbarara District,Mbarara DLG
tPiPaWz3TIK,MOH - Uganda,South Buganda,Gomba District,Gomba DLG
tpIyT18ybqD,MOH - Uganda,Teso,Bukedea District,Bukedea DLG
tPjvE8nStxH,MOH - Uganda,Bukedi,Busia District,Busia DLG
tpplojWOLjk,MOH - Uganda,South Buganda,Wakiso District,Wakiso DLG
TprwaIzgqTB,MOH - Uganda,Kampala,Kampala District,Kampala City Council
TPYBZM29orC,MOH - Uganda,Kampala,Kampala District,Kampala City Council
tq4pwbESl0I,MOH - Uganda,Kampala,Kampala District,Kampala City Council
TQgMGZdPRqg,MOH - Uganda,South Buganda,Wakiso District,Wakiso DLG
tqKvua1F3MU,MOH - Uganda,Kampala,Kampala District,Kampala City Council
TquhVTQP7DF,MOH - Uganda,South Buganda,Wakiso District,Kira Municipality
TqyR7LbraHG,MOH - Uganda,Kampala,Kampala District,Kampala City Council
Tr0uDZDf3dh,MOH - Uganda,Kampala,Kampala District,Kampala City Council
tr29cH4DqlQ,MOH - Uganda,Tooro,Bunyangabu District,Bunyangabu DLG
Tr50PChPdLJ,MOH - Uganda,Busoga,Jinja City,Jinja City Council
tR6T1FslkZe,MOH - Uganda,Acholi,Pader District,Pader DLG
Tr9SwdDaZNB,MOH - Uganda,South Buganda,Wakiso District,Wakiso DLG
tRbyyywlP9x,MOH - Uganda,North Buganda,Buikwe District,Njeru Municipality
trcWcmIJAiP,MOH - Uganda,Kampala,Kampala District,Kampala City Council
tRdCfEVO4fL,MOH - Uganda,Kampala,Kampala District,Kampala City Council
TRn2nv6UTWb,MOH - Uganda,Kigezi,Rukungiri District,Rukungiri Municipality
TROMT6DVKEl,MOH - Uganda,Bunyoro,Kikuube District,Kikuube DLG
tRp6KcZwgQr,MOH - Uganda,North Buganda,Mubende District,Mubende DLG
TrtPFP1HrDb,MOH - Uganda,Kigezi,Kabale District,Kabale DLG
TrwFZhU2ntF,MOH - Uganda,West Nile,Nebbi District,Nebbi DLG
trwzJXF46Hh,MOH - Uganda,South Buganda,Wakiso District,Nansana Municipality
tS7W7E9zJq3,MOH - Uganda,Tooro,Ntoroko District,Ntoroko DLG
TsDWptFDnmn,MOH - Uganda,Kigezi,Rukiga District,Rukiga DLG
TsELcr5sajj,MOH - Uganda,Kigezi,Rukungiri District,Rukungiri DLG
TsKZ9EDq8sg,MOH - Uganda,Kampala,Kampala District,Kampala City Council
tSL5FQJjlkg,MOH - Uganda,Bukedi,Pallisa District,Pallisa DLG
tsmtxxZNaws,MOH - Uganda,Bugisu,Kapchorwa District,Kapchorwa Municipality
TsRbYJTL3bk,MOH - Uganda,Kigezi,Rukiga District,Rukiga DLG
TsxLM5KhLIC,MOH - Uganda,Kampala,Kampala District,Kampala City Council
TSYQk88VWVI,MOH - Uganda,Tooro,Fort Portal City,Fort Portal City Council
TT5OLqtl15M,MOH - Uganda,Bukedi,Tororo District,Tororo Municipality
Tt66GOrfQA0,MOH - Uganda,Kigezi,Kabale District,Kabale Municipality
tt7mcqAylU0,MOH - Uganda,Kampala,Kampala District,Kampala City Council
tt7ZEjFbvFO,MOH - Uganda,South Buganda,Wakiso District,Nansana Municipality
TT8I4Fy4d5r,MOH - Uganda,Kampala,Kampala District,Kampala City Council
ttcMJ7FNnU0,MOH - Uganda,South Buganda,Wakiso District,Entebbe Municipality
TTIgbcijnJz,MOH - Uganda,Acholi,Agago District,Agago DLG
TtPRr5VZ421,MOH - Uganda,South Buganda,Wakiso District,Wakiso DLG
TTv4Hs2akAa,MOH - Uganda,South Buganda,Butambala District,Butambala DLG
TTWscca1VOu,MOH - Uganda,Teso,Ngora District,Ngora DLG
TTxb0snZcXk,MOH - Uganda,Ankole,Buhweju District,Buhweju DLG
TtzxqIzhWfs,MOH - Uganda,South Buganda,Wakiso District,Makindye Ssabagabo Municipality
TU0V0BpQIpB,MOH - Uganda,Kigezi,Rukungiri District,Rukungiri DLG
tu2fs4o46bb,MOH - Uganda,Kampala,Kampala District,Kampala City Council
tUeo3S6DbC6,MOH - Uganda,Kampala,Kampala District,Kampala City Council
tuH7Lpxs6z9,MOH - Uganda,Bugisu,Kapchorwa District,Kapchorwa DLG
Tujdv27pLc6,MOH - Uganda,Acholi,Omoro District,Omoro DLG
tUk7nhwPUHD,MOH - Uganda,Bunyoro,Kibaale District,Kibaale DLG
TUpocM5FOR9,MOH - Uganda,Kampala,Kampala District,Kampala City Council
tUSdsiSGBrf,MOH - Uganda,Kampala,Kampala District,Kampala City Council
TUvoY8j1BIC,MOH - Uganda,Lango,Oyam District,Oyam DLG
TuVXnyGrchc,MOH - Uganda,Kampala,Kampala District,Kampala City Council
tuYjF238GTf,MOH - Uganda,West Nile,Zombo District,Zombo DLG
TUZEbDzl3gG,MOH - Uganda,South Buganda,Wakiso District,Wakiso DLG
TV4m5ykT0G0,MOH - Uganda,South Buganda,Wakiso District,Makindye Ssabagabo Municipality
tv8qMylVqWx,MOH - Uganda,Tooro,Bundibugyo District,Bundibugyo DLG
TV8Xe9qg9jX,MOH - Uganda,West Nile,Yumbe District,Yumbe DLG
Tvayfd3cIU2,MOH - Uganda,Acholi,Amuru District,Amuru DLG
tvBHeHr19vb,MOH - Uganda,Acholi,Nwoya District,Nwoya DLG
tveIo3aztWc,MOH - Uganda,Kampala,Kampala District,Kampala City Council
TvGat2B2STB,MOH - Uganda,Kampala,Kampala District,Kampala City Council
tViSdSGUcZ3,MOH - Uganda,South Buganda,Masaka City,Masaka City Council
tvK88QMkdAA,MOH - Uganda,Kampala,Kampala District,Kampala City Council
tvKjvN8d4rR,MOH - Uganda,Acholi,Lamwo District,Lamwo DLG
tVKSOi872XV,MOH - Uganda,Kampala,Kampala District,Kampala City Council
tvvgSv0Or3n,MOH - Uganda,Kampala,Kampala District,Kampala City Council
tvw7mudvx3r,MOH - Uganda,Lango,Kwania District,Kwania DLG
tW4Pp6ngDrJ,MOH - Uganda,Kigezi,Rukungiri District,Rukungiri DLG
tw7g2aShrXi,MOH - Uganda,South Buganda,Gomba District,Gomba DLG
Tw9RbMc2Z3d,MOH - Uganda,Kampala,Kampala District,Kampala City Council
TWE2cCEkVnt,MOH - Uganda,Bukedi,Tororo District,Tororo DLG
tWf9pMbl9VP,MOH - Uganda,West Nile,Arua City,Arua City Council
twhZX5lqQqe,MOH - Uganda,Tooro,Ntoroko District,Ntoroko DLG
twLLRoXrJK4,MOH - Uganda,South Buganda,Wakiso District,Nansana Municipality
twrpv5nljoj,MOH - Uganda,North Buganda,Mukono District,Mukono DLG
TwZ0KmmR1od,MOH - Uganda,Bugisu,Bulambuli District,Bulambuli DLG
Tx5FyPUZlLM,MOH - Uganda,South Buganda,Rakai District,Rakai DLG
tX9av6uDVox,MOH - Uganda,South Buganda,Wakiso District,Wakiso DLG
TxcbN10jbh4,MOH - Uganda,South Buganda,Wakiso District,Kira Municipality
txcjTxewsdC,MOH - Uganda,Busoga,Bugiri District,Bugiri DLG
txg2NyXpr9D,MOH - Uganda,Lango,Lira City,Lira City Council
txKvpnoo0Xd,MOH - Uganda,West Nile,Pakwach District,Pakwach DLG
tXLKwMGpx7q,MOH - Uganda,North Buganda,Mukono District,Mukono DLG
Txul6e5mI5M,MOH - Uganda,Bukedi,Tororo District,Tororo DLG
TXw7G3pIJE0,MOH - Uganda,South Buganda,Wakiso District,Entebbe Municipality
UiR7DTzn09N,MOH - Uganda,Ankole,Mbarara District,Mbarara DLG
Ty5rQ9SG6WZ,MOH - Uganda,Tooro,Bunyangabu District,Bunyangabu DLG
TYC4xgc3ieF,MOH - Uganda,North Buganda,Buikwe District,Buikwe DLG
tYeqWpugDwu,MOH - Uganda,Kigezi,Kanungu District,Kanungu DLG
tYGGVujczn9,MOH - Uganda,Ankole,Mbarara City,Mbarara City Council
tygjL7jdMkp,MOH - Uganda,North Buganda,Kayunga District,Kayunga DLG
tyGyvITbfSC,MOH - Uganda,Kampala,Kampala District,Kampala City Council
TyKT6vonFoB,MOH - Uganda,Karamoja,Napak District,Napak DLG
tYLr3NaItjW,MOH - Uganda,Bugisu,Bulambuli District,Bulambuli DLG
tYPKoJnvJPx,MOH - Uganda,Ankole,Ntungamo District,Ntungamo DLG
TyvdqSflKcw,MOH - Uganda,Kampala,Kampala District,Kampala City Council
Tyxrv2J0s0m,MOH - Uganda,Karamoja,Abim District,Abim DLG
tZ2r1YHQh04,MOH - Uganda,Bugisu,Namisindwa District,Namisindwa DLG
tZ3koXe3d9L,MOH - Uganda,Kampala,Kampala District,Kampala City Council
tzbq8eah54I,MOH - Uganda,Kampala,Kampala District,Kampala City Council
TZcWnlYP5wf,MOH - Uganda,Bugisu,Namisindwa District,Namisindwa DLG
tzDjx0GWRWT,MOH - Uganda,Kampala,Kampala District,Kampala City Council
tZKvonnHN1M,MOH - Uganda,Kampala,Kampala District,Kampala City Council
tZPlBHYaoU9,MOH - Uganda,South Buganda,Wakiso District,Nansana Municipality
TztycccnCbq,MOH - Uganda,South Buganda,Wakiso District,Nansana Municipality
tZX3IqSxAr1,MOH - Uganda,Bugisu,Mbale District,Mbale DLG
tzZ0FM6FfpR,MOH - Uganda,Teso,Soroti City,Soroti City Council
tZzClYOiYQf,MOH - Uganda,Kampala,Kampala District,Kampala City Council
U01vJnjDz0V,MOH - Uganda,Ankole,Ntungamo District,Ntungamo DLG
u07WxpOOqef,MOH - Uganda,West Nile,Pakwach District,Pakwach DLG
U0CtuoBtv9x,MOH - Uganda,Bukedi,Tororo District,Tororo DLG
u0Q3mQUCQi0,MOH - Uganda,Kampala,Kampala District,Kampala City Council
u0ZXCHvbs0W,MOH - Uganda,South Buganda,Sembabule District,Sembabule DLG
u16ZU15t0aX,MOH - Uganda,Bukedi,Budaka District,Budaka DLG
U1aETxtSI4A,MOH - Uganda,Karamoja,Karenga District,Karenga DLG
U1bdMKyCHSn,MOH - Uganda,Bugisu,Mbale City,Mbale City Council
U1cSxRxK2WV,MOH - Uganda,Kampala,Kampala District,Kampala City Council
U1fOxLshY05,MOH - Uganda,Kampala,Kampala District,Kampala City Council
u1g3yNFvntj,MOH - Uganda,Kampala,Kampala District,Kampala City Council
U1ijnXGUuGE,MOH - Uganda,Acholi,Lamwo District,Lamwo DLG
u1jvpTRlPjb,MOH - Uganda,Teso,Soroti City,Soroti City Council
u1LlmHMP7hW,MOH - Uganda,Bunyoro,Masindi District,Masindi DLG
U1okA3lgPHL,MOH - Uganda,North Buganda,Luwero District,Luwero DLG
u1Y1cSwEywm,MOH - Uganda,Kampala,Kampala District,Kampala City Council
U2eMZDTbCJx,MOH - Uganda,Kampala,Kampala District,Kampala City Council
U2iprp1G39M,MOH - Uganda,Ankole,Ntungamo District,Ntungamo DLG
u3JBwviodwN,MOH - Uganda,Acholi,Nwoya District,Nwoya DLG
U3l2JViDMjx,MOH - Uganda,Kampala,Kampala District,Kampala City Council
U3mTlziiq3m,MOH - Uganda,South Buganda,Lyantonde District,Lyantonde DLG
u3MxwaDrNHg,MOH - Uganda,North Buganda,Mukono District,Mukono Municipality
u3SLVGPpWI8,MOH - Uganda,South Buganda,Wakiso District,Makindye Ssabagabo Municipality
U49ngvYZPae,MOH - Uganda,Kampala,Kampala District,Kampala City Council
U4Eo8tv4jOM,MOH - Uganda,Kampala,Kampala District,Kampala City Council
U4PSDjSLsi2,MOH - Uganda,North Buganda,Buikwe District,Buikwe DLG
U4vOxDZ0Xav,MOH - Uganda,Kampala,Kampala District,Kampala City Council
U4VqFHT72Eu,MOH - Uganda,Tooro,Bundibugyo District,Bundibugyo DLG
U4XL5jXfjTk,MOH - Uganda,South Buganda,Rakai District,Rakai DLG
u5cD5xv4ZiM,MOH - Uganda,Kampala,Kampala District,Kampala City Council
u5jXNGfi96o,MOH - Uganda,Busoga,Mayuge District,Mayuge DLG
u5jzPgyvDwT,MOH - Uganda,Bunyoro,Kakumiro District,Kakumiro DLG
u5RZ36WcsNN,MOH - Uganda,Acholi,Nwoya District,Nwoya DLG
U5TE1ItzA0v,MOH - Uganda,South Buganda,Butambala District,Butambala DLG
U66jLYBFyRb,MOH - Uganda,Ankole,Rwampara District,Rwampara DLG
u6ANzFKldLf,MOH - Uganda,South Buganda,Kalungu District,Kalungu DLG
u6kQ2H9VMm3,MOH - Uganda,Kampala,Kampala District,Kampala City Council
u772aqCHn0K,MOH - Uganda,South Buganda,Wakiso District,Makindye Ssabagabo Municipality
U7bVIR5Teiu,MOH - Uganda,Acholi,Omoro District,Omoro DLG
U7EJdvmBZpv,MOH - Uganda,Tooro,Kyenjojo District,Kyenjojo DLG
U7EsMSb275z,MOH - Uganda,Kampala,Kampala District,Kampala City Council
u7JAnlZqo5D,MOH - Uganda,Acholi,Amuru District,Amuru DLG
U7UU0JHiN8g,MOH - Uganda,Kampala,Kampala District,Kampala City Council
U8Ku7OYw68w,MOH - Uganda,Kampala,Kampala District,Kampala City Council
u8rvsjp3qg0,MOH - Uganda,Kampala,Kampala District,Kampala City Council
U8WdWkADf6C,MOH - Uganda,Ankole,Rubirizi District,Rubirizi DLG
u8Zs7ya0k9o,MOH - Uganda,Busoga,Kamuli District,Kamuli DLG
U96HiItNahB,MOH - Uganda,South Buganda,Wakiso District,Kira Municipality
u9ESrcugDMJ,MOH - Uganda,Bunyoro,Masindi District,Masindi DLG
UA0ME31VAAB,MOH - Uganda,South Buganda,Lwengo District,Lwengo DLG
Ua5eFpNLzNw,MOH - Uganda,Kampala,Kampala District,Kampala City Council
uabmhhONOgQ,MOH - Uganda,Busoga,Iganga District,Iganga Municipality
UaeXqnkVFAp,MOH - Uganda,Kampala,Kampala District,Kampala City Council
UaHms89ouiw,MOH - Uganda,Kampala,Kampala District,Kampala City Council
uanScVOf8RN,MOH - Uganda,Kampala,Kampala District,Kampala City Council
UaXRxjLJJ6m,MOH - Uganda,North Buganda,Kassanda District,Kassanda DLG
uAxurqxWYAe,MOH - Uganda,Tooro,Kasese District,Kasese DLG
UB2nATshMQ0,MOH - Uganda,Busoga,Iganga District,Iganga DLG
UBG8saZjHeQ,MOH - Uganda,Kampala,Kampala District,Kampala City Council
UbUqRLD1RnZ,MOH - Uganda,South Buganda,Kyotera District,Kyotera DLG
UBVFS5BQ6Jx,MOH - Uganda,West Nile,Adjumani District,Adjumani DLG
ubW4E9HsKKB,MOH - Uganda,West Nile,Maracha District,Maracha DLG
uC5LD77rKQ9,MOH - Uganda,South Buganda,Lyantonde District,Lyantonde DLG
uCbdfXDN1zW,MOH - Uganda,Busoga,Kamuli District,Kamuli DLG
uCcgUMeeQ4n,MOH - Uganda,North Buganda,Mubende District,Mubende DLG
ucCstVsrgBo,MOH - Uganda,Kampala,Kampala District,Kampala City Council
UCe1oCdRuEA,MOH - Uganda,Karamoja,Nakapiripirit District,Nakapiripirit DLG
UCEys95c3P2,MOH - Uganda,Lango,Lira City,Lira City Council
uCgZBjyEEmp,MOH - Uganda,North Buganda,Luwero District,Luwero DLG
UCnkQuXLYIr,MOH - Uganda,South Buganda,Wakiso District,Kira Municipality
UcQDd8Iq9Ij,MOH - Uganda,Kampala,Kampala District,Kampala City Council
ucuVKnNXEhV,MOH - Uganda,West Nile,Zombo District,Zombo DLG
UD1BUpcjYtc,MOH - Uganda,Busoga,Kamuli District,Kamuli DLG
ud2hTW3qC8c,MOH - Uganda,North Buganda,Nakaseke District,Nakaseke DLG
udCPHdcVeb7,MOH - Uganda,Bukedi,Butaleja District,Butaleja DLG
uDg5l6Vu5lK,MOH - Uganda,Kampala,Kampala District,Kampala City Council
UDIcZADBS92,MOH - Uganda,Acholi,Amuru District,Amuru DLG
UdkpzjDtHXu,MOH - Uganda,Teso,Kalaki District,Kalaki DLG
UDmQNAw74oH,MOH - Uganda,Busoga,Luuka District,Luuka DLG
udO6aACQBMt,MOH - Uganda,South Buganda,Lwengo District,Lwengo DLG
uDSFrOfKQmE,MOH - Uganda,Ankole,Ntungamo District,Ntungamo DLG
UdwbvvdzVVQ,MOH - Uganda,Karamoja,Amudat District,Amudat DLG
UdXdTv83cgl,MOH - Uganda,Lango,Kwania District,Kwania DLG
udyIvAUWRfi,MOH - Uganda,North Buganda,Kiboga District,Kiboga DLG
uedWK8hnc7v,MOH - Uganda,Kampala,Kampala District,Kampala City Council
UEKVlvKXJAC,MOH - Uganda,Ankole,Ntungamo District,Ntungamo DLG
UEm3pzzWPXM,MOH - Uganda,Kampala,Kampala District,Kampala City Council
uENCXRMDzpG,MOH - Uganda,South Buganda,Kalangala District,Kalangala DLG
uEUAoZHJzu0,MOH - Uganda,Ankole,Isingiro District,Isingiro DLG
UEVOLIT1crh,MOH - Uganda,Bukedi,Butaleja District,Butaleja DLG
UEXH0mUR7v7,MOH - Uganda,North Buganda,Mukono District,Mukono DLG
UF0AZkzeYOC,MOH - Uganda,Acholi,Pader District,Pader DLG
UF3lSV33Cw6,MOH - Uganda,North Buganda,Mukono District,Mukono DLG
UFktNmysy5b,MOH - Uganda,Kigezi,Kisoro District,Kisoro DLG
UfyI6Dcu3BJ,MOH - Uganda,South Buganda,Wakiso District,Wakiso DLG
UFzmWkxGuTS,MOH - Uganda,South Buganda,Wakiso District,Makindye Ssabagabo Municipality
uG3jOgD66py,MOH - Uganda,North Buganda,Mukono District,Mukono DLG
uG6WV4UKNaB,MOH - Uganda,Acholi,Nwoya District,Nwoya DLG
Ug8m4dtpeYZ,MOH - Uganda,Karamoja,Abim District,Abim DLG
UgEB1XnGMf7,MOH - Uganda,South Buganda,Wakiso District,Wakiso DLG
UGeQEBwyWhV,MOH - Uganda,Ankole,Ntungamo District,Ntungamo DLG
UgFNeACHCnT,MOH - Uganda,Kigezi,Kabale District,Kabale DLG
uGfXrLtYv7J,MOH - Uganda,Acholi,Omoro District,Omoro DLG
ugIH9LpLCT7,MOH - Uganda,Kampala,Kampala District,Kampala City Council
UGjedCIZzfR,MOH - Uganda,Kampala,Kampala District,Kampala City Council
UGK52UyS58y,MOH - Uganda,Kampala,Kampala District,Kampala City Council
ugnjzqAtG2K,MOH - Uganda,Bunyoro,Kakumiro District,Kakumiro DLG
UgqKAVxjbex,MOH - Uganda,Acholi,Gulu District,Gulu DLG
ugRUoAaYD6f,MOH - Uganda,Kampala,Kampala District,Kampala City Council
ugsgPNTWhhQ,MOH - Uganda,Kampala,Kampala District,Kampala City Council
UH56sJpuPoN,MOH - Uganda,Acholi,Gulu District,Gulu DLG
UhCMUEIx3V9,MOH - Uganda,Karamoja,Napak District,Napak DLG
UhINB8KRfCv,MOH - Uganda,Kampala,Kampala District,Kampala City Council
UhJgr2Abb0p,MOH - Uganda,Teso,Soroti City,Soroti City Council
uhK5lYkfbvk,MOH - Uganda,Acholi,Lamwo District,Lamwo DLG
uHlLx9NSZiR,MOH - Uganda,Kampala,Kampala District,Kampala City Council
UHlQWaIlqvU,MOH - Uganda,Busoga,Bugiri District,Bugiri DLG
uhniq3yZlCE,MOH - Uganda,North Buganda,Mubende District,Mubende DLG
UHpADuPw9qs,MOH - Uganda,West Nile,Terego District,Terego DLG
UhQMDsDfW85,MOH - Uganda,Busoga,Kamuli District,Kamuli DLG
UHr4bPnSWEM,MOH - Uganda,Kampala,Kampala District,Kampala City Council
UHStBbuYePI,MOH - Uganda,South Buganda,Wakiso District,Makindye Ssabagabo Municipality
ui2ThQW07Up,MOH - Uganda,Kampala,Kampala District,Kampala City Council
UIdMewJ4AXD,MOH - Uganda,South Buganda,Wakiso District,Kira Municipality
UIDSqN2qYLI,MOH - Uganda,North Buganda,Luwero District,Luwero DLG
UiGav1NitiR,MOH - Uganda,Teso,Amuria District,Amuria DLG
UIhutvdIhqU,MOH - Uganda,Lango,Kole District,Kole DLG
uiiH4IURTuT,MOH - Uganda,Tooro,Kasese District,Kasese DLG
uiIUQsgVTAj,MOH - Uganda,Bugisu,Namisindwa District,Namisindwa DLG
UiIWH5UA7vu,MOH - Uganda,Kampala,Kampala District,Kampala City Council
uijXWY3ImLP,MOH - Uganda,Kigezi,Rukiga District,Rukiga DLG
uiLzeURGsDn,MOH - Uganda,Tooro,Fort Portal City,Fort Portal City Council
uiQvlGx46V6,MOH - Uganda,Kampala,Kampala District,Kampala City Council
uIRMv32o9U6,MOH - Uganda,Kampala,Kampala District,Kampala City Council
uIRn3j4IZdi,MOH - Uganda,West Nile,Adjumani District,Adjumani DLG
UITshGQRrFw,MOH - Uganda,North Buganda,Kayunga District,Kayunga DLG
uIyvgXNXHmG,MOH - Uganda,Tooro,Kasese District,Kasese DLG
UJ0t5BYVpBM,MOH - Uganda,Acholi,Amuru District,Amuru DLG
uJ1REOEo7FP,MOH - Uganda,Kampala,Kampala District,Kampala City Council
UJ8Zc47Gx7W,MOH - Uganda,Bunyoro,Masindi District,Masindi DLG
uja4Tx4IR8w,MOH - Uganda,Busoga,Mayuge District,Mayuge DLG
UjBIv3oF9PN,MOH - Uganda,South Buganda,Bukomansimbi District,Bukomansimbi DLG
UJCOxPECEO7,MOH - Uganda,Busoga,Luuka District,Luuka DLG
UJDvAUr77FP,MOH - Uganda,Kampala,Kampala District,Kampala City Council
UJeBuAmnnuk,MOH - Uganda,Karamoja,Moroto District,Moroto Municipality
UjFfuEtJHTJ,MOH - Uganda,North Buganda,Luwero District,Luwero DLG
UJJPDoh3skp,MOH - Uganda,Teso,Serere District,Serere DLG
UJLTn9Z9EsX,MOH - Uganda,Kampala,Kampala District,Kampala City Council
UjMKFe4MIGj,MOH - Uganda,Lango,Dokolo District,Dokolo DLG
UjpKmijwPjr,MOH - Uganda,South Buganda,Rakai District,Rakai DLG
uJsMZskR0yC,MOH - Uganda,West Nile,Yumbe District,Yumbe DLG
UjzNIbYwQ7x,MOH - Uganda,North Buganda,Mukono District,Mukono DLG
UkAhDd9JpYl,MOH - Uganda,South Buganda,Wakiso District,Wakiso DLG
UKe7pmLlG6e,MOH - Uganda,South Buganda,Wakiso District,Entebbe Municipality
UKEd2TNk2wU,MOH - Uganda,Kampala,Kampala District,Kampala City Council
UkGJSgdIoqH,MOH - Uganda,West Nile,Arua City,Arua City Council
ukLsWKO5SNd,MOH - Uganda,South Buganda,Masaka District,Masaka DLG
UKqcb3iiwQ6,MOH - Uganda,Ankole,Rwampara District,Rwampara DLG
ukQgL4w1YFj,MOH - Uganda,South Buganda,Wakiso District,Nansana Municipality
UkqWwUFawLY,MOH - Uganda,Busoga,Bugweri District,Bugweri DLG
ukRUiG27sJH,MOH - Uganda,Kampala,Kampala District,Kampala City Council
UKShRNUHBZR,MOH - Uganda,North Buganda,Mukono District,Mukono DLG
UKtDfoLr3rj,MOH - Uganda,Lango,Lira City,Lira City Council
UKwlyClQ3AR,MOH - Uganda,Kigezi,Rukungiri District,Rukungiri DLG
UKx3LcUsiuz,MOH - Uganda,Ankole,Sheema District,Sheema DLG
uL6fnXhxxaN,MOH - Uganda,Kampala,Kampala District,Kampala City Council
ulATjcYo55p,MOH - Uganda,South Buganda,Wakiso District,Nansana Municipality
uLBT1C3Dhkh,MOH - Uganda,South Buganda,Rakai District,Rakai DLG
Uld8OK9I6em,MOH - Uganda,South Buganda,Masaka City,Masaka City Council
ulDAVXJxs1W,MOH - Uganda,Acholi,Pader District,Pader DLG
uLEnTqc6NoI,MOH - Uganda,Ankole,Sheema District,Sheema Municipality
ULt9AvxTgCZ,MOH - Uganda,Kampala,Kampala District,Kampala City Council
uLvkmVm0Mxj,MOH - Uganda,Kampala,Kampala District,Kampala City Council
ULxokAFLmD2,MOH - Uganda,Bukedi,Pallisa District,Pallisa DLG
ulySYf4TNaX,MOH - Uganda,West Nile,Adjumani District,Adjumani DLG
ULzK22O6n0E,MOH - Uganda,Kigezi,Rukungiri District,Rukungiri DLG
Um6HizA4RHO,MOH - Uganda,Bunyoro,Kikuube District,Kikuube DLG
UM89r9fnGi3,MOH - Uganda,West Nile,Maracha District,Maracha DLG
UMeiyZqnUaS,MOH - Uganda,Bukedi,Budaka District,Budaka DLG
uMfcDfwxWR7,MOH - Uganda,Teso,Katakwi District,Katakwi DLG
UMFeO5h1QMQ,MOH - Uganda,Kigezi,Rukiga District,Rukiga DLG
umnNuFWx2MR,MOH - Uganda,South Buganda,Wakiso District,Wakiso DLG
UmqWwNRre9a,MOH - Uganda,Kampala,Kampala District,Kampala City Council
UMtqIRI0zt7,MOH - Uganda,Karamoja,Kotido District,Kotido DLG
UmwZEj9yMEL,MOH - Uganda,Kampala,Kampala District,Kampala City Council
uMYaMAjYHRz,MOH - Uganda,Bunyoro,Kibaale District,Kibaale DLG
UMYvXcVFsCs,MOH - Uganda,Kampala,Kampala District,Kampala City Council
UmZdQJ8467Z,MOH - Uganda,Ankole,Mbarara City,Mbarara City Council
UMzvOsVEnNH,MOH - Uganda,Teso,Kaberamaido District,Kaberamaido DLG
uN0D1antiJI,MOH - Uganda,South Buganda,Bukomansimbi District,Bukomansimbi DLG
UN3lcl5OAuc,MOH - Uganda,North Buganda,Kayunga District,Kayunga DLG
uN5b8CDfZxZ,MOH - Uganda,Busoga,Jinja City,Jinja City Council
uNeAgPDqNxT,MOH - Uganda,Busoga,Mayuge District,Mayuge DLG
UNFFbN2I5sE,MOH - Uganda,South Buganda,Sembabule District,Sembabule DLG
UnfVUsFtgRQ,MOH - Uganda,Kigezi,Rubanda District,Rubanda DLG
Unpl3hI2D59,MOH - Uganda,Bunyoro,Buliisa District,Buliisa DLG
UNTbY4fTURQ,MOH - Uganda,South Buganda,Wakiso District,Makindye Ssabagabo Municipality
Uo8eU7Qrx0v,MOH - Uganda,Ankole,Ntungamo District,Ntungamo DLG
UoFAab7MNAo,MOH - Uganda,Ankole,Bushenyi District,Bushenyi-Ishaka Municipality
uOMzRaUbGoG,MOH - Uganda,Kigezi,Rukungiri District,Rukungiri DLG
uoOrITIaKEJ,MOH - Uganda,Ankole,Mbarara City,Mbarara City Council
uOR8JASVFHX,MOH - Uganda,South Buganda,Masaka City,Masaka City Council
UoTCmaqyS7Z,MOH - Uganda,Kampala,Kampala District,Kampala City Council
uOXWUBFHxDS,MOH - Uganda,North Buganda,Mukono District,Mukono DLG
uoXxE0GAS1z,MOH - Uganda,Kampala,Kampala District,Kampala City Council
up5JN6a54eW,MOH - Uganda,Kigezi,Kanungu District,Kanungu DLG
uP5VFTPFNUN,MOH - Uganda,Karamoja,Kaabong District,Kaabong DLG
uP6aB3kBOdH,MOH - Uganda,Tooro,Kasese District,Kasese Municipality
uPAnapLaFYh,MOH - Uganda,Busoga,Kamuli District,Kamuli DLG
upJ4ORiIFxs,MOH - Uganda,Busoga,Luuka District,Luuka DLG
UpsMHd05IVC,MOH - Uganda,South Buganda,Lyantonde District,Lyantonde DLG
UPSV6y2j0B0,MOH - Uganda,North Buganda,Mukono District,Mukono DLG
UpumtCGZcN0,MOH - Uganda,Acholi,Gulu City,Gulu City Council
Uq2Nja5pPAI,MOH - Uganda,Kampala,Kampala District,Kampala City Council
uqCJV33AgrW,MOH - Uganda,Kampala,Kampala District,Kampala City Council
UqemBuI2hXm,MOH - Uganda,Bugisu,Bukwo District,Bukwo DLG
UqgV734bbwY,MOH - Uganda,South Buganda,Rakai District,Rakai DLG
uqk1XgbxpCg,MOH - Uganda,West Nile,Maracha District,Maracha DLG
UQKvb926FKp,MOH - Uganda,Kigezi,Kanungu District,Kanungu DLG
uQNLZmOuZjL,MOH - Uganda,Bunyoro,Kakumiro District,Kakumiro DLG
uQv04QaavNU,MOH - Uganda,Lango,Lira City,Lira City Council
uR2pjJIMiTl,MOH - Uganda,Busoga,Namayingo District,Namayingo DLG
UR7F5sFNDQO,MOH - Uganda,Karamoja,Kaabong District,Kaabong DLG
urBh5Re3GoK,MOH - Uganda,Kampala,Kampala District,Kampala City Council
uReDkwfzwtr,MOH - Uganda,North Buganda,Luwero District,Luwero DLG
urgl3LzkV6U,MOH - Uganda,South Buganda,Sembabule District,Sembabule DLG
URiJPxAQMt2,MOH - Uganda,South Buganda,Wakiso District,Makindye Ssabagabo Municipality
URltmopJOMa,MOH - Uganda,Busoga,Kaliro District,Kaliro DLG
URmGWanfgpn,MOH - Uganda,West Nile,Koboko District,Koboko DLG
URQ1AXcEsSP,MOH - Uganda,South Buganda,Wakiso District,Nansana Municipality
urrPQsumgl7,MOH - Uganda,Ankole,Ntungamo District,Ntungamo Municipality
uRsI9Vg9qoM,MOH - Uganda,Lango,Kole District,Kole DLG
uRttwFAFBFZ,MOH - Uganda,Kampala,Kampala District,Kampala City Council
urYnz5sBSLD,MOH - Uganda,Kampala,Kampala District,Kampala City Council
uRzFsC6osk8,MOH - Uganda,Teso,Katakwi District,Katakwi DLG
uS3JEto2Edj,MOH - Uganda,Kampala,Kampala District,Kampala City Council
us6xYm2wlnO,MOH - Uganda,Kampala,Kampala District,Kampala City Council
uS9uJESJ1P3,MOH - Uganda,North Buganda,Mukono District,Mukono Municipality
uSCgapCVZJv,MOH - Uganda,North Buganda,Buikwe District,Lugazi Municipality
usd4FQttAvy,MOH - Uganda,Teso,Katakwi District,Katakwi DLG
USHCZLjbvxf,MOH - Uganda,Busoga,Namutumba District,Namutumba DLG
UshPWo8oKzc,MOH - Uganda,Tooro,Kasese District,Kasese DLG
Uskirm2nsw7,MOH - Uganda,Kampala,Kampala District,Kampala City Council
usltfRLyl3z,MOH - Uganda,Kampala,Kampala District,Kampala City Council
Usn4fnm0ol6,MOH - Uganda,South Buganda,Wakiso District,Entebbe Municipality
USWKUPzsxnQ,MOH - Uganda,Ankole,Ibanda District,Ibanda Municipality
UTC3IbJUl4K,MOH - Uganda,West Nile,Adjumani District,Adjumani DLG
UTcf3vkubN9,MOH - Uganda,South Buganda,Wakiso District,Wakiso DLG
UTFnHPJ5egY,MOH - Uganda,South Buganda,Wakiso District,Entebbe Municipality
uTkySNCx3j2,MOH - Uganda,Kigezi,Kanungu District,Kanungu DLG
utmoczE8xxn,MOH - Uganda,Kampala,Kampala District,Kampala City Council
Utvk66aLQ9U,MOH - Uganda,Kampala,Kampala District,Kampala City Council
Uu40YoS0Mvr,MOH - Uganda,Acholi,Omoro District,Omoro DLG
uuaG8VA8ECk,MOH - Uganda,North Buganda,Buikwe District,Njeru Municipality
uUC8Kx2nZTd,MOH - Uganda,Ankole,Sheema District,Sheema DLG
UUhkoouCE1l,MOH - Uganda,Kampala,Kampala District,Kampala City Council
UUInZdNQWNq,MOH - Uganda,South Buganda,Wakiso District,Wakiso DLG
UUkjbBlFXgQ,MOH - Uganda,Kampala,Kampala District,Kampala City Council
uuLehTDwCMC,MOH - Uganda,Kampala,Kampala District,Kampala City Council
uUljtbyxiPO,MOH - Uganda,Busoga,Kamuli District,Kamuli DLG
uuLycQQZP1I,MOH - Uganda,Bunyoro,Hoima City,Hoima City Council
UUp7kJLuyG6,MOH - Uganda,Ankole,Isingiro District,Isingiro DLG
UUt3ZtL1hIJ,MOH - Uganda,Acholi,Pader District,Pader DLG
uUv7f3M0T7Y,MOH - Uganda,Teso,Serere District,Serere DLG
UUw0XSNRQqu,MOH - Uganda,Tooro,Kasese District,Kasese DLG
UUxtPvznkZX,MOH - Uganda,Acholi,Omoro District,Omoro DLG
UvCRwIxtDoV,MOH - Uganda,Kampala,Kampala District,Kampala City Council
UVksojNRibt,MOH - Uganda,South Buganda,Wakiso District,Wakiso DLG
uvkvtGeKJWS,MOH - Uganda,Kampala,Kampala District,Kampala City Council
uvMoPeBVDdo,MOH - Uganda,Ankole,Isingiro District,Isingiro DLG
uvpaXFjH0JU,MOH - Uganda,Kigezi,Kanungu District,Kanungu DLG
uvQNzU0MIKG,MOH - Uganda,Kampala,Kampala District,Kampala City Council
uVzb26lWq53,MOH - Uganda,West Nile,Maracha District,Maracha DLG
uw6cL0Wrx8k,MOH - Uganda,Lango,Lira District,Lira DLG
uWAfhrmtwrv,MOH - Uganda,Kampala,Kampala District,Kampala City Council
UweCy3072B5,MOH - Uganda,Bunyoro,Buliisa District,Buliisa DLG
uweQZg0JVlZ,MOH - Uganda,Ankole,Ibanda District,Ibanda DLG
uWfgYguSPvy,MOH - Uganda,North Buganda,Kiboga District,Kiboga DLG
UWGEublptUq,MOH - Uganda,Tooro,Kasese District,Kasese DLG
uwIGysNI69s,MOH - Uganda,Karamoja,Kaabong District,Kaabong DLG
uWKLW5M4HdU,MOH - Uganda,Kampala,Kampala District,Kampala City Council
uWNqP5eslWZ,MOH - Uganda,West Nile,Obongi District,Obongi DLG
UWPodERSmLS,MOH - Uganda,Bunyoro,Hoima District,Hoima DLG
uWwO5CRBG61,MOH - Uganda,South Buganda,Wakiso District,Nansana Municipality
uwXTH0M0m4p,MOH - Uganda,Ankole,Mbarara District,Mbarara DLG
UX5j31I7jpP,MOH - Uganda,Bugisu,Sironko District,Sironko DLG
UXBLaAm2dc4,MOH - Uganda,Tooro,Kasese District,Kasese DLG
uXEUtUujD3H,MOH - Uganda,South Buganda,Wakiso District,Wakiso DLG
uxfIJxyhHYT,MOH - Uganda,Ankole,Mbarara City,Mbarara City Council
uXgyniUkd0D,MOH - Uganda,Bunyoro,Kakumiro District,Kakumiro DLG
uXjmJ85M3yr,MOH - Uganda,Bunyoro,Hoima District,Hoima DLG
uXKebLP04ii,MOH - Uganda,Kampala,Kampala District,Kampala City Council
uxOQ8aiwSFp,MOH - Uganda,South Buganda,Wakiso District,Kira Municipality
UXT0P7XefiI,MOH - Uganda,Kigezi,Rukungiri District,Rukungiri DLG
uxV110Fc7jo,MOH - Uganda,Bukedi,Busia District,Busia DLG
uXVDL70pKQo,MOH - Uganda,South Buganda,Wakiso District,Nansana Municipality
UY8E5aF9Afj,MOH - Uganda,Kampala,Kampala District,Kampala City Council
UY9Ig6Dn12j,MOH - Uganda,Busoga,Namutumba District,Namutumba DLG
UYaX8GC650E,MOH - Uganda,Tooro,Kyegegwa District,Kyegegwa DLG
uyC3Q5q3ZpK,MOH - Uganda,Kampala,Kampala District,Kampala City Council
UYH1MU9iHfL,MOH - Uganda,Tooro,Kamwenge District,Kamwenge DLG
UYmlNJzKbed,MOH - Uganda,South Buganda,Kalungu District,Kalungu DLG
uySyeC1smNP,MOH - Uganda,Kampala,Kampala District,Kampala City Council
uyWHBDNJ3QC,MOH - Uganda,Lango,Oyam District,Oyam DLG
UYWZjSrracT,MOH - Uganda,Bugisu,Kapchorwa District,Kapchorwa DLG
UYXvWcrn9vy,MOH - Uganda,Kampala,Kampala District,Kampala City Council
Uz37x7nsPZq,MOH - Uganda,Kigezi,Kabale District,Kabale DLG
uZ8tbaDbmB3,MOH - Uganda,Busoga,Iganga District,Iganga DLG
uZbjvt36X6V,MOH - Uganda,Kampala,Kampala District,Kampala City Council
UZJTw6iZkVI,MOH - Uganda,Kampala,Kampala District,Kampala City Council
UzktdjDR9QA,MOH - Uganda,Kigezi,Kisoro District,Kisoro DLG
uzQnq2eOgnd,MOH - Uganda,Kampala,Kampala District,Kampala City Council
UZSPJdQFkvD,MOH - Uganda,Busoga,Bugweri District,Bugweri DLG
uZT6h3cOG5y,MOH - Uganda,Kampala,Kampala District,Kampala City Council
UZYxp87I4oX,MOH - Uganda,Acholi,Amuru District,Amuru DLG
v19MRLoaChf,MOH - Uganda,Tooro,Kabarole District,Kabarole DLG
v1CGz0UUI4x,MOH - Uganda,Tooro,Fort Portal City,Fort Portal City Council
V1efirRaxqJ,MOH - Uganda,Bugisu,Sironko District,Sironko DLG
V1elCZIHIcR,MOH - Uganda,Kampala,Kampala District,Kampala City Council
V1fvK74234o,MOH - Uganda,Bukedi,Tororo District,Tororo DLG
v1htXlYpiCL,MOH - Uganda,Lango,Apac District,Apac Municipality
v23JT7WqKCP,MOH - Uganda,Lango,Lira City,Lira City Council
v23nG2svku1,MOH - Uganda,Kampala,Kampala District,Kampala City Council
V27Y8nNYfSH,MOH - Uganda,Kigezi,Rukiga District,Rukiga DLG
V2d2qoBtsAU,MOH - Uganda,Kampala,Kampala District,Kampala City Council
v2D7MOcsVge,MOH - Uganda,Kampala,Kampala District,Kampala City Council
v2Te8EQtsqf,MOH - Uganda,North Buganda,Mityana District,Mityana Municipality
v2tWEdWlFN8,MOH - Uganda,West Nile,Terego District,Terego DLG
V2x1UIpO46L,MOH - Uganda,Bugisu,Mbale City,Mbale City Council
v2XOGwTwMGe,MOH - Uganda,Busoga,Bugiri District,Bugiri DLG
V2ylFCAVj0U,MOH - Uganda,Bunyoro,Hoima City,Hoima City Council
V31WN3Bh6cT,MOH - Uganda,Kigezi,Kabale District,Kabale Municipality
v39jIK57FPH,MOH - Uganda,Kampala,Kampala District,Kampala City Council
V3DWnyXBHSN,MOH - Uganda,Kampala,Kampala District,Kampala City Council
v3EDZsaEsb0,MOH - Uganda,Kampala,Kampala District,Kampala City Council
V3hh0VVwTjB,MOH - Uganda,Kampala,Kampala District,Kampala City Council
V3hPwIbHatb,MOH - Uganda,Kampala,Kampala District,Kampala City Council
V3MblSOicMQ,MOH - Uganda,West Nile,Zombo District,Zombo DLG
v3o2Btd8dsv,MOH - Uganda,Ankole,Kazo District,Kazo DLG
v3OUxM4c3Cu,MOH - Uganda,Kampala,Kampala District,Kampala City Council
V3oWlkpBLx1,MOH - Uganda,Tooro,Kasese District,Kasese DLG
v3S6pvqS63U,MOH - Uganda,Acholi,Kitgum District,Kitgum Municipality
V3tE4k6mED1,MOH - Uganda,Acholi,Lamwo District,Lamwo DLG
V48KRzk0lIY,MOH - Uganda,Kampala,Kampala District,Kampala City Council
v4NjiPmvRQw,MOH - Uganda,Kampala,Kampala District,Kampala City Council
v4wAfNYm0gn,MOH - Uganda,Kampala,Kampala District,Kampala City Council
v4Zgul4VlRC,MOH - Uganda,Teso,Soroti District,Soroti DLG
V5CR7N037vu,MOH - Uganda,Kampala,Kampala District,Kampala City Council
V5l3C1YQlLa,MOH - Uganda,Kigezi,Kisoro District,Kisoro DLG
v5lh2VHSAYz,MOH - Uganda,West Nile,Koboko District,Koboko Municipality
V5qahSuK9sC,MOH - Uganda,Kampala,Kampala District,Kampala City Council
V5s2f18WoNf,MOH - Uganda,Kigezi,Rubanda District,Rubanda DLG
V5V0JDSbfo5,MOH - Uganda,Bukedi,Butebo District,Butebo DLG
v6DcAuQeoeA,MOH - Uganda,West Nile,Terego District,Terego DLG
v6eIpzse4SO,MOH - Uganda,Acholi,Kitgum District,Kitgum Municipality
v6j1bfJMsQu,MOH - Uganda,Lango,Oyam District,Oyam DLG
v6KdyypBQBB,MOH - Uganda,South Buganda,Butambala District,Butambala DLG
V6m1VNTJl3D,MOH - Uganda,Kampala,Kampala District,Kampala City Council
V6ZPXCtZShs,MOH - Uganda,Kampala,Kampala District,Kampala City Council
V71JbP3gQ1F,MOH - Uganda,Tooro,Kabarole District,Kabarole DLG
v772ONpDE2s,MOH - Uganda,South Buganda,Wakiso District,Nansana Municipality
V7fbzGI10qW,MOH - Uganda,North Buganda,Nakaseke District,Nakaseke DLG
v7kUy7sDbrn,MOH - Uganda,Busoga,Jinja District,Jinja DLG
V7Q5TYWeY0O,MOH - Uganda,Kampala,Kampala District,Kampala City Council
v7vSvHb7QUU,MOH - Uganda,Bunyoro,Kagadi District,Kagadi DLG
V82U3uA6Zbp,MOH - Uganda,Ankole,Kiruhura District,Kiruhura DLG
v82VMVlARo3,MOH - Uganda,Kampala,Kampala District,Kampala City Council
v8kDID3gFdg,MOH - Uganda,Ankole,Mitooma District,Mitooma DLG
v8Mkcr89mhj,MOH - Uganda,South Buganda,Wakiso District,Kira Municipality
V8OdiScWoBe,MOH - Uganda,Teso,Katakwi District,Katakwi DLG
V8su3RPXsiK,MOH - Uganda,West Nile,Adjumani District,Adjumani DLG
V957meEqpDu,MOH - Uganda,South Buganda,Wakiso District,Kira Municipality
V9CNIO7nWDB,MOH - Uganda,Kigezi,Kabale District,Kabale DLG
V9M19hCZxeV,MOH - Uganda,South Buganda,Wakiso District,Nansana Municipality
v9p3jFvYYtP,MOH - Uganda,Bugisu,Mbale City,Mbale City Council
V9sblzzswJW,MOH - Uganda,Bukedi,Butaleja District,Butaleja DLG
V9XTvkr5Vr2,MOH - Uganda,Bugisu,Manafwa District,Manafwa DLG
va10Q2xw6aP,MOH - Uganda,Kigezi,Rubanda District,Rubanda DLG
vA1hYI0OEFl,MOH - Uganda,Ankole,Ntungamo District,Ntungamo DLG
va7uRTbKCoJ,MOH - Uganda,North Buganda,Luwero District,Luwero DLG
vADDVPkl23t,MOH - Uganda,Kampala,Kampala District,Kampala City Council
vAHw7DRR38D,MOH - Uganda,Bugisu,Mbale City,Mbale City Council
vAJSlVqO7d5,MOH - Uganda,Karamoja,Kotido District,Kotido Municipality
vaNMmgaScuW,MOH - Uganda,Bugisu,Mbale District,Mbale DLG
vAoHVT1GpzW,MOH - Uganda,Kampala,Kampala District,Kampala City Council
vaTYhAo5v67,MOH - Uganda,Busoga,Jinja City,Jinja City Council
VazeWhjGi80,MOH - Uganda,West Nile,Adjumani District,Adjumani DLG
vb6L8SkLnK6,MOH - Uganda,South Buganda,Wakiso District,Kira Municipality
VB6z6SmiL33,MOH - Uganda,Bugisu,Namisindwa District,Namisindwa DLG
VbAbdDmvZxx,MOH - Uganda,South Buganda,Wakiso District,Wakiso DLG
VBjI4Hefwrl,MOH - Uganda,Tooro,Kyegegwa District,Kyegegwa DLG
VboJZXGJBI9,MOH - Uganda,Bugisu,Bulambuli District,Bulambuli DLG
vBPpCZG3gKu,MOH - Uganda,Kampala,Kampala District,Kampala City Council
vbqYR19aqUK,MOH - Uganda,Lango,Kwania District,Kwania DLG
vBZebypYflA,MOH - Uganda,Kampala,Kampala District,Kampala City Council
VC2fACKfA1t,MOH - Uganda,Bunyoro,Kakumiro District,Kakumiro DLG
Vc52QmdPT1X,MOH - Uganda,Acholi,Gulu City,Gulu City Council
VC8mMNDQFJ8,MOH - Uganda,South Buganda,Rakai District,Rakai DLG
vcEChvBtxAs,MOH - Uganda,Bunyoro,Kakumiro District,Kakumiro DLG
VCIAE5Bta3H,MOH - Uganda,South Buganda,Bukomansimbi District,Bukomansimbi DLG
VcjLLyHE0Up,MOH - Uganda,South Buganda,Lyantonde District,Lyantonde DLG
Vcm6CgzPxe3,MOH - Uganda,Bunyoro,Kagadi District,Kagadi DLG
VCnDVtwbiSQ,MOH - Uganda,Bugisu,Bududa District,Bududa DLG
vcoYEN4R8gu,MOH - Uganda,Lango,Kole District,Kole DLG
VcpnJYBfXrX,MOH - Uganda,Kampala,Kampala District,Kampala City Council
vCvkE6AkaJM,MOH - Uganda,Ankole,Kazo District,Kazo DLG
VCwniB3nDWm,MOH - Uganda,South Buganda,Wakiso District,Wakiso DLG
VcyhnL8C9oI,MOH - Uganda,Kampala,Kampala District,Kampala City Council
vCYQZNTHjQY,MOH - Uganda,Kampala,Kampala District,Kampala City Council
VCZvyMMtuNQ,MOH - Uganda,North Buganda,Buikwe District,Njeru Municipality
vd5evk3r4Yt,MOH - Uganda,Lango,Apac District,Apac Municipality
VdaCJASzDIR,MOH - Uganda,North Buganda,Nakaseke District,Nakaseke DLG
VDGaiwcOKCn,MOH - Uganda,Kampala,Kampala District,Kampala City Council
vDgKm6DxfXD,MOH - Uganda,Busoga,Kamuli District,Kamuli DLG
vDmdUfmWS3J,MOH - Uganda,North Buganda,Buvuma District,Buvuma DLG
Vdrd1FtUOrc,MOH - Uganda,Teso,Katakwi District,Katakwi DLG
VdSMFKnHeyT,MOH - Uganda,Acholi,Amuru District,Amuru DLG
VDUop9kcxx2,MOH - Uganda,Bunyoro,Buliisa District,Buliisa DLG
Vdv0Ft4RZpP,MOH - Uganda,North Buganda,Kayunga District,Kayunga DLG
vE0r0Y7IRnL,MOH - Uganda,Tooro,Kasese District,Kasese DLG
ve5j2Ed30wv,MOH - Uganda,Kigezi,Rukungiri District,Rukungiri DLG
VEc0XL8e8Sa,MOH - Uganda,Teso,Kaberamaido District,Kaberamaido DLG
VEGsSkr0kny,MOH - Uganda,Kampala,Kampala District,Kampala City Council
vEIx65iYrBk,MOH - Uganda,Bukedi,Tororo District,Tororo Municipality
VEkXeO5QL47,MOH - Uganda,North Buganda,Mukono District,Mukono Municipality
VeLWYyVm43q,MOH - Uganda,Ankole,Rubirizi District,Rubirizi DLG
VES7ks4zElA,MOH - Uganda,Kigezi,Kanungu District,Kanungu DLG
VfbMdAuMdT5,MOH - Uganda,North Buganda,Mubende District,Mubende DLG
VfEbyOSdWqx,MOH - Uganda,South Buganda,Wakiso District,Entebbe Municipality
vFeIJU8Xwoy,MOH - Uganda,Busoga,Jinja City,Jinja City Council
vFo5oNkc7Nn,MOH - Uganda,West Nile,Zombo District,Zombo DLG
VfwPWMZiQqM,MOH - Uganda,Kampala,Kampala District,Kampala City Council
VfXzOU9ExvV,MOH - Uganda,Kampala,Kampala District,Kampala City Council
VFy5xbPCzU3,MOH - Uganda,South Buganda,Mpigi District,Mpigi DLG
vG2hsijYK2H,MOH - Uganda,Kampala,Kampala District,Kampala City Council
vG9vHElwinj,MOH - Uganda,North Buganda,Mubende District,Mubende Municipality
vGB5z2UnueH,MOH - Uganda,Bukedi,Kibuku District,Kibuku DLG
vGfESA2e84N,MOH - Uganda,Kampala,Kampala District,Kampala City Council
vGFHvU2m9uE,MOH - Uganda,Teso,Katakwi District,Katakwi DLG
vghfEcZPew0,MOH - Uganda,Kampala,Kampala District,Kampala City Council
vGHlrDMSEZg,MOH - Uganda,Bugisu,Manafwa District,Manafwa DLG
vGnepKVWbcP,MOH - Uganda,Kigezi,Rukungiri District,Rukungiri DLG
vGOQOgreErW,MOH - Uganda,Kampala,Kampala District,Kampala City Council
VGQoNrPWxFI,MOH - Uganda,Acholi,Kitgum District,Kitgum DLG
vgRXnM3VETo,MOH - Uganda,Bunyoro,Kibaale District,Kibaale DLG
vGTsuEbYi1H,MOH - Uganda,Lango,Amolatar District,Amolatar DLG
vGXAkvsUyUg,MOH - Uganda,Kampala,Kampala District,Kampala City Council
vGZ0e3IGMny,MOH - Uganda,Busoga,Namayingo District,Namayingo DLG
VgzHGoiHv9C,MOH - Uganda,Kampala,Kampala District,Kampala City Council
VH671ZJVZVB,MOH - Uganda,Busoga,Bugiri District,Bugiri DLG
vh8cOiWZOv9,MOH - Uganda,North Buganda,Kassanda District,Kassanda DLG
vHA846LIw7n,MOH - Uganda,South Buganda,Rakai District,Rakai DLG
VHA8sLMGFZd,MOH - Uganda,Teso,Katakwi District,Katakwi DLG
vHdz34TAaT3,MOH - Uganda,Bunyoro,Hoima District,Hoima DLG
VhiHB4BXa6l,MOH - Uganda,South Buganda,Wakiso District,Makindye Ssabagabo Municipality
VhmTaRQFWzt,MOH - Uganda,Ankole,Bushenyi District,Bushenyi DLG
VhofFpidxI7,MOH - Uganda,Tooro,Kabarole District,Kabarole DLG
VhOO7DL9Y39,MOH - Uganda,South Buganda,Lwengo District,Lwengo DLG
vhqSTH4VsL4,MOH - Uganda,Tooro,Bundibugyo District,Bundibugyo DLG
VHssBVWOVqQ,MOH - Uganda,West Nile,Adjumani District,Adjumani DLG
Vi0m9N00vBp,MOH - Uganda,North Buganda,Kyankwanzi District,Kyankwanzi DLG
Vi3ibjRtMzU,MOH - Uganda,South Buganda,Mpigi District,Mpigi DLG
VIc8JeSzMdA,MOH - Uganda,Kigezi,Kabale District,Kabale DLG
Vid96qkKt35,MOH - Uganda,Kampala,Kampala District,Kampala City Council
viI2eijxcIi,MOH - Uganda,North Buganda,Mukono District,Mukono DLG
VIlUH9L6U0c,MOH - Uganda,Kampala,Kampala District,Kampala City Council
vIRqBsPtb6c,MOH - Uganda,Busoga,Kaliro District,Kaliro DLG
VITKN2sZcxn,MOH - Uganda,Kampala,Kampala District,Kampala City Council
vIUVTyUbPrH,MOH - Uganda,Kampala,Kampala District,Kampala City Council
ViVCNsxZYF4,MOH - Uganda,Tooro,Kasese District,Kasese DLG
viVXbPYG94Q,MOH - Uganda,Kampala,Kampala District,Kampala City Council
vIy4B3pJmaQ,MOH - Uganda,North Buganda,Kyankwanzi District,Kyankwanzi DLG
vJ60kObyiWo,MOH - Uganda,Kigezi,Kisoro District,Kisoro Municipality
VjATSr6ORUE,MOH - Uganda,Kampala,Kampala District,Kampala City Council
VjGJ82dLvzu,MOH - Uganda,Bukedi,Butaleja District,Butaleja DLG
VjS81vlrRhe,MOH - Uganda,South Buganda,Wakiso District,Wakiso DLG
Vk1tyyib3un,MOH - Uganda,South Buganda,Wakiso District,Nansana Municipality
vK5YnANfuWd,MOH - Uganda,Lango,Lira District,Lira DLG
Vk97ZCCRqHI,MOH - Uganda,Lango,Kwania District,Kwania DLG
vkGD2Qs9ej0,MOH - Uganda,Karamoja,Nakapiripirit District,Nakapiripirit DLG
VKMZNUlFW5T,MOH - Uganda,Kampala,Kampala District,Kampala City Council
VkNdAzkYGjh,MOH - Uganda,Tooro,Bundibugyo District,Bundibugyo DLG
vkpREtlXQxQ,MOH - Uganda,South Buganda,Mpigi District,Mpigi DLG
VKtgNboWvmA,MOH - Uganda,Busoga,Mayuge District,Mayuge DLG
VKVvWnRxfat,MOH - Uganda,Kampala,Kampala District,Kampala City Council
vL7Z8HqDMJ4,MOH - Uganda,Kampala,Kampala District,Kampala City Council
vLAcz6G3NjH,MOH - Uganda,Kampala,Kampala District,Kampala City Council
vLBLyQLmtcI,MOH - Uganda,North Buganda,Kayunga District,Kayunga DLG
VLclxVcJh5v,MOH - Uganda,North Buganda,Mubende District,Mubende Municipality
VLi163AL9A0,MOH - Uganda,Acholi,Lamwo District,Lamwo DLG
VlILd7Lgy0r,MOH - Uganda,Kigezi,Kabale District,Kabale DLG
VlljNDTZKFl,MOH - Uganda,Bugisu,Bulambuli District,Bulambuli DLG
vLNVCTPuU1u,MOH - Uganda,Kampala,Kampala District,Kampala City Council
VlojVmPSkab,MOH - Uganda,North Buganda,Mityana District,Mityana Municipality
vlT9KH5yTwL,MOH - Uganda,South Buganda,Lyantonde District,Lyantonde DLG
vM7d3ZWWl42,MOH - Uganda,South Buganda,Kalangala District,Kalangala DLG
vMG2Fnz1S0T,MOH - Uganda,South Buganda,Mpigi District,Mpigi DLG
vMhkS3v6kT1,MOH - Uganda,Ankole,Rubirizi District,Rubirizi DLG
vMjkLg2FyFG,MOH - Uganda,Kampala,Kampala District,Kampala City Council
VMmUNIUtFpE,MOH - Uganda,North Buganda,Kassanda District,Kassanda DLG
vMQGeSzMGKq,MOH - Uganda,South Buganda,Lwengo District,Lwengo DLG
vMRbGggbVms,MOH - Uganda,North Buganda,Luwero District,Luwero DLG
VMsqPYJjOpq,MOH - Uganda,Ankole,Isingiro District,Isingiro DLG
vMU5N0h4OhY,MOH - Uganda,Kampala,Kampala District,Kampala City Council
VmXrZR2cOUI,MOH - Uganda,Bugisu,Bulambuli District,Bulambuli DLG
vMZGn8cKSB9,MOH - Uganda,South Buganda,Wakiso District,Kira Municipality
vmZZzuiGPS1,MOH - Uganda,South Buganda,Kalungu District,Kalungu DLG
VN4lS8pgxP9,MOH - Uganda,Bugisu,Kween District,Kween DLG
VnB99XLWlfO,MOH - Uganda,Tooro,Bunyangabu District,Bunyangabu DLG
VnhBJmvXQLh,MOH - Uganda,Kampala,Kampala District,Kampala City Council
vnIPfEUR8ce,MOH - Uganda,Acholi,Amuru District,Amuru DLG
vnJWBdzr6Q8,MOH - Uganda,Kampala,Kampala District,Kampala City Council
vnn6BH40Z06,MOH - Uganda,Kampala,Kampala District,Kampala City Council
VNnrhdnpSHA,MOH - Uganda,Ankole,Mitooma District,Mitooma DLG
VnVUipl6JxR,MOH - Uganda,Kampala,Kampala District,Kampala City Council
VO2fWcsuUZe,MOH - Uganda,Kigezi,Rukiga District,Rukiga DLG
vo2wNKBJlyM,MOH - Uganda,North Buganda,Mukono District,Mukono Municipality
Vo9Zh79E6OP,MOH - Uganda,Kigezi,Rukiga District,Rukiga DLG
VoavNkAmG59,MOH - Uganda,South Buganda,Sembabule District,Sembabule DLG
VOB2uTrIMvs,MOH - Uganda,South Buganda,Bukomansimbi District,Bukomansimbi DLG
VOCTQo2VfWF,MOH - Uganda,North Buganda,Kayunga District,Kayunga DLG
VoF2pNk5Xoe,MOH - Uganda,Kampala,Kampala District,Kampala City Council
voJbyaP4rnX,MOH - Uganda,Kampala,Kampala District,Kampala City Council
VomjjgKAFjr,MOH - Uganda,Acholi,Amuru District,Amuru DLG
voN01aTS5rU,MOH - Uganda,South Buganda,Kyotera District,Kyotera DLG
vooemYxEgd7,MOH - Uganda,Kampala,Kampala District,Kampala City Council
VotCuLFg0Oh,MOH - Uganda,South Buganda,Wakiso District,Nansana Municipality
vowCslztd8H,MOH - Uganda,West Nile,Koboko District,Koboko Municipality
voWz3UP6m6W,MOH - Uganda,Kampala,Kampala District,Kampala City Council
voXubZYt5UT,MOH - Uganda,Kampala,Kampala District,Kampala City Council
VozlK2vP74Z,MOH - Uganda,Kampala,Kampala District,Kampala City Council
Vp2cfAQGNso,MOH - Uganda,South Buganda,Wakiso District,Wakiso DLG
VP7U4YcD16g,MOH - Uganda,Acholi,Nwoya District,Nwoya DLG
vPEWJadbn9s,MOH - Uganda,Bukedi,Tororo District,Tororo DLG
VpPU5Bhp3Nj,MOH - Uganda,Tooro,Kasese District,Kasese Municipality
VpUx8ILzAVu,MOH - Uganda,South Buganda,Wakiso District,Wakiso DLG
vQadMvAo4V5,MOH - Uganda,South Buganda,Wakiso District,Kira Municipality
VQEzkkbWHar,MOH - Uganda,South Buganda,Wakiso District,Wakiso DLG
vqGAEqnNOKa,MOH - Uganda,Ankole,Isingiro District,Isingiro DLG
VqgGPnWdXph,MOH - Uganda,North Buganda,Mityana District,Mityana DLG
VQlQ4IXDdFm,MOH - Uganda,South Buganda,Masaka District,Masaka DLG
vQMNtz05zAJ,MOH - Uganda,Ankole,Ntungamo District,Ntungamo DLG
vQnCilUme6q,MOH - Uganda,Kampala,Kampala District,Kampala City Council
VqqQ72EHluD,MOH - Uganda,Teso,Kumi District,Kumi DLG
VQqzXN2zkM8,MOH - Uganda,Tooro,Kamwenge District,Kamwenge DLG
VQWekIHP4qP,MOH - Uganda,Tooro,Fort Portal City,Fort Portal City Council
VQZMi99oeXr,MOH - Uganda,Teso,Soroti City,Soroti City Council
vR1NTVCPAox,MOH - Uganda,Lango,Kole District,Kole DLG
Vr4JZWtsFr4,MOH - Uganda,Ankole,Ntungamo District,Ntungamo Municipality
vrcXdDnZebF,MOH - Uganda,South Buganda,Lyantonde District,Lyantonde DLG
vREOCcnP8RN,MOH - Uganda,North Buganda,Mukono District,Mukono DLG
vrGLB32cp8S,MOH - Uganda,Kigezi,Rukungiri District,Rukungiri DLG
VRHxDWP2vlF,MOH - Uganda,North Buganda,Mityana District,Mityana Municipality
vrkOwpFBduq,MOH - Uganda,Bukedi,Busia District,Busia DLG
vRmyhOf725p,MOH - Uganda,South Buganda,Lwengo District,Lwengo DLG
vrriSyhPENT,MOH - Uganda,Kigezi,Kabale District,Kabale DLG
vrtsBgFPjG7,MOH - Uganda,Busoga,Bugweri District,Bugweri DLG
vRuSmYiqAwZ,MOH - Uganda,Acholi,Pader District,Pader DLG
VrwsJVs8Jay,MOH - Uganda,Kigezi,Kisoro District,Kisoro DLG
VS7cFD2dUfK,MOH - Uganda,Kampala,Kampala District,Kampala City Council
VSDTCc2of9f,MOH - Uganda,Kampala,Kampala District,Kampala City Council
VSGCAKuW01y,MOH - Uganda,North Buganda,Mukono District,Mukono DLG
VSgDumKLZ2r,MOH - Uganda,Kampala,Kampala District,Kampala City Council
VShK9NlDa9S,MOH - Uganda,Kampala,Kampala District,Kampala City Council
vsoB1rx1uIA,MOH - Uganda,Kampala,Kampala District,Kampala City Council
vSPwh0RCueD,MOH - Uganda,North Buganda,Kassanda District,Kassanda DLG
VSs4W0QAMS1,MOH - Uganda,Ankole,Rwampara District,Rwampara DLG
vsu4ND4ja3E,MOH - Uganda,Bunyoro,Kagadi District,Kagadi DLG
Vt2bFbM98hZ,MOH - Uganda,Kampala,Kampala District,Kampala City Council
vt2z3wXqBGE,MOH - Uganda,Lango,Kole District,Kole DLG
vTAEegA8o6s,MOH - Uganda,Bunyoro,Hoima City,Hoima City Council
VtB2GXQ4ysb,MOH - Uganda,Kampala,Kampala District,Kampala City Council
VtFZ2vvEZWM,MOH - Uganda,Kampala,Kampala District,Kampala City Council
VTKCm7yEjdZ,MOH - Uganda,Kampala,Kampala District,Kampala City Council
VTki8kgpnbt,MOH - Uganda,Busoga,Luuka District,Luuka DLG
vTqB8UrtjVT,MOH - Uganda,Kampala,Kampala District,Kampala City Council
VTtJWHsoAKY,MOH - Uganda,North Buganda,Kayunga District,Kayunga DLG
VtxxpZdgCSy,MOH - Uganda,North Buganda,Nakaseke District,Nakaseke DLG
VU38mHWPYKo,MOH - Uganda,South Buganda,Wakiso District,Nansana Municipality
VU5qzudfrYL,MOH - Uganda,Kampala,Kampala District,Kampala City Council
VUB4COm63ZQ,MOH - Uganda,West Nile,Terego District,Terego DLG
vULcvu1i8di,MOH - Uganda,Bunyoro,Kikuube District,Kikuube DLG
VUmBPzyyuRr,MOH - Uganda,South Buganda,Lyantonde District,Lyantonde DLG
VUMNcrrgGUz,MOH - Uganda,Kampala,Kampala District,Kampala City Council
VUSmhvc2BCb,MOH - Uganda,Tooro,Kasese District,Kasese DLG
VUtfiabYBXJ,MOH - Uganda,Bunyoro,Kibaale District,Kibaale DLG
VUVY3G8UPvZ,MOH - Uganda,Kampala,Kampala District,Kampala City Council
VV5c8F4HVjw,MOH - Uganda,Ankole,Bushenyi District,Bushenyi DLG
vV6yESKTC26,MOH - Uganda,Busoga,Namutumba District,Namutumba DLG
vV7C6Z6nEbZ,MOH - Uganda,South Buganda,Wakiso District,Wakiso DLG
vVAPsW383hO,MOH - Uganda,South Buganda,Wakiso District,Kira Municipality
vvb5iPrS8Ou,MOH - Uganda,Lango,Apac District,Apac DLG
VVbwWm0QRao,MOH - Uganda,North Buganda,Buikwe District,Njeru Municipality
VVGxBCCP2jE,MOH - Uganda,Teso,Amuria District,Amuria DLG
VvGZi1LcYyP,MOH - Uganda,Ankole,Rubirizi District,Rubirizi DLG
VVH02Jd6M7Q,MOH - Uganda,Kampala,Kampala District,Kampala City Council
vVSLD2W0m65,MOH - Uganda,South Buganda,Wakiso District,Wakiso DLG
VVtn6yxIz5D,MOH - Uganda,Karamoja,Abim District,Abim DLG
vWa2iHi6OIH,MOH - Uganda,Kampala,Kampala District,Kampala City Council
vwA6dkN8RHb,MOH - Uganda,Bukedi,Busia District,Busia DLG
vWBwg3QH66P,MOH - Uganda,Busoga,Jinja City,Jinja City Council
vwEDmVZJ23F,MOH - Uganda,Tooro,Kasese District,Kasese DLG
VwhIbQPCmIZ,MOH - Uganda,Kampala,Kampala District,Kampala City Council
VWMa7XFtHFc,MOH - Uganda,Bukedi,Tororo District,Tororo DLG
VWQL8uhCRH4,MOH - Uganda,North Buganda,Buikwe District,Lugazi Municipality
VWrdPPDI0XP,MOH - Uganda,Tooro,Fort Portal City,Fort Portal City Council
vwu6GMD9Bcv,MOH - Uganda,Teso,Kaberamaido District,Kaberamaido DLG
VWvuBXMqBwm,MOH - Uganda,North Buganda,Mukono District,Mukono DLG
vX6kcAwvaS0,MOH - Uganda,South Buganda,Masaka City,Masaka City Council
vxakzmtxnPv,MOH - Uganda,Karamoja,Kotido District,Kotido DLG
VXekYBmNnTe,MOH - Uganda,North Buganda,Luwero District,Luwero DLG
vxetMic6GCb,MOH - Uganda,Bukedi,Kibuku District,Kibuku DLG
vxHd19e7H0T,MOH - Uganda,Kampala,Kampala District,Kampala City Council
vxjzQzSBRVl,MOH - Uganda,Kampala,Kampala District,Kampala City Council
vXlnJIdin7f,MOH - Uganda,Karamoja,Abim District,Abim DLG
vXnibkm1WXQ,MOH - Uganda,Bunyoro,Kibaale District,Kibaale DLG
vXRJlq6NVP7,MOH - Uganda,South Buganda,Kyotera District,Kyotera DLG
vXtbJakJHmF,MOH - Uganda,Ankole,Mbarara District,Mbarara DLG
VXtT7kHBfnD,MOH - Uganda,Kigezi,Rukungiri District,Rukungiri DLG
VXTxQRCiH2C,MOH - Uganda,South Buganda,Mpigi District,Mpigi DLG
VxVlteqdqp3,MOH - Uganda,Kampala,Kampala District,Kampala City Council
VY8NMzd0015,MOH - Uganda,Acholi,Omoro District,Omoro DLG
vyBZnWK8gj5,MOH - Uganda,Kampala,Kampala District,Kampala City Council
VYEWkAtrPj0,MOH - Uganda,Kigezi,Kabale District,Kabale DLG
VYF48q8UurC,MOH - Uganda,Kampala,Kampala District,Kampala City Council
VYFdTPqPKSk,MOH - Uganda,South Buganda,Lyantonde District,Lyantonde DLG
vyffusNAYMr,MOH - Uganda,North Buganda,Kayunga District,Kayunga DLG
VyKflstsoTt,MOH - Uganda,Bunyoro,Hoima District,Hoima DLG
VYLUX6JCmEe,MOH - Uganda,Kampala,Kampala District,Kampala City Council
vyphJ7MIPWr,MOH - Uganda,Bugisu,Kapchorwa District,Kapchorwa Municipality
VYTPJMKfPsi,MOH - Uganda,Tooro,Kyegegwa District,Kyegegwa DLG
vyU969NfjT6,MOH - Uganda,North Buganda,Nakasongola District,Nakasongola DLG
Vz3PDTnces1,MOH - Uganda,West Nile,Yumbe District,Yumbe DLG
vzCksNp6H9f,MOH - Uganda,Kampala,Kampala District,Kampala City Council
vzDOHutDfxL,MOH - Uganda,Kampala,Kampala District,Kampala City Council
VzEabknx2Bc,MOH - Uganda,Kampala,Kampala District,Kampala City Council
vZFtZmTVXjD,MOH - Uganda,Kigezi,Rukungiri District,Rukungiri DLG
vzhSzVp6ULX,MOH - Uganda,Ankole,Bushenyi District,Bushenyi DLG
vzIPsloRguW,MOH - Uganda,Kampala,Kampala District,Kampala City Council
VZjIOTAddHZ,MOH - Uganda,West Nile,Moyo District,Moyo DLG
vzjwK46KsG9,MOH - Uganda,Teso,Amuria District,Amuria DLG
VzSXA2ZxOPq,MOH - Uganda,North Buganda,Kayunga District,Kayunga DLG
vzuVR6XQEFr,MOH - Uganda,Tooro,Kamwenge District,Kamwenge DLG
VZvZyX8jBB4,MOH - Uganda,Teso,Katakwi District,Katakwi DLG
vZyvxbRHwx4,MOH - Uganda,Bugisu,Bulambuli District,Bulambuli DLG
VzZ8fgJOsWT,MOH - Uganda,Kampala,Kampala District,Kampala City Council
W0HJiRNXyec,MOH - Uganda,Bukedi,Budaka District,Budaka DLG
w0PhrI50OdI,MOH - Uganda,South Buganda,Kalungu District,Kalungu DLG
W17FAEJuWWo,MOH - Uganda,Kampala,Kampala District,Kampala City Council
w1COt9NZVMi,MOH - Uganda,Tooro,Bundibugyo District,Bundibugyo DLG
W1E4uVMRwXD,MOH - Uganda,South Buganda,Lwengo District,Lwengo DLG
W1iuhVqAXkO,MOH - Uganda,Kampala,Kampala District,Kampala City Council
w1j88WSCzGS,MOH - Uganda,Kigezi,Kisoro District,Kisoro Municipality
W1oqGw51eR3,MOH - Uganda,Kampala,Kampala District,Kampala City Council
W1qAEKyKjiu,MOH - Uganda,Kampala,Kampala District,Kampala City Council
W2DisxptRpM,MOH - Uganda,Ankole,Ntungamo District,Ntungamo DLG
w2MZEIgK2rd,MOH - Uganda,Busoga,Kamuli District,Kamuli DLG
w3AMFcvoAx9,MOH - Uganda,Karamoja,Kotido District,Kotido Municipality
W3hXYmtaQ4Q,MOH - Uganda,Karamoja,Kotido District,Kotido DLG
w3iNq6lLoEp,MOH - Uganda,West Nile,Koboko District,Koboko DLG
w4huKGNAmlZ,MOH - Uganda,Ankole,Bushenyi District,Bushenyi DLG
w4k4Pk5YyLo,MOH - Uganda,South Buganda,Kyotera District,Kyotera DLG
w4KEBqu6ZmB,MOH - Uganda,Kampala,Kampala District,Kampala City Council
W4TBB6tIrzc,MOH - Uganda,Ankole,Rwampara District,Rwampara DLG
W4uBcP0Hwuc,MOH - Uganda,Busoga,Iganga District,Iganga DLG
W4WTbuj52ZD,MOH - Uganda,Tooro,Kyenjojo District,Kyenjojo DLG
W4x9W2Teonj,MOH - Uganda,West Nile,Terego District,Terego DLG
W4Y19uqXpYs,MOH - Uganda,Bunyoro,Hoima City,Hoima City Council
w4z6Vt9nkBs,MOH - Uganda,Acholi,Nwoya District,Nwoya DLG
w53Iyr73JjT,MOH - Uganda,South Buganda,Lwengo District,Lwengo DLG
w5iMmf3NYDf,MOH - Uganda,Kampala,Kampala District,Kampala City Council
W5vxwFIhtEY,MOH - Uganda,Ankole,Ibanda District,Ibanda DLG
W5zxyK5Wkgd,MOH - Uganda,Kampala,Kampala District,Kampala City Council
W65MlPtBlmF,MOH - Uganda,Busoga,Mayuge District,Mayuge DLG
W6RTzlbqk5O,MOH - Uganda,Kampala,Kampala District,Kampala City Council
W6xq6GhydXm,MOH - Uganda,Kampala,Kampala District,Kampala City Council
w6Y2S4b9CZ1,MOH - Uganda,Kampala,Kampala District,Kampala City Council
w710lzfn4pu,MOH - Uganda,Ankole,Rwampara District,Rwampara DLG
w72fRuzI5jM,MOH - Uganda,Kampala,Kampala District,Kampala City Council
w73evLideQA,MOH - Uganda,Tooro,Kitagwenda District,Kitagwenda DLG
W7fiTCkLzlW,MOH - Uganda,Busoga,Namayingo District,Namayingo DLG
w7T4ikP4r88,MOH - Uganda,Kampala,Kampala District,Kampala City Council
W7w0thElTxx,MOH - Uganda,Tooro,Kasese District,Kasese DLG
w81TXtlX3EM,MOH - Uganda,Teso,Ngora District,Ngora DLG
W83VWHmb5NW,MOH - Uganda,Lango,Apac District,Apac Municipality
w8dxTtFjxMb,MOH - Uganda,Kampala,Kampala District,Kampala City Council
W8gbvIzhIuL,MOH - Uganda,Busoga,Kaliro District,Kaliro DLG
w8hCTt25w2r,MOH - Uganda,Kampala,Kampala District,Kampala City Council
W8iHiYGNTUM,MOH - Uganda,Busoga,Mayuge District,Mayuge DLG
w8WMJlfIl9j,MOH - Uganda,Lango,Apac District,Apac Municipality
w9mcV8YwoKa,MOH - Uganda,Acholi,Agago District,Agago DLG
w9roqtex0ih,MOH - Uganda,Lango,Oyam District,Oyam DLG
w9SnOvetHUQ,MOH - Uganda,Ankole,Mitooma District,Mitooma DLG
Wa12OZ94h0d,MOH - Uganda,North Buganda,Kayunga District,Kayunga DLG
wa4a0STCJHK,MOH - Uganda,Kampala,Kampala District,Kampala City Council
wa5ALmOQe62,MOH - Uganda,Ankole,Rubirizi District,Rubirizi DLG
waacA54DZjH,MOH - Uganda,Ankole,Ibanda District,Ibanda DLG
waAFO9dc0Rz,MOH - Uganda,Busoga,Kaliro District,Kaliro DLG
wacjVEN6pwD,MOH - Uganda,West Nile,Arua District,Arua DLG
WaDZ2Ov7gvC,MOH - Uganda,Ankole,Sheema District,Sheema Municipality
WafdH12VMgv,MOH - Uganda,South Buganda,Wakiso District,Wakiso DLG
wAfTvlZAtg6,MOH - Uganda,Kampala,Kampala District,Kampala City Council
wAhWIDAZWJ6,MOH - Uganda,Acholi,Pader District,Pader DLG
WASfKqxBjNB,MOH - Uganda,South Buganda,Wakiso District,Makindye Ssabagabo Municipality
wb2tYXUWWcv,MOH - Uganda,South Buganda,Masaka City,Masaka City Council
wB8XthkAPsp,MOH - Uganda,Kampala,Kampala District,Kampala City Council
WBHSSX3mR7J,MOH - Uganda,Kampala,Kampala District,Kampala City Council
WbjNyLLRjMh,MOH - Uganda,Ankole,Ibanda District,Ibanda Municipality
WbKZOAuiCXn,MOH - Uganda,Ankole,Ntungamo District,Ntungamo DLG
wBnnlQdNa3M,MOH - Uganda,North Buganda,Mukono District,Mukono DLG
WBQkLT0Yzy9,MOH - Uganda,Lango,Amolatar District,Amolatar DLG
WByrVzVSS8z,MOH - Uganda,Lango,Lira City,Lira City Council
wbYUKGfDRcE,MOH - Uganda,Ankole,Ntungamo District,Ntungamo Municipality
WBzi5fmjkT2,MOH - Uganda,Kampala,Kampala District,Kampala City Council
wC1cuDl6yZ9,MOH - Uganda,Kampala,Kampala District,Kampala City Council
WCchL5KjdbY,MOH - Uganda,Kampala,Kampala District,Kampala City Council
wcDKJrQCvF8,MOH - Uganda,Kampala,Kampala District,Kampala City Council
WcfbUI6UJkF,MOH - Uganda,Bunyoro,Kikuube District,Kikuube DLG
wcG1y6Y1SIJ,MOH - Uganda,Kampala,Kampala District,Kampala City Council
wCgwkESuZHF,MOH - Uganda,North Buganda,Luwero District,Luwero DLG
WCIxGy2cZSU,MOH - Uganda,Bunyoro,Kikuube District,Kikuube DLG
wcMOBX4NBRN,MOH - Uganda,Kampala,Kampala District,Kampala City Council
wCOg7R9Ty1P,MOH - Uganda,Ankole,Kiruhura District,Kiruhura DLG
wcTUcjmdOA3,MOH - Uganda,Bugisu,Manafwa District,Manafwa DLG
wd67B9ygxNt,MOH - Uganda,North Buganda,Mityana District,Mityana DLG
WD6MfCaAi2W,MOH - Uganda,Kampala,Kampala District,Kampala City Council
WDbxuHRdYY4,MOH - Uganda,Kampala,Kampala District,Kampala City Council
WdhCCJXsgth,MOH - Uganda,South Buganda,Wakiso District,Nansana Municipality
WdRLrQtK45g,MOH - Uganda,Lango,Kole District,Kole DLG
wDtDdq5JRtC,MOH - Uganda,Ankole,Isingiro District,Isingiro DLG
We4ITXuPL9J,MOH - Uganda,Kampala,Kampala District,Kampala City Council
WEd7WOMbzFY,MOH - Uganda,Kampala,Kampala District,Kampala City Council
weDWRBlZXNH,MOH - Uganda,Bukedi,Tororo District,Tororo DLG
weGvPfLPMka,MOH - Uganda,Kampala,Kampala District,Kampala City Council
WEH3aMvIS0B,MOH - Uganda,Lango,Kwania District,Kwania DLG
WeIIG6Cxs4E,MOH - Uganda,Busoga,Luuka District,Luuka DLG
WeIU1vLiYNC,MOH - Uganda,Bugisu,Kapchorwa District,Kapchorwa Municipality
WejXcgD2F1V,MOH - Uganda,Lango,Kwania District,Kwania DLG
weoytPabOJz,MOH - Uganda,Ankole,Bushenyi District,Bushenyi-Ishaka Municipality
wepUthscBkh,MOH - Uganda,Kampala,Kampala District,Kampala City Council
wERDSbg9HSd,MOH - Uganda,South Buganda,Masaka District,Masaka DLG
werOrHbzh72,MOH - Uganda,North Buganda,Nakasongola District,Nakasongola DLG
wEsFPPA6BdQ,MOH - Uganda,Ankole,Mitooma District,Mitooma DLG
WEsss23IscT,MOH - Uganda,Kampala,Kampala District,Kampala City Council
WesT5GAXGF1,MOH - Uganda,West Nile,Yumbe District,Yumbe DLG
weW6DY7Jlrm,MOH - Uganda,Kampala,Kampala District,Kampala City Council
WezVXLK01Ry,MOH - Uganda,North Buganda,Buvuma District,Buvuma DLG
WfelwMzSPgY,MOH - Uganda,North Buganda,Kassanda District,Kassanda DLG
WfEOwsEOMbc,MOH - Uganda,North Buganda,Buikwe District,Njeru Municipality
WFJMrCVfbYl,MOH - Uganda,Tooro,Kabarole District,Kabarole DLG
WFP69rDK4t6,MOH - Uganda,Kampala,Kampala District,Kampala City Council
WFrERnQeKsD,MOH - Uganda,Kampala,Kampala District,Kampala City Council
WFt43NrTOV5,MOH - Uganda,Kampala,Kampala District,Kampala City Council
Wg6ycEfsEjW,MOH - Uganda,West Nile,Yumbe District,Yumbe DLG
wg858DM6uwM,MOH - Uganda,Kampala,Kampala District,Kampala City Council
WGc7kKRhPaH,MOH - Uganda,Kampala,Kampala District,Kampala City Council
WGDvPayMDo5,MOH - Uganda,South Buganda,Wakiso District,Nansana Municipality
WGf77pZY6CD,MOH - Uganda,South Buganda,Wakiso District,Wakiso DLG
WggT6i6Q5kH,MOH - Uganda,West Nile,Arua City,Arua City Council
WgmL7qQcVxV,MOH - Uganda,Acholi,Kitgum District,Kitgum DLG
wgSmdZGeb5I,MOH - Uganda,North Buganda,Nakasongola District,Nakasongola DLG
WgXtPbUAyJD,MOH - Uganda,Acholi,Agago District,Agago DLG
WH9FRZSPNV2,MOH - Uganda,South Buganda,Wakiso District,Wakiso DLG
wHboGxWIhq0,MOH - Uganda,South Buganda,Bukomansimbi District,Bukomansimbi DLG
WHjmJmVfdmd,MOH - Uganda,Kampala,Kampala District,Kampala City Council
wHkTdzF4SpR,MOH - Uganda,Lango,Lira City,Lira City Council
WhlHy7VP4wB,MOH - Uganda,Kampala,Kampala District,Kampala City Council
Whlo3VP1ViK,MOH - Uganda,South Buganda,Wakiso District,Wakiso DLG
WhPM66YD1S9,MOH - Uganda,Kampala,Kampala District,Kampala City Council
WHVbek1utH5,MOH - Uganda,West Nile,Moyo District,Moyo DLG
whX68dEEy69,MOH - Uganda,Ankole,Mitooma District,Mitooma DLG
wHXti4lneOb,MOH - Uganda,Acholi,Kitgum District,Kitgum DLG
wi7vFV9G9Bj,MOH - Uganda,Busoga,Bugweri District,Bugweri DLG
WiDK75EptX5,MOH - Uganda,Kigezi,Kanungu District,Kanungu DLG
wip6c7jL6E0,MOH - Uganda,Lango,Oyam District,Oyam DLG
wIPpj88edTW,MOH - Uganda,West Nile,Terego District,Terego DLG
wisJV65CjPt,MOH - Uganda,Tooro,Kyegegwa District,Kyegegwa DLG
wITceG8YRXg,MOH - Uganda,Bugisu,Kween District,Kween DLG
wiVV2BPYi5Z,MOH - Uganda,Ankole,Mbarara City,Mbarara City Council
WiY1k8ameqN,MOH - Uganda,Bunyoro,Kikuube District,Kikuube DLG
WiYcFTt4Kzn,MOH - Uganda,Busoga,Bugweri District,Bugweri DLG
wj1NpX1IYq8,MOH - Uganda,Ankole,Isingiro District,Isingiro DLG
wjEpE9NTDxg,MOH - Uganda,Tooro,Kabarole District,Kabarole DLG
WjgfXNNhwkm,MOH - Uganda,South Buganda,Kyotera District,Kyotera DLG
wjKNsAJhzCF,MOH - Uganda,Tooro,Kyegegwa District,Kyegegwa DLG
wJlfRRGNJ7j,MOH - Uganda,Kampala,Kampala District,Kampala City Council
wjlHoqfOKcI,MOH - Uganda,Kampala,Kampala District,Kampala City Council
Wjo1U23CeOJ,MOH - Uganda,Ankole,Ibanda District,Ibanda Municipality
wju8bnyJDvb,MOH - Uganda,Tooro,Bunyangabu District,Bunyangabu DLG
WjUTld3U8r2,MOH - Uganda,Ankole,Mbarara City,Mbarara City Council
Wk8yKMCUZOk,MOH - Uganda,West Nile,Zombo District,Zombo DLG
wKczE4oVqOy,MOH - Uganda,South Buganda,Kalungu District,Kalungu DLG
WKgB1j6LYuq,MOH - Uganda,Ankole,Isingiro District,Isingiro DLG
WKobZy8pNwR,MOH - Uganda,Acholi,Gulu District,Gulu DLG
WkPvVFYhZVr,MOH - Uganda,Kampala,Kampala District,Kampala City Council
WKqRwWbwjaA,MOH - Uganda,South Buganda,Wakiso District,Wakiso DLG
WkxtQColJ5M,MOH - Uganda,Kampala,Kampala District,Kampala City Council
wla92a13B1F,MOH - Uganda,Bugisu,Bukwo District,Bukwo DLG
WleyUUQfJK6,MOH - Uganda,Acholi,Gulu District,Gulu DLG
wlhHvSaHqEy,MOH - Uganda,Tooro,Bunyangabu District,Bunyangabu DLG
wLiLu0BQUaZ,MOH - Uganda,South Buganda,Lwengo District,Lwengo DLG
WLjKeSkYFio,MOH - Uganda,Kampala,Kampala District,Kampala City Council
WLjvxABRrkc,MOH - Uganda,Kampala,Kampala District,Kampala City Council
wLJwnk1shg3,MOH - Uganda,Kampala,Kampala District,Kampala City Council
wLkwoyLOOZe,MOH - Uganda,Acholi,Agago District,Agago DLG
WlPYZmDndVm,MOH - Uganda,Kampala,Kampala District,Kampala City Council
wLRE0kUuiHk,MOH - Uganda,Kampala,Kampala District,Kampala City Council
WlshDuLYh4b,MOH - Uganda,Lango,Apac District,Apac DLG
WM7DkJVBA1Q,MOH - Uganda,South Buganda,Wakiso District,Nansana Municipality
Wmc36bI5m96,MOH - Uganda,Ankole,Ibanda District,Ibanda Municipality
WmCSdgvSjcT,MOH - Uganda,South Buganda,Wakiso District,Kira Municipality
wMCTLdTscZo,MOH - Uganda,Kampala,Kampala District,Kampala City Council
wMiApjHnWVa,MOH - Uganda,Ankole,Bushenyi District,Bushenyi DLG
WMJBbuokUp6,MOH - Uganda,Kampala,Kampala District,Kampala City Council
WmKZm4FpON8,MOH - Uganda,Kampala,Kampala District,Kampala City Council
wmMOLdz13cP,MOH - Uganda,Kampala,Kampala District,Kampala City Council
WmoemTft5Bj,MOH - Uganda,Teso,Amuria District,Amuria DLG
WMtqO37R3RN,MOH - Uganda,Karamoja,Nabilatuk District,Nabilatuk DLG
wMTyxxQnotu,MOH - Uganda,Kampala,Kampala District,Kampala City Council
WmXAoLJicih,MOH - Uganda,Karamoja,Kaabong District,Kaabong DLG
wmzTMo2sIKx,MOH - Uganda,Tooro,Kyenjojo District,Kyenjojo DLG
Wn69LukXv2f,MOH - Uganda,Ankole,Bushenyi District,Bushenyi DLG
WNfTfgX3DSP,MOH - Uganda,Ankole,Isingiro District,Isingiro DLG
WNGWQNCU4Kc,MOH - Uganda,Lango,Kole District,Kole DLG
wNIGyP5Wi4G,MOH - Uganda,Bugisu,Bulambuli District,Bulambuli DLG
WNpTXGWMkvZ,MOH - Uganda,Tooro,Kasese District,Kasese DLG
WNrSmg2aMGz,MOH - Uganda,Busoga,Namayingo District,Namayingo DLG
wnRUMddLaEt,MOH - Uganda,Kampala,Kampala District,Kampala City Council
wns9cdnRqOs,MOH - Uganda,West Nile,Adjumani District,Adjumani DLG
WoKL7nC0u3a,MOH - Uganda,South Buganda,Kyotera District,Kyotera DLG
WomG78iO5aF,MOH - Uganda,Tooro,Kasese District,Kasese DLG
WOqRCuNycSZ,MOH - Uganda,North Buganda,Buikwe District,Lugazi Municipality
WOy4v3J3z1F,MOH - Uganda,South Buganda,Wakiso District,Wakiso DLG
wozLwv6Fb7u,MOH - Uganda,North Buganda,Kiboga District,Kiboga DLG
wOZSixnzsTe,MOH - Uganda,Kampala,Kampala District,Kampala City Council
wp0fxwX6i4L,MOH - Uganda,North Buganda,Mukono District,Mukono DLG
wP6qm4MtWn2,MOH - Uganda,Tooro,Kamwenge District,Kamwenge DLG
wpD98s0nv39,MOH - Uganda,Kampala,Kampala District,Kampala City Council
wpLf3ooCcJu,MOH - Uganda,South Buganda,Kyotera District,Kyotera DLG
WPSYy1bDfIb,MOH - Uganda,Kampala,Kampala District,Kampala City Council
wpWyShStzVb,MOH - Uganda,Bugisu,Bududa District,Bududa DLG
WPZ96zoiSEv,MOH - Uganda,Kampala,Kampala District,Kampala City Council
WQAIuHuecnR,MOH - Uganda,Bukedi,Tororo District,Tororo Municipality
wQCzQ52KPmV,MOH - Uganda,South Buganda,Sembabule District,Sembabule DLG
WQeSLV9txxP,MOH - Uganda,Kampala,Kampala District,Kampala City Council
WQH9xx4hHo5,MOH - Uganda,Kampala,Kampala District,Kampala City Council
WqIepqF88WC,MOH - Uganda,West Nile,Adjumani District,Adjumani DLG
WqIs7ciPmmO,MOH - Uganda,Karamoja,Nakapiripirit District,Nakapiripirit DLG
wqmg1s9R0jI,MOH - Uganda,Lango,Lira City,Lira City Council
WqoBdlGeBgn,MOH - Uganda,North Buganda,Mityana District,Mityana Municipality
wqsIFyvLng4,MOH - Uganda,Kampala,Kampala District,Kampala City Council
WQwefkSgLao,MOH - Uganda,Tooro,Bundibugyo District,Bundibugyo DLG
WqzecS4PTyV,MOH - Uganda,Teso,Soroti District,Soroti DLG
wr8WYcvc3PG,MOH - Uganda,Lango,Apac District,Apac Municipality
wRGmmrOLtVc,MOH - Uganda,Busoga,Namayingo District,Namayingo DLG
Wrl1imMXK2x,MOH - Uganda,Kampala,Kampala District,Kampala City Council
WrPD0DLGOGu,MOH - Uganda,Ankole,Bushenyi District,Bushenyi-Ishaka Municipality
wRqlxxDMyHA,MOH - Uganda,South Buganda,Wakiso District,Wakiso DLG
ws3l8HCEhHB,MOH - Uganda,South Buganda,Wakiso District,Nansana Municipality
wse4djDrM7s,MOH - Uganda,Ankole,Ibanda District,Ibanda DLG
wSEu7f30Tfc,MOH - Uganda,Kampala,Kampala District,Kampala City Council
WsIQqOuUy8N,MOH - Uganda,Ankole,Ibanda District,Ibanda Municipality
Wsm1yq3s0Lw,MOH - Uganda,Bugisu,Manafwa District,Manafwa DLG
WsRSsN5qOLc,MOH - Uganda,Kampala,Kampala District,Kampala City Council
WSRvfYs9L1V,MOH - Uganda,North Buganda,Nakasongola District,Nakasongola DLG
wSSXVxZnbkJ,MOH - Uganda,South Buganda,Wakiso District,Wakiso DLG
Wt9Nv0yRC4a,MOH - Uganda,North Buganda,Luwero District,Luwero DLG
Wt9Xc9u5KQ1,MOH - Uganda,North Buganda,Kayunga District,Kayunga DLG
wtHTWjGA9DZ,MOH - Uganda,Kampala,Kampala District,Kampala City Council
wTifxZNgsiX,MOH - Uganda,Kampala,Kampala District,Kampala City Council
WTjTs5zFR6f,MOH - Uganda,Lango,Oyam District,Oyam DLG
WTMae590p9H,MOH - Uganda,Tooro,Kyenjojo District,Kyenjojo DLG
wts9FgOJ4VW,MOH - Uganda,Kampala,Kampala District,Kampala City Council
WTTSSdmtevw,MOH - Uganda,South Buganda,Wakiso District,Kira Municipality
WTUM2RKZQG7,MOH - Uganda,Tooro,Kabarole District,Kabarole DLG
wTumxHRbaIc,MOH - Uganda,Bunyoro,Kakumiro District,Kakumiro DLG
wTVVhT1zOWS,MOH - Uganda,West Nile,Yumbe District,Yumbe DLG
Wtx8GzEga6v,MOH - Uganda,Tooro,Bundibugyo District,Bundibugyo DLG
wtyMvPnfdEI,MOH - Uganda,Tooro,Kamwenge District,Kamwenge DLG
wU5tXMdZ1gF,MOH - Uganda,Lango,Apac District,Apac Municipality
WuDi4LmzEWV,MOH - Uganda,South Buganda,Sembabule District,Sembabule DLG
WUJSMsvD22S,MOH - Uganda,Kampala,Kampala District,Kampala City Council
WUPuN5D9rWc,MOH - Uganda,Kampala,Kampala District,Kampala City Council
WUuQukdG6s0,MOH - Uganda,Kigezi,Rukungiri District,Rukungiri DLG
wuWIlIipN6E,MOH - Uganda,Bunyoro,Masindi District,Masindi Municipality
WUXaIJTpB0U,MOH - Uganda,South Buganda,Wakiso District,Nansana Municipality
WuyEZ5vAK0Z,MOH - Uganda,North Buganda,Kiboga District,Kiboga DLG
wuyYUt4SUxU,MOH - Uganda,Kampala,Kampala District,Kampala City Council
Wv0A7XnUFP5,MOH - Uganda,South Buganda,Wakiso District,Makindye Ssabagabo Municipality
WV7VVz9jpuJ,MOH - Uganda,Bugisu,Kween District,Kween DLG
wvCZ4LhC7T2,MOH - Uganda,Kampala,Kampala District,Kampala City Council
wvi6CU7IhIj,MOH - Uganda,North Buganda,Buikwe District,Lugazi Municipality
WvNd4VeIamv,MOH - Uganda,Tooro,Ntoroko District,Ntoroko DLG
WvPym3E9aEj,MOH - Uganda,Kampala,Kampala District,Kampala City Council
wVQqiOrorr6,MOH - Uganda,Tooro,Ntoroko District,Ntoroko DLG
wvRo7v4U1qz,MOH - Uganda,Kampala,Kampala District,Kampala City Council
Wvs8OuhExJ6,MOH - Uganda,Kampala,Kampala District,Kampala City Council
wVUhuXat0MO,MOH - Uganda,Busoga,Buyende District,Buyende DLG
wVUi8BXxKkY,MOH - Uganda,South Buganda,Gomba District,Gomba DLG
wvZjKQtykpw,MOH - Uganda,Lango,Lira City,Lira City Council
ww5j5jfZVnk,MOH - Uganda,Tooro,Kamwenge District,Kamwenge DLG
wW6c7YB6r44,MOH - Uganda,Bugisu,Bududa District,Bududa DLG
wW9DCZXiNIJ,MOH - Uganda,Kampala,Kampala District,Kampala City Council
wweoNKCmZIo,MOH - Uganda,Kampala,Kampala District,Kampala City Council
Wwj8be6FRkT,MOH - Uganda,Kampala,Kampala District,Kampala City Council
WWlY7qs18QI,MOH - Uganda,Kampala,Kampala District,Kampala City Council
WWn6FQoyoB6,MOH - Uganda,Kampala,Kampala District,Kampala City Council
wWoPzRyGbn4,MOH - Uganda,Kampala,Kampala District,Kampala City Council
WWPX19cc0nM,MOH - Uganda,Karamoja,Karenga District,Karenga DLG
wwZIuQZ33Hy,MOH - Uganda,South Buganda,Wakiso District,Nansana Municipality
Wx22jVH8waG,MOH - Uganda,Karamoja,Kaabong District,Kaabong DLG
wx932ocnkRb,MOH - Uganda,Kampala,Kampala District,Kampala City Council
wxDVpRN1efB,MOH - Uganda,Busoga,Bugweri District,Bugweri DLG
WxoWyxgcd8T,MOH - Uganda,Kigezi,Rukungiri District,Rukungiri DLG
wXpdkGY9Jzx,MOH - Uganda,North Buganda,Mukono District,Mukono Municipality
WXWk3uwBplM,MOH - Uganda,South Buganda,Wakiso District,Wakiso DLG
WY3yVWM5gaL,MOH - Uganda,Teso,Soroti District,Soroti DLG
WY5FPcNBFLq,MOH - Uganda,Kampala,Kampala District,Kampala City Council
wy6pSuzFBYN,MOH - Uganda,Kampala,Kampala District,Kampala City Council
WY7fmUfJ48g,MOH - Uganda,South Buganda,Wakiso District,Wakiso DLG
WyB0okmGKma,MOH - Uganda,Busoga,Mayuge District,Mayuge DLG
WyCc5FcCai7,MOH - Uganda,Kampala,Kampala District,Kampala City Council
WYuRzLsgvOw,MOH - Uganda,Bukedi,Tororo District,Tororo DLG
Wyvz7rsEBpd,MOH - Uganda,Teso,Soroti District,Soroti DLG
wz2IJXrulbx,MOH - Uganda,Teso,Amuria District,Amuria DLG
Wz4TMx3wVtl,MOH - Uganda,South Buganda,Wakiso District,Entebbe Municipality
wZ7da8feu18,MOH - Uganda,Kampala,Kampala District,Kampala City Council
WzDbKyMHN8m,MOH - Uganda,Tooro,Kitagwenda District,Kitagwenda DLG
WZdR7ibefws,MOH - Uganda,Bugisu,Mbale City,Mbale City Council
WzGL3g4atWe,MOH - Uganda,North Buganda,Nakaseke District,Nakaseke DLG
wZmGKn6TFVP,MOH - Uganda,Tooro,Kabarole District,Kabarole DLG
WZqdqh04tg1,MOH - Uganda,North Buganda,Kayunga District,Kayunga DLG
WZyfutAbi11,MOH - Uganda,Kampala,Kampala District,Kampala City Council
X00gYQ3tjMD,MOH - Uganda,West Nile,Moyo District,Moyo DLG
X06uslYxFI7,MOH - Uganda,North Buganda,Mityana District,Mityana Municipality
X0AF0OZbOD9,MOH - Uganda,Lango,Apac District,Apac DLG
X0BZOCXmDkj,MOH - Uganda,Busoga,Kamuli District,Kamuli DLG
X0fEezWmMGU,MOH - Uganda,Karamoja,Moroto District,Moroto Municipality
X0giNVjxX76,MOH - Uganda,Kampala,Kampala District,Kampala City Council
X0ipYKiBj3g,MOH - Uganda,South Buganda,Wakiso District,Entebbe Municipality
X0NvIoZncHm,MOH - Uganda,Kampala,Kampala District,Kampala City Council
x0OMMKUIxlF,MOH - Uganda,Teso,Kaberamaido District,Kaberamaido DLG
X0Tt3z2mIe7,MOH - Uganda,Teso,Soroti City,Soroti City Council
x0WZx5EiaI4,MOH - Uganda,South Buganda,Kyotera District,Kyotera DLG
x14PIFWlmxx,MOH - Uganda,West Nile,Adjumani District,Adjumani DLG
x16BD1f0tNS,MOH - Uganda,South Buganda,Wakiso District,Kira Municipality
x1hIfQqbZdF,MOH - Uganda,West Nile,Adjumani District,Adjumani DLG
X1RkzMg2Hn1,MOH - Uganda,South Buganda,Mpigi District,Mpigi DLG
x1UaYpPwx6c,MOH - Uganda,Acholi,Gulu City,Gulu City Council
x24LUhfkWxT,MOH - Uganda,Bunyoro,Masindi District,Masindi Municipality
x2bKnIqqcFt,MOH - Uganda,Bukedi,Busia District,Busia DLG
x2BqcKdWIOy,MOH - Uganda,North Buganda,Luwero District,Luwero DLG
X3ckZZW5ov1,MOH - Uganda,North Buganda,Mukono District,Mukono Municipality
x3sV3Vm3jFW,MOH - Uganda,Busoga,Buyende District,Buyende DLG
X3ZIaE3ccDb,MOH - Uganda,Tooro,Kasese District,Kasese DLG
x4dtyTyfoU0,MOH - Uganda,Bunyoro,Kiryandongo District,Kiryandongo DLG
x4EXo9kapwP,MOH - Uganda,West Nile,Maracha District,Maracha DLG
X4fBqyPx4Er,MOH - Uganda,Ankole,Mbarara City,Mbarara City Council
x4fr2px73Bq,MOH - Uganda,Lango,Oyam District,Oyam DLG
X4NuK8cECmC,MOH - Uganda,Kampala,Kampala District,Kampala City Council
X4qob1S3mZb,MOH - Uganda,Kampala,Kampala District,Kampala City Council
x4rrKlUnnHy,MOH - Uganda,Kampala,Kampala District,Kampala City Council
x4W3u9puTzO,MOH - Uganda,Karamoja,Amudat District,Amudat DLG
x4zVP4YLDy7,MOH - Uganda,North Buganda,Mukono District,Mukono DLG
X521hxcpR52,MOH - Uganda,Kampala,Kampala District,Kampala City Council
x52HYpbKYRY,MOH - Uganda,North Buganda,Luwero District,Luwero DLG
x5a93MkWeyj,MOH - Uganda,South Buganda,Masaka City,Masaka City Council
X5ebRy9YPbR,MOH - Uganda,West Nile,Obongi District,Obongi DLG
x5mIE0NPDSb,MOH - Uganda,Karamoja,Nakapiripirit District,Nakapiripirit DLG
x5X8VtL2T0e,MOH - Uganda,Ankole,Sheema District,Sheema DLG
x5YOkxxGgcM,MOH - Uganda,West Nile,Zombo District,Zombo DLG
x5YYIG54agu,MOH - Uganda,Bunyoro,Buliisa District,Buliisa DLG
x65jpp0WQnc,MOH - Uganda,Kigezi,Kanungu District,Kanungu DLG
x6fCr9Or7HE,MOH - Uganda,Kigezi,Rubanda District,Rubanda DLG
x6tiiRt28yz,MOH - Uganda,Lango,Apac District,Apac DLG
x7bOPQY5yAK,MOH - Uganda,Bukedi,Tororo District,Tororo DLG
x7IP1mTt0MJ,MOH - Uganda,Kampala,Kampala District,Kampala City Council
X7iYabwpJfR,MOH - Uganda,South Buganda,Kyotera District,Kyotera DLG
x8BACC6rZLq,MOH - Uganda,Kampala,Kampala District,Kampala City Council
X8l6y8IN4z9,MOH - Uganda,Teso,Ngora District,Ngora DLG
X8O67LhFw8Q,MOH - Uganda,Kampala,Kampala District,Kampala City Council
x8u9lpI2pUu,MOH - Uganda,Tooro,Bundibugyo District,Bundibugyo DLG
X8wfR21inSS,MOH - Uganda,West Nile,Nebbi District,Nebbi DLG
x92d9QBuycu,MOH - Uganda,South Buganda,Wakiso District,Wakiso DLG
x92MQf0pXXy,MOH - Uganda,South Buganda,Wakiso District,Wakiso DLG
x9A33vBF8B4,MOH - Uganda,Ankole,Kazo District,Kazo DLG
x9DqyHX40Bd,MOH - Uganda,South Buganda,Wakiso District,Kira Municipality
X9I9B2v5Lyy,MOH - Uganda,Lango,Oyam District,Oyam DLG
x9oCy78uzUl,MOH - Uganda,Busoga,Namutumba District,Namutumba DLG
X9SkLC9yE4f,MOH - Uganda,Lango,Kwania District,Kwania DLG
x9UQiPG3QAk,MOH - Uganda,Tooro,Kasese District,Kasese DLG
X9VdFPaGsLW,MOH - Uganda,West Nile,Yumbe District,Yumbe DLG
X9zYo7WGyOG,MOH - Uganda,South Buganda,Wakiso District,Kira Municipality
Xa2GHu3YN8X,MOH - Uganda,Bunyoro,Kikuube District,Kikuube DLG
xa8AvzwrPSi,MOH - Uganda,Lango,Otuke District,Otuke DLG
Xa9a9NqSFbV,MOH - Uganda,Lango,Apac District,Apac Municipality
xaDIF51g3DF,MOH - Uganda,South Buganda,Wakiso District,Wakiso DLG
XaSg0q35pRM,MOH - Uganda,Bugisu,Bukwo District,Bukwo DLG
XAVui4qpbaj,MOH - Uganda,Tooro,Kabarole District,Kabarole DLG
xawUug2ZMTa,MOH - Uganda,Busoga,Jinja City,Jinja City Council
XAXiTTdQ57t,MOH - Uganda,Ankole,Mbarara City,Mbarara City Council
XazfKCvCCLS,MOH - Uganda,Lango,Amolatar District,Amolatar DLG
XAZN59cCQJ9,MOH - Uganda,Bunyoro,Kagadi District,Kagadi DLG
XB3SGlM5kdN,MOH - Uganda,West Nile,Arua City,Arua City Council
xB9VitOGT9B,MOH - Uganda,Busoga,Jinja City,Jinja City Council
Xbg5zMwUaaR,MOH - Uganda,Acholi,Nwoya District,Nwoya DLG
xbHb2porYoF,MOH - Uganda,Kigezi,Kanungu District,Kanungu DLG
xbM4diuk1dB,MOH - Uganda,Busoga,Bugiri District,Bugiri DLG
xbPDAfUJaWQ,MOH - Uganda,Busoga,Kamuli District,Kamuli DLG
XbprbPFsfSr,MOH - Uganda,Bugisu,Sironko District,Sironko DLG
XBRMWAS3FO2,MOH - Uganda,Acholi,Lamwo District,Lamwo DLG
XbtCBT0kEDF,MOH - Uganda,North Buganda,Kassanda District,Kassanda DLG
xbVfWb6PpvE,MOH - Uganda,South Buganda,Lwengo District,Lwengo DLG
XbW1Rkf92iM,MOH - Uganda,Ankole,Ntungamo District,Ntungamo DLG
XbzbGVmDsnY,MOH - Uganda,North Buganda,Luwero District,Luwero DLG
Xc16YTvmEeP,MOH - Uganda,Bunyoro,Kagadi District,Kagadi DLG
xC9edbvHOOf,MOH - Uganda,Bukedi,Pallisa District,Pallisa DLG
xClaXB4x20Y,MOH - Uganda,Kampala,Kampala District,Kampala City Council
XclP9NZtHUO,MOH - Uganda,Ankole,Rubirizi District,Rubirizi DLG
xCM9k0GGWMU,MOH - Uganda,South Buganda,Kyotera District,Kyotera DLG
xCnVq104QQO,MOH - Uganda,Kampala,Kampala District,Kampala City Council
XcoAxo7CTcW,MOH - Uganda,Kampala,Kampala District,Kampala City Council
xCofJXcWGUF,MOH - Uganda,West Nile,Pakwach District,Pakwach DLG
xCowz1yluaZ,MOH - Uganda,Kigezi,Rukungiri District,Rukungiri DLG
xCwtCKbBGr4,MOH - Uganda,Kigezi,Rukiga District,Rukiga DLG
xCzPoUI3u5K,MOH - Uganda,South Buganda,Wakiso District,Wakiso DLG
xCzVY7gIdqf,MOH - Uganda,Kampala,Kampala District,Kampala City Council
XD2FMtVJgtK,MOH - Uganda,North Buganda,Buikwe District,Lugazi Municipality
XdiiKUMeHEA,MOH - Uganda,Kampala,Kampala District,Kampala City Council
XdkavYmOq6Z,MOH - Uganda,Kampala,Kampala District,Kampala City Council
XdonRAVKrQi,MOH - Uganda,Tooro,Kyegegwa District,Kyegegwa DLG
XdQsGt0TQkA,MOH - Uganda,Tooro,Kasese District,Kasese DLG
Xdt1jdUOQm2,MOH - Uganda,Tooro,Kyenjojo District,Kyenjojo DLG
XdXAfIaLuld,MOH - Uganda,Acholi,Amuru District,Amuru DLG
XE0Ucndg8ym,MOH - Uganda,Kampala,Kampala District,Kampala City Council
xe3tGQazTHi,MOH - Uganda,Tooro,Kamwenge District,Kamwenge DLG
xE6g319LYX8,MOH - Uganda,South Buganda,Kyotera District,Kyotera DLG
Xe72ST17iHr,MOH - Uganda,South Buganda,Masaka City,Masaka City Council
Xe9Bd0R0oEn,MOH - Uganda,North Buganda,Kyankwanzi District,Kyankwanzi DLG
XEb2UCfNwnf,MOH - Uganda,Kampala,Kampala District,Kampala City Council
XeikF7zAvSF,MOH - Uganda,South Buganda,Wakiso District,Nansana Municipality
xEN68HYkacl,MOH - Uganda,Teso,Serere District,Serere DLG
XENDuDFXbmG,MOH - Uganda,South Buganda,Wakiso District,Nansana Municipality
XEpxJwNwMoa,MOH - Uganda,South Buganda,Wakiso District,Wakiso DLG
xErihzThO6h,MOH - Uganda,Acholi,Agago District,Agago DLG
xEsy0BxwCmQ,MOH - Uganda,South Buganda,Mpigi District,Mpigi DLG
Xf4ixDumICd,MOH - Uganda,Ankole,Rwampara District,Rwampara DLG
XFaA5EY0VNZ,MOH - Uganda,Lango,Kole District,Kole DLG
xFu5BXdkrZj,MOH - Uganda,North Buganda,Kayunga District,Kayunga DLG
XFvdRnq6Nee,MOH - Uganda,South Buganda,Masaka City,Masaka City Council
xFVFAAQwj8P,MOH - Uganda,Kampala,Kampala District,Kampala City Council
xfW6oyp2e82,MOH - Uganda,Bunyoro,Hoima City,Hoima City Council
Xg0Ged1Jcng,MOH - Uganda,Busoga,Mayuge District,Mayuge DLG
XG2WwGdcWZQ,MOH - Uganda,South Buganda,Lwengo District,Lwengo DLG
xgFkdQYvaV3,MOH - Uganda,Kampala,Kampala District,Kampala City Council
xgH7fTBjgW3,MOH - Uganda,Kampala,Kampala District,Kampala City Council
xgls2u6zF4m,MOH - Uganda,Bunyoro,Hoima City,Hoima City Council
XGogRMc96SC,MOH - Uganda,Kampala,Kampala District,Kampala City Council
XgPF6Jw8Yd8,MOH - Uganda,South Buganda,Wakiso District,Makindye Ssabagabo Municipality
XGwQgBZBkZx,MOH - Uganda,Kampala,Kampala District,Kampala City Council
Xh1x4yuovLv,MOH - Uganda,Kampala,Kampala District,Kampala City Council
xh2zespvQb7,MOH - Uganda,Kampala,Kampala District,Kampala City Council
Xh5eLA8vMYG,MOH - Uganda,Busoga,Kamuli District,Kamuli DLG
XHgTvnlWtW0,MOH - Uganda,Teso,Katakwi District,Katakwi DLG
XhKRMUef6SV,MOH - Uganda,North Buganda,Mukono District,Mukono Municipality
XHVJy3yg2Oz,MOH - Uganda,Busoga,Buyende District,Buyende DLG
XI4OsjZYmtZ,MOH - Uganda,Tooro,Kasese District,Kasese Municipality
XI68OS3s594,MOH - Uganda,Bunyoro,Kiryandongo District,Kiryandongo DLG
XiavvWaLLRz,MOH - Uganda,Busoga,Jinja District,Jinja DLG
XIBVS2DVc57,MOH - Uganda,North Buganda,Kassanda District,Kassanda DLG
xIKbVT6n1wA,MOH - Uganda,South Buganda,Wakiso District,Wakiso DLG
XikHv88zzDn,MOH - Uganda,West Nile,Zombo District,Zombo DLG
XimyCzLKf0w,MOH - Uganda,Bunyoro,Masindi District,Masindi DLG
XiOoffmvOtC,MOH - Uganda,Teso,Bukedea District,Bukedea DLG
XiuUuRV6T0D,MOH - Uganda,South Buganda,Gomba District,Gomba DLG
XiY7c7PoGFc,MOH - Uganda,Ankole,Kiruhura District,Kiruhura DLG
XJ5agEJ9SwG,MOH - Uganda,North Buganda,Kiboga District,Kiboga DLG
XJaGMtvCdFP,MOH - Uganda,South Buganda,Wakiso District,Wakiso DLG
XjdQMdsbC7E,MOH - Uganda,Kampala,Kampala District,Kampala City Council
xJFdSkzMwm0,MOH - Uganda,Tooro,Bundibugyo District,Bundibugyo DLG
XjGXLRYHwRx,MOH - Uganda,Ankole,Sheema District,Sheema DLG
xjHpvNlTb1J,MOH - Uganda,North Buganda,Luwero District,Luwero DLG
xjlzfFpQMEP,MOH - Uganda,Tooro,Kasese District,Kasese Municipality
XJMwYIWSmOO,MOH - Uganda,Bukedi,Tororo District,Tororo DLG
XJnDlwQcKju,MOH - Uganda,Bugisu,Mbale City,Mbale City Council
XJoiLxDJRXN,MOH - Uganda,Kampala,Kampala District,Kampala City Council
XJR6YgkWSyU,MOH - Uganda,South Buganda,Wakiso District,Entebbe Municipality
xJtAHm83ULs,MOH - Uganda,Bugisu,Mbale City,Mbale City Council
xjvcw4ygnRy,MOH - Uganda,West Nile,Adjumani District,Adjumani DLG
XjwZ7sS7pAB,MOH - Uganda,South Buganda,Wakiso District,Entebbe Municipality
xJYEThISKXQ,MOH - Uganda,North Buganda,Kassanda District,Kassanda DLG
xK1lURyBlFC,MOH - Uganda,Ankole,Isingiro District,Isingiro DLG
xK1NgGOVu2D,MOH - Uganda,Kigezi,Kisoro District,Kisoro DLG
Xk2u50CCdff,MOH - Uganda,West Nile,Arua City,Arua City Council
xK7MZqY0jIZ,MOH - Uganda,South Buganda,Wakiso District,Nansana Municipality
XK9RFXZJrFx,MOH - Uganda,Busoga,Mayuge District,Mayuge DLG
XKEPT14hHyP,MOH - Uganda,Kampala,Kampala District,Kampala City Council
xKixkx0bkp9,MOH - Uganda,Lango,Oyam District,Oyam DLG
xKKIcgLVH9x,MOH - Uganda,North Buganda,Kayunga District,Kayunga DLG
xkP5a32zch1,MOH - Uganda,South Buganda,Wakiso District,Kira Municipality
xKpMYnLI2Gv,MOH - Uganda,Bukedi,Tororo District,Tororo DLG
xKs0Xz16cYT,MOH - Uganda,Kampala,Kampala District,Kampala City Council
Xks9aASahbX,MOH - Uganda,North Buganda,Nakasongola District,Nakasongola DLG
xkUrPyn3TZ1,MOH - Uganda,North Buganda,Mukono District,Mukono DLG
XKZZLEtQDeC,MOH - Uganda,North Buganda,Kiboga District,Kiboga DLG
XL2ofb3VSUz,MOH - Uganda,Tooro,Kasese District,Kasese DLG
XlBHPoSu5k3,MOH - Uganda,Kampala,Kampala District,Kampala City Council
XLCbIsJWmxG,MOH - Uganda,Bukedi,Busia District,Busia DLG
xlcpY1lKgXi,MOH - Uganda,North Buganda,Luwero District,Luwero DLG
XLHLAtRCaIv,MOH - Uganda,South Buganda,Wakiso District,Makindye Ssabagabo Municipality
xLi1cv6UPxT,MOH - Uganda,Ankole,Mbarara City,Mbarara City Council
xLl3zhcGiyA,MOH - Uganda,South Buganda,Wakiso District,Nansana Municipality
XLnChQWpvvS,MOH - Uganda,South Buganda,Masaka City,Masaka City Council
xLwJJhiMkkX,MOH - Uganda,South Buganda,Wakiso District,Makindye Ssabagabo Municipality
xLXQrhFHr7A,MOH - Uganda,Tooro,Kyegegwa District,Kyegegwa DLG
XLZVJib9KN7,MOH - Uganda,Lango,Lira City,Lira City Council
Xm71SWWTqfb,MOH - Uganda,Bukedi,Butaleja District,Butaleja DLG
Xm8N4qPmhQh,MOH - Uganda,Busoga,Kaliro District,Kaliro DLG
xMJg9NOZowf,MOH - Uganda,Tooro,Bunyangabu District,Bunyangabu DLG
XmLczW4WhIY,MOH - Uganda,Kampala,Kampala District,Kampala City Council
xMluD5TN4RK,MOH - Uganda,Kampala,Kampala District,Kampala City Council
XMO0OPZL6gi,MOH - Uganda,Tooro,Kyenjojo District,Kyenjojo DLG
xMoBB3hrvwm,MOH - Uganda,South Buganda,Wakiso District,Kira Municipality
xmpjTKGod8W,MOH - Uganda,Bugisu,Mbale City,Mbale City Council
xMuZM28h4kB,MOH - Uganda,North Buganda,Mukono District,Mukono Municipality
XmVCb2ZX8K5,MOH - Uganda,South Buganda,Wakiso District,Nansana Municipality
XmvYtFhTdHH,MOH - Uganda,Kampala,Kampala District,Kampala City Council
xn5R1XsfrWg,MOH - Uganda,Teso,Soroti City,Soroti City Council
XNfwjirf4XH,MOH - Uganda,South Buganda,Wakiso District,Wakiso DLG
XNgY6vmosgX,MOH - Uganda,Acholi,Nwoya District,Nwoya DLG
XNLtmr7pmjB,MOH - Uganda,Teso,Serere District,Serere DLG
xNphiHRcbCC,MOH - Uganda,Tooro,Kitagwenda District,Kitagwenda DLG
XnPQlQgblKS,MOH - Uganda,North Buganda,Kyankwanzi District,Kyankwanzi DLG
XNQ0Lkl8UIj,MOH - Uganda,Tooro,Fort Portal City,Fort Portal City Council
XNtIAeZw6jh,MOH - Uganda,North Buganda,Kyankwanzi District,Kyankwanzi DLG
xO0dHAa2wFK,MOH - Uganda,Bunyoro,Kiryandongo District,Kiryandongo DLG
Xo6OPz7G9Vi,MOH - Uganda,Bunyoro,Kagadi District,Kagadi DLG
Xo9fgk0Rvg6,MOH - Uganda,Ankole,Mbarara District,Mbarara DLG
XOBBNAYa4e4,MOH - Uganda,Kampala,Kampala District,Kampala City Council
XOEawtEoiY1,MOH - Uganda,South Buganda,Wakiso District,Wakiso DLG
XoFL7XGXuku,MOH - Uganda,South Buganda,Wakiso District,Wakiso DLG
XOOHZdLmPvN,MOH - Uganda,Tooro,Kasese District,Kasese DLG
XP0BoCrvZxl,MOH - Uganda,Kampala,Kampala District,Kampala City Council
xP2J8wszUrR,MOH - Uganda,South Buganda,Kyotera District,Kyotera DLG
xP3soJOFnN5,MOH - Uganda,South Buganda,Wakiso District,Wakiso DLG
xP7LsYRr2gH,MOH - Uganda,Bugisu,Bukwo District,Bukwo DLG
XPaBDpSgDpT,MOH - Uganda,Kampala,Kampala District,Kampala City Council
xpfoySoqqeO,MOH - Uganda,Tooro,Bundibugyo District,Bundibugyo DLG
XpJak3aZzRX,MOH - Uganda,West Nile,Arua City,Arua City Council
XPjxXhaBE3u,MOH - Uganda,Kampala,Kampala District,Kampala City Council
XPk7IFirJ5S,MOH - Uganda,South Buganda,Mpigi District,Mpigi DLG
XPlqjxDtXXO,MOH - Uganda,Bugisu,Mbale City,Mbale City Council
xpNeIK4ewLA,MOH - Uganda,Bukedi,Tororo District,Tororo DLG
XppP0feoxJE,MOH - Uganda,Kampala,Kampala District,Kampala City Council
XprS3GX3WVC,MOH - Uganda,South Buganda,Sembabule District,Sembabule DLG
XpSHs0t1rtF,MOH - Uganda,Acholi,Gulu City,Gulu City Council
Xq3SLAKfO5G,MOH - Uganda,North Buganda,Mityana District,Mityana DLG
xQaVvNKF90F,MOH - Uganda,Tooro,Kyegegwa District,Kyegegwa DLG
XQCqKzjyAZg,MOH - Uganda,Ankole,Mbarara District,Mbarara DLG
XqLaFT52ll0,MOH - Uganda,Busoga,Jinja District,Jinja DLG
xQLOJzHvVzo,MOH - Uganda,Kampala,Kampala District,Kampala City Council
XQqrn8K8jyL,MOH - Uganda,Lango,Amolatar District,Amolatar DLG
XqrJXRzDCYn,MOH - Uganda,Bukedi,Tororo District,Tororo DLG
XQwQJoJ40dG,MOH - Uganda,North Buganda,Buikwe District,Njeru Municipality
xR0VrzoNjYi,MOH - Uganda,West Nile,Pakwach District,Pakwach DLG
xrb8YK1knDK,MOH - Uganda,Tooro,Kasese District,Kasese Municipality
xRGI9XPpYLG,MOH - Uganda,Teso,Kalaki District,Kalaki DLG
xRGrFsQAtiW,MOH - Uganda,Kampala,Kampala District,Kampala City Council
XrlL0on7bQ1,MOH - Uganda,Bunyoro,Kiryandongo District,Kiryandongo DLG
XRMXI2fhgoK,MOH - Uganda,Tooro,Kyenjojo District,Kyenjojo DLG
XrQ7zl8YF0M,MOH - Uganda,Teso,Serere District,Serere DLG
xrqX9NsoWWe,MOH - Uganda,West Nile,Zombo District,Zombo DLG
XRro7leLQww,MOH - Uganda,Kampala,Kampala District,Kampala City Council
xRyghoPrl27,MOH - Uganda,Bukedi,Butebo District,Butebo DLG
Xs7g1RGXxCx,MOH - Uganda,Kampala,Kampala District,Kampala City Council
XsBFKStcpG8,MOH - Uganda,South Buganda,Rakai District,Rakai DLG
XSdqoKX2jQS,MOH - Uganda,Bugisu,Kapchorwa District,Kapchorwa Municipality
XSDZ6uBORCy,MOH - Uganda,Ankole,Rubirizi District,Rubirizi DLG
xsjIqNYjwMF,MOH - Uganda,South Buganda,Wakiso District,Wakiso DLG
XsLMulDu2aw,MOH - Uganda,South Buganda,Gomba District,Gomba DLG
XSmIsJuGcOB,MOH - Uganda,Kampala,Kampala District,Kampala City Council
XT7BDvjTsk3,MOH - Uganda,West Nile,Terego District,Terego DLG
XTAx6eBkPBM,MOH - Uganda,Busoga,Iganga District,Iganga Municipality
xTjgkx8i9Wq,MOH - Uganda,Kampala,Kampala District,Kampala City Council
xTlGtAuyEHh,MOH - Uganda,West Nile,Arua City,Arua City Council
XtoI9233bvR,MOH - Uganda,Busoga,Bugiri District,Bugiri DLG
xTTc0XQndvv,MOH - Uganda,Ankole,Ibanda District,Ibanda DLG
XTwvUtRyfpD,MOH - Uganda,Kampala,Kampala District,Kampala City Council
Xtzy27cN1t8,MOH - Uganda,South Buganda,Wakiso District,Nansana Municipality
xuCJ8NBomxP,MOH - Uganda,South Buganda,Butambala District,Butambala DLG
xUfMCYcr2xi,MOH - Uganda,Bukedi,Busia District,Busia DLG
xugEpHNJ689,MOH - Uganda,South Buganda,Wakiso District,Wakiso DLG
XUKIpT4TkTe,MOH - Uganda,North Buganda,Mityana District,Mityana DLG
xUMPzABgfLc,MOH - Uganda,South Buganda,Kalungu District,Kalungu DLG
xutXNJwdyaK,MOH - Uganda,Acholi,Pader District,Pader DLG
XuummkDfiEK,MOH - Uganda,Tooro,Kamwenge District,Kamwenge DLG
XuXmwfkm9VP,MOH - Uganda,South Buganda,Kyotera District,Kyotera DLG
XuyO4YTaFOG,MOH - Uganda,Tooro,Kitagwenda District,Kitagwenda DLG
xVcciOrRKKB,MOH - Uganda,Kigezi,Kanungu District,Kanungu DLG
xvDC7X4Fs6o,MOH - Uganda,Tooro,Kasese District,Kasese DLG
xvG1dXDu1D1,MOH - Uganda,West Nile,Terego District,Terego DLG
xviaeTbVFTq,MOH - Uganda,Kampala,Kampala District,Kampala City Council
Xvlhtzq0LcX,MOH - Uganda,Tooro,Kyenjojo District,Kyenjojo DLG
XVlKPQYqqfK,MOH - Uganda,North Buganda,Kyankwanzi District,Kyankwanzi DLG
xVmiaKB3dHI,MOH - Uganda,Bugisu,Bududa District,Bududa DLG
XvNvwaRITIS,MOH - Uganda,Busoga,Kamuli District,Kamuli DLG
xVpw6U5qGMy,MOH - Uganda,Ankole,Kazo District,Kazo DLG
xVPYvQeLEFO,MOH - Uganda,North Buganda,Kayunga District,Kayunga DLG
xvR1cvpDf84,MOH - Uganda,Kampala,Kampala District,Kampala City Council
xvsvbPNHC2I,MOH - Uganda,Busoga,Mayuge District,Mayuge DLG
Xvt0nRCNyrC,MOH - Uganda,South Buganda,Gomba District,Gomba DLG
XVuXnHVdeq2,MOH - Uganda,Kampala,Kampala District,Kampala City Council
XVWLWELsXtq,MOH - Uganda,Tooro,Kasese District,Kasese DLG
XvZPDBgzWFf,MOH - Uganda,South Buganda,Wakiso District,Nansana Municipality
XWcHYLn0r9c,MOH - Uganda,Kampala,Kampala District,Kampala City Council
xWciTkoF28c,MOH - Uganda,Kampala,Kampala District,Kampala City Council
xWhC0f1NxE0,MOH - Uganda,Teso,Kumi District,Kumi DLG
XWHVAC4tZ9Y,MOH - Uganda,North Buganda,Kassanda District,Kassanda DLG
XwhywEC2nrF,MOH - Uganda,South Buganda,Rakai District,Rakai DLG
xwJzotSwW81,MOH - Uganda,Bugisu,Bukwo District,Bukwo DLG
xWM2sSvwLKf,MOH - Uganda,Kampala,Kampala District,Kampala City Council
xWMw3MH0jWp,MOH - Uganda,South Buganda,Wakiso District,Nansana Municipality
xwonwwyugbt,MOH - Uganda,North Buganda,Nakaseke District,Nakaseke DLG
XWqf7PB1OaR,MOH - Uganda,Ankole,Isingiro District,Isingiro DLG
xWyOAKbJQ1q,MOH - Uganda,South Buganda,Wakiso District,Wakiso DLG
Xwz20DIVLGU,MOH - Uganda,South Buganda,Sembabule District,Sembabule DLG
xxAS6Y0PckH,MOH - Uganda,South Buganda,Wakiso District,Entebbe Municipality
xxFbUMb5Sgn,MOH - Uganda,Busoga,Namutumba District,Namutumba DLG
xXR2XuSrvb2,MOH - Uganda,Kampala,Kampala District,Kampala City Council
xXRerG4NkOA,MOH - Uganda,North Buganda,Mityana District,Mityana Municipality
xxukfjPreUj,MOH - Uganda,Acholi,Omoro District,Omoro DLG
xXyZHTAldd9,MOH - Uganda,Busoga,Kamuli District,Kamuli DLG
xxzALQB0Mg1,MOH - Uganda,Kampala,Kampala District,Kampala City Council
xy0cA8KnSa4,MOH - Uganda,Kampala,Kampala District,Kampala City Council
Xy68nw811b4,MOH - Uganda,South Buganda,Wakiso District,Nansana Municipality
xYbII9uvF5o,MOH - Uganda,West Nile,Nebbi District,Nebbi DLG
XyfpsL8lcl6,MOH - Uganda,Kampala,Kampala District,Kampala City Council
XyJT72vIq1c,MOH - Uganda,South Buganda,Wakiso District,Makindye Ssabagabo Municipality
xyMEttW1Wl5,MOH - Uganda,Ankole,Isingiro District,Isingiro DLG
xynuNzGOiim,MOH - Uganda,South Buganda,Wakiso District,Nansana Municipality
xyorcphmWmR,MOH - Uganda,South Buganda,Wakiso District,Makindye Ssabagabo Municipality
xyPQWpIId6U,MOH - Uganda,West Nile,Arua City,Arua City Council
XyQOt9FlVin,MOH - Uganda,Acholi,Kitgum District,Kitgum Municipality
xYWG0QUOzVj,MOH - Uganda,Kampala,Kampala District,Kampala City Council
XyxKGf6XkIE,MOH - Uganda,Tooro,Kasese District,Kasese DLG
xYZq8eBXMrD,MOH - Uganda,North Buganda,Mubende District,Mubende Municipality
xz1FbbXXtew,MOH - Uganda,Bukedi,Butebo District,Butebo DLG
xZ5yOtNRxJ8,MOH - Uganda,South Buganda,Rakai District,Rakai DLG
XZa4SYQnoIa,MOH - Uganda,South Buganda,Sembabule District,Sembabule DLG
xZaee0TTbQo,MOH - Uganda,Ankole,Mbarara City,Mbarara City Council
XZAQLERYjxt,MOH - Uganda,South Buganda,Wakiso District,Wakiso DLG
xzB84Cpdcuk,MOH - Uganda,Ankole,Ibanda District,Ibanda DLG
XZNjawFfE3J,MOH - Uganda,Kampala,Kampala District,Kampala City Council
xzolzQxNmHM,MOH - Uganda,Lango,Kole District,Kole DLG
xzRSc5XHzys,MOH - Uganda,Lango,Kwania District,Kwania DLG
Y0A3UgeXcko,MOH - Uganda,Bugisu,Sironko District,Sironko DLG
y0jyxLYHviR,MOH - Uganda,North Buganda,Kassanda District,Kassanda DLG
Y0RDb9pJwsh,MOH - Uganda,North Buganda,Kayunga District,Kayunga DLG
y0XcpybCou1,MOH - Uganda,Lango,Apac District,Apac DLG
Y0XE9vH5Oeg,MOH - Uganda,West Nile,Adjumani District,Adjumani DLG
y0xZU23EQaH,MOH - Uganda,Kampala,Kampala District,Kampala City Council
y19hhLtQvvl,MOH - Uganda,South Buganda,Wakiso District,Kira Municipality
Y1aTreUsUZn,MOH - Uganda,Acholi,Amuru District,Amuru DLG
y1cOvMbP4UZ,MOH - Uganda,Lango,Lira District,Lira DLG
y1S7Kh163t9,MOH - Uganda,Ankole,Ntungamo District,Ntungamo DLG
Y2aqa2x2Ag9,MOH - Uganda,Teso,Katakwi District,Katakwi DLG
Y2g4sD1OGIa,MOH - Uganda,South Buganda,Masaka District,Masaka DLG
y2hTy5ujpNG,MOH - Uganda,South Buganda,Wakiso District,Wakiso DLG
Y2Sy4LLLweE,MOH - Uganda,South Buganda,Wakiso District,Nansana Municipality
Y2ZwyIiHJka,MOH - Uganda,Lango,Oyam District,Oyam DLG
y395nQqLYeV,MOH - Uganda,Kampala,Kampala District,Kampala City Council
Y3gwNn2grxx,MOH - Uganda,South Buganda,Wakiso District,Makindye Ssabagabo Municipality
y3HjUT18YAL,MOH - Uganda,North Buganda,Kyankwanzi District,Kyankwanzi DLG
Y3hpndpv6cR,MOH - Uganda,Tooro,Fort Portal City,Fort Portal City Council
Y3K5vv9cdJ7,MOH - Uganda,Kampala,Kampala District,Kampala City Council
Y3QzK6JqIXg,MOH - Uganda,Tooro,Kabarole District,Kabarole DLG
Y4ol7ROPMxQ,MOH - Uganda,Kigezi,Kanungu District,Kanungu DLG
y4svkyYtXws,MOH - Uganda,Kampala,Kampala District,Kampala City Council
y4zYqChRaAD,MOH - Uganda,Bukedi,Tororo District,Tororo DLG
Y5ighgzxrUT,MOH - Uganda,North Buganda,Mubende District,Mubende DLG
y5TRay9JL2E,MOH - Uganda,Kigezi,Kisoro District,Kisoro Municipality
Y6HWuEiOwo8,MOH - Uganda,Acholi,Nwoya District,Nwoya DLG
y6iAB1wMhZy,MOH - Uganda,North Buganda,Mukono District,Mukono Municipality
y6obJSQlHLE,MOH - Uganda,Acholi,Gulu City,Gulu City Council
y6p5eLimu2C,MOH - Uganda,Busoga,Namayingo District,Namayingo DLG
Y71rWbK8N1n,MOH - Uganda,South Buganda,Wakiso District,Kira Municipality
y79MyvDLZeo,MOH - Uganda,Kampala,Kampala District,Kampala City Council
Y7AAzZu1IrM,MOH - Uganda,North Buganda,Kayunga District,Kayunga DLG
Y7Bm1DULPCy,MOH - Uganda,Busoga,Kamuli District,Kamuli Municipality
Y7dBwHO0Oti,MOH - Uganda,South Buganda,Lyantonde District,Lyantonde DLG
y7dPZ228JMz,MOH - Uganda,Kampala,Kampala District,Kampala City Council
Y7E0R7jy1qx,MOH - Uganda,Kigezi,Rukiga District,Rukiga DLG
y7qvRAg2DPb,MOH - Uganda,Kampala,Kampala District,Kampala City Council
Y7XKVrGNA6d,MOH - Uganda,Bunyoro,Kikuube District,Kikuube DLG
Y8iMiAdML55,MOH - Uganda,South Buganda,Lyantonde District,Lyantonde DLG
Y8KoASM6IBB,MOH - Uganda,Kampala,Kampala District,Kampala City Council
y8q1syPdfdK,MOH - Uganda,Acholi,Agago District,Agago DLG
Y8reI7wcdZP,MOH - Uganda,Kigezi,Kabale District,Kabale DLG
Y8UhpQhdeP2,MOH - Uganda,North Buganda,Luwero District,Luwero DLG
Y98bTyeqta2,MOH - Uganda,Kampala,Kampala District,Kampala City Council
Y9JCoDv9KEE,MOH - Uganda,South Buganda,Wakiso District,Wakiso DLG
y9Skn2OFRRA,MOH - Uganda,South Buganda,Wakiso District,Wakiso DLG
y9WL2d7Zr9p,MOH - Uganda,Karamoja,Moroto District,Moroto Municipality
YA2OODV9i5K,MOH - Uganda,South Buganda,Kyotera District,Kyotera DLG
Ya7rTeUc2Dy,MOH - Uganda,Bunyoro,Kiryandongo District,Kiryandongo DLG
YaiKUhyiVX9,MOH - Uganda,South Buganda,Wakiso District,Wakiso DLG
YALwAKKHQlj,MOH - Uganda,South Buganda,Lyantonde District,Lyantonde DLG
yApOnywci25,MOH - Uganda,South Buganda,Wakiso District,Entebbe Municipality
YasMLjFTmRD,MOH - Uganda,Ankole,Ntungamo District,Ntungamo Municipality
yAtQPOJepli,MOH - Uganda,South Buganda,Wakiso District,Wakiso DLG
YaUCgS8WMMW,MOH - Uganda,North Buganda,Mubende District,Mubende DLG
ybcveLb40hN,MOH - Uganda,Busoga,Kamuli District,Kamuli DLG
YbhFZDzgZEB,MOH - Uganda,Ankole,Ntungamo District,Ntungamo DLG
yBhNL74ayWW,MOH - Uganda,Kampala,Kampala District,Kampala City Council
yBop0LBKQCs,MOH - Uganda,Ankole,Ntungamo District,Ntungamo DLG
yBp7s5Kti5g,MOH - Uganda,Acholi,Omoro District,Omoro DLG
ybSnsdFkWFK,MOH - Uganda,Bukedi,Tororo District,Tororo DLG
YbtIUFv6PHM,MOH - Uganda,Busoga,Bugiri District,Bugiri DLG
YC3fzXtR8AR,MOH - Uganda,North Buganda,Luwero District,Luwero DLG
yC5rgTEjfVO,MOH - Uganda,South Buganda,Mpigi District,Mpigi DLG
Yca2zDcsCNj,MOH - Uganda,Kampala,Kampala District,Kampala City Council
yCCHLLDEDqd,MOH - Uganda,Tooro,Bunyangabu District,Bunyangabu DLG
YcCOu3egHyJ,MOH - Uganda,South Buganda,Wakiso District,Makindye Ssabagabo Municipality
yCcx2K1etK5,MOH - Uganda,Kampala,Kampala District,Kampala City Council
YCfOSdtGoec,MOH - Uganda,Busoga,Kamuli District,Kamuli DLG
ycL2DGQQLrF,MOH - Uganda,South Buganda,Wakiso District,Entebbe Municipality
YcMgrtcbVpk,MOH - Uganda,West Nile,Pakwach District,Pakwach DLG
YCN7Zj5NZAg,MOH - Uganda,Kampala,Kampala District,Kampala City Council
ycqbBw3WcqA,MOH - Uganda,Tooro,Kasese District,Kasese DLG
YDb5u6lQJbD,MOH - Uganda,Kampala,Kampala District,Kampala City Council
ydIKninh5ZG,MOH - Uganda,South Buganda,Kyotera District,Kyotera DLG
yDM46cZNIhP,MOH - Uganda,West Nile,Zombo District,Zombo DLG
YdMEHzviTQC,MOH - Uganda,Bukedi,Tororo District,Tororo DLG
yDPmjwoOIxi,MOH - Uganda,Lango,Alebtong District,Alebtong DLG
yDsIVwnQTnb,MOH - Uganda,Busoga,Mayuge District,Mayuge DLG
ydTla4pRl3J,MOH - Uganda,Ankole,Kazo District,Kazo DLG
yeDXYRbILNm,MOH - Uganda,South Buganda,Wakiso District,Nansana Municipality
YEgOR0cGGnF,MOH - Uganda,Bukedi,Butaleja District,Butaleja DLG
yeHFMRh40Ma,MOH - Uganda,Lango,Kwania District,Kwania DLG
yehYIdS1v5P,MOH - Uganda,Kampala,Kampala District,Kampala City Council
YejQfmAqgJ5,MOH - Uganda,Tooro,Kasese District,Kasese Municipality
YelOAeRskJ0,MOH - Uganda,West Nile,Zombo District,Zombo DLG
yEukLFOEQ1X,MOH - Uganda,Acholi,Omoro District,Omoro DLG
YEVW0miclDn,MOH - Uganda,North Buganda,Mityana District,Mityana DLG
YeZ4r5RuqZk,MOH - Uganda,South Buganda,Wakiso District,Makindye Ssabagabo Municipality
yF2Uq30tJNs,MOH - Uganda,Kampala,Kampala District,Kampala City Council
YF5o9Y6GXPZ,MOH - Uganda,Kampala,Kampala District,Kampala City Council
YfD56tpfRku,MOH - Uganda,Kampala,Kampala District,Kampala City Council
yfEXqa4COUS,MOH - Uganda,North Buganda,Buikwe District,Buikwe DLG
yfjMc2DtT3H,MOH - Uganda,West Nile,Nebbi District,Nebbi DLG
YFOyh05Z6a9,MOH - Uganda,Kampala,Kampala District,Kampala City Council
YFyMK0BnLsG,MOH - Uganda,Bukedi,Butaleja District,Butaleja DLG
YfZcNRt0X9g,MOH - Uganda,Kampala,Kampala District,Kampala City Council
yG1BLkelXXL,MOH - Uganda,Busoga,Namutumba District,Namutumba DLG
Yg2fCt03DAE,MOH - Uganda,Lango,Oyam District,Oyam DLG
yG7IbrT2ew9,MOH - Uganda,Kampala,Kampala District,Kampala City Council
YGb3TGRjmYq,MOH - Uganda,Kampala,Kampala District,Kampala City Council
yGBkMoiQXWX,MOH - Uganda,West Nile,Moyo District,Moyo DLG
YgE3eykvbDy,MOH - Uganda,Kampala,Kampala District,Kampala City Council
ygGFIj1RyvK,MOH - Uganda,Lango,Lira City,Lira City Council
ygGN15RPkJR,MOH - Uganda,Busoga,Bugiri District,Bugiri DLG
yGhoDGSeyLN,MOH - Uganda,Teso,Amuria District,Amuria DLG
YGIoDeKaKA5,MOH - Uganda,Tooro,Kasese District,Kasese DLG
YgkreXCD7li,MOH - Uganda,South Buganda,Masaka City,Masaka City Council
YgM8d9E9oQa,MOH - Uganda,Kampala,Kampala District,Kampala City Council
ygo2bleeQct,MOH - Uganda,South Buganda,Wakiso District,Wakiso DLG
ygTUi4HvPHJ,MOH - Uganda,Acholi,Pader District,Pader DLG
YGujdgvC0rC,MOH - Uganda,Kampala,Kampala District,Kampala City Council
Ygv5366dTvl,MOH - Uganda,Kampala,Kampala District,Kampala City Council
Yh1BzXBQqWd,MOH - Uganda,Busoga,Mayuge District,Mayuge DLG
yH4J1uH5uzc,MOH - Uganda,Kampala,Kampala District,Kampala City Council
YhAPSJ5Z1rX,MOH - Uganda,Kampala,Kampala District,Kampala City Council
Yhk8Jfw22H9,MOH - Uganda,Busoga,Luuka District,Luuka DLG
yHKSwGqmyt8,MOH - Uganda,Kigezi,Rukungiri District,Rukungiri DLG
YhPJwSvxDcC,MOH - Uganda,Lango,Kwania District,Kwania DLG
yHtVUYxySl7,MOH - Uganda,Kampala,Kampala District,Kampala City Council
YHVFO0gdcBy,MOH - Uganda,West Nile,Arua City,Arua City Council
YHWyTp8UP5B,MOH - Uganda,Kampala,Kampala District,Kampala City Council
YHyfR8qUYnj,MOH - Uganda,Kigezi,Kabale District,Kabale Municipality
Yi0ELKJkJS7,MOH - Uganda,Busoga,Jinja City,Jinja City Council
YI72809UgSd,MOH - Uganda,Kigezi,Kabale District,Kabale DLG
YibSoW6hYGt,MOH - Uganda,Kampala,Kampala District,Kampala City Council
yIGyE8JpuyY,MOH - Uganda,North Buganda,Luwero District,Luwero DLG
yIhsj2bSacy,MOH - Uganda,North Buganda,Mubende District,Mubende Municipality
YiiEgLjAdyx,MOH - Uganda,Bugisu,Mbale District,Mbale DLG
yiKqxSmq92f,MOH - Uganda,Lango,Apac District,Apac DLG
yiMoyhYTQTE,MOH - Uganda,North Buganda,Mukono District,Mukono DLG
YIqJDGORVqO,MOH - Uganda,North Buganda,Luwero District,Luwero DLG
YItBJnkJB9J,MOH - Uganda,Kigezi,Kisoro District,Kisoro DLG
YIxPa3eWbPq,MOH - Uganda,Bukedi,Kibuku District,Kibuku DLG
yizcjGSBkYs,MOH - Uganda,Kampala,Kampala District,Kampala City Council
yj1g0uy0fXZ,MOH - Uganda,Busoga,Bugiri District,Bugiri DLG
yJ3ITwurZEJ,MOH - Uganda,Kampala,Kampala District,Kampala City Council
YJ4JY0u0snU,MOH - Uganda,South Buganda,Wakiso District,Wakiso DLG
yjHtPXYW0ir,MOH - Uganda,South Buganda,Lwengo District,Lwengo DLG
YjHuDt86ndQ,MOH - Uganda,Karamoja,Napak District,Napak DLG
YJHyibU4rwC,MOH - Uganda,Kampala,Kampala District,Kampala City Council
YjjuB9KPZBR,MOH - Uganda,North Buganda,Luwero District,Luwero DLG
YjkflYankYx,MOH - Uganda,Kampala,Kampala District,Kampala City Council
yJNtR9S3CZZ,MOH - Uganda,Busoga,Bugiri District,Bugiri DLG
yjOK1KW77KI,MOH - Uganda,Kampala,Kampala District,Kampala City Council
yJU60ukixIS,MOH - Uganda,South Buganda,Mpigi District,Mpigi DLG
YjV2d7MpaAz,MOH - Uganda,South Buganda,Wakiso District,Nansana Municipality
YJz6q902UGT,MOH - Uganda,Teso,Kapelebyong District,Kapelebyong DLG
ykaVNljGEnk,MOH - Uganda,Bukedi,Tororo District,Tororo DLG
YkBBFeYKfJJ,MOH - Uganda,Kigezi,Kisoro District,Kisoro DLG
yKHWKN5boji,MOH - Uganda,Bunyoro,Kakumiro District,Kakumiro DLG
YkLkGLk2Xxz,MOH - Uganda,Lango,Otuke District,Otuke DLG
yKnFg0zI7sP,MOH - Uganda,South Buganda,Wakiso District,Entebbe Municipality
YkSJ96XhKro,MOH - Uganda,Bukedi,Kibuku District,Kibuku DLG
YKum2vHCUAD,MOH - Uganda,Busoga,Jinja District,Jinja DLG
YKW2twSLRHF,MOH - Uganda,Ankole,Ntungamo District,Ntungamo DLG
YKxOBJkX9AS,MOH - Uganda,Bukedi,Pallisa District,Pallisa DLG
yl4kni5hOSa,MOH - Uganda,North Buganda,Buikwe District,Buikwe DLG
YL64Ck2VvRC,MOH - Uganda,Tooro,Kyenjojo District,Kyenjojo DLG
yL7VDkAvl7Z,MOH - Uganda,Kigezi,Rukungiri District,Rukungiri Municipality
yLA9yhHgR9J,MOH - Uganda,North Buganda,Kayunga District,Kayunga DLG
YlBTCifHxhB,MOH - Uganda,Kampala,Kampala District,Kampala City Council
yLdZJn7Djck,MOH - Uganda,Kampala,Kampala District,Kampala City Council
YLg5BBIwngW,MOH - Uganda,Bukedi,Tororo District,Tororo DLG
YlgW3mVo9uu,MOH - Uganda,Busoga,Bugweri District,Bugweri DLG
yliSQxc1HA2,MOH - Uganda,Acholi,Omoro District,Omoro DLG
ylMH359hl4f,MOH - Uganda,Kampala,Kampala District,Kampala City Council
Yln0chrxRgX,MOH - Uganda,South Buganda,Mpigi District,Mpigi DLG
yLsKrAKzrCy,MOH - Uganda,South Buganda,Wakiso District,Wakiso DLG
YLwAhOTWHrQ,MOH - Uganda,Acholi,Gulu City,Gulu City Council
yM6f1QC8fPA,MOH - Uganda,North Buganda,Buikwe District,Njeru Municipality
YmagZelm2ti,MOH - Uganda,Kampala,Kampala District,Kampala City Council
YmajE5Uguta,MOH - Uganda,Tooro,Kitagwenda District,Kitagwenda DLG
YmJQuEhzYcy,MOH - Uganda,Busoga,Kaliro District,Kaliro DLG
ymleuBvarhx,MOH - Uganda,Kampala,Kampala District,Kampala City Council
yMnNUBDNr21,MOH - Uganda,West Nile,Yumbe District,Yumbe DLG
ynatvEoBz7A,MOH - Uganda,Acholi,Pader District,Pader DLG
YneHreQZJVV,MOH - Uganda,South Buganda,Wakiso District,Makindye Ssabagabo Municipality
YNfuySwUSwY,MOH - Uganda,Busoga,Luuka District,Luuka DLG
YNvR5YZKJZP,MOH - Uganda,North Buganda,Mukono District,Mukono Municipality
YNwbgYdigm5,MOH - Uganda,Tooro,Kyenjojo District,Kyenjojo DLG
ynZ2uFLfTTa,MOH - Uganda,Kampala,Kampala District,Kampala City Council
yNzhd0wG9MO,MOH - Uganda,Kigezi,Rukungiri District,Rukungiri Municipality
yodkMMtT3q1,MOH - Uganda,Kampala,Kampala District,Kampala City Council
yOdTvdj9LEM,MOH - Uganda,Ankole,Kazo District,Kazo DLG
yOdVxTrce8V,MOH - Uganda,Kampala,Kampala District,Kampala City Council
YofAXKzjiUD,MOH - Uganda,Bukedi,Busia District,Busia DLG
YOMLeJZxwzz,MOH - Uganda,Ankole,Ntungamo District,Ntungamo DLG
YONDrE3sJZW,MOH - Uganda,Kigezi,Kisoro District,Kisoro DLG
YonWf63H6nG,MOH - Uganda,Lango,Kwania District,Kwania DLG
YoVxNvnAThP,MOH - Uganda,North Buganda,Mukono District,Mukono DLG
yOyIk76KVtb,MOH - Uganda,Kampala,Kampala District,Kampala City Council
yOzYKPK76Bq,MOH - Uganda,South Buganda,Kalangala District,Kalangala DLG
yP6WiIyFAj7,MOH - Uganda,Ankole,Sheema District,Sheema DLG
yPDFTNrl2wC,MOH - Uganda,South Buganda,Wakiso District,Makindye Ssabagabo Municipality
yPDkm2J6WfW,MOH - Uganda,South Buganda,Kalungu District,Kalungu DLG
YpdpeBdi63s,MOH - Uganda,Ankole,Mitooma District,Mitooma DLG
YPdUkcAD8va,MOH - Uganda,Teso,Soroti City,Soroti City Council
ypkJ3um4I9E,MOH - Uganda,Kampala,Kampala District,Kampala City Council
YPlHbPjX1cT,MOH - Uganda,Kampala,Kampala District,Kampala City Council
ypTdjdfOiN7,MOH - Uganda,Ankole,Kiruhura District,Kiruhura DLG
yPTGuXpZMGB,MOH - Uganda,Busoga,Luuka District,Luuka DLG
YpVZZL7ezT0,MOH - Uganda,Kampala,Kampala District,Kampala City Council
YpxKxgysXnS,MOH - Uganda,North Buganda,Mukono District,Mukono Municipality
Yq0319u2XE5,MOH - Uganda,Bunyoro,Masindi District,Masindi Municipality
yq2uLomAvbi,MOH - Uganda,Kampala,Kampala District,Kampala City Council
YQ72oYgubbn,MOH - Uganda,South Buganda,Lyantonde District,Lyantonde DLG
YqEHprBuGhN,MOH - Uganda,Kigezi,Rukungiri District,Rukungiri DLG
yQFmhfsTcwd,MOH - Uganda,Kampala,Kampala District,Kampala City Council
YqG4113ITqB,MOH - Uganda,West Nile,Obongi District,Obongi DLG
yQHMXAqGkgI,MOH - Uganda,South Buganda,Wakiso District,Kira Municipality
YQHYY7tXAcO,MOH - Uganda,Kigezi,Rukungiri District,Rukungiri Municipality
yQi8n3U0EbO,MOH - Uganda,Bukedi,Tororo District,Tororo DLG
yQR0hnREV7t,MOH - Uganda,Busoga,Mayuge District,Mayuge DLG
YQSvuniimPN,MOH - Uganda,South Buganda,Lyantonde District,Lyantonde DLG
Yr843NBuL9D,MOH - Uganda,Bukedi,Busia District,Busia Municipality
YRBGRXcK7WV,MOH - Uganda,North Buganda,Luwero District,Luwero DLG
YrbvkUaWpi1,MOH - Uganda,Lango,Kwania District,Kwania DLG
YRDyruTW7wl,MOH - Uganda,Ankole,Ibanda District,Ibanda DLG
YrkakWJwOne,MOH - Uganda,Kampala,Kampala District,Kampala City Council
yRMOMjU7HsA,MOH - Uganda,South Buganda,Kyotera District,Kyotera DLG
YRpWaLWC2j5,MOH - Uganda,Kampala,Kampala District,Kampala City Council
YS1I62rL00h,MOH - Uganda,Teso,Soroti City,Soroti City Council
Ys3uzgCoXf7,MOH - Uganda,Tooro,Kamwenge District,Kamwenge DLG
yS5apSh4haE,MOH - Uganda,Teso,Kumi District,Kumi Municipality
ysJmTEFHRJz,MOH - Uganda,North Buganda,Mubende District,Mubende Municipality
YSNmhYkEioY,MOH - Uganda,Kampala,Kampala District,Kampala City Council
yso7C4zIc9Y,MOH - Uganda,Kampala,Kampala District,Kampala City Council
yt21GYHGs9Z,MOH - Uganda,Ankole,Sheema District,Sheema DLG
Yt5KV7Q0Zp4,MOH - Uganda,Acholi,Lamwo District,Lamwo DLG
yT60AqMrsx5,MOH - Uganda,North Buganda,Mukono District,Mukono DLG
YT64DmUAhbj,MOH - Uganda,Kampala,Kampala District,Kampala City Council
YTBLK7mhWSM,MOH - Uganda,South Buganda,Wakiso District,Makindye Ssabagabo Municipality
YTCehe1KMvF,MOH - Uganda,North Buganda,Nakaseke District,Nakaseke DLG
YTdxlEQThAq,MOH - Uganda,Kampala,Kampala District,Kampala City Council
YTeUj7CzWUv,MOH - Uganda,South Buganda,Wakiso District,Wakiso DLG
yTiFUUFQEfd,MOH - Uganda,Kampala,Kampala District,Kampala City Council
yTiZaVCinTc,MOH - Uganda,Ankole,Sheema District,Sheema Municipality
yTm8tdsMtss,MOH - Uganda,South Buganda,Wakiso District,Kira Municipality
ytoEiEpwMps,MOH - Uganda,Kampala,Kampala District,Kampala City Council
ytpNGyNQyIv,MOH - Uganda,West Nile,Adjumani District,Adjumani DLG
Yts6VtyPYQ4,MOH - Uganda,Ankole,Ibanda District,Ibanda Municipality
ytsBUQOxou7,MOH - Uganda,Tooro,Kasese District,Kasese DLG
yTuxIjyNFxN,MOH - Uganda,Bunyoro,Buliisa District,Buliisa DLG
yTVIFlAzVwb,MOH - Uganda,Karamoja,Napak District,Napak DLG
YTxnLBZCFwA,MOH - Uganda,Kigezi,Rubanda District,Rubanda DLG
ytXydLyucAl,MOH - Uganda,Tooro,Kitagwenda District,Kitagwenda DLG
YTYOolNiu9C,MOH - Uganda,Busoga,Bugiri District,Bugiri Municipality
YUaxNtqNWFW,MOH - Uganda,Busoga,Jinja City,Jinja City Council
YuEmzNR0L9A,MOH - Uganda,North Buganda,Kiboga District,Kiboga DLG
YuUpqfwLsis,MOH - Uganda,Kigezi,Rukiga District,Rukiga DLG
YUxhiO9JI6k,MOH - Uganda,Kigezi,Rukungiri District,Rukungiri DLG
yV1l7X3U9ZG,MOH - Uganda,Teso,Amuria District,Amuria DLG
yV5BS4wr7Q1,MOH - Uganda,Busoga,Bugiri District,Bugiri DLG
YV7y1jVps8G,MOH - Uganda,Busoga,Mayuge District,Mayuge DLG
yVehCOuhkpy,MOH - Uganda,Kampala,Kampala District,Kampala City Council
yvf8xZpJosS,MOH - Uganda,Kampala,Kampala District,Kampala City Council
YVFR8N62ego,MOH - Uganda,Ankole,Kazo District,Kazo DLG
yVfysxEDePw,MOH - Uganda,South Buganda,Butambala District,Butambala DLG
YVhArPeeZN8,MOH - Uganda,Kampala,Kampala District,Kampala City Council
yvkSZFdKzwd,MOH - Uganda,Kampala,Kampala District,Kampala City Council
yvnTKYiqAwd,MOH - Uganda,Kampala,Kampala District,Kampala City Council
YVS15JTYOsK,MOH - Uganda,West Nile,Arua City,Arua City Council
yVTRbVMt2h7,MOH - Uganda,Karamoja,Kotido District,Kotido DLG
yVYFwnN6Cnd,MOH - Uganda,Tooro,Kitagwenda District,Kitagwenda DLG
YvyLwfaabKs,MOH - Uganda,Karamoja,Kaabong District,Kaabong DLG
yw4DRWUv1oK,MOH - Uganda,North Buganda,Kiboga District,Kiboga DLG
yW68QNgkQNf,MOH - Uganda,Lango,Apac District,Apac DLG
YW6jOYojqot,MOH - Uganda,Kampala,Kampala District,Kampala City Council
yw7Qdjo9bfF,MOH - Uganda,Kampala,Kampala District,Kampala City Council
yW9vfg2siRM,MOH - Uganda,Kampala,Kampala District,Kampala City Council
yWCeskIOiD1,MOH - Uganda,Kampala,Kampala District,Kampala City Council
ywGuvJAdxxV,MOH - Uganda,South Buganda,Rakai District,Rakai DLG
yWHTUO9adBP,MOH - Uganda,Tooro,Kyenjojo District,Kyenjojo DLG
ywL8fPxkbbT,MOH - Uganda,Tooro,Kyenjojo District,Kyenjojo DLG
yWr81raAy6g,MOH - Uganda,West Nile,Adjumani District,Adjumani DLG
YWRtcUXBxrt,MOH - Uganda,Bukedi,Busia District,Busia DLG
yX7292K6Rzn,MOH - Uganda,South Buganda,Wakiso District,Kira Municipality
YxBn5bBf3sM,MOH - Uganda,Bugisu,Mbale District,Mbale DLG
yXC71NnSrVn,MOH - Uganda,Busoga,Iganga District,Iganga Municipality
yxDPFHbwMg3,MOH - Uganda,North Buganda,Buikwe District,Buikwe DLG
YxeL7JN6HKe,MOH - Uganda,South Buganda,Mpigi District,Mpigi DLG
YXN5KHNVc5J,MOH - Uganda,South Buganda,Kalungu District,Kalungu DLG
YXrbI2X7E5D,MOH - Uganda,Kampala,Kampala District,Kampala City Council
Yy2l4xbOZMZ,MOH - Uganda,Bunyoro,Kibaale District,Kibaale DLG
Yy2ZLOpEx2S,MOH - Uganda,Kigezi,Rukiga District,Rukiga DLG
yY71KxUtc2V,MOH - Uganda,South Buganda,Wakiso District,Kira Municipality
yyGcuNfizHO,MOH - Uganda,North Buganda,Buikwe District,Njeru Municipality
YyjYWwXND9i,MOH - Uganda,South Buganda,Kyotera District,Kyotera DLG
YyMrMYzJzsf,MOH - Uganda,Busoga,Buyende District,Buyende DLG
yyNktXIIvgn,MOH - Uganda,Kigezi,Rukungiri District,Rukungiri DLG
YYtjEbgJadL,MOH - Uganda,Busoga,Buyende District,Buyende DLG
yyYPcgZm4xP,MOH - Uganda,Bugisu,Sironko District,Sironko DLG
yZ65gVKe9PP,MOH - Uganda,Kampala,Kampala District,Kampala City Council
yzDV7m9w1Qn,MOH - Uganda,Kampala,Kampala District,Kampala City Council
yZIc8DX7kUx,MOH - Uganda,North Buganda,Kayunga District,Kayunga DLG
yzLWnJkBLDy,MOH - Uganda,South Buganda,Lyantonde District,Lyantonde DLG
YzMnQsfUb0A,MOH - Uganda,South Buganda,Masaka City,Masaka City Council
yznQYcViuVu,MOH - Uganda,South Buganda,Wakiso District,Makindye Ssabagabo Municipality
yzoZwHYI86U,MOH - Uganda,Kampala,Kampala District,Kampala City Council
yZP0DwhrfR8,MOH - Uganda,Teso,Amuria District,Amuria DLG
YzWi4kmieZt,MOH - Uganda,Tooro,Kabarole District,Kabarole DLG
z035qUkEmvF,MOH - Uganda,Lango,Oyam District,Oyam DLG
Z048TZ9uAu3,MOH - Uganda,Kampala,Kampala District,Kampala City Council
Z0euhskPX5T,MOH - Uganda,Acholi,Pader District,Pader DLG
z0nEPvuUc83,MOH - Uganda,South Buganda,Lwengo District,Lwengo DLG
z0OlO13iaOl,MOH - Uganda,South Buganda,Wakiso District,Kira Municipality
z0WgPYIyThL,MOH - Uganda,Kampala,Kampala District,Kampala City Council
Z1dfGmIoSeF,MOH - Uganda,Acholi,Gulu District,Gulu DLG
z1hc5BNxbfX,MOH - Uganda,Kampala,Kampala District,Kampala City Council
z1KpQlAu9d8,MOH - Uganda,Kampala,Kampala District,Kampala City Council
z1sgA9QIceC,MOH - Uganda,Busoga,Iganga District,Iganga DLG
z1XCvl2DaLh,MOH - Uganda,Bukedi,Pallisa District,Pallisa DLG
z1XOUsq2Kar,MOH - Uganda,Kampala,Kampala District,Kampala City Council
z2gOui585Sl,MOH - Uganda,Lango,Oyam District,Oyam DLG
z2LfysbyF9U,MOH - Uganda,Acholi,Kitgum District,Kitgum Municipality
Z2Mr0fdyDaz,MOH - Uganda,North Buganda,Luwero District,Luwero DLG
Z2X4PeBAA5G,MOH - Uganda,Busoga,Kamuli District,Kamuli DLG
z2Ye13P7ajL,MOH - Uganda,Bukedi,Budaka District,Budaka DLG
Z37h16mJpFF,MOH - Uganda,Kampala,Kampala District,Kampala City Council
z3CTRfCu7Ia,MOH - Uganda,Tooro,Kitagwenda District,Kitagwenda DLG
Z3eyqoVkNNt,MOH - Uganda,Kampala,Kampala District,Kampala City Council
z3ldDiQ4JHT,MOH - Uganda,Tooro,Bunyangabu District,Bunyangabu DLG
Z3lDSWMFUyS,MOH - Uganda,Acholi,Lamwo District,Lamwo DLG
Z3lPWheXHAH,MOH - Uganda,Karamoja,Amudat District,Amudat DLG
z3oqgznxuph,MOH - Uganda,South Buganda,Wakiso District,Wakiso DLG
Z3WlLWhRcDR,MOH - Uganda,Lango,Otuke District,Otuke DLG
z41ut3NzU8Y,MOH - Uganda,North Buganda,Mukono District,Mukono DLG
Z4327slMc14,MOH - Uganda,Bugisu,Manafwa District,Manafwa DLG
Z4TvEa87mOe,MOH - Uganda,Kampala,Kampala District,Kampala City Council
Z502YB3cQVF,MOH - Uganda,Kampala,Kampala District,Kampala City Council
Z53yC4PhlXc,MOH - Uganda,North Buganda,Mukono District,Mukono DLG
Z577WDhAXUq,MOH - Uganda,Bukedi,Butaleja District,Butaleja DLG
z5H8YZiBOtr,MOH - Uganda,Bukedi,Tororo District,Tororo DLG
z5jSZEYkIF0,MOH - Uganda,Kampala,Kampala District,Kampala City Council
Z5KRUDSIYBR,MOH - Uganda,Lango,Oyam District,Oyam DLG
z5qcLcjLZYt,MOH - Uganda,Bunyoro,Kiryandongo District,Kiryandongo DLG
z5VFCLDXkTP,MOH - Uganda,Kampala,Kampala District,Kampala City Council
Z5VUCtAUN4U,MOH - Uganda,Busoga,Namutumba District,Namutumba DLG
Z5wwWDF5snJ,MOH - Uganda,Kampala,Kampala District,Kampala City Council
z5ZQ9inpGF5,MOH - Uganda,West Nile,Yumbe District,Yumbe DLG
z62IqCHW3MC,MOH - Uganda,Kigezi,Kisoro District,Kisoro DLG
z6AYrCFBI4u,MOH - Uganda,Acholi,Nwoya District,Nwoya DLG
Z6BzVrxa9xd,MOH - Uganda,Kigezi,Kabale District,Kabale Municipality
z6g3fyZIHkA,MOH - Uganda,Ankole,Rubirizi District,Rubirizi DLG
z6NKZGQLY6L,MOH - Uganda,Kampala,Kampala District,Kampala City Council
Z6pfevm24YB,MOH - Uganda,Bugisu,Kapchorwa District,Kapchorwa Municipality
z6TMsBir3xW,MOH - Uganda,West Nile,Arua City,Arua City Council
Z70DgwBA14g,MOH - Uganda,Kampala,Kampala District,Kampala City Council
Z75FXqkhIGF,MOH - Uganda,Kigezi,Rukiga District,Rukiga DLG
z79OOPkWSOA,MOH - Uganda,Karamoja,Kaabong District,Kaabong DLG
z7Cf9DgHZWX,MOH - Uganda,North Buganda,Buikwe District,Buikwe DLG
z7JiDpfSLHL,MOH - Uganda,Bukedi,Busia District,Busia DLG
Z7Y1y5YIxQd,MOH - Uganda,Teso,Bukedea District,Bukedea DLG
Z89GR8j6LFL,MOH - Uganda,Bunyoro,Hoima City,Hoima City Council
z8DNf0gRTuF,MOH - Uganda,South Buganda,Wakiso District,Kira Municipality
z8i4QbSwZDk,MOH - Uganda,Kampala,Kampala District,Kampala City Council
z8nrjOzMV6e,MOH - Uganda,North Buganda,Mukono District,Mukono Municipality
z8vcCEqkDmP,MOH - Uganda,Kampala,Kampala District,Kampala City Council
z8ztvhCaf1r,MOH - Uganda,Bugisu,Bulambuli District,Bulambuli DLG
Z91gnqYqZ04,MOH - Uganda,Ankole,Kazo District,Kazo DLG
Z9dLZO7dCS2,MOH - Uganda,Bugisu,Kapchorwa District,Kapchorwa Municipality
z9fb0zoe908,MOH - Uganda,Kigezi,Kabale District,Kabale DLG
z9om4HbUuYl,MOH - Uganda,Busoga,Namutumba District,Namutumba DLG
z9Rv8vRYmOp,MOH - Uganda,Kampala,Kampala District,Kampala City Council
za6c5EEAU5q,MOH - Uganda,South Buganda,Wakiso District,Nansana Municipality
ZaajyJ9Z9kB,MOH - Uganda,Kampala,Kampala District,Kampala City Council
ZacnUm9G3YO,MOH - Uganda,South Buganda,Wakiso District,Wakiso DLG
ZACYNrwa0aN,MOH - Uganda,South Buganda,Wakiso District,Wakiso DLG
ZAdoLtie2uP,MOH - Uganda,Ankole,Ibanda District,Ibanda Municipality
ZAeFTsq8HYX,MOH - Uganda,Kampala,Kampala District,Kampala City Council
zAeIWjlLZBO,MOH - Uganda,Kampala,Kampala District,Kampala City Council
ZAEVkGDNJbq,MOH - Uganda,Busoga,Kaliro District,Kaliro DLG
ZAhGP8KMuzQ,MOH - Uganda,Tooro,Kabarole District,Kabarole DLG
zakGypSvdpi,MOH - Uganda,Kampala,Kampala District,Kampala City Council
zAPmrjVeufo,MOH - Uganda,Kigezi,Kisoro District,Kisoro DLG
ZApo7f6AObR,MOH - Uganda,Busoga,Mayuge District,Mayuge DLG
zardxfXWmkO,MOH - Uganda,Acholi,Omoro District,Omoro DLG
zasXXuYJ1hV,MOH - Uganda,Ankole,Rubirizi District,Rubirizi DLG
zavUTpobSOt,MOH - Uganda,Kampala,Kampala District,Kampala City Council
ZAxtPU3hV5S,MOH - Uganda,Kampala,Kampala District,Kampala City Council
zb1Xslfgldg,MOH - Uganda,North Buganda,Mukono District,Mukono DLG
zbCIfsyXOEv,MOH - Uganda,Bunyoro,Kikuube District,Kikuube DLG
zbDMSGLsc1J,MOH - Uganda,North Buganda,Mukono District,Mukono DLG
zBdYV5ZX5yD,MOH - Uganda,Busoga,Jinja District,Jinja DLG
ZbiiJwWY7Fh,MOH - Uganda,Kampala,Kampala District,Kampala City Council
ZBnjYnfB0kd,MOH - Uganda,Busoga,Iganga District,Iganga DLG
zbNuIS5qtvN,MOH - Uganda,Kampala,Kampala District,Kampala City Council
ZBPe0cQ3opj,MOH - Uganda,Teso,Kumi District,Kumi Municipality
Zc2dx1uKbB4,MOH - Uganda,Busoga,Iganga District,Iganga Municipality
zC42y3uy5hp,MOH - Uganda,Acholi,Kitgum District,Kitgum Municipality
ZC7nIDJcgDj,MOH - Uganda,Lango,Lira City,Lira City Council
ZcC2OKgHUBc,MOH - Uganda,South Buganda,Mpigi District,Mpigi DLG
zCdcy1i5r0y,MOH - Uganda,Busoga,Iganga District,Iganga DLG
ZCDuIviAnI1,MOH - Uganda,Kampala,Kampala District,Kampala City Council
zcKswPk0OtD,MOH - Uganda,North Buganda,Kayunga District,Kayunga DLG
zCodguezLzO,MOH - Uganda,Bunyoro,Kakumiro District,Kakumiro DLG
ZcOXNk0n4sk,MOH - Uganda,North Buganda,Buikwe District,Njeru Municipality
ZCvGyc3v0m2,MOH - Uganda,Kampala,Kampala District,Kampala City Council
Zd0CL5Qng0B,MOH - Uganda,Karamoja,Kaabong District,Kaabong DLG
Zd4l6BoQjP5,MOH - Uganda,Busoga,Namayingo District,Namayingo DLG
zd6dc01leUn,MOH - Uganda,South Buganda,Wakiso District,Makindye Ssabagabo Municipality
ZDaLDEg8FrX,MOH - Uganda,Lango,Dokolo District,Dokolo DLG
ZDdH3JVg9pD,MOH - Uganda,South Buganda,Wakiso District,Nansana Municipality
ZdDYJV1qr97,MOH - Uganda,Busoga,Bugweri District,Bugweri DLG
zdhmUkPsGjH,MOH - Uganda,Bunyoro,Kikuube District,Kikuube DLG
zDNCSUyE8aM,MOH - Uganda,Kampala,Kampala District,Kampala City Council
zDpodpKz9R8,MOH - Uganda,Kampala,Kampala District,Kampala City Council
zDSnnqXyABV,MOH - Uganda,Kampala,Kampala District,Kampala City Council
zDswtMT2PM0,MOH - Uganda,Busoga,Mayuge District,Mayuge DLG
zdtd98BpKn3,MOH - Uganda,Lango,Oyam District,Oyam DLG
ZDUCd2IAqSS,MOH - Uganda,South Buganda,Sembabule District,Sembabule DLG
Ze1t4Y8t4TK,MOH - Uganda,South Buganda,Wakiso District,Makindye Ssabagabo Municipality
Ze7Gtfvokdw,MOH - Uganda,Busoga,Mayuge District,Mayuge DLG
zeaG7Xw7i37,MOH - Uganda,Bunyoro,Kiryandongo District,Kiryandongo DLG
zecSVKF2vQq,MOH - Uganda,Bukedi,Kibuku District,Kibuku DLG
zeEOtz7XwxV,MOH - Uganda,Bugisu,Mbale District,Mbale DLG
ZEEW8QXy1sS,MOH - Uganda,Acholi,Gulu District,Gulu DLG
Zeh4bAmOtUH,MOH - Uganda,West Nile,Yumbe District,Yumbe DLG
zehoYwpHfm4,MOH - Uganda,Kampala,Kampala District,Kampala City Council
ZEMMz1yfCIf,MOH - Uganda,Bukedi,Tororo District,Tororo DLG
zeRbEOnn0Kp,MOH - Uganda,Kampala,Kampala District,Kampala City Council
ZeXBMNmaaI1,MOH - Uganda,Bukedi,Tororo District,Tororo DLG
Zf1t4djAYWx,MOH - Uganda,South Buganda,Rakai District,Rakai DLG
zF8a3ecq3qd,MOH - Uganda,Kigezi,Rukiga District,Rukiga DLG
zfc87c6IOwc,MOH - Uganda,South Buganda,Lyantonde District,Lyantonde DLG
ZFd998k7ZbK,MOH - Uganda,Busoga,Namayingo District,Namayingo DLG
ZfeSAG5qWfD,MOH - Uganda,South Buganda,Wakiso District,Nansana Municipality
zFh5V1XEvx5,MOH - Uganda,Kampala,Kampala District,Kampala City Council
ZFJ3R3ApEeC,MOH - Uganda,South Buganda,Kyotera District,Kyotera DLG
zfjwLaS3lZe,MOH - Uganda,North Buganda,Kiboga District,Kiboga DLG
zfMY9GBN26I,MOH - Uganda,Acholi,Agago District,Agago DLG
ZfQi879OeAI,MOH - Uganda,Tooro,Kasese District,Kasese DLG
ZFsnMSiOxfW,MOH - Uganda,Teso,Kumi District,Kumi Municipality
Zfsr0xL3mFZ,MOH - Uganda,Kampala,Kampala District,Kampala City Council
zFTQbiFCCvN,MOH - Uganda,Kampala,Kampala District,Kampala City Council
zfXEXHjb32T,MOH - Uganda,Kampala,Kampala District,Kampala City Council
zFZBz4du0us,MOH - Uganda,Kigezi,Rukungiri District,Rukungiri DLG
ZFZLxm9Sg8l,MOH - Uganda,Busoga,Luuka District,Luuka DLG
zGDu7T0C7e9,MOH - Uganda,South Buganda,Wakiso District,Nansana Municipality
zGGNbbYqslV,MOH - Uganda,South Buganda,Wakiso District,Wakiso DLG
zgl8cvTUMji,MOH - Uganda,South Buganda,Wakiso District,Wakiso DLG
ZgltW3JZl97,MOH - Uganda,South Buganda,Mpigi District,Mpigi DLG
zGoNF8llVx0,MOH - Uganda,North Buganda,Kassanda District,Kassanda DLG
ZgtdqamsS3f,MOH - Uganda,Bukedi,Tororo District,Tororo DLG
zGTxryelOUN,MOH - Uganda,Tooro,Kyegegwa District,Kyegegwa DLG
ZgwhRJCKYcN,MOH - Uganda,Lango,Kwania District,Kwania DLG
ZgX7XONiaKj,MOH - Uganda,South Buganda,Wakiso District,Kira Municipality
zgyDdqkSzJA,MOH - Uganda,Bukedi,Butaleja District,Butaleja DLG
ZGzDjMuvUxJ,MOH - Uganda,Kampala,Kampala District,Kampala City Council
zH1tLSpZuGt,MOH - Uganda,Bugisu,Mbale City,Mbale City Council
zh8lA0UMzuW,MOH - Uganda,South Buganda,Wakiso District,Kira Municipality
zHbn4MPK7fS,MOH - Uganda,Bugisu,Mbale City,Mbale City Council
zhEQbWf7vYg,MOH - Uganda,Acholi,Omoro District,Omoro DLG
zhFVYJiWUOS,MOH - Uganda,North Buganda,Buikwe District,Njeru Municipality
ZhowbIUDvsM,MOH - Uganda,Kampala,Kampala District,Kampala City Council
ZhpuIm9GBog,MOH - Uganda,Kigezi,Rubanda District,Rubanda DLG
ZhSuvqvWUin,MOH - Uganda,Tooro,Kasese District,Kasese Municipality
zHXK0z9GZkA,MOH - Uganda,South Buganda,Wakiso District,Wakiso DLG
ZIBe24uPe3s,MOH - Uganda,North Buganda,Mityana District,Mityana DLG
ziHbNfazfsE,MOH - Uganda,Kampala,Kampala District,Kampala City Council
ZIqDFJwbapx,MOH - Uganda,Karamoja,Napak District,Napak DLG
ziRKF2GJeEU,MOH - Uganda,South Buganda,Wakiso District,Kira Municipality
zISOKu7R0Yy,MOH - Uganda,North Buganda,Luwero District,Luwero DLG
ziwVP5vDQgG,MOH - Uganda,South Buganda,Wakiso District,Wakiso DLG
Zix3B1axH9x,MOH - Uganda,Busoga,Kamuli District,Kamuli Municipality
zJ8oGRLTk7I,MOH - Uganda,Kampala,Kampala District,Kampala City Council
ZjojPnmanzF,MOH - Uganda,Ankole,Kiruhura District,Kiruhura DLG
zJxJF8dOBan,MOH - Uganda,West Nile,Nebbi District,Nebbi DLG
zK0jKolA0qE,MOH - Uganda,Kampala,Kampala District,Kampala City Council
zK4jOLmfhz9,MOH - Uganda,Busoga,Jinja City,Jinja City Council
Zk9bvpSxThA,MOH - Uganda,Lango,Amolatar District,Amolatar DLG
zkvmBd2YoxG,MOH - Uganda,Lango,Alebtong District,Alebtong DLG
ZLGSXWMvalJ,MOH - Uganda,Kampala,Kampala District,Kampala City Council
ZliYlwzmFpL,MOH - Uganda,North Buganda,Mubende District,Mubende DLG
ZLJUYEZegpQ,MOH - Uganda,South Buganda,Kyotera District,Kyotera DLG
zlStCsElobr,MOH - Uganda,Bukedi,Tororo District,Tororo DLG
ZLvBUzop1kg,MOH - Uganda,Kampala,Kampala District,Kampala City Council
zLYqmjF0Wmv,MOH - Uganda,Kampala,Kampala District,Kampala City Council
zLZPKeOejRb,MOH - Uganda,North Buganda,Kassanda District,Kassanda DLG
zm3feXqnn0Z,MOH - Uganda,Kampala,Kampala District,Kampala City Council
ZM7hHcxDMad,MOH - Uganda,Kampala,Kampala District,Kampala City Council
zm7m09FNPYA,MOH - Uganda,Teso,Serere District,Serere DLG
zMdacW81fkW,MOH - Uganda,Busoga,Jinja City,Jinja City Council
ZMf8vVxeIAl,MOH - Uganda,Bunyoro,Buliisa District,Buliisa DLG
ZmgFWkOYFPU,MOH - Uganda,North Buganda,Luwero District,Luwero DLG
ZMMthAZGrfT,MOH - Uganda,South Buganda,Rakai District,Rakai DLG
zmtsO4hfzOi,MOH - Uganda,Kampala,Kampala District,Kampala City Council
ZmVBa8dVAuQ,MOH - Uganda,Bukedi,Busia District,Busia Municipality
ZMx8WwcQT8p,MOH - Uganda,Kampala,Kampala District,Kampala City Council
ZMXdZXLeClj,MOH - Uganda,Kampala,Kampala District,Kampala City Council
znAFKVaQBcc,MOH - Uganda,Teso,Kumi District,Kumi DLG
zNgE2MbLpDB,MOH - Uganda,Kampala,Kampala District,Kampala City Council
ZNH8vUHXSe1,MOH - Uganda,Kampala,Kampala District,Kampala City Council
znkGCmU6MUG,MOH - Uganda,Lango,Amolatar District,Amolatar DLG
ZNsYKx9M5ag,MOH - Uganda,Bugisu,Mbale City,Mbale City Council
zNvPZ3xCibY,MOH - Uganda,Karamoja,Nakapiripirit District,Nakapiripirit DLG
ZO1Hltpt3Ko,MOH - Uganda,South Buganda,Masaka City,Masaka City Council
ZOAvFhJT2vI,MOH - Uganda,Teso,Kalaki District,Kalaki DLG
zoHkKg5oDT0,MOH - Uganda,Kampala,Kampala District,Kampala City Council
zOO1rP04nd0,MOH - Uganda,Kigezi,Rukungiri District,Rukungiri DLG
ZoRb6AcV4MY,MOH - Uganda,Teso,Amuria District,Amuria DLG
ZotVVjcyDdV,MOH - Uganda,Karamoja,Abim District,Abim DLG
ZouDmFFjkom,MOH - Uganda,North Buganda,Luwero District,Luwero DLG
ZoVMumuEvRz,MOH - Uganda,North Buganda,Mukono District,Mukono DLG
zOZNgYPjSBh,MOH - Uganda,Kampala,Kampala District,Kampala City Council
Zp0fKJoDO9F,MOH - Uganda,Kampala,Kampala District,Kampala City Council
Zp3RAVoxP42,MOH - Uganda,North Buganda,Buikwe District,Lugazi Municipality
ZP5rDXzdob4,MOH - Uganda,Kampala,Kampala District,Kampala City Council
Zp7cZPbKZvL,MOH - Uganda,West Nile,Pakwach District,Pakwach DLG
zPDSfS1HLkj,MOH - Uganda,Kampala,Kampala District,Kampala City Council
ZpJgSAyZtkl,MOH - Uganda,Ankole,Mbarara City,Mbarara City Council
zpL46yMeihw,MOH - Uganda,Tooro,Kyenjojo District,Kyenjojo DLG
zpMTFJlXcMH,MOH - Uganda,Bugisu,Kween District,Kween DLG
zpmUD2YzPnn,MOH - Uganda,Bugisu,Kapchorwa District,Kapchorwa Municipality
zPo76m8BMNm,MOH - Uganda,Bukedi,Tororo District,Tororo DLG
ZppfQ4q1PFg,MOH - Uganda,South Buganda,Wakiso District,Wakiso DLG
ZPqKpsESScE,MOH - Uganda,South Buganda,Wakiso District,Nansana Municipality
zpuaGgiU1MO,MOH - Uganda,North Buganda,Nakaseke District,Nakaseke DLG
zPvmdjd3Hw6,MOH - Uganda,North Buganda,Nakaseke District,Nakaseke DLG
ZQ98MZqjZIl,MOH - Uganda,Lango,Oyam District,Oyam DLG
ZqdepORXR8S,MOH - Uganda,Kampala,Kampala District,Kampala City Council
zqfPMKhrHd1,MOH - Uganda,North Buganda,Luwero District,Luwero DLG
ZQGEaiVBKkA,MOH - Uganda,West Nile,Nebbi District,Nebbi DLG
zQLP8CSHRfd,MOH - Uganda,Teso,Kapelebyong District,Kapelebyong DLG
zqMUJZqK7oG,MOH - Uganda,Kampala,Kampala District,Kampala City Council
zQnrgvCtwnk,MOH - Uganda,Tooro,Kasese District,Kasese Municipality
ZqO9xWxHDdu,MOH - Uganda,Teso,Bukedea District,Bukedea DLG
zqP4WePkwyb,MOH - Uganda,North Buganda,Mukono District,Mukono DLG
ZqulrZsthYs,MOH - Uganda,West Nile,Adjumani District,Adjumani DLG
zQuR8Xrg09T,MOH - Uganda,Kampala,Kampala District,Kampala City Council
ZQWaygmXozv,MOH - Uganda,Busoga,Jinja City,Jinja City Council
ZqwV5PWv4Pt,MOH - Uganda,Tooro,Bundibugyo District,Bundibugyo DLG
zr5cvuTC2oB,MOH - Uganda,Kampala,Kampala District,Kampala City Council
ZRBqBbpBodi,MOH - Uganda,Bukedi,Tororo District,Tororo DLG
zRoj2Cm4CHr,MOH - Uganda,Tooro,Kasese District,Kasese DLG
ZRphFXXflsZ,MOH - Uganda,North Buganda,Kyankwanzi District,Kyankwanzi DLG
zrRBi7DSECl,MOH - Uganda,Kampala,Kampala District,Kampala City Council
ZRSlOJrc5pi,MOH - Uganda,Tooro,Kasese District,Kasese Municipality
ZrUF32ffNp7,MOH - Uganda,Acholi,Kitgum District,Kitgum DLG
ZrxsUH2PMkW,MOH - Uganda,Bugisu,Mbale District,Mbale DLG
zRYnr63lSIz,MOH - Uganda,South Buganda,Wakiso District,Makindye Ssabagabo Municipality
zs1xuKbwXfv,MOH - Uganda,Kampala,Kampala District,Kampala City Council
zS5zIF13N8K,MOH - Uganda,Busoga,Kamuli District,Kamuli DLG
ZSC1XbtGdzq,MOH - Uganda,North Buganda,Kassanda District,Kassanda DLG
ZSczOvaCJ29,MOH - Uganda,Teso,Serere District,Serere DLG
zsjABvUkY2d,MOH - Uganda,Bugisu,Bukwo District,Bukwo DLG
zSlpKhPNJIB,MOH - Uganda,Kampala,Kampala District,Kampala City Council
zSoIUF50PwW,MOH - Uganda,Lango,Oyam District,Oyam DLG
ZSpzO8Zsyye,MOH - Uganda,South Buganda,Wakiso District,Entebbe Municipality
ZSq8nAm6U1v,MOH - Uganda,Kampala,Kampala District,Kampala City Council
zssyxGQ23vN,MOH - Uganda,North Buganda,Nakasongola District,Nakasongola DLG
zST9v0dRJka,MOH - Uganda,Kampala,Kampala District,Kampala City Council
zsTmFCXKiZw,MOH - Uganda,Kigezi,Kisoro District,Kisoro DLG
zSvdFQRU9Xw,MOH - Uganda,Busoga,Namayingo District,Namayingo DLG
ZsyamWwTuF0,MOH - Uganda,Kigezi,Kanungu District,Kanungu DLG
zSzd5o81wtt,MOH - Uganda,West Nile,Adjumani District,Adjumani DLG
ZT7OyDtO9C7,MOH - Uganda,Kampala,Kampala District,Kampala City Council
ZTD4Prfdw22,MOH - Uganda,Tooro,Kabarole District,Kabarole DLG
ZtM8VtwGgAp,MOH - Uganda,Bugisu,Sironko District,Sironko DLG
ZTTnzF0rjAA,MOH - Uganda,Bugisu,Mbale City,Mbale City Council
zu1VixoD4pu,MOH - Uganda,Kigezi,Kanungu District,Kanungu DLG
zU5bEMeEFDl,MOH - Uganda,South Buganda,Kalungu District,Kalungu DLG
zu9A2R0EdjG,MOH - Uganda,Busoga,Mayuge District,Mayuge DLG
ZubUtSX9erU,MOH - Uganda,West Nile,Moyo District,Moyo DLG
zUHXugrqj6z,MOH - Uganda,Kigezi,Kanungu District,Kanungu DLG
ZVgz9dP8OF6,MOH - Uganda,Acholi,Pader District,Pader DLG
zvhI3GEWrE0,MOH - Uganda,Lango,Kole District,Kole DLG
ZvInvD1GJbd,MOH - Uganda,Tooro,Kasese District,Kasese DLG
zVkituTxngO,MOH - Uganda,Bukedi,Busia District,Busia DLG
ZVlKxfL0vek,MOH - Uganda,Kampala,Kampala District,Kampala City Council
ZVNoBlgiEBe,MOH - Uganda,Kampala,Kampala District,Kampala City Council
ZVO7WKdl0wt,MOH - Uganda,South Buganda,Kalungu District,Kalungu DLG
ZvoDqPb3GBA,MOH - Uganda,South Buganda,Wakiso District,Nansana Municipality
ZVuxx1C7TaL,MOH - Uganda,Bukedi,Butaleja District,Butaleja DLG
ZVwFNyBsJxz,MOH - Uganda,Bukedi,Tororo District,Tororo DLG
zW3In1Q8FAJ,MOH - Uganda,Bunyoro,Kagadi District,Kagadi DLG
zW41infbHYC,MOH - Uganda,Busoga,Iganga District,Iganga DLG
zW5773pReEp,MOH - Uganda,Lango,Kwania District,Kwania DLG
ZWB6dIsmvva,MOH - Uganda,South Buganda,Kalangala District,Kalangala DLG
zwb8fZX8t9n,MOH - Uganda,South Buganda,Wakiso District,Nansana Municipality
zwfMFtrP9wk,MOH - Uganda,South Buganda,Kyotera District,Kyotera DLG
zWjKD1oSjHP,MOH - Uganda,Kampala,Kampala District,Kampala City Council
ZwJpmihjbfr,MOH - Uganda,Karamoja,Napak District,Napak DLG
ZwTCkOzJUwa,MOH - Uganda,Bunyoro,Kakumiro District,Kakumiro DLG
zX0wfeEc8th,MOH - Uganda,West Nile,Adjumani District,Adjumani DLG
zxCz0mvkspt,MOH - Uganda,South Buganda,Bukomansimbi District,Bukomansimbi DLG
zXln7fzCOOh,MOH - Uganda,Kampala,Kampala District,Kampala City Council
zxqrdTmwIHi,MOH - Uganda,Kampala,Kampala District,Kampala City Council
ZxrAPP6eP96,MOH - Uganda,West Nile,Obongi District,Obongi DLG
zXzBfFnJ548,MOH - Uganda,Kampala,Kampala District,Kampala City Council
zy3p9lNo0dh,MOH - Uganda,Lango,Dokolo District,Dokolo DLG
zYdA432Txng,MOH - Uganda,North Buganda,Luwero District,Luwero DLG
ZyG79fu3Loz,MOH - Uganda,South Buganda,Kyotera District,Kyotera DLG
ZyHK3H4u63Y,MOH - Uganda,Bukedi,Busia District,Busia DLG
zyI8GDUVYdE,MOH - Uganda,Busoga,Kamuli District,Kamuli DLG
ZyIU7Z6NxVX,MOH - Uganda,Bunyoro,Kikuube District,Kikuube DLG
Zypbe677euh,MOH - Uganda,Bunyoro,Kakumiro District,Kakumiro DLG
ZyZnMtLDw9R,MOH - Uganda,Kampala,Kampala District,Kampala City Council
zz1tjT15ioD,MOH - Uganda,South Buganda,Kyotera District,Kyotera DLG
Zz6XgnxXRri,MOH - Uganda,Bugisu,Sironko District,Sironko DLG
ZZAcDtiGYzP,MOH - Uganda,Ankole,Isingiro District,Isingiro DLG
zZdTVtXzMxi,MOH - Uganda,Bukedi,Busia District,Busia DLG
zZKvHFAuep2,MOH - Uganda,South Buganda,Rakai District,Rakai DLG
zZq4Y0SCeV8,MOH - Uganda,South Buganda,Wakiso District,Kira Municipality
zzWwA7Jj0RU,MOH - Uganda,Kampala,Kampala District,Kampala City Council