facility_id,admin_area_1,admin_area_2,admin_area_3
A07DDnPfVPy,Zimbabwe Ministry of Health,Mashonaland East Province,Mudzi District
a1nC2XuGpY0,Zimbabwe Ministry of Health,Mashonaland East Province,Mudzi District
A1W7R6k1DFR,Zimbabwe Ministry of Health,Matabeleland North Province,Nkayi District
a53FjMa0Ant,Zimbabwe Ministry of Health,Manicaland Province,Mutare District
a5nhOcrZJdL,Zimbabwe Ministry of Health,Mashonaland Central Province,Mbire District
A6Zh7rdRYc6,Zimbabwe Ministry of Health,Mashonaland East Province,Goromonzi District
A79x3rVYbjm,Zimbabwe Ministry of Health,Manicaland Province,Chimanimani District
a7pO3OO3I52,Zimbabwe Ministry of Health,Matabeleland North Province,Hwange District
A925fAGWY0M,Zimbabwe Ministry of Health,Matabeleland North Province,Binga District
a9444lkFj8q,Zimbabwe Ministry of Health,Harare Metropolitan Province,Northern District
aA8JmPQmK81,Zimbabwe Ministry of Health,Manicaland Province,Nyanga District
AApdlLy8xDh,Zimbabwe Ministry of Health,Matabeleland North Province,Umguza District
ABH9FxABdpN,Zimbabwe Ministry of Health,Manicaland Province,Chipinge District
AbJRmrLd9eB,Zimbabwe Ministry of Health,Mashonaland Central Province,Mazowe District
aBLvPMrMUva,Zimbabwe Ministry of Health,Manicaland Province,Mutasa District
Abmo1sONk9G,Zimbabwe Ministry of Health,Mashonaland East Province,Seke District
AbmoDPp12lC,Zimbabwe Ministry of Health,Mashonaland East Province,Chikomba District
abUk6qibmMl,Zimbabwe Ministry of Health,Midlands Province,Shurugwi District
Ac5uYQLKdfz,Zimbabwe Ministry of Health,Harare Metropolitan Province,Eastern District
acCVg6eZCR4,Zimbabwe Ministry of Health,Matabeleland South Province,Umzingwane District
AcK4cq5nDXi,Zimbabwe Ministry of Health,Midlands Province,Gokwe South District
acQe3id5m7a,Zimbabwe Ministry of Health,Matabeleland North Province,Binga District
ACVRAzGDfqV,Zimbabwe Ministry of Health,Mashonaland East Province,Uzumba Maramba Pfungwe District
acZeUEYvJu9,Zimbabwe Ministry of Health,Manicaland Province,Mutare District
AD1DBy9TnBQ,Zimbabwe Ministry of Health,Masvingo Province,Masvingo District
AdgTOkaRMd1,Zimbabwe Ministry of Health,Manicaland Province,Mutasa District
AdrZGzBHBdf,Zimbabwe Ministry of Health,Mashonaland East Province,Uzumba Maramba Pfungwe District
aE9GkM17t5V,Zimbabwe Ministry of Health,Masvingo Province,Mwenezi District
AEArYs0pk3a,Zimbabwe Ministry of Health,Matabeleland South Province,Mangwe District
aFSG27wnzQY,Zimbabwe Ministry of Health,Manicaland Province,Buhera District
aG3e8vLBDp8,Zimbabwe Ministry of Health,Mashonaland West Province,Hurungwe District
AGTodPbg6kD,Zimbabwe Ministry of Health,Matabeleland North Province,Hwange District
aguTJqpXxlw,Zimbabwe Ministry of Health,Manicaland Province,Mutare District
ahIxYuB4HzP,Zimbabwe Ministry of Health,Mashonaland West Province,Hurungwe District
AHUpXALQka8,Zimbabwe Ministry of Health,Mashonaland West Province,Zvimba District
ai2dhghqcnv,Zimbabwe Ministry of Health,Masvingo Province,Gutu District
AI3PYYYx61D,Zimbabwe Ministry of Health,Mashonaland East Province,Mudzi District
Aiidz5NIu4q,Zimbabwe Ministry of Health,Manicaland Province,Chimanimani District
aIPqoEQQZu9,Zimbabwe Ministry of Health,Mashonaland West Province,Mhondoro District
AisLgbK7vVZ,Zimbabwe Ministry of Health,Mashonaland East Province,Marondera District
aJ0Yovbj54f,Zimbabwe Ministry of Health,Manicaland Province,Chipinge District
AJ3uwrj63yO,Zimbabwe Ministry of Health,Masvingo Province,Masvingo District
ajETJbPXyrQ,Zimbabwe Ministry of Health,Masvingo Province,Chivi District
AKb6QXbWJCC,Zimbabwe Ministry of Health,Matabeleland North Province,Lupane District
AKCduaeL1Bg,Zimbabwe Ministry of Health,Harare Metropolitan Province,Western District
AKCixQDIf0K,Zimbabwe Ministry of Health,Mashonaland East Province,Marondera District
aKQ3zNPhEB3,Zimbabwe Ministry of Health,Harare Metropolitan Province,Eastern District
AkqNidlm6TI,Zimbabwe Ministry of Health,Harare Metropolitan Province,Chitungwiza District
aL58fK7xuuQ,Zimbabwe Ministry of Health,Midlands Province,Shurugwi District
ALAVbX3p5mM,Zimbabwe Ministry of Health,Midlands Province,Chirumhanzu District
AlG6zGomOi6,Zimbabwe Ministry of Health,Mashonaland West Province,Hurungwe District
AlhbuXhG77V,Zimbabwe Ministry of Health,Mashonaland West Province,Zvimba District
ALuMO4vU6xH,Zimbabwe Ministry of Health,Bulawayo Metropolitan Province,Northern Suburbs District
AluwtlpghNX,Zimbabwe Ministry of Health,Matabeleland North Province,Bubi District
AMcdsZqn641,Zimbabwe Ministry of Health,Midlands Province,Gweru District
AMeY6hXLpfJ,Zimbabwe Ministry of Health,Mashonaland East Province,Hwedza District
aMFd7hYaHSk,Zimbabwe Ministry of Health,Mashonaland West Province,Zvimba District
AmshadDUFjP,Zimbabwe Ministry of Health,Manicaland Province,Buhera District
anB7WKFPWNK,Zimbabwe Ministry of Health,Matabeleland North Province,Nkayi District
anFVAVMwFHQ,Zimbabwe Ministry of Health,Mashonaland East Province,Mudzi District
AnhuqtGQXU9,Zimbabwe Ministry of Health,Mashonaland East Province,Mutoko District
AnZBTjK2nHz,Zimbabwe Ministry of Health,Manicaland Province,Chimanimani District
AoSdsIPLKWX,Zimbabwe Ministry of Health,Manicaland Province,Mutasa District
apmZoDToelb,Zimbabwe Ministry of Health,Midlands Province,Zvishavane District
aq8MAvUpdWn,Zimbabwe Ministry of Health,Matabeleland North Province,Hwange District
aqDFRDAgV5s,Zimbabwe Ministry of Health,Matabeleland North Province,Nkayi District
Aqp0UdKoD2W,Zimbabwe Ministry of Health,Manicaland Province,Chimanimani District
aQzGic9oHJG,Zimbabwe Ministry of Health,Harare Metropolitan Province,Southern District
Ar3EoMxeBHu,Zimbabwe Ministry of Health,Bulawayo Metropolitan Province,Northern Suburbs District
aRmDTKpYMUk,Zimbabwe Ministry of Health,Matabeleland South Province,Matobo District
arOd51g8jSQ,Zimbabwe Ministry of Health,Mashonaland West Province,Hurungwe District
ArXjrHhIJwx,Zimbabwe Ministry of Health,Mashonaland Central Province,Shamva District
arxXEDOObfS,Zimbabwe Ministry of Health,Manicaland Province,Chipinge District
AS8MaWY2nbY,Zimbabwe Ministry of Health,Matabeleland North Province,Hwange District
AsmK5WOEVFv,Zimbabwe Ministry of Health,Mashonaland West Province,Hurungwe District
at3qxY6zsWt,Zimbabwe Ministry of Health,Matabeleland South Province,Umzingwane District
atIzgRoLGLR,Zimbabwe Ministry of Health,Mashonaland Central Province,Bindura District
ATuks3IFh6J,Zimbabwe Ministry of Health,Masvingo Province,Chiredzi District
ATW7rLLuxXS,Zimbabwe Ministry of Health,Manicaland Province,Mutasa District
atzPnwnfKwM,Zimbabwe Ministry of Health,Mashonaland East Province,Mudzi District
aU0pH9gpvY9,Zimbabwe Ministry of Health,Mashonaland Central Province,Mazowe District
auaQozRIOLm,Zimbabwe Ministry of Health,Mashonaland Central Province,Mount Darwin District
AuqKYXFP66Z,Zimbabwe Ministry of Health,Harare Metropolitan Province,Eastern District
auz4Ra5EwDp,Zimbabwe Ministry of Health,Mashonaland East Province,Chikomba District
Av1WTSRTRYk,Zimbabwe Ministry of Health,Mashonaland West Province,Hurungwe District
AvldN9Anc7S,Zimbabwe Ministry of Health,Matabeleland North Province,Hwange District
Aw0gLK0LUg8,Zimbabwe Ministry of Health,Manicaland Province,Makoni District
aWd20Dgkezw,Zimbabwe Ministry of Health,Midlands Province,Mberengwa District
aWhygv9Wr7a,Zimbabwe Ministry of Health,Mashonaland West Province,Zvimba District
AWivwhWkNzl,Zimbabwe Ministry of Health,Mashonaland West Province,Hurungwe District
aWzNvLJPiws,Zimbabwe Ministry of Health,Matabeleland North Province,Hwange District
AXBqSlJtWxr,Zimbabwe Ministry of Health,Midlands Province,Mberengwa District
aXbupxQbubo,Zimbabwe Ministry of Health,Harare Metropolitan Province,Harare Central Hospitals
AXfud0aoV19,Zimbabwe Ministry of Health,Matabeleland North Province,Umguza District
AXXQQVWUbCw,Zimbabwe Ministry of Health,Mashonaland East Province,Mudzi District
AYEjUHiuvp5,Zimbabwe Ministry of Health,Harare Metropolitan Province,Northern District
AYlIKA9TEwG,Zimbabwe Ministry of Health,Mashonaland Central Province,Mazowe District
aymM2tvX3J6,Zimbabwe Ministry of Health,Masvingo Province,Zaka District
ayVaCeZSRAC,Zimbabwe Ministry of Health,Matabeleland South Province,Gwanda District
AyYBDjL6cmJ,Zimbabwe Ministry of Health,Harare Metropolitan Province,Eastern District
AZ9MMvkxJ5m,Zimbabwe Ministry of Health,Mashonaland East Province,Chikomba District
B0IgvxGs1In,Zimbabwe Ministry of Health,Matabeleland South Province,Beitbridge District
B0siCMc82Xc,Zimbabwe Ministry of Health,Mashonaland West Province,Chegutu District
b0WVnEWPk15,Zimbabwe Ministry of Health,Matabeleland South Province,Mangwe District
B35nVDlj7GY,Zimbabwe Ministry of Health,Mashonaland East Province,Marondera District
B3QCBw575UP,Zimbabwe Ministry of Health,Manicaland Province,Mutare District
b4DZ2ZmH6hz,Zimbabwe Ministry of Health,Harare Metropolitan Province,Eastern District
B7lz3ZdJEhH,Zimbabwe Ministry of Health,Mashonaland East Province,Murewa District
B7MCqlnt9c9,Zimbabwe Ministry of Health,Mashonaland East Province,Goromonzi District
b8LkZ42m1MF,Zimbabwe Ministry of Health,Matabeleland North Province,Umguza District
B9rF35hip2q,Zimbabwe Ministry of Health,Mashonaland Central Province,Guruve District
b9vsXIKqid1,Zimbabwe Ministry of Health,Mashonaland West Province,Zvimba District
Ba8txogG0jd,Zimbabwe Ministry of Health,Masvingo Province,Gutu District
BAf7gHorQXx,Zimbabwe Ministry of Health,Midlands Province,Gweru District
Barfe69M30o,Zimbabwe Ministry of Health,Matabeleland South Province,Insiza District
bCGckHi7m7T,Zimbabwe Ministry of Health,Midlands Province,Zvishavane District
bCj2JfVpDwN,Zimbabwe Ministry of Health,Bulawayo Metropolitan Province,Emakhandeni District
BCQx0EncS5A,Zimbabwe Ministry of Health,Mashonaland Central Province,Mazowe District
bcTRZqn3n4R,Zimbabwe Ministry of Health,Mashonaland Central Province,Mbire District
BD1Jfvjv9U2,Zimbabwe Ministry of Health,Manicaland Province,Buhera District
bdCSEqaZjQ0,Zimbabwe Ministry of Health,Masvingo Province,Gutu District
BDPOo7vb6SH,Zimbabwe Ministry of Health,Masvingo Province,Gutu District
BEFoLFs36HA,Zimbabwe Ministry of Health,Midlands Province,Mberengwa District
bEJ6QvvP0jI,Zimbabwe Ministry of Health,Manicaland Province,Buhera District
bEmbaNMwOhq,Zimbabwe Ministry of Health,Masvingo Province,Zaka District
bEmIi49FX23,Zimbabwe Ministry of Health,Manicaland Province,Makoni District
BemKVece1hq,Zimbabwe Ministry of Health,Mashonaland West Province,Mhondoro District
BeVXhb4Okd5,Zimbabwe Ministry of Health,Matabeleland North Province,Lupane District
bFCxwAuThTm,Zimbabwe Ministry of Health,Mashonaland West Province,Zvimba District
BGXb33lhLbj,Zimbabwe Ministry of Health,Masvingo Province,Bikita District
bh46Jbdsx4Y,Zimbabwe Ministry of Health,Matabeleland North Province,Lupane District
bI1tMUwxCTF,Zimbabwe Ministry of Health,Harare Metropolitan Province,Ruwa
BjFADhdArfI,Zimbabwe Ministry of Health,Matabeleland South Province,Beitbridge District
BKddJTAY4SX,Zimbabwe Ministry of Health,Manicaland Province,Chipinge District
bkJsHaY2lJu,Zimbabwe Ministry of Health,Matabeleland North Province,Hwange District
BkYTPx8PjB7,Zimbabwe Ministry of Health,Masvingo Province,Bikita District
BKZmRVJ0K9V,Zimbabwe Ministry of Health,Mashonaland East Province,Marondera District
blxFf086iZk,Zimbabwe Ministry of Health,Mashonaland Central Province,Shamva District
bM0W5COOBgn,Zimbabwe Ministry of Health,Mashonaland East Province,Murewa District
bMB2Akda6JK,Zimbabwe Ministry of Health,Harare Metropolitan Province,Southern District
bmL5zWEj6T7,Zimbabwe Ministry of Health,Matabeleland South Province,Bulilima District
BmQ8l3yqaT3,Zimbabwe Ministry of Health,Manicaland Province,Mutare District
BnH3EgzEjkO,Zimbabwe Ministry of Health,Matabeleland North Province,Tsholotsho District
BnuCMCoUXxB,Zimbabwe Ministry of Health,Manicaland Province,Makoni District
bO62hSAscwQ,Zimbabwe Ministry of Health,Manicaland Province,Mutare District
bobWVF9dPvh,Zimbabwe Ministry of Health,Midlands Province,Zvishavane District
BonXdPEgO3t,Zimbabwe Ministry of Health,Matabeleland North Province,Binga District
BotP1Hanr0I,Zimbabwe Ministry of Health,Manicaland Province,Makoni District
BP9mhp7zXMN,Zimbabwe Ministry of Health,Matabeleland South Province,Matobo District
BPSZw11rBpE,Zimbabwe Ministry of Health,Midlands Province,Zvishavane District
BPTlzlZSXck,Zimbabwe Ministry of Health,Manicaland Province,Buhera District
Bptnjxo6m5A,Zimbabwe Ministry of Health,Mashonaland West Province,Chegutu District
bpu2ZCmx7d3,Zimbabwe Ministry of Health,Mashonaland West Province,Makonde District
BQcTE41rnsP,Zimbabwe Ministry of Health,Harare Metropolitan Province,Eastern District
bQEbyIDLBKt,Zimbabwe Ministry of Health,Masvingo Province,Masvingo District
bQhagFY1QGO,Zimbabwe Ministry of Health,Harare Metropolitan Province,Western District
bRFxAPT5tIp,Zimbabwe Ministry of Health,Manicaland Province,Mutare District
brQm8hctUbs,Zimbabwe Ministry of Health,Midlands Province,Kwekwe District
bs45px6C40Q,Zimbabwe Ministry of Health,Mashonaland Central Province,Mazowe District
btFbJ8rOmaG,Zimbabwe Ministry of Health,Matabeleland South Province,Insiza District
bthbb1sWMTl,Zimbabwe Ministry of Health,Midlands Province,Zvishavane District
btpo9RLUGxP,Zimbabwe Ministry of Health,Midlands Province,Gokwe South District
btQLHUfv7tp,Zimbabwe Ministry of Health,Matabeleland South Province,Gwanda District
btYpSUbB5ae,Zimbabwe Ministry of Health,Harare Metropolitan Province,Northern District
bUaxaZ6EBrj,Zimbabwe Ministry of Health,Manicaland Province,Mutasa District
buXk1hhtm34,Zimbabwe Ministry of Health,Harare Metropolitan Province,Ruwa
BV3ZNqkJn31,Zimbabwe Ministry of Health,Midlands Province,Gokwe North District
bvCr3KyoKpI,Zimbabwe Ministry of Health,Masvingo Province,Gutu District
bvFiCAdBoNC,Zimbabwe Ministry of Health,Mashonaland East Province,Goromonzi District
bvHAxX0E4E3,Zimbabwe Ministry of Health,Manicaland Province,Mutare District
Bvkjml3FqP8,Zimbabwe Ministry of Health,Masvingo Province,Mwenezi District
bVyRm1Ji34n,Zimbabwe Ministry of Health,Mashonaland Central Province,Mount Darwin District
BWHB0AClSm2,Zimbabwe Ministry of Health,Matabeleland North Province,Bubi District
BwhiLyWCv3K,Zimbabwe Ministry of Health,Masvingo Province,Masvingo District
BWIG3f8pztU,Zimbabwe Ministry of Health,Mashonaland East Province,Marondera District
BX0lrhmpmJS,Zimbabwe Ministry of Health,Mashonaland East Province,Chikomba District
j5z5Vg20MEn,Zimbabwe Ministry of Health,Manicaland Province,Mutare District
BxD34pddyBt,Zimbabwe Ministry of Health,Mashonaland West Province,Mhondoro District
BXJNIljcB4y,Zimbabwe Ministry of Health,Mashonaland Central Province,Mazowe District
bXlxEPKa20b,Zimbabwe Ministry of Health,Midlands Province,Gokwe North District
BXR3t59Q5K9,Zimbabwe Ministry of Health,Bulawayo Metropolitan Province,Northern Suburbs District
byadYrctbqg,Zimbabwe Ministry of Health,Midlands Province,Kwekwe District
BYPQOMMwWqL,Zimbabwe Ministry of Health,Mashonaland West Province,Makonde District
BZOLhPC0o23,Zimbabwe Ministry of Health,Midlands Province,Kwekwe District
C04QiGQzbtb,Zimbabwe Ministry of Health,Matabeleland South Province,Beitbridge District
c0IieswYbFt,Zimbabwe Ministry of Health,Matabeleland South Province,Beitbridge District
c1S6761B2UU,Zimbabwe Ministry of Health,Harare Metropolitan Province,Epworth
c27sRLtrAAv,Zimbabwe Ministry of Health,Midlands Province,Zvishavane District
C31Snb6h6dX,Zimbabwe Ministry of Health,Matabeleland South Province,Umzingwane District
c3kGl224qGl,Zimbabwe Ministry of Health,Matabeleland South Province,Mangwe District
C3NcCrDgghe,Zimbabwe Ministry of Health,Masvingo Province,Gutu District
C4IOdmEL8Lf,Zimbabwe Ministry of Health,Midlands Province,Kwekwe District
C5NOjTNMSLP,Zimbabwe Ministry of Health,Masvingo Province,Chiredzi District
C7k9RxJ74Bd,Zimbabwe Ministry of Health,Harare Metropolitan Province,Epworth
C8cvRyUwNvw,Zimbabwe Ministry of Health,Midlands Province,Gokwe South District
cA3Rx1yM4Un,Zimbabwe Ministry of Health,Manicaland Province,Nyanga District
cAMje9pQE3E,Zimbabwe Ministry of Health,Mashonaland West Province,Mhondoro District
caxcNeLNWje,Zimbabwe Ministry of Health,Manicaland Province,Buhera District
CBoxkuesX1p,Zimbabwe Ministry of Health,Harare Metropolitan Province,Ruwa
cBXTpF0j9Li,Zimbabwe Ministry of Health,Midlands Province,Kwekwe District
Cc5fCsfiMeA,Zimbabwe Ministry of Health,Manicaland Province,Chimanimani District
cCdp294NXnX,Zimbabwe Ministry of Health,Mashonaland East Province,Mutoko District
CcXoFggKtLM,Zimbabwe Ministry of Health,Bulawayo Metropolitan Province,Northern Suburbs District
cD95jTscQmY,Zimbabwe Ministry of Health,Mashonaland East Province,Murewa District
cdDx6dXekAS,Zimbabwe Ministry of Health,Midlands Province,Kwekwe District
cdFeP19JNZ0,Zimbabwe Ministry of Health,Manicaland Province,Nyanga District
cDFU6IoltJP,Zimbabwe Ministry of Health,Manicaland Province,Mutare District
cDMh15Lx49d,Zimbabwe Ministry of Health,Manicaland Province,Buhera District
ceQaGshezwG,Zimbabwe Ministry of Health,Midlands Province,Gokwe South District
ceUL4u9t9at,Zimbabwe Ministry of Health,Manicaland Province,Makoni District
cfjk1dGjdlQ,Zimbabwe Ministry of Health,Mashonaland West Province,Chegutu District
CfSF8vkX9AT,Zimbabwe Ministry of Health,Manicaland Province,Mutare District
cfYVFtLReGT,Zimbabwe Ministry of Health,Mashonaland West Province,Makonde District
cfyzxG8NXg5,Zimbabwe Ministry of Health,Manicaland Province,Chipinge District
CgHpXtKGPab,Zimbabwe Ministry of Health,Masvingo Province,Masvingo District
cGLXwIb6qa3,Zimbabwe Ministry of Health,Manicaland Province,Nyanga District
CGm37qYHO3h,Zimbabwe Ministry of Health,Matabeleland North Province,Tsholotsho District
CGPfx0JG2rZ,Zimbabwe Ministry of Health,Mashonaland East Province,Uzumba Maramba Pfungwe District
CgvZBugWYNn,Zimbabwe Ministry of Health,Bulawayo Metropolitan Province,Northern Suburbs District
cHsk8ISst3c,Zimbabwe Ministry of Health,Matabeleland South Province,Matobo District
cHT3PnSLQGW,Zimbabwe Ministry of Health,Midlands Province,Shurugwi District
ChudQ17X9zf,Zimbabwe Ministry of Health,Manicaland Province,Mutasa District
cHV2bfs6fO7,Zimbabwe Ministry of Health,Manicaland Province,Mutasa District
ci8nTvALyD5,Zimbabwe Ministry of Health,Midlands Province,Kwekwe District
CijX89n5eHh,Zimbabwe Ministry of Health,Mashonaland East Province,Murewa District
CJHjHhKo5dr,Zimbabwe Ministry of Health,Matabeleland North Province,Lupane District
CjhuibtqJ9P,Zimbabwe Ministry of Health,Manicaland Province,Mutasa District
cjtHIvjlvHq,Zimbabwe Ministry of Health,Matabeleland South Province,Gwanda District
ck7pLPOQFDF,Zimbabwe Ministry of Health,Masvingo Province,Masvingo District
CK9XQFNrRzR,Zimbabwe Ministry of Health,Masvingo Province,Gutu District
CktmRE9FieY,Zimbabwe Ministry of Health,Masvingo Province,Chiredzi District
CLY1s9f87Kn,Zimbabwe Ministry of Health,Bulawayo Metropolitan Province,Northern Suburbs District
cm0WmYTq019,Zimbabwe Ministry of Health,Matabeleland North Province,Tsholotsho District
cMGGgI1kcoa,Zimbabwe Ministry of Health,Mashonaland East Province,Goromonzi District
cn05qNHxtLo,Zimbabwe Ministry of Health,Midlands Province,Gokwe North District
CoBuECjxZyS,Zimbabwe Ministry of Health,Masvingo Province,Mwenezi District
CoDcWjdllv7,Zimbabwe Ministry of Health,Midlands Province,Zvishavane District
cOFrvE80WQ7,Zimbabwe Ministry of Health,Matabeleland South Province,Beitbridge District
CP661imetWS,Zimbabwe Ministry of Health,Manicaland Province,Makoni District
CpgIKDUylA4,Zimbabwe Ministry of Health,Matabeleland North Province,Hwange District
CQ3o6mYp1Zp,Zimbabwe Ministry of Health,Manicaland Province,Chimanimani District
cqLTAjlxeg3,Zimbabwe Ministry of Health,Harare Metropolitan Province,Southern District
cR7Npl4ihAb,Zimbabwe Ministry of Health,Mashonaland Central Province,Mbire District
crCCkYOvmme,Zimbabwe Ministry of Health,Manicaland Province,Buhera District
cRkoSonRwkO,Zimbabwe Ministry of Health,Harare Metropolitan Province,Western District
CRnw6S2VnRr,Zimbabwe Ministry of Health,Matabeleland South Province,Matobo District
croT0mcnle6,Zimbabwe Ministry of Health,Matabeleland South Province,Mangwe District
CruRr3BB7uS,Zimbabwe Ministry of Health,Midlands Province,Gweru District
cs3euJGArOo,Zimbabwe Ministry of Health,Bulawayo Metropolitan Province,Northern Suburbs District
CSEp89EQzMI,Zimbabwe Ministry of Health,Manicaland Province,Makoni District
cSIpEWtt0J1,Zimbabwe Ministry of Health,Mashonaland Central Province,Mount Darwin District
CsrqsNpaRqk,Zimbabwe Ministry of Health,Masvingo Province,Gutu District
CSsaMpKG6AQ,Zimbabwe Ministry of Health,Manicaland Province,Chipinge District
cSWNVcN3NRE,Zimbabwe Ministry of Health,Mashonaland West Province,Hurungwe District
CtbET5eDrAS,Zimbabwe Ministry of Health,Harare Metropolitan Province,Chitungwiza District
CTerEXEJnJ1,Zimbabwe Ministry of Health,Mashonaland East Province,Goromonzi District
CtwfEoZrU3T,Zimbabwe Ministry of Health,Masvingo Province,Zaka District
cU1KznGD8Li,Zimbabwe Ministry of Health,Harare Metropolitan Province,Chitungwiza District
cuaFWOVyBcF,Zimbabwe Ministry of Health,Mashonaland East Province,Seke District
CuuhL6E9mz8,Zimbabwe Ministry of Health,Manicaland Province,Chipinge District
CV4IXOSr5ky,Zimbabwe Ministry of Health,Manicaland Province,Buhera District
Cv6kmfDxwVs,Zimbabwe Ministry of Health,Midlands Province,Chirumhanzu District
CVszPWzF4WE,Zimbabwe Ministry of Health,Mashonaland West Province,Chegutu District
CvwlQZJp9g7,Zimbabwe Ministry of Health,Manicaland Province,Chipinge District
CwWMght8FRk,Zimbabwe Ministry of Health,Masvingo Province,Gutu District
cxEUTwqCY6A,Zimbabwe Ministry of Health,Midlands Province,Mberengwa District
cXIACOdC70S,Zimbabwe Ministry of Health,Mashonaland Central Province,Guruve District
CXLqK6E4nCr,Zimbabwe Ministry of Health,Midlands Province,Gokwe South District
CxlReo4oAPb,Zimbabwe Ministry of Health,Mashonaland Central Province,Mazowe District
cYGPBGuZmRf,Zimbabwe Ministry of Health,Manicaland Province,Makoni District
CyQ4iEYBfWW,Zimbabwe Ministry of Health,Matabeleland South Province,Mangwe District
CyzLGOqW4CZ,Zimbabwe Ministry of Health,Bulawayo Metropolitan Province,Northern Suburbs District
czJaFNMnZaU,Zimbabwe Ministry of Health,Midlands Province,Gweru District
czkUvOxUq00,Zimbabwe Ministry of Health,Masvingo Province,Bikita District
Czle6XjxWyz,Zimbabwe Ministry of Health,Masvingo Province,Mwenezi District
CZWF01QsFtT,Zimbabwe Ministry of Health,Manicaland Province,Makoni District
d0jck2poqAe,Zimbabwe Ministry of Health,Mashonaland East Province,Marondera District
D1owZMn5nGm,Zimbabwe Ministry of Health,Manicaland Province,Mutasa District
d2v7CqsxBrg,Zimbabwe Ministry of Health,Mashonaland West Province,Zvimba District
d36D8bX616g,Zimbabwe Ministry of Health,Mashonaland East Province,Seke District
d3nnIyRIBkd,Zimbabwe Ministry of Health,Masvingo Province,Chiredzi District
d3VmuOC7Mz5,Zimbabwe Ministry of Health,Mashonaland West Province,Makonde District
D4WpAh9SgYH,Zimbabwe Ministry of Health,Mashonaland East Province,Mutoko District
D5gTnvm2lRc,Zimbabwe Ministry of Health,Mashonaland Central Province,Mount Darwin District
D60BOYa5XlG,Zimbabwe Ministry of Health,Matabeleland North Province,Bubi District
D6N8UWfVAPe,Zimbabwe Ministry of Health,Mashonaland West Province,Sanyati District
d73t6Bs5YRb,Zimbabwe Ministry of Health,Midlands Province,Chirumhanzu District
d7fOaS2UsST,Zimbabwe Ministry of Health,Masvingo Province,Mwenezi District
D8CMbsbjqfb,Zimbabwe Ministry of Health,Midlands Province,Shurugwi District
daBCGmAg9r8,Zimbabwe Ministry of Health,Mashonaland West Province,Sanyati District
DAC9AC1mXL3,Zimbabwe Ministry of Health,Bulawayo Metropolitan Province,Northern Suburbs District
dAkr74lJdkt,Zimbabwe Ministry of Health,Midlands Province,Gweru District
DauepNdGyhQ,Zimbabwe Ministry of Health,Mashonaland East Province,Mutoko District
db63NfYNFHF,Zimbabwe Ministry of Health,Midlands Province,Shurugwi District
dba4bhqXMYE,Zimbabwe Ministry of Health,Mashonaland Central Province,Centenary District
DbQXH7UTxW2,Zimbabwe Ministry of Health,Mashonaland West Province,Makonde District
DC2oHCck0rA,Zimbabwe Ministry of Health,Harare Metropolitan Province,Southern District
DC7Rz9IEw9Q,Zimbabwe Ministry of Health,Manicaland Province,Makoni District
DccfijgagVH,Zimbabwe Ministry of Health,Midlands Province,Shurugwi District
DcHuyzOs4rF,Zimbabwe Ministry of Health,Manicaland Province,Makoni District
dctbNHhtdAb,Zimbabwe Ministry of Health,Mashonaland Central Province,Shamva District
DD616cDYLPF,Zimbabwe Ministry of Health,Midlands Province,Zvishavane District
DDutlVL2ZiV,Zimbabwe Ministry of Health,Midlands Province,Gokwe North District
dEh02PW4U5J,Zimbabwe Ministry of Health,Mashonaland Central Province,Rushinga District
DeHxwlOXE75,Zimbabwe Ministry of Health,Matabeleland North Province,Tsholotsho District
dekCnTKC0br,Zimbabwe Ministry of Health,Matabeleland South Province,Bulilima District
dEmeaiM4uFH,Zimbabwe Ministry of Health,Mashonaland East Province,Goromonzi District
Df1lhVC5XBJ,Zimbabwe Ministry of Health,Harare Metropolitan Province,Southern District
dF1v2SOuvg2,Zimbabwe Ministry of Health,Masvingo Province,Mwenezi District
dfpYezH6cH6,Zimbabwe Ministry of Health,Mashonaland West Province,Zvimba District
DFYIXQC5gIh,Zimbabwe Ministry of Health,Mashonaland West Province,Hurungwe District
Dg5vxiXKIla,Zimbabwe Ministry of Health,Mashonaland East Province,Seke District
DgIsJlyh7ei,Zimbabwe Ministry of Health,Manicaland Province,Mutare District
Dh0nRziYm59,Zimbabwe Ministry of Health,Manicaland Province,Mutasa District
dh8SkIE24ec,Zimbabwe Ministry of Health,Matabeleland North Province,Hwange District
DHEcl0aTZ6O,Zimbabwe Ministry of Health,Midlands Province,Shurugwi District
dHGtDD8zP0n,Zimbabwe Ministry of Health,Mashonaland Central Province,Mazowe District
dhH6KRKUf1c,Zimbabwe Ministry of Health,Harare Metropolitan Province,Northern District
dhiLrn2OMIj,Zimbabwe Ministry of Health,Matabeleland South Province,Gwanda District
DhKzAnRliZz,Zimbabwe Ministry of Health,Matabeleland North Province,Bubi District
DHndw86nmAn,Zimbabwe Ministry of Health,Manicaland Province,Chipinge District
DhtKa8pbQom,Zimbabwe Ministry of Health,Harare Metropolitan Province,Western District
DHX4QPFYNf1,Zimbabwe Ministry of Health,Matabeleland North Province,Umguza District
diiPipbRrcQ,Zimbabwe Ministry of Health,Harare Metropolitan Province,Southern District
dinMl4eP4Nu,Zimbabwe Ministry of Health,Mashonaland East Province,Seke District
dizbbt1c58H,Zimbabwe Ministry of Health,Mashonaland West Province,Sanyati District
dj3yixBALQD,Zimbabwe Ministry of Health,Bulawayo Metropolitan Province,Northern Suburbs District
DjzMz2Vsf8z,Zimbabwe Ministry of Health,Masvingo Province,Bikita District
dk3jiq2dHYj,Zimbabwe Ministry of Health,Mashonaland West Province,Chegutu District
DKPcDr74KRI,Zimbabwe Ministry of Health,Matabeleland North Province,Lupane District
DKq7C6J9P60,Zimbabwe Ministry of Health,Mashonaland West Province,Sanyati District
Dl6P9CJ50BK,Zimbabwe Ministry of Health,Manicaland Province,Nyanga District
DL9A4lDtWrG,Zimbabwe Ministry of Health,Mashonaland Central Province,Rushinga District
DlgvXgwJqJ7,Zimbabwe Ministry of Health,Mashonaland East Province,Uzumba Maramba Pfungwe District
Dlm5vVPH4xZ,Zimbabwe Ministry of Health,Manicaland Province,Chipinge District
dlqwJ6OKw9r,Zimbabwe Ministry of Health,Matabeleland North Province,Binga District
dlvLQ9cbCAJ,Zimbabwe Ministry of Health,Mashonaland Central Province,Mazowe District
dm7vkSdHsAz,Zimbabwe Ministry of Health,Mashonaland Central Province,Centenary District
dMek5b21Mr7,Zimbabwe Ministry of Health,Mashonaland East Province,Mudzi District
dn1dB5luQwj,Zimbabwe Ministry of Health,Matabeleland North Province,Hwange District
dN798pKVXGg,Zimbabwe Ministry of Health,Harare Metropolitan Province,Western District
Dn8LxB4ddA4,Zimbabwe Ministry of Health,Mashonaland East Province,Uzumba Maramba Pfungwe District
dNu7gRSOYDL,Zimbabwe Ministry of Health,Mashonaland East Province,Chikomba District
dnyF1KLtmrO,Zimbabwe Ministry of Health,Matabeleland North Province,Tsholotsho District
DOhScLRYKX2,Zimbabwe Ministry of Health,Mashonaland West Province,Kariba District
DOlQq1GB4v8,Zimbabwe Ministry of Health,Mashonaland Central Province,Rushinga District
DpG4P0JZL0I,Zimbabwe Ministry of Health,Mashonaland East Province,Chikomba District
dPK4rB0KqA7,Zimbabwe Ministry of Health,Manicaland Province,Buhera District
dQIw6MRSIeW,Zimbabwe Ministry of Health,Harare Metropolitan Province,Northern District
dQlG18anLKE,Zimbabwe Ministry of Health,Mashonaland Central Province,Guruve District
dqnszlzlRfu,Zimbabwe Ministry of Health,Mashonaland West Province,Hurungwe District
dQUAeiEDFpr,Zimbabwe Ministry of Health,Manicaland Province,Chimanimani District
dr94rzbEjNI,Zimbabwe Ministry of Health,Masvingo Province,Chivi District
DROeVoEXVYs,Zimbabwe Ministry of Health,Matabeleland South Province,Mangwe District
drzZ7nrqQuF,Zimbabwe Ministry of Health,Mashonaland East Province,Chikomba District
DSg8HlmZ9uq,Zimbabwe Ministry of Health,Masvingo Province,Chiredzi District
dSmOsBpEdS0,Zimbabwe Ministry of Health,Masvingo Province,Mwenezi District
dsqZiQwL964,Zimbabwe Ministry of Health,Matabeleland North Province,Bubi District
DSvF8ieWkoe,Zimbabwe Ministry of Health,Harare Metropolitan Province,Southern District
dtbRhEVyrat,Zimbabwe Ministry of Health,Matabeleland South Province,Gwanda District
DTEru2o5vj7,Zimbabwe Ministry of Health,Mashonaland Central Province,Bindura District
dthDF4C3Sm3,Zimbabwe Ministry of Health,Mashonaland East Province,Uzumba Maramba Pfungwe District
dtvjiz5g22E,Zimbabwe Ministry of Health,Manicaland Province,Mutare District
dtyRypbIahM,Zimbabwe Ministry of Health,Masvingo Province,Mwenezi District
Du7biKhp1Ss,Zimbabwe Ministry of Health,Masvingo Province,Mwenezi District
dudLclDI9eN,Zimbabwe Ministry of Health,Manicaland Province,Buhera District
DvigEFxkVl1,Zimbabwe Ministry of Health,Mashonaland East Province,Mudzi District
DvW4fK9utJL,Zimbabwe Ministry of Health,Midlands Province,Kwekwe District
dW1nZB3QRuP,Zimbabwe Ministry of Health,Masvingo Province,Bikita District
DwAlIVIbmIU,Zimbabwe Ministry of Health,Bulawayo Metropolitan Province,Northern Suburbs District
dxJvAPw0cIF,Zimbabwe Ministry of Health,Matabeleland North Province,Nkayi District
DxYCdFYiA2M,Zimbabwe Ministry of Health,Matabeleland North Province,Hwange District
DZPVGzfLY1Y,Zimbabwe Ministry of Health,Mashonaland East Province,Mudzi District
E0AFzQNcapu,Zimbabwe Ministry of Health,Mashonaland West Province,Hurungwe District
e0HsqWVYyVq,Zimbabwe Ministry of Health,Matabeleland North Province,Umguza District
e0lHF7b1MU7,Zimbabwe Ministry of Health,Mashonaland West Province,Hurungwe District
e1IkMDxL8fe,Zimbabwe Ministry of Health,Bulawayo Metropolitan Province,Northern Suburbs District
E1lUjnhgNHO,Zimbabwe Ministry of Health,Mashonaland West Province,Makonde District
E20saWNnwOT,Zimbabwe Ministry of Health,Mashonaland East Province,Chikomba District
e2w3gIVleBH,Zimbabwe Ministry of Health,Mashonaland Central Province,Shamva District
E3H6wlL5tV2,Zimbabwe Ministry of Health,Manicaland Province,Mutasa District
e4uQ0NpQoba,Zimbabwe Ministry of Health,Mashonaland Central Province,Mazowe District
E54XNunYxiM,Zimbabwe Ministry of Health,Matabeleland North Province,Hwange District
e57sMnkil4B,Zimbabwe Ministry of Health,Harare Metropolitan Province,Southern District
E7AXNPjenwo,Zimbabwe Ministry of Health,Harare Metropolitan Province,Southern District
E7z7msrh2Ti,Zimbabwe Ministry of Health,Midlands Province,Chirumhanzu District
E8dojUKQw6k,Zimbabwe Ministry of Health,Mashonaland Central Province,Guruve District
E8EI6XrQSsn,Zimbabwe Ministry of Health,Matabeleland South Province,Beitbridge District
E8YETQLa2jF,Zimbabwe Ministry of Health,Midlands Province,Gweru District
e95WT3Di3Ae,Zimbabwe Ministry of Health,Mashonaland East Province,Mudzi District
e9VM80nHbQh,Zimbabwe Ministry of Health,Matabeleland North Province,Hwange District
eA27CMD9GCW,Zimbabwe Ministry of Health,Masvingo Province,Masvingo District
eA9SVqmE5dM,Zimbabwe Ministry of Health,Manicaland Province,Chipinge District
eAeYJMOHja5,Zimbabwe Ministry of Health,Masvingo Province,Gutu District
eANtdLc9zeW,Zimbabwe Ministry of Health,Mashonaland East Province,Mudzi District
eAYZLHIldwM,Zimbabwe Ministry of Health,Mashonaland West Province,Mhondoro District
EBfmC3oJ5sM,Zimbabwe Ministry of Health,Mashonaland West Province,Kariba District
ECxIUwSg9Ep,Zimbabwe Ministry of Health,Matabeleland North Province,Lupane District
EDClzGRGLtD,Zimbabwe Ministry of Health,Mashonaland Central Province,Mbire District
ee367Xt3fRC,Zimbabwe Ministry of Health,Midlands Province,Gweru District
eEfUA9ZxG6Q,Zimbabwe Ministry of Health,Mashonaland West Province,Hurungwe District
Eej6PK0ibK9,Zimbabwe Ministry of Health,Manicaland Province,Mutasa District
eelkwjILUSv,Zimbabwe Ministry of Health,Midlands Province,Gokwe South District
eeOndYZ0Czy,Zimbabwe Ministry of Health,Manicaland Province,Chipinge District
eFmKu8tm7j9,Zimbabwe Ministry of Health,Manicaland Province,Mutare District
eh9v7iWzf12,Zimbabwe Ministry of Health,Manicaland Province,Chipinge District
eheoVVnQWUz,Zimbabwe Ministry of Health,Mashonaland Central Province,Centenary District
eHtpKDVWlGl,Zimbabwe Ministry of Health,Midlands Province,Gokwe South District
ehyKgyfvYrs,Zimbabwe Ministry of Health,Harare Metropolitan Province,Ruwa
EI2eBWX6AdG,Zimbabwe Ministry of Health,Matabeleland North Province,Tsholotsho District
EiLjfjMowWZ,Zimbabwe Ministry of Health,Mashonaland Central Province,Bindura District
eiOs4aU2yjI,Zimbabwe Ministry of Health,Mashonaland Central Province,Shamva District
EJGMNgSreZS,Zimbabwe Ministry of Health,Mashonaland West Province,Zvimba District
ekbdtc8K62D,Zimbabwe Ministry of Health,Mashonaland East Province,Chikomba District
eKeQZ0FUknQ,Zimbabwe Ministry of Health,Matabeleland North Province,Hwange District
EKhuNsZc6Nl,Zimbabwe Ministry of Health,Masvingo Province,Mwenezi District
eKlZC7K0tCE,Zimbabwe Ministry of Health,Mashonaland Central Province,Mazowe District
EKnfAqyWdAo,Zimbabwe Ministry of Health,Masvingo Province,Chiredzi District
EKzN9za0veE,Zimbabwe Ministry of Health,Midlands Province,Zvishavane District
elKvx3rNTFA,Zimbabwe Ministry of Health,Masvingo Province,Chiredzi District
Ellfi6GeXAw,Zimbabwe Ministry of Health,Matabeleland North Province,Umguza District
ElsStppNsL7,Zimbabwe Ministry of Health,Matabeleland South Province,Beitbridge District
EmOG95qJwGF,Zimbabwe Ministry of Health,Masvingo Province,Bikita District
ENpqUhT1fYg,Zimbabwe Ministry of Health,Mashonaland Central Province,Mount Darwin District
EnUWwQqs6vP,Zimbabwe Ministry of Health,Masvingo Province,Zaka District
Eoja1UEfGWG,Zimbabwe Ministry of Health,Manicaland Province,Mutare District
EoPAtQiKTcB,Zimbabwe Ministry of Health,Mashonaland Central Province,Centenary District
eopLbB9IjK6,Zimbabwe Ministry of Health,Mashonaland Central Province,Rushinga District
ePuoKDPS9RP,Zimbabwe Ministry of Health,Manicaland Province,Buhera District
ePZ78XLZM0A,Zimbabwe Ministry of Health,Mashonaland Central Province,Bindura District
epzuk3Ugv3q,Zimbabwe Ministry of Health,Matabeleland South Province,Mangwe District
eQC86cRs7RZ,Zimbabwe Ministry of Health,Midlands Province,Mberengwa District
EqcfpqVkoXv,Zimbabwe Ministry of Health,Masvingo Province,Chiredzi District
EqD2xssNXGE,Zimbabwe Ministry of Health,Matabeleland North Province,Binga District
ER8MCtyWYI5,Zimbabwe Ministry of Health,Mashonaland East Province,Mutoko District
erjaP6iGLO9,Zimbabwe Ministry of Health,Mashonaland East Province,Seke District
Esx3b4YSUPW,Zimbabwe Ministry of Health,Mashonaland East Province,Seke District
Et5Pn4qCa2h,Zimbabwe Ministry of Health,Mashonaland Central Province,Bindura District
eTm3CJ9XKCY,Zimbabwe Ministry of Health,Manicaland Province,Chipinge District
ETm6n9STB4U,Zimbabwe Ministry of Health,Matabeleland North Province,Binga District
Ett4I6kXvlz,Zimbabwe Ministry of Health,Mashonaland East Province,Marondera District
eTumkl8DSgO,Zimbabwe Ministry of Health,Midlands Province,Gokwe South District
eu1hrSICcH2,Zimbabwe Ministry of Health,Matabeleland North Province,Hwange District
eUpO3WR3BKX,Zimbabwe Ministry of Health,Manicaland Province,Buhera District
eUv3iLHTiIN,Zimbabwe Ministry of Health,Midlands Province,Kwekwe District
EvB19FciC9r,Zimbabwe Ministry of Health,Harare Metropolitan Province,Eastern District
EW1W9dgRyOa,Zimbabwe Ministry of Health,Mashonaland East Province,Murewa District
EWIT0gjbKzw,Zimbabwe Ministry of Health,Midlands Province,Gokwe South District
EWMnY0PYBjL,Zimbabwe Ministry of Health,Harare Metropolitan Province,Eastern District
EWpTNffyi57,Zimbabwe Ministry of Health,Masvingo Province,Gutu District
Ex8zprmusPk,Zimbabwe Ministry of Health,Mashonaland West Province,Makonde District
ExkjdxwIkft,Zimbabwe Ministry of Health,Midlands Province,Gokwe North District
eXkxmczLT4J,Zimbabwe Ministry of Health,Mashonaland Central Province,Rushinga District
eXlDbDvNDwz,Zimbabwe Ministry of Health,Mashonaland Central Province,Bindura District
EXmqXvQuGwO,Zimbabwe Ministry of Health,Masvingo Province,Masvingo District
EXQmwbJYyri,Zimbabwe Ministry of Health,Manicaland Province,Makoni District
EzI6Ss6lDDC,Zimbabwe Ministry of Health,Mashonaland East Province,Goromonzi District
F0ea0uQpBtP,Zimbabwe Ministry of Health,Harare Metropolitan Province,Epworth
f0xKBrZmcn8,Zimbabwe Ministry of Health,Bulawayo Metropolitan Province,Northern Suburbs District
f1bWlztZ9hc,Zimbabwe Ministry of Health,Bulawayo Metropolitan Province,Northern Suburbs District
F2UQyWLITD3,Zimbabwe Ministry of Health,Midlands Province,Mberengwa District
F2zPzFu25FX,Zimbabwe Ministry of Health,Mashonaland West Province,Hurungwe District
F3kdWqiKhDN,Zimbabwe Ministry of Health,Mashonaland West Province,Chegutu District
f3uDkVAncED,Zimbabwe Ministry of Health,Harare Metropolitan Province,Eastern District
F4AJYW3LDd7,Zimbabwe Ministry of Health,Harare Metropolitan Province,Eastern District
F4eVxzQUZHn,Zimbabwe Ministry of Health,Harare Metropolitan Province,Western District
f5r24bbz4bp,Zimbabwe Ministry of Health,Midlands Province,Kwekwe District
f5SWKyYXPLQ,Zimbabwe Ministry of Health,Midlands Province,Gokwe South District
f68QKUNRmhY,Zimbabwe Ministry of Health,Mashonaland West Province,Hurungwe District
f6CgkxVhCLE,Zimbabwe Ministry of Health,Midlands Province,Gokwe North District
kFndlxCVNkl,Zimbabwe Ministry of Health,Masvingo Province,Chivi District
f6TuF07vwQr,Zimbabwe Ministry of Health,Bulawayo Metropolitan Province,Bulawayo Central Hospitals
f7IkOT2Fpg5,Zimbabwe Ministry of Health,Manicaland Province,Mutare District
f7WXqv3NgCo,Zimbabwe Ministry of Health,Mashonaland Central Province,Shamva District
F9bd4PTzZLa,Zimbabwe Ministry of Health,Matabeleland South Province,Umzingwane District
f9V9wkQROiw,Zimbabwe Ministry of Health,Manicaland Province,Chimanimani District
faWte2AAOGa,Zimbabwe Ministry of Health,Masvingo Province,Bikita District
FbavS0QLZNB,Zimbabwe Ministry of Health,Manicaland Province,Chipinge District
fbumlk4A6cT,Zimbabwe Ministry of Health,Harare Metropolitan Province,Western District
fc8nfbpx8DL,Zimbabwe Ministry of Health,Midlands Province,Zvishavane District
FD35gFkOMLQ,Zimbabwe Ministry of Health,Mashonaland Central Province,Mazowe District
fD3e45suK7g,Zimbabwe Ministry of Health,Matabeleland North Province,Tsholotsho District
fd5x3cKA9Sn,Zimbabwe Ministry of Health,Mashonaland West Province,Makonde District
FD8qnmHBDTJ,Zimbabwe Ministry of Health,Mashonaland East Province,Marondera District
FdYhwsrDJa4,Zimbabwe Ministry of Health,Mashonaland Central Province,Centenary District
fEbetpqDByU,Zimbabwe Ministry of Health,Mashonaland East Province,Chikomba District
feg23tKkoKy,Zimbabwe Ministry of Health,Mashonaland West Province,Hurungwe District
fEoKPhBWVJD,Zimbabwe Ministry of Health,Masvingo Province,Bikita District
feUcANH6pxB,Zimbabwe Ministry of Health,Mashonaland East Province,Goromonzi District
Ff29ncGhB03,Zimbabwe Ministry of Health,Mashonaland East Province,Mudzi District
FFKaCUsSCQj,Zimbabwe Ministry of Health,Manicaland Province,Mutasa District
fg20SUCO1na,Zimbabwe Ministry of Health,Masvingo Province,Gutu District
FGfT2aC9JaI,Zimbabwe Ministry of Health,Mashonaland West Province,Makonde District
fGPBRoboFJn,Zimbabwe Ministry of Health,Matabeleland South Province,Matobo District
FgU4Zcz5U7E,Zimbabwe Ministry of Health,Mashonaland Central Province,Guruve District
Fh1a7b92R4w,Zimbabwe Ministry of Health,Mashonaland Central Province,Guruve District
fh1XKCyfkGN,Zimbabwe Ministry of Health,Manicaland Province,Chipinge District
FH56ZyKYbKB,Zimbabwe Ministry of Health,Mashonaland Central Province,Mazowe District
FHv7mXP5yzW,Zimbabwe Ministry of Health,Masvingo Province,Chiredzi District
FIbeOZiKgnM,Zimbabwe Ministry of Health,Manicaland Province,Chimanimani District
fj0LjOpeVrO,Zimbabwe Ministry of Health,Harare Metropolitan Province,Chitungwiza District
fJQT9Me7IlN,Zimbabwe Ministry of Health,Midlands Province,Gokwe South District
FKa3yMeMRO7,Zimbabwe Ministry of Health,Mashonaland Central Province,Mazowe District
FKhAJhXjzhx,Zimbabwe Ministry of Health,Mashonaland West Province,Makonde District
fKLCgQosQCh,Zimbabwe Ministry of Health,Mashonaland West Province,Chegutu District
fklDIbnXvDq,Zimbabwe Ministry of Health,Midlands Province,Kwekwe District
FklZnyAweeh,Zimbabwe Ministry of Health,Masvingo Province,Masvingo District
FkOaM6plmz0,Zimbabwe Ministry of Health,Bulawayo Metropolitan Province,Northern Suburbs District
fKZgpZN6GBl,Zimbabwe Ministry of Health,Manicaland Province,Makoni District
FL4dyWRrQnO,Zimbabwe Ministry of Health,Harare Metropolitan Province,Northern District
Flp3vCTgDrH,Zimbabwe Ministry of Health,Manicaland Province,Makoni District
FLsRTYO8EVq,Zimbabwe Ministry of Health,Bulawayo Metropolitan Province,Northern Suburbs District
fLWLLyv4Y5o,Zimbabwe Ministry of Health,Mashonaland Central Province,Mount Darwin District
fmgu6etdyLq,Zimbabwe Ministry of Health,Manicaland Province,Mutare District
FMk7IO1DbCQ,Zimbabwe Ministry of Health,Mashonaland West Province,Sanyati District
fmMgkv25D5z,Zimbabwe Ministry of Health,Mashonaland West Province,Sanyati District
fMobiVP4T70,Zimbabwe Ministry of Health,Midlands Province,Kwekwe District
fN5Q0AZoXdy,Zimbabwe Ministry of Health,Midlands Province,Kwekwe District
fngPvM0fNNI,Zimbabwe Ministry of Health,Manicaland Province,Nyanga District
fNORHKgBfTQ,Zimbabwe Ministry of Health,Midlands Province,Gweru District
fnTUcLvSFv6,Zimbabwe Ministry of Health,Matabeleland North Province,Hwange District
FoKha8nOvaf,Zimbabwe Ministry of Health,Mashonaland Central Province,Mount Darwin District
FOLMj0wPdOM,Zimbabwe Ministry of Health,Bulawayo Metropolitan Province,Bulawayo Central Hospitals
fPwpm2DxjXC,Zimbabwe Ministry of Health,Matabeleland North Province,Hwange District
fqKerAPQHlY,Zimbabwe Ministry of Health,Mashonaland East Province,Mutoko District
FqmwZK7FDnu,Zimbabwe Ministry of Health,Mashonaland Central Province,Guruve District
Fqot38CR6vT,Zimbabwe Ministry of Health,Matabeleland North Province,Bubi District
FqtCDeFcuH7,Zimbabwe Ministry of Health,Masvingo Province,Masvingo District
FQUAPwfgFog,Zimbabwe Ministry of Health,Manicaland Province,Mutare District
fQUGtsR81lp,Zimbabwe Ministry of Health,Mashonaland East Province,Marondera District
fqzU9gJin39,Zimbabwe Ministry of Health,Mashonaland West Province,Hurungwe District
fR4mhVZbBWT,Zimbabwe Ministry of Health,Harare Metropolitan Province,Southern District
FREBt0DBqqw,Zimbabwe Ministry of Health,Manicaland Province,Makoni District
frJdoJUferH,Zimbabwe Ministry of Health,Midlands Province,Kwekwe District
fRsvqX30akL,Zimbabwe Ministry of Health,Mashonaland Central Province,Mazowe District
FRWyzsAtH9s,Zimbabwe Ministry of Health,Harare Metropolitan Province,Southern District
fS3cTGFoLZ0,Zimbabwe Ministry of Health,Mashonaland East Province,Hwedza District
fSftF8peHoD,Zimbabwe Ministry of Health,Mashonaland West Province,Zvimba District
fSmMezXYT0V,Zimbabwe Ministry of Health,Matabeleland North Province,Nkayi District
fTtp6NjSMw4,Zimbabwe Ministry of Health,Masvingo Province,Mwenezi District
FU7AXdidV0z,Zimbabwe Ministry of Health,Masvingo Province,Chiredzi District
FU8Z93y9IuS,Zimbabwe Ministry of Health,Harare Metropolitan Province,Eastern District
fuHLYlO0nIe,Zimbabwe Ministry of Health,Midlands Province,Gweru District
fUUzoo2TLS9,Zimbabwe Ministry of Health,Mashonaland East Province,Mudzi District
FvfmaBnvRKX,Zimbabwe Ministry of Health,Manicaland Province,Nyanga District
FvzDz7j6bk3,Zimbabwe Ministry of Health,Matabeleland North Province,Umguza District
fwV4STmkiq2,Zimbabwe Ministry of Health,Mashonaland Central Province,Shamva District
FXBtKfW0tq5,Zimbabwe Ministry of Health,Harare Metropolitan Province,Chitungwiza District
fxFr4twqaIm,Zimbabwe Ministry of Health,Mashonaland West Province,Mhondoro District
fY1Kk7cibKx,Zimbabwe Ministry of Health,Masvingo Province,Mwenezi District
fy4iRoRcrth,Zimbabwe Ministry of Health,Mashonaland West Province,Chegutu District
Fy7dmIVnLrw,Zimbabwe Ministry of Health,Midlands Province,Gweru District
FYwRJcKqz7u,Zimbabwe Ministry of Health,Mashonaland East Province,Chikomba District
fYXmY87UqtV,Zimbabwe Ministry of Health,Mashonaland West Province,Hurungwe District
FZH7EITOBvB,Zimbabwe Ministry of Health,Matabeleland South Province,Insiza District
fZMGHa9Jv59,Zimbabwe Ministry of Health,Midlands Province,Zvishavane District
fZoVqfNG9Dg,Zimbabwe Ministry of Health,Harare Metropolitan Province,Chitungwiza District
Fzq9mTt0mwd,Zimbabwe Ministry of Health,Masvingo Province,Masvingo District
fzX4nYbF8u2,Zimbabwe Ministry of Health,Midlands Province,Gokwe South District
g0Ai6GvQkQE,Zimbabwe Ministry of Health,Masvingo Province,Zaka District
G0MXzTnIXhD,Zimbabwe Ministry of Health,Masvingo Province,Chivi District
g1tsyQTba7j,Zimbabwe Ministry of Health,Mashonaland East Province,Marondera District
g24yFqYA5xs,Zimbabwe Ministry of Health,Masvingo Province,Masvingo District
g29TEy9yTIW,Zimbabwe Ministry of Health,Matabeleland North Province,Nkayi District
g2h0AGCGHG4,Zimbabwe Ministry of Health,Masvingo Province,Bikita District
G3ZYErhtakQ,Zimbabwe Ministry of Health,Manicaland Province,Mutare District
G57fVB65L2O,Zimbabwe Ministry of Health,Mashonaland West Province,Sanyati District
g62Dpo22HZV,Zimbabwe Ministry of Health,Masvingo Province,Masvingo District
G679ypcHye5,Zimbabwe Ministry of Health,Midlands Province,Kwekwe District
g6ay6w7LekM,Zimbabwe Ministry of Health,Bulawayo Metropolitan Province,Northern Suburbs District
G6bGAnRpVN3,Zimbabwe Ministry of Health,Harare Metropolitan Province,Southern District
g6vwmXRTKtu,Zimbabwe Ministry of Health,Manicaland Province,Mutare District
g6ZZTzRxuno,Zimbabwe Ministry of Health,Midlands Province,Kwekwe District
g7N2eJFfISB,Zimbabwe Ministry of Health,Mashonaland West Province,Sanyati District
G9IafWJuShQ,Zimbabwe Ministry of Health,Masvingo Province,Masvingo District
Ga3NJQeP0dr,Zimbabwe Ministry of Health,Manicaland Province,Mutare District
ga4R0LVpMQZ,Zimbabwe Ministry of Health,Mashonaland East Province,Mudzi District
GAD9gVWs9cr,Zimbabwe Ministry of Health,Matabeleland North Province,Bubi District
GAfmXZsidnX,Zimbabwe Ministry of Health,Midlands Province,Gokwe South District
Gahvlupt3c8,Zimbabwe Ministry of Health,Matabeleland North Province,Hwange District
gakuJ6lNIT0,Zimbabwe Ministry of Health,Mashonaland East Province,Mutoko District
gamr40uJNI4,Zimbabwe Ministry of Health,Midlands Province,Gokwe South District
GBsKRjq9zHR,Zimbabwe Ministry of Health,Matabeleland South Province,Gwanda District
Gc1X3NYyk9O,Zimbabwe Ministry of Health,Mashonaland West Province,Hurungwe District
GCyRcR8dYEc,Zimbabwe Ministry of Health,Bulawayo Metropolitan Province,Northern Suburbs District
GD8EL0CSQSn,Zimbabwe Ministry of Health,Mashonaland West Province,Mhondoro District
GdGSOpNzCUE,Zimbabwe Ministry of Health,Bulawayo Metropolitan Province,Northern Suburbs District
GdL5a5OSZ15,Zimbabwe Ministry of Health,Harare Metropolitan Province,Western District
GdlWakJtoRZ,Zimbabwe Ministry of Health,Mashonaland West Province,Sanyati District
GDqFwDpZc0S,Zimbabwe Ministry of Health,Manicaland Province,Mutasa District
gdr27YOXPty,Zimbabwe Ministry of Health,Midlands Province,Gokwe South District
gdtgs1UOaiq,Zimbabwe Ministry of Health,Matabeleland North Province,Hwange District
GehBPE0FzB1,Zimbabwe Ministry of Health,Harare Metropolitan Province,Harare Central Hospitals
geW8p2ssd3n,Zimbabwe Ministry of Health,Mashonaland West Province,Mhondoro District
Gf1PjKzXBp0,Zimbabwe Ministry of Health,Matabeleland South Province,Gwanda District
GG5fmAKKfw4,Zimbabwe Ministry of Health,Mashonaland West Province,Sanyati District
ggbM4q0E7FM,Zimbabwe Ministry of Health,Mashonaland West Province,Mhondoro District
gGHjg0ZF3Rr,Zimbabwe Ministry of Health,Mashonaland Central Province,Bindura District
gGPnnqPAjz5,Zimbabwe Ministry of Health,Harare Metropolitan Province,Harare Central Hospitals
GGQhftNDqxV,Zimbabwe Ministry of Health,Manicaland Province,Mutasa District
GI0IFNWXS8a,Zimbabwe Ministry of Health,Mashonaland Central Province,Mount Darwin District
GICpKH9qAO3,Zimbabwe Ministry of Health,Manicaland Province,Chipinge District
gIKW0lmqvaz,Zimbabwe Ministry of Health,Midlands Province,Chirumhanzu District
giUlAqwyIdB,Zimbabwe Ministry of Health,Manicaland Province,Makoni District
GiVFEv4yPaN,Zimbabwe Ministry of Health,Mashonaland East Province,Murewa District
GizKpNlSNv0,Zimbabwe Ministry of Health,Harare Metropolitan Province,Western District
GjDGcgpIgjx,Zimbabwe Ministry of Health,Harare Metropolitan Province,Eastern District
gjJpDJGG8bE,Zimbabwe Ministry of Health,Masvingo Province,Bikita District
GJpUvLLUGTt,Zimbabwe Ministry of Health,Midlands Province,Gweru District
GJZjvxYCw20,Zimbabwe Ministry of Health,Matabeleland South Province,Insiza District
gK3sVlNKoXa,Zimbabwe Ministry of Health,Harare Metropolitan Province,Northern District
GKtPGyT5u0Z,Zimbabwe Ministry of Health,Mashonaland Central Province,Shamva District
gKWp4szQSMa,Zimbabwe Ministry of Health,Harare Metropolitan Province,Ruwa
GlampS7ZKwE,Zimbabwe Ministry of Health,Mashonaland West Province,Makonde District
GLitgBlY1o4,Zimbabwe Ministry of Health,Mashonaland East Province,Goromonzi District
GllfEqmEhOT,Zimbabwe Ministry of Health,Manicaland Province,Mutasa District
GLqagpqiJ55,Zimbabwe Ministry of Health,Harare Metropolitan Province,Western District
glToTsmBSNs,Zimbabwe Ministry of Health,Masvingo Province,Chiredzi District
GlxURpUrNmh,Zimbabwe Ministry of Health,Midlands Province,Gweru District
GM03mm6duRI,Zimbabwe Ministry of Health,Matabeleland South Province,Beitbridge District
gmLfAfr1YLt,Zimbabwe Ministry of Health,Matabeleland North Province,Nkayi District
GmVXlJ4SYAZ,Zimbabwe Ministry of Health,Masvingo Province,Masvingo District
gn52LwHeWA6,Zimbabwe Ministry of Health,Mashonaland West Province,Mhondoro District
gn5KxqkLgTm,Zimbabwe Ministry of Health,Mashonaland Central Province,Guruve District
GN8ay9yoERu,Zimbabwe Ministry of Health,Harare Metropolitan Province,Epworth
gNblGYqP5W6,Zimbabwe Ministry of Health,Mashonaland West Province,Makonde District
gnCAtjVM4jt,Zimbabwe Ministry of Health,Mashonaland East Province,Chikomba District
gNDwbtp5I75,Zimbabwe Ministry of Health,Manicaland Province,Nyanga District
gNLShJ0wMmH,Zimbabwe Ministry of Health,Masvingo Province,Bikita District
GNqi1hvwapu,Zimbabwe Ministry of Health,Matabeleland South Province,Beitbridge District
GnrA0A7yXp9,Zimbabwe Ministry of Health,Mashonaland Central Province,Bindura District
gNWQSySRPUt,Zimbabwe Ministry of Health,Midlands Province,Shurugwi District
goEe1IufApa,Zimbabwe Ministry of Health,Masvingo Province,Zaka District
GP1o1ImE8kr,Zimbabwe Ministry of Health,Manicaland Province,Makoni District
GP77AVs6oLi,Zimbabwe Ministry of Health,Matabeleland North Province,Bubi District
gqcU7kuBg9L,Zimbabwe Ministry of Health,Masvingo Province,Chivi District
gqopHUVukuS,Zimbabwe Ministry of Health,Mashonaland Central Province,Guruve District
GqPQnWLbBPs,Zimbabwe Ministry of Health,Harare Metropolitan Province,Western District
gro8cEQCXu8,Zimbabwe Ministry of Health,Mashonaland West Province,Mhondoro District
GRyNGyhYYmi,Zimbabwe Ministry of Health,Mashonaland East Province,Murewa District
GS1T53HSfL7,Zimbabwe Ministry of Health,Manicaland Province,Nyanga District
GScNFtBXxLn,Zimbabwe Ministry of Health,Mashonaland East Province,Uzumba Maramba Pfungwe District
GSO7OZtivM0,Zimbabwe Ministry of Health,Manicaland Province,Chipinge District
gsTGlHB8gmo,Zimbabwe Ministry of Health,Masvingo Province,Masvingo District
gtblxzSFme3,Zimbabwe Ministry of Health,Manicaland Province,Chimanimani District
gTTmyNtv6lv,Zimbabwe Ministry of Health,Manicaland Province,Makoni District
GtuPUhZTkij,Zimbabwe Ministry of Health,Manicaland Province,Chimanimani District
Gu1JjY6Edv0,Zimbabwe Ministry of Health,Mashonaland Central Province,Bindura District
gUdA7QGrKyj,Zimbabwe Ministry of Health,Masvingo Province,Mwenezi District
GvVoQrSmWnX,Zimbabwe Ministry of Health,Mashonaland Central Province,Mount Darwin District
gVxFHNoVz6h,Zimbabwe Ministry of Health,Mashonaland East Province,Chikomba District
GW1YBnEe07G,Zimbabwe Ministry of Health,Manicaland Province,Chipinge District
gWE3zAl8pbe,Zimbabwe Ministry of Health,Mashonaland West Province,Mhondoro District
gwWyz9Yf0k4,Zimbabwe Ministry of Health,Manicaland Province,Makoni District
Gx9mi4IpwDI,Zimbabwe Ministry of Health,Masvingo Province,Masvingo District
gXa5h93RKFt,Zimbabwe Ministry of Health,Harare Metropolitan Province,Western District
GxXp62pvGkn,Zimbabwe Ministry of Health,Mashonaland West Province,Sanyati District
GYbuNzdwdUb,Zimbabwe Ministry of Health,Mashonaland Central Province,Guruve District
GYopL5qAdJe,Zimbabwe Ministry of Health,Midlands Province,Shurugwi District
gZDrLl5gKNO,Zimbabwe Ministry of Health,Mashonaland Central Province,Guruve District
h0HY9qChF4k,Zimbabwe Ministry of Health,Manicaland Province,Chipinge District
h19bKSYBhsC,Zimbabwe Ministry of Health,Manicaland Province,Mutare District
H2meFOjYe4f,Zimbabwe Ministry of Health,Harare Metropolitan Province,Eastern District
H2nBLDGbyPZ,Zimbabwe Ministry of Health,Manicaland Province,Chimanimani District
h2xWiMJwiP7,Zimbabwe Ministry of Health,Midlands Province,Gokwe South District
h3ztKqxkADj,Zimbabwe Ministry of Health,Harare Metropolitan Province,Northern District
h6WcQ915OrH,Zimbabwe Ministry of Health,Matabeleland South Province,Bulilima District
H6XDX82MnK3,Zimbabwe Ministry of Health,Matabeleland North Province,Hwange District
H7pfKUKYqHv,Zimbabwe Ministry of Health,Matabeleland North Province,Tsholotsho District
H8cEwsCKC4t,Zimbabwe Ministry of Health,Manicaland Province,Chimanimani District
h97LatcIGNJ,Zimbabwe Ministry of Health,Harare Metropolitan Province,Northern District
ha0NrUILCzR,Zimbabwe Ministry of Health,Mashonaland West Province,Makonde District
HbCkQDFnwXR,Zimbabwe Ministry of Health,Manicaland Province,Chipinge District
hBwIFLlxaSV,Zimbabwe Ministry of Health,Matabeleland North Province,Umguza District
HClC4EoiIq1,Zimbabwe Ministry of Health,Midlands Province,Shurugwi District
HCrlcfVKtZ4,Zimbabwe Ministry of Health,Masvingo Province,Chivi District
HCyr5UacnTx,Zimbabwe Ministry of Health,Midlands Province,Zvishavane District
hepfH5D55U3,Zimbabwe Ministry of Health,Harare Metropolitan Province,Western District
HEQkqQU6dxa,Zimbabwe Ministry of Health,Mashonaland East Province,Marondera District
HeWQbrIwIds,Zimbabwe Ministry of Health,Mashonaland East Province,Chikomba District
Hfb02zpvLcI,Zimbabwe Ministry of Health,Bulawayo Metropolitan Province,Northern Suburbs District
HfJyaWoad2t,Zimbabwe Ministry of Health,Masvingo Province,Mwenezi District
hfkMdRTZsja,Zimbabwe Ministry of Health,Harare Metropolitan Province,Southern District
hFsFIHIWHFZ,Zimbabwe Ministry of Health,Mashonaland East Province,Chikomba District
HGM7Vo4TgjE,Zimbabwe Ministry of Health,Manicaland Province,Chimanimani District
HGrsdZnGVLx,Zimbabwe Ministry of Health,Matabeleland South Province,Insiza District
HgTsVb46oGb,Zimbabwe Ministry of Health,Matabeleland South Province,Matobo District
HGx2Xw00U3Z,Zimbabwe Ministry of Health,Mashonaland Central Province,Guruve District
Hgy0mKJsd6k,Zimbabwe Ministry of Health,Manicaland Province,Makoni District
Hh829PZcxK8,Zimbabwe Ministry of Health,Midlands Province,Mberengwa District
HHeHDfrf9G9,Zimbabwe Ministry of Health,Manicaland Province,Makoni District
hHheqUpfla0,Zimbabwe Ministry of Health,Matabeleland North Province,Binga District
HhzffjLebQk,Zimbabwe Ministry of Health,Bulawayo Metropolitan Province,Northern Suburbs District
hIpqe9yIQyn,Zimbabwe Ministry of Health,Matabeleland North Province,Hwange District
hjenkO6mgnT,Zimbabwe Ministry of Health,Harare Metropolitan Province,Western District
HJEvBCmpR3C,Zimbabwe Ministry of Health,Mashonaland Central Province,Mazowe District
hJI1t61vx9V,Zimbabwe Ministry of Health,Mashonaland Central Province,Mbire District
Hjp6i1f3zdZ,Zimbabwe Ministry of Health,Harare Metropolitan Province,Northern District
Hk3MEywVXHw,Zimbabwe Ministry of Health,Harare Metropolitan Province,Harare Central Hospitals
hKl4NCF7eRF,Zimbabwe Ministry of Health,Manicaland Province,Chipinge District
hKxWjgl46bK,Zimbabwe Ministry of Health,Midlands Province,Gweru District
hLt1vxPMtLl,Zimbabwe Ministry of Health,Masvingo Province,Masvingo District
HLt8VqgQSH4,Zimbabwe Ministry of Health,Mashonaland East Province,Mutoko District
hmeOFfHyDyq,Zimbabwe Ministry of Health,Matabeleland South Province,Bulilima District
hmLr5OJqWd6,Zimbabwe Ministry of Health,Masvingo Province,Gutu District
hMpPoeUAoI2,Zimbabwe Ministry of Health,Matabeleland North Province,Hwange District
HnAuuDfRMNr,Zimbabwe Ministry of Health,Harare Metropolitan Province,Chitungwiza District
HnfbuFOJS6n,Zimbabwe Ministry of Health,Mashonaland West Province,Zvimba District
HnmD3aN1Aji,Zimbabwe Ministry of Health,Matabeleland North Province,Tsholotsho District
hNoV44tWsEW,Zimbabwe Ministry of Health,Manicaland Province,Buhera District
HNUnbxZ5OUy,Zimbabwe Ministry of Health,Masvingo Province,Mwenezi District
hqMzUGRF0Vl,Zimbabwe Ministry of Health,Midlands Province,Gokwe South District
HrCYQmO3SNa,Zimbabwe Ministry of Health,Midlands Province,Kwekwe District
hrel5Tx9pKa,Zimbabwe Ministry of Health,Harare Metropolitan Province,Eastern District
HSKwN9sUvmt,Zimbabwe Ministry of Health,Mashonaland West Province,Hurungwe District
hSYoXS16XPR,Zimbabwe Ministry of Health,Manicaland Province,Buhera District
HTBlKWC3ivP,Zimbabwe Ministry of Health,Midlands Province,Shurugwi District
htbuOoM3R8U,Zimbabwe Ministry of Health,Manicaland Province,Makoni District
hTJEuXn462c,Zimbabwe Ministry of Health,Mashonaland West Province,Hurungwe District
HumcblmYQdJ,Zimbabwe Ministry of Health,Mashonaland Central Province,Mazowe District
HUOuqNzR6Aq,Zimbabwe Ministry of Health,Manicaland Province,Makoni District
HveAeV6CvrV,Zimbabwe Ministry of Health,Mashonaland West Province,Chegutu District
HvEGvesS9qA,Zimbabwe Ministry of Health,Mashonaland East Province,Chikomba District
hViAESqgrVk,Zimbabwe Ministry of Health,Mashonaland Central Province,Bindura District
HVtlH7H8abS,Zimbabwe Ministry of Health,Mashonaland Central Province,Mbire District
HW0eTeLlega,Zimbabwe Ministry of Health,Manicaland Province,Nyanga District
hWbSV3iEQ4S,Zimbabwe Ministry of Health,Midlands Province,Gokwe South District
HWEKcq4FVGQ,Zimbabwe Ministry of Health,Mashonaland Central Province,Bindura District
HwIT3aIsuTN,Zimbabwe Ministry of Health,Midlands Province,Gweru District
HWM12v0UAX6,Zimbabwe Ministry of Health,Mashonaland West Province,Hurungwe District
hWY5bWPfKN9,Zimbabwe Ministry of Health,Manicaland Province,Mutasa District
hX6rd1u0c3e,Zimbabwe Ministry of Health,Manicaland Province,Mutasa District
HXHPwUjXD8A,Zimbabwe Ministry of Health,Matabeleland North Province,Binga District
hXpefkkW4IR,Zimbabwe Ministry of Health,Matabeleland North Province,Hwange District
Hy6RBomlmfl,Zimbabwe Ministry of Health,Matabeleland North Province,Lupane District
HYbpBJ0DCpZ,Zimbabwe Ministry of Health,Midlands Province,Gokwe South District
hyeZYVzPpLf,Zimbabwe Ministry of Health,Masvingo Province,Gutu District
HyfZLnkED5k,Zimbabwe Ministry of Health,Bulawayo Metropolitan Province,Northern Suburbs District
hYRXKuetQiF,Zimbabwe Ministry of Health,Masvingo Province,Chiredzi District
hYY8iQw9VjP,Zimbabwe Ministry of Health,Manicaland Province,Nyanga District
hz6M0qg1e2n,Zimbabwe Ministry of Health,Manicaland Province,Mutare District
Hz6oxH5mkwS,Zimbabwe Ministry of Health,Masvingo Province,Masvingo District
HzcOyZziJct,Zimbabwe Ministry of Health,Masvingo Province,Masvingo District
HZJ8sepNyEZ,Zimbabwe Ministry of Health,Midlands Province,Shurugwi District
hzPUNLSAcny,Zimbabwe Ministry of Health,Mashonaland East Province,Murewa District
HzsCdzycH81,Zimbabwe Ministry of Health,Mashonaland East Province,Seke District
i00Kdp8cKwl,Zimbabwe Ministry of Health,Manicaland Province,Makoni District
i1OgeQDkwvW,Zimbabwe Ministry of Health,Midlands Province,Kwekwe District
i1svOb8EvPf,Zimbabwe Ministry of Health,Masvingo Province,Masvingo District
i1XUWpnIRQx,Zimbabwe Ministry of Health,Masvingo Province,Masvingo District
i5U4HLhya8L,Zimbabwe Ministry of Health,Masvingo Province,Masvingo District
i6teuuckzzW,Zimbabwe Ministry of Health,Mashonaland East Province,Hwedza District
i7f92RTlyom,Zimbabwe Ministry of Health,Mashonaland West Province,Makonde District
i7kUNSMazUq,Zimbabwe Ministry of Health,Matabeleland South Province,Mangwe District
i7YmuHP7QkH,Zimbabwe Ministry of Health,Harare Metropolitan Province,Southern District
i955VY3NXvb,Zimbabwe Ministry of Health,Manicaland Province,Nyanga District
i9MkUcK2ICF,Zimbabwe Ministry of Health,Midlands Province,Shurugwi District
I9r7N3wptXc,Zimbabwe Ministry of Health,Mashonaland Central Province,Mount Darwin District
i9ye3IKSAQG,Zimbabwe Ministry of Health,Mashonaland Central Province,Bindura District
IabESlXF7n4,Zimbabwe Ministry of Health,Midlands Province,Gweru District
iaZsjjzPVZ0,Zimbabwe Ministry of Health,Midlands Province,Gweru District
IbfTUlnnPd2,Zimbabwe Ministry of Health,Masvingo Province,Gutu District
iBMG5CCmiSY,Zimbabwe Ministry of Health,Matabeleland South Province,Umzingwane District
ibnZnbDrE09,Zimbabwe Ministry of Health,Mashonaland East Province,Mutoko District
ibYWPAMeCBw,Zimbabwe Ministry of Health,Midlands Province,Chirumhanzu District
icHSTSJ1PwX,Zimbabwe Ministry of Health,Matabeleland North Province,Nkayi District
icJVWJT4Kor,Zimbabwe Ministry of Health,Matabeleland South Province,Bulilima District
IDbYdjwj14C,Zimbabwe Ministry of Health,Mashonaland Central Province,Bindura District
IEJ0WsPBshR,Zimbabwe Ministry of Health,Masvingo Province,Bikita District
Igde8AEz22R,Zimbabwe Ministry of Health,Mashonaland Central Province,Mount Darwin District
iGL5yAjdHAC,Zimbabwe Ministry of Health,Manicaland Province,Nyanga District
igoWuGaddpK,Zimbabwe Ministry of Health,Masvingo Province,Chiredzi District
IgWXO6O9cwM,Zimbabwe Ministry of Health,Midlands Province,Kwekwe District
IH6BF90iN6D,Zimbabwe Ministry of Health,Matabeleland South Province,Mangwe District
IIABLkS1ldc,Zimbabwe Ministry of Health,Midlands Province,Gweru District
IihNPoKOuZq,Zimbabwe Ministry of Health,Matabeleland North Province,Tsholotsho District
IIth6fUG1GG,Zimbabwe Ministry of Health,Manicaland Province,Chipinge District
Ij65wjZHAiz,Zimbabwe Ministry of Health,Matabeleland South Province,Gwanda District
iJ9xDoWkyX5,Zimbabwe Ministry of Health,Harare Metropolitan Province,Harare Central Hospitals
Ik5InRokRhv,Zimbabwe Ministry of Health,Mashonaland Central Province,Mazowe District
IKCXW2cAgiU,Zimbabwe Ministry of Health,Midlands Province,Shurugwi District
IKhkPBZe9GG,Zimbabwe Ministry of Health,Matabeleland South Province,Matobo District
IkmlK2VvJyA,Zimbabwe Ministry of Health,Matabeleland South Province,Beitbridge District
IKsIiVoVIL5,Zimbabwe Ministry of Health,Mashonaland Central Province,Mazowe District
iMVtldIWJyN,Zimbabwe Ministry of Health,Midlands Province,Gweru District
IODfsT3zfgs,Zimbabwe Ministry of Health,Matabeleland North Province,Binga District
IoXbGWfx3Tl,Zimbabwe Ministry of Health,Mashonaland West Province,Sanyati District
iQd94PFV48s,Zimbabwe Ministry of Health,Harare Metropolitan Province,Eastern District
IRwoZyGxAcK,Zimbabwe Ministry of Health,Mashonaland Central Province,Bindura District
isHKFLO4HHq,Zimbabwe Ministry of Health,Mashonaland East Province,Hwedza District
IsRIVwWXtQK,Zimbabwe Ministry of Health,Mashonaland West Province,Makonde District
isvsqGt9AB6,Zimbabwe Ministry of Health,Mashonaland Central Province,Mazowe District
It2lm60apdL,Zimbabwe Ministry of Health,Mashonaland Central Province,Bindura District
ITALdQQ48vE,Zimbabwe Ministry of Health,Mashonaland West Province,Sanyati District
ITAvaSWlCbj,Zimbabwe Ministry of Health,Harare Metropolitan Province,Southern District
iTfYEv5vhzX,Zimbabwe Ministry of Health,Mashonaland East Province,Chikomba District
itgAj8cPXsK,Zimbabwe Ministry of Health,Harare Metropolitan Province,Northern District
ITksWtZaDvn,Zimbabwe Ministry of Health,Midlands Province,Gokwe South District
Iu4JU5vvsTl,Zimbabwe Ministry of Health,Midlands Province,Zvishavane District
IUEcjWshRkE,Zimbabwe Ministry of Health,Mashonaland Central Province,Centenary District
IV4p2J0Nryn,Zimbabwe Ministry of Health,Midlands Province,Zvishavane District
iVxtmaNOfJy,Zimbabwe Ministry of Health,Manicaland Province,Nyanga District
iwiIo0ksDLj,Zimbabwe Ministry of Health,Manicaland Province,Chipinge District
IWIPDQw196g,Zimbabwe Ministry of Health,Mashonaland East Province,Marondera District
ixb5wH52mNJ,Zimbabwe Ministry of Health,Midlands Province,Mberengwa District
ixdjf7oLHyv,Zimbabwe Ministry of Health,Matabeleland North Province,Hwange District
Ixfqop6Lj7J,Zimbabwe Ministry of Health,Manicaland Province,Makoni District
ixGJW7QgEgd,Zimbabwe Ministry of Health,Harare Metropolitan Province,Southern District
IXHsmjCW0vy,Zimbabwe Ministry of Health,Midlands Province,Kwekwe District
IyEihJS1W2P,Zimbabwe Ministry of Health,Midlands Province,Mberengwa District
iyiMmbaIa08,Zimbabwe Ministry of Health,Mashonaland West Province,Sanyati District
IykD75wBnQh,Zimbabwe Ministry of Health,Matabeleland South Province,Bulilima District
iz9Nkk9ybjb,Zimbabwe Ministry of Health,Mashonaland West Province,Makonde District
iZRMamLhmG5,Zimbabwe Ministry of Health,Masvingo Province,Mwenezi District
izS8vU3Tbd0,Zimbabwe Ministry of Health,Mashonaland West Province,Makonde District
iZV1m5CTk9y,Zimbabwe Ministry of Health,Mashonaland Central Province,Mazowe District
IzyrISIu5GW,Zimbabwe Ministry of Health,Harare Metropolitan Province,Harare Central Hospitals
J0E3BXGimxB,Zimbabwe Ministry of Health,Bulawayo Metropolitan Province,Emakhandeni District
j0FI6bcuGFL,Zimbabwe Ministry of Health,Matabeleland North Province,Nkayi District
J2tcZ8weE1X,Zimbabwe Ministry of Health,Mashonaland West Province,Zvimba District
J5NPtsVVU2T,Zimbabwe Ministry of Health,Midlands Province,Shurugwi District
j5PVcmFkFYe,Zimbabwe Ministry of Health,Matabeleland South Province,Insiza District
j6F1kG6g3f6,Zimbabwe Ministry of Health,Matabeleland South Province,Umzingwane District
J6htfyEOgkh,Zimbabwe Ministry of Health,Mashonaland West Province,Makonde District
j6V403chZCy,Zimbabwe Ministry of Health,Midlands Province,Gokwe South District
J7MxHJHZ9bi,Zimbabwe Ministry of Health,Matabeleland North Province,Hwange District
J9WafyyWlop,Zimbabwe Ministry of Health,Mashonaland West Province,Hurungwe District
jAbqHJKvsAm,Zimbabwe Ministry of Health,Mashonaland West Province,Zvimba District
JbvHP9GFMd9,Zimbabwe Ministry of Health,Midlands Province,Gweru District
JduDBFvSkJI,Zimbabwe Ministry of Health,Mashonaland West Province,Kariba District
jdwUJNG2RZj,Zimbabwe Ministry of Health,Masvingo Province,Chivi District
Je9vzyI6Zx0,Zimbabwe Ministry of Health,Mashonaland Central Province,Rushinga District
jeG6aR2JPR9,Zimbabwe Ministry of Health,Manicaland Province,Mutare District
jeGBzfmKlQl,Zimbabwe Ministry of Health,Matabeleland North Province,Lupane District
JEzvI2oYG1E,Zimbabwe Ministry of Health,Harare Metropolitan Province,Harare Central Hospitals
Jf06hGdTGOt,Zimbabwe Ministry of Health,Bulawayo Metropolitan Province,Northern Suburbs District
jfdUmzkRqSN,Zimbabwe Ministry of Health,Masvingo Province,Chiredzi District
JFNNch7ZJVN,Zimbabwe Ministry of Health,Mashonaland East Province,Mutoko District
jGH2r8SpBR1,Zimbabwe Ministry of Health,Mashonaland East Province,Murewa District
jGhCZBhqxS0,Zimbabwe Ministry of Health,Midlands Province,Zvishavane District
jGkmO5h4ULY,Zimbabwe Ministry of Health,Mashonaland West Province,Makonde District
jH46ybtyEXK,Zimbabwe Ministry of Health,Manicaland Province,Buhera District
JHGXfAqaDN6,Zimbabwe Ministry of Health,Harare Metropolitan Province,Chitungwiza District
JhOE2PlU286,Zimbabwe Ministry of Health,Masvingo Province,Gutu District
JHsFbuEH5j9,Zimbabwe Ministry of Health,Matabeleland North Province,Binga District
JI5VUIfVM9X,Zimbabwe Ministry of Health,Masvingo Province,Bikita District
JIMqCEwBKen,Zimbabwe Ministry of Health,Midlands Province,Gokwe South District
JIw5Wb3mAJZ,Zimbabwe Ministry of Health,Midlands Province,Gokwe South District
JIzhTeFo39E,Zimbabwe Ministry of Health,Mashonaland West Province,Sanyati District
Jj8DNk112jl,Zimbabwe Ministry of Health,Manicaland Province,Mutasa District
jjDh5hjk7jD,Zimbabwe Ministry of Health,Matabeleland South Province,Bulilima District
JJQhG6vfVHq,Zimbabwe Ministry of Health,Harare Metropolitan Province,Eastern District
jJwUY0INn4w,Zimbabwe Ministry of Health,Bulawayo Metropolitan Province,Northern Suburbs District
JK0aFYdJY9x,Zimbabwe Ministry of Health,Midlands Province,Kwekwe District
JKa3ZBAdM6k,Zimbabwe Ministry of Health,Harare Metropolitan Province,Western District
jkdHKf3rDMq,Zimbabwe Ministry of Health,Mashonaland East Province,Chikomba District
jkKXdHWUIPR,Zimbabwe Ministry of Health,Midlands Province,Chirumhanzu District
jL9rTOt4KD3,Zimbabwe Ministry of Health,Mashonaland Central Province,Guruve District
jLG7jgKTHcq,Zimbabwe Ministry of Health,Mashonaland Central Province,Guruve District
JlS9FkKe7Im,Zimbabwe Ministry of Health,Manicaland Province,Chipinge District
jlVfnFAU0q4,Zimbabwe Ministry of Health,Manicaland Province,Buhera District
JmPNa09jErl,Zimbabwe Ministry of Health,Mashonaland East Province,Hwedza District
jmQaIMZ8F8q,Zimbabwe Ministry of Health,Midlands Province,Kwekwe District
jmqpBkcYVsh,Zimbabwe Ministry of Health,Masvingo Province,Zaka District
jmTD5BKoUrp,Zimbabwe Ministry of Health,Bulawayo Metropolitan Province,Nkulumane District
jmTEvTyxeX8,Zimbabwe Ministry of Health,Masvingo Province,Masvingo District
JMz01Ql0U1E,Zimbabwe Ministry of Health,Mashonaland West Province,Kariba District
jNap2n4Fp0y,Zimbabwe Ministry of Health,Mashonaland East Province,Goromonzi District
Jo89evshx8A,Zimbabwe Ministry of Health,Mashonaland West Province,Chegutu District
JOfStEUt5e3,Zimbabwe Ministry of Health,Matabeleland North Province,Hwange District
JoM7M4QcSPy,Zimbabwe Ministry of Health,Mashonaland West Province,Chegutu District
jOpC2qi2X6j,Zimbabwe Ministry of Health,Masvingo Province,Chiredzi District
JOtTKeBqxSg,Zimbabwe Ministry of Health,Manicaland Province,Makoni District
Jp6UwiCCNTp,Zimbabwe Ministry of Health,Mashonaland Central Province,Mount Darwin District
Jp9ioSJg6yG,Zimbabwe Ministry of Health,Mashonaland East Province,Marondera District
jpEG9V6xrYP,Zimbabwe Ministry of Health,Matabeleland North Province,Hwange District
JPrIllfTMuc,Zimbabwe Ministry of Health,Bulawayo Metropolitan Province,Emakhandeni District
Jq5dgrwimIf,Zimbabwe Ministry of Health,Matabeleland North Province,Binga District
jq5ZU3Veftn,Zimbabwe Ministry of Health,Manicaland Province,Chipinge District
jqirYc5fbgN,Zimbabwe Ministry of Health,Manicaland Province,Makoni District
jQkd7s1bI5s,Zimbabwe Ministry of Health,Mashonaland West Province,Hurungwe District
Jr8if0re3nm,Zimbabwe Ministry of Health,Midlands Province,Mberengwa District
jrAWsWWp3Kw,Zimbabwe Ministry of Health,Mashonaland East Province,Murewa District
jRiHpNfGlM7,Zimbabwe Ministry of Health,Mashonaland Central Province,Shamva District
jSLNp76dXAv,Zimbabwe Ministry of Health,Mashonaland East Province,Uzumba Maramba Pfungwe District
JT4xbWNaj7X,Zimbabwe Ministry of Health,Mashonaland Central Province,Bindura District
jTCANAwYpUA,Zimbabwe Ministry of Health,Matabeleland South Province,Insiza District
JUDZoAkUMWG,Zimbabwe Ministry of Health,Matabeleland North Province,Hwange District
JUuZbcHORmk,Zimbabwe Ministry of Health,Mashonaland Central Province,Guruve District
jVf7kkzhQsT,Zimbabwe Ministry of Health,Manicaland Province,Buhera District
jvPwK9jlFjR,Zimbabwe Ministry of Health,Mashonaland East Province,Hwedza District
jVyXHNCfMIe,Zimbabwe Ministry of Health,Mashonaland West Province,Mhondoro District
JW2LQmwyzs4,Zimbabwe Ministry of Health,Mashonaland East Province,Murewa District
JW60FzjZUJu,Zimbabwe Ministry of Health,Matabeleland South Province,Matobo District
JwS4TMDb4Os,Zimbabwe Ministry of Health,Matabeleland North Province,Nkayi District
JxGGdcBF1lo,Zimbabwe Ministry of Health,Mashonaland Central Province,Mazowe District
JxITOVaPFT1,Zimbabwe Ministry of Health,Masvingo Province,Zaka District
JZDuWkfX1Qn,Zimbabwe Ministry of Health,Mashonaland West Province,Makonde District
jzfLFCxGotp,Zimbabwe Ministry of Health,Manicaland Province,Chimanimani District
jzGuPbMDQnJ,Zimbabwe Ministry of Health,Midlands Province,Mberengwa District
jzgwLUykfok,Zimbabwe Ministry of Health,Mashonaland Central Province,Shamva District
jZGy677dnfU,Zimbabwe Ministry of Health,Matabeleland North Province,Hwange District
jZT88S28eSb,Zimbabwe Ministry of Health,Mashonaland West Province,Sanyati District
JZXjde8nGqB,Zimbabwe Ministry of Health,Mashonaland Central Province,Rushinga District
K1kK9fDmd7v,Zimbabwe Ministry of Health,Mashonaland West Province,Zvimba District
k2TRaRVvJhP,Zimbabwe Ministry of Health,Mashonaland West Province,Hurungwe District
K318vCZzdP2,Zimbabwe Ministry of Health,Midlands Province,Kwekwe District
k3G1VjfRUGu,Zimbabwe Ministry of Health,Mashonaland West Province,Zvimba District
k3KMG4tehcq,Zimbabwe Ministry of Health,Midlands Province,Gokwe North District
K3ntSeDRPaA,Zimbabwe Ministry of Health,Manicaland Province,Chimanimani District
K3sZQy1lB4j,Zimbabwe Ministry of Health,Midlands Province,Shurugwi District
k3WWP75e1kW,Zimbabwe Ministry of Health,Manicaland Province,Chimanimani District
k4plSoMGa0V,Zimbabwe Ministry of Health,Manicaland Province,Mutasa District
k76hQQ8JVrb,Zimbabwe Ministry of Health,Matabeleland North Province,Lupane District
K7Ux7y386nC,Zimbabwe Ministry of Health,Midlands Province,Zvishavane District
K7zbR9jRGTu,Zimbabwe Ministry of Health,Mashonaland West Province,Makonde District
K84eutOBGqf,Zimbabwe Ministry of Health,Mashonaland Central Province,Mazowe District
K8JHQUQfuae,Zimbabwe Ministry of Health,Mashonaland East Province,Seke District
K8kVjbJUQEO,Zimbabwe Ministry of Health,Midlands Province,Chirumhanzu District
k9LxvErzpF5,Zimbabwe Ministry of Health,Masvingo Province,Chivi District
k9yADC6aqD8,Zimbabwe Ministry of Health,Masvingo Province,Zaka District
k9ZNxyUdCX2,Zimbabwe Ministry of Health,Manicaland Province,Mutare District
kaAL5xR3qTZ,Zimbabwe Ministry of Health,Masvingo Province,Chivi District
kB4ozXFSMzb,Zimbabwe Ministry of Health,Harare Metropolitan Province,Epworth
KbXhBIthsOo,Zimbabwe Ministry of Health,Midlands Province,Mberengwa District
KBygsFhy7Xa,Zimbabwe Ministry of Health,Matabeleland South Province,Bulilima District
Kcm1LN2oBWI,Zimbabwe Ministry of Health,Matabeleland South Province,Mangwe District
KCoiJP3W8Wn,Zimbabwe Ministry of Health,Mashonaland Central Province,Centenary District
kcSDI2qlspj,Zimbabwe Ministry of Health,Midlands Province,Gweru District
KCZ5VpGQhPY,Zimbabwe Ministry of Health,Mashonaland East Province,Goromonzi District
KDF86JWL9kr,Zimbabwe Ministry of Health,Masvingo Province,Masvingo District
kDHBO9DwrmJ,Zimbabwe Ministry of Health,Mashonaland West Province,Sanyati District
kdjqcumgZK9,Zimbabwe Ministry of Health,Manicaland Province,Mutasa District
KDRm4HCFdj9,Zimbabwe Ministry of Health,Harare Metropolitan Province,Northern District
KDtapVKZRH9,Zimbabwe Ministry of Health,Mashonaland West Province,Makonde District
kDv1D2Ehf98,Zimbabwe Ministry of Health,Matabeleland South Province,Umzingwane District
Ke41sFmXKAd,Zimbabwe Ministry of Health,Matabeleland North Province,Tsholotsho District
kebWUmGSpPD,Zimbabwe Ministry of Health,Manicaland Province,Makoni District
KeLV8bcn1fy,Zimbabwe Ministry of Health,Midlands Province,Gokwe North District
kFuR3hm66ZI,Zimbabwe Ministry of Health,Mashonaland West Province,Makonde District
KgdDAT9pMWE,Zimbabwe Ministry of Health,Harare Metropolitan Province,Western District
KGJq2YsjAIi,Zimbabwe Ministry of Health,Harare Metropolitan Province,Ruwa
KgmA6MdMtFY,Zimbabwe Ministry of Health,Mashonaland East Province,Murewa District
KgNJGQWmfDB,Zimbabwe Ministry of Health,Masvingo Province,Masvingo District
kgRU1GGqgRh,Zimbabwe Ministry of Health,Midlands Province,Kwekwe District
Kh56DPDy4zy,Zimbabwe Ministry of Health,Midlands Province,Mberengwa District
kh6ns6DZgxB,Zimbabwe Ministry of Health,Matabeleland South Province,Matobo District
kh7nxvSaNtx,Zimbabwe Ministry of Health,Harare Metropolitan Province,Eastern District
khsYWpCvLLQ,Zimbabwe Ministry of Health,Masvingo Province,Masvingo District
khYpE0OD9sA,Zimbabwe Ministry of Health,Masvingo Province,Gutu District
Kj83rFr3Q4P,Zimbabwe Ministry of Health,Masvingo Province,Chiredzi District
KJd1P67fZtb,Zimbabwe Ministry of Health,Masvingo Province,Gutu District
KkRJZlMtmZz,Zimbabwe Ministry of Health,Matabeleland North Province,Bubi District
klEB2HlYhmz,Zimbabwe Ministry of Health,Midlands Province,Chirumhanzu District
KlF4lvdXsZh,Zimbabwe Ministry of Health,Mashonaland East Province,Hwedza District
klKzBRhEkqX,Zimbabwe Ministry of Health,Mashonaland East Province,Uzumba Maramba Pfungwe District
KMaCVxvbxWd,Zimbabwe Ministry of Health,Masvingo Province,Chiredzi District
kmamm2DHAkx,Zimbabwe Ministry of Health,Manicaland Province,Chipinge District
KMhDzcwtcEi,Zimbabwe Ministry of Health,Mashonaland West Province,Hurungwe District
kMKIwh4EQPi,Zimbabwe Ministry of Health,Manicaland Province,Chipinge District
KmWToafuNOC,Zimbabwe Ministry of Health,Manicaland Province,Chimanimani District
kmX3rzzOBG5,Zimbabwe Ministry of Health,Manicaland Province,Nyanga District
kN7DcESNWZp,Zimbabwe Ministry of Health,Harare Metropolitan Province,Eastern District
knbHzoPnrww,Zimbabwe Ministry of Health,Masvingo Province,Masvingo District
knjK07tin6v,Zimbabwe Ministry of Health,Mashonaland West Province,Sanyati District
Knr1EHQbGwh,Zimbabwe Ministry of Health,Manicaland Province,Chipinge District
KnvPyJl7vp5,Zimbabwe Ministry of Health,Mashonaland West Province,Hurungwe District
knWOPLAfcgs,Zimbabwe Ministry of Health,Matabeleland South Province,Matobo District
KoIw7LDGj9f,Zimbabwe Ministry of Health,Manicaland Province,Makoni District
KPkANbubddY,Zimbabwe Ministry of Health,Masvingo Province,Zaka District
KQ8U5Cg3AUa,Zimbabwe Ministry of Health,Matabeleland South Province,Insiza District
KQdieLA5gzG,Zimbabwe Ministry of Health,Harare Metropolitan Province,Western District
KQEXKvkcdGd,Zimbabwe Ministry of Health,Harare Metropolitan Province,Northern District
kQYOhNfF8V7,Zimbabwe Ministry of Health,Bulawayo Metropolitan Province,Nkulumane District
KrcWT2YvrTQ,Zimbabwe Ministry of Health,Bulawayo Metropolitan Province,Northern Suburbs District
ks9Wt9MTNYA,Zimbabwe Ministry of Health,Mashonaland Central Province,Mazowe District
kso4CHS6P7v,Zimbabwe Ministry of Health,Mashonaland Central Province,Mount Darwin District
ksvPeqYhNHi,Zimbabwe Ministry of Health,Matabeleland South Province,Gwanda District
KtdJTIfRt6K,Zimbabwe Ministry of Health,Manicaland Province,Makoni District
KUQSqPEEoCl,Zimbabwe Ministry of Health,Matabeleland North Province,Hwange District
Kv7K3EAEDs8,Zimbabwe Ministry of Health,Mashonaland Central Province,Mbire District
kVejSam8zQX,Zimbabwe Ministry of Health,Mashonaland East Province,Goromonzi District
kVEQJTFoFoA,Zimbabwe Ministry of Health,Harare Metropolitan Province,Chitungwiza District
KVkYtEFMCIN,Zimbabwe Ministry of Health,Mashonaland West Province,Chegutu District
kvq5cN02EHW,Zimbabwe Ministry of Health,Mashonaland West Province,Zvimba District
Kw2HYyAWogE,Zimbabwe Ministry of Health,Manicaland Province,Mutasa District
kW8aa9NZk4o,Zimbabwe Ministry of Health,Midlands Province,Gweru District
Kwq84pCAMyO,Zimbabwe Ministry of Health,Midlands Province,Gweru District
kwzEQcinCj6,Zimbabwe Ministry of Health,Harare Metropolitan Province,Southern District
kXnKVCPF1wZ,Zimbabwe Ministry of Health,Matabeleland North Province,Nkayi District
kxo3n8oZSaH,Zimbabwe Ministry of Health,Matabeleland North Province,Hwange District
kyaDYgOIpBZ,Zimbabwe Ministry of Health,Matabeleland South Province,Matobo District
KyBetKcK90J,Zimbabwe Ministry of Health,Mashonaland Central Province,Rushinga District
kyl3sldwoa7,Zimbabwe Ministry of Health,Harare Metropolitan Province,Southern District
KZia6a11ZKK,Zimbabwe Ministry of Health,Midlands Province,Gweru District
KzoyRcQSBbJ,Zimbabwe Ministry of Health,Mashonaland East Province,Mutoko District
l0A0p7xRp5z,Zimbabwe Ministry of Health,Harare Metropolitan Province,Eastern District
l1hKpCwcy08,Zimbabwe Ministry of Health,Mashonaland East Province,Goromonzi District
l1vw7gUCCTf,Zimbabwe Ministry of Health,Manicaland Province,Mutare District
L2jJid5aanE,Zimbabwe Ministry of Health,Masvingo Province,Chivi District
l2WAt02wxvP,Zimbabwe Ministry of Health,Harare Metropolitan Province,Eastern District
L3bhMDQZ8l6,Zimbabwe Ministry of Health,Mashonaland East Province,Seke District
L4C0z0Dslvc,Zimbabwe Ministry of Health,Mashonaland West Province,Chegutu District
l4HBtkwJhfZ,Zimbabwe Ministry of Health,Bulawayo Metropolitan Province,Northern Suburbs District
L5BRfqu0wvC,Zimbabwe Ministry of Health,Masvingo Province,Chivi District
l5x633QnB6H,Zimbabwe Ministry of Health,Matabeleland South Province,Beitbridge District
L7P4zrK5k64,Zimbabwe Ministry of Health,Manicaland Province,Chimanimani District
L8FHOxqCfOa,Zimbabwe Ministry of Health,Harare Metropolitan Province,Northern District
L8lKPZA39ga,Zimbabwe Ministry of Health,Matabeleland South Province,Gwanda District
L8UMaICaSV7,Zimbabwe Ministry of Health,Midlands Province,Gokwe South District
l8w4df1st0I,Zimbabwe Ministry of Health,Manicaland Province,Chipinge District
LaAarcpXdJr,Zimbabwe Ministry of Health,Manicaland Province,Chipinge District
lafgRVBCHPb,Zimbabwe Ministry of Health,Midlands Province,Gokwe North District
LbdpvKwWs0Y,Zimbabwe Ministry of Health,Matabeleland South Province,Insiza District
LbDW2TtPafa,Zimbabwe Ministry of Health,Midlands Province,Kwekwe District
LbxK9ARCm0M,Zimbabwe Ministry of Health,Masvingo Province,Chivi District
lcFNlE8AAkS,Zimbabwe Ministry of Health,Mashonaland Central Province,Mbire District
LcHMxhBrEBo,Zimbabwe Ministry of Health,Matabeleland South Province,Insiza District
LCjmNyIXjJ5,Zimbabwe Ministry of Health,Masvingo Province,Masvingo District
LCL9ryFvCb6,Zimbabwe Ministry of Health,Midlands Province,Gokwe North District
lcljUIailpa,Zimbabwe Ministry of Health,Mashonaland West Province,Sanyati District
LCqojzkIKO4,Zimbabwe Ministry of Health,Mashonaland West Province,Zvimba District
lCRlkEz71cc,Zimbabwe Ministry of Health,Matabeleland South Province,Insiza District
lCsGf6J4ocw,Zimbabwe Ministry of Health,Harare Metropolitan Province,Northern District
ld130D1EL0R,Zimbabwe Ministry of Health,Midlands Province,Gokwe North District
ldOvhQ2kYsi,Zimbabwe Ministry of Health,Mashonaland West Province,Mhondoro District
LEDVQ0Hpzsw,Zimbabwe Ministry of Health,Mashonaland East Province,Seke District
lEKTLxGFzXF,Zimbabwe Ministry of Health,Midlands Province,Chirumhanzu District
LeZgvBMv6xR,Zimbabwe Ministry of Health,Mashonaland West Province,Chegutu District
lfdYioS0Sbu,Zimbabwe Ministry of Health,Masvingo Province,Masvingo District
lFW3zMVrfd0,Zimbabwe Ministry of Health,Masvingo Province,Zaka District
LHjVeJtFyO2,Zimbabwe Ministry of Health,Mashonaland East Province,Uzumba Maramba Pfungwe District
lhvnFybX6Pe,Zimbabwe Ministry of Health,Matabeleland South Province,Insiza District
LIIsHxNUaJA,Zimbabwe Ministry of Health,Mashonaland East Province,Chikomba District
LixFsP9YMT9,Zimbabwe Ministry of Health,Harare Metropolitan Province,Northern District
lj1GfhHdZjV,Zimbabwe Ministry of Health,Matabeleland North Province,Binga District
LJUiK9hhD3j,Zimbabwe Ministry of Health,Harare Metropolitan Province,Eastern District
lkhHqzi6ezf,Zimbabwe Ministry of Health,Masvingo Province,Chiredzi District
lKky1wClDaL,Zimbabwe Ministry of Health,Mashonaland West Province,Zvimba District
LKQCVzMlfxz,Zimbabwe Ministry of Health,Harare Metropolitan Province,Eastern District
LKwAHy9EDfG,Zimbabwe Ministry of Health,Matabeleland South Province,Umzingwane District
LlAXaPDxq6q,Zimbabwe Ministry of Health,Mashonaland East Province,Chikomba District
LlBAE0LCS4k,Zimbabwe Ministry of Health,Mashonaland Central Province,Bindura District
lLYscCkVQD1,Zimbabwe Ministry of Health,Matabeleland South Province,Beitbridge District
lmAKkT4GV7z,Zimbabwe Ministry of Health,Mashonaland Central Province,Mazowe District
lMf3rJ8V2pE,Zimbabwe Ministry of Health,Mashonaland West Province,Chegutu District
lmWhvNsB4XS,Zimbabwe Ministry of Health,Bulawayo Metropolitan Province,Nkulumane District
lNcVomkCBOC,Zimbabwe Ministry of Health,Bulawayo Metropolitan Province,Bulawayo Central Hospitals
lnNATIfIe8J,Zimbabwe Ministry of Health,Masvingo Province,Bikita District
LOf2t7SLChQ,Zimbabwe Ministry of Health,Midlands Province,Kwekwe District
LoodK7ava2N,Zimbabwe Ministry of Health,Midlands Province,Mberengwa District
LoSjn0yJDgY,Zimbabwe Ministry of Health,Midlands Province,Gweru District
lPCzW1whphc,Zimbabwe Ministry of Health,Harare Metropolitan Province,Northern District
LpQK3Eec8Ay,Zimbabwe Ministry of Health,Mashonaland West Province,Makonde District
lpwDIjXunPD,Zimbabwe Ministry of Health,Mashonaland Central Province,Mazowe District
lqexxl4UCwh,Zimbabwe Ministry of Health,Manicaland Province,Chipinge District
LqF57Jnfr3k,Zimbabwe Ministry of Health,Harare Metropolitan Province,Chitungwiza District
LQWtD91BnwV,Zimbabwe Ministry of Health,Matabeleland South Province,Mangwe District
LQz2qi9xNaf,Zimbabwe Ministry of Health,Mashonaland East Province,Murewa District
LRrRucSyV0u,Zimbabwe Ministry of Health,Manicaland Province,Chipinge District
LrvqVkxFVsI,Zimbabwe Ministry of Health,Manicaland Province,Mutare District
LS2Iy7H3Kx3,Zimbabwe Ministry of Health,Manicaland Province,Chimanimani District
lS5KthlM5eO,Zimbabwe Ministry of Health,Mashonaland West Province,Kariba District
lskkAqCn3on,Zimbabwe Ministry of Health,Matabeleland North Province,Hwange District
lslcMx31f2m,Zimbabwe Ministry of Health,Masvingo Province,Masvingo District
LsOQ88WjuXR,Zimbabwe Ministry of Health,Midlands Province,Shurugwi District
lsUKdklKOFn,Zimbabwe Ministry of Health,Midlands Province,Mberengwa District
LTctrOQJUYV,Zimbabwe Ministry of Health,Masvingo Province,Mwenezi District
lteMfuUjsgN,Zimbabwe Ministry of Health,Harare Metropolitan Province,Eastern District
LTtUPlsg8Yd,Zimbabwe Ministry of Health,Matabeleland North Province,Binga District
lUaxwkrJJ9g,Zimbabwe Ministry of Health,Midlands Province,Gokwe South District
luI8lmoabFH,Zimbabwe Ministry of Health,Masvingo Province,Zaka District
LUkaYUNEAWd,Zimbabwe Ministry of Health,Mashonaland East Province,Goromonzi District
LUqLxNFeMp6,Zimbabwe Ministry of Health,Midlands Province,Gokwe South District
Lux101IAoQw,Zimbabwe Ministry of Health,Matabeleland North Province,Umguza District
lVB29EDugaa,Zimbabwe Ministry of Health,Bulawayo Metropolitan Province,Emakhandeni District
lxK3LLA9aLc,Zimbabwe Ministry of Health,Mashonaland East Province,Marondera District
LXVUGQm7RGZ,Zimbabwe Ministry of Health,Matabeleland North Province,Hwange District
Lz1AbYU7hzv,Zimbabwe Ministry of Health,Mashonaland East Province,Goromonzi District
lz7PrWN52YE,Zimbabwe Ministry of Health,Masvingo Province,Bikita District
lZbqwxClTKl,Zimbabwe Ministry of Health,Matabeleland North Province,Tsholotsho District
lzja6Z7gLlI,Zimbabwe Ministry of Health,Manicaland Province,Makoni District
LzjEBzic3ry,Zimbabwe Ministry of Health,Harare Metropolitan Province,Southern District
LZmgIGYZqME,Zimbabwe Ministry of Health,Midlands Province,Gweru District
lZT6hiNExbp,Zimbabwe Ministry of Health,Midlands Province,Gokwe South District
lZVruGndeSc,Zimbabwe Ministry of Health,Masvingo Province,Chiredzi District
m0487kdAdju,Zimbabwe Ministry of Health,Matabeleland South Province,Mangwe District
M0ADDxHek0C,Zimbabwe Ministry of Health,Mashonaland East Province,Mudzi District
M0SaUIESsW3,Zimbabwe Ministry of Health,Midlands Province,Gweru District
m145xcyK3sD,Zimbabwe Ministry of Health,Midlands Province,Kwekwe District
M1bLJxP0KX6,Zimbabwe Ministry of Health,Mashonaland Central Province,Shamva District
m2YKQmvbayb,Zimbabwe Ministry of Health,Matabeleland South Province,Matobo District
m3Jm0LqLCtl,Zimbabwe Ministry of Health,Midlands Province,Zvishavane District
M4GcIA6G5Yf,Zimbabwe Ministry of Health,Mashonaland East Province,Marondera District
M4lwHMHUnPb,Zimbabwe Ministry of Health,Manicaland Province,Makoni District
M63d8AhC8z9,Zimbabwe Ministry of Health,Manicaland Province,Makoni District
m6dVqEaLMBZ,Zimbabwe Ministry of Health,Manicaland Province,Mutare District
M6kQKU5i2Bx,Zimbabwe Ministry of Health,Matabeleland North Province,Tsholotsho District
m7DEma7WFue,Zimbabwe Ministry of Health,Manicaland Province,Buhera District
m7fNYLjfiTM,Zimbabwe Ministry of Health,Masvingo Province,Zaka District
m8DAMDBYPtN,Zimbabwe Ministry of Health,Manicaland Province,Mutare District
m8GBz4K50XD,Zimbabwe Ministry of Health,Mashonaland West Province,Chegutu District
M8GUxpcY9zW,Zimbabwe Ministry of Health,Matabeleland North Province,Tsholotsho District
m8wk3IQkRom,Zimbabwe Ministry of Health,Bulawayo Metropolitan Province,Northern Suburbs District
MapIckIJ8WR,Zimbabwe Ministry of Health,Harare Metropolitan Province,Epworth
mbVEXm82AwL,Zimbabwe Ministry of Health,Mashonaland West Province,Kariba District
mCL7yzBU5MQ,Zimbabwe Ministry of Health,Mashonaland West Province,Chegutu District
MCNppVS36MO,Zimbabwe Ministry of Health,Masvingo Province,Chiredzi District
McRpRMSMisr,Zimbabwe Ministry of Health,Masvingo Province,Masvingo District
MCTrOJalFxg,Zimbabwe Ministry of Health,Mashonaland East Province,Seke District
mCU37OhbPMs,Zimbabwe Ministry of Health,Harare Metropolitan Province,Western District
MD7xcLAvrRe,Zimbabwe Ministry of Health,Mashonaland East Province,Uzumba Maramba Pfungwe District
mdnwAX4uuhS,Zimbabwe Ministry of Health,Mashonaland West Province,Chegutu District
MDsCTjYdHQO,Zimbabwe Ministry of Health,Midlands Province,Zvishavane District
MdssoEu135X,Zimbabwe Ministry of Health,Bulawayo Metropolitan Province,Emakhandeni District
mee4OawYuZj,Zimbabwe Ministry of Health,Harare Metropolitan Province,Northern District
MejHuw2wWXV,Zimbabwe Ministry of Health,Mashonaland East Province,Mutoko District
mfbKAvsWhd6,Zimbabwe Ministry of Health,Mashonaland East Province,Marondera District
MfkW1a4Hqku,Zimbabwe Ministry of Health,Matabeleland North Province,Hwange District
mG2ONKeQCOH,Zimbabwe Ministry of Health,Mashonaland East Province,Murewa District
MGIc32FwEmQ,Zimbabwe Ministry of Health,Mashonaland Central Province,Mazowe District
MGkBDNSEhJC,Zimbabwe Ministry of Health,Mashonaland Central Province,Bindura District
mh7NL0TeuIx,Zimbabwe Ministry of Health,Mashonaland West Province,Sanyati District
mib1cXwWt3O,Zimbabwe Ministry of Health,Midlands Province,Chirumhanzu District
MIIoWiLSVfi,Zimbabwe Ministry of Health,Mashonaland East Province,Hwedza District
mIMEUxo8Efh,Zimbabwe Ministry of Health,Masvingo Province,Bikita District
miYTD7Z89qM,Zimbabwe Ministry of Health,Matabeleland North Province,Binga District
Mj2x0INOlC7,Zimbabwe Ministry of Health,Mashonaland East Province,Goromonzi District
mJaQxbScx06,Zimbabwe Ministry of Health,Masvingo Province,Masvingo District
MjDD6XQksTN,Zimbabwe Ministry of Health,Harare Metropolitan Province,Southern District
mJquhZIHCev,Zimbabwe Ministry of Health,Mashonaland West Province,Kariba District
MjrtDT65Fk5,Zimbabwe Ministry of Health,Manicaland Province,Mutasa District
MjYcpFjUjbG,Zimbabwe Ministry of Health,Matabeleland North Province,Nkayi District
mK4ETt0orkG,Zimbabwe Ministry of Health,Midlands Province,Zvishavane District
MKcrk2b2e4G,Zimbabwe Ministry of Health,Manicaland Province,Makoni District
Ml25Hu7FAPO,Zimbabwe Ministry of Health,Mashonaland West Province,Mhondoro District
Ml3GcemVjEQ,Zimbabwe Ministry of Health,Matabeleland North Province,Nkayi District
mM1Xp7OSsOv,Zimbabwe Ministry of Health,Mashonaland West Province,Sanyati District
MMimEdy88IO,Zimbabwe Ministry of Health,Midlands Province,Gweru District
mmuli7uwAPQ,Zimbabwe Ministry of Health,Mashonaland West Province,Zvimba District
mmV7mnyIlXG,Zimbabwe Ministry of Health,Mashonaland West Province,Sanyati District
mN1DcmfGN73,Zimbabwe Ministry of Health,Mashonaland Central Province,Mazowe District
MN8SfQdwNff,Zimbabwe Ministry of Health,Masvingo Province,Zaka District
mnESUfoVxMO,Zimbabwe Ministry of Health,Midlands Province,Gokwe North District
MNpfnKkWMnl,Zimbabwe Ministry of Health,Harare Metropolitan Province,Western District
mOG4It93hxE,Zimbabwe Ministry of Health,Harare Metropolitan Province,Northern District
moQa7M8NR1G,Zimbabwe Ministry of Health,Harare Metropolitan Province,Northern District
moQZ9tvpYvt,Zimbabwe Ministry of Health,Manicaland Province,Chipinge District
mPRfeVLlEh6,Zimbabwe Ministry of Health,Midlands Province,Gokwe South District
mQHHLJQlIZ3,Zimbabwe Ministry of Health,Manicaland Province,Chipinge District
mqrLPWLWOym,Zimbabwe Ministry of Health,Manicaland Province,Buhera District
mr1gonRDSf0,Zimbabwe Ministry of Health,Mashonaland Central Province,Mazowe District
MrKXsFnrL8j,Zimbabwe Ministry of Health,Manicaland Province,Mutare District
MS7NwAg1O3c,Zimbabwe Ministry of Health,Harare Metropolitan Province,Epworth
mSu42uQEjOs,Zimbabwe Ministry of Health,Harare Metropolitan Province,Western District
mTs7iLHFX1o,Zimbabwe Ministry of Health,Midlands Province,Gweru District
MtYXI5MCtuX,Zimbabwe Ministry of Health,Matabeleland South Province,Beitbridge District
MukdpNMa0wO,Zimbabwe Ministry of Health,Matabeleland North Province,Binga District
mUxVNM06Sk3,Zimbabwe Ministry of Health,Harare Metropolitan Province,Western District
MVBUcdeZX5s,Zimbabwe Ministry of Health,Manicaland Province,Mutare District
MviCUcbWstw,Zimbabwe Ministry of Health,Harare Metropolitan Province,Chitungwiza District
MwBIBpbaKVP,Zimbabwe Ministry of Health,Manicaland Province,Mutasa District
MwCeR5AU5Xo,Zimbabwe Ministry of Health,Masvingo Province,Bikita District
mWDhu5xtTrE,Zimbabwe Ministry of Health,Matabeleland North Province,Bubi District
mwJTr9zLk7k,Zimbabwe Ministry of Health,Harare Metropolitan Province,Southern District
MWLrq57mQvX,Zimbabwe Ministry of Health,Matabeleland North Province,Lupane District
mWQfdYJ8Ogf,Zimbabwe Ministry of Health,Midlands Province,Mberengwa District
mwQKCjdbyAg,Zimbabwe Ministry of Health,Manicaland Province,Buhera District
mX8Iy87bSd0,Zimbabwe Ministry of Health,Mashonaland East Province,Goromonzi District
mxgUxlPeZ4S,Zimbabwe Ministry of Health,Midlands Province,Gokwe North District
mxsDtZixLZC,Zimbabwe Ministry of Health,Masvingo Province,Mwenezi District
mY5MuS8ibsq,Zimbabwe Ministry of Health,Manicaland Province,Chipinge District
mygE2Z7Ai5X,Zimbabwe Ministry of Health,Manicaland Province,Makoni District
myMVEzGWlYe,Zimbabwe Ministry of Health,Manicaland Province,Buhera District
myQLemPmnNB,Zimbabwe Ministry of Health,Matabeleland South Province,Beitbridge District
MZgVEwKjxI3,Zimbabwe Ministry of Health,Mashonaland East Province,Hwedza District
MzKUnHQrIAV,Zimbabwe Ministry of Health,Mashonaland West Province,Chegutu District
MZykUUn5dYo,Zimbabwe Ministry of Health,Manicaland Province,Nyanga District
n0JZrktiRpP,Zimbabwe Ministry of Health,Matabeleland South Province,Matobo District
N1YfKrcqCLn,Zimbabwe Ministry of Health,Matabeleland North Province,Hwange District
N1yZwqdHdFZ,Zimbabwe Ministry of Health,Manicaland Province,Chimanimani District
n2rESObXoQJ,Zimbabwe Ministry of Health,Masvingo Province,Gutu District
N4wkT9wL0Tn,Zimbabwe Ministry of Health,Harare Metropolitan Province,Southern District
n51CG1eEvX9,Zimbabwe Ministry of Health,Mashonaland Central Province,Mazowe District
n5tQj1nHrSp,Zimbabwe Ministry of Health,Manicaland Province,Mutasa District
N5W4thMg9Vf,Zimbabwe Ministry of Health,Masvingo Province,Chiredzi District
N6SOXv9F9sV,Zimbabwe Ministry of Health,Mashonaland Central Province,Mount Darwin District
N78su57cU07,Zimbabwe Ministry of Health,Manicaland Province,Chimanimani District
N79CQMH43tT,Zimbabwe Ministry of Health,Masvingo Province,Gutu District
N7lqxou06rj,Zimbabwe Ministry of Health,Matabeleland North Province,Tsholotsho District
n7PWhl64p5Y,Zimbabwe Ministry of Health,Matabeleland North Province,Umguza District
n7VCAl5EpZX,Zimbabwe Ministry of Health,Midlands Province,Kwekwe District
n94LdFhOYbM,Zimbabwe Ministry of Health,Matabeleland South Province,Gwanda District
NA1QonzIQW9,Zimbabwe Ministry of Health,Harare Metropolitan Province,Southern District
nAI15Sanvmp,Zimbabwe Ministry of Health,Midlands Province,Gweru District
Nbg5jfWxWRm,Zimbabwe Ministry of Health,Manicaland Province,Makoni District
nBHR2ZPXjOV,Zimbabwe Ministry of Health,Mashonaland Central Province,Mount Darwin District
NBVeWREYjSt,Zimbabwe Ministry of Health,Manicaland Province,Chipinge District
ncSavEEyOvs,Zimbabwe Ministry of Health,Mashonaland West Province,Hurungwe District
nCSV7v53HRq,Zimbabwe Ministry of Health,Matabeleland North Province,Lupane District
NCvuy5ZNv5J,Zimbabwe Ministry of Health,Matabeleland South Province,Bulilima District
nD1xrjpJ6ex,Zimbabwe Ministry of Health,Matabeleland North Province,Hwange District
ND24v6EuXVS,Zimbabwe Ministry of Health,Manicaland Province,Mutasa District
NDHNjXIlHLK,Zimbabwe Ministry of Health,Midlands Province,Chirumhanzu District
NdNQBZC4plK,Zimbabwe Ministry of Health,Matabeleland North Province,Hwange District
nEmrUB00q9I,Zimbabwe Ministry of Health,Midlands Province,Gokwe South District
NEZ2SRy5lc7,Zimbabwe Ministry of Health,Masvingo Province,Gutu District
NF7mpu2EvNX,Zimbabwe Ministry of Health,Mashonaland East Province,Marondera District
NFDk0STscQI,Zimbabwe Ministry of Health,Mashonaland West Province,Zvimba District
NFr6poQnnZp,Zimbabwe Ministry of Health,Midlands Province,Gokwe North District
nfRA8eUUp5s,Zimbabwe Ministry of Health,Mashonaland West Province,Sanyati District
NfsQQEiohAb,Zimbabwe Ministry of Health,Mashonaland West Province,Zvimba District
NFV8Mj5Wy7k,Zimbabwe Ministry of Health,Mashonaland West Province,Hurungwe District
NG4e4layZjo,Zimbabwe Ministry of Health,Mashonaland West Province,Makonde District
NgikWvqYEkx,Zimbabwe Ministry of Health,Mashonaland East Province,Mutoko District
nGOD3UMSszn,Zimbabwe Ministry of Health,Manicaland Province,Chipinge District
ngymqKr33XI,Zimbabwe Ministry of Health,Mashonaland Central Province,Mbire District
NHj26zCwsmI,Zimbabwe Ministry of Health,Mashonaland East Province,Mutoko District
nhkLjnhK00a,Zimbabwe Ministry of Health,Masvingo Province,Masvingo District
nHNI84MVP0n,Zimbabwe Ministry of Health,Masvingo Province,Chiredzi District
nI7iCnzqfvW,Zimbabwe Ministry of Health,Manicaland Province,Buhera District
NiAU2RdFd2O,Zimbabwe Ministry of Health,Masvingo Province,Zaka District
NilH0S2pP6Q,Zimbabwe Ministry of Health,Mashonaland East Province,Mutoko District
njamIl8fT5g,Zimbabwe Ministry of Health,Mashonaland Central Province,Rushinga District
nk2lS02CIvE,Zimbabwe Ministry of Health,Mashonaland East Province,Marondera District
nkjVO35w1zW,Zimbabwe Ministry of Health,Matabeleland North Province,Hwange District
NKO2ZLBx39Z,Zimbabwe Ministry of Health,Mashonaland West Province,Mhondoro District
nKuYKHtfBwO,Zimbabwe Ministry of Health,Harare Metropolitan Province,Southern District
Nl8DQA0UiAH,Zimbabwe Ministry of Health,Matabeleland North Province,Umguza District
nMBIqdJIM7h,Zimbabwe Ministry of Health,Masvingo Province,Gutu District
NmP3Phb5kXi,Zimbabwe Ministry of Health,Mashonaland East Province,Mutoko District
nMRySnyrqJL,Zimbabwe Ministry of Health,Midlands Province,Gweru District
NMwfQhVVJic,Zimbabwe Ministry of Health,Masvingo Province,Bikita District
NnqNcMDpUNY,Zimbabwe Ministry of Health,Mashonaland West Province,Chegutu District
nNqtwWJ06vF,Zimbabwe Ministry of Health,Mashonaland Central Province,Guruve District
nnvdxbrOQFk,Zimbabwe Ministry of Health,Midlands Province,Mberengwa District
No0CVtnUHfZ,Zimbabwe Ministry of Health,Harare Metropolitan Province,Western District
NOekVWNaW3O,Zimbabwe Ministry of Health,Mashonaland East Province,Murewa District
nOJs765REgP,Zimbabwe Ministry of Health,Manicaland Province,Makoni District
Nooh15bzo4O,Zimbabwe Ministry of Health,Mashonaland West Province,Chegutu District
NoyhPjmwOeo,Zimbabwe Ministry of Health,Matabeleland South Province,Gwanda District
NP1B0YRUFme,Zimbabwe Ministry of Health,Manicaland Province,Chimanimani District
NPo39PNvxY0,Zimbabwe Ministry of Health,Mashonaland East Province,Mutoko District
NpqeIttg5Cn,Zimbabwe Ministry of Health,Bulawayo Metropolitan Province,Northern Suburbs District
nPQTkxY44rM,Zimbabwe Ministry of Health,Midlands Province,Gweru District
nQsJpq2BfbH,Zimbabwe Ministry of Health,Mashonaland West Province,Chegutu District
nqtw8QgNOtK,Zimbabwe Ministry of Health,Mashonaland West Province,Zvimba District
nr8AGzrBEAa,Zimbabwe Ministry of Health,Matabeleland South Province,Bulilima District
Nr9PnOvHJ5C,Zimbabwe Ministry of Health,Mashonaland East Province,Mutoko District
nRFC0VVvNG1,Zimbabwe Ministry of Health,Matabeleland South Province,Gwanda District
NrFFCY3Je1b,Zimbabwe Ministry of Health,Masvingo Province,Mwenezi District
NrhmtfXocq1,Zimbabwe Ministry of Health,Matabeleland North Province,Lupane District
nRSfosZwTju,Zimbabwe Ministry of Health,Mashonaland East Province,Marondera District
nSAW8ByurST,Zimbabwe Ministry of Health,Mashonaland East Province,Chikomba District
NsczMWPrPgN,Zimbabwe Ministry of Health,Manicaland Province,Makoni District
NsXemupkULd,Zimbabwe Ministry of Health,Harare Metropolitan Province,Southern District
nthtrQ8ZYCS,Zimbabwe Ministry of Health,Mashonaland Central Province,Bindura District
NTkxOkHNsKj,Zimbabwe Ministry of Health,Mashonaland West Province,Zvimba District
Ntr6VH1qAJl,Zimbabwe Ministry of Health,Mashonaland West Province,Chegutu District
nu3j8J5HOpv,Zimbabwe Ministry of Health,Midlands Province,Gokwe North District
nUPLeyD1mko,Zimbabwe Ministry of Health,Mashonaland East Province,Mudzi District
nur0AEwM4OY,Zimbabwe Ministry of Health,Manicaland Province,Mutare District
nusxH4dUCBX,Zimbabwe Ministry of Health,Manicaland Province,Makoni District
nuWZ2Ki399S,Zimbabwe Ministry of Health,Midlands Province,Mberengwa District
nVaeHRGHENl,Zimbabwe Ministry of Health,Midlands Province,Gweru District
nvcYHMpAHfm,Zimbabwe Ministry of Health,Matabeleland South Province,Insiza District
NVPe6SsWWwi,Zimbabwe Ministry of Health,Matabeleland North Province,Hwange District
nvpJWBChryf,Zimbabwe Ministry of Health,Matabeleland North Province,Umguza District
nw3EIRIzp19,Zimbabwe Ministry of Health,Mashonaland Central Province,Shamva District
Nw3NVUqhNaU,Zimbabwe Ministry of Health,Matabeleland South Province,Insiza District
NWFzPK4cUwv,Zimbabwe Ministry of Health,Midlands Province,Gokwe North District
NwhxM073HO5,Zimbabwe Ministry of Health,Matabeleland North Province,Umguza District
nWhYVNm0WBU,Zimbabwe Ministry of Health,Mashonaland East Province,Murewa District
NwIjXPvTYN0,Zimbabwe Ministry of Health,Harare Metropolitan Province,Northern District
NWTrxjKRc2D,Zimbabwe Ministry of Health,Midlands Province,Shurugwi District
NwvqrDyAJxp,Zimbabwe Ministry of Health,Mashonaland West Province,Makonde District
nwwAxlXbJwl,Zimbabwe Ministry of Health,Matabeleland South Province,Bulilima District
nX2wdonp9qm,Zimbabwe Ministry of Health,Manicaland Province,Mutare District
NX5E8VD4qql,Zimbabwe Ministry of Health,Matabeleland South Province,Beitbridge District
nXbiljJiSU9,Zimbabwe Ministry of Health,Matabeleland North Province,Lupane District
nxs1XzhCsB2,Zimbabwe Ministry of Health,Bulawayo Metropolitan Province,Northern Suburbs District
nyAB0YMDoBt,Zimbabwe Ministry of Health,Midlands Province,Gweru District
NYWetpSMWGf,Zimbabwe Ministry of Health,Midlands Province,Chirumhanzu District
nyZPn26CoFt,Zimbabwe Ministry of Health,Mashonaland Central Province,Shamva District
NzioLDOMyHi,Zimbabwe Ministry of Health,Manicaland Province,Buhera District
o11Z9SbhWy2,Zimbabwe Ministry of Health,Mashonaland East Province,Goromonzi District
O1fCNuvsfI3,Zimbabwe Ministry of Health,Manicaland Province,Mutare District
o1koaovBpfp,Zimbabwe Ministry of Health,Manicaland Province,Makoni District
o1XUOkb8Chw,Zimbabwe Ministry of Health,Midlands Province,Zvishavane District
O23AdHRaGe9,Zimbabwe Ministry of Health,Mashonaland West Province,Makonde District
O2TArDE6O3s,Zimbabwe Ministry of Health,Mashonaland East Province,Hwedza District
O3FM4meFqdP,Zimbabwe Ministry of Health,Mashonaland West Province,Zvimba District
O4MKbrw8HzO,Zimbabwe Ministry of Health,Harare Metropolitan Province,Southern District
O5YeiVf8VLA,Zimbabwe Ministry of Health,Matabeleland South Province,Bulilima District
o6kGCloNUDE,Zimbabwe Ministry of Health,Harare Metropolitan Province,Chitungwiza District
O6kzhSbPx0o,Zimbabwe Ministry of Health,Mashonaland East Province,Marondera District
o7lk8OxDSN5,Zimbabwe Ministry of Health,Matabeleland South Province,Umzingwane District
o8v1aiUjp5z,Zimbabwe Ministry of Health,Matabeleland North Province,Nkayi District
oauPRjbamz2,Zimbabwe Ministry of Health,Mashonaland Central Province,Shamva District
oBbS3ONeW9n,Zimbabwe Ministry of Health,Midlands Province,Zvishavane District
OBGRRromwaH,Zimbabwe Ministry of Health,Mashonaland West Province,Zvimba District
OBprCu1KHiy,Zimbabwe Ministry of Health,Harare Metropolitan Province,Eastern District
OBXlKhRkRIb,Zimbabwe Ministry of Health,Harare Metropolitan Province,Southern District
OC2Q3B53FqU,Zimbabwe Ministry of Health,Manicaland Province,Mutare District
OC7ildSI0QQ,Zimbabwe Ministry of Health,Harare Metropolitan Province,Southern District
oCvWSugONKx,Zimbabwe Ministry of Health,Bulawayo Metropolitan Province,Northern Suburbs District
ocZcHjwY60I,Zimbabwe Ministry of Health,Manicaland Province,Chipinge District
ODObWEFaXym,Zimbabwe Ministry of Health,Manicaland Province,Mutare District
oDRIn1TRJQ5,Zimbabwe Ministry of Health,Mashonaland East Province,Seke District
oDx5TiVW5XB,Zimbabwe Ministry of Health,Harare Metropolitan Province,Southern District
odZS1HPsm2F,Zimbabwe Ministry of Health,Mashonaland Central Province,Centenary District
Oe78ZdUDfSV,Zimbabwe Ministry of Health,Midlands Province,Shurugwi District
OerFBTgdNvj,Zimbabwe Ministry of Health,Mashonaland Central Province,Mazowe District
oEwopIvfS15,Zimbabwe Ministry of Health,Mashonaland East Province,Marondera District
OExCvkJ9VkG,Zimbabwe Ministry of Health,Matabeleland North Province,Binga District
OEXR4r3lJVY,Zimbabwe Ministry of Health,Mashonaland West Province,Zvimba District
of7XjyQuOBa,Zimbabwe Ministry of Health,Masvingo Province,Chiredzi District
OFfbxvItnX5,Zimbabwe Ministry of Health,Mashonaland East Province,Seke District
OFKotCF30V9,Zimbabwe Ministry of Health,Matabeleland South Province,Gwanda District
oFwOJ0k0lkT,Zimbabwe Ministry of Health,Mashonaland East Province,Goromonzi District
ogbAgg8zwC2,Zimbabwe Ministry of Health,Mashonaland West Province,Makonde District
oGoA3lS8Zu8,Zimbabwe Ministry of Health,Midlands Province,Gweru District
OGWTyBFTzJd,Zimbabwe Ministry of Health,Midlands Province,Gweru District
OGwUj8IBy4e,Zimbabwe Ministry of Health,Matabeleland South Province,Matobo District
oh1Jp42kTE9,Zimbabwe Ministry of Health,Matabeleland North Province,Tsholotsho District
ohAeL3I4ZEj,Zimbabwe Ministry of Health,Mashonaland West Province,Makonde District
OhbIh1Vr8da,Zimbabwe Ministry of Health,Manicaland Province,Buhera District
OHEf3RcLGXc,Zimbabwe Ministry of Health,Manicaland Province,Mutare District
OHRuhvMjaio,Zimbabwe Ministry of Health,Mashonaland East Province,Uzumba Maramba Pfungwe District
OinRFmR8Vrq,Zimbabwe Ministry of Health,Mashonaland Central Province,Bindura District
OiOTmgg2IYI,Zimbabwe Ministry of Health,Mashonaland West Province,Chegutu District
ojBxVwmGZz1,Zimbabwe Ministry of Health,Mashonaland East Province,Goromonzi District
oJnY7eweQV8,Zimbabwe Ministry of Health,Masvingo Province,Gutu District
oKevHdgQchc,Zimbabwe Ministry of Health,Midlands Province,Gokwe South District
okH5E8Kirs3,Zimbabwe Ministry of Health,Mashonaland West Province,Hurungwe District
OlBZHeF4Ilo,Zimbabwe Ministry of Health,Manicaland Province,Mutare District
OLppnxxYhG8,Zimbabwe Ministry of Health,Masvingo Province,Chivi District
oLW8WxRRKwz,Zimbabwe Ministry of Health,Masvingo Province,Gutu District
olYisdMN5zi,Zimbabwe Ministry of Health,Midlands Province,Shurugwi District
omGmH28ptOx,Zimbabwe Ministry of Health,Manicaland Province,Nyanga District
oMOfzzTZ6rt,Zimbabwe Ministry of Health,Matabeleland North Province,Binga District
OnljtPLFl6a,Zimbabwe Ministry of Health,Mashonaland Central Province,Mount Darwin District
ONmg4djzSUr,Zimbabwe Ministry of Health,Mashonaland East Province,Goromonzi District
ONr6vEfV0pH,Zimbabwe Ministry of Health,Mashonaland West Province,Zvimba District
oO8ebxVsvkY,Zimbabwe Ministry of Health,Masvingo Province,Chivi District
OO9JaMzwvJn,Zimbabwe Ministry of Health,Mashonaland West Province,Sanyati District
ooSFsGF2dJY,Zimbabwe Ministry of Health,Mashonaland West Province,Makonde District
OoUrZty9Ack,Zimbabwe Ministry of Health,Midlands Province,Gweru District
OPpj4NhJf0f,Zimbabwe Ministry of Health,Mashonaland West Province,Hurungwe District
OpqO7PRXP1Q,Zimbabwe Ministry of Health,Masvingo Province,Zaka District
oPuOEOz6VQQ,Zimbabwe Ministry of Health,Matabeleland South Province,Beitbridge District
OPxYB3sxLY9,Zimbabwe Ministry of Health,Mashonaland East Province,Chikomba District
opxyhd2H454,Zimbabwe Ministry of Health,Midlands Province,Gokwe South District
oqHezjkD4Tl,Zimbabwe Ministry of Health,Mashonaland Central Province,Centenary District
OQucnnhShgt,Zimbabwe Ministry of Health,Manicaland Province,Nyanga District
OREiGho2b9G,Zimbabwe Ministry of Health,Harare Metropolitan Province,Chitungwiza District
oSAZBT5wDIC,Zimbabwe Ministry of Health,Matabeleland South Province,Mangwe District
OSJ4LB2TCcH,Zimbabwe Ministry of Health,Manicaland Province,Nyanga District
oTzdCScsUos,Zimbabwe Ministry of Health,Midlands Province,Kwekwe District
oU49czd8SsW,Zimbabwe Ministry of Health,Midlands Province,Kwekwe District
OuEqlnfUt7c,Zimbabwe Ministry of Health,Manicaland Province,Chimanimani District
OUmbO9Dx9Av,Zimbabwe Ministry of Health,Matabeleland South Province,Gwanda District
OYnj7haEW3L,Zimbabwe Ministry of Health,Matabeleland North Province,Hwange District
OYxK4THN4Rt,Zimbabwe Ministry of Health,Mashonaland East Province,Chikomba District
Oz6p5RcJadO,Zimbabwe Ministry of Health,Mashonaland Central Province,Mbire District
OZjJKN6uFmQ,Zimbabwe Ministry of Health,Matabeleland South Province,Gwanda District
P0jm09rHVzC,Zimbabwe Ministry of Health,Mashonaland East Province,Marondera District
p11rPuumihU,Zimbabwe Ministry of Health,Manicaland Province,Mutare District
p1dS2mAW8hf,Zimbabwe Ministry of Health,Manicaland Province,Buhera District
p1T8lmKy3fI,Zimbabwe Ministry of Health,Mashonaland East Province,Murewa District
p1v1QU4KQSj,Zimbabwe Ministry of Health,Mashonaland East Province,Mutoko District
P1Yxb7N3wvJ,Zimbabwe Ministry of Health,Harare Metropolitan Province,Chitungwiza District
p2nDXP0Iffy,Zimbabwe Ministry of Health,Manicaland Province,Chimanimani District
P4tdiFeQzmx,Zimbabwe Ministry of Health,Harare Metropolitan Province,Western District
P4uahA4HI3l,Zimbabwe Ministry of Health,Matabeleland North Province,Lupane District
p5m48WRxnWR,Zimbabwe Ministry of Health,Harare Metropolitan Province,Southern District
p6sAK0k1xZW,Zimbabwe Ministry of Health,Harare Metropolitan Province,Southern District
p7YSxA5z5XM,Zimbabwe Ministry of Health,Manicaland Province,Buhera District
paEcB63wSvW,Zimbabwe Ministry of Health,Masvingo Province,Bikita District
pAg0wU4miIq,Zimbabwe Ministry of Health,Midlands Province,Gokwe South District
Par7QjnrhYZ,Zimbabwe Ministry of Health,Manicaland Province,Chimanimani District
pb9OlYzcpDj,Zimbabwe Ministry of Health,Mashonaland East Province,Murewa District
PBEMVp7KXEp,Zimbabwe Ministry of Health,Matabeleland North Province,Hwange District
pBwjrPIMWWu,Zimbabwe Ministry of Health,Manicaland Province,Mutare District
PbZBQj0Weu0,Zimbabwe Ministry of Health,Matabeleland North Province,Lupane District
pc3SdKl6IZi,Zimbabwe Ministry of Health,Harare Metropolitan Province,Harare Central Hospitals
Pc5yc5tAeNF,Zimbabwe Ministry of Health,Matabeleland South Province,Beitbridge District
pCODIoWCbsR,Zimbabwe Ministry of Health,Matabeleland South Province,Umzingwane District
PdcCzTL0UO2,Zimbabwe Ministry of Health,Masvingo Province,Masvingo District
pDNRL1m5sJd,Zimbabwe Ministry of Health,Matabeleland North Province,Bubi District
pdQGuXha4l1,Zimbabwe Ministry of Health,Manicaland Province,Makoni District
Pe9vjw20foQ,Zimbabwe Ministry of Health,Mashonaland East Province,Hwedza District
PewheyywlnB,Zimbabwe Ministry of Health,Mashonaland East Province,Murewa District
pg6IKoiiPHy,Zimbabwe Ministry of Health,Harare Metropolitan Province,Southern District
pGbz0iYwQQN,Zimbabwe Ministry of Health,Midlands Province,Gokwe North District
pggK8xtOWkp,Zimbabwe Ministry of Health,Mashonaland West Province,Mhondoro District
pGQjbvHMTPK,Zimbabwe Ministry of Health,Manicaland Province,Chipinge District
pGZ8wBu4TVD,Zimbabwe Ministry of Health,Manicaland Province,Makoni District
pH4O4ZdhV53,Zimbabwe Ministry of Health,Harare Metropolitan Province,Ruwa
PhCiI8NplKa,Zimbabwe Ministry of Health,Matabeleland South Province,Gwanda District
pHDEvqavUGq,Zimbabwe Ministry of Health,Matabeleland South Province,Umzingwane District
pHfYf2HeLON,Zimbabwe Ministry of Health,Mashonaland West Province,Chegutu District
pHJSEeiAdBO,Zimbabwe Ministry of Health,Masvingo Province,Zaka District
PHry0pvv7Xd,Zimbabwe Ministry of Health,Mashonaland East Province,Chikomba District
PhtaiN9uHu6,Zimbabwe Ministry of Health,Midlands Province,Mberengwa District
pi1yAsF5U14,Zimbabwe Ministry of Health,Mashonaland East Province,Hwedza District
pIS8S7U9Sfo,Zimbabwe Ministry of Health,Midlands Province,Gokwe North District
PiTrurNdiyL,Zimbabwe Ministry of Health,Mashonaland Central Province,Guruve District
pjDhhyAIRyH,Zimbabwe Ministry of Health,Harare Metropolitan Province,Southern District
PjmHC474EDN,Zimbabwe Ministry of Health,Harare Metropolitan Province,Harare Central Hospitals
pK0DnszHBZI,Zimbabwe Ministry of Health,Mashonaland West Province,Chegutu District
pkZQSY7NDOT,Zimbabwe Ministry of Health,Midlands Province,Gweru District
pL4gUH07HdO,Zimbabwe Ministry of Health,Midlands Province,Gokwe South District
plRdDXQh3rU,Zimbabwe Ministry of Health,Mashonaland Central Province,Mazowe District
PLxOtSolhG5,Zimbabwe Ministry of Health,Harare Metropolitan Province,Western District
pMdVBRDg3Cx,Zimbabwe Ministry of Health,Manicaland Province,Mutare District
PmeORqNWzwq,Zimbabwe Ministry of Health,Bulawayo Metropolitan Province,Northern Suburbs District
PN1oUrZNWpR,Zimbabwe Ministry of Health,Mashonaland Central Province,Bindura District
Pn253DhIGF5,Zimbabwe Ministry of Health,Masvingo Province,Masvingo District
pNc4TLhO9gr,Zimbabwe Ministry of Health,Midlands Province,Gweru District
PnK6HVt1SRm,Zimbabwe Ministry of Health,Manicaland Province,Chipinge District
poAoKEJzA1L,Zimbabwe Ministry of Health,Matabeleland North Province,Umguza District
pofi4Agnpb3,Zimbabwe Ministry of Health,Bulawayo Metropolitan Province,Northern Suburbs District
pojo2I4dyoq,Zimbabwe Ministry of Health,Bulawayo Metropolitan Province,Northern Suburbs District
pOMTyURxblh,Zimbabwe Ministry of Health,Mashonaland Central Province,Bindura District
poqrqFB4ezD,Zimbabwe Ministry of Health,Matabeleland South Province,Beitbridge District
pOyZlhuuXAd,Zimbabwe Ministry of Health,Harare Metropolitan Province,Southern District
PqExsT2KAi8,Zimbabwe Ministry of Health,Midlands Province,Gokwe North District
pqpfmI41yEY,Zimbabwe Ministry of Health,Matabeleland North Province,Tsholotsho District
pqunV5XpzEX,Zimbabwe Ministry of Health,Midlands Province,Mberengwa District
PQYcMmTvt6L,Zimbabwe Ministry of Health,Manicaland Province,Nyanga District
pr3OA2Snlps,Zimbabwe Ministry of Health,Mashonaland West Province,Chegutu District
prJwfHo35UK,Zimbabwe Ministry of Health,Manicaland Province,Chipinge District
pRKZwnM3ZWq,Zimbabwe Ministry of Health,Masvingo Province,Chiredzi District
PRYuiWckbUM,Zimbabwe Ministry of Health,Harare Metropolitan Province,Northern District
pt2kLo8cYjp,Zimbabwe Ministry of Health,Masvingo Province,Bikita District
pTC2Kr3J36g,Zimbabwe Ministry of Health,Matabeleland South Province,Gwanda District
ptCi4yUczMp,Zimbabwe Ministry of Health,Matabeleland North Province,Umguza District
ptcT8WoVLbG,Zimbabwe Ministry of Health,Mashonaland West Province,Hurungwe District
Pu8ltwdaHfW,Zimbabwe Ministry of Health,Matabeleland South Province,Mangwe District
puEtgGYL24a,Zimbabwe Ministry of Health,Matabeleland South Province,Bulilima District
PUNmyNqtxNl,Zimbabwe Ministry of Health,Manicaland Province,Chimanimani District
pUVSUBJ8Es1,Zimbabwe Ministry of Health,Matabeleland South Province,Beitbridge District
PvlB7m5PvDa,Zimbabwe Ministry of Health,Mashonaland Central Province,Mazowe District
PVqBMEITGZG,Zimbabwe Ministry of Health,Manicaland Province,Mutasa District
PwwFfK2jIaP,Zimbabwe Ministry of Health,Matabeleland North Province,Hwange District
PxlUHqUbISo,Zimbabwe Ministry of Health,Mashonaland West Province,Makonde District
PxvvQMGB0kx,Zimbabwe Ministry of Health,Manicaland Province,Chimanimani District
pxWz8J9mpVR,Zimbabwe Ministry of Health,Matabeleland South Province,Bulilima District
PyGhWopcNVe,Zimbabwe Ministry of Health,Harare Metropolitan Province,Western District
pyGvDPF4vaL,Zimbabwe Ministry of Health,Mashonaland Central Province,Rushinga District
PYkTLQgYOqM,Zimbabwe Ministry of Health,Matabeleland North Province,Binga District
PYVmCC5QzWR,Zimbabwe Ministry of Health,Mashonaland East Province,Chikomba District
pyvuKuH8RCC,Zimbabwe Ministry of Health,Manicaland Province,Mutare District
PZBpKzBqPK8,Zimbabwe Ministry of Health,Midlands Province,Kwekwe District
PzFSuCtPXpX,Zimbabwe Ministry of Health,Manicaland Province,Makoni District
Q0SIcfVYZ3T,Zimbabwe Ministry of Health,Midlands Province,Kwekwe District
q0UgCWN6tzK,Zimbabwe Ministry of Health,Bulawayo Metropolitan Province,Northern Suburbs District
Q38EU4UNiaJ,Zimbabwe Ministry of Health,Matabeleland South Province,Gwanda District
Q3MZNrRnK9S,Zimbabwe Ministry of Health,Harare Metropolitan Province,Ruwa
Q4pYhjAOvDW,Zimbabwe Ministry of Health,Manicaland Province,Makoni District
Q573I7dDsyy,Zimbabwe Ministry of Health,Masvingo Province,Masvingo District
Q5S4ghrkIPr,Zimbabwe Ministry of Health,Masvingo Province,Masvingo District
Q6mYxcJadeC,Zimbabwe Ministry of Health,Mashonaland East Province,Seke District
qAj4FeHrhCb,Zimbabwe Ministry of Health,Mashonaland West Province,Chegutu District
qaQFT9xBClt,Zimbabwe Ministry of Health,Matabeleland North Province,Umguza District
QaXJboTAqC5,Zimbabwe Ministry of Health,Midlands Province,Gweru District
qB4aqkr5Zan,Zimbabwe Ministry of Health,Manicaland Province,Buhera District
QDH3UlnqxdE,Zimbabwe Ministry of Health,Masvingo Province,Bikita District
Qe0frbRzvAu,Zimbabwe Ministry of Health,Mashonaland East Province,Goromonzi District
QE3JDuXXC03,Zimbabwe Ministry of Health,Midlands Province,Zvishavane District
qEnOAb2ngj2,Zimbabwe Ministry of Health,Mashonaland East Province,Marondera District
QEvN9NNhcHY,Zimbabwe Ministry of Health,Masvingo Province,Gutu District
qeXexLypgiq,Zimbabwe Ministry of Health,Manicaland Province,Mutare District
QFHrfOC8q6r,Zimbabwe Ministry of Health,Bulawayo Metropolitan Province,Northern Suburbs District
QH6MRPTEHPd,Zimbabwe Ministry of Health,Mashonaland West Province,Zvimba District
qHkq8Y4E0Q8,Zimbabwe Ministry of Health,Masvingo Province,Chiredzi District
qHOiL9glACJ,Zimbabwe Ministry of Health,Matabeleland South Province,Gwanda District
QHPjyQCdaZ1,Zimbabwe Ministry of Health,Mashonaland East Province,Marondera District
QI6mEC6q6Ge,Zimbabwe Ministry of Health,Masvingo Province,Chiredzi District
QIrP8yI4al9,Zimbabwe Ministry of Health,Manicaland Province,Chipinge District
qIx8s9wFdbA,Zimbabwe Ministry of Health,Masvingo Province,Chivi District
qJJ6I9d7TGu,Zimbabwe Ministry of Health,Manicaland Province,Buhera District
QJpvYebxudy,Zimbabwe Ministry of Health,Mashonaland East Province,Murewa District
qk0h8CWfku5,Zimbabwe Ministry of Health,Midlands Province,Mberengwa District
QK63B8hEjh5,Zimbabwe Ministry of Health,Manicaland Province,Makoni District
qkKAsC3hMOK,Zimbabwe Ministry of Health,Mashonaland East Province,Murewa District
qKmB3CBc0NN,Zimbabwe Ministry of Health,Midlands Province,Gweru District
QKyJjASGoVM,Zimbabwe Ministry of Health,Masvingo Province,Zaka District
ql8eIGGkFJk,Zimbabwe Ministry of Health,Masvingo Province,Masvingo District
qLpKVzFktN7,Zimbabwe Ministry of Health,Mashonaland West Province,Makonde District
QLsIZPaQ5zq,Zimbabwe Ministry of Health,Midlands Province,Mberengwa District
qLzDP5tdFZe,Zimbabwe Ministry of Health,Masvingo Province,Mwenezi District
qmaGE9Oq6kA,Zimbabwe Ministry of Health,Mashonaland Central Province,Rushinga District
qmuwPOCEvKY,Zimbabwe Ministry of Health,Masvingo Province,Gutu District
qmYSWCIbpXV,Zimbabwe Ministry of Health,Mashonaland Central Province,Mazowe District
qNA0WCicGW3,Zimbabwe Ministry of Health,Mashonaland West Province,Mhondoro District
qnl8TFweO85,Zimbabwe Ministry of Health,Mashonaland West Province,Hurungwe District
qNM0xkDjd2P,Zimbabwe Ministry of Health,Manicaland Province,Makoni District
qo30E3LcaXs,Zimbabwe Ministry of Health,Mashonaland Central Province,Bindura District
qoMYj7cnPWI,Zimbabwe Ministry of Health,Matabeleland North Province,Hwange District
QOSVNeZ8v9H,Zimbabwe Ministry of Health,Harare Metropolitan Province,Southern District
qOU3E1EqXAu,Zimbabwe Ministry of Health,Harare Metropolitan Province,Chitungwiza District
QOUhAoaWRDk,Zimbabwe Ministry of Health,Manicaland Province,Buhera District
QOxd0srupY8,Zimbabwe Ministry of Health,Midlands Province,Gweru District
QOyVj877fR2,Zimbabwe Ministry of Health,Midlands Province,Gokwe South District
Qp5BZVEj6M0,Zimbabwe Ministry of Health,Masvingo Province,Chivi District
qpEq965s2Ry,Zimbabwe Ministry of Health,Mashonaland West Province,Sanyati District
QppzgSk1p8u,Zimbabwe Ministry of Health,Mashonaland Central Province,Bindura District
qpyaCZuZxZx,Zimbabwe Ministry of Health,Harare Metropolitan Province,Western District
qQpBT1CP8eY,Zimbabwe Ministry of Health,Manicaland Province,Nyanga District
QQsfN0FpDGU,Zimbabwe Ministry of Health,Midlands Province,Mberengwa District
QqSkHt2vLvl,Zimbabwe Ministry of Health,Mashonaland West Province,Chegutu District
QRc5MpV5Zts,Zimbabwe Ministry of Health,Masvingo Province,Mwenezi District
qrfT3L9YO0c,Zimbabwe Ministry of Health,Midlands Province,Kwekwe District
QRmrW2KSw7E,Zimbabwe Ministry of Health,Matabeleland North Province,Bubi District
qRroK8G1NdU,Zimbabwe Ministry of Health,Manicaland Province,Mutare District
qRWMwz2zOp2,Zimbabwe Ministry of Health,Mashonaland East Province,Uzumba Maramba Pfungwe District
qTqTdojssVw,Zimbabwe Ministry of Health,Matabeleland South Province,Beitbridge District
QtQuJs4drLH,Zimbabwe Ministry of Health,Midlands Province,Mberengwa District
qUajs0mhlbX,Zimbabwe Ministry of Health,Manicaland Province,Nyanga District
quI1OYvSBPV,Zimbabwe Ministry of Health,Midlands Province,Mberengwa District
QUKQlheaguk,Zimbabwe Ministry of Health,Mashonaland West Province,Sanyati District
QUME57YvrvB,Zimbabwe Ministry of Health,Mashonaland East Province,Chikomba District
SmhBEilCJ8h,Zimbabwe Ministry of Health,Masvingo Province,Chiredzi District
qV7RnLkuF5g,Zimbabwe Ministry of Health,Mashonaland East Province,Chikomba District
qVjkv57fvWb,Zimbabwe Ministry of Health,Manicaland Province,Chimanimani District
QVns3TeYJ8H,Zimbabwe Ministry of Health,Matabeleland North Province,Hwange District
Qw9TMKRVyYN,Zimbabwe Ministry of Health,Matabeleland North Province,Nkayi District
QY6PYYlyHc3,Zimbabwe Ministry of Health,Manicaland Province,Makoni District
qYHXGSTNij8,Zimbabwe Ministry of Health,Matabeleland North Province,Tsholotsho District
Qyjaz9S0zaB,Zimbabwe Ministry of Health,Midlands Province,Kwekwe District
qYV2YCq6MNp,Zimbabwe Ministry of Health,Matabeleland South Province,Gwanda District
qZ20lY26Zhi,Zimbabwe Ministry of Health,Matabeleland South Province,Matobo District
qzi6uFHa251,Zimbabwe Ministry of Health,Midlands Province,Kwekwe District
qzKscgrRHcZ,Zimbabwe Ministry of Health,Masvingo Province,Masvingo District
QzMhEz3E0eZ,Zimbabwe Ministry of Health,Masvingo Province,Chiredzi District
qZWI3x37dyN,Zimbabwe Ministry of Health,Matabeleland North Province,Hwange District
qZzHnpyeJyI,Zimbabwe Ministry of Health,Manicaland Province,Buhera District
R1bec89l3UY,Zimbabwe Ministry of Health,Midlands Province,Gokwe North District
r2j91lQa516,Zimbabwe Ministry of Health,Mashonaland East Province,Hwedza District
R2mfQFBYghX,Zimbabwe Ministry of Health,Bulawayo Metropolitan Province,Northern Suburbs District
r2sAyRDfgNU,Zimbabwe Ministry of Health,Matabeleland South Province,Mangwe District
r3oWdQofL1r,Zimbabwe Ministry of Health,Midlands Province,Mberengwa District
R51ydsDcgeB,Zimbabwe Ministry of Health,Manicaland Province,Mutare District
r5kFjZtm6fX,Zimbabwe Ministry of Health,Mashonaland East Province,Murewa District
r5tDghDcwfn,Zimbabwe Ministry of Health,Mashonaland East Province,Uzumba Maramba Pfungwe District
r5tFSDk2b8N,Zimbabwe Ministry of Health,Harare Metropolitan Province,Eastern District
r6zuyKcnbDC,Zimbabwe Ministry of Health,Harare Metropolitan Province,Chitungwiza District
R7iT0ozHwhk,Zimbabwe Ministry of Health,Masvingo Province,Bikita District
r7uj9eW2zCi,Zimbabwe Ministry of Health,Harare Metropolitan Province,Chitungwiza District
r8YiLD53wqA,Zimbabwe Ministry of Health,Matabeleland South Province,Matobo District
R9QcV5vI9ij,Zimbabwe Ministry of Health,Masvingo Province,Masvingo District
R9siosZGUNf,Zimbabwe Ministry of Health,Harare Metropolitan Province,Western District
r9yhzcMuDa7,Zimbabwe Ministry of Health,Matabeleland North Province,Hwange District
rajvxcpGpWt,Zimbabwe Ministry of Health,Manicaland Province,Chimanimani District
RB5YfilIXTy,Zimbabwe Ministry of Health,Midlands Province,Shurugwi District
RBAiyJ9u8im,Zimbabwe Ministry of Health,Masvingo Province,Masvingo District
rbciS8Qybzo,Zimbabwe Ministry of Health,Mashonaland West Province,Makonde District
RBH49SMclnb,Zimbabwe Ministry of Health,Mashonaland West Province,Sanyati District
RbhNPaoniaH,Zimbabwe Ministry of Health,Midlands Province,Gweru District
RbKsWbfS6LA,Zimbabwe Ministry of Health,Mashonaland East Province,Hwedza District
rBQzyDOllhb,Zimbabwe Ministry of Health,Manicaland Province,Mutasa District
RbrrEAl4xGX,Zimbabwe Ministry of Health,Mashonaland Central Province,Mazowe District
rBTEnsD0X8Z,Zimbabwe Ministry of Health,Matabeleland North Province,Binga District
rC42Q9ltl0P,Zimbabwe Ministry of Health,Manicaland Province,Mutasa District
Rc6mdgR6jQc,Zimbabwe Ministry of Health,Manicaland Province,Chipinge District
rC7i1uDARQP,Zimbabwe Ministry of Health,Mashonaland West Province,Kariba District
RCcVLhP0OOz,Zimbabwe Ministry of Health,Manicaland Province,Mutare District
RciFvYGZ2xo,Zimbabwe Ministry of Health,Matabeleland South Province,Bulilima District
RcNBj1T8gKb,Zimbabwe Ministry of Health,Bulawayo Metropolitan Province,Northern Suburbs District
RcSUy8MhT4H,Zimbabwe Ministry of Health,Manicaland Province,Mutasa District
RCt0okSOJQ9,Zimbabwe Ministry of Health,Masvingo Province,Bikita District
RcwEC1ZF6TD,Zimbabwe Ministry of Health,Mashonaland West Province,Chegutu District
rd5Uf966GNs,Zimbabwe Ministry of Health,Mashonaland Central Province,Rushinga District
RE3XdcTPvmu,Zimbabwe Ministry of Health,Midlands Province,Zvishavane District
ReI6ypjpjBE,Zimbabwe Ministry of Health,Mashonaland Central Province,Rushinga District
rF3ZY8pOeYJ,Zimbabwe Ministry of Health,Matabeleland North Province,Nkayi District
rf7X8GX6O7P,Zimbabwe Ministry of Health,Mashonaland East Province,Uzumba Maramba Pfungwe District
rFH7LpwTegK,Zimbabwe Ministry of Health,Mashonaland East Province,Murewa District
rFtocyzKceW,Zimbabwe Ministry of Health,Masvingo Province,Gutu District
rG1ZkDLI96T,Zimbabwe Ministry of Health,Manicaland Province,Mutare District
RG4VU0RvA6Q,Zimbabwe Ministry of Health,Harare Metropolitan Province,Northern District
rGSQkc52bpf,Zimbabwe Ministry of Health,Midlands Province,Gokwe South District
RGvXTGJ3oi8,Zimbabwe Ministry of Health,Matabeleland South Province,Beitbridge District
rgwsrQ1Zk7k,Zimbabwe Ministry of Health,Mashonaland East Province,Mutoko District
rgzyJUhxM9t,Zimbabwe Ministry of Health,Matabeleland North Province,Umguza District
rHLCABNPo7W,Zimbabwe Ministry of Health,Midlands Province,Gweru District
rho03NzB39h,Zimbabwe Ministry of Health,Matabeleland South Province,Gwanda District
RjPaRRmbrJq,Zimbabwe Ministry of Health,Masvingo Province,Chiredzi District
rJTW3RmBVPS,Zimbabwe Ministry of Health,Mashonaland West Province,Chegutu District
RjVkEZqu46z,Zimbabwe Ministry of Health,Mashonaland West Province,Chegutu District
rJxDGCugmYm,Zimbabwe Ministry of Health,Mashonaland West Province,Hurungwe District
rK0xaIy0Zmq,Zimbabwe Ministry of Health,Masvingo Province,Chiredzi District
rlJrYWDSmmU,Zimbabwe Ministry of Health,Midlands Province,Shurugwi District
rMKGhtQZNmM,Zimbabwe Ministry of Health,Manicaland Province,Chimanimani District
RMm3Voi4zch,Zimbabwe Ministry of Health,Matabeleland South Province,Umzingwane District
rn0AGNueA6V,Zimbabwe Ministry of Health,Mashonaland Central Province,Mazowe District
RnD0rb3ufox,Zimbabwe Ministry of Health,Midlands Province,Gokwe North District
rnitJg9Wlsg,Zimbabwe Ministry of Health,Harare Metropolitan Province,Southern District
rnPGEznV0Bb,Zimbabwe Ministry of Health,Manicaland Province,Makoni District
RNy892dYSXr,Zimbabwe Ministry of Health,Manicaland Province,Chipinge District
rO0zd2ABjrh,Zimbabwe Ministry of Health,Masvingo Province,Gutu District
roaeQ67MQBu,Zimbabwe Ministry of Health,Midlands Province,Shurugwi District
roGzelO4gPi,Zimbabwe Ministry of Health,Midlands Province,Mberengwa District
RoTcH4q3GCv,Zimbabwe Ministry of Health,Mashonaland West Province,Sanyati District
rOWtl12FU0f,Zimbabwe Ministry of Health,Matabeleland South Province,Mangwe District
RPASqynqwCM,Zimbabwe Ministry of Health,Bulawayo Metropolitan Province,Nkulumane District
RpIt6aXERVj,Zimbabwe Ministry of Health,Midlands Province,Gweru District
RPldbqpVgwA,Zimbabwe Ministry of Health,Mashonaland West Province,Chegutu District
rpPjMCPbVId,Zimbabwe Ministry of Health,Mashonaland East Province,Uzumba Maramba Pfungwe District
rpR9uJUifr4,Zimbabwe Ministry of Health,Manicaland Province,Chimanimani District
rprerQGVIlD,Zimbabwe Ministry of Health,Matabeleland North Province,Hwange District
RR17IHFupHB,Zimbabwe Ministry of Health,Masvingo Province,Chiredzi District
rrBkoOMZ2AC,Zimbabwe Ministry of Health,Midlands Province,Mberengwa District
rrBuO3LiAUY,Zimbabwe Ministry of Health,Mashonaland West Province,Chegutu District
rrwRWdBIu4E,Zimbabwe Ministry of Health,Mashonaland West Province,Chegutu District
rs48hsAHBof,Zimbabwe Ministry of Health,Mashonaland West Province,Sanyati District
rsn7P5OG1qd,Zimbabwe Ministry of Health,Bulawayo Metropolitan Province,Northern Suburbs District
RssHyAx1haj,Zimbabwe Ministry of Health,Mashonaland Central Province,Bindura District
RSSxBl2rcG1,Zimbabwe Ministry of Health,Mashonaland Central Province,Bindura District
RSWJwvm4fOh,Zimbabwe Ministry of Health,Midlands Province,Zvishavane District
rSzWOU0r2dC,Zimbabwe Ministry of Health,Midlands Province,Kwekwe District
rt2UEccM5K5,Zimbabwe Ministry of Health,Midlands Province,Gokwe North District
ru92cefCXx3,Zimbabwe Ministry of Health,Matabeleland North Province,Lupane District
RUbBKXlaAGF,Zimbabwe Ministry of Health,Mashonaland East Province,Hwedza District
rUmvSFmllUB,Zimbabwe Ministry of Health,Mashonaland Central Province,Mazowe District
RuNy7DaalFJ,Zimbabwe Ministry of Health,Matabeleland South Province,Mangwe District
RUUfP2v2ixg,Zimbabwe Ministry of Health,Harare Metropolitan Province,Eastern District
ruXNO3dNxpx,Zimbabwe Ministry of Health,Harare Metropolitan Province,Northern District
Rv1oggEFLdV,Zimbabwe Ministry of Health,Matabeleland North Province,Bubi District
rV7p7ulQYVL,Zimbabwe Ministry of Health,Mashonaland East Province,Goromonzi District
rVJWSV6Rw4o,Zimbabwe Ministry of Health,Masvingo Province,Chivi District
RVTCuLOTnIC,Zimbabwe Ministry of Health,Manicaland Province,Nyanga District
rVVyFuRAfpN,Zimbabwe Ministry of Health,Mashonaland East Province,Murewa District
rW0hFHerdeG,Zimbabwe Ministry of Health,Midlands Province,Chirumhanzu District
rWhTP9rL1pr,Zimbabwe Ministry of Health,Harare Metropolitan Province,Northern District
RwJRAOopzWO,Zimbabwe Ministry of Health,Harare Metropolitan Province,Chitungwiza District
RXs4ee54yhG,Zimbabwe Ministry of Health,Mashonaland Central Province,Mount Darwin District
RXt6JRztoPs,Zimbabwe Ministry of Health,Masvingo Province,Bikita District
ryH9uEbUw1F,Zimbabwe Ministry of Health,Matabeleland North Province,Binga District
ryHT5F30qfA,Zimbabwe Ministry of Health,Mashonaland Central Province,Guruve District
rYxjnRpUUVH,Zimbabwe Ministry of Health,Mashonaland East Province,Chikomba District
RyXYCIjkAWw,Zimbabwe Ministry of Health,Masvingo Province,Masvingo District
rYYHPlFexrg,Zimbabwe Ministry of Health,Mashonaland West Province,Chegutu District
rzb4Tw8eRDn,Zimbabwe Ministry of Health,Bulawayo Metropolitan Province,Northern Suburbs District
rZD7HDCc67F,Zimbabwe Ministry of Health,Mashonaland West Province,Makonde District
RzpKJ0Szgz3,Zimbabwe Ministry of Health,Midlands Province,Mberengwa District
rzWIrDCE3FA,Zimbabwe Ministry of Health,Matabeleland South Province,Mangwe District
s0sZR1GDeoX,Zimbabwe Ministry of Health,Midlands Province,Gokwe North District
s11E1ddJRAJ,Zimbabwe Ministry of Health,Masvingo Province,Masvingo District
s1BtvNQ1vRc,Zimbabwe Ministry of Health,Harare Metropolitan Province,Southern District
S1GqAxgw4iD,Zimbabwe Ministry of Health,Mashonaland West Province,Zvimba District
s2aXJCgTb0O,Zimbabwe Ministry of Health,Masvingo Province,Chivi District
s2XKQ7ZiCub,Zimbabwe Ministry of Health,Midlands Province,Shurugwi District
S32hXpOtszS,Zimbabwe Ministry of Health,Masvingo Province,Gutu District
s4DMLIyHvLV,Zimbabwe Ministry of Health,Midlands Province,Zvishavane District
s6XW9zO319h,Zimbabwe Ministry of Health,Manicaland Province,Makoni District
S78mlIqzWcK,Zimbabwe Ministry of Health,Matabeleland South Province,Bulilima District
S7ihrtajal5,Zimbabwe Ministry of Health,Bulawayo Metropolitan Province,Northern Suburbs District
s7X1foLFGE8,Zimbabwe Ministry of Health,Mashonaland West Province,Mhondoro District
s8hVhOA5Ibt,Zimbabwe Ministry of Health,Mashonaland West Province,Zvimba District
s8Rvbv1DURq,Zimbabwe Ministry of Health,Matabeleland North Province,Binga District
S9f6KQakc2E,Zimbabwe Ministry of Health,Midlands Province,Gweru District
s9H39zxxy8a,Zimbabwe Ministry of Health,Matabeleland South Province,Gwanda District
s9QmWcrI4t9,Zimbabwe Ministry of Health,Midlands Province,Zvishavane District
sa6I2X2iibD,Zimbabwe Ministry of Health,Matabeleland North Province,Nkayi District
SAAdC9MLpwY,Zimbabwe Ministry of Health,Manicaland Province,Mutare District
SamIzZkG4Sg,Zimbabwe Ministry of Health,Manicaland Province,Mutasa District
SAngGyM4l6h,Zimbabwe Ministry of Health,Mashonaland West Province,Zvimba District
SBU9jFNPzpX,Zimbabwe Ministry of Health,Matabeleland South Province,Insiza District
SbxuBIpMpI0,Zimbabwe Ministry of Health,Mashonaland Central Province,Shamva District
scgHyOj7lEc,Zimbabwe Ministry of Health,Midlands Province,Gweru District
ScPDUtDOQ7r,Zimbabwe Ministry of Health,Manicaland Province,Chimanimani District
sCYa4AlPTb9,Zimbabwe Ministry of Health,Mashonaland East Province,Murewa District
SDh1YVOVccE,Zimbabwe Ministry of Health,Mashonaland West Province,Chegutu District
sdN3U9AOEpk,Zimbabwe Ministry of Health,Mashonaland West Province,Zvimba District
sDzK8Pt7tQU,Zimbabwe Ministry of Health,Midlands Province,Mberengwa District
SEcjSX1FQAw,Zimbabwe Ministry of Health,Matabeleland North Province,Binga District
SfajShecAp5,Zimbabwe Ministry of Health,Mashonaland East Province,Chikomba District
sFfKzYeVI4U,Zimbabwe Ministry of Health,Masvingo Province,Zaka District
SfjgNrMMfET,Zimbabwe Ministry of Health,Manicaland Province,Buhera District
SgPs0vNlPpn,Zimbabwe Ministry of Health,Mashonaland East Province,Chikomba District
ShaUoNIfalb,Zimbabwe Ministry of Health,Midlands Province,Kwekwe District
SHBczc4h9R2,Zimbabwe Ministry of Health,Midlands Province,Zvishavane District
ShBRKNawnxh,Zimbabwe Ministry of Health,Manicaland Province,Buhera District
shdHYR7Vlpv,Zimbabwe Ministry of Health,Mashonaland Central Province,Mazowe District
sHepiNm6jQz,Zimbabwe Ministry of Health,Mashonaland Central Province,Mazowe District
sHMQrK4mrVe,Zimbabwe Ministry of Health,Matabeleland South Province,Mangwe District
shQMP49WeqE,Zimbabwe Ministry of Health,Harare Metropolitan Province,Harare Central Hospitals
sirWV0cn0Tt,Zimbabwe Ministry of Health,Manicaland Province,Makoni District
Sj0rbpas8DA,Zimbabwe Ministry of Health,Mashonaland East Province,Mudzi District
sj8YmWTp8vL,Zimbabwe Ministry of Health,Mashonaland West Province,Chegutu District
sjpdQTcoYN7,Zimbabwe Ministry of Health,Matabeleland South Province,Gwanda District
sjqxywFwPPr,Zimbabwe Ministry of Health,Manicaland Province,Mutare District
sjw6oE6j9MO,Zimbabwe Ministry of Health,Masvingo Province,Zaka District
skig6i0kMFB,Zimbabwe Ministry of Health,Masvingo Province,Bikita District
Slqko1xDIYV,Zimbabwe Ministry of Health,Matabeleland South Province,Bulilima District
sLsMVIpwoky,Zimbabwe Ministry of Health,Midlands Province,Shurugwi District
SLW5ioYcyec,Zimbabwe Ministry of Health,Mashonaland Central Province,Bindura District
SmTWwxr4dsM,Zimbabwe Ministry of Health,Masvingo Province,Gutu District
SncjH98WFxs,Zimbabwe Ministry of Health,Mashonaland Central Province,Mbire District
SNJpPqdJ5g4,Zimbabwe Ministry of Health,Harare Metropolitan Province,Western District
snps191LWM4,Zimbabwe Ministry of Health,Midlands Province,Chirumhanzu District
snVfYfw3wu2,Zimbabwe Ministry of Health,Bulawayo Metropolitan Province,Northern Suburbs District
sNXjwi7ELPe,Zimbabwe Ministry of Health,Mashonaland East Province,Mudzi District
SoB3qwqFglW,Zimbabwe Ministry of Health,Mashonaland East Province,Goromonzi District
solrdLsv9ZO,Zimbabwe Ministry of Health,Harare Metropolitan Province,Harare Central Hospitals
sOSMAtvracs,Zimbabwe Ministry of Health,Matabeleland North Province,Hwange District
soV0gNADiVZ,Zimbabwe Ministry of Health,Midlands Province,Kwekwe District
sp2U5DIl8aL,Zimbabwe Ministry of Health,Matabeleland North Province,Tsholotsho District
SP6JqFuJz7w,Zimbabwe Ministry of Health,Midlands Province,Shurugwi District
sp8q9wxWBSP,Zimbabwe Ministry of Health,Mashonaland West Province,Chegutu District
SpAGQaNe8FB,Zimbabwe Ministry of Health,Mashonaland West Province,Makonde District
SPN07U8I1kP,Zimbabwe Ministry of Health,Masvingo Province,Chiredzi District
sQTDkxDALfD,Zimbabwe Ministry of Health,Mashonaland East Province,Hwedza District
SrqxRxaYSzn,Zimbabwe Ministry of Health,Matabeleland South Province,Umzingwane District
sSKlpVkDqJK,Zimbabwe Ministry of Health,Manicaland Province,Nyanga District
Ssl7BpM906U,Zimbabwe Ministry of Health,Mashonaland East Province,Chikomba District
SteTta0wB61,Zimbabwe Ministry of Health,Mashonaland East Province,Murewa District
STK42ToBFUB,Zimbabwe Ministry of Health,Masvingo Province,Chivi District
stQ9t1Klkv0,Zimbabwe Ministry of Health,Manicaland Province,Mutasa District
SttdXuVIQD5,Zimbabwe Ministry of Health,Harare Metropolitan Province,Southern District
SuZnhJW4o8e,Zimbabwe Ministry of Health,Mashonaland East Province,Mutoko District
SVmJFWTF2ls,Zimbabwe Ministry of Health,Harare Metropolitan Province,Ruwa
SVtVD1Rl6la,Zimbabwe Ministry of Health,Manicaland Province,Chipinge District
sW2IoMcwvul,Zimbabwe Ministry of Health,Midlands Province,Mberengwa District
sWjKyzkChj3,Zimbabwe Ministry of Health,Mashonaland West Province,Chegutu District
SwtuQ2awRBo,Zimbabwe Ministry of Health,Matabeleland North Province,Hwange District
swWTIel4uf2,Zimbabwe Ministry of Health,Midlands Province,Kwekwe District
sWYcABebL7i,Zimbabwe Ministry of Health,Manicaland Province,Mutare District
sxPcBwIecTn,Zimbabwe Ministry of Health,Midlands Province,Kwekwe District
SXQUXZcRPpT,Zimbabwe Ministry of Health,Manicaland Province,Mutare District
sXRr6Jh1Ukn,Zimbabwe Ministry of Health,Masvingo Province,Mwenezi District
SxToMjJJz68,Zimbabwe Ministry of Health,Mashonaland West Province,Kariba District
sXUp7AuXmyD,Zimbabwe Ministry of Health,Mashonaland East Province,Goromonzi District
SXVJorlocfc,Zimbabwe Ministry of Health,Manicaland Province,Chipinge District
sy4K8oabHGL,Zimbabwe Ministry of Health,Mashonaland East Province,Mutoko District
SYh7kFev6Op,Zimbabwe Ministry of Health,Matabeleland South Province,Umzingwane District
SYIise5QtQF,Zimbabwe Ministry of Health,Midlands Province,Zvishavane District
SzA0jNDxgVy,Zimbabwe Ministry of Health,Manicaland Province,Chipinge District
SzXvLdD2rg2,Zimbabwe Ministry of Health,Mashonaland East Province,Marondera District
t0hAcwHFHPq,Zimbabwe Ministry of Health,Harare Metropolitan Province,Southern District
t3EseaHV0b5,Zimbabwe Ministry of Health,Mashonaland West Province,Kariba District
t3nkDOCNNfP,Zimbabwe Ministry of Health,Matabeleland South Province,Beitbridge District
t7hkFBKLoGo,Zimbabwe Ministry of Health,Mashonaland East Province,Murewa District
t7z7r7sYM2T,Zimbabwe Ministry of Health,Mashonaland Central Province,Guruve District
T9AbvutvhKo,Zimbabwe Ministry of Health,Masvingo Province,Bikita District
Ta5WU3NkNI0,Zimbabwe Ministry of Health,Bulawayo Metropolitan Province,Emakhandeni District
taXTBOfQPrt,Zimbabwe Ministry of Health,Manicaland Province,Nyanga District
tcl0y5CACHp,Zimbabwe Ministry of Health,Mashonaland Central Province,Guruve District
tcYyzXro5k8,Zimbabwe Ministry of Health,Matabeleland South Province,Beitbridge District
TD7ae6B1B8i,Zimbabwe Ministry of Health,Midlands Province,Shurugwi District
tda4dUNbHXS,Zimbabwe Ministry of Health,Midlands Province,Chirumhanzu District
tdal8gBf5O6,Zimbabwe Ministry of Health,Mashonaland West Province,Hurungwe District
teWdoeRkmBn,Zimbabwe Ministry of Health,Midlands Province,Kwekwe District
tflMp1UOdUl,Zimbabwe Ministry of Health,Midlands Province,Zvishavane District
tgEcmH86yG7,Zimbabwe Ministry of Health,Manicaland Province,Makoni District
TGVBYUvxPe5,Zimbabwe Ministry of Health,Masvingo Province,Gutu District
tGyKRYzSkzn,Zimbabwe Ministry of Health,Manicaland Province,Mutare District
THcy9of3EKy,Zimbabwe Ministry of Health,Masvingo Province,Masvingo District
thw6oOkoFWu,Zimbabwe Ministry of Health,Harare Metropolitan Province,Southern District
TJmQlfUFXN8,Zimbabwe Ministry of Health,Manicaland Province,Mutare District
Tjo7lWewbhC,Zimbabwe Ministry of Health,Masvingo Province,Chiredzi District
TJqJ2ltKRH3,Zimbabwe Ministry of Health,Masvingo Province,Zaka District
tkDEu9U43fG,Zimbabwe Ministry of Health,Mashonaland Central Province,Guruve District
TKrmz8yHMzD,Zimbabwe Ministry of Health,Manicaland Province,Chipinge District
TL6P8ih7Ra3,Zimbabwe Ministry of Health,Mashonaland Central Province,Mazowe District
tlhRafpNpiZ,Zimbabwe Ministry of Health,Manicaland Province,Chimanimani District
tluVli3v2nS,Zimbabwe Ministry of Health,Manicaland Province,Nyanga District
TlvL9zinytR,Zimbabwe Ministry of Health,Mashonaland Central Province,Rushinga District
TLygdaSGpts,Zimbabwe Ministry of Health,Manicaland Province,Mutasa District
TM0odT2dwaZ,Zimbabwe Ministry of Health,Matabeleland South Province,Mangwe District
Tma30DTWHyh,Zimbabwe Ministry of Health,Mashonaland Central Province,Mount Darwin District
tMOkbU654oV,Zimbabwe Ministry of Health,Midlands Province,Gokwe South District
TmP4rXQZHcS,Zimbabwe Ministry of Health,Midlands Province,Shurugwi District
tNooDwYWdaJ,Zimbabwe Ministry of Health,Mashonaland West Province,Hurungwe District
TNtqKFGZD68,Zimbabwe Ministry of Health,Midlands Province,Gokwe North District
tNU9P4tgMhs,Zimbabwe Ministry of Health,Midlands Province,Mberengwa District
TNwBNVxsxF7,Zimbabwe Ministry of Health,Mashonaland East Province,Uzumba Maramba Pfungwe District
toCuAvEIFtG,Zimbabwe Ministry of Health,Mashonaland West Province,Makonde District
tPiQaqp8wX7,Zimbabwe Ministry of Health,Harare Metropolitan Province,Chitungwiza District
tPlsx1I80sP,Zimbabwe Ministry of Health,Midlands Province,Kwekwe District
TPQQomko5Wj,Zimbabwe Ministry of Health,Manicaland Province,Nyanga District
tPTWTiP1Kqw,Zimbabwe Ministry of Health,Matabeleland South Province,Gwanda District
tq5SG6q8QUN,Zimbabwe Ministry of Health,Matabeleland North Province,Hwange District
TqIAxYsHzx4,Zimbabwe Ministry of Health,Midlands Province,Chirumhanzu District
TQlbLlJai3Z,Zimbabwe Ministry of Health,Matabeleland North Province,Umguza District
tQoib218u3c,Zimbabwe Ministry of Health,Manicaland Province,Mutare District
tRcbhjUWJpw,Zimbabwe Ministry of Health,Matabeleland North Province,Umguza District
TrCiCJJu2uM,Zimbabwe Ministry of Health,Bulawayo Metropolitan Province,Northern Suburbs District
TrNFY61RrsO,Zimbabwe Ministry of Health,Masvingo Province,Masvingo District
tROtYT5ipod,Zimbabwe Ministry of Health,Matabeleland South Province,Umzingwane District
TrTateV4FpE,Zimbabwe Ministry of Health,Manicaland Province,Nyanga District
trTCqAUZngw,Zimbabwe Ministry of Health,Mashonaland East Province,Marondera District
TRu9REB4Q2X,Zimbabwe Ministry of Health,Matabeleland North Province,Hwange District
TsUgQT3Xe8m,Zimbabwe Ministry of Health,Harare Metropolitan Province,Eastern District
TSXhr5Oon4K,Zimbabwe Ministry of Health,Manicaland Province,Chipinge District
TSZXbU6qfEv,Zimbabwe Ministry of Health,Manicaland Province,Buhera District
Tt1gpPLHadg,Zimbabwe Ministry of Health,Manicaland Province,Mutare District
Tt9lULArquT,Zimbabwe Ministry of Health,Mashonaland Central Province,Mbire District
tU6OmZQaPOr,Zimbabwe Ministry of Health,Mashonaland Central Province,Shamva District
TUce5qd0i8U,Zimbabwe Ministry of Health,Mashonaland West Province,Makonde District
TUhdYQj7mxD,Zimbabwe Ministry of Health,Mashonaland East Province,Mudzi District
TUikD8W0jYL,Zimbabwe Ministry of Health,Mashonaland West Province,Hurungwe District
tvAEJIeulky,Zimbabwe Ministry of Health,Manicaland Province,Chimanimani District
Tvj32SyBPNc,Zimbabwe Ministry of Health,Midlands Province,Gweru District
TVm0Oe65yz9,Zimbabwe Ministry of Health,Matabeleland North Province,Umguza District
TVYQA8MjPuR,Zimbabwe Ministry of Health,Mashonaland West Province,Chegutu District
tW1seCReVmF,Zimbabwe Ministry of Health,Masvingo Province,Chiredzi District
TWK9GVJ0YcF,Zimbabwe Ministry of Health,Matabeleland North Province,Lupane District
TwQ48A8hBre,Zimbabwe Ministry of Health,Mashonaland East Province,Murewa District
twU87JyEeTq,Zimbabwe Ministry of Health,Manicaland Province,Buhera District
txD1TwpwsHW,Zimbabwe Ministry of Health,Mashonaland East Province,Goromonzi District
txDYPwUAo8S,Zimbabwe Ministry of Health,Matabeleland South Province,Matobo District
TXJQr4eVrs1,Zimbabwe Ministry of Health,Manicaland Province,Makoni District
TY6QX9xvr5f,Zimbabwe Ministry of Health,Masvingo Province,Masvingo District
tyF4ojI2pf0,Zimbabwe Ministry of Health,Masvingo Province,Zaka District
tYpchrPmH2q,Zimbabwe Ministry of Health,Midlands Province,Shurugwi District
TzHvI00E7RH,Zimbabwe Ministry of Health,Manicaland Province,Makoni District
u08E2WBXMXG,Zimbabwe Ministry of Health,Mashonaland Central Province,Centenary District
u0OcwSOClYn,Zimbabwe Ministry of Health,Manicaland Province,Mutare District
U0rke3SpGqv,Zimbabwe Ministry of Health,Harare Metropolitan Province,Western District
u19lBQJUIP1,Zimbabwe Ministry of Health,Mashonaland Central Province,Centenary District
u1M2ATpFpI7,Zimbabwe Ministry of Health,Midlands Province,Kwekwe District
u2a0I7Vp7s8,Zimbabwe Ministry of Health,Midlands Province,Gokwe South District
u2oQ7F51Cum,Zimbabwe Ministry of Health,Masvingo Province,Masvingo District
U3e6ekRXW7y,Zimbabwe Ministry of Health,Matabeleland North Province,Hwange District
u4hcDaNwITk,Zimbabwe Ministry of Health,Manicaland Province,Buhera District
U5aX0dFbY3W,Zimbabwe Ministry of Health,Mashonaland East Province,Chikomba District
u7lhsEmaUcz,Zimbabwe Ministry of Health,Harare Metropolitan Province,Chitungwiza District
U955E1dbBJN,Zimbabwe Ministry of Health,Matabeleland North Province,Umguza District
u9UBc0hUaAA,Zimbabwe Ministry of Health,Mashonaland Central Province,Mazowe District
UA8oSDEFWgF,Zimbabwe Ministry of Health,Masvingo Province,Masvingo District
uAnfaRYyxmn,Zimbabwe Ministry of Health,Mashonaland East Province,Seke District
UBges4sOxQE,Zimbabwe Ministry of Health,Matabeleland North Province,Lupane District
ubKnqpQFMbU,Zimbabwe Ministry of Health,Harare Metropolitan Province,Eastern District
UC2KKnYZ3jw,Zimbabwe Ministry of Health,Midlands Province,Gokwe South District
ucIaJodGkzE,Zimbabwe Ministry of Health,Midlands Province,Gweru District
UcJKVyyylMH,Zimbabwe Ministry of Health,Mashonaland West Province,Hurungwe District
UcjVrqFdzjb,Zimbabwe Ministry of Health,Midlands Province,Kwekwe District
UdSH23d0g8l,Zimbabwe Ministry of Health,Manicaland Province,Mutare District
udWpiurZMVp,Zimbabwe Ministry of Health,Mashonaland West Province,Makonde District
udxf6mw1Sc9,Zimbabwe Ministry of Health,Midlands Province,Mberengwa District
udzEiBNEWeK,Zimbabwe Ministry of Health,Harare Metropolitan Province,Epworth
Ueajare7wgg,Zimbabwe Ministry of Health,Midlands Province,Kwekwe District
ueC0VR439jb,Zimbabwe Ministry of Health,Mashonaland West Province,Mhondoro District
UeNiHcD5J7x,Zimbabwe Ministry of Health,Matabeleland South Province,Bulilima District
ueoOqFb5QeK,Zimbabwe Ministry of Health,Masvingo Province,Masvingo District
Ues29NW1eYO,Zimbabwe Ministry of Health,Manicaland Province,Mutasa District
ueyLZw0eNlp,Zimbabwe Ministry of Health,Manicaland Province,Makoni District
uFImSWuEJ2P,Zimbabwe Ministry of Health,Mashonaland West Province,Zvimba District
UgenEdIlBx1,Zimbabwe Ministry of Health,Harare Metropolitan Province,Southern District
uGuNFdnD0Hh,Zimbabwe Ministry of Health,Midlands Province,Gweru District
UHYe7uDKdy0,Zimbabwe Ministry of Health,Mashonaland East Province,Goromonzi District
uI3m539OPHe,Zimbabwe Ministry of Health,Mashonaland East Province,Murewa District
UibBP7xjfCl,Zimbabwe Ministry of Health,Manicaland Province,Chimanimani District
UIGsD5qd7ux,Zimbabwe Ministry of Health,Mashonaland West Province,Chegutu District
UiPBTlrwap5,Zimbabwe Ministry of Health,Harare Metropolitan Province,Northern District
UJhT9GLgCuc,Zimbabwe Ministry of Health,Mashonaland Central Province,Mbire District
UjmCPVqVyvH,Zimbabwe Ministry of Health,Masvingo Province,Chiredzi District
ujQM8duEYft,Zimbabwe Ministry of Health,Manicaland Province,Mutasa District
UjQvToz8X2S,Zimbabwe Ministry of Health,Manicaland Province,Mutare District
ujR0SPoYlYt,Zimbabwe Ministry of Health,Midlands Province,Gokwe South District
uKCbAOwZT3L,Zimbabwe Ministry of Health,Manicaland Province,Mutare District
UkCONoFoPzL,Zimbabwe Ministry of Health,Masvingo Province,Chiredzi District
UkLrjAdBsmV,Zimbabwe Ministry of Health,Mashonaland East Province,Mutoko District
UkYVL94xMjb,Zimbabwe Ministry of Health,Mashonaland Central Province,Mount Darwin District
ul8QSf655uA,Zimbabwe Ministry of Health,Mashonaland Central Province,Mazowe District
ulGKEjTZcog,Zimbabwe Ministry of Health,Harare Metropolitan Province,Northern District
UlgkFeCWvUj,Zimbabwe Ministry of Health,Masvingo Province,Chiredzi District
uLmC0kJJ4TQ,Zimbabwe Ministry of Health,Mashonaland Central Province,Mazowe District
ULqqDsrSxfO,Zimbabwe Ministry of Health,Matabeleland South Province,Gwanda District
ulXymYvr8YZ,Zimbabwe Ministry of Health,Midlands Province,Gweru District
UM3CeWRmpig,Zimbabwe Ministry of Health,Harare Metropolitan Province,Eastern District
UM6l3jCXCeU,Zimbabwe Ministry of Health,Manicaland Province,Mutare District
ungnNnyJfot,Zimbabwe Ministry of Health,Mashonaland East Province,Marondera District
UnzD90dIyTk,Zimbabwe Ministry of Health,Mashonaland West Province,Sanyati District
UoLvuRUpeG6,Zimbabwe Ministry of Health,Midlands Province,Gokwe South District
UPtK34fA6GZ,Zimbabwe Ministry of Health,Mashonaland West Province,Chegutu District
uQ9ydoZsNxt,Zimbabwe Ministry of Health,Midlands Province,Mberengwa District
UQfTSqwDWuU,Zimbabwe Ministry of Health,Harare Metropolitan Province,Southern District
urarwO4MT3n,Zimbabwe Ministry of Health,Manicaland Province,Mutasa District
uRUqAmJnbUw,Zimbabwe Ministry of Health,Midlands Province,Gokwe South District
usuOs2rVDgV,Zimbabwe Ministry of Health,Harare Metropolitan Province,Southern District
UsYPWsQXGbg,Zimbabwe Ministry of Health,Mashonaland East Province,Chikomba District
uToHmSh0xud,Zimbabwe Ministry of Health,Harare Metropolitan Province,Southern District
uUh93Rzjw0K,Zimbabwe Ministry of Health,Matabeleland South Province,Gwanda District
UuMjwNooZCc,Zimbabwe Ministry of Health,Masvingo Province,Chiredzi District
uuN5RuVkZjK,Zimbabwe Ministry of Health,Manicaland Province,Mutasa District
UUrAeWdJEzE,Zimbabwe Ministry of Health,Midlands Province,Gweru District
UVDtF10UWuf,Zimbabwe Ministry of Health,Masvingo Province,Zaka District
UVMQbbw9mE3,Zimbabwe Ministry of Health,Midlands Province,Shurugwi District
uwaxQgd4SXs,Zimbabwe Ministry of Health,Midlands Province,Mberengwa District
uweESzoWvGX,Zimbabwe Ministry of Health,Harare Metropolitan Province,Northern District
UWioIdFCTFv,Zimbabwe Ministry of Health,Mashonaland Central Province,Centenary District
UWlAvJGXIFq,Zimbabwe Ministry of Health,Mashonaland East Province,Chikomba District
uXG7AmdmYq1,Zimbabwe Ministry of Health,Manicaland Province,Mutasa District
UxQucFI6E3p,Zimbabwe Ministry of Health,Mashonaland West Province,Kariba District
UXSP7PvIeDp,Zimbabwe Ministry of Health,Mashonaland West Province,Hurungwe District
UXwsoodN7jT,Zimbabwe Ministry of Health,Midlands Province,Zvishavane District
UZ7r9hwZMgd,Zimbabwe Ministry of Health,Matabeleland South Province,Gwanda District
uZabhmqGPGR,Zimbabwe Ministry of Health,Harare Metropolitan Province,Northern District
Uzc69lvByvk,Zimbabwe Ministry of Health,Mashonaland East Province,Mudzi District
UZqwaoVwvED,Zimbabwe Ministry of Health,Bulawayo Metropolitan Province,Northern Suburbs District
UzwlH9DKyqL,Zimbabwe Ministry of Health,Mashonaland West Province,Hurungwe District
uZx1AbqBvTk,Zimbabwe Ministry of Health,Bulawayo Metropolitan Province,Northern Suburbs District
v038Gk7E3aC,Zimbabwe Ministry of Health,Masvingo Province,Gutu District
v0iFLfLnhZu,Zimbabwe Ministry of Health,Mashonaland Central Province,Shamva District
v0m8r70tRq1,Zimbabwe Ministry of Health,Midlands Province,Mberengwa District
v2vaeAxaZMm,Zimbabwe Ministry of Health,Mashonaland Central Province,Mount Darwin District
v36ugriKdqP,Zimbabwe Ministry of Health,Masvingo Province,Chivi District
V3JpY96kdVF,Zimbabwe Ministry of Health,Matabeleland South Province,Gwanda District
v3sUCVOHQFr,Zimbabwe Ministry of Health,Manicaland Province,Buhera District
V40fJlBGl5l,Zimbabwe Ministry of Health,Matabeleland North Province,Binga District
v59WnRtc1MF,Zimbabwe Ministry of Health,Mashonaland West Province,Makonde District
v5HsXI0RbYg,Zimbabwe Ministry of Health,Matabeleland North Province,Tsholotsho District
v8hbbEXJulE,Zimbabwe Ministry of Health,Mashonaland West Province,Makonde District
V91qrg6c0yU,Zimbabwe Ministry of Health,Mashonaland West Province,Sanyati District
v93SBcv3pGc,Zimbabwe Ministry of Health,Mashonaland East Province,Chikomba District
V940MdyISbz,Zimbabwe Ministry of Health,Mashonaland Central Province,Centenary District
vaadLnYaGoB,Zimbabwe Ministry of Health,Harare Metropolitan Province,Ruwa
VATVqZOmGeR,Zimbabwe Ministry of Health,Midlands Province,Gweru District
VAUEhOQ0M5c,Zimbabwe Ministry of Health,Manicaland Province,Nyanga District
vb0GjmvFmNM,Zimbabwe Ministry of Health,Masvingo Province,Gutu District
VBQGAnJefui,Zimbabwe Ministry of Health,Manicaland Province,Mutare District
vCdwyhmdzCe,Zimbabwe Ministry of Health,Mashonaland East Province,Mudzi District
vD0cmk3nKr1,Zimbabwe Ministry of Health,Manicaland Province,Mutasa District
VD1EhcQ8bNE,Zimbabwe Ministry of Health,Masvingo Province,Chivi District
vDdAHJWNfHn,Zimbabwe Ministry of Health,Matabeleland North Province,Tsholotsho District
VdDV1ffFXiF,Zimbabwe Ministry of Health,Mashonaland East Province,Mutoko District
Ve7IRU3xTkP,Zimbabwe Ministry of Health,Midlands Province,Kwekwe District
veHcLRZXMge,Zimbabwe Ministry of Health,Manicaland Province,Buhera District
VfrcAWmDlIN,Zimbabwe Ministry of Health,Manicaland Province,Makoni District
vgNfspLVkjB,Zimbabwe Ministry of Health,Matabeleland South Province,Mangwe District
VGSf8Penxpm,Zimbabwe Ministry of Health,Mashonaland Central Province,Guruve District
vHEgaMne8F1,Zimbabwe Ministry of Health,Mashonaland West Province,Zvimba District
vI1Kf4HOQla,Zimbabwe Ministry of Health,Mashonaland West Province,Hurungwe District
vi3jgKDczTD,Zimbabwe Ministry of Health,Masvingo Province,Zaka District
VJ0Qw6b1JSY,Zimbabwe Ministry of Health,Masvingo Province,Zaka District
Vjl8EMsht4t,Zimbabwe Ministry of Health,Midlands Province,Mberengwa District
vkNmGPfwSDf,Zimbabwe Ministry of Health,Manicaland Province,Chipinge District
VKTZGYgvGbX,Zimbabwe Ministry of Health,Mashonaland West Province,Makonde District
vkZIaoGo7gn,Zimbabwe Ministry of Health,Manicaland Province,Chipinge District
VLNtxlzeaPn,Zimbabwe Ministry of Health,Manicaland Province,Chipinge District
VLU8E3WT4jR,Zimbabwe Ministry of Health,Mashonaland West Province,Hurungwe District
vmBd8udkbC3,Zimbabwe Ministry of Health,Harare Metropolitan Province,Western District
vMCUDg37YDQ,Zimbabwe Ministry of Health,Mashonaland West Province,Makonde District
vmdkQ7STLQm,Zimbabwe Ministry of Health,Bulawayo Metropolitan Province,Northern Suburbs District
vMhfQ2lxNWJ,Zimbabwe Ministry of Health,Masvingo Province,Bikita District
vn0WMoBf2hU,Zimbabwe Ministry of Health,Masvingo Province,Masvingo District
Vn3AM05xH0r,Zimbabwe Ministry of Health,Mashonaland East Province,Hwedza District
Vnao7x56mXt,Zimbabwe Ministry of Health,Harare Metropolitan Province,Southern District
vnk8ws8BiGl,Zimbabwe Ministry of Health,Matabeleland North Province,Umguza District
vNLa4tivRuh,Zimbabwe Ministry of Health,Masvingo Province,Gutu District
VnlpQ4mjJfr,Zimbabwe Ministry of Health,Harare Metropolitan Province,Ruwa
vo5ZD5eTTjh,Zimbabwe Ministry of Health,Manicaland Province,Chimanimani District
voCqrifiYBN,Zimbabwe Ministry of Health,Masvingo Province,Masvingo District
VoknraZ68xy,Zimbabwe Ministry of Health,Harare Metropolitan Province,Southern District
vOKXJZ2XdaM,Zimbabwe Ministry of Health,Masvingo Province,Masvingo District
vONpIKSoHg1,Zimbabwe Ministry of Health,Midlands Province,Gweru District
voupqZXYz1a,Zimbabwe Ministry of Health,Masvingo Province,Gutu District
VplhWkXe21U,Zimbabwe Ministry of Health,Masvingo Province,Mwenezi District
vpzJk8cjnPq,Zimbabwe Ministry of Health,Matabeleland North Province,Umguza District
vqXF1QD51qV,Zimbabwe Ministry of Health,Midlands Province,Gweru District
VRhyfZsm2tg,Zimbabwe Ministry of Health,Mashonaland West Province,Kariba District
VsCO40x1g1H,Zimbabwe Ministry of Health,Harare Metropolitan Province,Harare Central Hospitals
vT5oaS4TOdg,Zimbabwe Ministry of Health,Mashonaland West Province,Chegutu District
vTaoplhoJM3,Zimbabwe Ministry of Health,Manicaland Province,Chimanimani District
vTet0yGknw8,Zimbabwe Ministry of Health,Mashonaland West Province,Sanyati District
VtqCMMVSjR5,Zimbabwe Ministry of Health,Harare Metropolitan Province,Eastern District
vu1VRNXKPmX,Zimbabwe Ministry of Health,Mashonaland Central Province,Mount Darwin District
vubZWOdIwQU,Zimbabwe Ministry of Health,Manicaland Province,Makoni District
vUjMV9NBf7l,Zimbabwe Ministry of Health,Mashonaland East Province,Uzumba Maramba Pfungwe District
vvbLDyFCjWc,Zimbabwe Ministry of Health,Manicaland Province,Mutare District
vvIjMN898IB,Zimbabwe Ministry of Health,Manicaland Province,Makoni District
vVmQGytV5iT,Zimbabwe Ministry of Health,Mashonaland Central Province,Mount Darwin District
VWMkdfPIFPU,Zimbabwe Ministry of Health,Bulawayo Metropolitan Province,Northern Suburbs District
VXdzwHagVkQ,Zimbabwe Ministry of Health,Mashonaland Central Province,Centenary District
VXlbEmt9svC,Zimbabwe Ministry of Health,Matabeleland South Province,Gwanda District
VXOJUFZg0OY,Zimbabwe Ministry of Health,Matabeleland South Province,Bulilima District
vxr7EKi2O6D,Zimbabwe Ministry of Health,Masvingo Province,Masvingo District
VyjlnYDk0Qv,Zimbabwe Ministry of Health,Harare Metropolitan Province,Eastern District
vyqimrfz51a,Zimbabwe Ministry of Health,Manicaland Province,Makoni District
vZADsV7Sw4f,Zimbabwe Ministry of Health,Midlands Province,Shurugwi District
VzoCjYnSVc2,Zimbabwe Ministry of Health,Masvingo Province,Masvingo District
vzOHH2UeLTM,Zimbabwe Ministry of Health,Bulawayo Metropolitan Province,Nkulumane District
VZoj6lPM4Ng,Zimbabwe Ministry of Health,Mashonaland West Province,Kariba District
w1KvMDHi7cA,Zimbabwe Ministry of Health,Manicaland Province,Chimanimani District
W3CM8rlvrFX,Zimbabwe Ministry of Health,Bulawayo Metropolitan Province,Northern Suburbs District
w3EePaVqKMz,Zimbabwe Ministry of Health,Mashonaland West Province,Zvimba District
w4rwyHJKWBr,Zimbabwe Ministry of Health,Matabeleland South Province,Umzingwane District
W4VHelCNdZE,Zimbabwe Ministry of Health,Harare Metropolitan Province,Harare Central Hospitals
w5DhvQIUBQL,Zimbabwe Ministry of Health,Manicaland Province,Chimanimani District
w5Foehru2SO,Zimbabwe Ministry of Health,Midlands Province,Kwekwe District
w5gb3klCYji,Zimbabwe Ministry of Health,Mashonaland West Province,Makonde District
W5VZWNHM64p,Zimbabwe Ministry of Health,Masvingo Province,Chivi District
W6qZcmnRg4N,Zimbabwe Ministry of Health,Matabeleland North Province,Lupane District
W71FXxLCgwr,Zimbabwe Ministry of Health,Bulawayo Metropolitan Province,Emakhandeni District
w91Pdaoyw6t,Zimbabwe Ministry of Health,Mashonaland East Province,Mudzi District
w989KOZ3wpE,Zimbabwe Ministry of Health,Harare Metropolitan Province,Ruwa
W9sqarekapD,Zimbabwe Ministry of Health,Manicaland Province,Makoni District
WAj0s2JUSP5,Zimbabwe Ministry of Health,Manicaland Province,Chimanimani District
waqTKtBqvzx,Zimbabwe Ministry of Health,Midlands Province,Chirumhanzu District
WaYcDd2d9pk,Zimbabwe Ministry of Health,Harare Metropolitan Province,Eastern District
wBUDmbYlwLg,Zimbabwe Ministry of Health,Bulawayo Metropolitan Province,Nkulumane District
wbX3Fgf7RX8,Zimbabwe Ministry of Health,Masvingo Province,Chiredzi District
Wc63W8e4VPt,Zimbabwe Ministry of Health,Matabeleland South Province,Gwanda District
wDDW13evGGY,Zimbabwe Ministry of Health,Manicaland Province,Makoni District
WDhJhhGwrLR,Zimbabwe Ministry of Health,Manicaland Province,Chipinge District
WDjdDW5YM9t,Zimbabwe Ministry of Health,Manicaland Province,Chipinge District
WdK3I5H1YIv,Zimbabwe Ministry of Health,Mashonaland East Province,Uzumba Maramba Pfungwe District
wDtbGPatTno,Zimbabwe Ministry of Health,Matabeleland North Province,Hwange District
WDTZBFDMNDF,Zimbabwe Ministry of Health,Harare Metropolitan Province,Harare Central Hospitals
WEEMtqVtHT7,Zimbabwe Ministry of Health,Mashonaland West Province,Sanyati District
WfGoGsKArlF,Zimbabwe Ministry of Health,Bulawayo Metropolitan Province,Northern Suburbs District
wg2bsCI6H4I,Zimbabwe Ministry of Health,Harare Metropolitan Province,Harare Central Hospitals
WG5o4DJ5LYA,Zimbabwe Ministry of Health,Harare Metropolitan Province,Harare Central Hospitals
WGFAMx7AjVy,Zimbabwe Ministry of Health,Masvingo Province,Masvingo District
wgtPy9tJVaB,Zimbabwe Ministry of Health,Midlands Province,Shurugwi District
wGXvOjmu96h,Zimbabwe Ministry of Health,Manicaland Province,Mutare District
wH0Gbj1nPrz,Zimbabwe Ministry of Health,Mashonaland Central Province,Shamva District
wH2xlL41Wbb,Zimbabwe Ministry of Health,Mashonaland East Province,Marondera District
whpjZATZFoE,Zimbabwe Ministry of Health,Matabeleland North Province,Hwange District
WI0PtjQIs4V,Zimbabwe Ministry of Health,Mashonaland West Province,Hurungwe District
WIfGwjymRjc,Zimbabwe Ministry of Health,Matabeleland North Province,Umguza District
Wihdkhi7Aah,Zimbabwe Ministry of Health,Mashonaland East Province,Mutoko District
wikYMWbP9Mj,Zimbabwe Ministry of Health,Matabeleland South Province,Umzingwane District
wipPxuAGiAx,Zimbabwe Ministry of Health,Masvingo Province,Mwenezi District
Wj4RlmwcJkb,Zimbabwe Ministry of Health,Matabeleland South Province,Beitbridge District
wjp2vgBsUf3,Zimbabwe Ministry of Health,Manicaland Province,Chipinge District
Wk4ysTwawnO,Zimbabwe Ministry of Health,Manicaland Province,Chimanimani District
WKaj0aWHhxU,Zimbabwe Ministry of Health,Matabeleland South Province,Gwanda District
WKajRM67kXh,Zimbabwe Ministry of Health,Masvingo Province,Chivi District
WKb2oTWOZFK,Zimbabwe Ministry of Health,Masvingo Province,Chiredzi District
WKLHmJ6RNo3,Zimbabwe Ministry of Health,Mashonaland Central Province,Shamva District
WksJgZlqHkn,Zimbabwe Ministry of Health,Manicaland Province,Nyanga District
wlJbhvl1hXM,Zimbabwe Ministry of Health,Manicaland Province,Chipinge District
WnPhXXKOpLq,Zimbabwe Ministry of Health,Mashonaland East Province,Murewa District
wNv0rUXoprE,Zimbabwe Ministry of Health,Matabeleland North Province,Tsholotsho District
wNWk4ZQ6j81,Zimbabwe Ministry of Health,Harare Metropolitan Province,Harare Central Hospitals
wo80amFm4OB,Zimbabwe Ministry of Health,Midlands Province,Kwekwe District
WodUaeT9wjB,Zimbabwe Ministry of Health,Mashonaland East Province,Mutoko District
WoxNVoYKDfP,Zimbabwe Ministry of Health,Midlands Province,Kwekwe District
wp2D6uvatyy,Zimbabwe Ministry of Health,Manicaland Province,Chipinge District
WP6I08tjKCG,Zimbabwe Ministry of Health,Midlands Province,Zvishavane District
wqTGtMBR7VW,Zimbabwe Ministry of Health,Midlands Province,Gweru District
WrD91KBvywr,Zimbabwe Ministry of Health,Matabeleland North Province,Hwange District
wRdT8kS44sr,Zimbabwe Ministry of Health,Mashonaland West Province,Kariba District
wRKMZ42iW4k,Zimbabwe Ministry of Health,Manicaland Province,Chipinge District
WrL273SAP43,Zimbabwe Ministry of Health,Mashonaland Central Province,Mount Darwin District
WrNbv2VF3IX,Zimbabwe Ministry of Health,Masvingo Province,Chiredzi District
Wrw1IDqVBNr,Zimbabwe Ministry of Health,Matabeleland South Province,Gwanda District
wRZfGalLNMu,Zimbabwe Ministry of Health,Manicaland Province,Mutare District
wsesGoK4rZD,Zimbabwe Ministry of Health,Manicaland Province,Mutare District
wshMnhUOAJX,Zimbabwe Ministry of Health,Matabeleland North Province,Tsholotsho District
wsvthNm37mG,Zimbabwe Ministry of Health,Masvingo Province,Zaka District
wT4eGsRLTWI,Zimbabwe Ministry of Health,Harare Metropolitan Province,Southern District
WTACDqodL5z,Zimbabwe Ministry of Health,Mashonaland Central Province,Shamva District
WTG6oEnR7sN,Zimbabwe Ministry of Health,Manicaland Province,Mutasa District
WTqubvlU5op,Zimbabwe Ministry of Health,Manicaland Province,Mutare District
wucRLEdDKSm,Zimbabwe Ministry of Health,Mashonaland East Province,Mutoko District
WUctvvuFuCM,Zimbabwe Ministry of Health,Harare Metropolitan Province,Harare Central Hospitals
WuDZ8D5PcVj,Zimbabwe Ministry of Health,Matabeleland North Province,Lupane District
wum43iWhBsc,Zimbabwe Ministry of Health,Midlands Province,Chirumhanzu District
WuPQlo8ThPp,Zimbabwe Ministry of Health,Matabeleland North Province,Hwange District
wV5yUxxZ6tB,Zimbabwe Ministry of Health,Manicaland Province,Mutasa District
WWbdpFMcvjZ,Zimbabwe Ministry of Health,Mashonaland West Province,Chegutu District
WWfWkLrHJVp,Zimbabwe Ministry of Health,Midlands Province,Gweru District
WwSWlsfhq7n,Zimbabwe Ministry of Health,Mashonaland Central Province,Bindura District
WWtvkUkZ5lZ,Zimbabwe Ministry of Health,Masvingo Province,Masvingo District
wxhlN1mMZmB,Zimbabwe Ministry of Health,Manicaland Province,Chipinge District
WXjYZkmAcxq,Zimbabwe Ministry of Health,Matabeleland South Province,Insiza District
WXRprLaCJfq,Zimbabwe Ministry of Health,Harare Metropolitan Province,Southern District
Wy34Zk2to8H,Zimbabwe Ministry of Health,Mashonaland West Province,Sanyati District
WY8QnZOhdzS,Zimbabwe Ministry of Health,Harare Metropolitan Province,Ruwa
wYA3w30yssa,Zimbabwe Ministry of Health,Mashonaland West Province,Makonde District
WYa9kpJoGlO,Zimbabwe Ministry of Health,Manicaland Province,Mutasa District
wycmA4jZHbq,Zimbabwe Ministry of Health,Matabeleland North Province,Tsholotsho District
Wz8YBhr40BI,Zimbabwe Ministry of Health,Matabeleland South Province,Umzingwane District
wzDAn1eA5kd,Zimbabwe Ministry of Health,Manicaland Province,Mutare District
wZDTKOjUSBk,Zimbabwe Ministry of Health,Harare Metropolitan Province,Northern District
X0nOmkqcDn9,Zimbabwe Ministry of Health,Matabeleland North Province,Umguza District
x0q87OR085S,Zimbabwe Ministry of Health,Mashonaland East Province,Mudzi District
x27Dvx5zX0K,Zimbabwe Ministry of Health,Midlands Province,Zvishavane District
X2WoHjDYwja,Zimbabwe Ministry of Health,Masvingo Province,Chivi District
x34uXkCe1ET,Zimbabwe Ministry of Health,Manicaland Province,Makoni District
x3RUgj2P3u6,Zimbabwe Ministry of Health,Matabeleland North Province,Nkayi District
X427t80fXox,Zimbabwe Ministry of Health,Mashonaland Central Province,Mount Darwin District
x44HsR9Qq1X,Zimbabwe Ministry of Health,Mashonaland East Province,Mutoko District
X4dssd21wEo,Zimbabwe Ministry of Health,Midlands Province,Gweru District
x66hV0UrQCG,Zimbabwe Ministry of Health,Mashonaland West Province,Zvimba District
X6AP7mzriHR,Zimbabwe Ministry of Health,Midlands Province,Chirumhanzu District
x6fzK3lC31k,Zimbabwe Ministry of Health,Manicaland Province,Mutasa District
X6gxxPEVIzy,Zimbabwe Ministry of Health,Masvingo Province,Zaka District
x7PRZXUho2z,Zimbabwe Ministry of Health,Mashonaland East Province,Uzumba Maramba Pfungwe District
X7x12PYjdok,Zimbabwe Ministry of Health,Midlands Province,Shurugwi District
X7zphE53Ypc,Zimbabwe Ministry of Health,Mashonaland Central Province,Bindura District
x8erRQoNuQe,Zimbabwe Ministry of Health,Mashonaland East Province,Mudzi District
X8QsJGkQVdg,Zimbabwe Ministry of Health,Mashonaland West Province,Zvimba District
X8zn12MUr5m,Zimbabwe Ministry of Health,Midlands Province,Gokwe North District
XatZA7PFuMP,Zimbabwe Ministry of Health,Mashonaland Central Province,Rushinga District
xBeRnwj9AnU,Zimbabwe Ministry of Health,Manicaland Province,Buhera District
xBExtAqGrZr,Zimbabwe Ministry of Health,Harare Metropolitan Province,Northern District
Xc6h6yFKrYy,Zimbabwe Ministry of Health,Harare Metropolitan Province,Western District
XD3SG9HU45u,Zimbabwe Ministry of Health,Manicaland Province,Mutare District
xDCT70uOXUQ,Zimbabwe Ministry of Health,Mashonaland East Province,Marondera District
xDT9sC5YEPn,Zimbabwe Ministry of Health,Mashonaland West Province,Chegutu District
xDWjPU2og4Z,Zimbabwe Ministry of Health,Mashonaland West Province,Hurungwe District
XEOVqP1R0dh,Zimbabwe Ministry of Health,Mashonaland West Province,Hurungwe District
xEwb6ZbpbU1,Zimbabwe Ministry of Health,Harare Metropolitan Province,Southern District
xeyqyhrEqJ9,Zimbabwe Ministry of Health,Mashonaland Central Province,Mount Darwin District
Xf2wHY2OeCm,Zimbabwe Ministry of Health,Matabeleland North Province,Binga District
xF7BK7qhV78,Zimbabwe Ministry of Health,Harare Metropolitan Province,Eastern District
xfgrIEhpVaZ,Zimbabwe Ministry of Health,Mashonaland Central Province,Centenary District
xfTfBuZjJkt,Zimbabwe Ministry of Health,Matabeleland South Province,Bulilima District
xfXOVtAcjHn,Zimbabwe Ministry of Health,Mashonaland West Province,Makonde District
xGHewS8QVb9,Zimbabwe Ministry of Health,Matabeleland North Province,Nkayi District
xgkg7SkAtoW,Zimbabwe Ministry of Health,Bulawayo Metropolitan Province,Emakhandeni District
XGNMosPGvzj,Zimbabwe Ministry of Health,Bulawayo Metropolitan Province,Northern Suburbs District
xgVQ6v7JiIb,Zimbabwe Ministry of Health,Matabeleland South Province,Insiza District
Xh1S0QX9HWx,Zimbabwe Ministry of Health,Mashonaland West Province,Zvimba District
xh3HUQiGe9s,Zimbabwe Ministry of Health,Matabeleland North Province,Nkayi District
XH5wtiNaktn,Zimbabwe Ministry of Health,Midlands Province,Mberengwa District
XHf0fWH5dcE,Zimbabwe Ministry of Health,Manicaland Province,Mutare District
xHIT3s80j50,Zimbabwe Ministry of Health,Midlands Province,Shurugwi District
xhIwGYQXNXZ,Zimbabwe Ministry of Health,Matabeleland North Province,Hwange District
XhRWmvXHxeR,Zimbabwe Ministry of Health,Manicaland Province,Mutare District
XHTiVLFtZqs,Zimbabwe Ministry of Health,Mashonaland East Province,Chikomba District
xhuhYJlGunH,Zimbabwe Ministry of Health,Matabeleland South Province,Gwanda District
xipBHFXxNto,Zimbabwe Ministry of Health,Midlands Province,Gokwe South District
XivulgBxpIY,Zimbabwe Ministry of Health,Mashonaland West Province,Makonde District
Xj0WA3RP39z,Zimbabwe Ministry of Health,Mashonaland East Province,Chikomba District
Xjhwh0mZbmB,Zimbabwe Ministry of Health,Harare Metropolitan Province,Northern District
XJpNFeubEmY,Zimbabwe Ministry of Health,Matabeleland South Province,Beitbridge District
xjTfhQNQzsh,Zimbabwe Ministry of Health,Midlands Province,Shurugwi District
xkcTYcOE1rB,Zimbabwe Ministry of Health,Mashonaland West Province,Makonde District
Xkfoiswgpb9,Zimbabwe Ministry of Health,Mashonaland East Province,Mudzi District
XkuKaxtXv8w,Zimbabwe Ministry of Health,Mashonaland West Province,Makonde District
xKyiPe1J3DR,Zimbabwe Ministry of Health,Midlands Province,Kwekwe District
xlfJsY2oi9P,Zimbabwe Ministry of Health,Manicaland Province,Nyanga District
XllhG5cKBYD,Zimbabwe Ministry of Health,Midlands Province,Gokwe North District
XLxruS1jL1F,Zimbabwe Ministry of Health,Midlands Province,Zvishavane District
Xoe8W30meNH,Zimbabwe Ministry of Health,Mashonaland Central Province,Mount Darwin District
xOSDcOiqh64,Zimbabwe Ministry of Health,Matabeleland North Province,Hwange District
XPk4JYUZeS1,Zimbabwe Ministry of Health,Mashonaland East Province,Chikomba District
xQ7vG4zmwwu,Zimbabwe Ministry of Health,Matabeleland South Province,Matobo District
xQrUWw2fUC7,Zimbabwe Ministry of Health,Bulawayo Metropolitan Province,Emakhandeni District
xqxQzc5uJQ5,Zimbabwe Ministry of Health,Manicaland Province,Makoni District
XrHUnXYBubZ,Zimbabwe Ministry of Health,Matabeleland North Province,Lupane District
xRUjvQMtM7Z,Zimbabwe Ministry of Health,Midlands Province,Gweru District
xRwqa2hyoh2,Zimbabwe Ministry of Health,Midlands Province,Kwekwe District
XsaldP3aocJ,Zimbabwe Ministry of Health,Midlands Province,Mberengwa District
xSEU0kfcYUB,Zimbabwe Ministry of Health,Mashonaland West Province,Mhondoro District
xsorey37Xb4,Zimbabwe Ministry of Health,Masvingo Province,Chiredzi District
XthOOeHSryu,Zimbabwe Ministry of Health,Harare Metropolitan Province,Harare Central Hospitals
Xu16C4pcKjI,Zimbabwe Ministry of Health,Manicaland Province,Chipinge District
xucUDRLYSGT,Zimbabwe Ministry of Health,Mashonaland Central Province,Mazowe District
xuedeiYXBDU,Zimbabwe Ministry of Health,Masvingo Province,Bikita District
XUeDZQc29Ce,Zimbabwe Ministry of Health,Mashonaland East Province,Murewa District
xuwXHQW0lEx,Zimbabwe Ministry of Health,Masvingo Province,Chiredzi District
Xv9Q2UReY0b,Zimbabwe Ministry of Health,Masvingo Province,Zaka District
xvuWT8iCSZz,Zimbabwe Ministry of Health,Manicaland Province,Mutasa District
XwGMQVIEA7e,Zimbabwe Ministry of Health,Mashonaland Central Province,Mazowe District
XWOMMnxlSoD,Zimbabwe Ministry of Health,Midlands Province,Shurugwi District
xWpVDFqwfs9,Zimbabwe Ministry of Health,Mashonaland East Province,Marondera District
XwwBXUiEqLF,Zimbabwe Ministry of Health,Mashonaland West Province,Kariba District
xwxFSc6Ghn0,Zimbabwe Ministry of Health,Masvingo Province,Chivi District
XX0ZMuuDZhk,Zimbabwe Ministry of Health,Matabeleland South Province,Insiza District
Xx2vto5TcJv,Zimbabwe Ministry of Health,Mashonaland West Province,Chegutu District
xx6DcGodWk5,Zimbabwe Ministry of Health,Manicaland Province,Nyanga District
xx8iFdcD7uW,Zimbabwe Ministry of Health,Manicaland Province,Mutare District
xxNYOrAmSXF,Zimbabwe Ministry of Health,Manicaland Province,Makoni District
XxPMxOI9jqs,Zimbabwe Ministry of Health,Masvingo Province,Gutu District
Xydb813pfZQ,Zimbabwe Ministry of Health,Mashonaland East Province,Mudzi District
xyi6WrBmW9s,Zimbabwe Ministry of Health,Mashonaland East Province,Mutoko District
XzenI3z2ECl,Zimbabwe Ministry of Health,Matabeleland South Province,Beitbridge District
XzL8xx0lbDy,Zimbabwe Ministry of Health,Mashonaland West Province,Kariba District
XZzgzuU96aH,Zimbabwe Ministry of Health,Manicaland Province,Mutare District
y0apJPdoLjN,Zimbabwe Ministry of Health,Manicaland Province,Mutare District
Y3Bg4ZzxfGm,Zimbabwe Ministry of Health,Midlands Province,Chirumhanzu District
y44otghVAx2,Zimbabwe Ministry of Health,Mashonaland Central Province,Guruve District
y49OZYQXlRj,Zimbabwe Ministry of Health,Harare Metropolitan Province,Northern District
Y6b1EguUJv2,Zimbabwe Ministry of Health,Harare Metropolitan Province,Southern District
Y6f51RnIFBf,Zimbabwe Ministry of Health,Manicaland Province,Nyanga District
Y7BYSQJ5MLz,Zimbabwe Ministry of Health,Mashonaland West Province,Hurungwe District
Y8DnWoPP6bZ,Zimbabwe Ministry of Health,Manicaland Province,Mutare District
Y994YLVGuhY,Zimbabwe Ministry of Health,Harare Metropolitan Province,Eastern District
Y9Ac4uulQ0Q,Zimbabwe Ministry of Health,Harare Metropolitan Province,Southern District
yBbmuis3KKf,Zimbabwe Ministry of Health,Masvingo Province,Chiredzi District
YbDW3tcFc5A,Zimbabwe Ministry of Health,Masvingo Province,Chiredzi District
YBrN4MulgEM,Zimbabwe Ministry of Health,Masvingo Province,Zaka District
yCf2IRuuCK4,Zimbabwe Ministry of Health,Mashonaland Central Province,Centenary District
YcXtnxEmwyu,Zimbabwe Ministry of Health,Mashonaland East Province,Goromonzi District
YDV9XYWfyKl,Zimbabwe Ministry of Health,Masvingo Province,Masvingo District
yDyRCeplLTy,Zimbabwe Ministry of Health,Mashonaland East Province,Uzumba Maramba Pfungwe District
yEQzNamH3uC,Zimbabwe Ministry of Health,Manicaland Province,Makoni District
yF36BJkyZkV,Zimbabwe Ministry of Health,Mashonaland West Province,Chegutu District
YfWk9pQ6Ao6,Zimbabwe Ministry of Health,Harare Metropolitan Province,Northern District
YfZFBb4Ke9p,Zimbabwe Ministry of Health,Mashonaland West Province,Zvimba District
yGoo44PvDXg,Zimbabwe Ministry of Health,Manicaland Province,Mutasa District
yHaKCyV8Bd5,Zimbabwe Ministry of Health,Mashonaland East Province,Murewa District
yHHxYR0gIdJ,Zimbabwe Ministry of Health,Midlands Province,Gweru District
yhlaqZWt7N1,Zimbabwe Ministry of Health,Manicaland Province,Chimanimani District
YHNrgUBY7iS,Zimbabwe Ministry of Health,Manicaland Province,Mutasa District
yhRa9neKw09,Zimbabwe Ministry of Health,Midlands Province,Zvishavane District
YhVBzHr20wt,Zimbabwe Ministry of Health,Midlands Province,Zvishavane District
yibYZ6Po0zH,Zimbabwe Ministry of Health,Mashonaland Central Province,Bindura District
YJvMElHK1YT,Zimbabwe Ministry of Health,Harare Metropolitan Province,Eastern District
YK1RDKai7tc,Zimbabwe Ministry of Health,Masvingo Province,Bikita District
ykGqyoIiu08,Zimbabwe Ministry of Health,Midlands Province,Mberengwa District
YkO5HeH7cyE,Zimbabwe Ministry of Health,Midlands Province,Zvishavane District
YkuOpyglg7w,Zimbabwe Ministry of Health,Mashonaland West Province,Makonde District
ylFBVjnvqYP,Zimbabwe Ministry of Health,Harare Metropolitan Province,Harare Central Hospitals
yLTF6bssNwa,Zimbabwe Ministry of Health,Mashonaland East Province,Uzumba Maramba Pfungwe District
yMtK3S8nhQo,Zimbabwe Ministry of Health,Mashonaland East Province,Mudzi District
YmvLtM3DznO,Zimbabwe Ministry of Health,Mashonaland West Province,Makonde District
YNSYsjgP6fA,Zimbabwe Ministry of Health,Manicaland Province,Chimanimani District
yOPB5Y4iGLD,Zimbabwe Ministry of Health,Matabeleland North Province,Bubi District
yoSv5OSOTSt,Zimbabwe Ministry of Health,Masvingo Province,Bikita District
Yoy3Jj07Yif,Zimbabwe Ministry of Health,Masvingo Province,Masvingo District
YP2FZTjfV0z,Zimbabwe Ministry of Health,Manicaland Province,Mutare District
YP2Jsl1KvlT,Zimbabwe Ministry of Health,Manicaland Province,Nyanga District
yPi0dEKlVcc,Zimbabwe Ministry of Health,Harare Metropolitan Province,Northern District
yPuklv04aPn,Zimbabwe Ministry of Health,Mashonaland East Province,Chikomba District
YpyGnrByRlN,Zimbabwe Ministry of Health,Mashonaland East Province,Hwedza District
yq0AR7eRb3Y,Zimbabwe Ministry of Health,Masvingo Province,Chiredzi District
zF94vTZUOen,Zimbabwe Ministry of Health,Masvingo Province,Zaka District
YRGvoQeebfP,Zimbabwe Ministry of Health,Bulawayo Metropolitan Province,Northern Suburbs District
YrLclGGTdJa,Zimbabwe Ministry of Health,Mashonaland West Province,Chegutu District
ySbdXgNwWta,Zimbabwe Ministry of Health,Mashonaland West Province,Hurungwe District
YsNestJGSg9,Zimbabwe Ministry of Health,Manicaland Province,Mutare District
ysPngdiDqUX,Zimbabwe Ministry of Health,Mashonaland West Province,Mhondoro District
Yt2RimD88h7,Zimbabwe Ministry of Health,Manicaland Province,Buhera District
YT86mnonZzz,Zimbabwe Ministry of Health,Manicaland Province,Mutasa District
yTqD0zleMds,Zimbabwe Ministry of Health,Matabeleland North Province,Umguza District
YuB4DjpGKbr,Zimbabwe Ministry of Health,Masvingo Province,Bikita District
yubwlZ66a2P,Zimbabwe Ministry of Health,Mashonaland Central Province,Mount Darwin District
yuE9DIrPeww,Zimbabwe Ministry of Health,Harare Metropolitan Province,Southern District
yuqvs8nDoW7,Zimbabwe Ministry of Health,Bulawayo Metropolitan Province,Emakhandeni District
yUZhrtZsDix,Zimbabwe Ministry of Health,Masvingo Province,Chivi District
yVBotWcHbOu,Zimbabwe Ministry of Health,Mashonaland West Province,Makonde District
YVhOfzBetf1,Zimbabwe Ministry of Health,Bulawayo Metropolitan Province,Nkulumane District
yVmpZgFmHx4,Zimbabwe Ministry of Health,Matabeleland South Province,Umzingwane District
yW7Fi0sI8ww,Zimbabwe Ministry of Health,Matabeleland South Province,Insiza District
YwAauHvUdl9,Zimbabwe Ministry of Health,Midlands Province,Gokwe North District
yWUEiTZdX3r,Zimbabwe Ministry of Health,Matabeleland South Province,Beitbridge District
yWX9wymGipZ,Zimbabwe Ministry of Health,Mashonaland Central Province,Centenary District
Yx5OTPLeUAc,Zimbabwe Ministry of Health,Mashonaland West Province,Makonde District
yXDxPkj2VjH,Zimbabwe Ministry of Health,Mashonaland East Province,Mutoko District
yxtQKFT8xxn,Zimbabwe Ministry of Health,Matabeleland South Province,Matobo District
YY0h3RaMrJN,Zimbabwe Ministry of Health,Mashonaland East Province,Mudzi District
yygJe0H0tcS,Zimbabwe Ministry of Health,Matabeleland North Province,Tsholotsho District
yYhEp4VZzBs,Zimbabwe Ministry of Health,Mashonaland Central Province,Bindura District
YyiMvyE3FZI,Zimbabwe Ministry of Health,Matabeleland South Province,Matobo District
yYjaFL1M648,Zimbabwe Ministry of Health,Harare Metropolitan Province,Southern District
Yzle3VzzyNN,Zimbabwe Ministry of Health,Midlands Province,Gweru District
yzteaQjArJn,Zimbabwe Ministry of Health,Matabeleland North Province,Nkayi District
YZuS9BT4pKu,Zimbabwe Ministry of Health,Mashonaland East Province,Marondera District
z0dLCJK70y4,Zimbabwe Ministry of Health,Masvingo Province,Chiredzi District
Z3HcoSNeppw,Zimbabwe Ministry of Health,Matabeleland North Province,Hwange District
Z3uUAktokIU,Zimbabwe Ministry of Health,Mashonaland Central Province,Rushinga District
Z3Wl62t4RJx,Zimbabwe Ministry of Health,Bulawayo Metropolitan Province,Northern Suburbs District
Z3zy2PuT7Bd,Zimbabwe Ministry of Health,Manicaland Province,Buhera District
z4QkjZPb6Fi,Zimbabwe Ministry of Health,Mashonaland West Province,Makonde District
z4SzUXzBpKF,Zimbabwe Ministry of Health,Mashonaland East Province,Mudzi District
Z7U0RkB0VQt,Zimbabwe Ministry of Health,Masvingo Province,Mwenezi District
Z8GLhBou1nb,Zimbabwe Ministry of Health,Mashonaland East Province,Goromonzi District
z8YBhfH0zfl,Zimbabwe Ministry of Health,Midlands Province,Gokwe South District
zAtYR7ZYUZ5,Zimbabwe Ministry of Health,Manicaland Province,Nyanga District
zaWy4HXSqOk,Zimbabwe Ministry of Health,Manicaland Province,Chipinge District
zbeXocs4ras,Zimbabwe Ministry of Health,Mashonaland Central Province,Mazowe District
zbS445H6kah,Zimbabwe Ministry of Health,Matabeleland North Province,Hwange District
zbvky2oW8Wm,Zimbabwe Ministry of Health,Masvingo Province,Chiredzi District
Zch9oQrvNSq,Zimbabwe Ministry of Health,Harare Metropolitan Province,Northern District
ZD7Hr4mhDIr,Zimbabwe Ministry of Health,Matabeleland South Province,Bulilima District
zDHXPrHvZRf,Zimbabwe Ministry of Health,Midlands Province,Kwekwe District
zDJxAy5tWc9,Zimbabwe Ministry of Health,Bulawayo Metropolitan Province,Northern Suburbs District
Zdk9tV9SPmR,Zimbabwe Ministry of Health,Mashonaland East Province,Goromonzi District
Zeb8tG5JWja,Zimbabwe Ministry of Health,Manicaland Province,Mutasa District
zEE7IkdjRRk,Zimbabwe Ministry of Health,Manicaland Province,Mutasa District
ZEKFKqDov1x,Zimbabwe Ministry of Health,Manicaland Province,Mutasa District
ZeLKg1z0ril,Zimbabwe Ministry of Health,Harare Metropolitan Province,Eastern District
zEMWe7RMpzn,Zimbabwe Ministry of Health,Harare Metropolitan Province,Southern District
ZF4DBQE21YK,Zimbabwe Ministry of Health,Matabeleland North Province,Hwange District
zF8O9v4NbSA,Zimbabwe Ministry of Health,Mashonaland East Province,Chikomba District
ZfogiNcEJ3m,Zimbabwe Ministry of Health,Harare Metropolitan Province,Eastern District
zG2agHRNYw8,Zimbabwe Ministry of Health,Matabeleland North Province,Hwange District
ZhCfNcrOPZb,Zimbabwe Ministry of Health,Mashonaland East Province,Murewa District
ZhMnTpPHQkP,Zimbabwe Ministry of Health,Mashonaland East Province,Mutoko District
zHpvI0rRefO,Zimbabwe Ministry of Health,Matabeleland North Province,Umguza District
ZHsgtqIi1ZU,Zimbabwe Ministry of Health,Masvingo Province,Chiredzi District
ziViGhah1Ns,Zimbabwe Ministry of Health,Midlands Province,Shurugwi District
zjRZGEq6H2c,Zimbabwe Ministry of Health,Mashonaland East Province,Marondera District
ZkAUz0ZfGXn,Zimbabwe Ministry of Health,Mashonaland West Province,Hurungwe District
ZkdbIrxxm9r,Zimbabwe Ministry of Health,Midlands Province,Gweru District
ZKR9y6QBLKq,Zimbabwe Ministry of Health,Mashonaland Central Province,Mazowe District
zmh954cgQHV,Zimbabwe Ministry of Health,Matabeleland South Province,Insiza District
zmivGPwI9w9,Zimbabwe Ministry of Health,Bulawayo Metropolitan Province,Northern Suburbs District
zMnGvy72aws,Zimbabwe Ministry of Health,Matabeleland North Province,Nkayi District
ZmsUGq7jdPX,Zimbabwe Ministry of Health,Mashonaland West Province,Chegutu District
zMWqMUxMT7E,Zimbabwe Ministry of Health,Mashonaland East Province,Chikomba District
ZmycPHadal5,Zimbabwe Ministry of Health,Masvingo Province,Chivi District
ZNRqWYbfd15,Zimbabwe Ministry of Health,Manicaland Province,Makoni District
ZOI2LyVcE8Z,Zimbabwe Ministry of Health,Midlands Province,Shurugwi District
ZokXr8S7M1j,Zimbabwe Ministry of Health,Midlands Province,Chirumhanzu District
zoRhmzvxj3m,Zimbabwe Ministry of Health,Manicaland Province,Makoni District
zOu1YfpEc99,Zimbabwe Ministry of Health,Matabeleland North Province,Tsholotsho District
zp9pKkYf6Wp,Zimbabwe Ministry of Health,Mashonaland East Province,Chikomba District
ZPOAwzV6LOI,Zimbabwe Ministry of Health,Mashonaland East Province,Mudzi District
ZQ5iU1uamLY,Zimbabwe Ministry of Health,Masvingo Province,Zaka District
ZqrP5uymvrp,Zimbabwe Ministry of Health,Mashonaland East Province,Murewa District
ZRcIuk4ds0W,Zimbabwe Ministry of Health,Harare Metropolitan Province,Eastern District
zrEeu5PasDm,Zimbabwe Ministry of Health,Mashonaland East Province,Marondera District
ZSPT125KBlK,Zimbabwe Ministry of Health,Matabeleland North Province,Umguza District
ztdSiPmI0jW,Zimbabwe Ministry of Health,Manicaland Province,Mutare District
ZTL5TeMdviJ,Zimbabwe Ministry of Health,Bulawayo Metropolitan Province,Northern Suburbs District
zUcx6zsL46y,Zimbabwe Ministry of Health,Matabeleland South Province,Gwanda District
zUfLSDWR7Hw,Zimbabwe Ministry of Health,Matabeleland North Province,Bubi District
zUND8xEmaN2,Zimbabwe Ministry of Health,Mashonaland West Province,Zvimba District
zuwe1zLXtYM,Zimbabwe Ministry of Health,Midlands Province,Chirumhanzu District
zUwmTT7voUJ,Zimbabwe Ministry of Health,Masvingo Province,Masvingo District
Zv0OMYQpKGo,Zimbabwe Ministry of Health,Mashonaland West Province,Zvimba District
zW8TMirt94J,Zimbabwe Ministry of Health,Mashonaland Central Province,Bindura District
zWJE0ySFXHq,Zimbabwe Ministry of Health,Matabeleland North Province,Hwange District
ZwYyO4TGfWH,Zimbabwe Ministry of Health,Mashonaland East Province,Mudzi District
zxb1zUFM5sS,Zimbabwe Ministry of Health,Masvingo Province,Chiredzi District
zxc4441YIhY,Zimbabwe Ministry of Health,Bulawayo Metropolitan Province,Northern Suburbs District
zyhGiUplloV,Zimbabwe Ministry of Health,Mashonaland West Province,Hurungwe District
ZzxlAv1BO5j,Zimbabwe Ministry of Health,Mashonaland West Province,Zvimba District